S3,S1,S8,S10,S9,S12,S4
ACAP1,3.68110616427253e-46,2.50193012530199e-45,6.45874276617498e-62,3.52514658747709e-21,2.75087070715672e-62,2.29466332925262e-39,1.49907762085577e-58
LPA,2.38630037253435e-41,2.43028404260089e-44,11592.6066672074,7.71317518976477e-42,337.056265835926,2.10712326443225e-54,8.6616928434096e-56
SELL,8.80716164859732e-33,2.98589987308027e-27,6.11037311575911e-48,1.18377907968167e-32,3.12323337531528e-38,0.828563992462015,2.40031607857986e-06
FAIM3,8.05399955135644e-61,1.42400299588597e-41,4.11429134981881e-35,8.99484793955266e-56,3.81523847806894e-54,2.3076591832658e-42,9.00184357722254e-66
ATP7B,2.1027421663791e-20,3.50181544556074e-20,5238.93002261748,391.434677906816,1.73885817922587e-20,9.45366774209047e-18,4.45383831900627e-14
POU2AF1,8.12172737744112e-72,3.11560018582321e-46,1.62767601230472e-67,5.12609030658456e-54,4.23122550615951e-74,6.71459908738957e-58,9.06532917439589e-83
CCR7,3.33149294346672e-78,9.66714392456328e-60,1.66144534547633e-69,1.45669514703835e-75,1.06939542767246e-74,2.23683237691811e-55,4.14041321167714e-84
C4BPB,3.7009012028125e-06,584.317583358061,1893.88522330878,2.44465525094892e-10,11574.118926684,0.0138067808978321,0.000207829213687018
KCNJ13,2588.33918779995,7.31984698740594e-84,9.00525371626085e-44,2.21828352901941e-60,8.0056738967639e-140,3.14572971798452e-71,1.11820363246744e-18
ITGB6,2.76459010129552e-38,2.20432971769306e-10,280.027773915688,1150.65752436922,2.74826424714479e-32,1.42703065658274e-14,9.59374104811789e-31
CD53,5.61707275955037e-26,3.13620763606015e-13,1.85046276123745e-16,1.03405934550282e-17,1.21172214871152e-22,711.828645849345,1.10614995936002e-06
GPRC5A,1.17743062708566e-42,2.31424267732065e-16,1.4008980270681e-34,2902.39698396887,1.85158475574974e-35,160.65916894428,7.81096701879946e-25
MYOM3,0.666771734731567,7.73244084571789e-47,675.058706217634,2.18341544917438e-41,4.07689540258089e-115,5.16009223362835e-75,7163.92697545398
CXCL13,1.92154941184238e-65,1.40089360676399e-44,8.72646819683267e-70,2.39112612436082e-75,2.16642042153335e-73,3.3072190188968e-16,1.05244246700609e-57
SULT2A1,3.10687491006924e-12,2.34245968497774e-39,5.17887650364493e-09,108.006381447224,5089.72700360713,9.02104297617142e-20,1.17092990400858e-19
PRG4,3.89395453168448e-20,0.00121791548900305,0.00149325805060405,3.25794870282573e-18,11076.1747357404,29.9991259036597,2.50901510885559e-20
PAEP,1.97746902689222e-33,1.67423383597272e-55,1.63736356697773e-61,9.66986540215346e-18,4.64834665122566e-25,6.04123734509791e-49,4844.31011433302
CCDC88B,342.25272874304,8.53966363464635e-05,4.58413619661781e-21,320.270600259186,3.10949126678603e-11,441.037985449071,383.442560574796
CFHR1,0.000130523344184173,2.37560678264074e-20,3.94060241092672e-21,9.38925900686616e-05,6907.48327604533,1.54709386534569e-16,1.09790140995381e-19
NDUFA4L2,116.06400015803,1581.98879919723,233.369118738606,1028.80304020859,8029.06266259763,0.15514144773214,8.12514865900873e-25
CXCL14,713.551605084211,2.91799474416666e-55,1.49340986171417e-50,336.698677531032,2.37298839943945e-42,4.17970239607534e-39,1.63670186704282e-23
SCAMP5,488.54210047992,705.200845657497,10391.3588786667,2.77868373262165,265.284309728513,358.07249802987,339.052726469114
ACSM2A,4.54297737340063e-20,4.32038113119855e-23,2394.17522647727,4.66489894029882e-27,9083.4330752248,8.37140766394184e-32,3.1751825859619e-27
SLC44A4,5.44563262426221e-28,1.48706417193533e-32,2.12855745671898e-37,2971.75714694439,1.38379924100232e-55,1.34786727687252e-57,1417.84594499793
GDA,0.00524909836063641,189.941612123916,4730.30089666824,5.05930071234541e-05,6791.57593455476,161.136607270383,6035.05155321032
PCSK6,420.119080979646,414.460570136556,124.844426180425,249.334705556926,10469.8098508033,1016.44321476682,35.4068952568222
CD3E,7.31317270379905e-32,1.23427785380741e-29,1.09861341471536e-46,1.68232167365857e-41,1.38474985569157e-39,3.31884047585431e-12,2.91198298258223e-34
TMPRSS3,4.56246246446321e-12,3810.89517375279,0.000174401999123988,36.2200564323708,1.0103322190225e-32,5.53845572540837e-28,6.19074629247772e-32
KCNJ15,2004.38085741521,5.5966701614559e-31,178.52713624541,1.07350795938815e-42,3.77857034990321e-68,7.29917527623394e-37,2002.14185676945
ANTXR2,7.48711999532586e-25,1.26710308227288e-10,703.62639399853,4.44178993817345e-21,201.007606136737,2473.60727681194,8.80657380852902e-23
SMPDL3A,56.1553897300084,142.115110074373,10105.6841898901,152.707634471081,1775.4102590118,297.805980478526,221.399376930257
PLAU,2.07353325381093e-31,3.3478836959407e-20,2.03814925310991e-17,8.31373297084096e-12,4.40446487512713e-20,1530.00408129466,1.87287270054878e-18
SYT12,4.12695292927662e-27,4023.72567332963,6.13675329744348e-15,5.49485898416683e-18,1146.56393210132,1479.67462347319,6.86820156028705e-12
GPSM3,3.62738656741382e-10,6.21461913113656,2.63248143579349e-18,0.00342702156406221,7.77156230298645e-11,234.967368653538,6.77042914671658e-09
SEPT1,5.76008848369893e-35,1.54937137778326e-41,8.61239057583918e-51,5.18446144791405e-47,2.70474676196438e-54,4.68656526287171e-37,1.28215402539887e-48
UPK1B,2217.99438373401,1.6728544772753e-19,1.97372894344685e-67,121.470890743745,5.03603533029433e-117,1.99436570265859e-46,1412.44249631912
SLC38A4,1.98042374889909e-25,1.65315581282216e-15,1.08744547625938e-17,2.56951547647187e-25,10004.1602522167,145.749546739874,1.07181021528549e-18
EPHB3,1.40616437298077e-26,3478.6258568279,2.57340574737388e-10,1103.81349854489,6.76810327977675e-34,8.64077519202448e-31,1.55423936484309e-48
SLC2A2,69.9789857703185,5.2011817510024e-13,1.17519498072103e-18,120.598739867902,5250.89857759055,610.854961416478,0.110801433961855
ABAT,3.36112376627616e-11,751.670033975687,7466.52637144359,2.79193315827629e-09,6847.1184561297,430.779219625628,5.60551165367329
TBC1D10C,0.0434012560658371,9.01219324776694e-35,1.92284969094019e-54,3.47541860327534e-13,1.26683208512018e-22,239.214402705126,0.00419631738106734
CD19,8.75784526982799e-101,2.66875262930504e-77,2.13227740810578e-88,2.66733964268431e-97,3.64426853239604e-88,2.96400323022643e-73,7.34409666407938e-105
PSCA,2.34448417191126e-61,2.0262535867154e-60,9.85023028173453e-29,1.10295995677622e-31,1.64048362032615e-36,6.77189084649084e-59,1.36308002167416e-39
SCGN,1868.28226988577,12.2810674921864,4329.29926334952,230.241028492177,418.649664435689,607.700777121167,1.25608927873852e-25
RASGRP2,2.42086560830642e-58,4.34684459506065e-47,5.19675464964995e-40,2.96857993838103e-61,2.87936954704058e-09,1.56180645863636e-49,1.15703941935287e-69
RTN1,150.156464248102,1452.76843276567,6555.83928448281,8.03065123984725e-28,3.12120645364387e-21,11.5637927781292,1279.91721654943
CXCL9,4.94392446924111e-29,2.02107547570064e-17,4.38880718517132e-22,4.41029773482889e-34,1.06129751717031e-08,9.15849573870379e-05,3.7733451435827e-32
FLNC,1.22103033246846e-23,0.0217283509458429,824.331987020983,2324.82516422578,4.77686056203712e-06,1338.24988157227,5.31446362579787e-35
KRT16,1.06558993972272e-57,4.43497680676288e-81,3.74485838602504e-42,4.62377883646297e-16,2.90715916124911e-25,7.21691706702553e-79,8.34099366543906e-30
RNF43,494.903892766551,577.617475639883,169.661733545891,9885.90332845202,95.6438466590168,154.508426865676,27.4786919784145
LGALS2,5920.05427293992,3.21206170997062e-78,2.39542287020919e-79,3.52738577178075e-80,1.77826401939416e-118,1.5592826344726e-70,7.67444694807468e-40
OGDHL,1840.2849006936,5.63750604190005e-05,556.0573608415,1.22299490184666e-16,6317.13093876164,220.1786041429,1098.08095671519
SLC22A3,26.304247932332,5.98793545552008e-32,6839.90912789822,1091.20583727106,6089.36950512349,226.03600888949,475.451979582236
MT1E,7066.84845393368,1.12899451741395e-17,0.117779322284463,1.78593900104857e-09,2233.56593714801,962.89931811019,2.3930037924166e-11
ANKRD1,0.000393069126340816,1.67836960077187e-14,0.00284296808432215,1.10401558335657e-13,5.75586205291739e-09,3294.93875852226,2378.7811739194
JAK3,99.4927533748972,156.407271867753,6.82007458284616e-22,1.81500295764386e-07,3.88295471417962e-12,360.561059370779,3.78827635175948e-09
ITGAL,1.42423785135938e-24,4.59953713717675e-13,181.452249228183,3.19500087689329e-31,372.500655735369,6.20652149879312e-05,5.59805385378765e-15
ASGR1,879.203520853129,292.67943331529,2294.74510206407,276.675623544888,6559.64151432358,4.11134113571612e-08,716.951744989917
HPD,1.60180756895888e-05,1.18762558405709,2.37426013551069e-13,277.078570045897,1318.30176668649,7.39687256135602,3.98302036337521e-11
LIPC,1574.58026044539,3.4376943014934e-18,193.29241176591,3.35154880383323e-45,0.85280819846595,1292.21881942411,2.96810995884117e-18
DGKA,8.10200349227285e-24,466.119650990995,6.3973689239883e-15,1.73829284599744e-05,1.15609675681776e-44,262.97922327934,1.94343397570222e-16
KREMEN1,9.53961495141242e-22,742.193148419246,2007.24802736607,9213.93229331825,111.435257379851,114.47876831697,1.0896627314384e-16
FLRT3,1191.96155817436,1610.18531728752,0.000497240101951758,1409.5189839306,4.06626591104265e-30,939.61228308232,1276.79076159614
CPM,1016.67532312673,145.509613909562,1214.72658166788,146.182274058875,565.301652048678,2627.02336158802,7688.90902799536
EVPL,1540.12262108056,2163.88610753953,826.415524019306,1830.65135816926,2.684379276851e-32,1.02256387005163e-16,5.92651027036545e-09
UGT1A10,5.87543034934837e-05,2.43601301286426e-07,4.45883710162498e-09,144.035242629064,6.84174555778286e-19,3.85271666998038e-43,172.308549750588
UBL3,227.269214189577,455.554719355392,9414.37623548721,816.651849917876,2680.39052610914,1859.33343014101,1541.06965533979
ALDH3B1,0.0120512763790054,10.0513731667846,3.47825047685567e-06,3242.39808353034,253.90928271582,5734.31261215074,29.0481042706021
EPHB6,2536.55538827527,1070.02227640363,338.159673695154,0.00942168751591748,192.472921855224,2212.11371410453,1.26028382493088e-27
F12,422.599831078692,1.17297685245439e-16,9.29064727009343e-05,162.617938667508,6251.15079237346,4.81253778445335,268.144046641301
ACSL5,1.2433078856468e-21,2.14751657169871e-23,1118.86559211429,8005.21040331025,1429.71284452457,0.00036218752937534,1.3555468548335e-13
AMACR,3069.15311131977,3.78948907485212e-06,483.561708057732,359.953659564512,630.021637057678,143.659643026595,4000.89608603764
PLEKHO1,1370.56532478906,41.2591818202537,7.33186199535668e-07,235.31014172545,2.13171822889861e-06,453.037880509258,236.67748878742
PYCR1,526.095319209788,197.451168987303,2.26049294178536e-09,9099.23530328266,1598.69199439054,891.405942698381,1077.29185793698
TTC39C,1495.79677957778,589.491168034134,671.87988304244,599.191194577421,9735.38509982768,907.891574693624,420.278925113732
SEPT6,1.37583874960675e-14,1365.86678445285,1504.68457854146,1.75995991264116e-23,2610.78315174471,259.008859256273,33.7368908087958
C9,8.97070009727842e-22,9.95408617788452e-11,3.02767228118251e-20,0.000197130677552281,4.14804651324116e-16,361.615576722315,8.06116081963419e-07
DZIP1,0.000180904462317284,3041.93523989033,4.31535046308549e-37,323.439099337093,2.00442122221563e-05,9.53092608526051,3286.45791561515
TSPAN1,1623.56882880945,1.40414713825922e-21,1.47077727072315e-25,277.417695044562,7.05203922563811e-06,4.4754998100507e-35,0.00567335951916785
PTK2B,7.09390712937505e-08,220.159890035006,514.580503661433,212.078173648403,145.013341010274,1.52202933768549,566.309478682319
GPT2,528.850038437147,363.072943265943,154.831281518793,1418.04301515409,8681.80440565492,671.466094995904,61.0128477480869
ARRB2,1546.05551030115,749.118744805126,9025.64124197352,447.349489145899,760.752596351591,591.121951794859,689.902111158255
ANO1,2.68190131921761e-12,1783.58263372611,672.250308866418,17.8799515316613,3196.27968093435,253.665815872085,1.3647393847977e-12
EPPK1,1.25560260420993e-18,3068.43114763513,271.862112870309,1196.8217508304,9.68515293261612e-18,223.589954169774,1.25503359761226e-22
COL12A1,7.72303981072314e-10,1229.84749297779,1217.84950949472,0.000130655352803264,164.516233690283,958.992103190191,0.000717234674553194
CYP2C9,914.69629779766,0.000322671516220912,2.19695366630866e-09,1.42703429693234e-08,3223.49627658104,2.930736168686e-09,5.15719940232329e-06
PROM2,0.00217989206104784,2952.02619728946,3409.21863394369,1165.04095228669,3.81477586734216e-36,124.268409582094,3.86856263511572e-10
PLOD2,7.51643631586945e-22,1590.34535449284,516.668319329433,822.680882251043,1887.0060674343,3308.15459268254,1.43150932046613e-27
ISLR,683.376141375048,799.100180338847,7.17111570801522e-09,13.3393822019397,3.31581712412052e-13,1852.84554868628,1.08256646775061e-16
CTPS,1730.57465347221,697.338587939677,8807.47298487678,566.427202294877,1432.69228956209,1286.14874346292,24.0914013978915
OAT,3.25394668080025e-15,420.146585929233,631.088442714373,1354.70270435834,555.887291594199,409.008354826206,0.223300130756658
TSPAN12,2616.32750537931,1068.76047666409,289.694167320144,1381.59716446597,65.1200548763999,1.22078762289624e-21,1602.79061847677
AKR7A3,657.117267435624,5.05837919404086e-35,3217.24878655705,1.32256172431086e-09,6480.49199028431,4.77395539793957e-30,1279.4064987364
MRPL14,2549.84906213601,455.011321722738,257.677566710406,1065.05664385426,688.63819643442,199.350002978481,207.572773678125
SNX10,423.553939046182,2.1500578026133,2.75631071526041e-15,313.196377827175,313.737381251416,2843.6922733666,480.936948324611
TTC39A,2364.86271310005,3.6163458722768e-07,132.250109950797,303.504172257399,554.998605621752,1.94367941161286,1400.20007244689
TSFM,1044.83017212801,397.324169362668,967.504128867811,9201.19569416318,543.999838701614,787.547600425009,275.063679466419
ETV4,1527.11950436933,3430.39108313068,6.53215696923367e-22,4443.58921576458,3.02177530220726e-13,725.847508354326,1.15712621177947e-16
PRAP1,1896.48877065842,1.2851885016429e-13,1.66825794119904e-12,145.665508445016,6438.0411221049,3.24673565689403e-09,565.754281390972
CCL5,580.848955313845,2.15266502593766e-24,8.56497408580921e-37,6.68299272874275e-32,3.44815765941963e-13,0.148897210304991,2.85034923251064e-09
GSTT1,1940.56361739532,1161.85836728099,2.19785617466721e-24,757.886018084271,1541.3916160079,0.00423084606964456,3055.39813102383
NUP210,7.71989314183e-06,1439.11033770173,368.521076484492,952.704856508473,162.907809262575,43.2526221477476,307.298304559469
HTRA3,999.417157755407,439.681488121592,6.19533687739545e-18,5.64246392530276e-07,2.64335367474888e-07,1348.08073296433,7.55995177421234e-14
ANG,1163.42650840489,1.08004809750482e-06,223.342051586509,314.527467064062,7563.45150112737,531.210102936219,1568.32351276588
MFI2,6.95603697681479e-15,1815.85687302225,3.33343788027118e-11,671.136016700893,0.111313135868149,3667.51148778478,124.041380996464
BYSL,731.641462958607,395.069919886012,205.140026347311,1235.32311335084,216.130523687435,265.329065824773,1.75209185991046e-06
GCNT3,986.894433015736,1.13155267474521e-14,542.647537325774,29.9035130250517,8.20831208576795e-31,0.00935320044179776,3777.54575241876
PDE7A,1274.43690074674,802.465433803763,2.20250294866675e-07,619.053210846782,2.75487100124038e-23,574.48726557184,728.453083439003
MICAL1,487.992430115523,375.465491195444,778.406416207007,549.523329751964,0.0138846005633035,886.538508057571,475.28689559936
FNBP1,6.36877042146316,355.241002456271,658.073669748656,372.427070774721,709.11060756225,678.585528389028,0.00714173645737693
IFIT2,1.05063157677119e-11,1072.37475466974,217.88360851182,3.30932586128067e-23,596.860221266434,1326.32264510793,3907.33782405703
C22orf36,5667.53951831821,983.038049939256,1.13396357047782e-11,332.983817698306,5.72351900440536e-19,6.09465557002611e-08,2747.87548343502
HLA-DQA1,314.438655089737,426.781857347519,180.921292604294,2.38908437587162e-26,4.78741838629666e-16,1133.18961363681,0.1807069392293
FAH,1264.93984908029,0.198991858730262,2839.44496932663,718.67282052189,6453.14215854574,432.263270068202,1617.03445653899
PTPRH,852.47883026564,294.57888375341,1596.60028497586,0.0818701547064588,3043.73574749256,3.76932265947484e-33,4590.85309065451
CPEB4,0.00737247821000029,1032.40000373091,7585.80565825439,0.491465859812594,4184.6314837334,1242.88233070602,1771.44556199239
HIPK2,7.14029643814591e-07,323.332305818867,7182.999142047,587.523354082306,4130.74564637058,405.015305572375,535.358958387153
FZD1,1012.59114692114,863.696441736379,1009.83382133279,392.368587833969,26.2846866250754,1293.8587266849,1710.89466547618
PALM3,6097.21220688036,1504.78895491269,885.345195775676,7.11559842880182e-19,1.94762058704165e-22,385.170638884714,2373.16320069731
HRSP12,3654.39111132729,518.12649818173,2334.59227080828,61.8961115432445,6583.17162591229,86.7534966097463,1108.02058688985
CEBPA,438.774841538968,1109.92748059754,108.679257847072,1.55451180898378e-06,5584.92599486733,6.93139110689785e-26,74.7168113299336
SRGN,4.6219103995775e-11,0.0357234646739927,225.439532141192,0.000170603835337572,2.09991511023507e-14,3543.93465203776,476.370413138032
CXCL16,750.266197904404,1040.52439557543,1631.18662892506,1473.96471233825,8334.8444768211,933.564935829978,1003.57978257864
PIK3IP1,0.793386843087602,682.152352046793,1384.6227022021,743.006846577142,163.828124783675,281.058699155735,767.787950883184
NPC1L1,1649.24073550072,1011.5102795647,2.89478908113016e-32,8.84506570599326,6.20696659310578e-10,137.035585127533,4238.87484177056
GCLC,573.316245850468,547.075264363131,957.256203429473,8305.73576976253,1644.12920932319,373.348869095,238.019481619505
CXCL1,1288.58422057925,1284.90825205585,8.10546186200269e-18,426.049111388789,5.82514333245594e-10,2214.10108037061,1062.74867466919
MMP24,3432.81205197635,63.0809221032941,2784.108923382,231.101995941124,861.760181543783,1298.02663252205,1014.20992877308
RGS1,239.340777566777,175.092210283397,24.7841781420206,1.88139400293208e-08,2.20842628967672e-08,5442.38384782733,793.124307322587
SLC20A1,3.55933081605045e-08,387.74539701792,454.467663076147,457.628768541913,2059.33761001987,2357.15514184025,902.933394718749
CSPP1,2472.16339435806,2427.3727787562,405.010736175077,6.40757911927377e-05,1.95102247593567e-22,0.000817562450404794,1.49792267200363
SFN,1921.52247970488,826.141613253437,2.49934471866437e-09,4216.75604286035,1031.67284015956,2.99307309945867e-08,3156.41473560745
ASB13,948.696218386588,638.027546980125,7977.10300281317,261.057240597632,2207.00506580079,1310.61276223073,187.34495152747
NLRC5,3.45033027951543e-17,232.315932321766,0.0339813914684176,8.97679217595957e-09,1014.33951313983,2.6073951327804,1988.25061711779
PRELP,450.672455710192,2517.16932008709,721.531176094726,9.16129213049987e-05,1.22365341768449e-11,1286.88106490559,2.07200440033705e-22
MEIS2,7.39079519604076e-16,1583.87946245057,636.836634086089,401.419903388054,801.664234211699,983.03164200372,3660.8979386612
AKAP7,3937.81822188922,478.792727323575,2.12629691646138,2.83927172448852e-24,241.170766203005,683.971664439655,2383.99414366223
PBX3,804.110600257068,3051.9267801519,1148.40886143017,5.44255122340597e-08,1009.45236582029,697.225890204205,905.514657454207
COL14A1,0.000973918171058857,1353.40026180397,1110.48366443783,4.35563873569977e-12,9.21334349155717e-23,126.616216384373,3.02532357577811e-27
GADD45A,332.480795636796,326.235070395116,7549.12990555378,269.833625165735,1324.12142877292,595.563679262237,981.570835564228
ENC1,2.02942147531981e-14,1828.23107572161,1419.9537742022,4067.60751654627,381.399696841143,1628.15293075138,7.69814328895989e-09
PRKAB2,278.716357886257,3251.94404370474,1423.29699524201,522.900277408172,5861.25080106989,132.771846968063,18.5061485986851
IFIT3,1.94425706499445e-12,764.309352301311,2.16500775187717e-07,6.81665189933606e-26,1252.33866267229,416.012310846215,3775.72340363128
MBOAT1,2855.70351204873,2262.79598595052,669.529322169354,1499.38721959371,0.226422136035474,6.85158098266701e-21,0.0959464585844981
CYBASC3,1299.32661440568,781.912317500769,688.579323181442,720.321870949887,7327.04051128519,1698.52636322775,680.593940883882
GALNT4,1.88994046393461e-16,2387.59139453912,342.059762238028,3241.76903060449,32.756519790137,187.241477846406,3717.78368141594
FHL2,3.87715349957997e-16,170.337348122931,1165.21290846055,548.977410601274,3.02464596009717e-17,1762.23792516804,4042.62223305878
RNASET2,796.591707387363,428.54038149684,435.520912773477,3010.65845573779,945.319912510356,1105.32696762091,3.32348270011505
LIMCH1,200.977231049066,1870.34141813654,1057.25374664801,40.0047999431703,887.715460066232,4862.32481354841,1282.31092003902
WIPF1,3.95630442446992e-14,38.1332787367255,0.000229059262663191,566.332706049175,1.67698501651225e-09,717.65930956444,0.00332809441811961
COL15A1,2.70876159963382e-17,2113.69880921048,1465.02927590848,133.060540579204,1.50310274640736e-08,14.2183888219666,2.03629927532427e-28
PHYH,750.978608555717,1615.70814924726,910.68639500534,38.3600089757534,7609.6947095387,363.150985177985,783.927744561232
COL27A1,0.127995255348198,3459.30945747491,317.487554545048,2240.84996305113,348.310309303778,424.214025398626,887.184014978719
SPHK1,4.77204280735554e-21,1994.45926988702,4.11886650619447e-27,1.93285529008817e-21,0.00146959901536085,2344.35129810766,2.03729315083646e-34
MAN2A1,2.23537463005014e-32,1519.80006846902,1713.06087991337,145.998311130696,1118.55742759068,1642.63229684805,1819.42392819512
CD14,869.007986425725,6.503821221887e-12,240.591302732361,3.51894036965205,1714.11153084023,2698.19019935657,53.0597443455332
FBN1,5.38565609499144e-13,1513.01718442132,1815.2211634874,2.35232295642157,33.3687679163752,771.153631127588,4.00289527404318e-12
AHR,154.260444222964,678.73502548168,2129.02066312823,1137.14126443952,818.303220560993,1208.25995121647,728.507828906797
AIP,2269.86283551686,623.646463736687,451.737264381496,2878.88149218026,297.167455619617,1516.31539527228,152.733220577235
F2RL1,1981.89329814454,1264.35495906384,416.796776796461,345.674641185965,417.783382982476,853.122824303719,4636.77363088423
NR5A2,92.5279239004532,3856.67277682113,2035.72319588368,7.17510476795287e-31,2136.89120071949,613.071155737787,1.39112633555907e-16
MXRA8,644.029410198896,1274.20611475475,245.23006155666,0.0088832216246263,54.2327367504268,1261.9455764913,5.23296954373188e-06
SLC6A6,1.84309524227907e-08,0.038358437473583,652.52131894486,613.076114696735,2.0923708857005e-10,1092.17880168501,4288.54528769904
RDH10,901.586698456155,910.731007471395,1676.73821985096,440.264346996683,1299.14263350963,42.5509332095847,7513.9860386316
CYTH1,308.653010613445,622.108531540466,1110.24818834454,787.868934310086,1321.80308880687,452.955530372089,773.064844055941
SDCBP2,2222.67672802611,539.85974430607,132.351817741837,232.179958593291,1227.45487063942,552.852527072852,6120.65729747902
CDK6,1.84430134920769e-16,1.54983555487042,2.71329372197068e-05,2004.98314519189,1059.98648531677,1712.47588387844,0.0249233701671248
ARSE,3372.11595325361,8.78622649091409e-12,540.266815328721,469.587848313968,1.81190063738969e-09,232.155555117597,4468.14520987904
TOP2A,567.1403914629,857.055088516755,0.000735661019192789,5567.53107235568,1376.67556717323,1494.95403207028,448.92200741011
NPDC1,3703.57696313021,408.548213025376,1048.76523275674,614.294916051873,1061.54355846046,3234.20088574279,3034.33139065663
DRAM1,3628.39344847576,319.224859397584,4.52423050934981e-15,481.369494158197,0.000315196274670434,18.3428342014902,3365.16536904141
PIK3R1,607.790019735787,1333.29793252427,2625.70098034808,2.3142207796182,7115.18141659874,1068.20616102551,651.967422661636
CHCHD10,3608.04060891479,87.1077962215326,1116.07563576123,500.869939125456,6196.4683005645,1475.72283336211,1899.65429012127
TNK2,632.974047855963,487.450991385561,582.850046408024,1814.05400395663,510.452471832823,470.665670495567,262.387071231506
CECR1,2.06454237806708e-26,362.814401143996,1.815009947829e-10,1593.55909381529,292.938638082798,437.064592683955,3155.26406491245
PDGFA,3284.11070815679,2955.06900833545,432.225881469654,577.274224847682,394.797766365152,9.96264872312625e-06,1272.17658888111
UBASH3B,1.27714383691535e-17,1753.28080061711,1.00092433011977e-25,4.06341282724799e-17,6.27013778207465e-10,2947.7404215217,2149.43327740156
CTNND2,1748.13294019363,3064.16536180153,2.43926586241509e-05,4.51897234093913e-19,123.091292556953,274.348462388314,714.787498360831
OLFM2,2936.16184832975,1182.43491807074,309.579027439112,369.318794760411,924.709103463643,2.41956562298568e-15,1684.90615622131
ITGB8,329.721056446406,2191.30384161255,0.164868635370831,474.991009158336,9.30215854622024e-30,253.146402567401,2087.2654196478
MTMR11,630.961401957984,1572.36048724248,1436.30408329618,774.653938550427,1.79238058229956e-32,126.120959011459,5702.84882853459
MOBKL2A,2077.75510464792,1017.40060915519,969.580859623321,569.570615966362,583.509028808888,1314.43022788065,642.81032475923
HCFC1R1,6034.11985352874,388.95424871918,10.4887748165396,408.442398237246,621.697401813906,1570.72325617149,2268.9251990718
TNFRSF19,1162.22896680182,1154.11908289367,4.5964608958529e-11,3635.21209483867,8.24090591884031e-25,927.686293625295,2.38880211653364e-05
ProSAPiP1,3587.58611031395,2150.19515313182,0.000342264801744031,1672.14895130528,253.502259901029,4.23692553942189e-16,1802.9253243124
UBA7,886.093968073754,480.24790843742,1114.29271478003,2.96576302405487e-07,992.118251330368,295.964220356123,561.801295159498
RAPH1,557.893408021459,1879.55948888631,5658.96360525496,696.968518454643,1297.55490581149,1389.68602934375,1274.91862881947
B4GALNT4,2143.05347941554,2275.65294377764,262.111507044085,555.682707358589,1.89390325209291e-09,1211.12676469836,1948.35817572018
F2R,7.976389370027e-05,1336.04492814983,868.583919338475,252.157683225485,222.638273802954,894.288104805824,0.0032680745460064
MRPS18A,2249.74909926396,573.651547140821,279.79123174689,1063.64571576694,1867.77738999669,337.444847785082,488.39954801127
PLA2G16,2372.51728401773,248.702274421532,439.313237019394,0.00498801564182414,443.632997695201,244.779551071118,1607.40073941181
PINK1,1457.00842346634,275.900441327122,3905.93945644876,0.473738820942614,4072.00969357,1870.83598742873,371.80497118626
MEGF6,929.153231181222,1314.82055878448,6704.59597951983,526.92497418505,148.01314622419,0.0606028717867123,212.933370854329
MCCC1,2213.19432202327,804.656700638501,3721.18689652342,486.129159904847,1367.82890792071,155.899760381707,586.393278749935
C5orf4,1493.12965958277,1382.22870258291,3209.30349681246,0.00211196315052349,625.031394135914,2168.64346469383,2542.54250112308
HMGB2,831.353186039041,1382.35804089726,0.36386258093631,3018.14842755224,323.899682480191,629.81298933416,24.5023859656645
PAQR5,1694.934105298,2898.15095126561,1.5714675240021e-08,116.906758992428,7.81577371855045e-08,1492.9860806388,560.164156259075
SOCS3,62.9677215532558,481.770834074182,394.669557446679,1052.14536934585,2.82965136399878e-18,2992.39114741349,192.454908835686
DAK,2699.40423888235,489.26571825097,945.390111188383,1571.2278831102,989.057124299196,2692.05931142417,2344.95290023216
HIST2H2AA3,2270.56778082304,1709.55029217123,56.0245465239883,769.330029468307,396.188725287168,1887.42968618077,4118.15501974099
DKK3,0.0445821749847558,1127.56586401374,2758.96066193615,216.072284941188,4.15906006931219e-25,1190.22352245528,4.70969731602236e-14
EPS8L3,2583.40242517071,1717.97043350498,3163.80276146804,1332.33186584745,172.468833437368,277.260267970799,5247.6900856813
CEP170,8.00666712728841e-15,2685.42722740432,4.89014069396491,397.897233642947,440.128887728811,1562.80737879281,551.843124579302
OCLN,0.00962239916897724,2285.99309376874,2571.2191775026,0.00471246395560881,597.824811448561,592.047713612764,3428.98254026935
NADSYN1,1288.44045231737,470.942242918715,681.316984338786,7035.82909292042,995.619995070045,1561.56393029947,2052.56272467024
MMD,60.4810783501819,814.517011229809,6.34414078305569e-10,66.1840176862159,1.6723995803014e-05,2100.28782821075,1939.82582754696
HOMER3,4459.97254729102,898.594303582125,4.06835952668484,302.672819788235,6.12938424725385e-07,1813.65336220172,2051.86436943323
SLC7A1,3.94325180557842e-18,1329.54451980864,279.045444893103,3878.37311056228,813.352408505976,2832.89260414844,1637.82823380731
ALDH7A1,1732.51455501836,1263.95977112972,2210.12944062341,896.66220508935,7038.09121819409,803.729469086996,868.99601157432
LIMA1,0.100840349681567,1030.85449508803,1673.92231629306,0.00216893902017088,226.749686681165,579.507090366508,1.11127688466014e-11
BAIAP2L2,1952.34368137785,1802.11454592039,1502.72237464321,626.780009672793,659.71895118758,154.758271906168,6122.39779349285
COBL,1473.7907593643,1064.21023825865,6618.62125672554,1093.14049992399,1435.22271798753,1665.48283997028,1449.00347622895
FOXO3,466.482216134332,1634.36259016939,6658.24136332712,1567.53403611068,1935.82465037438,638.927896676611,0.284098633540342
ADAMTS1,968.021319911155,1155.12216277307,667.261498126375,1.15262694275089e-05,0.000449562631724016,1428.63102645318,144.535284174243
PPP1R3B,15.6594396056798,1153.09885416774,886.258096015004,962.939056054973,6492.15375524378,1969.13790972788,911.055979873398
C11orf54,3864.07831094662,760.925936943204,1604.76738025197,4.39349399230917,982.119025417929,1.43174088079406e-07,3295.5228340996
SULT1A1,2006.75943607575,1128.1869766791,485.9566661431,296.323648182839,4263.21562698921,452.928820096055,1975.01684163632
C10orf54,526.457024642203,1180.00245354686,772.241601667263,6.39676104294967e-05,144.369943581361,2886.07950145991,0.502713637545993
CMTM3,3194.6829610088,378.719067641716,1.80764198785722,0.0160197810621297,94.082542563786,2007.33747797052,2562.56634136779
PHLDB2,1087.42588735076,1797.72278243968,3216.02084667807,1.6866761967413e-10,1402.46320090616,3601.28673441565,673.281816912796
PCK2,215.544776075567,258.797443467488,3788.02687303042,488.2914155545,3633.72883998327,646.861311039177,652.276441494592
NPC1,1.29362857623436e-06,1222.3735423563,618.025496865973,512.369941140861,286.65412187413,2362.0555556842,1156.72402118698
NEDD9,289.248962806709,2217.93215325716,508.62985931043,1466.64110732466,928.627165739747,1714.83148465078,179.020804463568
KANK1,245.905878651708,3310.39796072141,2326.30550362048,890.256338767392,2060.99375397408,458.784010613342,0.122787563950243
GALNT10,1.87369242085054e-05,440.916682869551,478.040319602792,3225.7986522063,512.053860033633,838.981106904456,1399.3847741901
MRC2,2.07053431624124e-05,1894.03547808313,336.526199503373,345.589914965068,6.7038873732073e-07,1253.7467918849,9.04317386874351e-09
WWTR1,2.2803712251069e-13,2751.73050892127,311.660045362175,271.323090212196,2.02211632007637e-14,1498.80119692497,344.900664773855
OAS3,3.72226844083143e-20,1531.16908624942,206.982434167653,341.175844540114,671.637643412816,67.6732833465653,2932.68882081459
TACC2,1444.92057639998,1406.7205375412,2087.26445660376,3289.7782357409,1405.95755878951,1386.10017172508,2263.49296364547
SOX13,1498.8973326123,3751.92571018102,663.810747753884,1442.4084170409,1180.78431534758,214.276044606657,0.0016656905201165
CRAT,1689.72079757152,667.979103131302,3952.43070427043,1073.17848930177,6244.13090437074,2208.15362122309,1150.67526029846
MTSS1L,604.515524607179,2729.67758667063,344.748645892408,1233.1514250699,2204.72784470364,376.616585180089,535.564642206097
UNC93B1,977.651464630814,482.209940081627,600.121949577045,5069.26717638084,307.915928336076,2039.56647150906,498.323453951513
FAM49B,42.4754005764047,1591.6917400066,485.446899383954,1228.84883103372,409.983672640306,991.58896704153,884.90998480614
DBNDD1,4457.66940080678,1740.93163533226,864.918760925163,708.609389660447,1033.24230484986,1782.68060075208,1853.52873508233
BTN3A2,565.08695015582,625.686977026416,76.6060095452643,1005.61637092376,1590.57991846407,11.8419702305685,158.631847589546
PARP9,2.18257918417526,1442.03647162789,635.009215696438,413.061694533249,5214.56574292305,1229.96642389777,3347.95558860293
MRPL45,1490.82507719751,778.217334100635,683.169696989657,1395.66643784972,517.394997043251,1174.2686142366,674.105833088772
CLCN3,0.00031674986831437,3329.41722089599,2372.35680850013,479.046719169813,42.4874743752563,744.94805671885,983.05733113104
FADS2,493.192431360958,1687.07171001011,6.22651577293496e-08,687.60045284418,1481.8051962453,194.631162686613,412.164668969461
ARRDC3,319.999205789538,1334.5511812994,6373.88886710654,2076.95476076266,1999.04366716053,1038.56838981054,1644.5602996827
C7orf59,5413.83350210339,315.018008477422,996.810251054746,1399.14231402762,1267.7852055827,932.129889395021,681.034895198353
SFRS18,77.517392621585,1341.31257146265,1432.52347659023,3697.51521565732,3420.2757895046,394.682061201554,779.602023006932
RBM6,1072.94365382853,1390.14594509137,1592.50647949508,3707.12179382576,649.302889986343,816.460535327578,773.862791402718
COMMD6,4332.63287755686,584.693643249755,673.064200797932,2935.5982530586,227.691691572588,2155.14489329734,1955.82567999771
CEBPD,4892.08171650874,566.456929582172,1206.9995139174,789.438355351534,515.299120443691,2606.76026238649,0.941671938632858
SH3RF1,544.478129028629,1659.32570560941,1505.66563809412,184.068428347977,2.83890488675868e-06,596.780173126956,3676.16397251379
BLOC1S1,6184.66918759462,635.29386389152,1951.10177085999,559.125626180963,2715.90585824422,1003.34018090593,1409.87338898977
KIAA1804,178.57452207229,2791.86761992108,383.669422730066,864.572447162651,362.140772764416,1416.87522082487,948.808820929612
OCIAD2,3392.78976951501,306.106555940853,653.967401466982,811.396190138405,914.780787755224,1807.31268036782,968.035832441058
EMP2,595.944824231796,2900.50077701839,3319.90284008444,2984.23270935414,2084.55635708444,694.922316304108,2.08564227755591e-10
RFFL,564.553750125239,832.137713234691,1027.73332217142,1807.76236758956,850.746931462482,1514.16361616495,3612.34538553598
HHEX,1637.43328877914,3589.41587076383,1445.99848281639,7.30913757097788e-11,1221.18802140532,558.129950432,1009.99024578185
RHOQ,1071.14318424529,547.516673651743,620.010686803038,1187.60956213639,718.048939918086,620.53506339621,1926.2969733369
RPL22L1,3618.77181349213,743.314591674494,1.56419298400111e-11,1472.10246252763,208.681777395136,3853.82967681816,1372.85040017081
ITPK1,1544.90058169771,944.227237527309,2243.86050574979,921.856062632722,5157.87548116724,1214.3168971542,1127.36505365959
CTSF,2923.48491220513,1317.43323802092,2598.32698115501,376.161654964145,3402.93605598842,634.083602900599,410.504182883039
TNFAIP3,3.15573124894421e-05,1451.61925598095,883.065246615846,608.367696002758,328.815484870693,2110.39154047091,5.57632665410934e-07
VPS54,374.105149846275,1957.94386435694,1928.18128001952,872.805261563226,583.650107694109,836.131301073496,1046.92253324034
MAPK3,1152.17333051813,914.356229969671,1845.72343155085,400.062639528604,766.951748637031,959.061610911978,1502.50224030291
SIGIRR,4620.92270221258,1180.04130750797,837.9406132715,1153.95630064657,541.522314763097,662.495471169236,2725.17851219129
ERO1L,1.92325297694281e-14,2156.02333661249,1424.30419268443,1269.48866171994,1836.7052166512,1343.58528196687,1522.34430527719
BAIAP2,635.302008627751,407.592909784201,0.224568049869939,748.108559284965,3472.01388778903,37.244110429968,1222.15084565012
KIAA0907,309.678207214556,3225.7272823944,847.407261584789,4439.41413740691,2129.25156583337,227.964789436129,1929.73635682385
CELSR1,1.24479739613445e-09,996.036465899393,301.516076556334,5616.59628376877,389.709242209594,506.923540088115,632.451073901836
PMVK,2274.98286197171,3292.0217150375,934.830002819393,700.796638996739,1968.46470401872,633.222296765789,1188.68921698066
IL1RAP,243.328581010105,2482.34467423071,4.74554676839979e-05,0.000354773772862453,2321.93057438647,1693.28102820786,3.29134984575142e-08
ASAP1,2.22493218028737e-12,2538.9131276251,802.241152128597,1023.12908088882,105.970080758413,3393.79103610217,0.45398145191149
PLEKHJ1,5234.88373348431,586.529612673331,267.35261651827,799.995761999651,1156.86647712386,1512.79593843292,2659.50992722727
FKBP2,5568.65622247984,504.787290725296,667.098492680246,526.660578555135,2866.25549071935,1594.11995810243,2678.73496584617
C1QTNF1,1259.61338513423,740.825021016209,499.140524413954,6.7907166112592,7.61602652531961e-07,2357.71083103543,0.801388593358599
ATPIF1,3338.33035023083,444.17993636075,2134.77129247127,1139.26245238212,3778.32164975082,313.906014670467,2745.22483937797
TMEM98,2310.67081258974,2221.61135605978,1086.2279956723,2762.44124495504,5.00761781326696e-19,1.20366609417698,2207.26312663464
PRPF3,682.646984482002,2755.95413225514,516.087256973275,1675.66387690186,1085.54848347882,394.409448571261,1003.38198148028
TRNP1,2234.16678831156,544.963069444315,258.442888898011,0.00199580828183978,689.327733211084,1357.5810640312,3371.40416073836
GLIS2,1560.76407300341,908.643750078335,563.699770919329,823.854401142046,405.474664915636,3494.15960159049,812.286330165315
C9orf150,2925.78806037399,889.647889068341,266.437431773394,259.149367304829,558.144891352268,1230.38788982428,3390.64441501657
EMILIN1,177.571703009512,1280.48765485771,801.852616263414,341.811429059508,396.37819305487,730.348027327808,1.83658763657451e-07
BAG1,3213.12349313059,1170.56434672645,1511.26579348991,3031.83442131576,940.236688755536,3336.37956151887,2338.28051961338
COL16A1,269.174528586667,2519.61920189731,2808.36425001455,1479.40812815283,1.23148485616607e-09,1020.55147108705,1.13277901007257e-16
PTPRJ,1108.48885382058,1270.29581108921,1232.28228692644,1086.71217295017,1296.13994202274,451.966361930639,5381.6591758253
NOTCH1,271.272551385694,2371.34561215026,500.560305667038,4645.03448924579,1023.36527985301,537.748684084979,2.75869320151747e-08
BTN3A1,469.313830527375,846.469487748567,123.880234023506,739.305810371244,2264.99062625656,0.00346506745540998,1442.76367092484
TSPAN4,1693.73709051955,1067.70322041996,259.463150539388,0.530349950192105,222.520830081263,3875.45290937945,0.042170953687286
YPEL2,270.269792140524,1480.91230945135,2699.80379708313,437.019784791785,406.709374297074,1364.71530604376,4018.18355321095
SETD7,16.7049025622142,1610.10359944921,3918.03049940257,0.222379829849068,1481.2688139892,1126.34331803898,1155.4018116581
SERPINB1,603.459347770577,928.673469783536,926.501953810629,1689.17392388569,1172.22211449804,2656.8901631432,1494.39801903055
SELM,988.451645643232,1721.73557780452,342.190972497297,378.426321739127,191.091099715705,115.974304781553,7.03791319498783e-08
FAM193B,2753.41529736223,1927.61119072365,581.035369733181,750.255999940266,1102.94893077063,1231.64300943876,1666.67013997036
ATP8B1,1133.35354270521,2034.06611950046,3399.36663414207,2084.94745431301,1090.3967836797,1868.90489089885,2713.74013654399
SEC11C,1161.7129690415,1780.26267399875,1424.52675617528,398.78098570167,5241.37448106995,699.324528326128,1833.46542746366
C19orf48,5229.93789944917,939.486847269429,0.000135308437095978,2470.16746353687,910.78591121602,859.34334990268,1512.62750892366
ACVR1,584.753615276469,1110.56167915189,609.696412000851,397.496063734304,583.106483799099,1486.00186700442,3092.28241130672
TOR1AIP1,185.336757586804,3063.83541628025,3231.55939433529,1599.14109191237,2909.79846719993,1084.42542921049,545.621405410164
RAB17,4025.02185993219,1512.20719270318,3589.37646836973,266.085140521125,2807.45520750283,1586.27077157319,1433.80407602936
C15orf39,476.12454810655,2592.782915938,5013.60328354785,1078.98255634213,499.989084392614,962.859017079276,385.847960270996
SLC27A1,1585.99183736329,3005.97474230949,559.094575195887,336.654357928087,262.562072005219,1759.56354576054,242.633649143292
SCAND1,5662.11915590468,679.282024930927,502.047863727721,1255.59999778147,502.0786347824,1531.72790727644,1343.73296887727
DHCR7,719.368876868012,804.975978749669,2001.93648053704,3338.83232629161,5227.21391539198,1861.38049757934,1227.50846226184
CABC1,1491.50132523634,2674.08564684233,3766.21763913272,2955.72121447894,1963.89135580997,813.620378161045,0.000214219293008648
PGLS,5396.4493323919,494.881786452137,649.01617724748,908.629428573282,646.428945783319,1633.28253191916,1433.4315193499
GALNTL4,1931.18982980309,1699.68680599867,207.049082976223,5.04420903104676e-18,375.214748163292,1962.32386652312,1447.00144354335
PEPD,1645.23977525102,800.327955224113,1544.63973412337,875.072262661515,4150.04738542506,1541.43569615284,1397.22028556084
RAPGEF5,296.064527719459,2944.17807261802,1867.70573911154,4.18692067273511e-06,462.710261106151,1213.09928241236,2149.55224347744
AIMP1,1114.5326571472,794.096351247375,697.416317854678,937.380392452428,808.59583995511,741.278201246963,964.434878024519
LRCH4,1246.35781156269,1446.38190453335,1027.09998613087,1479.86401557017,1681.78298838623,1325.64137085363,1029.18687858648
BAX,3967.79066825634,1034.14351861959,288.171810502309,1891.24029137062,124.748246072711,757.624435418866,2666.52340172055
SIGMAR1,803.207382098174,1107.87649628512,2342.17048050113,1459.55506419151,4396.28873421252,2621.93435174384,873.001701659374
SHANK2,1011.0755079019,1909.0851839237,2404.64342957369,3490.44658148721,498.700149845517,1254.2366437725,1771.51014871943
MAFF,1028.11822864337,1430.36725920308,739.552057549309,455.088717479553,103.266979086746,1398.62214849288,1793.10023253298
H2AFJ,4069.31611151012,1207.35737703041,705.475503444059,1361.54833203485,517.957768410053,1767.58713786374,1943.92220436873
PARD3,741.435982182496,1799.86919509392,1101.83058103572,249.806046087948,230.607768125279,1519.87553659804,2477.00733483998
PLK2,756.000851623641,764.290214344156,1470.08668968417,777.360561383314,472.514163203878,4053.74620863968,1224.92062450981
PHPT1,4083.91488359205,689.787118351511,649.874723620982,2471.68174132948,3455.78157414249,1888.60520325439,94.7196573011393
MXRA7,0.0356660686982434,937.828550078237,1797.33542121687,633.161151552182,390.566618507049,1105.83211780157,332.644988590496
FAM195B,4585.65849275029,990.43374911724,304.823907138004,1339.2667016245,945.385621797597,661.653701269876,1014.63983277495
AP1M2,2506.96953545246,1563.45223486691,2597.75265183566,1722.01613346962,4.13573320967526e-24,1051.06135844288,2697.15778262674
MYO5B,517.085982814331,1492.70181473299,2218.18914270306,1567.25607804331,823.448423250099,2461.70513445342,4581.17294902132
RUNX1,1.11512599526773e-05,1697.00461531312,1084.77329238891,1950.15473525758,155.803164748475,2400.60775455057,0.207139514418963
SMC4,151.852179988879,1190.66817094477,513.869046595256,1790.6147912088,1762.77142454758,1099.40955933707,932.958249642085
SAT2,4509.13377965422,1316.2880012657,1629.10435045685,558.577186322322,1101.80801965934,785.943030426589,1048.45808013418
IRF9,1077.66287169828,1785.61759293059,317.942682373214,0.00955249399380619,502.415954863443,619.440356215334,4188.06230437331
RBM5,934.83513986279,1848.49421863137,2486.89038021386,1690.29527560674,655.457100523564,628.512418940172,1057.13943898012
KIAA0284,495.586004903157,1684.11511575699,1756.04134619729,3740.45424393938,1585.02490645555,517.737062332093,3186.64182661198
ATP5J,4775.2516080578,787.11512864503,1648.16557886243,1687.87666733161,1557.29469025101,952.230632691527,1930.15201757996
COX7A2,1972.31508747236,793.058680289853,2081.66990750359,2500.03080689838,5926.163694491,2016.03568966873,1344.86027398644
FAHD1,3299.96853524063,890.242896959089,969.483755273071,742.363829666972,45.0217195583246,1697.33407359081,2975.60879104015
NDUFS7,4415.57006398278,656.677072816421,1534.85594428148,396.838823228499,4522.69272413646,1869.02082918203,807.266945613687
ACAA1,1514.00016999661,754.673068444451,4630.30686265191,639.022171024751,2329.17730535319,454.938919155511,1017.38737235132
C11orf10,4017.26861413851,996.244723786947,852.668025127451,1188.61326204151,848.104366233589,2480.04266721424,2746.95889910095
TMCO3,35.3614286006077,1240.62846071026,3082.65666005147,634.350645655701,2496.96195513209,2221.19309928412,1473.04925017492
PLXNA1,1.51361047241895,1327.70349387758,771.15300000816,3281.05191425769,390.153434879516,1045.66945983712,266.609709735787
GABBR1,2195.73845798244,1913.41981810842,515.473184925288,715.880360598703,1.51692392494996e-05,396.25143547913,3803.17541116929
NR2F6,4002.689341753,1332.4236949392,1054.7545472996,1473.45881528969,3219.85477516462,1320.521928842,1796.80452619665
ISOC2,4107.55820068389,563.344843871977,677.570607953193,910.401264494035,3757.55507522265,963.501298148833,1248.62237368458
PAQR4,890.273743566676,2113.16284263006,700.579752594936,871.862790084353,3483.2824385795,3005.93185982331,1672.47764818089
GBA2,886.5802884298,2104.96992638087,1863.67955226881,1500.091747517,4315.19517979565,1660.11884584577,2318.58347222849
BCKDHA,2602.05890370364,1200.51442710232,1974.93712423699,708.194615118211,3683.01866005451,3303.90279189727,258.76180832181
GLIS3,1010.58646098348,1765.72452922577,0.00759093043236829,0.98363872860053,3.01794860340916e-17,2189.86160832891,2824.82612380924
PPFIBP1,514.32699934174,2321.94995841695,1968.72424835892,801.805737765014,654.768437327518,965.026521891594,2009.79732169097
PPP1R16A,3923.86962670013,2278.81101686086,1118.33064875835,1706.20297887851,2354.71933988118,1200.42431621155,1440.41912234454
MRPL23,5158.56342080032,591.361246967065,521.215942592809,806.940298464844,939.296924995382,1563.75634736666,1411.64876328662
CHMP7,1866.16613279355,1139.61364106432,1082.36217612245,708.756564435859,1097.85099012358,801.009209745299,1073.80240914995
SSH3,1909.00834180597,1311.49963837833,818.748364396047,3069.21281597818,717.907826553222,1288.89941967701,2772.71031131662
GTF3A,2232.13504050828,364.30686604687,551.644526488821,3999.6668268904,1040.46706820098,1857.24191519467,1690.93531243354
TTC38,1797.01194872217,1550.63998122657,3751.27761187419,1090.34559594772,4493.70466734956,558.103847604241,2415.20533403476
RNF145,7.41783268196398,576.162802958869,1715.07475758734,998.233632765956,294.08059617498,2233.23618302143,0.0640274802632608
PLCD3,1251.17633296307,896.245241069466,241.432885261548,651.316472838901,1.24418293148849e-06,1802.1199084044,2666.07993315696
HEG1,484.967810636692,650.993711028867,3695.55777154863,0.77966021965656,279.064041504739,3444.53633127471,1077.18123932895
ATP5J2,3712.08935233644,480.194320505392,1215.46118603367,2168.1289019232,3685.9423154074,1956.08030553511,1131.14466644616
POLR2L,4642.01777185896,756.517673825611,1143.08467471665,1397.36533371478,1562.07183247182,2208.09261185876,868.457015513089
TGFA,732.763659259918,911.469571122408,2504.6011942942,766.340788717932,233.482852686437,1941.37641084287,3302.75941201024
FAM36A,1904.18869299017,2311.12332868976,343.762666897399,1648.18317333985,2229.1249067807,572.573098729094,1477.90286218683
ANXA3,1317.97636667384,1729.01693939233,608.217895684233,1534.88278003845,3.11358144027593e-29,1580.17827505445,3056.23905059958
SPPL2B,3237.91304232116,1316.62381050038,910.782058216111,3847.67379105218,766.428772750025,847.567827700733,1728.23897788699
SH3PXD2A,32.8571486846758,2481.40963866664,525.900148948551,1260.0629127436,3180.1861008233,1560.63684835681,0.346777030851475
TRIO,0.321479330246732,1611.20570390111,1531.39583326186,1728.76480856219,1830.36220607758,2660.18355443617,1291.80968744432
PTPRS,1651.55054147969,2150.39078072696,964.20105785892,396.721494333585,0.447174396358526,574.161415097333,231.921568878503
MRPL28,5223.30047412583,699.187823351359,790.816007241311,1340.41550707976,2038.36255867146,1325.55058403542,1068.18913940076
OSBPL2,894.174805471077,1253.96133865699,1466.97217482646,2166.32569044076,854.203483148695,1074.35746287011,2774.10439495029
TOMM40,2152.96168413174,584.097602313687,512.69848660503,1539.62762774368,3481.71481966453,4271.95087724296,1174.14247081485
DRAP1,2656.71002475312,451.801163879375,1587.1528479404,539.781936760529,877.942135635188,1894.68258854858,1136.33768820737
MDM4,668.18175335025,3084.98402977521,607.622193402546,2941.04362495715,1885.14926337611,153.1611699037,1000.59562058181
CDC34,4653.32745719897,905.418616295943,1962.57616620338,1315.7006624193,1739.44906189454,1108.46502810167,1902.24381199672
PRCP,1144.81511586558,1367.04240344408,1527.79504587898,1648.68721878139,669.440240086187,2470.70638937948,0.000117847734833052
KIAA0232,1169.68250273936,1335.79051245098,2397.78691364481,938.076755561298,5627.65604342033,805.797898279455,1120.68845886227
MRPS21,2957.06112559131,1600.16968384606,522.899229450864,2321.16444946507,3020.78971278876,1469.39559255515,2900.51219636424
FAM60A,732.9319867365,1815.54406887538,720.08582601666,3602.57986740564,0.000768311654056765,1152.90413850503,1566.23845523333
MAN2B2,477.833385631035,1365.52582779186,1110.37508326439,583.446711160192,5619.70304506622,1763.74180653239,1538.97062062518
TGFBR1,61.3161039450184,1118.84698898503,1277.28566080109,1068.82100265489,1359.83627835014,4246.24425066019,546.535163061963
POLR2J3,2277.18117418832,2257.55671303375,876.676298421047,3202.25673676009,743.928154164245,914.70744471965,1008.39667890026
BAD,5084.90469459989,332.210684521494,1258.1420634474,314.246192857742,1856.11151570626,1590.18645165231,1415.55882706594
LMBRD1,245.652713717738,1989.71005752189,2139.76273688048,801.331134585218,4655.68571637877,2720.23179765759,2019.0223468247
PNPO,1963.09210245459,689.693452323957,1000.35112501162,1325.7620829808,3395.28869713751,1394.6215638489,2583.55398685395
ERMP1,1147.68716933975,1316.30557893441,2157.49745161657,2261.78428912288,1855.72655920827,3513.19460057656,2097.85910776755
SRI,1029.92991160833,439.198853286294,817.146767038649,3930.04486870911,472.574331276184,2617.69346798103,448.333085983581
MTHFD1,504.869754515451,1044.56716714632,990.794544303899,1926.95402566542,3085.174855131,1437.63792035291,1185.511719366
ATF6,0.0830504230720101,3133.52286933636,1342.08915362889,1198.8161300838,2606.25158348645,1234.77823483836,2247.08179562564
CDR2L,1329.15040286355,1632.98514740463,106.428654418074,1027.23380305208,1.37814538335639e-08,1956.6040354378,3681.22076306092
ARL2,3694.46286474256,657.360939417668,2.0429054505368,492.371878007084,270.148515106721,2124.01165830091,1003.66162133022
RABGGTB,2384.61104973902,1442.55674802718,1282.81981951819,863.085011451216,1197.62958234302,2687.99849023609,2443.26506167351
RHOG,1869.51901650923,633.470958278603,565.988409045318,616.093397965361,1288.58627025207,2399.77192804637,1423.78546622929
ZNF532,202.851684539128,2643.43749489024,1645.38797982134,1651.63695090997,472.042831249242,753.707896491508,1935.63065255709
SH2D3A,2411.35866989007,1247.2262532559,703.125644975662,18.453128600949,3.56903612024625e-15,3015.53267812162,3682.93177638027
MAP3K1,0.466243616959977,2114.33559347548,1038.99404117176,570.403008238816,234.066366278405,757.098973073044,2442.56667576714
ACVR1B,580.362235570386,1343.19208390398,3674.91801879055,1472.75477669068,3634.44506873442,1153.71183629612,1353.60750026374
NDUFB5,2530.56516270409,743.602594261976,1948.4327934448,1350.72415531612,3661.0668342237,3194.68947927563,1840.14894129013
ANP32E,429.723742488387,2466.17262880396,291.986478482165,3047.43091292821,1607.49772616008,729.906335708053,1662.6662876916
PITPNM1,563.861786038638,806.049774472798,287.804810450797,3750.35595006013,842.287790394264,2906.10876160321,1441.57892082096
LIMK2,0.00504934344113359,2583.93639880034,855.703280725386,1305.43958911724,877.559784397364,17.0208234615131,0.0617170777940697
AURKAIP1,4174.7887674035,369.558119808752,1083.20090773138,1698.50834303256,3771.97032568379,1340.72369963435,741.605125104179
TTLL12,776.381963823881,1126.82663036514,888.821415326861,3132.88881895985,1327.66635624547,1597.85823978107,1386.61831685914
MRPL12,3302.73081018132,132.760721296186,556.342236650328,1954.74271201787,2189.02945994053,2870.14343053142,1722.57489919255
ABCD3,1471.65728994376,1819.92161520033,3267.4765329903,921.043548024602,1565.68950087581,1087.6367093883,2418.2543235962
TMEM184A,2163.41461116154,1105.50423180551,1179.02863843839,945.380830220953,363.006379296295,2646.50368322974,3765.24217138622
ARNT,555.605470420134,3289.94775242778,903.183315999311,1222.19019991181,2394.51252970199,839.266448142935,1330.11406872007
MRPS34,4749.85538774506,739.014526108828,616.599471176126,1818.72600469517,2485.98698448313,2503.12598217862,1952.81143547565
WDFY3,801.142370220511,2223.45809324862,2609.98503001201,320.019081263707,2.92292054643201e-05,226.164020413915,891.734595488131
C5orf13,1974.34671346837,2258.82813511974,1223.21158490705,564.808258622415,420.87438421758,586.031097474013,742.604137338871
ATP6V0E2,3507.06773651794,1372.7155587753,1768.85006981768,124.000235792032,3584.2844443968,1163.78816481606,372.715953390289
RDH11,807.748694874901,1656.34593805351,1988.96495734438,833.541913228421,1847.15571287336,842.074272554399,4416.07277342469
IBTK,189.072455761087,1150.87588358422,1530.89907090288,1722.16125450178,5331.90579916966,864.715866080134,1967.60730888085
AP1M1,2059.31695817825,682.290737402331,842.749954632137,263.690154515487,4690.08153485716,2059.84428959678,1708.36019027096
HDGFRP2,5200.0186904254,1180.86566184396,872.79922659736,854.571822937762,1033.52897812325,1683.32402747043,1442.78462258547
HIGD2A,3798.50396471548,637.441806597603,1188.96455885416,1049.79952199064,3798.57872097802,1846.97415814088,2161.24359745122
HELZ,0.431947875680101,1697.77327318418,1585.71478134206,769.899058873445,591.073258413301,411.632106856057,258.753979321737
FGD4,837.142951419172,1815.15279207712,1525.6480785569,358.193499516478,902.456737144797,373.804440087319,1909.29429551517
C17orf49,3416.77470511489,1071.42492606257,714.524375337048,2392.22632535379,1205.41847617457,702.825056072549,260.3446970914
U2AF1,3959.53899967219,1218.74869835503,650.094291079297,1626.46590153624,483.295260759127,759.605543021825,1901.43280889492
RDX,1.3026708611534e-06,1578.84700044172,2447.19543686447,393.717502522096,3060.14370409693,2688.02007622561,1310.321015734
COMMD4,4604.8605005834,1146.79121764893,767.231315207118,2284.70988918199,1919.7644980933,1052.88813565342,1698.28282180674
CDC25B,1494.56175252248,986.461924784698,3.83763583994698,1933.21654112551,1919.15755669342,1220.46032848865,1622.31158279326
NPEPL1,3639.99035977749,1560.04189653471,669.251600983034,2040.64466153283,902.143063840158,713.688152964704,2101.2264414622
CLIP1,233.006930639893,1079.40750951242,2448.86500496091,458.772424833963,1484.64918879766,1312.26952747882,1899.54144843538
DENND4B,313.034615198085,2367.09676973386,363.163241971303,2090.65072599777,1659.77976184181,399.542335282715,1602.33550252819
C19orf62,4528.52086084535,1123.87335007265,825.288786169677,1147.57087106006,1707.45658642734,1706.17187855199,1746.65367901855
TRABD,994.653966358946,872.674936735968,262.876386916824,2433.62477890813,1439.61859448134,868.049589516717,1874.50646211322
APOL2,987.47386902234,521.704129215886,322.25123960324,767.116762942079,4166.9449628206,1309.27701939895,1617.21609436491
PIGQ,4952.8388567405,972.237202690619,758.081331597286,826.719417922304,855.078259278253,1538.15688794871,1332.45997436965
TSPAN9,1250.11028367712,2056.21999497172,4030.88491161097,562.349229070794,1910.386337604,844.286240706273,437.098470729515
CAD,703.449988290433,1845.38848695523,275.480788836931,3550.52247108392,133.230919088979,556.228080632444,1062.41643955489
HSD17B12,322.124565829398,925.72961366091,3145.56700334643,2544.4156490684,1255.32170486888,1637.8603331224,2536.84423589829
ADCY9,1237.81161892087,1076.52665191602,1470.51066161817,0.105409053924198,1650.86478083093,2318.40691609062,2828.32186925584
CARD10,1121.84928010909,2697.2269887838,1159.80447427107,1805.9226761487,604.270532975887,880.158742146046,3280.79136248552
CHMP5,945.219533150924,1813.93809901763,1976.1215473476,1744.35586158028,1262.95843087917,3252.33411951608,1980.92117804942
ARFGEF1,454.689482091028,2379.49984418406,2686.32163014597,1001.30118967424,750.849608775697,1096.92246489829,907.332603422633
KPNA2,439.645467187949,601.188682655813,529.303944309937,2695.4021048338,1837.1815514472,2094.7398235612,633.439788860826
MAN2A2,568.296846634018,1954.46020257056,1970.77853250295,2040.99451990657,5309.96756708994,1190.19302337646,1535.86569335898
RAPGEF1,895.416947685134,1119.79139609005,1875.20744101072,1653.88118681588,1700.45684636781,2829.76282657443,935.659069465206
PSENEN,4323.46741651984,941.862313604372,452.630190894033,933.259612742262,1184.05777073048,2892.54242311893,1575.95670068846
DBNDD2,2025.29726116495,1744.04770022322,281.159720845334,846.143252185474,1.52611711941951e-06,2564.05689832585,1456.28797255918
MKL1,1088.61225532453,1472.42707897238,1057.98614749796,1368.9725386896,300.02043617398,1506.71057770479,1538.99820441365
ARRDC1,3497.4577302015,1382.60781394952,687.341126562845,1453.84393875928,548.231613077643,2259.03965835912,1683.84941562021
TRIB1,167.331254826014,1696.37753791697,1033.6993992518,565.932620187315,397.932106836038,2589.78472270681,518.411391440617
RAB3IP,1976.50387614109,1465.62485850036,939.737525165025,3496.0322235565,589.429762111588,1810.64380429953,3057.27602392824
SGSM3,2079.08892350115,1315.39109934317,1394.44206715523,2566.13865714697,1813.64422494587,714.168881537689,1338.74992865816
HDAC2,1018.78836398837,1462.5211226752,1457.46039348939,4412.94986229965,687.53818489232,1695.02739692817,931.552449816527
EFR3A,0.000143260115833329,1787.17631978324,2397.24263913534,1458.69591426426,2275.18384471443,1573.49831575689,871.15542823777
SMARCA2,248.441223018571,1610.02785770282,3107.87929515328,593.728133649647,1127.33053850767,2070.29562514532,855.547369520523
GPR172A,1240.33264227968,1433.4713730861,561.306662245684,2832.9905744132,232.849128377205,2281.82235773898,1602.80722865496
WHSC1,760.692506894303,1537.37152312568,585.394500534579,2380.16852142725,1707.2661337374,1502.24262829317,2465.24457753408
DIP2B,637.77423641396,1853.83574603067,1606.95896876686,655.266174444207,1086.10847284757,545.698580336427,1677.98399286514
MRPS24,3831.53498031768,590.37705335896,722.016917865459,1594.52917899382,1742.33801819259,1526.87990248807,848.687686471817
DPP3,1294.71620922474,997.888685039919,1505.72208819221,5193.60792502044,2343.52935535832,1749.79682555282,2614.4706748561
PCGF3,1709.55112640776,2246.03486168984,1157.6664381505,1413.44861140846,1722.19965925772,514.720998023106,2607.36575918045
C1orf94,17.3564185368993,1.00760069232929e-43,1186.12510571267,2.55460731469381e-48,5.0241726096748e-85,3.63312254067707e-54,4.40546543535498e-23
ANKRD33,1.54905598128815e-31,45.5356239901869,20.8769393185753,4.78796843584838e-85,5.36541369838562,10.779415996315,75.9138897041507
TMPRSS5,1.08330122339618e-28,0.000168891085541352,7.46162763290231e-14,1214.6659852946,1.0841647290988e-18,1.15817746594609e-40,2.3462762503026e-48
UGT1A7,2.62287578658526e-24,4.24558835342968e-49,2.58644145834459e-82,3.60529088092083e-50,4.99669253527815e-103,2.764097078175e-36,4.58098433546884e-08
CAMK2A,129.456796307452,5.70710435898668e-81,2.85718233490702e-35,33.9813786211594,12.5923642694172,154.096808902258,244.784656425242
LPHN3,1.05729309931215e-37,2.88949385214682e-13,26.2681065998074,7.50509295425644e-14,7.62506390674515e-28,1.7952927800638e-51,1.75423886070687e-60
TAS1R3,4.04597243824979e-31,2.14042856415295e-22,1156.03868102554,2.42847664137642e-11,46.7870671724944,3.22500671159546e-28,1.0434596100397e-47
MAL,6.84222099410306e-45,0.00566269513970523,2.02093173452284e-61,7.3724311975121e-24,128.392451830291,2.99562412225508e-44,5.85441566879139e-65
AIM2,9.00987948104611e-65,5.84965656920733e-44,1.8298384518246e-64,6.66151999814857e-58,2.61458443927248e-69,29.1216631043151,4.28100807109204e-59
ODZ2,67.7024966744622,9.17041507393245e-25,0.929911666398522,9.35816674610417e-53,29.9903386283051,76.4587600694112,1.28698327913344e-33
SERPINB2,5.49168311113732e-29,70.9061694983623,889.348007049609,1.47976933521558e-36,1.75946561597899e-51,2.22464072457175e-24,7.04078211782259e-38
SIGLEC14,2.99168877058094e-35,5.98884196908398e-30,1.11740293473689e-40,1.2773082571023e-37,1.69745331829016e-44,37.5994376288833,5.49581262734898e-13
TBX4,2.75829007137518e-47,2.34647896728027e-27,5.46839463280002e-38,1138.33278046831,5.6976041553358e-61,6.96893882437406e-58,6.60865273332788e-64
C6orf176,9.15840878753129e-75,10.6472563205163,7.21510477767789e-50,1108.54422102351,1.42270340389701e-21,1.7466223649523e-34,5.45770948021896e-22
MYH4,3.78509752366785e-35,5.49697327222542e-67,2.04964576469588e-23,9.59450666152337e-50,1154.57505040019,2.90631493310819e-71,7.00772311155928e-101
ZBTB7C,30.8053874849536,3.21276842589154e-42,0.00903059933952645,431.013153615447,30.6298658190984,2.833815641112e-39,9.07813397605843e-11
PPP1R14D,32.8898572038069,9.79819107352175e-25,6.03498676128026e-19,99.3248389425914,4.05146453840797e-07,106.417949419944,2.08006171405578e-17
MUC17,1.33390655798938e-58,1.35718362763044e-199,1.1412826219082e-29,8.02330636149445e-32,2.15157603696557e-25,4.90078081184064e-151,1.32094377744135e-29
HCN2,5.60936300504568e-15,10.7508347835158,257.74697691448,2.68742354660804e-19,1137.4650617452,80.1142231211462,4.01117523209538e-15
LRRC19,121.547577563434,2.0996148312365e-34,52.0198117524309,1.06148893969093e-43,7.62073833107328e-58,4.05910760117231e-31,877.845394527242
MT1H,140.223281144715,2.46020539891903e-12,0.228569492628321,3.33098887265856e-20,1.61237386055636e-27,0.0331791165556839,159.347599391332
CDH19,7.4007231927272e-65,217.143506635857,4.07517513620259e-18,212.206748363567,3.10734131817641e-20,90.2212091475924,8.90816420740811e-37
KEL,4.25512296928251,59.5702266925523,64.2084979943134,2.43759159631918e-28,9.89348576388507e-30,58.0959825688452,2.60863573720552e-67
GNMT,1.83435592516651e-15,57.6151348165532,152.64848937749,2.10640304621507e-23,1007.13257969085,8.22191552509451e-14,6.20025659765796e-24
GATA3,1.05301045953618e-32,3.83247423023924e-21,3.26004704679789e-44,2.60450550026357e-25,7.56064591703207e-32,2.62780888702336e-07,2.7377844683933e-36
CDX2,3.39407998554353e-49,1.24126486494128e-42,3.02655743146915e-39,736.471994999081,1.169705514531e-45,1.61943475794214e-62,8.87250506318702e-61
FETUB,1.88857804978769e-17,2.30571120589873e-17,5.61959278253181e-21,11.0054136814127,20.4700075440762,6.2690993383516e-15,1.09783593370936e-05
GALNT5,1.93226148808793e-51,3.19162391162146e-45,15.6942371727586,9.95976967962912e-15,7.3482374433497e-29,5.94684175724193,1.05727707096242e-27
C22orf45,2.04009850355441e-17,2.77210685306811e-24,466.250749539519,7.79758333799446e-07,1016.80017906775,2.82729335802326e-26,1.24500265464914e-32
TINAG,8.25392183074207e-31,5.66932529625165e-22,1.11696302579184e-41,116.810095599647,1.46777416008622e-98,2.98733186581719e-36,375.162696235429
GRIN2D,2.01019094415874e-22,2.46672113432607e-14,4.35344560719827e-10,471.318781508376,294.365078968208,0.00193281064798629,2.6511068756172e-29
PARP15,2.95496569707451e-61,9.6724919785737e-34,1.37585423931473e-50,1.64285983817383e-23,6.80262363615022e-12,1.75894425416019e-31,4.17298445181627e-52
IGSF11,1.11448337005922e-37,4.33787596263508e-10,28.5720868058903,8.25043345706559e-45,2.88647529484792e-50,1.02267294450473e-75,843.004375383199
CTLA4,1.02844025241427e-29,3.61279355749269e-19,9.78364365013585e-19,4.15785548311273e-09,1.16756772871267e-41,22.5274917595533,1.10614052803847e-19
CCL14-CCL15,0.619824181273218,3.15777485707468e-16,4.18507915533553e-25,30.7881494072876,1067.95573448325,4.20894344003251e-33,93.4011006123689
KLRB1,86.8008536077727,6.60324298088344e-13,1.82701355112684e-17,3.79812622159586e-30,3.91638027971e-31,2.23239072609882e-08,0.000390520914721903
SLC25A18,5.40719791703498,5.94234623026575e-13,22.9263366618258,29.3500428480206,890.185161822134,23.1720485075011,1.0349725863422e-17
PLCH1,1.47799826954469e-07,72.9900305041184,28.1428928064069,611.404155046884,3.04033110020965e-40,2.9621525358284,8.75974841723971e-11
HBA1,698.996487690864,2.40210489939686e-29,124.566225003752,58.086390158623,172.30445872381,2.78468951091571e-08,4.34864423403489e-38
SCIN,0.000183930751715894,6.04756419686652e-20,191.507944682468,125.852434990304,4.94336277270932e-28,16.1361258839599,28.0556665155233
GPR110,8.91400971778472e-50,1.6910700166164e-48,854.532501621271,82.2177086704886,5.27746216778939e-51,3.63918848851377e-52,5.39801931892753e-41
TREH,148.691330920651,0.00353126653434162,52.038170466535,3.61782154941834e-35,7.10356767296854e-30,1.14050505099394e-18,352.102700417407
IL21R,4.46966803373788e-24,5.70534207517823e-13,5.37792328877724e-38,1.45965049965231e-33,2.16875787716798e-30,58.1361835582009,2.24744334987154e-29
TIGIT,7.17927982948146e-27,4.1662951536268e-23,3.40637123912142e-40,1.60479851023598e-35,2.76951344926909e-31,3.2757241388534e-06,9.13259840351524e-19
CABYR,1.72536946848492e-08,35.9912222878771,5.3300998198833e-06,1075.18358642116,45.2916748431359,29.5651575658594,9.59071911217672e-12
C6orf174,6.47600082551233e-05,1.0631261210516e-22,927.516903091611,0.000298894848217904,5.27738712232635e-17,291.093487277202,0.00020165547288678
KRT6A,2.90074499701072e-66,1.1412425759079e-38,227.473345132569,32.9011406335775,46.0814708103404,3.13817447875885e-46,2.0206141063613e-51
CLLU1,2.84993110986329e-39,111.461005139607,11.2755310610695,1.02540397529116e-92,3.95992398688853e-58,1.12065946203787e-29,4.3571836951699e-52
NAPSA,89.6830137930882,2.19949439013039e-44,9.68234817697929e-43,8.84262629304334e-39,1.46470750499805e-90,9.97051526541359e-45,4.01070663598215e-45
CCL16,4.87032236202753e-13,6.28087602824933e-25,7.79188662496177e-12,2.01318660115161,5.28049146392471e-11,9.20957818815257e-11,6.55670507706479e-05
PSG4,4.13496224102072e-17,2.71975248568696e-36,2.9227509859438e-38,1.12969127537595e-07,7.09218240914791e-54,98.8404295182419,21.7322795945763
FGF5,1.27379409248626e-151,9.03341629347427e-130,1.94862930496066e-148,9.20172238928351e-107,3.40162983793727e-93,132.161972701252,8.45604865824893e-133
C6orf222,31.1162570814534,1.0995545905168e-17,40.8574514185563,5.25729563393721e-12,4.53780533386068e-51,2.87941075433992e-62,284.88616490085
TNFAIP8L2,63.9362147403447,2.62920357663729e-12,7.62381347708297e-15,1.71358974778093e-13,1.1252914596279e-08,69.0265206655669,6.91164794729301e-08
CFHR5,7.42698799603856e-22,3.95812185854604e-14,1.13104992093571e-21,2.09798979926394,62.8498829892905,0.0564376537707774,6.84995513682399e-10
STAG3,2.38617839154831e-20,5.34478199523936e-07,26.6900121341579,3.50129717136074e-06,867.22606348419,7.9791636220637,0.00536833128559099
GATA5,3.28372395499059e-15,7.19189754884782e-29,65.5867629310679,1.62909448080092e-33,1059.29199672572,2.34941528910625e-16,2.29204530858677e-49
GVIN1,4.66719196151812e-35,20.2545513747806,11.1619631574803,4.94157869990697e-22,5.37171863799396e-14,0.132427477365785,5.44549771478228e-20
DBC1,204.186543415755,6.5481189430968e-48,96.3865426009646,2.62894964442272e-36,2.48731092147137e-39,3.30623339649656e-26,2.4087477187167e-41
CALCB,178.119559059411,9.45894974651395e-09,1.25995313376244e-40,17.9884775284084,8.29559841878103e-47,15.5541287263726,733.338357366944
MEI1,8.37241509870783e-21,1.44389460189893e-16,1.26675763603352e-39,4.44228637292847e-20,2.7117552244809e-08,1.00833213681802,1.42966839130828e-41
CADPS,139.96493215764,103.850866303907,262.656036194126,2.00722188640105e-13,1.88845308799267e-47,11.2143741544144,351.880680594988
PCDHA12,163.834440308126,59.2972411692966,350.077733525284,46.050661208326,305.679579886052,101.506330489996,0.000293532640163723
CETP,9.26919832926988e-33,1.78777576869877e-19,79.5630592631994,1.25127986568793e-07,2.34670680459968e-09,1.31144001885449e-34,5.79347704801583e-16
CHRNB2,10.3980617989944,13.6431355591606,1000.10972192134,41.578331755931,121.724873447218,6.39279794376385e-09,68.2615169261629
PCDHGA9,6.68042308363063e-52,137.237507880993,271.184621644904,32.670292370377,36.028614639917,89.8060475847653,100.786458881141
SERPINB3,1.08048156953899e-131,1.94908698630801e-29,2.40415247025342e-74,29.4269096089889,9.70725127943553e-89,0.000611019674796938,1.06817629927376e-177
GPR68,2.67995177714238e-10,2.44567025506898e-07,1.08387333695044e-28,1.4262318717006e-24,4.60599713857923e-14,147.540210022098,2.97014486769881e-19
IGSF9B,7.08063633528271e-32,26.653953827498,1000.04027193663,18.2934416197761,1.73783638092187e-54,5.27612003841834e-10,1.76652529699651e-27
ACSM1,105.275116508674,42.1789918221755,85.9065701056319,3.60222197608122e-23,1029.79598596512,159.048221153185,1.66842227546297e-09
ARHGAP28,4.2153817253962e-08,28.9191378403257,1002.06094446762,1.00048764114343e-20,1.01250889626803e-21,5.48370341273494e-19,3.80999618138456e-26
MS4A8B,1.02630803091034e-27,123.117522218638,3.68529728557099e-33,5.58469077367171e-16,1.03584930567352e-19,9.34889677123674e-22,1.7048921989748e-42
TTLL6,53.7570471184398,0.162178312786058,0.00201920801112886,1.59152375842484,2.26801140679944e-53,48.5692163272395,197.387809116345
DDIT4L,5.60032428424867e-48,4.80213350771709e-17,17.0473078346856,1005.726470432,8.11272148150127e-53,2.00852210693411e-12,9.64736364910084e-57
MEF2B,185.780773225781,9.20047058657811e-10,35.3804369271292,32.9800014690614,27.3193283717709,36.8623845674951,4.76257896273619e-06
ASB2,8.40693893856905e-08,2.06493861531011e-20,16.0698909462191,3.8196858194137e-29,7.32593575760633e-24,2.45512676011068e-27,9.54940782547597e-17
RGMA,1.7063370436914e-40,256.541008193793,21.4021396517237,1.42134385286114e-25,4.63619321580746,7.85596580989399e-33,2.830952169438e-44
FGF14,282.186574240473,135.698201110739,35.5476064488378,0.027419790081309,7.87978559336106e-05,69.766149757608,0.00755500510452134
TTBK1,1.25093607715518e-18,1.92174746925515e-25,786.800803864045,8.2564000747888e-35,104.342850736575,9.52517626682818e-35,8.93805753488614e-26
NELL2,5.73250252563571e-29,36.9384217652953,9.06062077077583e-27,43.5315835070861,3.06642974966418e-51,5.59386760245414e-07,1.95907504041588e-38
ANKRD2,348.344051348886,2.30053515864627e-29,4.77546450644652,5.09151040782338e-07,20.5981361820449,311.111959710053,154.502166073166
LOC255167,2.46457254967357e-25,8.02701546488294e-17,1.95908096218577e-07,13.904901509947,854.671566961488,14.7496767614683,3.31752243419408e-14
GAPT,1.11982826992062e-05,1.45733588657754e-13,1.05903044190031e-17,8.1076596709327e-19,2.14391900729942e-40,0.0125273617432312,0.000417884452121604
MYB,2.5496805486515,1.34482719114721e-06,1.00174088609625e-27,972.81411495972,3.89270537685324e-18,3.52687738347648e-12,1.92914375650815e-29
CCL25,5.44767323194861e-30,3.6544326512672e-52,0.00222077682634346,6.06660510094855e-43,1013.21746370673,3.04054939849637e-62,6.14880749026215e-97
CERKL,58.8140938369491,71.734514120318,3.6671948723506,34.9515390706235,1.66062033594506e-11,51.1553552531843,0.659286650651971
TFEC,1.66446709820413e-24,3.73774660125371e-14,6.61404846351777e-06,5.8837506539097e-26,1.20842701037081e-16,8.1709954828297,3.37012358540963e-11
DAO,4.84828117579132e-19,3.14579956830894e-24,295.676070056837,5.8634406261296e-11,777.266583774238,1.92450862962773e-21,1.41114488145779e-21
IQCA1,298.981518711193,258.213635890751,52.3128583279556,5.34094833855196e-24,1.07978340125943e-24,54.8513794807758,9.53292906779096e-06
INS-IGF2,1.71746620106676e-55,1.41812929186476e-05,4.31401866024317e-28,2.1641852536946e-19,3.52652141123452e-23,2.00599170411469e-16,7.97807387048592e-22
ZNF462,3.08572121514619e-28,3.20137265635689e-05,639.855252412912,709.445850689875,6.59666531103678e-18,35.2210397007067,256.168868169917
DIRAS1,4.73143985795955e-25,244.517791213053,586.614107399895,3.61589297280289e-33,492.262472932197,4.0770837162234e-21,7.46995701577095e-24
C16orf74,42.8376153336709,4.86115870837342e-40,1.9951240062526e-06,1.91215372542413e-05,18.6028190623288,714.834898333583,1.26781794151382e-06
CNR1,5.33583371305021e-39,2.16423869608764e-25,6.16151860897659e-50,8.35089381184383e-28,2.90921839621967e-21,0.0963254709695486,8.81474933171612e-19
ZIC1,2.42120056254412e-52,2.70456973444922e-49,2.31360691949591e-44,920.217364082411,54.2856604586416,1.84738752338765e-51,5.01472002936153e-58
AGR3,2.5655532634108e-46,5.23635978567501e-58,2.46488908723981e-12,152.551601396468,5.48884326581276e-36,2.69625998633067e-73,1.3534197680068e-34
KLHDC7B,4.66683495158278e-30,5.66561719256298e-25,6.78566475818727e-36,1.47697086874824e-07,419.216690073916,17.2878528101829,2.5762748537436e-17
CBLN3,6.38286637552857e-08,44.4634251717772,61.5356584867445,107.283496860565,2.49149796410558e-09,42.8172934284201,46.5309656824243
CPN1,239.906639750718,82.2194930007821,453.653459559337,0.15486503281842,2.69022633006634e-13,1.74431646332605e-19,156.659175562274
ISM1,3.52839992741775e-13,118.928023345352,195.693554341958,5.54198765261371e-18,2.20128330033493,194.079149701133,6.89036141832219e-08
SYT1,4.14505338256476,1.22248027635174e-06,33.2867475121564,59.0846846367982,0.00199900422913814,159.334995603991,9.63932886228907e-43
LRRC33,1.48221108642876e-12,18.4603143992405,34.1863722058862,3.76352040329365e-06,7.28133765244322,36.2953971508613,0.000205230043088777
HOXB13,109.356181611256,60.7801306735208,9.41114220474648e-35,685.90506445529,3.10892006055069e-50,3.26082690664392e-46,43.4624708498092
BTBD11,2.33844146692542e-11,0.000558027590468189,47.4014230638696,788.230576120142,327.304197511991,127.831049647537,6.46045745783515e-18
CKMT1A,22.0313918215797,0.292877603829019,44.9250586403954,405.379047805117,33.0146800248927,99.7431261968509,15.5530268741489
ST6GALNAC2,5.15432339561396,182.545356030733,35.8275261844689,24.2186824763887,75.8800236896349,58.495245917578,4.96157030404192e-16
GAS1,3.2695060080308e-25,45.7771971948549,39.1320022667838,6.33885237453475e-27,98.0924969726094,369.803801521457,1.10469514519537e-05
YBX2,17.7716914771042,0.724468980338865,42.3923341691087,218.3563769765,931.457888097586,10.5280265818066,0.0058910857816648
IL12RB1,8.12575362057381e-28,8.29573740953253e-24,1.70987105040419e-17,3.10573467776171e-36,5.39732212351014e-32,0.0987029161558509,2.48374561313926e-21
RUNX2,5.04320144104817e-26,1.32317103412808e-07,4.2219931754648e-05,14.3318661462493,8.81752484797832e-29,58.9698132224531,8.3142875430903e-19
IL7R,1.39559155765632e-34,69.7691445137758,0.000711366514846852,6.25753874190511e-40,2.64235658639345e-45,77.9916379333374,1.09564304846273e-32
C14orf176,52.2216551645797,0.0209768722000816,547.984149602373,1.11120539475378,7.03765100981648e-17,75.9913743363966,95.1426669124
TRPC6,4.96181929710488e-41,1.95834426623644e-07,18.7971004810266,5.22309802991898e-30,1.03499366189635e-22,1.50023407366275e-28,830.376571807885
PDE4C,0.000712590694771109,3.96644017673417e-19,30.9426535000169,81.4682147883501,32.1063936107366,6.95787079207867e-27,14.3141436423763
GAS2,34.068014708267,115.097909649005,864.705546447692,320.480319241161,168.850659876245,66.334154065968,3.01507739447026e-21
C1orf51,27.2919307760869,72.9577731911237,83.4693471749068,43.3334448813347,929.141880624332,39.9517294214692,3.66247235846387e-14
RND2,127.219109785239,7.26123078477272,9.02787686267334e-07,0.272718248900847,247.554172183004,1.87882023782698e-08,7.46187346314933e-11
RBPMS2,48.8351493167431,148.587577348725,531.222040731361,38.7275954236557,262.263860171661,2.15530492280467e-08,82.4972516201408
GJC2,35.050670556977,156.506640478069,1.94373264763747e-09,5.85602439287719e-12,6.71155154940992,9.66140354005958e-23,2.66595033762467
BIK,90.8974769835393,73.4820720219875,1.29289917092598e-15,383.087636335067,1.17618173956673e-19,7.23414527835784e-09,3.91013978467814e-24
BMP7,6.89030345990202e-41,26.0148522487067,3.93407019090545e-37,803.725536788462,0.0522194070370425,6.45670344702702e-16,2.69869784314434e-50
SV2A,50.8231479126197,135.72061384538,0.0977396585378665,40.5382972372092,2.38166652951175e-05,201.66489830116,176.755360412497
ACSS3,8.08208307181692e-23,0.0588552938409398,317.222403939049,37.6182882091457,0.0310916878712169,10.8783768636861,4.26724750909679e-20
HIF3A,7.81290267534975e-19,93.9666582772831,2.74216607931585e-13,107.811149347294,193.810724118103,4.51656987227994e-39,7.85883599442089e-40
FZD2,259.415190738074,102.758187672886,7.91128975291215e-20,0.00117346087969893,2.98811133802531e-43,6.89153049921255,0.00181711355113385
HOXB2,0.0387431852057482,6.63432995794477,40.145369387413,0.0676225469406876,1.00293191885235e-06,79.818061621561,7.48387612198098e-11
LEMD1,9.29249186645496e-05,101.193772366614,6.67850139776277e-30,75.1885861554281,1.0548616532602e-60,189.997470143448,20.0797638151008
GYS2,1.754763347683e-24,6.93956892559316e-18,2.80422023385157e-13,6.03037512045114e-12,274.135029992484,2.22846295973239e-13,1.66614350497784e-16
SH2D2A,55.0233619714352,0.00297151780851468,7.73305871353332e-38,76.4642893210303,20.1906086166642,55.05025050942,4.27445541053975e-07
PCDHGA4,8.62163767287328e-59,19.4321005141647,77.9439046332774,31.3550295658264,36.1900842952284,13.7966348399264,556.693046883437
FAM159A,182.279461016246,3.15555558121185e-17,9.75901124989273e-46,1.80483946329775e-38,1.15406035183374e-09,1.58514199790624e-38,23.5760644374639
SLC9A9,1.45121211411487e-10,24.8186923363718,251.481120208347,2.10787821706482e-05,6.63703386016203e-05,58.4746170614346,1.11253382897794e-11
ESPNL,23.1727747968487,50.3994033837484,1.31409703124291e-39,4.12859860687507e-10,177.533485390168,1.10665469433046e-28,182.637189925267
BAI2,31.4682407575489,89.6005942086405,857.78022124219,48.9750109000254,60.2710272434893,139.606390755365,22.1612830434174
AJAP1,185.967960599298,64.1167522779421,1.61526427372681e-41,145.20789863715,7.56482072288176e-18,1.35782727091016e-20,1.21193020475747
PAK7,97.7130461517417,301.917304728208,192.297407710082,6.78210735105961e-08,51.6605722249065,0.490536257597761,6.05546496486066e-18
NEU3,1.6922856059583e-27,80.5831506900086,170.451076293261,923.995828328884,84.5923561190472,31.1398692051384,0.013474107829918
MNX1,198.601886277618,47.1050779980635,2.72569108919182e-23,110.248922885249,3.33843066407818e-17,22.2855125133812,112.973196911538
POLQ,117.585538258561,39.5524785208827,0.201649365670505,459.311398335,86.8975623970115,81.4369733967274,2.932224926802
GUCA2A,192.284081770459,31.4666537887629,22.5620135786778,7.48175516967939e-22,0.0295265662281121,372.506560587939,189.01287019466
CDA,94.2006103835725,1.77521208214854e-21,315.545389120394,122.456314370415,46.0175463195879,11.9899710450304,1.41296915026668e-16
FAM131C,334.502758032003,9.7813125083473,0.0372190824182199,6.0936306184674e-17,764.974534904222,61.7390222538488,250.748885234566
DNMT3B,283.357605480758,260.718240317926,6.47201337167806,203.210777443023,33.3711222855822,3.75625139177846e-19,58.363502941737
HAO2,2.28109154848057e-08,2.63733055279111e-05,0.33383358499695,4.51253199522662e-05,1.49606422936618e-17,0.000316624956379637,8.07292875031153e-10
P2RY6,1.87708246497547e-16,5.13450682002242e-20,1.07841937063692e-21,0.000429938904426718,7.041380719974e-32,42.5121051905921,2.49617897830416e-25
CSTA,1.08559354702566e-20,158.365321626308,84.3818887770119,6.63919522821668e-23,0.00686897236035165,100.227239949802,4.55203206974457e-05
ASPG,2.08720078406446e-24,0.0327030382078728,6.65986169230154e-26,202.136681593394,504.039682299191,38.8328870773921,2.7090526099752e-13
LTK,27.6136460521735,131.927640871594,7.20511806289116e-07,168.300677952635,57.5025227760847,2.63618534800217e-14,264.300770083211
CDC42EP5,54.7539860331137,32.9679750485044,19.2246111831488,389.714461023926,0.00632654506698059,27.4460128735578,2.1459055441977e-16
TBC1D3G,60.6798099550695,95.7312613870081,96.9885834292152,56.314834164283,9.1562622531583e-53,59.9305072850717,0.065071384658212
HOXA3,220.843011308735,122.340864163589,1.33501792308449e-15,407.404815358807,3.06970610520369e-60,4.57395545728167e-44,2.39254738785165e-27
CCL4,0.00044183009259786,5.53747300433061e-10,2.98590080561124e-23,2.8883660582721e-34,6.21745628904885e-22,142.622054034715,2.94721655004812e-20
C20orf46,389.039584298391,72.132049193831,216.521300515737,501.66100006284,33.8918095942043,71.4446099630515,1.54662947967631e-28
MMRN1,9.31164362478732e-23,70.7851306269308,4.45058291084282e-11,9.08733278753334e-18,35.8119429727518,69.9212546294371,1.35741522421068e-12
GPR115,2.13385344925862e-34,1.49410188329913e-19,284.881380453478,0.00341205724795559,2.0030888628936e-24,146.590652308586,304.847747024268
PCDHA11,117.202706713009,67.7989719909389,695.894980200065,155.312765873486,243.465356837907,43.5707643281509,0.00188023827174983
STAMBPL1,1.0975188476106e-13,89.0528455821315,128.538080011657,23.0562843481045,22.7161435266544,277.061954743779,26.4431878202323
KIAA1614,69.0715742917725,202.725585924033,0.175546107103145,97.5902574171833,25.1675925399877,3.06495186021594e-20,67.3288150765383
KCNH8,0.284658222185952,210.09922408729,1.76965803801651e-15,561.351577457791,1.43481915535277e-38,46.0088039224974,1.87099391691679e-13
FAM72B,15.9591740467987,53.1650419355639,3.74926476844723e-07,711.945040545178,208.055152220876,204.136011239115,0.53065078579815
SLC35F3,54.9815070968529,88.9376220833776,1.90530479849628e-11,0.00755036027207475,2.61302697382517e-14,513.92759217239,47.9283987311696
BBS12,33.5284638506482,103.675878831169,888.95589739583,52.9889091638795,2.4257281322421e-18,131.074820599199,1.15427780628574
LIPE,1.94537391960616e-11,0.00539982612937573,258.424625641609,5.88827271888747e-08,1.31246112688833,7.24892130893486e-10,53.0295185157711
PCDHGB4,36.1377788524723,56.0260161265331,67.8093157986754,36.8504950457937,202.20494698005,247.420506063438,471.264494441631
UPK3A,209.035718562534,146.776831998246,43.5021479755918,3.68592941450158e-14,1.51651485259497e-10,4.34151415020577e-41,77.0525125666963
KAL1,25.9391225276349,85.0875843880374,59.4934299842079,0.00014429453579655,4.99642105590552e-09,460.683319452957,5.4870095484985e-08
SLC37A2,0.0844692869059439,0.0251213016762157,41.9639714774701,0.00246381426585702,4.45322756459415,169.697852950272,66.2801488205371
IRAK3,1.02178014430695e-15,63.9083762337528,110.819312246883,57.6156870270391,42.8452178612647,120.276549540898,1.14145932545599e-10
TMEM170B,20.7417767703298,61.1058985601662,256.678149465794,212.915994157986,890.812589448598,83.9367689353773,0.31474143045461
ABCA6,2.35694766421256e-20,5.92858114069132,86.3743078693854,2.6272043794506,245.269240736358,57.2537154836425,1.24116866033823e-18
PLA2R1,0.0158518403724782,54.5350400937968,152.213803544506,115.429341395916,5.42898797830714e-18,116.982569752739,133.074401871499
FIGNL2,45.0755839669768,192.978799675068,48.9369964761861,1.11749398608713e-05,12.6868898604796,5.15004591958172e-19,68.7893415034168
TNFRSF18,93.1056009051173,34.923895080265,3.29223210881387e-40,0.202916832440444,0.0316763342967819,44.086984896689,6.87441502832055e-24
LGI2,5.73491528620933e-12,0.00676218335870222,19.5454198011109,3.53254760720954e-09,12.5347544332043,42.5278642490863,2.76066926944215e-17
SLC13A3,1.76590753953941e-18,65.7971854927254,2.17815421561328e-09,316.010372675997,634.395432444564,3.84921689810366e-14,2.65909071675173e-30
TMEM22,16.1798266016008,38.617879237906,684.080212109656,60.8238766493626,4.06443929813532,446.20236481501,1.62682515837383
CYP2C19,2.10684913440025e-26,112.930011134409,57.4303366467865,2.63778597421509e-24,616.765729718181,7.08286766453109e-30,136.345703176415
FGF11,78.0869747592258,68.3149519125523,8.88667401496655,714.209625228176,414.136067350691,29.5545788752772,2.19413856893602e-05
RASL11A,132.875977650715,16.4772028269107,191.632747697473,31.2628637163975,30.0619426932811,16.336746816363,8.00085646813949e-20
PCDHGA7,4.02096481489327e-06,112.0730654967,58.0499444866899,31.4563207540118,176.675569632401,196.44279432065,441.143922326905
PDZRN3,3.38063168697748e-06,77.2074427048002,0.0142531633575259,30.8080172074937,1.79125104908817e-26,89.6911743641833,4.86112651170952e-20
ZNF431,2.48069905160482e-06,106.143118811761,109.38375608055,137.089470072675,37.3419918651547,41.3476460518309,180.303936903349
CTH,35.0234254481947,8.76974850576434e-06,192.78894209785,105.005724899881,764.279547564216,78.1706243491595,36.8543823271274
FAM64A,243.826080339012,130.498592035757,5.23270211412314e-08,303.945233995137,157.385054987955,106.257926829209,80.653820606785
TSPAN11,1.67648685852604e-23,32.9562968520671,2.68274090676501e-39,5.60458510410538e-15,7.45926946752592e-33,48.4589270356203,6.36121589611961e-36
CAMKK1,61.6984285978334,103.199459472125,28.9704168873167,625.243458669822,2.5210996816632e-06,102.286666456618,5.31904185618639
TIAM1,0.000498827476764302,15.4332713420255,55.03778788363,9.99437967905596e-08,26.5287458611733,50.3888404300045,71.0498052034406
PPM1K,3.59186289964347e-09,48.0683861700401,352.189182579193,3.24302389989725e-20,0.0136154257788528,52.392484687507,0.655470846012392
RASA4P,114.615755653836,105.953334583947,109.017577494747,31.0530721588229,74.4019336940417,61.0344153474562,75.6589060611244
CLEC10A,138.98677711559,6.83143141281727e-05,64.4597000352833,1.90478847721291e-26,1.15380699806846e-13,46.2669856915861,1.0655650296771e-19
TBX15,50.6764555589588,2.5136577250628e-19,159.424927093903,7.74451643705677,236.775816449128,7.36951131490806e-21,231.913194131537
KIAA1755,1.79769230644738e-06,36.4646179572726,23.3062336392372,120.941055525561,9.24892192461133e-18,16.5980254537705,1.01424465136583e-23
PRKAR2B,2.27918712150629e-16,201.802278105126,159.155368936225,1.23984373402819e-14,4.23705164213168e-07,98.1837853910423,4.37544980892689e-25
C3orf14,103.199870963506,125.32957347495,678.212020356014,96.3704668462874,101.021543748892,152.131796338614,71.3908496841437
HCG11,7.17968880422427e-23,0.0957995812949053,26.2397184363758,535.762692772367,41.4450987191766,3.13061308463676e-09,1.48433213063791e-24
FAM83B,1.38673700407224e-33,287.255465053021,1.7059994955896e-29,41.8789630947892,2.92329501934656e-33,43.780466575646,119.567685052887
STK33,178.316500392283,215.658028703994,2.24231265741344e-18,28.7721861578559,1.09259356154552e-12,115.018054221264,1.37414904846483e-11
DGCR9,228.975272468278,115.355695826865,24.8983542530866,36.2812235552248,125.432054431387,0.0424421645543924,288.536732091482
CDKN3,86.9263048172879,95.6786389899752,69.6033801540364,211.236384299448,201.65135835085,91.5939058290104,0.00941342435168526
SH3TC2,0.0279021169629037,206.628554949654,16.7961042999436,226.443840925955,1.98665906220655e-13,179.334501576077,57.3073810394752
ZNF577,65.22994219246,263.326575477556,131.349355390557,301.172333139208,302.089266184129,9.66709755770714,2.68695175358945e-08
ZNF135,141.244236048169,209.194394312588,28.6513918898492,410.522749538819,96.7623293203031,1.33041324812812,158.516257341529
BOC,91.9152050172819,47.5866373704987,79.2751783995376,18.7924732424687,0.0760669413826866,111.550576939428,3.09473237605461e-13
MAPT,90.2094630782783,185.727216080814,30.301843650102,31.8447771921775,531.057894059367,32.8868915562959,3.50034065245774e-10
KIAA1683,224.914741053312,104.779100018381,33.3901188650642,213.471830314574,278.407744607227,2.29277321555628e-09,104.010391358736
KIAA1524,89.0781973598185,0.030492222476135,4.1697270477293e-09,264.494100140375,52.5959396932767,196.629024854978,28.9203729584816
POC1A,194.232945602866,49.3001676101957,46.5882680931119,139.035160085465,112.510998286728,200.655290488674,61.8781580921245
TFAP2C,91.1625335660073,24.9798763955548,1.6059537560985e-35,80.7060455267892,23.7349079952933,2.07012449145891e-14,18.3673964468017
TMEM229B,83.7452812874097,21.0439988223417,281.491427812001,2.3200320168153e-07,114.231489762464,47.5719540093086,71.0077832150789
ANKRD36BP1,2.86901921267341e-31,321.623828837244,244.331126162198,97.2248062883262,115.561906124313,1.18871736642319e-05,280.011255484535
LOC220594,89.449376583182,167.667033610456,0.00032988872200055,412.662317285161,105.388001352462,5.096804558297,71.7306329351374
ROBO3,26.595675280971,135.392450860665,2.06767300362315e-09,63.0805907581221,0.391056199128667,81.0013789191316,3.49393707046399e-07
GRHL1,126.682662619981,175.515998760227,153.884404133516,293.435719079567,150.594361406963,89.8947437194057,62.8711887170214
ZNF90,386.768068753848,27.5205138332838,28.2313270022307,323.621712412671,97.0116437221056,405.633981378061,0.0395800890233918
PCSK5,30.2447550597557,1.35895994655665e-22,205.988676143019,27.1749001579786,4.8916047497881e-15,303.146666061095,91.6004779060746
KCNIP3,294.452271088518,107.406710415312,147.343410187165,80.8582523894314,531.558262248557,54.2062860138829,3.31582428199541e-08
SCNN1D,227.365151649746,177.278810458249,108.214618149603,1.34612931255302,99.3414598504189,62.526917996581,68.4542591032855
FAM47E,380.868274744441,173.598661582667,193.339845663855,27.3503174090111,2.51189873641894e-09,94.8019891325718,398.665522221045
WBSCR27,168.0918357825,60.0366882642539,1.16750465880469,156.457044160476,9.72714273487054e-08,21.19180335971,77.5027025488626
HOXB5,316.274769910465,136.493564750275,3.70266338041697,177.317503305379,2.19453763359333e-15,0.00581558265693634,347.320096943006
ETV7,138.238773534029,64.2705084240341,47.1550832091288,1.26134909886974e-13,103.615380175648,1.58545153685326e-05,50.0556414400276
CDSN,2.83292710152447e-14,221.770438439449,218.883489170801,6.77467118355207e-14,9.78498622594e-36,2.0462840781446e-13,387.399556438134
RSPH1,638.557985068007,59.3820027935484,76.0989017859787,75.2343348453714,2.31191793251762e-06,11.6865761515171,2.88213165793116
PDE6B,361.478949903325,53.7034310738702,1.73213336691153e-44,7.93907243594567e-15,16.6912529230552,2.34743558116293e-06,191.874679352647
ZNF439,8.24125263234346,260.593364946416,452.908206243656,3.42869674066493e-29,0.000229325507685487,96.0863005792779,84.6652645072935
GDF11,10.5488393008732,96.5289764395322,24.5553234784502,56.4163865026521,10.8696523103165,152.452299436791,1.03520819331269e-21
NME1-NME2,201.285744744325,7.37658353832752e-06,75.9662675195896,39.9055318748211,160.562668429273,590.742994041173,149.794062569886
GABPB2,13.0178747718238,398.832844502073,94.9345316512406,108.651570047369,156.541118900285,25.2114109777502,193.169622408607
KCNF1,349.902798058322,65.3135829483827,10.2336971342992,4.8751310812434e-19,1.21539557087564e-18,1.3296561627348e-06,334.505964947164
ATP8B3,7.0051383159666e-18,55.6234377153141,1.63514134902753e-16,243.323671292358,377.886866818711,140.456238967368,59.936966878948
GPRIN3,6.92447190364323e-23,145.362416241332,192.419564676064,120.355615589496,2.8655759873605e-19,117.715158202906,0.000545394932425595
SLC1A3,2.40591711634649e-20,9.41981338736032,73.8467948235347,8.31841644995115e-29,127.717298724027,193.67966002542,13.9849783826709
SAMD5,117.089378633962,17.6638158629894,0.000116684726560736,11.0848706996954,1.75491517740941e-14,1.59291287767225e-15,276.095746280711
EDIL3,8.03190541342964e-35,200.054388967926,134.300821419537,5.98557622029242e-15,1.5942812732826e-31,102.355135952229,6.0641063038318e-25
FLVCR2,49.1330251733748,0.0554219140053546,43.5446386405067,29.6447278928125,501.133557606731,80.6818439513808,126.189152008012
FLJ35390,37.3558047017045,92.5001324790393,316.514945920754,0.000256440652618534,101.985870401105,361.936224113324,158.18248650013
PSRC1,339.138244503948,151.03373004731,3.18668884528365e-06,265.814268341732,6.03626968641193,107.907250407487,120.440768310555
TTK,15.8522486225164,54.0426149142179,4.5611357752032e-08,481.657337164791,323.78694757513,110.871111906827,8.84064831638513
PPP1R14A,365.939699605201,114.771442242296,70.3041375318938,9.03234477815211e-06,0.219290490026748,91.7400424468705,3.06778268366279e-16
C12orf66,0.685151210403423,119.065947739917,117.760873934296,778.289915027306,39.5295866947615,185.841154978933,89.5724720247856
ZNF229,87.5256708959142,102.980699072679,18.929729437022,205.29094309386,39.7108100687901,367.206833632644,224.249910111177
C7orf58,1.19488550629932e-25,91.9564217257093,69.4599625712568,5.96682935841662e-09,1.24765351122872e-08,133.535391748578,3.58438124469157e-24
PDE3B,1.43832312423571e-05,2.07610671891657e-07,119.202914720873,259.371439145582,30.8432946179076,82.9780756065782,28.5544507214831
APOL4,1.05755918666534e-09,0.0594323647587437,4.28266959282174,139.117913471819,5.77706029843155e-11,50.9665366075349,4.57272195583617e-15
LGALS9C,246.71799701651,9.50234826330512,2.88876228770343e-16,94.0750125685386,252.917613216602,42.9114890544218,257.716752375746
CAMK1D,6.43970563852337e-21,155.977266084045,0.945453897376921,4.94993826250077e-16,217.967388928659,234.275420125982,388.202288619302
AOAH,22.6568474502036,0.00270595594312068,1.42514063289627e-05,1.37624836201912e-32,3.00482710760973e-21,111.407699038955,5.71439832431431e-08
NME5,448.630912903843,81.5595433153811,43.9237894114366,1.18365315914263e-27,6.59948583854664e-40,78.8792733929188,0.0700935501319612
C17orf96,58.6981699502229,1.17184780882885e-08,117.756454069589,357.73965041178,315.097647086897,339.717709660984,4.74699592149835e-06
LOC646851,140.330146641348,226.415030909321,0.00210092622615129,199.027151299121,1.42156781171335e-29,74.0711512438204,83.4668009511699
ACN9,115.734512778678,85.2888128165493,72.469732052536,524.116865960319,152.068305388881,129.06677992156,50.8906308997256
KCNJ8,0.0272451545814182,45.9560953631055,1.48177537861968e-08,105.430790368732,109.101462861621,79.2690510826919,1.09584122795489e-06
SLFN12,3.00384439124055,213.743941025607,117.020043822605,1.5729610063689e-17,76.925671614371,2.49852059362598,35.1646997182093
PNMAL2,186.762787901704,229.309743932981,8.28367564283226e-10,3.14264668860517e-11,84.90485014734,39.7798622275841,45.4221899764936
MYO9A,3.88924487532788e-29,175.482527304879,329.876972296312,136.657383423674,45.7064722846311,386.047487815556,2.37953857598195e-17
COQ3,150.21821976468,56.761187215422,217.949912067734,285.668216195919,712.768600168948,129.617038848011,67.8636816008118
FLJ43663,42.8012210757082,116.115198578545,127.395413870642,244.004234642713,97.7061879679203,205.200017949224,127.054584154552
FPR1,119.517593808253,66.7229619411368,0.0193773097324538,70.9151914294995,7.03237523461104e-11,504.399602544636,9.72210662289074e-09
DZIP1L,209.629998311397,180.040453331912,11.6307590599749,45.5478623501324,1.70223489643366e-14,171.617721816684,60.7419208727724
DDX12,137.960845866,140.592219658721,175.937329173602,577.227047604323,82.1144370063724,77.8421154995671,105.804133313393
C16orf59,245.003467397374,109.039251134068,11.0464124462195,369.08135890648,229.459132531516,120.058333794061,201.365901949458
JMJD5,204.14895629859,50.439595970164,67.5976634311806,72.0401894590753,251.92169971653,34.5413060265745,17.9671115116459
TDO2,3.0052825814927e-19,0.153001291993896,7.17021736860642e-05,2.08999396344277e-25,24396.1533957447,240.42255656055,2.36705872556826e-25
LTB,6.31954075237678e-13,491.225177609092,4.33543399962752e-55,8.50644683198997e-35,2.11641872039316e-28,4.08363377552853e-28,5.05488248236295e-11
SERPIND1,4.01257913472471e-18,6.9101811206033e-05,0.0110050161160638,1.07834470974268e-22,22689.5504731279,5.21921965784161e-19,3.13692423075564e-23
SDS,1.60349373805398e-13,0.157915594553983,4.12792495625526e-20,4.46996210675548e-19,23082.5294274539,801.496406643043,464.537237292922
UGT2B4,165.731010761455,0.000585987719455616,1.02860150338147e-06,389.777654389347,9922.14075788643,1.26739573294485e-30,2032.42518106927
IFI27,0.000226463384645244,1.65543192225244e-37,7.24992830215041e-06,4.71227091420562e-34,11446.9748379444,9.31960659113561e-30,2679.81481088401
REG1A,524.907464014373,0.00192432200170195,3.82090124095329e-34,1.0332068761355e-36,0.011926577197953,3.20292761614243e-48,1.27412519071044e-35
ORAOV1,1653.44258911164,3987.83802612877,408.342268718073,824.175198089386,0.00092029878938636,9.72089932029345e-38,0.000441736819693227
KRT6C,5.9180471293109e-52,1.78891253656313e-48,21010.0065639923,351.319153086351,3.63239058763578e-82,3.09251221634345e-83,1.68955286416676e-115
CMBL,0.000181021191193256,4.69516698709454e-13,1031.52162129691,1549.89230166602,8496.34400194041,1.89139578769798e-24,8.87567473006297e-16
NPY,3.20659966599212e-52,3.26349466890367e-41,4.00205177912052e-106,1.8341900902578e-92,2.26128849066662e-184,2.21630381829638e-271,17792.3395819029
GAS7,3.80033697447006e-33,7833.98022152141,1.25563602038532e-22,6.03925718128432e-24,273.009577896467,16.9919107647134,4.92776967152256e-17
CCL19,1.89780470580158e-27,6.79434174085642e-33,2.53263860902413e-46,2.80790447832888e-43,1.60034928638593e-31,2.46514350776067e-33,1.39398484735894e-61
ANXA1,7.46629289696183e-29,9.65262401275097e-28,378.323368756854,693.549994546654,1.05681576739431e-18,3905.71054331464,2.88820499939334e-36
CD52,1.03358230634735e-36,2.97258826427863e-43,2.12918489060305e-58,5.25605302306339e-48,1.61073873603349e-51,5.19622702435165e-35,5.86389283374656e-47
CLDN18,0.00265673111294655,1.91756217552606e-82,5.41861577292797e-39,4.04559112966303e-28,4.39315291275148e-25,3.88492183714115e-108,1.49996547647019e-18
TMPRSS6,1228.92523392916,1909.77548675461,3624.16411514132,9.22904514242904e-13,20029.5774456441,1.23054543580773,1162.06412521968
CPB2,2791.00713182413,3345.61504145542,3331.43661816832,5.77439391120502e-25,19431.8990701572,689.357950023628,8.96328433084163e-07
SYNRG,0.00552173609513611,973.674476600882,814.710571119174,605.115138553465,291.789227043469,497.885238868398,0.000900036408903375
GSTA2,5.86735995417601e-41,2.97078438545372e-72,3.77503419964979e-44,1.11058853892286e-48,3.137449427796e-69,7.51218819187528e-51,5.29370611839844e-58
HMHA1,839.954505055391,4.55085629848824e-17,3.61652229750842e-09,312.488289725836,540.793626014862,497.489725062805,9.36890813875833e-05
ABCB1,2655.50994181398,5.1855551271413e-21,1214.05663003783,1.7918359174127e-33,1.86487965082552e-23,2886.70319831755,5.06997948371737e-11
FABP1,2.1054545674937e-15,3.39812193133051e-33,0.00840607252489335,160.186158404415,2.29519370439498e-05,1.54170446031119e-20,2.14305073975592e-15
PKDCC,1993.79850158577,1790.05035557626,17003.9712237961,5527.86959839142,178.188706585689,3.5706638361227e-34,0.14762448775321
CYP2C8,283.073432759749,1154.80237103015,1446.41991154013,0.0157717324742,17655.9550555639,2.4924916663564e-15,2.21489020216867e-28
APLP1,2463.34029575579,3.54304930883087e-38,1288.82626630321,593.009667196693,602.900163862112,3511.99540249298,4291.97334257089
ALDH1B1,5374.06138805451,664.659350115562,671.534250087461,1269.7810693235,2246.77644791734,0.00103089779413735,4750.68126593543
ACSL1,2.8310791662808e-13,599.699093525531,2155.96152521319,1272.05215703474,19444.6196907765,782.470130766133,0.114920209431647
ADD3,1735.40795549671,1858.92140516894,4824.96185323687,3133.65031181771,3.42657748819944e-27,52.6260405966953,2155.30792257782
TFR2,667.380852036602,3134.5620431493,0.000310064254441613,1.27385428415491e-16,16364.2406546344,5.78486306521366e-30,2.68595249218741e-19
PNKD,2664.85553048295,2004.92284143705,44.5331909662374,4689.88204227627,19755.3313465076,659.275714863312,323.771238813619
ATP2A3,7.2091041612408e-18,5.9150664172927e-10,1.32845855736405e-07,4698.37032394678,12.5190541050911,5.74541802755603e-20,2.07760198005958e-19
SLC6A19,5152.84283479741,1281.88345737531,8649.22758935937,0.00386880971534974,5.32124328345123e-65,1.35143628239659e-76,1876.36242319703
THSD4,1507.75642900962,3474.32713807293,612.909418031886,0.00955939280383625,1450.74367252039,1347.59613459606,4001.84846862495
CXCL5,4.86741055984114e-20,0.00120472341067454,2.88923705524579e-34,15745.1566651168,9.90362557649067e-58,1.74360950771189,2.2141366326494e-09
CA2,5408.31238705955,2809.71682269865,4519.833502002,1347.39515715702,1665.94705392784,1.05512753241141e-23,1115.26751778985
SCARB1,1583.86116178232,668.329700334078,9948.83449628302,752.187260632753,15792.0891439764,2005.94506279923,1110.59826238354
DCBLD2,3.96753703956274e-11,3.10368082868275e-21,314.318138119426,1254.15526376879,260.604272034958,4670.0146860936,942.968583962759
MX1,2.99048377996276e-09,2355.46186726438,3.40101229704612e-06,7.49557463614965e-25,504.734810442831,0.00695141974368889,11085.355459833
SCNN1A,0.0114562403579748,4246.3709712089,1211.56342401154,11601.7136113507,2.87321514816413e-27,5.73511771645067e-24,2.41851614493852e-15
MALL,6.65562195686647e-46,509.818805861282,4.03845092490352e-24,7.65369808674158e-09,2.32941006185042e-17,976.191441447668,9086.09582585671
FMOD,1.79314018116573e-28,5931.01849773168,4.87557851103955e-14,1927.3570985219,211.734059811296,0.0038296832428925,2.48479719688727e-21
NFIX,1579.86021057842,4248.7484197257,16935.0788450102,6.86623930993381e-14,712.618587191379,2669.74459507307,0.00388588443986105
MMP2,876.099441858944,1223.75384682577,1069.37275398681,9.10375664880511e-05,2.71955741010857e-06,3218.67224289745,4.85408102162645e-05
CHST4,307.865484391556,616.719379052064,419.788514009357,3.39741899539878e-13,1.7671961403058e-15,6954.52576893462,5072.03394417872
CD9,0.0338125278906356,3335.51669927794,1015.16344902594,10615.1143712137,1.31953417862317,1867.51101867549,1354.5747346962
HLA-F,1958.70844044015,14.0568128613011,2.45558239434969e-09,1.16626639547104e-21,2173.67515247241,0.00255040602796547,3985.2596834426
ABCA2,3962.06898408864,3557.57660305857,1923.39025106931,1419.79401701321,2300.80268645528,5816.29228609157,3940.52611425213
C19orf21,10829.2082658187,930.384006749075,2.0822095684673e-26,4153.77302638394,0.139412027065604,8.10137666726833e-29,6923.81437330877
PROM1,4074.78719138519,1839.19582209787,7.2487341515154e-49,1508.59772586937,5.74883573456459e-45,3194.2101028012,5.12083019656298
ALDH4A1,3046.30125107151,880.38084213885,1898.48584825383,106.72351510552,14851.8740618649,24.6361008367941,1972.95169366254
ANXA6,1.15471335548925e-05,216.054659837957,371.876197919923,8443.85531061742,14.4540921955868,608.072148656703,4.17681384105354e-05
KLF5,610.103841500911,1936.01318130516,1456.61111819945,9226.71716182331,3.868905872664e-23,4.28194051341753e-14,5555.72305612582
FRAS1,531.697869498619,5503.1118027765,6.38743139110473e-12,0.00517286959328528,3.53496581063138e-14,4.86515567568112e-20,2214.59444569015
TMEM63B,1603.91179661664,1744.54311944944,3097.88845644395,1033.45476003848,2193.9159465606,240.086613438459,1530.89843768496
POSTN,9.70785263210133e-27,4390.2925521617,374.524469576231,2691.05847446553,8.75844045253497e-19,792.711637014459,1.95927228071572e-09
IL18,8137.3231908696,3262.49410730103,2.48652741185818e-18,0.0139952419190741,9.66042056884704e-55,1601.38989805077,1855.54268876811
VWF,1242.4265302545,1090.47639645432,2.33068103978633e-06,2.60073812421663e-13,1.21884090155536e-11,2.67959767067958e-09,4.36808211309022e-32
VIL1,586.071543559268,2845.76144839453,14516.9026668838,3701.92389225743,46.845279323363,727.451934249817,6746.15301933743
HIST1H1C,9716.54145513834,3444.90813475872,1230.04145807244,1.36053279827189,1.41453037130143e-06,526.986178760375,7601.14152855097
TPD52,1100.03513651817,4963.2550487713,709.629348121851,1791.29328679279,992.284899258511,535.248068812461,1163.90752324677
HGD,4193.30254767489,3.53053073826622e-05,3566.73472750583,6430.28466185675,13079.014284071,1.31652198166571,4130.56926932671
PRSS23,1575.89103989978,0.000241726491058791,1013.93028948624,285.505028948399,385.750177706404,9901.77895131739,3302.49831110571
PVR,866.178823583134,716.834029247277,3492.44436113278,1031.66335568892,2435.53860932043,13629.737164182,2326.86784219951
SPNS2,6583.6138194939,587.573210477505,665.979111382143,1147.2043247181,5.51694608951758e-10,3166.47105746294,9822.81007156231
FSTL3,4706.59693510355,3674.33303002431,0.000107250613939744,1.82019543526834,0.0131605364935306,7725.71489163855,1.10721124972429e-22
CKB,10719.4952499147,1043.00964425204,362.993629389886,95.5024961229814,8777.69373021282,2.22704323399802e-30,4714.79448147181
NPNT,1864.905395634,4136.09080972281,456.685908466505,1.49643150594976e-07,1.56628914294602e-32,12.8801192711381,5519.22043840188
SULF1,1.7656282910483e-15,1841.49330244558,9.33370440578412e-06,0.0166137894759407,1.87291981182726e-18,2308.68694111243,3477.24071725226
LPCAT1,1999.5561944667,2.04899563200361e-16,0.000650110944454878,2372.63623759632,813.218927398873,2356.39435863777,4576.1850072791
UQCRQ,9291.39051707991,888.775342277061,2070.89734843226,1589.88955333619,14317.7705808622,3004.89562280497,2872.83340289738
FSCN1,1.42877227938476e-10,380.766409535019,1.01799036649268e-07,5863.76973730549,740.093272606233,2.04584706803766,4688.25771014049
NDUFS5,13553.8097835997,1750.57684405471,1239.92897117609,1719.27219180055,4685.99379853741,3636.72795077963,1277.81910789748
C8orf4,563.98976903714,3781.01106906829,492.835750449226,520.878884915881,2141.28271153188,6920.03473078292,6.11474704112128e-18
RASSF4,1139.42610633188,3862.48008845136,893.073274107038,0.00145184982991107,4926.6317392973,5094.16041476539,2.2483386768252e-09
TRIM27,1558.50184479808,1500.83376594146,880.42687216765,2538.74515364076,1810.9555103342,1.49666217125936,1038.4340026842
NPAS2,0.000197977690118735,7463.89342492287,3.1300608739449e-07,431.003861851041,1182.12640199703,495.166315113802,4359.09109791881
USH1C,10752.2771308427,1476.46133678785,2168.67213962281,2254.49195751578,833.858015239662,1963.79806826928,7728.9403285921
SLC35B2,2644.62752920354,2515.77660665846,0.058827250292972,2128.99025236558,951.418665268327,632.154313221458,2805.64440522627
CDH2,0.00502692256960938,2631.87525297095,5563.71601619113,3.18999977058678e-23,1387.92264991269,6183.22804814582,3989.5586960407
LTBP2,4.87780521900018e-10,3743.93459327613,1082.91368368833,5.51386935459201e-06,2.77852318913531e-13,1961.26904687934,1.25784211811561e-26
ADRBK1,2077.88750425419,1567.75665187991,1859.20876037397,7735.57623424968,1300.82944935975,1421.6825973653,813.231436619029
C5orf32,4447.75423338797,682.582500945098,8144.04839323041,141.754299332162,3804.19304056214,2361.57110082672,5544.80131651231
CX3CL1,7251.86459176985,2332.33417896879,187.570137680118,1.7758024860769,9.94867820987032e-13,4.63869945899272,372.746674598742
COL5A2,6.70775496688437e-11,3046.86753762629,918.622449347133,629.045003029114,104.045717853004,2513.8637269446,0.000878618236857881
PKHD1,1286.96748869275,4601.0498064984,34.1971671550213,7.51950413953426e-20,4.50599290976268e-17,0.272250825583682,4447.89873821069
SERPINA6,5217.98360435999,2297.94876139998,383.647441224683,4.7133890907261e-14,8335.21712001524,898.479954117936,1733.94639171754
LOXL4,1371.68371846694,4694.97985118127,6.66415772115596e-06,1.1038718203131e-26,0.0195859571594715,8232.41752640473,224.342628566864
CAV1,1867.6243511336,17.7741304283818,1423.44002611478,2.45669715860819,4.33982662854717e-06,10366.1492448481,744.271556969902
BAAT,5526.66122636197,0.00398126325146968,497.439411787991,5.66010201986906e-23,3998.24936150108,0.0223417549608743,5001.25057097132
TCEB2,13432.8118720214,749.158119037337,2007.30154431475,1678.6397825042,2789.34333532646,3410.27284187872,713.681535856193
LDLR,448.177465397926,4789.50848970037,2199.0288963009,0.0728349313680826,0.253934674982744,3212.25259875687,1317.01287600371
ANXA9,5069.65737955942,2600.26688652753,0.785825221696053,3.83560386141275e-28,336.486231918185,3637.50027632871,8072.77645367833
C12orf75,4563.74309784499,1162.01720815488,839.191031573534,177.789203530956,0.0024156422786781,2845.34637283305,9859.43588022328
NES,213.122087888626,6800.57307331095,799.941622545619,5059.75093683229,288.662638123114,1219.3212923875,2.10995284925986e-07
BACE2,1368.7429569274,1965.64812899975,1860.00857147389,4008.14297537103,241.305233280933,4140.65196303473,3477.84230830361
DNAJB11,2853.43374932726,1498.55350490515,13741.9383176555,2231.84738176633,5613.00650809991,2678.8470991415,3741.45328377723
LPIN2,2868.87736997962,1288.77007460158,6315.17812116471,760.19552342878,5814.66439276133,1355.63981832339,1340.43874630578
TST,7098.15983016451,1647.57031618556,940.232113798442,1912.7185376036,8203.87476557836,1149.24778906142,4148.02214584636
MYO10,839.168893717148,5123.92525313692,1554.5245191695,4525.82326231686,401.965072615779,4695.98767990624,1119.71874648981
PITRM1,931.457300333781,3164.42757875868,2573.75582739304,1341.51182488581,2155.73510992914,1906.123447554,2299.95441453876
ACAA2,4533.69030714229,1763.92195392571,9651.79715579276,311.296598148011,11433.8285856292,3069.79732676406,2692.35597729106
PDCD4,2213.97761466244,2693.91535532391,9146.89354939551,880.662231775217,1365.89504346763,830.895101821371,1187.86973773589
MYO1E,15.3754402844174,3239.82525670847,1488.390083658,3709.69403600388,1442.1296707495,3802.29982099976,4546.87403018816
UBXN1,7462.49993066695,1026.41467390634,999.14113981381,2443.90247740511,1893.8738347844,5064.05218338897,3890.33424057031
SLC1A5,0.479966935736526,2159.99460944834,1.07908981569091e-10,7368.38017745294,4.99487024204322e-13,646.882319537853,1165.2492285281
AZIN1,167.831487409413,4463.84463290265,12887.1907356118,2656.67139462465,1636.09473050043,2786.00359722739,1964.75837518476
FBLIM1,4659.49167333681,2508.24186559916,2524.01717066054,872.76051462851,1022.86405582028,120.912852937263,12589.2962519506
ATP5D,11159.6368294865,417.053499890894,1476.91558888644,1303.89077469675,7092.93136675242,3666.36423685421,2177.71986664378
GPRC5C,4924.5533545829,1325.919587117,11190.7032229582,1893.65849471461,5916.81658670853,413.596414526946,6701.62413039987
SSFA2,914.367023003852,3142.02438610158,2422.7763021129,3252.199733489,1363.30966043311,959.904349766516,1755.46512470161
RBPMS,7471.55521516655,2222.07255445936,681.06535450756,13.8110644051061,804.992121816451,2132.42051886572,7320.13932743838
KIAA1949,1.81636217584984e-07,1038.9081252703,178.138761902149,573.329224945408,0.0114687877062945,2002.95206780504,1833.07225109733
TXN,8425.44137282991,163.570864695616,114.27507245825,9139.77745487624,5595.80695466821,3202.45590925017,2280.99818384665
FDPS,3623.16733006657,5096.085251333,1374.87813950704,3290.82819354055,3061.00250948218,1960.5541690161,2154.75102691331
LGALS9,5773.26251075577,1747.56037832626,2.39580112252196e-23,1050.93921975515,2360.08276934752,2135.85042751673,4509.94728175057
CYCS,2488.42308897436,762.523203770938,3113.10298700861,3533.73517578121,11910.7211572465,4632.56836772021,4299.51530445044
PIM3,2759.18969972786,1719.42060070254,11202.9184528445,4616.75615952401,4252.42205934034,1117.6758070797,1483.47638091937
PER1,5768.2895747586,2786.64334422823,9327.16080506132,0.00491277612338157,4109.23551260439,2288.98605868672,1.44884804269628e-06
CYC1,4528.15498959351,2465.55863932029,3127.12693632014,3174.5142099919,13427.3221923155,3305.68317234907,1339.30923292919
CLSTN1,1388.79155100026,1410.86579927888,4668.67876677612,2315.95657643308,619.107409627352,4293.08892521092,797.011931489647
CYFIP2,694.710525884657,1598.61716580809,943.772926947255,5.52535544005101e-06,280.421819795029,3126.43069772891,2881.91537517578
CFI,1994.61976564771,2797.94872654066,2035.12212582483,616.142019557398,4984.4282069362,2835.76235492801,84.8651030761662
HIST1H2AC,5949.61295447543,2965.20117975162,1641.73583845277,861.974605450197,127.028338611496,5.49510422763162,7592.00963565238
C1orf106,3147.51695786194,3468.42412071921,0.00121262248136776,2157.74142966254,2.50835189787564e-29,2315.23209209713,3228.84194036973
SEL1L,5.88817482943408e-06,2589.25761147171,8293.1193113834,2080.00195601083,10300.0365353923,1320.07654093231,2159.1088797351
TMEM2,0.000586067486136914,3494.81307540064,4552.84639621821,5044.29071505421,2653.89769873959,840.442444905401,1749.97740191936
DNAJB1,1942.3015825039,2905.13804590459,2435.69432121523,1291.34922510015,3638.75162444986,9396.81828535788,2392.10403925627
TMEM205,11115.7356859061,2012.35854805831,924.13386770437,764.57435411622,2226.93674438677,1831.52528692439,2578.87852940745
SLC3A2,3489.74920547443,1330.3262193708,1134.01411018154,9684.72783169067,1030.07398045237,3209.95045869913,4905.6539429973
TSPO,8322.37057872461,1586.27036738383,541.984625892512,2836.30225245971,1051.36699758302,4125.32706735375,4305.60574512257
GBP2,2980.44676989068,1429.32890078609,2224.71371836671,8.9689976949769e-14,3290.55567435927,4651.83331414469,3861.92219355817
DDAH2,9064.93010229741,2208.89848138554,4.56883464351704e-05,5215.74559941584,1356.48853700326,0.0395478658650323,2872.62182524039
CAPN5,4866.14654110984,1423.11756962503,1544.87016593412,791.022269180232,5702.40279386472,0.01604722521234,2361.66635166478
EXT1,1048.63329764511,4690.8282635597,1090.52912646642,729.481169397167,778.043284332283,2954.66972401245,1735.91982100559
CLTB,3771.36918336762,2863.70171152174,1499.67100108585,0.000176525167887894,3205.99954380391,3189.67989219167,2093.59137977744
HLA-H,4003.34829148423,856.032025038772,656.855245658205,900.773251772223,6669.79495920547,1563.78466379359,3472.42007657284
C1orf198,1827.9385596903,6967.51549298162,1461.55591713391,2432.96707875296,6789.67933589788,2022.52936398343,2980.88177923456
MPST,8011.98125727515,2979.79186465534,1135.87261078632,4437.43663791924,8852.05046448609,2241.03771272736,4396.46099329146
SNRPD2,9465.36890798988,1596.08512387983,830.459231360765,4009.99102582985,892.938105076509,7437.52251654371,1670.20804724001
ATP11A,0.0926573915682285,5608.71167126381,3035.65951790718,2403.4627361354,1145.23448488306,925.003512766227,2194.27391628174
INSR,4510.92277271443,3154.53361051393,8364.16903753148,4.10345764259698e-07,4184.31368292204,2174.64364465552,4847.85371975743
RPL18A,8215.57214095481,1454.2657664156,518.729496592226,2366.48370713656,669.454137336729,5054.99500132855,1797.16408928935
SHC2,9504.01985239705,2569.28940093801,0.000515682490743246,607.886025797673,1340.870987803,1292.82314626654,1244.9617969225
PDGFRB,75.9554007307778,4162.41596547178,1824.07479012625,187.106294924575,878.058689819926,1674.40976682594,6.09424621045377e-05
IFI30,3463.73421039355,0.0568535340569481,1.60622549017994e-05,532.553960906029,3605.19928541741,3099.61669666939,2346.12258618914
ATP5O,10478.5447630945,1648.06645137648,3032.59143917717,1693.61952699312,4456.49437164313,2483.49589382142,2784.41803695018
DPYSL2,4462.80272366204,3616.50887213507,1165.9827095392,0.00248417419257384,10.0136391239057,2420.17767339269,4948.00920152106
C19orf43,10953.1625116143,1676.10752611871,1131.77767216729,1086.4640297414,1197.39315543346,4109.45321633774,2428.98302310636
ZMIZ1,183.999371386501,6348.93257662215,1618.95742336077,2355.79218191861,1360.63443489814,4761.88751726347,257.769024926351
FNDC3B,3.55015752008346e-08,3191.93729151606,1721.23390924187,895.869405342304,1785.92569298585,2374.31882714572,3238.61854481872
OPTN,2230.94889662855,2692.59052416623,2745.96272967499,2.40184248036088e-11,4585.79506390271,6200.61588795749,4714.38192771894
PLEKHA6,2317.34007695065,6235.94143948541,1450.47863290478,2856.65562550394,1550.7845370626,530.04648103748,3027.36779853266
ARF4,1115.53209172121,2307.62411072616,2813.56778440966,3030.02748670383,1347.41407534663,3108.83585818347,3526.32835065275
HSD3B7,9486.47671343506,2716.20696775295,309.4619152157,0.000250274564422608,2140.62370024448,1724.64967209762,2067.54787174091
CDC42SE1,11.6202550153322,6854.39806282793,1804.10669609772,1897.45826967102,4962.20264824764,2503.40723699104,5135.95108218388
MYO18A,1626.44477423079,3299.90546835231,3403.18294562888,1741.43362971217,2480.66710562654,4073.95569453832,7198.95225693798
CLPTM1L,4553.17982224576,1787.18275994412,1563.91331748059,3447.92948174469,10843.717321609,3555.95908067922,2173.41994125168
ITPR3,68.9345384837589,1832.36506221088,1239.10976685143,4774.53150317859,814.601703473948,1815.14582136314,4681.44839459832
PSMB8,3448.337850607,473.090110469295,641.654970959096,679.964215208199,5495.68847756684,993.094954963928,4169.67915328233
SLC39A6,1400.46711352673,5333.14407489184,1556.69206292467,1377.52509948747,275.781670754356,2606.34194899627,4100.44039542705
ENG,3532.09102204806,2232.34057864605,2674.75841970124,33.7346346745212,202.494549037858,1756.30782970201,1.39900866929476e-06
PON2,1942.48695040442,1823.10581725932,1552.87016429543,7245.81298816189,2547.00600099292,3812.28529176583,3104.38795333913
NEO1,4919.56237081264,2924.99949299406,3173.45852045385,2616.31953680532,0.0180135117724629,2689.78313784616,6159.44106077761
GAS6,1775.57578540687,1838.40334518966,6907.75667898772,1565.61635889141,2388.32210588144,4242.78899111609,8.4195388031521e-20
CAV2,4105.62996587994,2261.27640629694,1824.54575485072,544.576359846585,651.348294966474,4708.36957822007,6552.05565051986
CARHSP1,9488.99894797985,2419.26108394741,3012.45944682847,1197.59087551538,3268.10425899721,6928.84926972887,1852.31154012861
GARS,2843.96843020788,1023.36197845057,1349.0333721269,2205.2714203633,2120.93040359261,5831.06201477899,5950.28903840344
MCCC2,639.813122096469,3085.36121365861,4311.35131338819,2786.82467189531,6943.08600228293,1784.59342691978,10205.421135039
VCL,7.26688395045017e-07,4801.64179846521,3209.34036963952,1147.17804643072,529.0692767228,3494.55670477598,879.914063782216
NAMPT,0.925815677981863,1194.51935305507,5664.50241667492,1253.54900908486,5438.58663175533,5773.74207877625,1200.75919081309
RPL36AL,5438.32960532951,1566.796696434,870.284496960143,2563.42203157392,2964.67129253047,4989.20659053913,4851.92740644698
SIRPA,1823.82497672712,4231.6107306201,1031.92748801729,0.347235710903895,2973.86937303945,3618.27641760996,6431.5722681654
CCNL2,2660.24035657948,2729.5451015348,2186.10119124666,6721.65803097701,6774.19555777699,1642.01050796351,2350.54753733142
FCGRT,7559.3418809473,1977.18802546859,3864.38542838056,1786.29252907074,2338.12016220505,800.998549843864,3123.27572965758
SEZ6L2,4241.16652518213,2749.5490988851,5165.2646396229,1412.88794385733,1454.24775062719,4253.83183078284,7880.24566601364
EPHB4,3986.67435834301,3237.41146434105,1092.44838456162,2854.62998724591,3957.33587300201,545.816583335746,3298.67448949183
POGZ,1353.06185058058,6923.27007695499,1469.70227182376,2741.44214183831,2064.66698214131,629.437880633726,3842.97452841306
KIFC3,6827.07967143461,2768.83506579741,765.328625477655,2069.85537702912,1153.88071520973,5209.21626889725,3430.93652190824
RAB25,6582.38439348274,4143.74898271581,1243.13868592154,3377.44338400884,1.42770727294099e-15,2140.21260785743,6031.26689010102
MFSD10,5927.11516380391,3504.81066544942,823.938630350721,1995.30715236429,6.7338409727251e-07,2532.73095664306,3008.75898257726
DPP7,6202.07418739413,2431.67937216882,1286.3082305001,461.932546445111,2734.01881455869,4689.30001367422,1842.56983855143
PTGFRN,770.53918563226,3037.80814357178,1018.94135170632,2026.19317779393,715.820245961217,6036.17764243661,2134.56914917514
PPL,2523.39161654396,3347.92380620381,1632.14040782789,1275.58684448774,553.27876557339,3049.07467116583,3007.88276988196
FBXW5,5309.06828605852,2105.42493795698,1877.86817824869,3180.20640187232,9626.65243191253,5700.51906826197,2468.82349966917
SEPW1,9023.67006886224,2985.85665110682,1993.40341129779,4746.77475773143,1019.73797446734,702.13903363233,1426.21116331908
LBR,677.281967010296,4809.32783933141,0.072695000664282,2673.36814505913,1944.94984221098,1345.85009948625,175.975348023701
SCRIB,2505.78227568893,4885.92350955392,941.565801642013,7028.04692321098,1374.87216265536,2769.23561449095,1809.26096318306
EPS8,410.012571141028,2586.75976479663,2083.80931877471,5948.69073979518,1282.11718712636,2464.67742743187,5942.19736418674
SMAD5,2414.84322377995,4411.58330984782,2481.95189160028,856.235383787893,1941.37492470799,1985.34794627956,5281.87959096754
CNN3,1293.93715338941,4416.09404615613,853.037335591376,1796.94094908402,3.70472451804492e-08,3579.64602352561,1.51119156520394e-12
TCP1,1154.77959859905,1810.03409755442,2607.86857840082,4749.98936555177,4973.73582576719,4176.74491049405,328.796667458473
PDXK,5143.94263967073,1162.44621071015,646.167216447403,4192.52282862461,1004.72795374616,1073.96599693098,4217.79155890548
TYMP,2597.31379235454,1796.75953745016,1.522329623787e-19,1.95904789285072e-08,3202.95876075199,1582.66230958326,2826.12579963094
RAB10,1620.37131633821,1376.33245646378,3021.59020218903,6738.76282148728,3662.09643360921,3150.73967681441,6496.14436268427
SDHC,1959.60767681,4659.687456022,2688.64695715321,2697.95531029758,7538.6880624565,1462.87662037218,3645.07304858567
EML4,2551.30194607129,4561.58683548083,807.031200955984,2443.80804813059,2593.64355492766,618.727478090883,4253.79105288768
BCL9L,648.261652575665,2926.1243198502,8078.20486624964,734.745097171225,578.307807472177,4538.36943310962,6400.859626878
APRT,7271.75547343592,567.578274385525,1244.32779681081,2546.15298857306,1753.94365243316,5701.31886908788,1777.46172686186
EIF3F,5623.61839449902,1860.5366370615,1993.44566287429,5216.37940911256,1926.70478013772,4814.09559214259,2491.65896396029
ZMIZ2,2447.42836878894,2942.26407005412,941.579912175879,5437.82725651576,1950.56579184054,1789.32103941529,1327.14786489019
AGPAT6,3387.70489401422,2415.09612369506,1874.01454012962,1080.52618857193,3932.05679168608,3022.48477063375,3001.3733317392
SMAD3,2445.77004534916,2558.4885757046,1995.15542533826,2697.45141042048,6.65879096949794,5126.1082287009,9572.17127356417
SHMT2,2814.90028996881,1769.77826591761,1453.77151748142,2493.06537753915,5069.49728285785,3347.38903464768,1806.73403727069
CLTA,6902.86794158052,3463.07247062191,1542.24169318677,2528.37763742177,3263.93846825666,3154.06764765095,3121.84395347174
VPS28,8911.49273139255,3749.86244809261,1324.90037873305,2425.18735528626,2809.60021409896,3499.4828585467,2265.47231033994
STK24,1214.27270138032,3068.0180653977,2721.1270282564,4832.906912111,1874.07051646001,4073.86285307941,7909.84866914977
C12orf57,8630.43420171269,2615.6156204199,1045.10001267093,620.597833586823,1008.98402051284,2296.35764165987,2247.28560075424
DBI,4956.17125849381,1757.79025580873,1377.60556289098,1847.51271611486,1009.6970304276,2968.09849874313,2445.97507527868
SCAMP3,3717.5796607571,5059.92303868531,1063.65987541406,1666.92311234305,5924.1162869597,1967.01201636862,3527.74437354854
RASSF7,8876.83200593877,2468.07433289752,1310.82564108536,3273.97834163073,2662.12568774033,3051.48996994396,4970.09758199124
CHMP2A,10017.484782543,1569.73728934184,2330.63789715169,2725.50284107289,3936.07187200187,3276.12908706149,3556.4794449013
HERPUD1,1020.30178253274,1222.83202223019,4186.65392090567,688.973938616298,4436.42594249999,2977.86576463345,2984.67831867336
NFKB2,2794.54038423318,2880.1305172002,509.933957059017,805.008365897294,882.081961385041,2674.10283308729,1550.76605522927
ANXA10,1.36921311562112e-42,2.51542541677349e-106,2.50766070544046e-35,1.31944302066888e-30,356.647657263863,1.66895994003303e-82,1.19037142669324e-23
MYO1A,1.41864130063507e-35,9.55039668263062e-50,8991.86621258059,1.19981474385346e-05,127.023309031095,1.33190917170155e-65,8.95431869058982e-45
KCNK3,8.16771337065471e-45,5.21437440330599e-46,9188.89471355787,2.11970864990215e-13,1.53056603361415e-67,1.63137809448226e-55,4.61285020540459e-75
AXIN2,7.41758158775571e-37,18.9110873780337,756.264128046893,9318.6629082956,3.91053162851357e-46,6.94560778474331e-16,3.59184185464176e-50
VILL,3.75118555308312e-10,1.23848555382797e-30,0.0071449201202378,1.26403124226961e-05,6.46837689752863e-24,1.34488224081944e-50,1.60413226681343e-08
IL16,4.58091201240749e-27,1.66704546071906e-13,3.86245565811224e-13,1.19661286646152e-15,1.03024555685925e-15,1.12851362501312e-11,4.77943586264074e-17
CPN2,5.8735736531916e-19,1.44985716767425e-27,4.24129053996534e-14,1.00726784850285e-16,9170.55330984602,2.7845640070814e-12,2.75585639676502e-20
MACROD2,1.73550076867598e-40,1216.93222705429,443.149524993286,3.18850510769273e-45,2.29470388193996e-20,1955.01249934329,0.0265956130990088
CD27,6.2597178525955e-64,2.06776122588947e-51,1.41294009516561e-65,7.07386182495999e-53,2.44769018847602e-70,4.39715399549804e-42,7.04452218262426e-76
BLK,1.63489726408569e-115,1.29526817160846e-82,1.10406833062692e-90,1.73311445130867e-109,9.07990238532605e-99,4.13225622008712e-80,1.18698583543951e-111
FOSL1,4.01545743632379e-53,1.30156614304704e-71,2.85558530657064e-14,2.63717884360259e-45,1.75857375842417e-35,1289.22029226364,1.49652893383523e-52
FBXO2,0.00266573705853273,3.21063741846541e-21,2589.16845769411,272.985706795272,1065.9931862091,0.00729107769365629,707.607088860511
PTPRD,232.666880261095,1012.94447892448,739.69472049008,3.33237191377042e-07,0.0113942331972597,2130.17994430028,9.75616483623485e-40
NAPSB,33.8415377786999,5.14708366779455e-32,6.64991247122031e-44,3.37310614799342e-44,1.6788956508108e-53,2.3113957055815e-15,6.93466087116407e-33
MT1G,1968.44930918006,1.45494954343621e-17,0.000138353659369864,0.00246851344087104,8.31358874098106e-14,6.91242910776158e-08,450.182491717723
EGLN3,9.33267713586682e-29,7.52586356167724e-05,1027.76204434313,4109.14113642894,296.634945663788,3478.95908667759,1.75698376394164e-13
COL7A1,4.84814238585023e-10,782.510508830084,1.33233973446351e-21,332.441350413764,1.69588997670501e-29,192.439253510195,373.008337895043
PIPOX,1.09285574097519e-13,1.42673938878531e-18,234.08902313096,2.17531376579462e-08,8135.57267130493,0.000214779404947066,1.3364029488288e-18
CARNS1,868.700307243937,9.71008567876217e-05,9.02510662754696e-09,589.304885204977,0.00016781929579696,1375.94357835053,1608.25610951128
TCF7,2.47843663192121e-33,3.16031610978852,3.28480807982013e-13,2576.61894352613,73.9967846820153,5.49992455134113,1.00601681354356e-40
QPCT,1.42644735385968e-40,6.21574870255582e-25,8.6328797805128e-17,8255.78178615034,5.54955548132938e-42,1.18456199379809e-20,2.54239092658334e-37
ANXA8,5.63128236295079e-06,583.225147711557,439.183663156706,9.38856126209713e-29,7.69950318945153e-14,2609.86638851246,0.000453773240825464
FGF19,3.57761255936952e-46,1.48562995635284e-36,2.55851761093093e-36,6821.87014162839,199.243921369782,1.90313026881618e-72,6.57700135121234e-38
DUOXA2,0.0233659543338342,1.35572037368868e-27,7811.39079992147,1.77553600051963e-14,7.62125826861887e-60,4.60173583397014e-24,88.4841498322978
ALPK3,673.029824227119,1117.43736850309,278.071501434908,289.122843465751,1018.65334647621,0.00440018787427942,6711.5065734381
ST8SIA3,2.57117577821597e-22,4.69284785386284e-23,900.709773705481,1.51027179113717e-46,1.56175066593819e-79,1.75884292846133e-36,7395.02043151514
SLC22A1,4.52668846349214e-08,6.23056909409101e-23,2.31935439903852e-12,1.48673503072082e-07,7890.89085497697,0.0180616695279727,9.96630033665842e-17
ASRGL1,628.090795684781,3.03204637966902e-40,8.21375657788943,452.727759990316,761.20357847275,1082.19654414843,1415.65998439016
IRF8,1.54609531477085e-05,144.783964292923,3.13342793767372e-13,8.07354378416536e-22,3.27175191493509e-21,780.154364026707,971.982473172021
EHHADH,0.0243763817540442,195.062087002322,248.765439562192,805.074753871341,8089.96313517334,568.331733504152,1.16748414019776
KCNJ16,1954.39542444416,14.7140437870289,1477.94085503745,2.44823393409952e-24,3.56866514867517e-50,1794.7288411454,2945.04865077879
MAB21L2,2.91766570029398e-31,2775.83122100713,9.25315633147911e-32,4.03445155891732e-26,76.9652802958489,7.8568300216909e-10,7.06646238093168e-19
COL9A2,1358.131970287,2687.63033051669,2.16771013229237e-24,5.92869919672529e-33,4.863485981194e-20,1.02181899206832e-27,5.87179270968065e-35
ARHGAP30,4.4225996967148e-17,107.895352341448,158.62959431333,1.24546406786348e-06,7.10536698749506e-13,249.174252157221,3.89022737186654e-09
DPP4,2.08992481536818e-28,228.551349671018,1.28340271683785e-08,4.78254539868334e-21,679.659705247319,0.0109381733431732,8.79344311652958e-32
RASAL3,1.20018532377924e-21,9.08379231663009e-27,3.38605968175338e-27,1.79297934860462e-28,5.8742442097486e-27,1.42263448614062e-11,2.10948572407913e-22
KCNH3,5375.93979858232,435.863150003815,23.6555002192371,1.09986151701777e-57,5.03772391211364e-59,8.53342143996803e-56,4.19964540017459e-05
SEMA3C,1.67346203521843e-26,577.002399526347,1.85996800798137e-31,515.076207590232,6.06177049622582e-41,889.245399344541,1.20344891528137e-31
FMNL1,1.98390217674637e-16,163.933171403327,1.49729787304617e-20,1736.3231735278,0.0806521020603797,1207.44649689898,2.21875379539155e-18
RELN,3.58211855704887e-48,1108.1157382501,8.53468966088431e-37,3.51777665400046e-13,2.4562553981564e-15,9.57145486975312e-27,3980.5104060194
ALPL,135.280783306406,3.97871802352214e-08,7170.09980852383,601.261645106714,3438.11532131522,102.633552125402,2.02532432494471e-15
ATF3,1.77922303625803e-14,923.064778547421,793.731375443964,7.21417040486761e-13,467.689725072165,3482.64333066635,867.842525101809
IYD,251.716374199146,7.06032143250759e-14,6464.04685661084,2.70520872234194e-12,242.563167333624,2.90722909199993e-29,2488.83850449614
COMP,3.63958999883809e-16,1008.15027659397,2.15159329232233e-08,0.00431698700188199,5.97191803685942e-13,3311.57353176293,3.60329803904684e-12
MLXIPL,3343.00886713435,9.64951741544266,352.718016160722,427.977984866494,6598.49132993789,6.86517836021916e-05,406.74583269736
FST,273.624193203779,1491.29451009042,3377.68060104443,4.75380249065495e-33,5.31650809032157e-10,410.489430340849,376.872544984763
MAP4K1,1.19841274851725e-44,1.33552668821641e-44,8.71553044856519e-60,1.95791842882011e-52,1.87725168218261e-58,1.65984998631183e-40,7.14886113051654e-56
ARG1,1.23332409416232e-16,6.64907321029395e-18,0.048163189932693,1.72352672870491e-16,7367.43267083188,150.872994890798,5.26269770572221e-14
DEF6,67.324561917434,73.912279015951,9.17655947282525e-30,392.429390038348,1.10634591795953e-16,9.86817174814599e-09,1.63754552554597e-05
WIF1,1.11189775448231e-36,120.383586855378,2.33238085682272e-36,7125.87026094732,2.35170647287598e-67,1.09523473026351e-09,562.994431789485
PTPRC,1.28110541420699e-28,0.00451014027099695,2.00417940365015e-12,1.23648634490669e-29,4.71965877018248e-21,788.325025154942,3.08794135386531e-15
ICAM3,583.712650481684,84.2486718473728,173.880197928406,491.297038541635,445.243192703231,263.84859732268,13.8327058036089
FAM65C,1394.55209378886,2.50592563228508,94.9976886964248,2.03442284528668e-21,3.99235463764817e-26,3.48923607734965e-23,2743.66219184008
MRC1,1.3527507509955e-22,1.11223504580578e-20,332.917550995352,1.39731958004116e-28,7811.08415678934,493.12694771884,6.1179401387513e-36
ADORA1,4.34007567938193e-08,1877.92239327002,5.01655519732819e-33,140.728723009878,196.123533794882,224.937707505121,848.358217398777
F10,1876.05714061647,536.233254659312,7344.82488316208,2.77300580971223e-08,1177.21139856289,8.9002292590419e-27,587.512692192433
REC8,1174.29783916309,345.470977181469,6.06643716411858e-50,2.39128135157469e-10,1.98475800642373e-44,2.27794869795538,4945.46635539049
CLDN9,1842.54993286774,1566.85450821418,0.00161672491867525,2.14045292223207e-44,1.20327342406648e-16,163.363915412956,131.919467981169
PLAUR,6.16468790164551e-10,0.000532066402037836,0.0109869185668119,139.541663297201,6.02835342484180e-11,2084.39292521895,690.12725997347
PDGFRA,8.58875698611837e-20,2279.7901595871,543.312878521298,1.59368529127334e-05,60.8381340513229,232.02072692476,1.68510916852693e-16
PLBD1,8.29293641083624,3.13312349442572e-09,0.00692307672476169,800.274322654449,63.1978010447122,1.58705016699854e-11,4.47381859062871e-22
SMPD3,645.366693148589,1.20807492287538e-28,248.567804170288,389.550143855663,107.354676874386,851.013027908199,1323.54840768835
HMOX1,1178.06431615696,2.39559645868484e-29,437.012821250724,799.6621950932,285.223455582058,1468.1080663887,743.157915512518
COL10A1,2.06173577189169e-10,150.649134802903,4.73442784774833e-15,7.7055761413701e-25,5.6611729189272e-15,808.067810690983,3.7175635916611e-10
GABRB3,453.617714718284,295.272608078859,6680.73215079633,2.04024616171235e-13,2861.27042906016,178.748817631605,633.632607690391
DENND1C,29.1620535297022,337.4318261907,337.298990708437,10.327472635783,294.037330218356,426.705969352392,397.146613825063
TNFRSF1B,268.977798972197,0.00471321779109839,455.701379807864,570.260718417956,583.339650986029,1233.3298114635,1.82731447344618
GLIPR1,3.3596258304838e-33,7.68699577908687e-25,5.38425380132736e-15,4.37749109141027e-33,1.02950978419066e-27,1254.86173512811,2.3759744218515e-37
ASPSCR1,1376.01406809745,239.334975752826,286.594236340978,7832.27198274571,1113.38453258993,310.047038012001,615.993264458424
LRFN4,631.466731449668,484.187138284149,150.566682105174,7386.78674266877,277.212563208317,501.692351824162,1110.79464425419
F7,573.953695164586,78.2669465924545,6404.57618920986,1.13978255334354e-09,3469.22737351052,1.00579742855368e-35,13.965174444879
IFIT1,9.62143723280816e-19,1534.66790731777,384.897153995866,4.49873473599154e-34,600.644671325907,275.17755422844,5112.44447819397
PC,1.10987805013699e-14,879.414608897627,1841.31062416417,1590.30538272451,6856.11702351155,717.267618007581,0.676343584427862
TRPV4,788.118341927833,3047.516271063,2.39551838019996e-25,33.0060425666018,29.68174518943,438.43154322728,0.00251788126258695
APOL3,184.474110612031,321.901118487128,37.996637289894,1.6351627252109e-25,6799.73884445255,534.538703144586,0.0304838435881689
ADAM19,2.34046787380112e-36,2.01091847797166e-17,145.997735975284,2.69425645261391e-07,210.950527474661,926.498597745169,4.18632347661787e-39
WFDC2,1382.48407236704,2.30872518402676e-05,8.12469718138348e-43,2891.53875646947,232.386461421731,967.426418481977,165.566266431483
METTL1,578.71562613527,229.969355798959,174.164732278436,7445.9147513208,117.59925714076,540.114732743045,212.090969624365
ADRA2A,164.300671504737,3.22365487454616e-29,0.000139277632830848,7.50361428026102e-35,1.27393006833359e-52,0.768987553735314,2979.55285999165
TMEM86B,3283.40995655558,2.15086213828693e-10,1757.70655176164,211.533111190105,210.044303211992,5.10271719735579e-29,4117.18011411509
SERPINA10,1.21995748044322e-15,1.77852041213524,5039.68681057144,5.95647301530179e-16,4308.95495822525,3.79357308107061e-19,0.514483599422014
F3,1.07744659813451e-08,1.78053529378245e-07,5304.11910985749,388.526332203084,7.92859557139261e-38,0.0370080437416502,813.452609352829
C20orf56,2398.23188856975,1117.44764708187,4.72576858291981e-06,4.83854098669451e-13,3547.46330782508,1.44302722784213e-29,1011.62513190474
NFIC,2.23626675064944e-07,1291.16138538039,6970.14310758255,5.53074993143102,1136.22439403995,818.007900501098,588.82214416203
GBP3,1447.52139482537,2.19669288438354e-05,1062.73610393745,0.000155783156291573,683.562568890764,753.199396781021,470.239729107478
STK17B,9.85319133549834e-09,0.00115579409464725,203.390917225728,437.839734941603,1.85158275498912e-05,707.396561823524,0.000124976138672617
INHBB,420.959365727362,2007.47892950197,291.167806019357,422.549006637705,2133.04949773934,7.06236107198488e-19,483.597800127956
SLC25A25,610.597278301369,1134.73768921888,436.23610786028,570.997889698635,4855.81633112212,982.157275409282,1479.64634710069
DCXR,1232.26639188788,2.05378295031101e-05,1093.76273993631,1792.43531958873,5093.36744846574,772.442012910466,616.113636288502
MFAP4,293.872721277721,634.343773135244,191.158135292263,2.49382482791243e-11,4.49696220935269e-26,0.0613249880489168,6.28089425689192e-27
GUCY1A3,365.481742904855,2312.71740929109,221.016282868668,4.73936707230418e-09,0.00119841840808951,131.708455527053,75.6096937050139
C10orf116,2298.80632695882,46.9868158942073,5766.61640355993,226.54642238267,513.169666622304,1.17291484871171e-29,6.51684166864022e-42
KIF3C,235.996404763377,287.603051292477,95.1411440583312,634.783160562934,0.0525637200276661,298.480298358946,1061.36917127622
DEPDC1B,720.8916039818,5.65777951385782e-20,0.00256063478218268,421.385881346844,163.902096407115,715.57458571655,1873.24684787104
B3GNT7,1008.73607215868,1472.49933144108,261.080525534857,339.316357175487,2.75038048961863e-24,0.00924332927512901,343.596607948406
DNM1,3277.57482114842,49.289059167379,0.000987882349966545,217.091862968355,1.41859275296965e-09,2784.7563037283,4117.00138466159
CHST3,3.39040439815708e-27,2043.32105962246,0.000245348206658441,3.529183457001e-29,0.000109320728475905,2687.62305553253,6.00810022415654e-14
C5orf33,1445.72545389002,587.730087786174,612.774569738497,950.750801213148,6456.57334424417,306.442599461992,394.45731314859
PPARGC1A,703.862538791474,565.107014286226,1001.33601383379,786.061976673072,4335.41245630394,2454.32896130681,2146.01746728188
SPEG,297.61725204755,2548.67571451656,3.49567758125783e-06,124.096340759568,0.00489582095989429,479.990320687058,102.038348605535
CD4,0.00145069098042246,317.260483304088,349.901396185786,0.0314023894579118,8.49967449704326e-05,1608.9732813174,0.0017236395479214
VANGL2,199.207324260529,2330.96780264117,443.198743326963,3397.07121971993,1.98317000919457e-34,5.7500584554121e-34,1172.92045960342
KCNMA1,2263.34080882344,1079.36595164678,145.202561549393,5.64395260996124e-28,280.526993525042,3.01064908003181e-05,1029.53359536368
CSF1R,513.112235423643,1.2469326658479e-10,236.458935787404,2.63673360515094e-08,168.674783955978,1790.15439671974,339.303772209879
IGF1R,1.26715666811195e-16,1681.78082554632,0.115630753205011,5456.44389922012,1.14352458410736e-16,590.358939350161,1.7960884584934e-18
MAP7,55.5603015283128,786.610437420334,1801.82853085569,6724.41888080497,1080.54161273653,468.165390089366,1587.90096988379
MAP2,2222.40002533713,1719.75557947781,779.047300933398,2017.18586743873,533.830120701334,1.32321582920371e-19,1833.19607347466
GGT5,1756.26518983795,528.001796679389,332.058686234298,1.23577949477292e-05,137.044387848708,494.981208839424,1.2557527410341e-12
KCNQ1,1501.44269489532,844.116124697924,209.621257095891,4325.09779151186,1111.56811570325,1821.98925584698,914.525370935899
GOLT1A,1265.81115150221,1576.47712605804,1517.93864252227,65.8655751991065,6032.76069093336,257.097409759329,902.795975281695
SYK,124.760661173027,409.89685724505,1406.5569439411,3571.54000980195,1.32620047639372e-12,1910.4237356651,295.733187032029
PRKACB,95.9969862348906,978.867799866982,235.670208883477,381.349280811926,312.904253736731,982.401645805924,3369.13075914479
EFNB2,0.000988841790668436,0.0353287500927766,688.712771102096,634.938953168776,223.657567964459,864.225926980702,0.000101278298554536
GGT6,9.09676917804299,2706.2247933653,5.9207528186224e-10,200.314498499524,1.04097151453321e-37,0.110882632507719,3.71100513812362e-23
SRCIN1,534.569485346907,1039.36627952599,4179.87760923233,2.7532873456713,2.83293870958229,8.65014943287157,0.00159591743297602
CYBRD1,3.42618279868909e-11,780.789209455634,645.560163411863,9.98512786262338e-09,2.66085938357252e-14,849.568950744349,6.72797252686225e-20
PYGL,7.04939097653302e-16,323.602517185155,186.543063793816,1028.98094520433,4744.94091756222,2380.00686687928,205.426922188489
TPRN,4612.62239432459,510.168216535593,646.035205247679,570.498379213779,1927.43882234106,1728.18311433119,1094.48234259989
TYRO3,875.912529767904,2115.31851743505,283.147454158041,695.145884720253,0.0933682672011436,972.975282292765,5.48604275441399e-10
ACP5,2.96685018830924e-08,1124.70844534249,331.036990733268,172.570217688456,891.081679020495,282.183479799492,63.3428116189209
RNASE1,735.211271300507,369.694702626398,803.865058598552,414.642793045567,160.599047055973,2638.05211183875,298.285667520415
SERPINA4,4455.41710516141,1193.26003601139,167.869197761001,1.09132202582723e-09,2537.24538118222,2.97664888309171e-06,0.0225632877765518
FADS1,383.996737871834,1221.03808055661,1.8479389524678e-07,690.252652708398,1404.543358699,2020.96017857049,1817.01962254549
TSPAN13,2.65129716484268e-21,969.430070204926,1773.47480156203,4409.20456828015,459.946523671984,384.92142126955,2.22302175693517e-21
OSMR,1.60194898319734e-19,692.368030339698,573.526555648354,420.301368880758,3.14479743049739e-07,3239.28374788089,7.70037115174478e-06
PAPLN,465.537197104528,1293.63738772122,4.05974887899429e-09,3.9597396595033e-05,9.32644720756852e-12,431.233965005254,1.28245474775197e-13
ELL2,0.707205770387849,446.762321117873,4605.99651385657,1004.62524044995,5088.08721419754,1038.1711803201,261.408432405849
CHKA,2012.95631214358,746.020530209032,402.79777773138,5535.6099434114,681.938807275734,925.678697780826,362.116265973578
CARD11,875.125295778921,995.729591335392,0.632627133644462,436.668443279733,6.60279108485659e-41,926.424533762042,1539.08566789678
ST3GAL4,251.661367003593,0.000262854251270544,406.94686435116,772.465654573593,268.356257166982,1.021811730063,118.091053364508
CXCL2,2633.91280685426,947.819478427902,0.000298331753311955,418.884110503965,67.2156055402254,2457.39356540563,0.871399991283508
THRA,1058.468222705,450.805763945542,6190.87321978198,2471.23684887374,751.702653085165,665.815179464601,224.097086697662
MAPKAPK3,710.826672308065,470.089322331592,6421.55977321045,345.633550960597,616.697564699942,1178.14126954816,753.307621557173
GBP1,2.00885706187071e-15,229.758725562046,235.276535727087,9.67684900841457e-27,362.779101114487,932.221835652608,1.5382672076229
PSMB9,921.703882152553,8.84526876749029e-08,1.64651695610975e-07,3.23586168885498e-12,952.993047837722,615.332472148906,966.712873392267
NHSL1,173.85149973423,1171.37052597418,5402.57846901777,811.296944420559,1466.6835116947,0.0533823703665233,263.361085050935
OAS1,782.446222180497,443.313406712815,171.65212589198,73.6762781698295,368.005637710444,49.5829967534973,1799.23053706739
DDT,1554.39021899161,291.333426569325,777.35663191529,1691.90980430753,6366.07951498799,870.338994032123,962.235373945693
ARNT2,318.526251431194,2095.78646553318,631.296987217063,82.713428910506,0.000544180737341349,576.100201400665,0.951813073428401
GALNT3,0.000532352346884949,864.438967678138,4101.06330838587,2284.98194114492,6.94238237555357e-13,875.76397786552,1816.43728319816
PCYT2,1764.03626432853,182.104081678107,1068.49412711803,1959.48296171066,5782.42913454268,360.399704081875,1201.59363654685
HNF4A,19.3855979524283,1182.02521183874,5422.16281841535,847.335820517334,3837.77877821857,611.649124831673,1123.43565466309
MAGI1,136.841761765035,2205.16888771798,4320.67987485012,8.34956458878591e-06,0.000165265610728436,107.792851789676,0.481229047426077
CRISPLD2,894.934446761556,1056.30684854515,179.389812561123,0.0287856685623489,92.0178330529889,1469.40430428427,2.9897798839789e-12
VAV3,873.544460508302,1378.98939667423,5.64166981325069e-07,1.73955716567215e-09,1.57148909860926e-35,0.228902054665631,0.147144305977275
RND1,1317.28556133894,1072.66962468145,1018.2367909196,1.78569427424653e-07,1266.81807222116,514.898605064339,1997.78968864367
PYCARD,5501.55000667001,326.004760535344,0.000636269977374611,680.101882670834,6.62274672904107e-13,900.207024493348,1069.74091026089
GYPC,902.711110675997,734.09640174926,0.000128004120883127,0.000291567837174916,0.0258988062822073,1610.55933499984,0.000107771865026605
TMEM97,1509.60335232157,1036.18806351023,283.748742980969,1400.40026876378,569.367890372899,1041.12349259633,983.025302138324
LAMA4,5.31223568427153e-09,818.150646911815,681.293405575066,0.00323284796769425,142.687397332998,941.31392487463,1.05855690769962e-15
CCL20,1194.35297396818,1524.8730490864,9.29174916601171e-17,68.2527760051355,133.369989436435,1259.29420625255,142.077099759148
DGAT1,1366.12880090351,993.452773050335,732.563128089902,2286.30258632633,1367.43132141473,451.741723572307,93.0178233282204
FUT6,2428.23158411985,1061.37382253381,3.95301531628285e-08,2.88904571049419e-16,1463.18282480933,3.50466489295971e-18,4548.72975462081
BMP2,479.383953276999,1258.5614419824,1741.66407167547,5.66814657893828e-11,5.78406610055054e-09,1906.9075546599,1550.89399836143
SLC25A10,2796.8098131794,16.3615908490969,436.191093489207,2019.24574861342,5415.74350964405,621.070082158809,1823.1486557184
C14orf4,160.978375654717,815.430916318308,6122.44048422169,368.810822992579,332.595989806791,1138.81600647613,671.952818909658
PRR15L,3254.20247023799,669.507696238108,264.628240360186,3447.1183058936,520.023994120626,82.0275395422428,2599.63312123022
CBS,1195.94532010501,298.325505348805,1014.01799740179,2.53946553462189e-07,5193.18000282905,181.388332744455,810.422356535264
SPTBN2,88.8041753818391,2085.50893199723,2182.81225710055,4806.34561541609,892.257817691591,1581.34259314791,289.010555425316
LRP6,0.0612624559046067,1824.44823557611,1495.23270970967,1260.42590651787,578.677965819466,0.0103452743218086,2.72489730743865e-16
RFTN1,6.61795780316003e-06,457.642946519408,0.0329823466376581,7.98361842082322e-09,309.695489666642,477.886931995818,8.15349121267302e-20
TOMM34,874.241724182635,414.508456569299,416.25925713077,1594.53661902855,517.63892613449,1769.56511511385,475.129203385127
NUDT4,270.341404549582,1185.9448545156,1009.49220054681,1574.56258978493,1.01176234375671,105.313378383215,1.00181997958415e-12
PTPRU,19.2415758015545,1359.70331496194,347.656745706929,1262.54536256145,2280.15474110999,283.652968896126,785.149291032733
BRD9,1389.34600023813,636.301390221224,384.367982743128,1392.14833921458,1841.64607115127,636.367550145936,718.103053388318
IL6ST,6.32621803811724e-28,1543.53907171613,1563.90341366177,2.35386670991871e-16,139.057040141235,1312.1397197052,928.63466782041
GSTM4,1577.47800471053,3.66254641729518e-05,499.333538089793,432.642360561902,277.832746954508,2221.47189563826,1028.64122091901
DNALI1,4838.28677844912,965.588663973459,336.62926714049,317.003749867462,4.21358998548789e-08,417.959681763686,64.0988973564794
PDZD8,6.56043256846125e-06,300.076308119326,824.851476466047,645.566164224931,549.262328521695,1319.96402407629,3208.06583096746
C1orf21,1312.59829379515,890.668697374728,171.888761498448,858.72379717763,139.863346181346,713.253895555169,912.444781665985
HYI,4476.57347278707,499.783953912878,334.979087718369,0.0849324926965646,741.477436337294,901.673004510588,356.745119387477
MRPL21,2088.33669481401,406.788429193223,280.540839296043,1789.72396217571,762.475029936623,756.92927248755,1234.04191158014
SNTB1,1.49646941081018e-06,935.78973110726,208.694329551438,2282.42394901299,3239.40620604904,2814.546488798,2322.14090342045
PDP1,178.914017304085,1962.1486024001,659.860866247785,1.34993402499758e-07,1.16407685981849e-08,1463.96706670965,302.951789962118
DUSP5,8.56294456168946,558.668541688827,387.439209006537,5.9137996306702,5.05293912322685e-09,2409.06631394808,4329.10742942695
LGALS8,74.8193247990008,1554.55153950014,5512.11829546321,965.913378345897,1051.65634331646,683.845529809547,453.291966690193
TIAF1,3593.18591072866,554.085990799543,309.255203020617,703.101683834455,1041.41622226585,1072.43199016989,2120.23199900205
TMEM30B,329.080849058258,870.719436474918,4107.40620673066,1276.67040524974,610.520225548433,442.681764313791,2619.08237177309
ID3,745.450192249814,932.932995981161,567.666713693577,406.491519190716,0.0875755462372801,1170.37109557097,15.6146688627417
COBLL1,2.18975815829445e-05,1136.01858121372,4939.10538185603,183.778271907998,1916.10611759467,1514.54298644039,289.278163908549
FBP1,800.812343098871,520.163437755107,1055.74355008261,595.982622410413,1680.74284897849,482.503805865188,302.466854300525
PQLC1,2003.0346715746,485.276355554833,789.237689578602,539.654376006023,5831.95890878444,1014.01054495284,528.982917671826
CENPF,207.138012275186,1574.165849769,2.9056029662732e-10,4131.9709697902,1711.03926511329,978.690856852435,34.1547896455864
OPLAH,1179.48661624902,1966.56488846937,772.272376695328,1682.9101426291,3435.357278273,599.202052050805,1534.52552926312
SYBU,171.78142411743,951.073410665233,594.970261784029,148.362793300663,2082.96222479348,953.264267624916,3.55663267094812e-05
C12orf35,9.74712495480418e-06,387.252439733347,1584.84162777259,620.056860229783,553.808725178075,34.1081579197896,386.317093365301
PCNXL2,0.201230354168082,1903.02576173451,162.949821401148,695.775113463392,116.679263169327,1118.96450353885,1562.05762261968
NFKBIE,1673.86185271784,744.048014919569,1.88829528062414e-07,458.629734744917,0.00119657431373785,252.905467044106,569.894554967462
PREX1,103.523142154641,474.821574213768,1360.55315360987,0.000604523281116043,217.457882560013,483.757419240948,9.3129838953102
ERAP2,707.460169590666,693.419163135033,327.599124871955,765.46699340136,2964.28687312958,0.00034101970416264,0.0061780163915282
XPO5,312.945288976873,905.316009386649,776.167912952429,2166.18829815704,576.549844532341,548.770590884369,66.9364880949318
BCL7C,4944.54472703938,942.303946998526,265.632077784396,865.603496400033,397.506944570304,701.759348147284,817.630898803392
NOSIP,4583.27194120905,593.940454082672,421.68130693846,624.740256204367,900.229465489079,357.976209788656,554.231968269726
SH3BGRL2,487.876708970016,282.039273887577,1743.86976061334,3931.62939923735,3403.35569831618,284.959026068456,0.0596913424047848
ANKRD57,5.9659622116177,1061.13077387853,1228.89094800165,481.388360672177,341.726667669694,669.322011367613,4597.85196640868
DR1,259.740721827081,889.603439295201,5820.1845804206,640.764002344098,308.558512149163,782.885958583641,1535.07715814833
UNC5B,141.080198645748,1300.48955332058,545.997363651068,601.591406092782,1644.21342939466,1270.76236430535,629.92118465388
HIST2H2BE,426.520671511364,1777.49277617048,270.13553356643,1446.59246172759,476.238744936929,1175.4603299615,3128.7417082577
LRRC32,811.46197076173,1154.86536429223,1296.52509491738,363.782368705642,362.594409892908,682.215065720375,7.49878222023853e-08
MPZL2,442.290816002028,1389.82008547633,2210.07413747221,390.705428234887,214.076067554298,121.593538688787,2800.37180747347
GADD45GIP1,5171.74624584646,441.394976082342,366.217252901977,536.695410532407,1225.12227795154,1605.09639349168,869.262641014496
MKI67,131.906811907351,917.255075560085,0.156368124066628,3834.37862335558,1654.07392445076,1845.93218554726,740.238720266179
MAP1B,239.325275725656,414.969545949724,910.167022001513,686.060656892608,331.849565020256,1679.94562165879,2351.05205961825
CRY2,1435.25173707244,945.081476448338,4368.4190694229,480.114582370788,4105.57774027662,753.853982838958,1151.78198756959
MANSC1,661.581599136491,2286.95424221923,1692.57616365101,1822.44354391169,3.32443822863706,1137.32028024778,662.614255454549
KIAA0040,318.255256941915,2303.67906673869,1135.6415923754,89.3481913779388,3594.82755379455,673.878143498589,39.1111246717391
SEC16B,0.0179363682191093,1769.54277278593,1631.44707350665,1261.03586277212,1437.87957289022,7.94659046879781e-16,1637.71841776595
WLS,838.044098923708,503.416550489999,3273.85455658961,0.00272931707713898,5.88187798471224e-12,1552.36280555104,2026.47418254973
HUNK,1779.68926746091,1913.5497920807,560.325813482031,0.108793100460851,2.98496848730656e-19,7.31692041277839e-22,122.592424316692
SLCO3A1,1365.87960544314,887.075384521951,103.635213214871,849.135386860427,227.503865809206,1240.46085327979,369.093891658273
IRF6,391.004428419273,2643.71082336144,2571.3857504924,772.818363174938,1318.99504773599,57.5839891361139,4.35076654359076e-05
HCP5,0.000361491598269352,715.072768825167,312.557818413752,3.44227831192386e-07,1083.58652708582,0.0104328911905507,2407.81633912801
GOLGA8A,0.295910488577244,1238.22819021052,473.948760197707,2577.88618934075,868.956990953064,102.717638858862,915.345480139339
PALM2-AKAP2,230.608234454793,494.681776767222,737.907187535597,241.907411236972,722.110045382872,4052.64350801172,0.0143664782450578
MST1R,266.770734885957,839.828980657691,2301.06730432516,311.978105055466,0.289418904666694,146.209856657261,4438.49768004622
RIC8B,1455.20077272881,815.459559521519,385.079065758009,1.69394676068673,665.561305122125,1687.28780091671,1248.71082180398
KCTD12,327.321568461013,512.487809395048,193.90086527846,1.64237761268487e-06,1.33341904496936e-12,612.420007308569,2.65443730237824e-07
STK17A,9.20548766469461e-10,1114.98933822393,240.945640240644,238.155368249319,94.0091614626866,1978.14510189808,10.2434793601206
SLC31A1,262.812414345794,664.977555660691,2546.10989836057,1449.86569140781,5163.85682280743,1019.58513688626,574.367537945351
RRAS,3206.11036619976,41.8726732427013,309.467208842021,82.74108589642,619.481675855069,1104.34982362791,443.050446578569
ASCC3,1.34343246775211e-22,1118.90291208806,1793.08679704046,1252.86366870248,2594.80950961625,784.241314493439,438.31499269157
ADAP1,3111.58897209092,1287.15293258519,700.353410602378,988.117009236901,1.75890868885019e-07,535.391417013891,2492.94656729806
TJAP1,1248.1152051887,1174.69684545614,758.425400994712,835.620563483602,524.953919764124,111.771605536174,423.692152573164
TRIB2,2.25228227827035e-06,1628.22846592155,174.211220874423,2850.04732854151,604.26569114422,899.817597388886,6.95779369497966e-21
ATOX1,2529.64092243714,533.755830414974,860.156650880208,394.597955808119,4412.29371809346,1021.19185305716,642.446112428977
FAM162A,1704.1126550684,113.081664821118,855.602905520612,806.696033550265,4875.13583228431,1857.50770619774,546.531749799454
ISG15,469.359744428743,649.080114743997,1.3271189943669e-11,0.0428870876318207,1533.99994907794,464.742117973687,3872.90009740586
PFKM,649.716975797058,472.823131249198,1444.10536853052,313.189956042219,209.103034827586,3468.51816890923,1081.22760305805
RAB20,3154.89350137443,922.520945471686,662.425739912926,395.534812844955,1214.15655038255,3231.36363258773,965.476339912438
YPEL3,2867.43805429822,1293.48898486338,1453.77342418916,614.069703019549,196.075520577085,783.550241699449,530.581915593499
DECR2,2562.5306962688,698.671774381266,2639.66484841466,673.165999951773,4504.52190641047,550.881945368962,674.631294909176
TMEM37,3637.98990202671,245.047675579012,256.629159926466,4.00057526397497e-06,1078.92086791964,33.7152715514728,1893.86062526975
LIMK1,313.806341863915,525.078332442355,124.220927668712,1788.37763667218,619.785429444282,1849.82175336872,1186.71938582599
BIVM,551.829983467107,975.526762430337,292.076790426626,477.335679591004,794.238078158369,630.12638952388,857.263780579236
CERCAM,716.387761188382,1419.31799162067,0.000366604829616348,116.479106862797,41.6901884781656,1193.65914359091,268.257178972091
DHTKD1,833.658834499243,1125.11457006406,1819.86066221856,816.187273981521,5184.74123027912,350.356531475291,606.168265251446
NME3,4565.65221056847,642.802157954978,702.191080671809,745.676804302088,369.988681359568,736.481053336279,768.574267293875
TP53INP2,841.396536806848,750.568155418459,2199.54328736905,4.8687663220432e-07,4330.48991638958,736.721538281604,1235.66389435508
STK38L,9.63946093423805e-05,1850.76111087609,1009.86254694912,2326.1086629942,203.297229679122,677.204839547538,1.01323828646067e-07
BOK,2700.21777312767,1916.98022335185,451.069654585888,0.291082770518862,1605.45077336969,1483.85008057557,72.5205863700891
SWAP70,185.568163982765,1585.1092458815,1162.99029029083,11.8288378841747,234.415393016888,956.245383513593,316.374742568655
RIPK4,1649.95592677331,628.129125208651,763.225708540968,170.185642643157,0.686399378830412,1738.69673519039,2292.15858800315
RND3,0.00101060757204676,547.538644752608,140.479498285557,759.211858170657,779.065319272156,3122.90836243649,887.093733582075
EPB41L2,165.416298350222,860.226842664003,2351.37649865572,0.000154182102654518,98.9039972437794,2233.68444574213,2.59536965682042e-10
NTN4,1708.47781103006,386.160939981486,373.38638640523,1.72129332256346e-05,177.867137839752,1382.3442695213,2752.49707138214
EEPD1,1465.36602664601,872.801347410262,3389.37692143852,660.841016044945,878.048726019582,1162.27663207709,3474.52992722036
NIT2,2259.54509417028,311.909495129828,759.338267586566,1192.27258959383,1018.66072578544,962.121162208536,899.82884471042
MARK4,483.897875957771,1393.13087200873,867.245346887396,706.734331365296,792.1315756836,2368.92153792579,1339.07363781221
SH3PXD2B,598.602095263722,2398.21916651232,255.220865796479,701.423382267314,259.402447793482,412.269498884077,2468.66230420177
GNE,90.5432143192466,1942.93399176162,710.436360190408,1903.14092857433,2342.98568149297,621.032969787219,8.24465359171593e-06
CDK18,864.785159362411,1610.0603662216,468.312855095476,626.111050472369,316.684281912632,821.618820568325,481.447523952969
CDR2,664.867215175323,802.498520878892,1064.30728779192,373.136514313596,499.750445445829,1283.47252903978,3776.65346099434
EDEM3,1.22910316467809e-11,2287.25696679255,1886.93121775089,1359.62301085973,2610.66397494777,263.562161008204,6.41684784578233
MAP3K14,549.074297637808,916.708681608443,372.651567797004,46.3847863753316,1962.16307138775,1085.07142049839,1.24101852219191e-07
CD93,95.9130151797985,1347.63968799587,2357.65183989265,326.533589239028,230.06884428971,1104.58875129529,0.000570897967008736
SGK1,3.89956884926815,438.291823304925,461.335895102654,1280.23669583941,1325.21082432217,2413.06947615827,16.2257789226184
STAB1,748.53568752316,395.652947104602,1180.10702270892,497.579055094997,466.290010924118,1908.58592804082,3.63387241117208
PAPSS1,579.439610530601,2251.37695074672,1740.88422449438,504.151706942287,1.92513976209444e-16,812.869903594251,34.5368567258964
TUSC3,409.433557474175,1614.80053392504,966.935618863513,922.552850606857,1.18059329622163e-10,1655.11995378446,1413.12754082886
RGS14,1794.40825135536,566.606878297743,75.7877539180947,417.205006245458,1015.80478471312,578.107144869133,1883.86979118129
ROMO1,4708.8308145796,506.657634609146,727.903534164781,1271.17368961634,538.516672095522,1039.559151946,708.06135445923
SPRY4,1.01425993496518e-13,1750.94793125915,1747.43761969854,376.544374044341,69.4144473828045,742.937335983771,821.040860737107
GTF3C6,3695.51278728243,586.150673256757,774.146338717153,1140.27072212665,1998.76240375645,14.6470093213418,2261.83867436741
PABPC1L,948.706788255776,1955.71008392998,167.322611805273,3126.8303527479,921.400209697609,172.636768970205,1244.68952454975
ACADM,581.405823361114,1034.38868378577,2456.80198764383,295.467353410272,1877.17882655451,719.758876814932,419.967750525245
SORL1,42.0528411028258,1160.22279823827,2297.81680756329,1750.50624591828,2032.98503541702,776.754347479099,766.914236875489
PCCB,1610.19510908209,637.468331372709,2800.85813882146,2106.42843982427,4574.30929495966,816.208854541035,904.160231423289
HIP1,5.06106699590635e-08,2217.71533121738,1527.01835227739,500.667117795933,617.941464485538,457.047052320791,244.795314517468
KIFAP3,536.997373174878,2781.64343115276,1549.06257232316,77.3292478302454,1051.39376836473,902.84951603141,9.80826775890695e-05
TSEN54,2232.28956614345,545.233530440352,338.377793637109,1488.42337446322,632.65413056701,1590.97716530522,1977.03504247243
CBX7,419.855923812235,1204.56172095063,2110.61813042017,0.00195468888086818,1204.60168738669,340.893808948673,38.1707015271807
IPW,939.103629603957,859.76114116445,200.224529746414,526.661962666718,0.0145819193371239,557.904102783124,2522.73713547832
HOOK1,369.837322797653,2077.5994451731,1236.23979403549,698.796123490423,1639.43602107805,454.784662581251,1419.0623442888
MGST2,1261.26303247361,860.309456595027,899.735604169653,545.368467745878,818.593158893229,567.725456839253,745.164711254556
IQGAP2,724.363044392094,1006.24152565086,1627.58392146754,1181.11006430262,4067.94976440116,655.894196017263,1204.93317210824
LDB1,470.511473473747,2200.35755810373,3295.60723525203,1119.36439507659,643.76550184204,790.994480177231,976.283686459199
ZKSCAN1,1.90992847247803e-11,2232.73264568215,1670.33200617098,2073.07782562397,892.472677454577,134.179367190035,0.00587599150688375
TK1,1356.6667572716,276.158874942734,186.449363017478,1279.91675308811,1497.36683804679,1322.6670737017,1344.40587467554
ZNF687,217.607867386943,2736.94614173664,804.380674730368,1539.4932250332,1207.10233006459,461.891633660904,1922.00469995912
KIFC2,1452.94128985758,1812.39542795876,951.859337122976,1259.53798565507,1125.46211418587,1569.85922647819,1538.43860144162
CLMN,669.152902820161,1283.92623817977,2360.00728837873,409.926024965303,2268.24526240634,1721.53200868791,1923.1981087413
NSMCE1,4295.75155794785,776.168843191941,559.713131712285,1023.29168231255,636.953095050674,1400.94624321699,927.954301767019
FAM3C,349.127458201815,670.473170219759,3654.63270567274,921.873262644002,669.98808627828,1159.45390187258,613.568333404665
ABCC4,1278.9390163382,980.298623679855,162.244587880433,137.400264879141,0.00466056851769395,584.51153499618,1607.24988993405
KLF10,430.968383460225,1430.93991409326,2003.60777852618,718.347788446508,912.333793946159,1922.20187409168,590.540867166575
IRF7,926.525142654309,1320.39581904379,139.812062995175,446.891601438005,688.987975005973,533.036596309433,3827.74138892534
PHF1,1300.44008880759,1281.50074370223,430.209993115262,891.403390409894,1998.13433401202,783.491917765634,1462.97617112252
RPS6KA4,1111.28981976811,282.45696009735,695.660374287153,642.344728179016,866.089530913901,2321.13639761397,1521.25242880354
SLC46A1,2143.42363790378,1116.02711964696,986.605404299452,330.437900128772,1686.24089708485,599.037758255749,1158.72887547522
ANKRD13A,726.240411879276,673.504353408949,978.891218409917,332.327887815895,1169.3162750547,1153.99122864554,295.297553711066
STBD1,2172.55459389501,1529.65865225725,1326.59240978127,0.00143641186563776,2669.8592091467,1667.74165247441,2191.97853124822
MAST2,1099.2238274544,950.641340257738,915.874468226768,1242.19727093746,299.199581307773,1294.16903607389,1428.41985530834
SOAT1,23.4299531651127,2679.29323437042,270.407299302833,10.7510138207281,611.675913993052,1000.18140628754,0.000562502899543505
RAB31,0.000140671470787775,656.952317064864,443.279354071706,976.556478942189,0.0310130014353007,1712.20162092414,6.90034403228933e-06
PDE8A,1498.20474335657,1264.06952728821,1387.22080209675,1064.93245626588,555.842761185098,649.841155850668,3809.37860084044
ACADS,3587.88548105869,338.015571231218,1097.74183292436,235.784496228281,1903.917682795,1018.44239778524,1163.46268257551
MYBBP1A,94.603795875455,1940.70194356365,590.212787527461,4019.69799810264,691.567504140313,853.441207985214,0.0498307595741359
C20orf108,722.280643745762,1932.85711721885,2503.87475772946,2493.41128701159,3133.71603883873,638.525273939322,241.99862548288
WDR18,3519.45048444092,626.902972325872,490.292792688209,851.800982667452,728.870551211819,872.421605028235,1177.5434126315
P4HA2,263.081462502464,725.3972054986,3226.90680633462,580.987902238977,1891.3901238166,3084.30266396773,964.646532391214
KIF22,2420.13515172117,838.277717349793,622.634067225385,1364.39097367799,1159.08102210082,627.196645980298,688.653050907378
RAI14,5.8312796106384e-07,1111.30791134868,1195.1083040307,246.706921833164,5.33496912576697e-06,1706.64093138406,1.00977586295468e-09
TC2N,0.0551962620593607,988.654312381608,2076.67803670635,2694.45821932559,199.418536552692,825.092493741351,1274.33144115603
SLC48A1,990.100250293781,908.63030054682,1358.71532459781,957.263462814203,1380.3568876875,2530.75717424811,1301.79221928938
PTAR1,21.5482023849868,1135.00761275226,1031.70297200709,781.410985707148,1068.00294887128,787.20452688673,349.009523506995
TLE3,494.802291357459,1028.80226753788,1627.73185838415,2426.85799986532,127.720013393145,491.024513024857,554.719604291468
MCM4,15.1855180610891,957.109562884807,977.094295411962,1928.75415767908,647.18830935827,999.423860829664,953.597409734823
SSNA1,3843.65904091381,707.108821878125,694.127596496223,1087.70420399548,544.144371097719,1801.903826615,751.065079067383
METTL7B,2359.39647549892,708.518606447047,2058.4161164728,0.000386217670930662,1610.115552621,571.707033668545,2248.91751719241
KRTCAP3,1781.07031231099,1064.52855380755,484.985790964708,2067.09253373192,449.080835990567,704.862974640613,1933.94468593287
CEP57,833.349116443116,2091.83235318292,668.658775679712,480.412817517232,3299.49995935352,1195.35101853912,1366.68344084526
GPR124,161.414703347165,1217.73844366298,812.152898224656,177.538960934246,194.665564936595,516.845541393044,2.37150207711693e-07
SYNGR1,973.175556764734,1794.26006987428,581.540331523472,6.67513147332899e-15,700.996177792771,609.742106704372,741.697754858196
PMM1,3311.3320133581,978.933266239422,1366.92778634119,1087.56584260742,403.0720742811,1111.86702833025,2091.64459349067
C2orf67,1615.84732405577,1658.31085396058,723.961092891289,777.631934443774,253.495214669619,451.024714106622,1297.53046169035
CYP4V2,1726.56899145852,1109.34072383129,1381.3591918855,5.58676921668878,1605.57975343717,891.418081960446,1297.79794684258
HEBP1,1894.64489651227,1020.89546498998,1719.20781228214,1031.52505911439,925.068625127479,2916.70280425634,0.324621103140082
PLEKHA4,2326.19407785798,1755.76428371354,1.76988615446365e-05,0.183365746067124,0.0126415713967227,237.053096848371,465.377106508985
PLCG1,634.261016029806,1128.72093027343,864.781491904352,2993.59826840876,502.260126954499,563.210887758136,1213.72967447278
ORAI2,1703.19607959114,842.984862785501,0.0404416103180345,366.024227866491,2.71451994806389e-05,1520.86583205413,702.621088268394
C6orf145,2604.24839352943,920.312932363405,3029.97579286778,3.93997953049065e-05,2156.80730905209,964.245732089939,171.210784215288
RALGDS,1454.82437727754,1356.70967535623,779.047061194087,1113.28735152679,265.423579048295,1311.18270187053,1190.71576542437
CCM2,1670.41556243524,364.620155312455,638.593518361409,1081.50499557788,1421.544011856,1285.19271933256,688.394187178628
HEATR1,1.416209360469,2547.58212304352,545.365546023893,2222.89170795987,1217.08771895526,1048.71834180713,0.300896925024281
PLEKHG2,648.990974831343,1637.1614632867,647.113161306628,1266.73259998122,0.0485862335653774,1145.10539257628,3048.80369564824
JUB,884.254220264364,998.208072464033,641.181505585584,502.835450113173,746.311459159772,1072.26990674345,1271.49714541243
HERC1,466.875924336012,1004.92796175605,2684.54322269276,807.000028285754,1360.05200653291,511.681358451144,976.392991064202
RFXANK,3978.12336489987,740.963635649207,487.634351971805,762.227420276324,505.162406547456,660.035551929441,878.806121428044
RELB,2275.80337237887,1183.99047691789,1.18834188026615e-07,132.68379355735,323.410089751856,1766.29728810527,255.600749389116
NDUFA2,3654.44461359955,467.696014350772,703.634411624006,809.439349601697,3143.40863023903,1344.5910937024,1116.5449187346
MFSD6,410.758891138332,1644.43791088641,1756.05020732189,1274.10524520187,309.372574597493,1800.25673531194,1500.55942951915
DHX32,364.795665039783,1973.29141432275,614.493668383576,750.878172631119,0.0536311305092259,2137.7347695472,390.078124296909
FAM96B,3466.30478141204,328.619835144771,721.856173446414,976.320431234933,1332.49328938027,2476.81853596456,1054.24900843742
TUBGCP6,789.495295368775,1253.20281977398,1258.36793959568,2348.32507872104,1500.71496610621,456.693297247691,1410.59738854374
RUSC1,970.3057081757,2258.47666301159,600.075257715384,1270.83482965997,819.777933646938,862.755210222423,2709.00354869308
UAP1,0.0150497598597785,1793.26952437649,1029.33218968037,1114.27080050947,2181.42637141928,1287.92413789491,87.8372052481057
LUC7L,2216.43553000972,1121.77896968151,442.355732665199,1985.22348112905,490.083782548473,619.910405737543,1523.8331457715
KIAA2013,1101.26745749991,457.91887992276,1519.31295483596,1669.37840210005,846.840403997364,1188.02165467691,461.46116389537
C19orf24,4077.5526495928,365.323472421937,330.237222242652,704.372865814129,1566.26421602141,911.934770497673,929.273764386754
RARA,1565.21165187501,1349.15192123045,520.349507774212,899.5324507902,3895.60967845533,1899.87972256925,959.730149584551
BCL2L11,464.411698612997,1770.91864825214,776.060649601679,1013.99149045124,237.588234881279,486.915994357194,813.927855520465
RBMS2,1737.7571905636,1654.41716231985,666.768184989252,603.861727716465,7.95838975380345e-06,1298.23328484116,2025.98411800151
C19orf70,4204.42694852846,627.07691613091,425.199974239885,447.623272670547,1549.97257921373,1502.61073427332,838.081701574192
DLG5,130.105982866934,1773.75179990047,1125.85849821585,1377.75459143362,257.370759318255,2123.88856885023,1614.14145958892
ATP5G1,2058.0907144756,313.270280892725,735.515344715485,1943.32609645669,3856.78996668252,1267.35190142109,629.726313076704
ALAS1,726.314593607293,483.231450957762,1156.58659290673,524.703056080048,2514.58616261496,781.756512085199,913.974214734874
HIGD1A,394.774728555363,539.741801334048,2250.13895634081,758.089552882615,3653.52365986826,934.165236576966,955.061737202821
EDEM1,2.2127940323677e-11,688.097225802422,1464.29989062655,803.993279159274,1927.5864866834,1226.39254212893,1129.48252937783
SLC22A18,1581.73767324086,334.62730119308,934.946759025338,492.091232617826,2316.12793349746,1516.30639719528,2423.36358682071
SUCLG2,1367.08151835305,798.443374853019,1820.00646762313,1277.61092642986,2645.68595569949,815.833721599344,1820.60343880082
CARKD,1156.84368084956,1108.42296629865,1882.23330197064,4093.37796401266,2351.48756831563,906.663482095895,996.889454969776
ACY1,2207.97165500951,447.907675750586,1655.34829781234,225.556980942479,1059.50522383269,391.088233697715,2272.86694271171
PARP12,869.399681616629,783.705469002359,3922.09170309034,792.822282056666,2106.27165096787,807.047232441598,409.255547816033
RNF14,630.164517205142,951.633394006991,1752.61674454312,491.332987013256,3215.28913006136,1758.47763930971,2023.44844636172
NECAP2,942.165717583449,556.216703537504,658.066080267911,569.01192846858,964.189595966344,1045.86704029407,505.908121738423
XPR1,316.194166886996,1631.21580047767,1295.32541858858,2846.70626824072,478.694120746171,1958.95399191347,613.941208515628
PKD2,451.272484799423,1686.03858803719,2930.9381774498,186.753178583341,1.06491080372861e-10,528.908210232275,568.16231127095
NUDT9,1541.4960592449,1050.14570636723,541.643868590916,327.292866608066,310.008932075014,581.996953515567,3235.69046915385
HEBP2,1449.41680860959,1111.64490050599,2628.87349811734,1467.45189502777,3094.23020415359,1200.64289010603,494.384863048714
GGCX,349.836274735767,1187.42805678195,1141.45847520418,685.722268778576,2450.58073514281,860.418043550226,914.278016383829
MRPS2,3116.08916859103,652.760603123485,803.481331315031,1119.6277082524,1129.66843924247,2221.87513716472,855.510150774059
MRPL15,1304.25016617429,804.754388818111,1200.78070913521,566.308578088858,2628.9293360738,2482.51357613878,1287.63968464281
UNC13B,736.131095900386,1843.60163511547,1970.50979780721,571.742239814645,3256.99126528083,1365.5158431124,1606.05480524598
NKTR,0.653831290500611,1969.32790601625,1429.24356536466,1980.36366081635,1121.17704867929,344.080244592725,947.390595250422
TMEM120A,1697.46025769805,757.395635357037,841.237493853778,1272.22813666399,2431.00344530738,1479.44388029306,1560.64481121487
PIK3C2B,1475.90421875446,1602.98692547061,1203.74554132469,1971.28628991391,609.991439262052,1.60000077398472,550.253374405931
CREB3,1982.00199521554,1579.24591676623,456.295015881947,658.679406867887,664.039545148294,1547.79866125549,2100.45618854346
TAF1C,2168.720281814,1224.11991697194,933.130891639057,1695.77588421049,550.107927192228,632.274328475442,1456.91603285405
CHD1L,481.43111808081,2452.47665370492,866.079632661,1691.51312283985,1069.88092993521,549.051402064308,934.643575074463
BZW2,873.319676291487,1230.37446127423,559.185764283346,2543.08409105431,645.835256058049,2795.34878166345,430.307452416219
SIAE,507.425577416763,1069.45870733941,1823.41386307203,525.899920471418,304.080629731554,2265.55742910549,1109.42375686078
COQ4,3683.25305626738,795.889601197255,648.856173522947,896.889110944732,1248.45601847829,1490.87704965848,497.707015314772
CIRH1A,1938.24631793126,402.159681996976,496.404710486095,782.500515322527,384.371812998714,1582.08515859736,3463.28528121587
ARHGAP12,289.247497085169,2029.04451664298,1254.07086860907,729.422439988699,751.820753584402,1255.08389539642,3393.06325137691
HSPBP1,4203.24960810637,796.896417726273,493.841177071894,1356.81630577316,1520.37494315302,762.856657660812,1176.58598427873
SNHG6,2747.91397216906,776.153357329587,6.46244253762962,1181.17330600805,181.916752045809,1648.48577827779,149.686960173359
UACA,243.759855908579,1585.51140764588,1927.02903920265,2612.03357688101,433.089616882275,1655.65418014527,546.121671993859
LRP3,2815.31018609295,1537.45665699847,726.738370283001,668.670949010189,1635.58958670149,1062.18844660919,1230.11034824628
FBXO21,807.599215790912,1908.72283632156,1609.29057450293,1337.89422900397,669.049200276962,939.172852717062,9.48449982716656
BRMS1,3706.05877774129,495.403043789584,385.176301311875,1167.21272053708,1727.28256046639,1708.82982137628,1623.14612140208
MDFIC,902.348871213082,1042.04243904107,1082.63326716211,589.636273552597,3.10308543742849e-14,1132.57568103268,8.43368166762432
CNOT6L,901.524249072179,1885.9575066602,2550.49530374373,338.931250990873,184.013626409328,365.217114105939,2.338636042843e-06
EML2,137.97830612299,1266.55688486556,2742.67365458474,1294.66243408201,941.674275404235,2956.08263638836,899.152541200191
TMED5,232.981694807949,1015.93563931065,2071.63694021502,504.66526682076,554.145745257201,1460.0901751527,2139.49521779405
ZNF444,3805.47803202867,1228.33515223943,728.661338253756,671.375381001972,642.989438773111,337.812897266005,724.969674457552
TMEM189,848.490221694328,1043.35597912347,429.621067009224,2214.22370155437,1350.42585179969,1497.84405757038,757.593648770371
C17orf70,1817.72046181463,646.479729869801,621.389916095526,1826.57475927295,1732.78015694357,1715.52776059755,2016.41229772623
TFDP1,263.391474204807,971.225913541166,1478.99219114002,2510.42196345408,537.418542962955,1307.40332608602,888.981454877246
ARHGEF16,1607.29475003244,976.225702837762,779.692315487995,969.381266247345,2117.67454344616,577.091987378548,1261.91940616388
NOL6,436.192505978873,1692.18715123474,954.783089917566,2940.69622017779,972.089641231286,1342.27479526852,1195.7379515228
PECI,1538.0788023455,607.222710235225,1278.63314443939,267.297824772295,2946.55712638662,713.074976644658,950.988054979345
C16orf42,3978.09577995534,645.678346225595,377.875423747722,869.571356130827,1053.21029576389,1570.08042010291,1293.84890379364
EML3,1110.63497046208,770.470078409303,552.313545400086,745.041458455603,814.166415298405,1920.53405278769,877.534093975536
TRMT1,2571.07817308018,995.070793336242,227.388612547287,1186.03950835015,529.211172422045,886.253080717744,1167.62600995469
ACACA,703.656730852763,832.301679436351,1658.25330344238,1991.2708434532,751.012751175172,1218.32044697182,686.199299268491
GATAD2B,271.385295462631,2526.23324638612,1308.65185413323,1008.14004140365,874.396430750264,582.315156226123,1177.96516914352
RREB1,0.00532172673027049,1443.58370968058,2134.12983712938,1939.36082861014,3694.25857547371,168.293421539738,918.798353652052
HERC2P2,326.069169701444,969.428874933187,935.058251475526,4161.98961947059,543.403399308961,811.050358938723,754.574454684883
CLK2,946.753405717752,2324.54636642204,437.565729452467,2047.11878949605,748.607999045833,427.845017311314,1971.90287833935
B3GAT3,2083.12556408135,345.787188762597,706.457981945772,1000.40232266892,1817.59208663993,2011.84048712179,1459.47389049055
ZNF83,528.343595061687,1127.23557161778,827.362701558733,1350.92198667681,1920.06167086037,3.79038753303729e-07,1268.27909782032
STX3,1331.18097290293,605.842502677222,3140.43816640391,351.192048040682,172.617506724952,610.761416606939,1726.165017642
PNP,856.114310878797,937.665076173869,456.61083670695,831.620599252609,1162.34265743686,1813.95482275046,2200.00974108791
XRN1,353.384858276804,1000.99337796303,2024.45401264275,634.928465069973,1970.2055848149,197.858721806837,1705.77010161138
MTR,411.319765572874,2369.37998961939,663.381763783022,1434.78481114194,1258.09137103359,910.83240619415,0.00161293913023374
NUCB2,795.959848848363,737.390271824828,1576.78104039765,844.260924936455,3096.78710999951,862.033402206324,1297.25303161052
FAM128A,3285.91230077345,613.923740939602,0.00539282278916498,1143.32663650047,403.977861095965,1172.3643795117,1717.53750212965
TRIM14,93.1516913733374,954.269965612923,712.888893236537,451.158072791356,3054.80254109349,1438.28982525037,1126.94880261616
C6orf125,3501.18182093949,578.416622348754,608.67281727426,1972.86283122526,2139.84871390161,539.129463114117,1248.38872736899
FAM189B,1081.83286842428,2059.08502261783,431.719727402364,1131.376449026,800.723853481974,1035.61096017325,811.76723787149
ERI3,3666.06856030633,687.29040004074,636.366653311968,1035.8636687525,1245.21417740016,984.972551057279,443.885199186778
TBC1D9,371.985639822145,1269.07608371101,1042.25121581117,15.1011397054373,0.216416630173313,1337.27981808437,0.00669237844500553
GLB1,660.644747318022,972.789421627205,2918.35694823326,794.522501338503,856.118504606361,807.806412093416,1235.23305197939
C6orf108,3844.74028351818,737.660706671859,1283.87550164777,896.634203344887,1039.77730110211,657.72277423242,766.295305249326
PPFIA1,244.572487448201,715.338920801981,1450.06509035217,3124.51081757529,988.753234965621,794.15377667967,595.58224298812
VOPP1,1313.54167970066,508.407225366807,522.102218319574,2058.19248167347,289.085794098717,1516.16232936666,958.78343250227
FAM89B,2640.47501591989,976.34394936251,570.020975784588,493.848777388021,488.440788500409,1308.37752408698,916.714085967995
ALKBH7,3756.65072741617,580.125782999465,751.257924936613,371.164576481621,1643.28188760744,909.301758145874,728.519929020522
DNMBP,666.09542692281,1638.33299031692,1849.56872119566,1187.43609994474,379.451438780458,1203.42336081749,1366.81954768267
SDHB,1327.3927585436,302.307388463392,2854.86613338977,604.640305638567,3094.90455524706,1580.76051102671,863.926700025026
SNRPE,3114.15705291058,1925.99049089661,32.5457242358439,1873.16578148295,1202.57020845969,977.541429756777,42.1945902574499
TWF2,1726.02094723466,569.248332693238,762.929548813299,401.945446359131,142.499105537314,1909.50346185314,909.009288586918
PMF1,3010.17705469592,1621.70692293865,727.973157754839,1526.27113759997,2775.3461243127,454.743867925834,1707.09610985743
AMOTL1,697.468547234103,1920.23916745386,638.527723638615,356.94291066685,1522.21801690734,1175.25103457654,0.0204551321625286
ELF1,1.74067925555045e-07,1636.86585937631,2608.41587169968,1500.77894767816,1000.40842650432,1021.71597744844,2153.11286965601
KLC4,1877.77433650449,572.52768540796,1055.8576805458,886.290691334853,3822.68336858834,293.991258079531,1182.89032252664
TMPO,822.077649076005,1686.38487064867,512.079893227449,2216.38656989268,1306.86658238014,842.808904694629,149.337206776384
ARFRP1,3397.0339229443,979.735329782181,422.336891030867,545.815155660023,1548.27807915229,1561.01565308388,852.418848823562
INSIG2,953.056577396647,1064.939400379,1296.55606751673,286.551533023069,163.264357880351,1520.80860859937,3636.39625771618
PTGES2,2171.08496941996,612.432474465183,846.845074333015,1752.61804889049,2185.46052605834,2203.33999784553,754.635865212975
CPT2,1506.6485370758,1029.47079915104,1504.41396021542,195.342783155699,2242.83738813562,667.519554209413,422.950256442936
PPAP2A,1942.61655215739,907.618791517333,1252.65392904575,0.168000030469748,666.257027114991,1255.85492706065,210.270897513695
SLC25A11,3154.7446201022,982.024229591126,697.128095845059,1530.26260225436,3238.55079841277,938.84334803123,1055.04832765982
ARID4B,312.820432507722,2656.29845710081,2108.39129485448,1223.83273163028,1275.39863955092,850.074561184762,551.796614375752
C9orf167,668.752221689616,1353.81094351858,490.392710848271,847.184827179042,543.141300656564,875.05699901242,1961.15382231243
B4GALT3,977.587119908563,2471.47485245348,389.612024472538,1738.50388720652,1125.80975667303,927.570377618327,1414.11621471737
EPT1,157.142462059061,1071.31288544973,3052.93568968107,2588.8825638318,455.910622162046,1053.49180586107,796.567832345707
BAP1,1085.50607058441,1395.76652452739,2019.31316923921,1181.53717439275,1609.19497068304,1270.85827341963,368.814854074173
STK11,2828.19404583064,1059.79915028951,1006.25297227987,453.633777732252,1357.56257241852,1122.17537526333,1091.38859607143
RCOR3,469.118225566192,2434.82703223037,1102.05313581539,1177.69046850161,1346.54921765537,536.190640145365,503.825934941852
ATM,5.37262678802671e-06,1160.70438721982,889.540029538919,1050.63005138415,436.256056604302,904.896749624593,664.124629000591
NUP133,919.62389657413,2537.87018809488,1007.98475873344,1824.96945082601,1414.70108666436,770.179742492638,14.4066431948696
SFRS17A,870.432510802089,878.025327706522,973.892259590901,2526.55465840871,1016.08926628025,1070.24494173369,1721.69792287129
SNRPA,2979.46969865572,899.730230656253,518.031689657226,2246.29181251855,1254.15591222308,1612.78078337082,1183.1822255317
SRM,1373.84374528256,317.318030750467,502.69913676565,1566.17301835678,556.697233436728,1471.10902608181,326.122555949935
G6PC3,2745.43075453849,684.102437854581,967.414478576791,1567.11667659051,482.194175691829,1445.34158949748,1211.56366197048
KDM6B,953.676051701862,2281.20756454219,2261.89351474171,912.05192113663,382.589196040316,1167.79458391825,1024.70900669782
METTL13,1033.67751460207,2285.2050496666,622.059990603219,2513.09270483534,982.609354868881,764.57641936458,1021.27168242575
CYLD,164.55331980957,905.51464941506,1475.32084000919,0.00412995868018171,961.81978355896,809.450399968909,226.675603085194
TMEM141,3192.53002963467,798.316562603346,377.344677528077,992.131255872458,940.033656810851,1440.99697545892,1077.26728660994
NGEF,1510.39511884283,1557.64039610373,1384.29531521429,3.26348317977658e-09,1655.65220235144,390.469104164379,1415.24027777124
TAF1D,1031.14400469788,980.530633120177,263.529791625013,1065.72956800241,238.812788830784,3268.6146510526,1514.85963527065
B4GALT2,3092.83573467903,833.33748306383,877.720356622712,1126.07075703563,915.146309188915,1434.24080601606,662.326499621862
KLHDC5,566.982094542721,1337.29312014668,1155.91724161044,1142.54651060211,251.561847252459,0.24579974456798,787.493649104012
DRAM2,1479.8681371004,761.991903725714,502.595228613821,748.997056775216,372.982507152551,933.6162426521,1394.04792039248
ZER1,2519.69820925606,1326.3715778959,1934.7534335925,925.859689788434,1283.23140874472,1836.83596186008,5.95610414840162
PIH1D1,3856.23865694942,1196.26448409437,691.526626031083,1385.82521421735,606.10368620897,1036.16475763985,927.155167188063
EBNA1BP2,2550.88731273037,961.384840837375,609.164918752128,1542.02825643344,917.807525986707,1950.60724071431,559.651110108671
TRAPPC4,3031.33764943925,976.436028895795,1293.85141972196,193.982593828361,1066.3578327896,1695.66274628458,2153.96509533128
LPCAT3,1179.09113692486,1119.7257586973,1528.0796841923,781.91078571578,2509.24102382623,757.442398185107,184.376969473587
TPRG1L,1878.48606091475,484.92766452503,1532.07781756706,568.168318793112,2988.11505548219,857.568312160138,774.979498008704
RAB3GAP2,80.3364241701535,2359.27983124624,1456.53920610181,1268.6745002609,1127.97598180069,652.75098937164,608.571559558133
MEF2A,0.488987112698503,1535.61584670317,2449.74622587373,474.879937640893,1238.86746336738,812.934620936496,852.679378199598
VPS72,1852.91889782577,2284.61997311074,444.18042263841,1451.74243765985,970.927835989104,819.077601935383,1880.43678150242
PEF1,2441.23999311121,552.361846903407,1219.22915113014,962.33792257243,2809.96922653496,946.274873095679,1452.8452131798
BBX,0.000134222398443752,1302.51594054741,1167.1650862288,1194.00662859615,142.459952357567,1901.7813823382,1076.02532958391
AKAP8L,3016.40595276552,1320.05420620748,1089.38792381268,739.052688084753,765.809591726196,997.749220192218,1759.29856068014
ANAPC11,3380.41414637295,429.707134779742,931.195241374973,2676.78118848374,1446.07909519818,1669.21692592662,1162.2435976926
ARHGAP27,336.574619021604,847.478189163204,517.037025265722,1646.81757403931,203.43767754287,612.046854784826,1651.72203699753
GBAS,910.134795109651,836.483794365851,1559.09732791098,2627.83134080407,1259.81845552419,873.621744973522,1581.17465868646
KLHL24,542.568125766113,1335.14713256305,1486.99836407414,1208.49013314435,2607.15375170917,1358.38350973841,1358.81708142788
C12orf10,3397.20925800911,821.596422141341,467.820532503124,646.981779860237,802.374372955938,1520.9159592266,951.459779293054
BOLA2,3110.81973436323,557.28918923375,259.018594149551,1483.95555885385,1021.75314902766,1964.43456263066,1296.01809487239
DEDD,849.716997041125,2480.86591068394,696.627440785731,846.664577812288,1164.44095558472,773.381687189393,2138.43601935071
ETV6,1255.90666660294,1538.03788310108,411.174787614957,1799.30145332826,542.89640511956,859.412334171548,962.730310892096
RFX5,605.975740262876,1908.94038777155,901.13849085821,1323.20341648343,1856.8831836796,821.134719762017,1478.95016826875
TPCN2,3123.74447475042,10904.9533803574,4242.66032689513,0.0876763755418409,4.28707398365953e-33,2.93008926678117e-63,1.1652102426746e-15
INS,1.88196668271403e-60,1.34160739606113e-262,4.66568078773863e-42,1.94295008626745e-32,1.0213603976149e-25,7.11381950950672e-198,6.29701684153543e-30
SLC3A1,5488.35813689243,3.35459394568888e-41,2.05417455107139e-69,3.75398258282055e-54,2.62755321976035e-102,4.43550969815731e-90,43850.1088984329
KRT81,0.00389012761554138,2.45317444847838e-20,3.28061615304088e-77,2.69927365153402e-42,1024.91066166595,494.877128207468,6114.22128976396
SLC29A1,0.00370844518331219,3549.99929674638,52039.770267923,3.8610489705283,4815.13105324307,2.60800353394907,24.736867417207
CGNL1,4.85193672907395e-14,547.97044780149,51856.7896407639,2.75714432570551e-08,2897.88105748085,1.85184536646272e-10,1.28696967299557e-28
PDZK1IP1,31997.3484240763,1.3819788028224e-32,0.000182000622727333,2.52584540104936e-40,8.11454025126032e-20,2669.47399679718,7328.37546820353
SPINK1,965.397498295221,0.371111978346159,7.34998037631521e-27,1.81831303833691e-21,44448.5193210497,14978.849267113,0.00262517100672728
DUOX2,8.33284055434881e-23,1.38534142259252e-21,49197.7503763323,1.63724630361937e-08,8.56341129120961e-58,8.47570186437449e-24,1159.95426999679
GLT25D2,7.34405257684037e-90,5670.5063822633,1.98680137525592e-100,788.154110341197,1432.00386972604,1.18607842615253e-15,4352.60086897774
C19orf77,38745.286281671,3.36994370163818e-26,2.28192204071829e-52,2.62129195388665e-32,897.498524199633,2.49331765402912e-55,5.22634252129515e-11
MUC1,6995.04580330205,2711.44846638735,6.80964016707226e-34,14127.1768478801,3724.44367713356,3.90327794763622e-32,4.05917545706598e-11
ST6GAL1,2.42809476115821,4764.33716034742,5596.31421730545,15.8796061884912,50918.2552541861,6.96906609391924e-05,2671.72411496943
C4orf7,2565.76838083785,5646.67011019338,5.73485812637989e-111,4.54093375622596e-30,1.27792181380231e-29,8961.73548284202,5.38490990469694e-119
NNMT,1098.44978835218,3.62940421664638e-24,0.000439674907182483,338.25804158663,6645.34765081568,39057.4836904955,2.42230834757637e-11
GSTA1,9.28305696038443e-19,2.13279660365983e-58,2.43920061617762e-38,1.90556273905254e-14,866.380698061032,1.23171207378796e-49,3.85597378112261e-54
KRT23,12104.3453289966,2618.56885418334,2.9029491218684e-06,1.70699806191422e-16,6.03673878816127e-26,3507.610587026,12616.1122265426
CES1,4.54808772737258e-22,3.39973139377659e-21,15025.083702116,20438.7224832949,34756.6251349856,5.06767899074682e-27,2.36165507318455e-19
OLFM4,3.03761468870329e-55,3.85862078877703e-27,7.44949359954833e-50,6.06945787584648e-35,5.58001282151896e-76,1.7410646966769e-18,1.80483076031594e-62
TNC,3999.67441012139,1.15292277036773e-10,115.637528726375,2015.5732046963,7.38902530000157e-10,32679.3507043794,0.0831357264331784
CRYAB,17.3801898003769,7282.56322251343,20159.5310320974,4.87733320921337e-62,8.30786944569673e-47,7449.17858186188,623.650773223498
VCAN,6.23244620017e-41,4560.65918022552,2647.31962786682,459.635126293041,8.19003814451095e-23,5.13595074330073,1.13586476171647e-36
RGS5,3501.81059784723,13611.5419276819,13202.3661650919,8.69836624887545e-10,1000.56147340051,6.61291195958852e-22,2.10297763404204e-06
GATM,7503.6104723226,2558.80864193245,4814.87806405141,0.0340619282987998,45.7461584362744,8.19993901096406e-22,4795.88541601495
FGL1,194.602816129361,167.357377230597,4.0589656017929e-17,1.21814921450218e-16,32516.1213134128,27.6751447753352,6204.40836222309
GC,2441.54706509914,7994.85921488121,3999.2153427895,4.002767684964e-29,29.7002213769343,15174.2086112859,1.28884080263133
SFRP5,17820.0309770298,8481.16955880305,3565.59281810018,1543.87903567542,7.99580605265132e-20,4.9599046866493e-28,6.85539838402589e-41
ITGA3,1.78570207780168e-15,3.60710966287344e-12,909.70861813481,923.648899811424,2.16894323499245e-09,13168.0286773136,7184.16749391051
SDHA,4860.3520188496,1797.09441119468,4686.76531344172,2620.653172339,19814.3614463608,4023.49738619568,2519.5618257984
HSD17B11,8581.45885219502,6300.79245637297,2800.43126534545,0.312392759009924,2989.427994678,3318.69663467855,35984.8683732223
ITGA5,4239.8185071692,4539.99905272165,8403.0777054876,0.0701581330620233,3007.75353863143,6216.58404336617,1210.60769371073
LAMB3,964.288725518167,7503.70733203674,10761.4537913164,6691.97899894424,10166.5965733953,10445.2529146072,2113.34650016387
COL6A3,2.93613045289014e-22,4999.89130072503,646.521736834914,1479.20570597942,35.2563892187307,8289.5911634346,4.20180053628311e-10
EGR1,4.09178145612458e-25,8868.85950560531,6196.60084074162,2.57880187310348e-34,0.676742116285817,9034.79624213113,1451.23614104322
ALDH2,8644.61615387852,2258.01585383902,30267.1386415288,1924.68382647682,7501.3954357061,100.632919193677,2690.73504411577
VEGFA,5668.74806652125,5531.99058174117,6194.82181075493,18188.5765942668,3777.47675713373,2216.6860560805,14666.2035324013
CLDN4,7785.65376748835,7139.99899622106,7.16324695367751e-06,8471.22622035252,2.54946311403218e-29,5598.66442039773,12532.5420578741
RPL38,21159.6138114457,2206.43095931777,1951.31253578873,14943.7440787333,3700.37791478,14839.8323704034,6696.55668591842
CD46,38.0657789249287,14369.937238777,11062.134807584,28589.0745953201,10715.0591614276,4144.72230061464,3297.09064823714
C11orf9,11822.6363346391,6428.13469475951,4035.9224669494,3102.36985190003,4651.3854193653,7908.22794390614,24122.0062568627
TAGLN,6482.12706662625,5545.36296348992,3569.16610827425,0.00494073370203183,3.09814664818391e-12,4768.64628272428,1.56298467158448e-11
SLC9A3R1,13115.3687745188,182.845421319546,13650.5311676299,2097.00414960095,5573.71005374338,15872.6438365088,14522.2736509391
GSN,9516.7645213279,3409.68880534448,4294.41626784004,3033.59122217934,1593.34051861311,5947.76102071101,3684.79905389398
FGFR3,11363.8983163139,13651.585974236,33.981839826541,3.0098823960299e-13,1469.57574166092,2.83360349240188e-06,3387.15034678337
DCDC2,9466.55156629574,11604.5948758151,4.47672895891628e-06,1.01977615935541e-24,4.14289055810673e-11,0.000286261194334882,8803.90846158168
EZR,1567.0814410396,846.057184022021,4196.37727038815,7769.00782562342,8481.92425933426,3958.55605354593,3808.26623856248
FLNB,4392.28603201345,5956.80688025104,9664.30692696853,0.0466772705214584,1962.90022351863,2429.01497906443,1718.98346101192
RPS15,24241.1096567632,3529.53442971379,1529.78722778013,6742.07575569604,1609.49919094742,11967.9421654888,4681.15928260239
PIK3AP1,963.463330684453,13086.9321202645,27.877703744039,3.4983224848638e-25,3252.45608573029,3350.02677572053,16767.2528607786
FAM129B,6663.812887911,4924.37783886204,2355.05244846273,6011.81972771073,3799.71929792956,19868.4411283364,620.703211243481
S100A10,11139.941269849,6146.3375096162,2977.90435303786,11812.945697608,1590.73947292955,10890.0534326855,22337.5429632128
RPSAP58,14988.2675709545,4669.10940469118,3714.58679402041,8103.17436237117,1892.89978299472,8937.52536147793,3078.88647830915
RPL14,15615.1809297111,4112.41328915132,3581.94336704239,11848.161785954,1251.41566760445,9560.19369142284,2980.41166683275
ITGB5,9360.11131129739,6742.06311422626,3940.4530839294,1957.5526042664,8775.01374538074,11551.4041429896,27004.8930503073
SERINC2,5160.14537738354,3451.38778138019,9246.73511099099,1980.34781136241,25748.2389882808,9516.13303948382,9263.871170963
BTG1,16971.7317817833,7044.60809651775,8627.2327407425,4626.56256668039,68.5358699475383,13285.6579034093,6634.28531593123
PERP,7210.62914186622,7142.34302724752,7821.33413659619,12006.68074685,5456.05383275903,4864.11712724537,19845.0907569501
DDR1,3611.23549816209,11174.2744808659,5851.38583661323,5697.05179403816,8.92961890425567e-10,5912.86341991287,15146.4521193839
RPS13,14787.3554636958,4699.43110663478,3403.72163725367,10030.3731040127,3430.19049290137,15658.4886361292,5877.49887936153
TPM1,11382.0437247948,3660.24804736559,3355.77895348169,2140.17055198134,2583.98447771352,13529.0358526597,22539.9902347849
LOR,1.24287716255744e-52,2.44619890058585e-61,2338.52033581069,6.01477985344214e-52,8.31004815722084e-86,8.39513224008342e-108,5.20886251416152e-140
TNFRSF13B,3.28861385804653e-106,2.56480043022518e-82,8.64392556424019e-89,3.86332170606475e-102,7.9102815415483e-96,1.57542980737937e-78,2.37468698275609e-109
PCSK1,7.22467331539765e-62,2.58022273952324e-47,1342.61516739309,1925.29423407194,4.80679949207564e-60,3.80195454639037e-65,6.85010494747594e-67
HS3ST3B1,1.69406187697282e-74,244.533106803939,5.05412488277558e-11,19.4702125289175,150.954789475169,1.4460746636368,229.319858266695
DHRS9,9.09544665007053e-47,5.18997962064522e-55,1465.17500798745,4.10504989981343e-32,9.32550188833081e-41,1.05689554747937e-47,1.66146114953881e-34
CELA3A,5.12671129820353e-54,3.92622929439727e-159,3.85192977993987e-40,4.27498531951682e-32,1.95232183219922e-27,3.45965550435536e-119,1.3270753176579e-29
S1PR4,2.46434338696322e-30,1.68439859720206e-36,2.76226949116078e-46,144.096717855928,3.06364141608197e-38,1.08601010187373e-28,5.86032960772611e-51
EYA1,5.98879295935116e-49,2.39293218711001e-66,1.67679571151882e-50,5.12813917312529e-55,1.56081599468828e-108,2.99184055560699e-55,4.71928799605746e-64
SIGLEC15,2.60607456670765e-17,8.82184586368712e-42,1.06974875822582e-84,7.11138574460529e-66,4.31874163253009e-25,240.081039685497,0.014976781972711
CR1,3.89478141438538e-71,4.06398510453309e-34,1.03435346885734e-56,1.61001915146897e-08,1.62437950020347e-60,1.91227018008303e-09,6.83541084052553e-47
FAM83A,3.09292113707263e-71,6.33643800932361e-36,3.43409035850434e-50,776.878307785344,6.7365724718152e-37,1.9871110714729e-24,1.70775802415906e-75
LOC283174,1.72343526688614e-16,116.602545329896,2214.36694687956,128.675198323779,7.3746799143097e-45,2.19619322928894e-14,1.88116980678614e-19
SPOCD1,1.72723316869908e-50,4.27216674067519e-38,2.38173797986558e-49,1.10881179678508e-09,1.73595061807082e-32,323.210874474405,8.21430022802103e-49
CLGN,113.26567650034,67.00550046718,1.81271913885166e-14,9.12383069127623e-06,1010.75900067052,174.299780975707,1.65898661793644e-07
CBLN2,1.62205119306687e-91,148.009039745467,3.17032822220258e-83,2.21408478929848e-66,2.46018160733117e-45,2.62440001976008e-67,2.26265537978524e-43
SPDEF,49.7058096752439,1.53365258901857e-23,2.36149790691085e-26,1832.94590047526,4.80632583401378e-33,2.90437285526439e-48,5.1426728105655e-05
EPHA4,3.12927886243232e-06,4.71260879021226e-05,35.6637538437612,452.772381094086,6.5512276811774,8.32106555937924e-09,1.67361421366262e-18
IGF1,3.21410827552332e-22,34.3196904642891,21.3199032506379,338.126624463038,2180.12732747937,112.93220066587,4.65368581270134e-14
NEU4,3.21411602064329e-11,9.78768749729551e-23,142.155091092369,16.7719412704849,2179.55899952289,1.41904194260306e-10,1.24846656202378e-17
TPSAB1,0.00015855147406615,2.47004614673911e-24,0.00962409402957856,2.29571290861998e-36,1.24237663666235e-56,3.51434717465857e-07,1.27301669164026e-45
CGREF1,567.552210739509,143.296729922188,0.326907744059207,119.963637197982,66.7783007427289,1.24285194423422e-26,393.952797668335
SCGB1D2,1.05801106884191e-33,452.179659746141,1.11075025266199e-36,5.67368455965896e-47,4.34185022485987e-12,4.15000667320037e-47,1.237788476965e-48
PSTPIP1,0.0573915639368009,5.25223904876476e-18,1.26791130201428e-37,61.4116376518425,8.34869884262403e-28,35.213660021089,1.78951511844384e-21
UPK3B,254.960269582976,1.42935412961527e-27,4.94379759495325e-06,53.0457073946945,5.36205728768745e-14,246.632099758709,381.49563246749
SLC15A2,3.29874434539578e-38,5.64324394509317e-35,2007.06497885551,377.862567556798,7.0869809128107e-22,4.63719719730326e-47,1.94961629831626e-47
GZMK,1.97868930780823e-24,3.11526030537091e-25,1.67213686002004e-38,2.32092972963517e-38,4.38572197184599e-32,5.0115275841943,1.18860296408908e-48
EDN2,2.06423403782603e-05,1.15523650955547e-26,20.0700193907601,19.704627199196,52.8224936967889,1596.97322763728,6.56452139309642e-44
SCG5,3.37925151340134e-11,4.58004225204653e-12,0.00832936031575209,44.5423082984364,463.393470540131,5.46496664743594e-12,94.5497004987765
CRTAC1,2.54462261263711e-23,61.4682361558341,1996.14380032063,79.4243626168895,6.02116260655315e-50,70.5527502342316,1.03567140037933e-37
CYP4X1,1.83290700166012e-05,639.66810893044,5.16471720029885e-20,8.08363844009467e-19,1.40422157059444e-15,4.91554238097515e-29,4.82059469804493e-56
KLB,1.41256318031719e-20,12.850092534071,509.359539169947,4.30830578688248e-26,1918.58829629828,1.14008499027867e-23,4.08106690019361e-36
ACTN2,2.39503415693505e-33,511.477771588762,4.96460960452188e-46,1.4321655488676e-47,229.763265189176,2.73479058984176e-55,3.37104626949068e-82
CD180,5.4459532352289e-30,30.9346525801112,3.54074466286312e-27,3.19047911352482e-34,8.74476437270061e-25,11.1085811614837,3.11014684805039e-18
JSRP1,745.368872560118,95.393916516031,2.93901151170601e-40,43.974883294529,7.68024137090824e-42,1.22277855902942e-42,3.15042885636039e-12
BATF,51.0165263205355,2.11195684097433e-11,1142.88272867062,51.8760313714732,2.21337725089023e-30,141.329997712638,0.0450733002801482
RPS27,129.710035615239,468.191310298751,33.0098083369063,57.1072533811965,2.38347636142779e-05,224.144644629457,3.34538553273321e-25
PAMR1,80.0700210441505,60.9470079566599,1608.76098057624,6.39273652347795e-11,2.55393483091168e-21,170.678970207364,1.4262113134824e-26
CPZ,268.643996770006,0.0262177506560081,1.6208244458158e-31,6.16571049944958e-29,1.45687225420405e-28,1.07970195523618e-06,8.44246444717507e-33
LY9,1.24253632395254e-50,3.96233289175218e-33,3.5587431085952e-54,3.96249965226353e-32,2.20062309757616e-55,8.23170429805253e-38,1.1293429276623e-47
CD207,178.465063100126,249.64420040236,2.0201890231864e-43,2.01672645277245e-24,3.04460157952982e-20,358.925798482289,2.28811374830534e-63
EDARADD,8.31982838786941e-26,3.5727378437635e-21,2003.76725017742,27.7055695985105,6.8635535439702e-09,12.9868426431881,5.44916200990258e-14
SOCS1,305.695518850817,3.07883581728471e-29,1.05506021012836e-05,1.31942892221234e-26,53.2691311422445,1.37940212120131e-16,7.12777862205722e-07
NR1I2,6.5293399672092e-32,3.31107952640246e-39,1.11512402686252e-33,4.24016381890383e-09,2.84241382184585e-21,1.80334407508128e-32,4.2286890793467e-34
LOC399959,5.20764324163251e-29,1.35956999230968e-07,4.05501128852121e-05,1.46660365289831e-13,55.8088714417877,379.624257297121,3.8914981465412e-31
UGT1A4,1.10514935413897e-25,5.07155851394734e-15,6.07816610188599e-17,5.08394294284828e-25,1198.53405863003,1.51853785183385e-12,0.205172003529511
IDO1,1.10941430389286e-30,9.78366515812159e-29,3.62225121573552e-52,3.85165516584588e-52,1.48450589797491e-48,57.7772714675327,7.68295263462723e-46
DIO3,8.08703876942875e-62,89.9400496688537,2.0337990034514e-65,887.619533586359,1.41038773964136e-47,2.35106192312548e-38,252.077032003882
C9orf152,1.71921916010889e-05,205.75747247625,9.01610902166197e-13,1549.1303113785,1144.04032039976,2.90202360963741e-27,2.48277296410631e-35
CD1D,29.8472638011829,1.33847223361267e-13,63.0607465205006,4.40488644143002e-05,6.73455557899206e-07,51.290718632548,28.4470827462715
PDZK1P1,3.97725760958264,9.50292682734274,73.1820921650671,3.26887433262002e-20,534.479147491075,35.6819954017666,1495.62720678781
CDO1,9.73855066952723e-19,4.7778702624718e-19,3.29610577089401e-15,0.000219071613420672,1045.56749483455,0.000156739658062201,2.77139939440981e-16
UNC13A,1.57531740085612e-14,6.44964436891914,1902.75492937126,1.07030883791731e-20,595.348061741587,235.331036466744,28.6807557908187
TMEM178,0.0203079585161561,142.633729835944,2.5705114762997e-30,212.061765121054,152.821980631281,4.87109357188829e-27,35.9752018942434
ADAMTSL1,5.26582745465421e-25,2.77758195278964e-19,404.273258796593,64.9562962546023,23.4700695197764,288.274256246097,5.8950397626581e-40
VEGFC,42.5105706988518,5.00143895107903e-14,0.741862917463194,0.314364217341878,41.5446932532115,505.86085452339,1.98519531817844e-22
MTTP,1.96897650960961e-22,4.48619549252933e-21,5.50676210235687e-14,0.174907249211972,2.78520704042997e-10,0.000213880854641952,2.59136739681858e-11
FLT3LG,71.9452723394327,33.613401871495,1.31135272635781e-08,3.41038969382189e-11,0.458461873625964,91.3094336125978,14.3125697925325
HR,510.741078857023,710.858345890006,1.27389895038211e-12,294.573105674595,7.90873726253083e-41,3.2123066350436e-32,1.88040120552336e-24
TRPA1,4.22179596994657e-49,3.36494089269289e-20,2.63801224648825e-62,8.62295060798506e-41,2.77419940164775e-101,1.5363930018159e-42,1730.95308060629
PRR15,5.88940329146079,9.25340395599298e-46,135.538422565827,931.747769858801,4.933758199459e-57,3.36085769423544e-24,266.165544648044
CLVS1,468.779483244467,2.21590383221641e-17,77.6873155149868,0.0188172924004853,1.14846412896708e-38,0.0320486643954635,1630.82367833052
SOX8,4.59127807589593e-39,270.964778557177,1.7430172545811e-36,995.539061756278,3.45849788167689e-29,1.81939348611116e-37,9.58967833742072e-53
C3orf57,145.947670120781,4.16114601000865e-22,1592.62472017286,3.83043318199543e-29,2.52056715645987e-43,0.00140140508565458,116.379240949133
RGS9,8.99938205188196,683.89700337497,75.4987223671766,3.06167273827446e-29,4.34302205804333e-11,342.414650805505,6.094390944962e-27
NLRC3,44.7834329466534,41.57232909464,3.54217049244255,0.0280187372816074,0.000189894946182801,7.8870282632872,1.02743581798391e-06
GRIN2A,3.73345988876555e-24,334.384220917401,44.2011662946969,2.54097659071186e-36,42.9546978078696,283.422045904359,1038.86031418035
FAM110B,8.04907042620017e-05,0.00069468266311219,41.3398790268588,0.000479656395820406,173.098105609029,105.353685928178,1573.98840590956
AGAP2,9.90570402106266e-22,9.37905204414348e-15,333.734558506858,471.548724065139,33.5727414664497,1.88728443227165,2.11012173048679e-19
ADAM12,8.10202564303894e-23,1.00495393585149e-21,2.75482266280609e-06,380.935248572422,2.63415299850922e-05,1356.92957902305,1.2253284425643
TRIM31,0.000666325137382111,5.53641752179545e-14,1.74465793187436e-23,1763.12009203885,584.671135877482,0.472065655543019,77.945492948482
CLIC6,1.54949577760821e-26,7.43666469475884e-22,108.63286635781,819.624067130629,5.81919498596343e-39,7.87404931226253,1.3109805860927e-28
PCDHB2,625.182399940981,351.957615526316,84.3979720302898,7.40379780763577,228.406404681098,106.175621676609,359.266694877471
ZDHHC8P1,269.445459693614,273.150755133637,49.4906356186701,1.06782687004388e-08,4.02746628984474e-36,1.00698860840906e-29,1383.31428584564
PADI1,8.30005811739033e-29,1.92115372466268e-41,1.66933897789173e-44,0.603575451778105,4.79811861938949e-32,3.34033111766792e-42,45.085467526402
MPP7,9.3853906577694e-08,61.1496169097223,363.48770817205,128.744887968894,394.195260008491,0.991757312015738,437.39763947882
PCDHGA12,5.74527238359541e-24,3.47544708251254e-10,277.975792353746,0.00101572603771159,70.7457021736663,553.429601991068,9.88527853909404e-11
DES,79.8678008356718,69.6292681547219,7.70453877408764e-45,1.11576309273036e-26,1.34541585064376e-45,148.992906790577,1.93685816752406e-10
AKR1C4,99.0055695287057,7.83472124851169e-07,69.2491570224027,171.586461846436,1282.44414829952,36.7559602352827,155.278437535403
CDC42EP2,280.777222005361,7.20054208740337e-18,98.0592585448128,118.492067390015,53.2838307830193,139.078921761086,0.900950635766336
SULT2B1,305.907908177099,204.891133349526,22.0834039331881,641.244124018093,5.04178224745116e-39,895.435696244971,181.024937101067
NTRK2,307.980090428248,372.00144544955,80.0670018378739,1050.70500601723,2.6575149418766e-40,154.666603099104,1.96077000393797e-27
AGXT2,378.265807768243,7.48278770131566e-32,60.7787803370317,1.40652101063576e-38,3.96529984095095e-23,3.46362824467867e-27,276.228284514847
LY86,121.627053293586,6.34162985753036e-16,9.87188920424141e-09,2.78987377974161e-27,1.35894689992791e-25,168.83280719726,25.5810176547985
RELT,1.49904234934993e-08,35.292993821723,5.09093107151426e-07,384.798465329745,61.422160182852,301.173551306037,240.424974986466
CACNA1C,1.63856602439219e-07,188.904430611947,1693.36353872839,534.207296473656,0.000989165054660207,0.453104303476737,2.96587973923552e-20
MMP10,5.19293521011746e-40,96.4025763273687,9.63982242055278e-10,4.21678478252309e-23,1.20515080606141e-46,38.6505872290406,1514.92851610584
RUNDC3A,0.0296971567954879,253.371468576767,1476.94256526964,1.09805090803742e-17,169.0488271854,219.187603887019,39.5491900225785
CASR,9.98184163200694e-10,256.575324919145,2.62634020632021e-10,1.90063179883811e-18,3.47955758903748e-52,1.64115075163676e-56,0.0696944698502883
BCL11A,5.24409132875015e-07,136.9358891726,325.442621051358,584.196994600672,0.0017066857846462,4.27316488006056e-11,6.78485782097175e-40
ITK,7.23734630685087e-31,0.00014323564307042,1.99356434583931e-14,1.41038715940636e-36,1.50279145030863e-32,31.0470503489218,2.42840490317094e-28
ABCC9,4.61711333697181e-35,37.1395007812544,1.21787559684294e-27,3.15375231532355e-26,76.7865648919398,292.159016849516,6.10995308921743e-35
C1QTNF3,371.018771181378,209.90465759295,85.6455853843859,100.090754380741,140.038276473716,4.72940101513875e-26,346.044166407665
CLDN11,278.15848032651,115.064507465394,2.5419572488537e-11,45.0432128404244,3.67266807856275e-33,26.8405035839102,5.22398408985809e-06
FOXL1,1.18291910379455e-37,1.98913187877955e-26,76.4259752173573,2.22124585529075e-27,0.0113728607486557,157.333787591623,3.00183559405961e-40
SLC6A9,231.482275972132,115.044144981714,155.184065062535,104.200257800729,5.1467683734955e-06,382.631783411061,0.0418084309923627
LOC162632,75.9578210518698,201.813255282695,0.000107085137676742,198.316149903582,5.26010685252729e-10,98.3429339151484,303.207299048426
MAPK15,1164.99651416286,229.289634227763,1.44334624542645e-34,542.346348049871,3.46529214154341e-42,190.138394964556,3.7392066148301e-10
CDKN2A,439.453128058767,74.3960945047596,0.26513858183999,1299.51128451466,0.321956788558629,279.957298240606,199.070618075906
GPR132,92.202008005237,34.0169818989191,9.83060176048548e-21,1.54880716907528e-18,3.42174583885374e-19,89.5040327399257,1.97778642842186e-09
CHN2,113.763910800444,162.389295638107,1041.58914312331,180.779600906429,854.887207771432,1.42329765004384e-05,88.3294073043672
SLC16A5,220.952151839242,377.043778026167,1.9204121560818e-13,246.657031024821,0.000291937645183266,3.27981521092942e-05,302.078750416959
FUT2,54.0014198333345,136.545930263858,206.81204608548,401.148898504099,3.98366124368041e-36,8.93237624072282e-28,4.7046677377692e-08
EGR2,1.46798451672915e-30,272.500166917733,38.0663833287429,4.85152765474319e-06,8.51109400459486e-23,187.094330614273,1.52874348409798e-22
SCN1B,392.956694394333,9.16205362978929e-08,84.0905424171736,206.644765683814,404.776572402794,1355.11934111186,1.92676738027961
CD96,3.63481018679411e-23,4.15238804567706e-07,1.11327906120501e-19,2.80231385611875e-21,9.57836153854021e-21,21.4966568200902,6.99133108967897e-10
LOC441869,314.905707166591,303.792833557144,1.30725429238964e-08,520.194015103157,594.74043968754,3.19855612490535e-41,6.35365415402775e-20
LAYN,2.12383710267446e-28,104.042996978962,1.06825007822615e-12,1.27868042819433e-36,5.59449212192506e-38,801.013778630078,6.26146599943501e-32
KRT15,1.19770535568079e-10,0.111681323261352,23.7460045172094,38.4072088486714,3.86299836813365e-34,229.031141969497,6.85559258701939e-13
CORO2B,4.41517385952842e-27,56.7788973876232,0.000383640389025499,31.9672016852503,0.0447299800509209,512.646160689133,643.254249475994
RASGEF1A,184.200335260598,9.0743650541017,378.505423587275,732.826356715618,188.5596655348,100.92388625577,431.202200513782
ST6GAL2,176.955542859795,92.1162220193221,27.6949966551241,58.9798823453823,5.70760876252838e-11,261.561806463756,890.489371941489
PLEKHF1,38.1533812946039,159.94224466717,0.170397715636315,178.963155881023,290.167033227588,0.0130129913978848,5.27623663367863e-07
ST3GAL6,1.59718387182304e-24,257.428613416275,827.771124557338,53.2856129201924,632.215688889945,33.9730361660303,139.80810945456
CCDC8,352.849436067178,94.6170079047446,8.19599940846485e-24,63.6695788630678,0.000164754840178279,4.64719084385349e-32,0.020824803258125
MASP2,0.0130444536993306,1.78043199956518e-15,7.5784951317658,69.3691291797188,0.00433712140597345,39.0270137614263,1.00980231496633e-06
MMP1,1.50242229192753e-38,5.40067397187528,51.2932289327417,5.90073400304821e-09,9.17431986542103e-15,178.531834260388,27.8938292548439
SDK1,155.459092684409,2.28958711898402,3.39750216580256e-09,1244.12829686668,425.299652601633,1.62881012521879e-05,1.86360458018136e-14
RTN4RL2,262.954823725742,62.2715119417416,198.795454670921,6.51156187531555e-35,392.57610252481,266.982836144859,32.9598667998339
XYLT1,9.57414760263988e-28,242.067797657881,196.380959236054,325.73097395346,31.8514392486771,401.058668563334,4.72135166142993e-27
C9orf140,360.905992128407,215.553401813052,4.63659462765381e-12,1623.61102205206,291.590426150159,313.0982398789,254.085428558388
FCN3,167.721309261222,0.000132785915190898,67.7309622966723,211.694080747335,90.3613080628114,134.523226995242,144.576139574475
C7orf23,123.553520933721,3.53796104011455e-07,247.539267324812,235.653406953762,4.37147589615655e-18,117.328370256551,61.2235188324055
PPARG,193.439562831972,2.16834289426928e-11,395.658707315284,0.437157041913079,55.206980079015,1.56108112172142e-05,141.540376405586
EFHD1,383.64313525906,582.231196884815,223.241183769502,2.61122648453867e-10,35.0361469331723,89.3616275389085,8.01409873065103e-25
CPVL,8.49224953683672e-08,90.6828300154534,44.8100844943329,444.250445579196,1.13786567778124e-21,191.599416314883,2.91461753288353e-06
MAMDC4,331.770109665516,211.459195683547,0.00561172670873939,254.1313461919,1832.15576102351,246.907904238874,296.836783668692
PRDM1,1.11772551813439e-20,63.7217361494069,96.4912645213557,624.746888518424,5.37849397969624e-12,196.141527570552,9.3839077836322e-13
DAPK2,143.765868649202,161.63867887102,1565.7340749575,0.0329595562009089,71.8379008633719,286.694918800685,35.190949520184
KCNE4,8.83190261649173e-08,166.844394099342,149.40960258497,0.163187582377926,32.069493002496,126.67404096913,6.38059382778655e-06
SPN,3.47551704352829e-10,6.9978067854825,2.5168150544442e-10,7.77307866053147e-25,3.95434106133509e-12,138.23666806224,3.24065038372534e-14
GTF2H2B,26.2387596647565,187.74250624062,5.42915143058559e-17,16.6397625636969,114.499789399238,5.87038606973148e-13,242.369602251969
INPP4B,1.7143035940691e-16,109.023301101005,266.336738030492,138.331808080963,3.35967815366742e-47,430.884634971378,598.605898173511
IGFBP6,277.732371815412,124.462013937298,4.98832336355802e-05,102.770792631376,0.0059454424048156,653.283606607791,0.00181325425096344
KLHL3,0.000265097950194022,397.310901446243,176.871873015471,124.456021780467,1.86695901196307e-11,6.50708096461743,9.18964373082667
ANKRD22,0.15288069058721,5.29222429707558e-16,867.912682242713,156.394228369453,3.71746560292826e-35,404.260449534493,643.24725955046
LRP8,7.39184645761621e-21,12.363489325569,2.89344937950697e-23,1518.97902997405,5.22984389355762e-17,243.223502140728,1.4236878935889e-05
NTM,35.7310085545777,198.924595876994,7.78995697598151e-09,2.82641561616795e-10,3.50024825344642e-14,356.200413866066,9.11279225230226e-14
ZNF192,1.80998075532828e-21,416.042294835869,238.265690119627,447.490034121094,218.269789919412,0.0268806361483233,8.78988292693259e-10
MYO3A,352.446313362163,197.774922701005,2.58954211515093e-06,8.25307826963693,2.63856319188255e-44,611.003720415367,43.8344862683436
WNT5A,35.6473922296465,72.1352159388565,137.098907179603,942.38496962016,0.21153125222451,119.40685231967,2.30131853839077e-07
PALMD,91.8264676751271,104.259358707974,183.6999074016,39.2720603870477,315.389600235895,107.122031902905,1.77633294633883e-11
FGF12,101.408643744613,0.000184130565293699,196.541554123525,3.27351343039006e-05,0.287406068657578,803.808382934499,165.14943375509
ATP2C2,7.93259821521134e-22,501.702279302958,4.02105018558198,54.3682204848016,4.43653758661589e-19,94.7911620292079,49.4362404603164
C1orf162,415.786056981847,9.39135975025235e-20,7.63390467477095e-05,4.36099180798472e-06,3.56064989039189e-07,286.311022926803,0.00746981896922311
ENPEP,2.73107252317399e-08,209.440511731042,1465.03080191863,39.7544629052204,603.778260395095,74.8513867642621,1.25540857995744e-07
LOC730101,118.491740841347,182.051749180818,58.6928760933184,523.090803353099,130.155751947259,3.13476705279235e-22,2.26843624598012e-19
POU6F1,151.484552504294,177.165742054678,122.336304455945,41.4950187435726,144.986268179501,131.746061898493,0.0010201170925642
C7orf31,595.249373844634,178.432596781709,75.7493043810095,100.934199246706,42.0496943512586,130.197463510354,165.678459184981
SLC39A8,5.16598755212931e-08,0.918870433134762,174.243387752976,315.545241831854,119.848961862912,400.386684581563,3.08860274152473e-15
AGMAT,152.063739214724,147.161833534459,230.688287999418,55.3394835690235,1138.15459209464,8.51496147831467e-05,61.8788289222258
PDE10A,1.20341792743591e-05,1.30955663151712e-28,2.71537762433291e-05,499.667451643774,1.71085515900292e-22,372.919886544082,205.105450878957
COL8A1,3.96908891697649e-28,377.714596696146,163.351436471207,54.050867035123,8.05874031672354e-15,332.316145844041,2.42760653293123e-20
MGAT5,1.6604600864372e-37,392.772182812458,659.434482423952,345.593574792116,1.68692099940122,102.676578480533,173.830813064262
APBA2,556.735508149325,221.556429608516,1.29921987404499e-07,0.00550892852390368,2.04467325008452e-14,5.0284658142742e-26,409.50753671333
CDKN2C,139.64883031361,174.822052781594,119.680426982905,0.109230387965403,660.047088033512,316.724199381867,2.80247870664199
SLC22A17,481.399653734653,264.946680655839,685.663365932618,0.223748526450174,196.088331641423,1.33202988648694e-05,375.067215297943
GIMAP6,0.0061559061387147,95.2729684384149,362.191746099216,3.50644777723496e-11,109.99784261813,72.031108610404,8.85563564689341e-11
PCDHB16,421.716269301573,484.849768659909,993.817283653739,135.828776624633,726.060035971895,0.0396843475315132,0.000390864060970106
ENO3,534.84573962657,316.869140774116,1.28312550753345e-12,757.706209550407,132.331738843924,38.4165493775887,489.276522928871
COL4A3,3.10390338611012e-22,87.3127359185384,698.707517334817,0.00788162863000238,1.50262219138381e-15,263.716390768074,344.904636586124
NAALADL2,20.3244560967788,239.246353708364,1381.92047427354,330.715351690168,1.25271303017395e-14,84.2346363838393,318.310856310859
ZNF518B,292.954672513849,228.584811834198,530.599338335989,3.44649724246678e-26,1345.47498239391,79.1562099888257,0.000257046435611337
RIPK3,8.55981137669722e-18,143.35845722262,270.102719867282,943.76668759691,6.42175285150394e-34,0.0273224625664911,833.307989079458
ELOVL6,2.53994019357674e-22,148.650144746882,1136.76061809752,41.9257137519362,242.722272984025,193.690657458257,1.96055470289067e-13
AATK,183.947522726526,405.377446325508,316.357683472433,282.382578579586,66.3746873797847,0.10265929674523,1125.48944549109
TMEM144,0.000687319694652828,139.273564474454,142.989622910825,206.422406214019,1.6592205786292e-29,33.3310653499941,1023.7184278096
CPXM2,87.7930476998212,286.437168055353,0.76451830763868,6.6918394574531e-06,4.4841480308535e-33,68.9269998459963,2.0882851069485e-12
TMEM195,88.4168159791608,85.1312210736259,1384.38812627721,8.56103034657028e-16,442.320010384749,175.06608844473,7.99747632423768e-12
APITD1,401.782309029231,54.6732762608816,178.835490320894,364.121303679533,32.7126628148368,145.896472438199,3.65314194594919
ADAMTS2,8.22437381767112e-17,290.853895944698,140.887170578826,7.19998286422721e-05,72.992264076588,224.705976848421,2.10662684785315e-23
ARSJ,237.865081466439,196.777466935261,170.715021392969,1.98126512654853e-07,74.5692258576271,236.642036796088,582.72835252312
STXBP1,2.00757652763181e-05,130.479101017908,442.64596856518,514.974639942502,265.162422086086,875.045137552768,1.09788413364587e-07
ZNF503,117.597352962108,196.049142255075,10.734853221206,1627.00940208706,116.977087825436,236.420093078112,293.444134567137
LOX,1.80147536877094e-24,290.080797004109,79.0609976210941,198.948758556217,78.1586494358703,200.495570678147,3.37168577988687e-20
GALNT12,9.51311837682839e-10,47.3014572204424,226.231219463891,688.675254822161,100.00621706942,454.761078689217,136.91952642957
CDKN2B,15.9839036258681,288.572773305229,257.818181550369,1202.62716649662,83.4483925030545,236.223318989966,83.6168649002885
C21orf57,1290.11671686479,151.497082450852,299.217532390537,63.2698175818455,60.5308989707983,122.216091668874,463.199068745976
NSUN5P1,338.485735099215,135.206267938158,39.4994845350772,867.404039643481,345.606033840258,125.761163878806,211.961599157599
HMCN1,2.65847516617716e-20,347.514273594611,472.705566598319,0.00153256249747232,4.26230851639487e-10,0.00848101147191322,1.68782348654489e-18
PAQR6,545.990651251357,412.545350255836,54.2849072089912,51.6884048464059,83.2008839274902,202.837621619994,424.888415087243
RRAGD,6.75467872020975e-06,67.4276148761353,140.512980147453,196.256588113449,493.531515901128,658.358986099796,120.162975847611
C14orf73,160.652156354202,63.9209474427485,43.3342246925458,7.54077602221244e-16,222.335983176593,9.87549767883419e-09,169.615857352641
SEC31B,105.422486698668,229.280986541646,204.684554915598,86.0009711576128,63.1591528161095,158.077039407482,303.923529932382
GRK5,75.9307003874446,287.84632800607,241.685227197403,61.4465573460984,44.7544967099547,106.700173472985,6.07336024336762e-09
ITGA4,2.13009505342822e-24,125.578008849482,67.1055541057973,1.02373349349124e-08,9.22061146230636e-15,316.497809187603,2.09404781263543e-12
CASP1,107.14764564078,7.52020819858757e-09,2.30920191012542e-08,7.0132213219316e-12,146.296284884202,384.648315080418,1.42613621158514e-06
KIAA1244,1.90133553530392e-26,329.071427774536,1196.46547300971,407.151160992317,81.7016759311507,139.026072331372,49.961818872751
RAMP2,884.953109757646,84.6102563458941,306.357210531098,77.242754221345,49.6027759495621,1.68182552052896,0.000297483166481276
MSC,94.4853389624492,46.6359780331109,30.9343778537067,50.9785692103904,40.9337370609039,5.39860325336353e-05,3.36509557666035e-24
RBKS,277.393156351025,0.244671129262309,168.484064954736,58.7337267948573,197.650827795979,795.590052203449,469.532084767017
PLCD1,163.174877775407,623.798937126162,457.239789297512,54.5952835089486,38.82379037287,114.180785529582,0.0356924866812394
HJURP,199.937789386593,185.032015612613,1.66871509880585e-09,1042.03163084091,237.874959794927,265.360014396594,108.54864619218
TMEM200B,505.483039700021,155.867838547342,186.801265598301,4.66237891672943e-16,125.722798132759,62.0473405326571,811.516819688149
IFI44L,2.66035339756223e-26,153.793792439209,1.66398519849774e-12,7.05823388566138e-17,13.4184385237643,124.317932522571,940.190424922263
LOC100130872,624.439240561258,185.444595734307,2.24872634934419e-16,39.9741469679314,382.363240244242,8.61028828810518e-38,803.843719054053
TRPV2,47.5831113018151,157.197033224109,30.0540717818737,6.14003381995765e-09,2.51592460765114e-07,201.14133512681,5.70543432114295e-07
PCDHB13,143.23938855246,453.118443978201,218.545101309292,0.000709879985779529,343.617245418014,0.248668899455116,720.930182485801
RICH2,135.373259490299,471.993751777603,674.755803620652,280.133406110807,9.0749649504142e-06,51.6345517081517,181.359088948017
RASIP1,386.29560972085,234.42295564901,328.477109488312,159.955978859319,293.626075979649,124.751681302102,6.46098459228173e-06
CARD6,0.000231069835289115,289.531695272282,329.023835211996,222.462787879394,2.21298820693506,275.713533291287,2.28381240486277e-17
FAM55C,6.33313121028748,84.8015927364032,737.548752725759,131.367190472675,74.7829037025875,231.120922508918,0.0613593520175873
LCA5,3.02668861030526e-06,464.149968450793,109.793946494041,0.0640353896229925,0.0753592964599647,252.599617347553,2.34874581738142e-05
AFAP1L2,6.1042000654004e-16,178.883486483098,41.5131654710878,36.9738538792745,3.24228139748595e-20,183.218288298174,9.35221157686041e-09
IFI27L2,358.427129819055,88.9786653715362,192.66925966949,208.314096323506,122.189324527744,419.535497404262,170.45739074018
LOC654342,805.52991456303,1.27158640471187,301.672224265978,199.915793730928,376.397314302802,110.408996789929,382.939670077532
THRB,2.73655841843753e-05,208.290149687808,1348.18934835512,172.465579796408,357.954611255456,156.503413066098,242.188930182022
OASL,0.309948753838772,120.910316287404,0.65273474900194,5.70726648848305e-18,181.183388919004,4.85276574068256,1193.22162240662
C9orf100,296.539687907989,134.074197569827,59.0986963865041,395.572745115519,173.033823783526,328.220641072667,646.920412414214
SCARA3,97.0483398603666,65.2325480356393,252.966498385467,140.467230257492,50.9904939421962,0.00137673939668332,257.30139078199
SETBP1,15.4364293127701,253.905658639345,1466.83945224728,42.6384680239148,361.155141178791,309.803979643323,185.601091954424
NEXN,2.08980525282148e-17,190.092699872182,734.129880831249,1.05262596840972e-05,0.00139230894994144,42.6542800983395,40.9728835761459
GCKR,79.1551666940629,200.247728393353,97.7556145920544,36.5566485433278,519.265298874504,65.2235757372325,153.571868685128
NEK2,130.010963494476,350.361324355515,9.79603831053172e-10,1049.37650113613,453.049364375677,258.476141555747,0.000494108282744838
CCDC109B,0.00202446433038613,59.2992002865513,369.470878535122,4.77561389386253e-20,2.36451551578766e-19,500.22977650143,100.631267017167
CCDC106,629.401205305904,266.005221954584,176.392762443984,137.556267479573,2.59703222777447e-12,102.397833852885,255.615688401156
CACHD1,0.519341263058946,259.65938654466,238.273954215639,322.393878528763,2.87688198803509e-09,202.799633081929,164.678360236824
HMMR,0.176384651008026,0.00165134744734302,3.86398062625099e-12,359.670731294928,493.079331779834,441.390006412781,74.1158096357495
APOB48R,205.914473747186,82.7573661049016,2.23615921189625e-11,101.252909061749,17.4713513252159,471.292393207898,22.5041140726792
MLLT11,136.172414809064,376.766873144646,0.0559411009492992,117.835462275989,585.789213846079,337.915550671422,279.749788014872
TDRKH,31.7165061501675,526.974628757743,185.633499017918,1066.53576911147,99.2775555375911,255.803423726147,84.625030629321
EPOR,501.071278475308,517.824559935062,449.190588915765,6.10522697079182,196.642703500739,359.327695855578,613.75796538798
CIT,241.100421325097,156.521497845961,440.818615968378,432.156515537411,280.07757503219,305.10743059155,112.617054130451
HSPA4L,1.09487718583879e-12,479.827565236384,516.839544591522,19.9659781978151,67.2723028035569,140.308317719331,399.961471863859
C3orf52,156.731080973411,242.581178771732,1224.32561960627,223.704515229475,43.8880623944192,383.787104694174,830.287531539384
CA11,394.853960773057,218.994337281009,125.334145296487,3.85739616258126e-18,1.22544361981842e-19,322.086023726545,299.127265224282
HCFC2,28.436804878488,236.429326041516,1452.11709637766,2.6912549646898e-06,556.460412114991,232.730339576289,14.3819920989836
NFASC,21.9044153942181,198.30528991117,849.062305262205,13.6107771532912,194.559669232634,225.800132424674,5.50634638584808e-20
RAGE,318.788430239915,131.355471673654,105.84250758381,488.764230247682,103.039040771554,272.589835615375,5.80185907657682e-07
CDCA8,298.611734363899,185.232457810643,64.0245098689843,465.699029586436,508.653468470033,250.856315164565,151.372554921439
ZNF528,1.73270744771977e-11,346.70171344184,255.240109798984,506.033476581216,198.310204443728,49.0839039968886,979.756550732798
TBKBP1,236.138623356133,179.914466685532,308.992838930178,421.922501618295,1223.44731617688,220.691581644049,1.20103341950367e-06
ZNF43,115.002425543404,266.869653623588,624.00358872691,1.91852506714037e-14,257.664087837634,134.805176296423,364.980523647998
KIF20A,284.818882587461,181.843617654999,1.98965924476038e-11,429.256340586625,442.654232325968,323.797259016442,147.116565914572
CDCA4,90.9905592990423,129.718203347689,54.5477794970987,550.367326001522,222.00647264451,307.645879570145,0.0727480218348013
GCNT4,1.63182249107908e-10,329.426766551596,618.23331526157,5.04507774724612e-35,2.00850205944411e-19,0.000237012608031607,740.175441700566
TNFRSF10C,48.3181872545906,218.593660434104,284.260582009929,76.0182760656563,114.860988064121,48.1957316838703,833.762844446405
KIAA1549,103.795381919518,285.696881750067,553.471221891549,1430.78862998983,1.6514456997667e-14,244.468069559212,0.361952655704317
C6orf27,153.423916225888,384.241477665309,16.4233372781836,65.5955729398436,901.377931131509,6.14947357693113,593.542558378847
AURKB,320.424002669674,139.614665419644,9.42622098489221e-15,747.530717435067,173.422184066545,221.94564354171,40.7630260952307
?|155060,359.577711971117,315.996771273782,208.822546560119,573.688878656634,132.151629035397,40.3374410825038,135.805625771308
YJEFN3,614.189596752211,245.901581810219,154.504060147156,125.720246734878,353.75872880418,253.134174177376,219.160458493085
KIF18B,279.15108329973,193.756693853377,2.44165405728714e-06,815.605779656768,228.324217373589,267.393653836139,164.687413396127
NIPAL2,5.33847040685627e-24,441.900807863142,1029.0139398376,40.0102350145881,91.8191196777398,261.918652316043,120.779390240732
PITPNC1,538.834583912124,232.186098410503,172.894387440981,0.0666747807931893,0.00163131373828312,52.0915421605708,205.885008744756
BCKDHB,77.2869374485946,184.263642825185,755.008462734277,685.949810175306,1076.59316414797,135.937699448869,219.240160967553
JAK2,8.22621319065614e-19,325.221599291044,262.71841143073,136.107980915081,184.853595005019,271.357036876076,2.30408396211876e-11
FGD5,136.442501656105,142.813759348899,356.152168252716,0.00637719002251901,34.2337827114849,143.095357707975,0.0274710269317879
LMO2,261.810602884805,1.03787546771674,222.60252482993,1038.14629467663,43.226252640074,105.426084659131,0.513891963246461
ARHGAP39,261.566070418776,543.495087915508,133.176160974149,813.891167725284,61.3633418545001,266.631082114534,33.9831374672859
WDR54,756.987894575998,148.027234878726,97.8064854170153,69.3833701486296,1.20343885880194e-07,878.961476312124,37.1688958454201
SLC22A15,31.7804200750817,288.035126982895,415.82068741412,2.14755568055915e-06,198.124819083612,724.08225981561,344.930463025696
IL34,235.035885276431,229.042261702148,159.745396671884,5.42689839050912e-11,1.14358635370158e-12,465.983929505562,6.40074260537468e-31
PIGH,124.423545130581,205.268540818281,698.269391891588,231.640595778262,536.819220075285,168.742440983509,369.450019989173
LOC151009,558.441355536975,327.858888205794,50.9265960748426,144.292987913173,1.53444917800409e-10,257.156070608799,877.950562465697
TMCC3,121.661709371048,216.335241338945,553.430473143455,0.109193493608215,164.171196927209,101.475315417368,8.79048085961736e-15
CSRP2,390.630831359248,568.099939475452,6.04456743937517,148.950295675191,28.3223088308467,359.604416342593,9.0490135385673e-15
MPV17L2,453.335698876808,73.6715926505914,179.33900552518,231.4442827597,1334.19026344693,343.531050961508,297.850685481592
PPP4R2,5.66576242903401e-19,493.927013662393,625.968817232131,194.168681424132,144.646296175203,147.606892103925,0.677114936738175
TMEM25,80.6512219573663,493.156199994826,147.036038480086,0.146154982013786,45.2781398942219,62.818740506912,357.798962769803
ARHGAP11A,139.322444736265,318.245052268638,91.5182896376681,892.847285130128,421.169567545927,366.565806710912,156.302823820818
C5AR1,371.677627645412,186.596501433927,2.91454673127862,10.2969041170348,450.676176003703,985.901279478572,193.69956276631
ARNTL2,7.78266634181723e-19,247.548120245509,152.774427711775,84.6380833028949,1.28581860452056e-15,530.34563057806,0.000140811338185145
FAM59A,88.5691335898423,463.631938700749,432.514472840458,191.590080154763,28.4131736469423,421.096074105419,539.76446064809
RABGAP1L,7.12961086270836e-09,610.298027372333,163.736394251922,154.76471305306,86.2528609974542,307.645402315708,0.000327918383195173
STIL,189.424837422058,400.029867163358,44.4615119977208,203.686885233046,104.650483829429,220.883971383924,116.637566391461
KIF23,192.46240562929,234.997883408859,3.66517168896901e-08,833.055825433973,281.654577762351,376.597903269538,121.126115381019
AURKA,186.362356701633,81.9602276544701,1.35716994318393e-05,750.000766317005,656.103562498114,457.932047836608,184.435006923249
NMB,426.68366063888,121.807589941232,88.2999547564172,654.735212850866,79.6712603388226,923.962988627623,292.816792397592
LOC728643,439.815077258638,158.908263299629,47.3525980083201,116.946480855859,9.60137552209967e-07,367.342241718945,276.497444286962
ARHGEF37,61.3768480579003,569.030249810126,445.209633937133,0.0583660037528191,184.564402758124,277.545592552791,2.13213849887745e-26
GSTA4,204.09421093403,329.31278313155,188.283164821916,1113.56706336969,451.356039760206,5.70035699934107e-17,5.28749691864236e-13
MR1,8.32577158483386e-08,438.414961411255,230.283860273975,22.1414275731828,196.575684750912,158.064267245118,177.095283005031
LRRC8C,0.000286614123606219,78.3771982935821,147.550185219177,12.7111058997618,4.52693943758497,325.235760395145,1.20253057881405e-10
RDH5,568.704186969295,3.43358563615304e-17,461.623892859699,0.0405389952591524,123.990822932444,144.575698191785,306.640262845147
C2orf74,936.624357115738,174.050803150427,165.832712027655,16.5478092730702,82.2311380198645,339.502378637777,76.9830497664054
PDK1,4.80090414162786e-19,245.269911367484,169.920280924547,770.528994665154,973.198135924492,584.658773631295,19.9399932779429
DBP,903.649657848827,233.017846342994,0.216574585365482,62.6593511933309,406.835484395321,116.97169819117,308.074377445204
NBEAL1,3.71065514612177e-25,519.107034882565,642.8409639483,90.4509343416013,4.64232234999463,38.5385183328614,1.33222316937338e-08
GIMAP8,50.058957880336,138.27020648589,360.070877015213,4.98211132031923e-06,106.688754486289,1.39896365270818,2.26330417446832e-05
DHRS11,241.593317044674,76.4673418059487,331.662434193958,546.497274989535,795.620907444126,102.619385575205,251.075078314818
HCK,72.3119735137867,2.42760473977387,16.4777118117422,0.00191528495981373,2.34617964646597e-09,456.66368999098,3.45398655406244e-06
LPP,1.80568195556044e-11,479.657831456948,652.173984708353,121.212946237189,158.101722650373,363.099706999468,218.140540828277
MEIS1,547.314304112975,194.874616006799,268.950957344663,206.403134431371,59.8863221255725,56.8980866288656,216.89968513788
PRR24,1185.79304868211,126.607779968087,130.778953040465,136.275895953719,110.401043030749,86.3442936813308,94.4499643274602
ASF1A,27.660003594024,242.589946553364,389.926119286057,1039.75000433162,828.206797843097,117.904262549876,112.272056657751
GLI4,925.51337999774,309.066451715343,131.90578485851,275.295113192318,213.641593809499,231.188755453168,252.525437721103
RILP,418.71834523576,244.822266319643,511.754158100837,166.09226761633,1270.59331953918,326.931344867092,235.897770133023
BMP8A,1.34453861881001e-10,348.728812458962,119.477997368263,58.5256431211129,415.561113197067,133.987194941936,4.33451091745567
USP18,18.2055965594079,410.834627977797,91.2894454197832,84.583770400174,283.538808046406,121.559188903426,906.701691407716
DAGLA,250.231750401949,123.065094434521,48.8558754830886,56.3037056137313,165.303045850009,415.982699000395,576.832858353529
SBK1,357.721803817479,369.274011065611,303.009874281186,1012.11656031592,9.40054273236545e-23,1.61957953735752e-12,393.189395229175
SATB2,15.6661612492466,225.601867064139,124.791845264411,66.0733468925018,176.029289407036,266.14679568359,632.136651720226
TSPAN18,85.2077463483206,251.62700534578,287.837049777343,383.618369197125,208.723745492624,178.287609047646,9.02307669896699
EPR1,134.553589848231,60.5791146356899,8.09402859778215e-11,825.324569424528,520.231521920498,427.024723676944,144.22889228714
ELTD1,166.367533975473,227.027199233982,490.526511745826,62.6265615257866,102.435666137123,79.9284221470568,0.00238545871189975
ADCK5,568.368121614066,350.367567456008,167.852599289776,713.662515921324,56.2034560122295,202.248901422184,219.909243101431
TLE4,0.0012738406604077,316.227088657833,642.228733327603,2.5104226454703,216.69550031764,313.560675297628,1.51837357925207e-23
GJA4,485.944177983869,197.598489847616,397.952427193533,86.0681392854747,97.3763401711422,47.3959543416374,1.93972751310771e-05
ZNF654,5.27217776585189e-05,229.561097418174,442.503291896839,1328.96830186883,136.816091737269,127.090478311501,140.25577445397
CNN1,342.516867956988,314.362185591261,352.39756868376,0.000317375562789237,4.36892488641515e-31,186.783387892642,0.000102181159750588
LOC550643,316.820988947283,6.63137747986673,628.650912846445,562.649076159751,4.33341643108808e-23,317.202636329393,345.860060675311
ALKBH2,498.134169532056,374.542355896107,164.767410204706,255.622930533161,816.910353172385,328.505922943645,36.1640761387788
FAM127C,0.0194801453113701,307.237559814547,61.2454659217267,42.9209894146157,40.5394157721233,362.999217994189,5.56898790341014e-27
FAHD2B,212.06512357503,182.332322716786,41.0002301017123,186.06865560715,1191.31475337395,304.190980080256,142.256291100137
SLC25A12,4.25832810413318e-09,82.5926771192351,607.319237831857,396.556362213215,244.42547026182,553.836960247895,2.89732786746038e-06
TBXAS1,270.062116178735,3.29495500730342e-08,38.947242461086,217.501910864803,1.28696579590644e-13,272.602991521356,399.358736056778
SALL2,81.4047208608142,441.760700386261,278.249788869745,41.0459440293386,1.81002496648033e-13,0.00112194266083447,7.46253369743164e-12
FAM167A,468.676547660483,70.7002906519332,1.36479397361901e-09,134.260750649207,57.6578205142646,0.365090609086405,753.923773925232
PRR5,520.983557872941,118.394986373863,83.5822047113314,1048.97724837449,199.524637364695,121.367463568983,259.508923323382
BUB1B,182.806128985547,259.314427135422,0.000457835213889625,962.038274341241,265.92915476354,338.819861230745,174.853641768521
MAML3,223.3542763583,645.400466372533,121.411801779573,198.276889294188,40.4684596700934,54.8359666128876,93.3931117065395
ENTPD8,481.04903898265,371.071156629501,17.6593567280564,0.11657929312908,720.402466656936,162.817750045383,304.959149597013
LCAT,595.222602394112,243.33302165809,64.9429444623136,67.9791131776868,155.76035608753,207.843349819377,183.49291319344
PRRG4,89.8325232169045,292.028835319302,930.730675563939,7.14754952829138,237.611467473908,282.903279149406,334.197383638669
LOC283267,173.720751029969,163.467374128067,614.162805949695,147.575924265291,152.247576167401,726.454487568947,661.919323109109
ZNF331,0.0452452726753973,440.425721858942,472.970838096197,233.67709784412,383.462543941653,360.693815722004,494.362528705542
ABTB2,3.86013573939304e-06,442.17379007536,167.519557619252,1.35189829087987,581.960845417269,469.02982895144,745.784220774894
TIAM2,4.93934020549079e-08,628.988841622874,295.346024903123,38.3232587561607,293.252553343513,137.201016000504,105.321493338114
ARHGAP31,1.71085483215766e-07,181.185092679736,480.718915769028,2.60125982351266e-08,37.5261453366947,230.066575198146,1.43529324650148e-12
DGKE,33.7924297400756,148.486127189733,558.325954771309,165.321238910664,146.342960712807,575.938078223326,14.373418323522
LOC93622,403.388724690571,314.040876245328,151.874294760149,414.614061091194,930.04452342657,7.51497178724949e-09,21.9672782187297
FAM63B,1.08650211802954e-21,350.31312308054,345.780407815345,52.5329430004656,36.7281741580693,477.316237171854,281.817703212124
NID2,1.08537358063193e-14,395.453896765875,277.758229102356,136.51309388189,73.9312517346937,219.818186051507,22.0172629345157
DFNB31,168.480544867658,551.963351262698,162.212517937577,910.192828038609,98.7739685687853,290.668931698204,12.0998258807301
RASEF,9.35140266097227e-23,293.321034063335,339.011106525969,66.4147913288317,124.707574007254,304.204608483123,629.78636729385
C12orf5,1.64677331835032e-05,309.588408950566,264.87914147518,581.184030233704,434.619849968124,327.27589873086,280.87426093051
RNGTT,68.5710815994863,238.380553212313,433.32299759608,649.724629240755,970.924742922429,238.323475062351,74.4655278807975
ATP10D,7.24292003484701e-15,340.702417820547,475.559139060377,48.0811362538337,213.467932270318,541.625090633213,0.800228618216761
GPRIN1,124.210145417382,217.414672948464,917.656216085147,33.256821844531,505.788529772907,365.148632701007,456.53691847003
PSTPIP2,112.38123366346,201.250576955921,187.221241738545,367.237750759188,57.5404788340753,0.456623638590494,41.4779952057677
UGCG,1.38874592763753e-22,162.36433711287,295.503540021804,42.2050328184058,64.3932961168837,788.14127059312,333.701407173717
LCMT2,97.4958149536024,517.498851365421,385.455668759055,521.487599542459,132.758411572416,209.163305801344,275.498716011369
ZNF688,956.623301358223,138.552966743662,158.320147670412,96.2971513282708,120.085486273286,320.350818022283,165.238324376899
C16orf75,506.938554114893,263.290774613867,217.145443279715,343.298610310419,114.372257941024,323.313049861355,258.410442320459
ARHGAP33,250.551798577816,414.865256865554,407.385881120622,142.722571645287,600.345559514702,472.427701260436,328.08808674454
B3GNT9,74.174707670967,295.418082218682,157.149704591629,82.8375398162567,223.299870289192,229.796179224664,338.27205637009
EMILIN2,155.691184963864,189.853036398057,4.71311163475337e-06,317.946284987945,88.8391842790608,556.413041459817,0.00277302140412637
SPSB2,500.340340579726,69.2916860682223,86.6932263257349,570.70845124409,92.5683352727023,230.238781201663,449.093402316596
FANCD2,117.811087504183,216.470664918529,78.7336758786147,607.952064740875,240.615293325996,142.244966924573,163.621104783178
LOC642846,409.96288995509,234.20320688383,743.14182371641,775.447469928296,136.953029653697,200.655100662389,235.863045048455
CCDC84,494.9277990018,365.893357922592,152.801746626988,220.679771256541,153.749878707126,318.868167987825,174.148581426901
SBNO1,1.06287799631373e-22,447.868511747396,461.808019177994,211.355134489838,253.849991256423,240.466828422298,172.841316549509
FAM101B,0.158597266710785,210.785783201027,161.531115004609,107.868407310406,170.158614818973,190.197532799708,0.000870723849606184
CCNF,218.991338060207,167.196464050298,91.3248082049652,368.673783880804,388.224234478482,177.39100967966,31.2319717208096
PPP3CC,396.32300384338,289.476391623556,276.117833003365,0.24515532030885,485.184341452855,236.425930337614,283.480135376047
LYAR,142.514938066603,145.986412338965,95.56928802223,405.860072763958,146.273992541442,462.758726879748,0.000335788992410278
TRPV1,545.643124896619,460.005509009431,470.63444964951,584.219782537235,558.919113699474,7.11872759524364e-07,223.35309553179
EVC2,247.160567532779,528.477830002851,329.556009101632,126.21422242011,1.68774225958673e-10,192.085474913163,361.832012004032
FAS,2.97651659714343e-10,224.853039016485,431.436785376377,46.3891643623341,220.508096609122,615.638072478838,292.671277917025
PLCL2,417.241827705298,273.03664747769,875.756433825934,0.00131975613138123,1.57856160262934e-11,108.559422783167,326.601318712021
HSF4,557.467931849339,249.326180126702,162.692434659199,957.356613467312,492.721867488514,399.828645973519,261.485841220524
FBXO30,4.25811926435654e-10,358.879195368976,552.258376043477,715.085772382405,501.083702609513,183.25868515491,2.46193619121193e-13
ZNHIT2,1165.17915149961,169.398192045078,160.754806864049,172.887328063996,134.100183604336,191.76888958705,292.669278152125
UBXN8,417.250197293648,437.768562431892,361.807318160335,94.0214888468813,1088.90207141444,139.203591507697,399.308577599034
CCDC159,733.402043035922,145.655607024581,420.626379277056,209.250946724431,316.213230280328,2.14741711478783e-05,345.221744768365
ERN1,8.89652262685257e-31,245.917730171898,480.280856411302,85.1874167424047,189.270657357925,206.819787411567,430.288052984721
GLB1L2,549.833403776616,172.214609944941,122.878245749,732.919557607636,124.652177440944,148.550241480122,185.902494089269
N4BP2L1,82.1347047122479,341.936259009904,178.231663759605,1.06185061472965e-05,564.77790073676,321.203947707428,7.26319755868436e-08
SCAPER,7.88566106076595,568.042227700883,859.358371738443,166.498703353215,163.53837480096,325.684778286545,74.2270003029313
CRMP1,180.95231808749,346.332847634352,343.004083569515,83.6727334710692,114.01241811987,108.468274884209,367.872927559719
RAB3IL1,542.452924624961,211.313608618905,0.0416887797714075,33.5857168809491,100.443657830347,169.177980487346,53.7230302878339
MS4A7,1.18932717380663,52.9139767511999,151.200578455233,6.83777666925288e-15,69.4909747800144,245.863842980627,196.68762154609
EML1,0.163350431752945,403.31917694995,519.363446750687,86.0796917370086,130.241915963068,424.237876751208,0.174413411336066
KLF12,34.1896254216965,259.248242701293,143.238375583103,0.000309696293087642,105.845730235262,419.954679368128,43.5187377429693
TLR2,129.025664886415,152.217916194178,65.0374564082069,59.3945322752067,28.1161706687288,546.988083414547,145.172012922871
ESPL1,186.622352533585,271.848012221383,0.00440882610909985,336.620141654437,359.341371023523,274.612182660322,59.2267897018201
SMYD3,169.757069112966,616.4629300324,155.300622837155,184.473135354956,166.166732455136,567.168802890505,10.2132590061564
THAP3,907.875497324378,123.920602207453,298.416641284199,368.009932429957,245.518788025844,245.642528265795,157.316449091263
ADARB1,151.647955216075,252.563082103575,331.716957794508,175.378983336157,130.539974044694,87.7406087683152,0.0457171971883932
MC1R,634.798774121735,253.579925102624,284.917314724121,157.091273340366,90.1687731635913,567.53190678999,427.710675257387
FRAT1,500.460013753615,382.755446785368,804.296514126443,56.5719795742431,162.538656687293,78.3718418480872,351.958081223363
INCENP,124.787473921987,224.552007918554,180.096471446062,519.756306997026,260.383170929938,523.231250214096,265.01641309448
C1orf69,194.908729560161,530.172832733401,365.8763828203,209.246903477171,970.499288524687,109.013950824564,0.0147853822051931
EFCAB2,452.488739609895,400.634682904568,254.430341150445,128.179285189164,430.348932220686,1.05981989361359e-07,51.9483865495301
KPTN,1055.02354098434,333.07023524081,158.774725566326,377.493230426268,488.685080922079,70.437359090389,289.769632449611
DPY19L3,2.14299623678115e-20,435.973457604407,273.356610436008,251.053007378847,80.8363489312664,243.441473406115,272.311706093478
HSPA2,0.000371424058084679,311.369684543127,151.746617245378,554.612976118493,266.495036391357,0.0710624144085904,6.93753192874841e-13
SSC5D,116.969479715007,304.905405455559,77.4382933101714,61.7006735646958,9.15954775868219e-09,265.811938991657,29.1588383470972
EVI5L,232.077436520996,226.045988388377,761.314791615591,59.0353263470697,596.207124403103,253.449342442185,161.402625368663
PRX,254.435702867462,358.411154169925,116.885322014653,9.89858329162336,162.493866154019,501.289584116754,0.000108401727603867
PTPLB,1.88589197672037e-24,428.256239708008,399.089562041888,96.0112327530028,248.774448569641,235.649480744697,278.767164903169
RNF144B,113.81932455997,344.387358299362,569.306048368567,245.837503142047,408.567849231449,114.79624382951,2.28257563761576e-09
YPEL1,634.016816028245,415.503107454922,120.429219626323,480.070827743867,174.679832283426,5.74534469071581,157.759811310758
KTELC1,122.403904289342,328.467916866746,240.201086456101,435.42322424833,726.714464570922,336.260734926939,269.675382888325
NT5DC3,68.5666714875198,377.748958528996,171.133978780548,225.77203287388,860.932476496523,407.479064721895,2.4144987988093
LOC100129637,534.90182561644,255.586577594786,134.749867899674,730.946899213892,206.601920383087,332.062774696869,162.950102208533
PRRG2,723.795645054833,201.415838607046,412.08021275399,102.845515973097,100.152350682888,135.022313649651,596.498431771509
CENPM,339.545315378747,415.411676086529,4.66527616938619e-08,319.572867647447,189.632961618158,184.602107871012,250.120528565838
ZNF841,0.000167075649695848,383.352587179881,178.449421277549,533.674763139925,226.242766753453,0.711140690804306,554.820778778406
C3orf26,355.751976339347,237.599790047509,178.008266979818,767.757047783563,541.05659950477,665.585882197047,145.337361188738
LOC100129550,309.288881748249,266.464598625408,300.548825661623,146.450422356947,92.7325627469501,503.216200558297,0.368254540062064
ADPRH,211.309020023554,233.413574389599,307.702996601729,105.344047124697,141.469483932641,7.59881490511486,160.406198789255
ZNF187,101.054322179619,284.164809257168,170.58174834007,410.400190449186,46.7092361238737,41.1060303542166,127.219970739075
TSTD2,1.4938782866684e-08,414.410436394123,592.536717471544,388.474769835268,421.496147799362,308.760307999856,239.440356403745
TTC30A,164.462732009494,496.651446060431,269.781362782422,442.992603069512,28.1655510119983,215.199668956167,91.4879697946498
RNFT1,8.96086953695148e-07,328.940201007154,545.795059096445,204.630195332921,105.541950419016,112.603208547433,4.28542413672748
CRLF3,11.1685545010075,234.172172270145,191.994094768657,444.878907848381,119.792820552132,320.335752630956,55.5156439754407
BUB1,80.7162854976982,193.491481841609,6.61731496327616e-06,517.373924221958,194.924755675054,343.84799542893,132.179784803405
TFPT,929.020512141294,180.196174781952,137.444273081503,338.693661645371,194.75722175906,153.763842526801,213.268816237941
C13orf37,56.7891709565135,171.235481677103,158.036072948971,942.980035336641,308.974644830885,309.108730754717,235.407880587798
ZNF710,1.79308109636276e-09,403.961514171496,712.059175677204,719.400758725219,113.911028260347,101.489108467469,1.67611348469962
CC2D2A,282.314472322472,434.109667017286,252.014467646021,153.399564852144,1.26519286218357e-20,157.092064891889,358.369777349746
CAP2,85.7882476334142,345.08027517178,115.176723520569,273.43522391441,776.424190658345,199.849485395384,367.184598341671
MAP9,21.7306542268862,361.719864276059,455.535464561715,51.4559229618334,172.982951883402,300.025596535628,255.459405349771
C5orf41,2.34446704776898e-10,448.882420987652,546.661293068481,68.8585544572155,320.194562597559,349.194043499085,279.214366659793
ARL5B,5.19941421203462e-16,363.541682303737,421.145383007873,78.5670587300768,185.020211218761,188.436451446605,712.978750318503
SDHAP3,729.716605243086,212.326985775944,151.75222488762,209.164262598034,605.499800681596,172.675087832521,245.673149277601
CDK3,562.368356750889,369.631652583218,141.918907010908,621.819725968334,345.290929398666,138.529416019783,230.019577265341
LIN28A,2.33889818190365e-54,1.74231575286009e-56,7382.53688435871,1.60150893116922e-52,1.33149103399254e-83,4.8816242789473e-112,8.79652681474134e-139
CALB1,1.73965483398425e-50,3.38930830052142e-27,2.80793525511104e-54,1.45824731815842e-46,1.84185309201699e-84,9.04978074983612e-40,1.45877362069943e-68
VPREB3,5.33793441149365e-80,8.16174327176331e-84,4.07298752973847e-84,1.01091183869185e-91,2.17384838449603e-53,1.72701459661767e-75,5.54617400332705e-86
IGFL1,2.41204609755586e-119,4.36464966313234e-138,1.4016325631725e-34,2.78216862050405e-125,1.32148830232558e-113,5164.25403963724,1.19306833331572e-178
MMP28,5.55512744317509e-13,1.37517464943259e-49,0.0013319247627969,1.38425613382762e-26,2.25884391658604e-05,6.3390924097219e-39,8.7953424167134e-21
LOC55908,5.50433614935221e-20,0.0321792674719458,5.53023930501283e-13,0.00129664916694823,7396.83755876742,8.71143771043259e-21,8.71705406933591e-20
ARHGAP9,3.08994777283828e-27,2.26745579294847e-28,5.53203696882174e-47,4.00762262899753e-19,1.77300724178375e-45,4.53895014028358,4.4435785205554e-18
ANGPTL1,0.0198170100149313,448.141274585793,114.310099260465,2.01009545812647e-44,1.14016917147455e-36,2.24503463064386e-28,9.17276313256715e-11
C1QL1,447.954644593923,2.33726922936713e-39,0.0027433312384092,157.378531956359,250.726268792843,2125.53141876278,987.013489954663
LTF,2.64439722880144e-21,1.09299317354966e-19,1.31065629372233e-31,4.80019763626765e-44,2.08182470428508e-38,1244.598900351,3.72872471672718e-05
STRA6,4.35522942185488e-35,1.25133361193072e-19,1.61970446832287e-36,5697.36376221317,2.66473799715462e-46,1.55294103239776e-16,7.58229832025178e-60
SULT1C2,5.92581238989697e-14,6.48101987160488e-41,1.79448220163481e-61,1.79944200542508e-16,583.5479399397,6.48526320905326e-56,634.26873949377
HAMP,508.433108504407,8.90732600715192e-10,3.640642830989e-27,238.613184197088,1.00863048652462e-18,546.114149631466,1.6897318994522e-07
TRIP13,1.1675621010571e-08,6.00050678180369e-17,3.00980409296618e-22,526.624785791023,51.5543015319838,185.777657742095,5.57903621546245e-18
DIO1,40.2188343341458,1.65023369731125e-59,6.14732608782311e-40,5.54062514967553e-22,326.8768789878,1.61172187255329e-13,1016.18304196277
PRAME,587.67303170706,1135.35451162325,6.92309205720141e-13,1341.33664695066,567.160398981488,1.3522093603609e-35,8.18746182519033e-52
PRAMEF8,1.11363443716769e-33,3.81202415711996e-65,190.296031965684,1.63857484050841e-46,6995.91200550029,1.8409745435036e-54,1.75303485883876e-107
PARVG,120.403744663995,2.73934683255587e-19,3.12246889352368e-23,1.80545099740111e-05,3.80646458456899e-24,141.23933513757,94.3282942277471
COL11A1,2.23753544661006e-37,2.80832225586278e-26,6.92915112167023e-30,1.20852872710238e-22,1.16982688719868e-15,4.67295826802854e-13,1.60860694624602e-12
GRAP,3.46245625302368e-27,4.3588982323848e-13,0.0134760548328223,169.679667979526,0.36180298373427,2.10203103266958e-24,8.07853362687152e-21
LOC283663,1.08477116710977e-62,3.99509536706317e-50,1.24804840312516e-63,3.10958083019893e-59,1.05945302818236e-57,1.45840220969788e-49,1.56133486965166e-66
AMN,2432.58642113611,1.06593275946537e-26,0.00118858655003497,8.54767714196035e-13,2.44537509674325e-42,2.62492937719851e-34,1027.92020711137
FOXQ1,2.44164747095818e-06,124.384676467732,5542.87201116814,4041.96047658323,2.26328849398288e-06,0.708987087734606,0.000967529593969186
KIF1A,1.8989666816069e-62,8.84596842596524e-37,2.54974975190097e-67,3.45735852585722e-60,800.288407706927,4.05472505298805e-97,5621.21859067544
UGT1A8,1.34398612722808e-09,8.9767445940143e-20,1.99579584614787e-31,0.000473788870990332,2.64592028704075e-11,2.69401655328718e-47,687.016898977945
XDH,201.470623205037,298.056419082305,1678.93808920227,1.95364061768826e-06,6734.96675764013,24.3824020691891,307.700122174329
SEMA7A,1.523526831333e-36,0.00178678954004598,9.74617515925425e-18,1.09075281913243e-05,1.08009062532151e-28,970.43940488862,2.23730540630554e-20
CREB3L3,4.95048130320976e-08,1.15080621914114e-20,3386.51767869215,3.6807852195719,4992.219088687,0.000983812357514194,258.668503201413
DNER,1160.90742366468,160.376657453682,1236.32509818405,2.26459621058702e-21,122.680470382629,1.4467908341084e-24,488.569944650724
FCER2,2.11401776599783e-113,3.14868043301515e-72,4.96721984898866e-93,1.30323787041716e-100,1.65139045040984e-86,2.82283758630954e-61,4.59275814245373e-96
CTRB2,3.14691126585785e-60,2.46637485926842e-246,4.87044349479606e-42,1.95388107610911e-32,3.17544971410803e-25,7.48537305848564e-173,7.65142221715049e-30
POPDC3,1.46651289413301e-53,1.99656309396363e-58,6401.08978570098,164.265949321661,1.61191477780651e-76,1.10372816937297e-26,8.72032276221325e-125
FERMT3,0.00129519132337033,2.77155029783893,1.04399129321826e-05,0.000182606031219066,3.87565078992749e-07,475.768517302046,8.81449339272347e-05
AQP9,5.49022039644372e-22,3.53580548433309e-25,1877.36441649508,51.7045670663234,3852.21782352424,8.92903078312619e-13,2.36549188248848e-25
LGR6,1.02320939109436e-34,0.0088014769956729,2.0602418365893e-15,6502.37300547479,3.59971472464833e-47,3.093119497561e-53,2.92449337975998e-47
UGT2B11,2023.09822851627,114.106189632733,5.01092622458085e-31,172.014779491783,1072.9627167359,1.35609673649736e-28,914.335432649362
C14orf68,5.42535094697754e-15,1.00505062503172e-34,1.35064981693851e-18,182.283564980417,4.47127649155049e-07,2.82385594734391e-13,1.61518033337514e-15
PADI3,1521.84146769181,3.19191543006915e-14,2.65686937879558e-49,37.8630472697418,0.113950424845841,3.34518242369823e-24,1187.98932588983
CACNG4,2.23702714556857e-29,6.12931014675621e-07,5585.44064454118,823.278746724517,1.91782328947131e-52,167.433837386658,1.74328020455623e-09
HK2,1.47541048871728e-32,0.852556599563728,357.029606340147,1576.07059213741,1133.61931506228,731.782705396517,176.541358422961
LEPR,1.92446071501438e-17,7.2072844124478e-07,6203.60248727211,0.126600699603962,1524.06786132436,480.1156643227,0.127868863577306
SYTL1,88.4517319404391,70.8593096775572,4.26337410329262e-15,627.030170185514,4.21783916513156e-31,3.91034216534949e-19,635.582937161652
SAA4,145.806697271858,2.68011461929255e-21,5.08720973913581e-18,90.5271077878825,4820.59849016338,184.047182086724,0.000568046070546375
G6PC,164.943348459661,276.557298150322,192.870877100509,0.00667550117997149,3486.80121616161,1.04859886189222e-21,267.037826031274
NPY1R,552.168172264344,1819.04009611569,4.12428196641923e-59,183.168684081572,0.018697898704901,2.35380761545298e-25,2.89993307164164e-20
NR0B2,1172.23783475162,432.136509132807,1362.92592610217,2.06209370204567,6292.66681387271,219.982141427048,1425.39991886654
ABCA1,3.67123006484681e-16,266.203198284944,6053.43322880166,131.524797482065,2291.88154011029,807.247702035053,0.0717140470055738
PFN2,6.21263560257791e-28,1.97696826226598e-21,3002.77523496465,4219.69571615696,1.47108021799024e-11,661.438113475804,1.14402476812525e-25
C13orf15,88.2377778072677,92.6440425307731,467.665968941797,6408.99747432551,81.290691712532,553.713235508637,6.2223552538228e-11
SLC25A15,76.3453549182999,372.918063757316,523.915029784116,825.316510529461,6640.16585475653,473.619521200102,162.160973722869
C8B,13.1241338841171,0.000575865879577878,0.230600919232912,30.3023376049998,4113.3700548154,350.924579907744,2.94247115245003e-08
LCK,3.15629389712334e-36,5.00916872953033e-30,1.25781066682117e-45,2.54841887627113e-34,1.72084533201668e-44,2.06724422788402e-22,1.40296537133437e-37
CHI3L1,6.19466074096818e-07,868.893135480798,8.04811476616371e-32,88.2431143891918,318.219194746855,873.176726345544,2.80521435198495e-27
KLK11,1443.93899631799,194.746713431108,3.31840780241195e-33,390.766224493326,4.0032730783103e-21,191.579411457743,4464.73371463508
HS3ST1,0.000451306828684667,175.305786261664,906.14912358246,8.08783928850173e-16,2.18025381663994e-27,225.905183495887,5748.52336383377
PTPRN2,51.7373977873544,54.88372118886,6114.93344421718,656.37756090517,756.969481426647,127.569054949575,3.5645078342036e-10
NKD1,7.73210338902593e-56,8.2758522639349e-30,1.94416224789343e-41,6175.13212679559,1.24999614416542e-46,1.93100796925415e-40,4.4907593104323e-64
MED20,314.086454091852,513.84492745228,804.050076750608,842.278888657361,483.935762927242,0.00621403473866641,6.14321325170586e-06
PLGLB2,29.0058842884725,1.57994287230312e-18,3892.45987803302,1.41874222628543e-05,4642.66814890265,32.9270620689781,0.000430556491421483
S100A9,4.50619459760347e-42,475.855073828123,176.81638293194,276.16536004035,132.389057157606,1685.72270150006,0.000960586935308195
MCC,8.56279860037433e-21,147.900702864651,6125.04859257196,0.866557612009501,9.38511477668875e-08,209.619700361828,4.87626304020256e-10
PIK3CD,9.43809837194449e-18,9.36951914292607e-09,2.45614471472566e-05,115.200019922447,4.94392047866651e-21,87.7580238357584,0.061717449205228
SLC14A1,1.21705236798841e-05,4.93590413371934e-20,9.42902572799732e-12,1.06819321681742e-31,4.35047636300103e-59,239.632638404429,249.590727677033
LINGO1,191.989931778733,2550.27716187283,233.963770524109,333.833368780362,1.35793344707356,1.04835467979834e-24,0.000453169852050039
CYP3A7,2.18242353565469e-05,2.92822874144443e-48,122.598725200377,1.25030978992092e-58,696.735614454622,3.81463715033121e-50,654.732159035174
DMBT1,4.41629079100833e-77,5.76521436014945e-44,3.08854231994194e-61,1.46984178908933e-38,2.34750726456239e-56,1309.3619749626,1.90412818359837e-69
MEGF9,12.6850782431365,737.507929975829,5969.58070685213,2000.36023608908,1860.69820271798,523.544862279673,379.076489847038
PROX1,1.34445808108404e-37,2440.10873853446,2029.51160963147,27.7790155449755,780.126470976327,2.19278852153269e-11,2.78121341712357e-25
ABCC2,3.69618053367049e-14,8.94163359404621e-23,219.270548072351,5036.44066547364,1654.93685769174,6.3239643233235e-36,436.327647404736
PPP1R1B,1.28570416576396e-45,1041.26707631346,1.39472666553043e-63,3646.56406805715,1.06201540691602e-23,1.81791619380868e-54,2.07811777975516e-56
SEMA3B,444.369241035889,253.389350905565,167.279188474237,4952.01772387848,0.00975888876487577,2254.05140583755,614.434927973033
SEMA4D,66.7534360028333,199.861294320144,364.531836921612,1107.27811928337,4.31161655226274e-10,316.271336416204,360.142030305303
FAM119B,98.9143387812756,263.917779687642,295.507758597753,6195.51715503933,100.046256336526,287.173994453026,163.028735558358
TRIM22,6.25473777713084e-23,0.57562424303082,121.314430057927,0.000597211084322766,161.932697210466,433.594703496052,91.6016627733323
THTPA,164.335098973879,231.643948837456,6000.88159885472,195.945136964597,178.830906682539,178.64231217384,434.529647551974
PODXL2,1211.38135000488,5.0918252889667e-10,139.948767209686,831.868513144534,5663.72114520845,8.12020408735051e-06,112.283037520446
SEMA3E,733.2499197915,1961.1816233369,1.88011474629962e-10,1.75807767929805e-23,1.77111560851258e-25,1024.69819933139,5.11994842319203e-06
CLDN23,1339.22795453137,641.602732766504,203.433590197129,5.49383233629344e-08,259.898579990732,221.275884436387,2051.922740396
GBP4,2.43341719891008e-12,1.37267524098676e-12,179.662996385031,4.64139225854109e-30,103.03364391569,149.964584626624,6.34475700837633e-10
SLC7A2,2.72347373375701e-10,564.367093964158,340.059731990275,1962.53912294931,5100.86123548314,419.342110496037,2.92157223401088e-19
CDCA7,96.930131837685,363.38781998657,4.61338735840759e-13,5816.46140902376,1.82873159436576e-15,4.11734972165808e-16,0.000322393003096621
MYO7B,963.510788824678,7.99441873275352e-20,9.27024385790871e-22,4.04836735014237e-35,1.68693465402545e-53,1.22624140604884e-37,2798.70757503656
ESM1,6.49338710678248e-36,124.213538089178,317.698543111739,2.52079244135776e-28,2.43392321580103e-24,1070.28541542617,1.1616338725813e-25
SNAP25,2396.7321544367,1011.08104745737,500.216593192396,1.73572951454576e-08,7.59796407082723e-09,729.603404030035,3.13075884231083
MYEOV,1.39009660865796e-11,0.000387333898089092,1.67742011498782e-26,170.485165048307,1.14163709723205e-15,220.27559958443,2.21858437231077e-21
PLCG2,863.678485394976,699.839647242276,822.61498234694,1.94216572781556,195.669419069439,7.29144547645454e-10,274.172330787406
ADAMTS16,2367.7891153098,268.863999686131,34.5187822129171,0.0216971543260288,1.7070167930297e-24,1.42465978121468e-28,348.243303431318
PBLD,267.299110162118,0.0193437968285821,4715.37506505723,109.333166634635,3417.68441341447,17.6499154947064,396.126944200731
PEG10,3.33982018846342e-13,3.98982235703304e-36,184.374305459979,1301.48938911405,60.6740849393279,9.93338655830665e-09,770.862128503217
SLC39A4,668.102508483507,598.054068373242,2.53134336171332e-27,1866.56547371283,306.665078920184,548.615476408294,375.147979165401
OXTR,532.166186589934,1.4433717347396,5.55155708867494e-07,1.0185894135435e-35,1.01440132720358e-09,0.000112783334168016,2541.3530235334
SALL1,506.615465264511,516.245894120599,5443.82206092269,4.83574400258472e-12,1299.58040177165,260.458659228844,9.03042552766252e-33
SLC39A5,2961.39282375031,0.0132855591925871,2.88782534188065e-24,1.46752244618685e-08,3.22190217868174e-17,2.13994625104893e-36,726.612344877025
GPAM,99.5382532907816,442.06018183661,334.121131853606,734.035885014493,5310.71409750491,0.273210588895982,24.0418905394766
EPHB2,4.76834227155397e-10,176.250178857363,8.82405582929104e-23,4636.94413393449,9.32071931105247e-26,1905.04267027874,101.099875526026
CDH11,2.17616759345381e-27,301.126177351157,166.298473118342,0.0003400907864337,1.11461684178914e-10,3120.84528565545,1.02178108568263e-09
PLTP,8.26411861634747e-05,220.708638317971,39.7037772171362,1742.27822110695,46.0095243936367,1348.55433488778,4.09329154693285e-05
TMEM45B,171.818690234223,138.967685385264,269.443639088668,1258.59719178618,2890.28155019634,81.8553511929541,386.359416676276
SLC5A9,2308.23935744792,808.446841734296,2083.82302327743,3.31979823321212e-06,433.830507319781,1.33297452054809e-07,2234.89483445303
FMO5,54.921684890304,2346.81716230083,1695.04783657173,4.68936345528672e-13,1687.65578198795,4.56347366199023e-24,2.54259186217881e-16
TRAF5,6.02639864807924e-15,1433.57818970603,2.32767077095473e-09,1696.43164060182,134.072486466165,0.488498841260413,8.38574646825404e-05
PPP2R2C,2.64963027436553e-33,348.039742109013,258.038475207054,0.0209545640717346,1281.54790677004,1453.25486385339,3035.41052566521
RAMP1,3632.76277241992,163.393264697171,3.2303340436998e-31,255.52150682508,834.513578285036,421.816612767832,9.15706801111479
FOXJ1,2498.49276744531,347.92964267377,8.33215628882742e-37,408.023164634641,1.75604287532261e-22,1.28553329143659e-30,2.63291503238367
ADH6,2726.50799629289,207.163448796805,2665.75841755873,160.429080707036,337.652012460282,1.02906154230166e-35,0.0232413025742338
C8A,6.9366991034778e-05,3.39472428831855e-19,2832.20163381954,105.243316935637,1569.10384490044,208.38550693484,2.13110904649593e-13
SLC2A3,2.34158017194565e-25,307.850907635035,293.543872233909,1971.42357481927,5.05633703012115e-09,3248.2862911293,0.203498784325139
SLC27A2,1957.14649063485,3.24320693323929e-23,0.000104365564223648,0.0514567781473317,679.592384955761,2.18849107668337e-05,3611.68608236607
ADAM8,1.79121458709746e-27,1275.36881359729,3.64128525423114e-26,357.467281787311,1.32384782854415e-13,836.013216973769,1.19219459901743e-20
IFFO2,1101.69429660211,673.249463139206,449.460645334909,457.148889792486,479.910260345087,4305.68738001433,2.00714911556998e-07
GCLM,307.085929629102,378.908678060474,366.270701884901,5108.78374534058,271.09208229013,624.388763858736,54.3919293390502
NCALD,6.50470197721541,1160.796023531,5170.6708531354,26.3964463401558,88.6427751112902,1.15800132714296e-05,4.49009731318005e-19
ENO2,2.16843538061844e-07,1016.29722620302,3.19781123319347e-22,1029.03849132706,3.53942304719643e-28,2209.09053566023,557.97216707944
OAS2,1.97073261987717e-16,905.531184318931,0.0139055867978748,1.27671828010596e-09,257.589047787715,0.0823921295629724,1271.49014693849
DENND2D,643.084505454612,488.254550051533,109.642702183504,247.588209302048,2.10780690701964,185.361261033259,399.240141590876
GGTLC2,3542.9626194047,1.17817262938698,1.92399484174384e-11,2.89937653525871e-10,1.84326160222495e-31,7.09997730277064,2736.72166012996
TRPV6,1601.06382991646,607.882720000093,871.843828856806,0.00166979909841565,8.2279715993274e-26,251.255056268904,848.86621834935
MT1X,2064.79741904126,8.33136213704997e-07,152.22405927775,473.018463263116,1535.10162930258,1388.21589403974,0.415761882245662
ACMSD,3506.79542704953,8.83856599005574,598.654816530892,1.28637233757331e-24,1274.27529367644,4.26186068621819e-13,1897.95587260067
STK10,135.980718961137,408.679130132331,565.011393697467,21.7476775306671,276.775355719776,904.964754381775,327.529064384919
HNF4G,362.628252417373,752.608473427381,483.493327691586,210.31930287616,3.47594025229045e-05,204.264269211959,1328.24275494444
QPRT,2093.20129454777,612.935728311875,2.60085774419499e-26,195.415305602653,0.00181587699013562,4.22093136644061e-21,1673.79031043442
HLA-DOA,680.209920092419,1.36523892458292e-08,0.000501465323567125,4.94151687525077e-31,3.07394663578384e-15,478.574460353208,84.5975348229669
FAM46A,170.118062578108,234.653744879761,1120.74873113544,1413.76363786247,5388.41657926068,229.657851519048,138.2865341238
CTHRC1,6.76828850450815e-22,950.983036904927,0.000107464134918016,2.14952342307843e-14,2.75707119996539e-14,684.280853398606,1.80193783520075e-27
ANK3,1376.81842691316,1292.02854115215,1320.48319053571,616.121271086949,3.54828487858618e-21,558.860641940038,612.276840809588
PLXNA2,1.8664731372328e-10,1549.99384821936,2312.53697257491,326.702699551114,728.837754232874,782.022560923106,419.950043569884
MARCH9,479.179661798813,429.437682665984,311.629767176621,5121.79800325479,1.02617949333112e-06,896.9370341561,664.001428043775
NT5E,245.997962298031,0.00695567301100678,154.418034704584,145.532400841311,568.165552942998,1108.36114844131,1031.73792164057
LIMS3-LOC440895,1108.5995655141,1729.17212279021,3.05073177061106e-27,3.04065728720523e-22,0.0816085400563337,817.419288203131,894.698427464252
ANXA8L2,425.268644085675,438.044397622572,1180.01633145385,1.42122198023939e-25,2.33759215660715e-19,2078.21531312805,162.93876042233
TSPYL5,123.179374983079,786.109845075324,553.107879172356,1632.05009980754,9.75335304164485e-10,3.8319990755366e-09,5.01472772951986e-43
PTPRG,2.4371146599394e-28,991.557023887546,1644.10215776097,1.04533853907664e-08,3.34260563873988e-16,0.00612069089453472,7.13751982771994e-09
EGFR,1.49050175990547e-10,795.34562412987,4309.89184539553,3.01352283597506e-16,430.306300597993,2000.77262306267,857.58721014464
GREM1,5.46269989191679e-31,152.44465470865,2.46715287133175e-19,174.507425179722,1.96550241882377e-30,2753.19476668521,2.71296948782769e-10
CALML4,3022.19588070815,830.479543805459,379.286956670108,1099.16007100323,486.816464102874,8.54968279559169e-11,884.270199894787
TRIM2,0.0164990407717408,1593.21683478482,2272.68434164101,1686.63343082958,139.965177609877,407.003022289014,163.856225716993
NRP2,4.65362078451531e-16,186.78911233181,759.848816753731,251.190870721897,153.437604029498,1070.47494396678,6.44732150224882e-18
ADAMTSL4,546.919977075426,1384.80404384295,0.00067478849646184,0.000179044208907536,2142.63331873496,51.0464550657332,1.27134329047073e-13
ZNF318,1.35492166872155e-06,592.811111623465,1187.69196078287,655.779578944431,974.346217168528,114.826048604923,2.08047150967239e-08
TSKU,78.995012335313,2.37088150979954e-06,6.75650503340512e-08,2907.10855829019,1008.9174702197,0.00168368306244796,80.9867283446718
MITF,631.018177169461,2.73337841375922e-06,191.500019944743,0.00111551050148112,1.22586145819091e-12,805.432121305902,3837.55069348776
TSPAN33,2305.23228161868,186.080529080895,555.837968572526,356.972902558662,1024.80075095517,126.225726628781,436.474023261842
PECAM1,1637.13042926477,337.872219600708,643.26143924179,270.056650072142,252.445312105682,169.007455650917,0.000617386785620255
RHOV,1390.73390391246,1532.43573885067,3.03924541911199e-08,1067.27703554815,4.45542005501759e-12,2331.7025340398,5.87313676820759e-14
RHOBTB3,519.779258343104,1118.36527440517,3944.49956836017,546.062818405736,2099.33049111883,208.282293241481,344.411723135504
GULP1,6.82070882521676e-12,218.492429234323,3063.25866711794,592.847169037174,772.818762928138,2.41513485108523,2241.40482730432
FCGR3A,0.590085934066025,268.30564375999,94.8006860751702,5.50664295522779e-06,89.4803717578133,1917.01424784681,434.641002912355
SIPA1L2,9.95349191470808e-09,1969.20484394194,182.493040100311,320.810825400756,905.564380262243,203.46046656877,1366.5207651904
AXL,30.9772026657017,399.055768876115,390.997170046754,2.99262536698804e-08,1.65054151873829e-06,1360.66823313214,0.00384641793828959
TCEA3,2992.79377268153,190.894776708975,1285.29543588148,313.269107344279,2689.95768392852,547.792531458631,716.650955858865
ISG20,1295.88449648848,115.839959931443,245.849810983359,223.200888850711,518.441399229626,324.128927477903,2491.70341127497
TRIM16,321.629964767131,418.310584089622,115.284044961006,4857.48921188834,2.55806535631869,354.714420911818,95.278126972275
FAM38B,2.534840605432e-05,438.410677121891,1586.39513407051,1.89622584216273e-35,0.0223462259111371,1279.39618202916,7.81109556391788e-07
LYNX1,304.247741438295,1603.61239054663,2188.28639764941,137.949412936769,1989.4482379129,0.00322577859054977,232.325393488698
RPS6KA1,404.595269633177,344.216616354593,819.115668627265,1082.54590560287,1231.90000198102,527.905743861183,591.629737701441
IFT80,276.910372216384,786.121458977511,302.498391796401,733.669988589891,84.6094891499061,708.440546634714,299.221621122067
DOCK8,1.12451176558833e-20,278.190286331123,2.88658446341982e-12,0.0124307547797445,1.89737722648729e-17,370.295801334886,2.657622579086e-16
MVK,2391.86722255196,0.000507187663096121,279.77940210899,184.534844127869,991.156562087351,2.04391683189445e-05,774.877749508558
FNDC4,424.151890206598,819.488062214993,305.25810187818,0.050460439996461,1373.46588746319,973.798694142737,111.717878268203
MATN2,72.9265065435926,520.040841351129,361.128357502404,410.011067364091,203.821851655906,2783.15585441327,0.580906116411106
PPP3CA,413.673364436703,357.733064165904,4112.12810357753,940.677817150365,265.902937763751,790.279668351516,37.0966290022631
RASSF5,2.15936031901772e-10,1110.93141674816,2.9965151052932,1.29836765103508e-13,137.886628638238,191.013772124844,3.38765004969584e-20
PTGFR,702.745461853665,1108.21824402847,2.30818600888196e-11,7.58996870081396e-19,1.14158194408621e-05,1211.4952761774,505.617912028578
FBLN2,472.792620003724,1063.71711347336,318.46099613661,32.7630475259881,3.92794483967006e-12,64.8595431595731,3.6669498329681e-21
ACOT7,1653.77922831665,37.1600056145128,541.726269554118,175.207362126569,547.251026876814,1020.70291556524,547.289560562978
GPCPD1,73.5251263505764,1062.29777498297,495.931866991624,4590.35609537708,790.828952278861,132.844038995154,893.816516907965
LAT2,923.647383995472,1626.97448485102,8.16015025651355e-15,1.03422411371884e-18,299.186572001618,1172.05534920618,1516.48469162468
CELSR2,1627.36948456479,1362.49198300204,356.940581809403,918.164963440424,7.59169804795463e-10,500.253510250287,7.2971162739034e-09
GRK6,836.982344835571,455.958444246802,357.323142234088,740.980780146838,1045.4548015452,715.555795353095,500.834699195093
CYTSB,351.75539732857,670.675201976238,72.2187789830012,635.953903258841,0.00441993360285731,1228.04522638265,662.106319121002
FADS3,972.943323392171,355.474299531182,424.055707311038,119.392032195673,879.898244838239,2181.39241817687,642.308785099897
ETV1,1005.44459907733,1060.21892606778,244.910975059124,638.49676951813,211.505057924304,99.863394532011,1217.42903379535
SECTM1,849.993532252533,441.010826605135,285.099205090304,8.8495714202527e-28,961.297510904817,141.886214623568,1669.48132177019
SGK2,0.00202470950712051,1000.4905846625,3858.67181806616,1.30254926130576,1736.37053531943,269.102702696928,1223.13583498442
SNHG7,3213.76305243315,543.290706226416,18.8178217729108,1095.53564126683,266.202334192457,1374.78496282448,673.284391639162
PTPN13,80.0977057372025,1611.54995250824,6.41179207089856e-07,1.55064770980055e-11,4.31383476890322e-12,365.236143665437,758.785176497778
C3orf58,1160.85211078581,555.295639754329,3464.91530325788,436.145094948319,778.482764404926,267.334046394636,488.255781447744
EMB,1.33393979526411e-20,590.826506874343,4.04537902796375e-32,298.946293011728,5.9970133749824e-08,706.221012452489,879.417533003161
PTGR1,280.455391568994,2.53990697797106e-11,915.649215160603,2786.84135175735,2533.64564623833,742.286804034852,2.25261161448562e-12
OSBPL3,566.602638769288,727.508769251517,1693.63434582775,1228.41734728257,5.63515298657474e-14,831.487289412908,1166.00367320766
SLC41A1,74.6456783946941,1692.2460644602,4345.04159887821,485.755443652446,444.122594628752,835.351825799468,6.57641705157411e-05
GLCE,31.7361759950198,1177.16481823374,781.741694776246,4527.44791957013,1531.4504795026,597.900432755953,3.16856512332104e-10
HS6ST1,908.640318508625,1048.97831603235,285.884259600413,2567.8293205104,1560.5509480246,1.87545147252837e-05,26.5418522765286
ANO9,1124.33898699853,977.101562948127,438.806449168489,768.363755351445,4.7013552919185e-32,749.843250859725,1459.71134665522
DSC2,1130.42667400849,1300.08515933436,698.602188709299,3713.13597548888,8.91096342719422e-23,851.401308648682,1657.05737987741
ALDH5A1,480.945930666208,840.128322968631,1385.864610354,948.018094978938,4589.22598735317,380.411325917678,31.329188926367
TGFBR3,437.575709919879,1228.73836305353,260.722702079405,0.019496280841631,1.87659605598025e-20,116.305257458597,6.28331814468223e-23
CXADR,27.7806209934629,1153.47340972257,4160.22474717555,250.671522877091,57.0762960181491,0.845402215623054,1041.43650906353
NRARP,717.311470654612,1718.97874674875,4.372885803932e-05,1439.14082256503,177.004300362247,1340.25277926566,978.396307930533
TBC1D4,7.87222010168281e-19,1296.22025175869,49.4663796920478,1030.39774200864,0.101822179224597,398.322032088834,2.9010845083108e-29
LOXL2,3.91751400352623e-05,923.698048818802,883.687814608076,518.449284716668,231.176506244944,924.679017118665,7.85858422667443
ARID5A,969.459297728772,307.390636684171,0.247892590559631,315.564391757834,352.613904342623,676.674776089966,1069.3072153724
C8orf47,1162.86242490308,1521.86132063696,263.555632605777,2.48606259451788e-07,1206.72379377343,2166.8793798876,11.673231751569
NXN,316.032936123495,2077.74354584553,2.50873268129186e-07,335.467817392163,2.54585744158622e-14,186.918986815191,3.21165469427421e-06
RARRES3,954.448997742954,6.55263172890017e-08,103.465875366528,1.52097292819324e-19,775.294321547737,88.4508968199672,1.43394463225003
EPHX2,1229.21139304948,545.077818677821,2806.71834776193,167.788516222032,3032.83091741975,0.00153936442548246,912.720397724114
MAF,391.169615063358,1263.50120990097,1652.28024735438,0.000722742080074943,823.072215103091,826.965768445545,0.0273548467431781
IQGAP3,212.823665396454,1167.50390133285,9.09038397758990e-11,1356.48828561114,838.705025855813,832.578543126275,676.790510213486
TPX2,634.462130096523,591.706334225329,3.58364886644656e-08,2165.94561727914,902.67892376638,1491.90071644158,442.793283241027
PDE5A,630.481180440362,1276.6820369905,262.999771450589,6.6929913015432e-05,6.44033339225238e-30,601.735559296674,1013.05531987546
ECT2,4.60020732496701,869.64777562205,1.0082304360151,3906.80341865363,718.22550617216,1943.45917512108,793.504043339032
MST1P2,1780.25153023709,1365.54262610654,245.05612751266,227.129531133962,1057.8866497565,1.13617380196689e-10,678.61107086127
TACC3,1186.12430653963,465.608109269044,3.00511690279255e-05,1269.23795888421,1144.66358530773,1109.95517160392,752.823942187098
TCF7L2,295.069474331349,817.967524621963,4400.35564707751,776.019548841354,1200.44555553593,589.75259750688,1136.26124767062
FOXM1,1012.49903981292,718.630973256976,1.31670036647079e-05,2506.07331169091,1007.79314501823,820.124534692001,571.4011473786
PBX1,1304.44173911746,1607.68453885696,600.179124181425,1560.32553223687,2.26183359273873e-17,514.958509161637,4.99748436640175e-21
DMAP1,3810.10563913508,625.215423202662,660.850058455756,797.42180820693,577.96229137443,523.411265105401,11.2726917164592
SLC17A9,1296.0837954666,1341.26363571469,4.90890986890624e-09,374.699531621869,2189.76014463511,722.758476597588,757.525545120783
CRYL1,660.697675790174,257.801606535042,1541.59643848147,401.75715881792,3961.22436310692,368.950385400848,389.364565160321
RORC,408.331337088835,912.489901439928,2574.68767035127,1296.58469217317,2682.65518303187,408.194610652513,90.4251449377514
GRHL2,415.88644763207,1884.89537643096,1604.34885341851,1333.27190519837,1.08401415435706e-34,297.706196165393,145.279510685372
HYAL1,917.940078742694,590.953570190782,1213.00376276839,228.785333131603,1042.37813279945,1647.11014419031,680.488758072867
PGBD5,433.227115699712,718.468490488114,277.761452569905,1.6725744889256e-25,1476.11312143413,2334.47334034615,403.14694435721
CCDC64B,1388.34032298553,1582.51275948012,586.385162066374,533.829739761816,67.7043602975686,330.252217665446,1672.71410297462
SLC43A1,1654.79462986459,863.547340262823,0.149581886928755,6.20623384128314e-06,1894.57671021348,0.0168490314045299,1468.86830557009
ACACB,1384.2255489388,618.155348816104,1473.80184707551,233.281393314222,4241.00077926247,484.298326848234,76.8864993730282
GMIP,428.65215185951,705.357021489668,301.084133883741,233.071912533073,1.08063764557093e-08,480.182118585008,653.742779041495
RHOF,0.00290572170879402,545.024410712855,8.11427982094943e-39,163.880071968071,833.430054545832,440.536389713776,595.722942561393
BAK1,730.341295949017,620.265792037937,338.261923252254,622.846459795834,4585.51707998731,263.6026889715,707.319544909451
SLC27A3,1787.38043821405,1965.39418927884,1230.82814718821,321.9737960233,1930.5543035847,373.06019978871,616.947235550925
GOLGA8B,864.204864247855,1127.3947020107,346.297385718653,3767.81994471644,1827.73557828858,554.528841213429,806.214770128658
ACADSB,11.416804280837,840.512784925263,2094.39785772402,422.476168213621,2333.21453896455,487.129902828245,363.832818364355
CCS,3275.53988050671,559.883167624516,455.075499444508,3017.50794723708,764.675837592722,541.438927375726,280.944203640736
WNT7B,758.07156262601,673.181813160905,9.82232136848844e-25,7.09290675206801e-06,0.000178076912265532,831.165798830486,975.004133994615
NBPF10,8.64236836151957e-07,1936.87006760496,574.065435731787,257.103854682128,1219.77061256506,799.360408346661,630.970098465085
ITPR2,3.3250882331892e-07,606.781376257443,940.44382535516,2897.36409496228,974.529849094577,251.244573694684,0.643680878771089
CNKSR3,2.72313349244286,1019.54532866136,2327.06962381611,0.000375392416794881,1034.52531523889,39.6184814943884,1.31604926226299e-19
ADAMTS9,515.947353746555,1103.80677597608,133.883717281848,106.096470332585,0.188496211398223,1191.00129898134,378.470231244078
FAM53B,600.967291742054,609.183341628738,516.374127255277,1181.66875488126,615.513091040634,216.764760895598,3.45267409627251
HDHD2,560.837525355039,1561.83382208925,574.845533994148,592.625963677755,807.000939188901,190.879370045476,1076.04355834777
SGMS2,2.239154774165e-09,626.124955969646,3229.1819851117,1.26743183032448e-13,324.828316977385,949.142247361469,785.053705113434
MRPL41,2928.65983615006,80.5050862616563,554.113571908797,503.428167645594,2838.10856081783,2104.13827669911,752.957451274129
STMN3,302.173112865427,420.496928716028,1442.09375324321,1679.06154220615,691.82455957667,1428.27590813861,4.01612547293934
TFEB,763.541627920427,567.124041204045,955.758747791897,460.063189327066,692.831075628781,577.827987140068,0.0112565322945591
PPM1H,709.585232198002,1164.43160925684,1284.35304331363,3405.41541895949,4.52824683861091e-07,398.635867839583,777.083311140636
CHPT1,511.420200194469,638.273083868306,0.630360548074551,1232.08281469446,2798.0095587589,1152.55805720875,300.496311307504
HIST1H2BD,2112.5904602878,923.690638899918,343.903784915738,366.650164641653,1.78231220753032e-05,1.7524935044962e-05,1919.48209324944
RHPN1,2465.671907678,1747.08670254591,691.296176447125,959.709731990142,2.34340877872939e-05,464.477728503734,924.896982371651
OPN3,494.395602452628,618.062659867135,708.944461644201,1623.95376470105,2235.69477198934,404.755865961884,152.184285020802
MTSS1,211.505387415245,1705.19187529712,533.72786053107,0.0527324984697926,3008.51318519985,66.2499149898095,0.168862738644976
H2AFX,2139.2950374237,345.481285304906,13.8303894271005,923.789219388829,333.129778482225,1001.92738013109,971.464473528889
CBR4,715.696466161153,1095.23613726957,2000.58454394039,411.537926678307,59.5055900630871,776.434011798026,1655.80673072279
SLCO2B1,1.61097689978039e-10,0.000437662701487108,723.166486429816,1266.89633326517,338.826440045912,1043.50264064211,51.3482533349568
GALM,690.719883855222,116.942530600433,1077.05899995869,829.070655593107,2712.33547013542,362.249422182162,551.79317466307
WDR77,715.667127378665,332.132451284229,423.834036553828,697.295584601135,82.6413980907488,617.252527940815,1028.22938485677
PRKRIR,409.032669258881,270.319100252496,809.923668291294,701.822711480803,965.775462344857,702.919220825812,0.966610589573321
P4HA1,3.28637573551311e-07,1093.58401900934,1043.70810670536,2111.44504640909,123.8210782776,2335.63453648331,422.581724470311
CADM1,327.605780019386,876.733371041476,73.9476964104798,2650.85560841828,672.999725804328,951.042019525515,1531.86023926811
FUCA1,672.956224449582,317.452406039015,3529.20880758876,813.091169156272,1886.95953477455,702.380970178017,416.54882651313
FAM195A,3583.44461037082,245.050330525279,342.106991719565,870.38456936442,1744.0780152886,1362.00815309365,662.994637857877
ARHGAP26,350.226132988319,499.121887324862,3568.59784773672,1084.75120084114,636.52267046946,363.987056541433,355.59033615913
FMNL3,0.000924132320142136,631.511912810503,442.608880711684,101.729861610373,143.663440813255,701.671729986379,2.18224993292181e-06
CEACAM1,3.21070068401833e-15,754.257961541071,1330.35140366096,2833.56060112682,981.812365953572,2.37833961250018e-10,1079.37477952324
FRMD6,1.49338071900589e-07,1202.36177436749,768.453849093004,0.278088238814521,0.000145482900870143,2010.69040304875,500.597308836631
NFE2L3,130.733108392434,1097.37554317861,7.28563949651206e-17,913.26796633816,0.00010218823126192,1467.30949854974,1.45424030894163e-09
CORO2A,954.635858442744,339.570900834371,3.18318767427604e-06,822.430536361636,810.581671338392,1433.34191419059,1189.68549201798
ANKRD13D,1170.87640210968,641.923100118631,210.831008776538,3213.88115029282,181.711964132673,745.604716072254,994.199936523955
CHST15,3.83673171472774e-07,466.212090543373,370.713066734832,2899.86862129623,401.023455184505,543.599008878328,0.33952339504317
C9orf3,1355.69115408622,486.132677612371,3635.70052035993,278.687783764188,224.785020172747,771.369210118786,392.913276742367
PCNX,5.44883576713581,979.121278905371,4173.59166451533,694.811611409137,613.102708055101,455.243240411624,714.447686185804
WIPI1,491.626545208225,595.405547190705,726.147125990319,306.739471411696,475.934506628966,2261.68709048276,1229.62975784654
BCL9,96.4012962142301,2202.15658087341,1372.67074247484,1116.79300112171,389.682071595907,110.298265408272,1131.5232802182
BCAS4,1221.43599475784,526.624156245328,973.985330698908,207.588710209184,188.192241675867,1512.19492999217,811.865464867069
PRC1,453.683026989792,778.228458144583,0.0845091531990533,2106.94236895628,1408.07502834348,1138.96683430392,443.40145728106
SYNM,762.351735980329,920.438919317639,428.044427969987,336.340626447689,1562.04494132009,8.51372161161687,1293.82942208031
SLC39A11,650.974048031139,306.87625830929,869.895164215233,1803.02014354491,2314.79569991901,848.335688703219,1083.95789142406
ASNS,1047.52849206998,106.906528842844,395.418956593718,778.295005909978,721.135785611734,1767.95868134518,1080.51462877108
TTLL4,298.326100742194,1892.84550749307,242.084598512134,1193.92575756365,87.7956795711861,392.375163768406,201.822343366352
KIAA0427,1322.21952609285,766.780751541008,541.524210598912,397.48471049213,1237.3133745265,3159.04953045783,423.217872607221
RBM38,853.725588056036,988.936638048343,474.986447841119,1807.77430262328,836.665283375492,687.448858470042,94.3567601486829
EPB41L4A,1735.40257530643,914.031299369124,265.550439300928,253.138543998608,55.8263253070138,1647.1264403793,1455.77511246182
KIAA1147,22.1399416867477,1361.67635264475,1047.92029097285,3407.56035669015,1010.00913001237,622.052183338619,0.0500910177393891
GOLGA7B,776.346309629717,1010.40413250314,743.223584971275,235.733090411598,1.05949866924379e-06,1856.24050059661,1774.97722790995
MRPS12,2311.33428980686,349.809688677177,529.177055053574,770.391644617082,1657.81450749186,3102.34523876239,646.142466111462
ZNF618,786.92802375269,1878.09014771937,1078.99683709162,694.630681861919,1365.80887385536,358.264860062153,1571.2714967519
SOD3,1457.64069355379,1404.21483061979,248.907785866295,8.35505618551744e-16,1.26685833481812e-20,172.119031609214,6.08174328920258e-18
DICER1,1.93574500954421e-05,1037.29114306544,3681.54924981181,1233.59560427399,1852.59106982344,257.991775485921,550.899651625089
KDELR3,0.468285932425018,977.744921374166,122.754284742612,865.57392668076,573.720373930768,595.680244255762,1930.25939105642
GLTPD1,1053.69675297836,322.892632662131,1957.09579195487,528.942115324434,4141.53629791823,719.917088621056,565.618832374998
MACC1,857.113189722273,612.751177437535,590.058683933999,842.038869196576,2.58060511208766e-25,377.037929262539,3215.81032511577
PROSC,436.379509051623,621.704924098225,1840.92373805556,625.975913088453,1595.60657685688,693.923733099885,653.616788081288
BAHCC1,282.123861608046,1357.69939274106,1039.07474085888,1059.09989301824,366.638149550164,757.099008501442,787.091395169643
ITGA1,2.01919471432941e-15,1153.21106426188,2284.86240956247,1.51649272521175,1441.48396251811,667.518239746635,6.23981747178595e-12
SHROOM1,821.697268450809,1583.78232449016,871.413922927308,402.975242593594,2423.02682865061,307.064295629844,718.471039931964
RPS26,1112.52247208849,608.82765521328,913.899832875765,348.568169203274,435.055442757297,2909.29548266781,1234.61710017643
DNAJC22,488.036500042389,1188.93814244916,764.562526743619,2.76830785529332e-06,297.58368529621,635.38155756314,2941.86371587677
ABCA3,971.168594659174,1409.05181833479,363.260927276212,2.51400209300075e-21,198.46059952907,2064.55674417234,191.526031853987
LRP11,446.39942668366,797.13773837116,2434.38526968746,1595.17500238547,1666.27980651063,1016.40120427195,557.627640924502
LEPROT,2.65278292909277e-20,887.171637180889,1125.69354057751,3.11567518610464,208.129619241291,718.612548702823,846.550125249294
SYNE1,2.78359677817214e-20,521.289669472315,2195.29234828658,4.65632383155155e-10,85.7670447327108,932.668464755382,0.00546579383623922
CADPS2,540.781703484686,1519.51764192451,575.567152206842,776.341574464836,650.198073912406,852.572776269992,152.979197715048
STAT5A,836.076060193785,586.852967016168,4.06909632274643e-05,428.930718012605,204.992019595248,501.072522217325,0.00176330883659031
DDX60,2.41447324902298e-16,1140.09719285323,291.423167158479,1.16181983478559e-08,299.762715895664,194.403309543454,2899.84007882447
C12orf49,2.42702367973552e-05,996.896725048177,239.290471402759,406.26412288885,267.187827872576,695.312295812029,288.161479564347
SLC20A2,649.989077224211,906.398611798261,3902.57065138301,608.519672220815,1888.06382772164,523.91051748747,579.521291493673
LRIG1,0.0326733961456439,1117.32327107929,1537.28289052981,2483.25092450272,725.915078739778,312.162136558128,0.0112688902719583
C19orf66,788.401987932681,650.490571197438,293.653110507704,486.906828684728,1057.89485113488,336.919476205676,2367.77437541626
SUV420H1,398.29851627559,980.737608636769,1486.02152301089,3830.36599933265,988.703140299915,605.747712542631,467.494009841435
NFIL3,656.703073599314,378.783314796539,122.475171239266,734.975968723936,354.638983789589,3306.17187718195,891.25254336471
TPMT,1061.12733335017,1173.52216653825,985.171439312538,787.362473019724,3348.35089913248,14.0279327057142,465.780743569294
FEN1,1494.01764313954,483.929350508306,103.093020261392,800.511733624038,912.030230664894,1364.15323242952,1174.77965213616
BTBD3,102.021334353322,1565.30807152898,1281.48758871696,2470.21868952736,486.00015354625,498.933867164146,1598.34854195162
DSTYK,65.5994988979414,2236.17137521327,1540.29823624202,471.98078019373,515.094552050707,428.021385563569,2.79076264322945e-07
DTX4,333.090486490151,1342.64762016395,321.770905821613,1138.33034926514,251.055118283523,401.05907350654,492.208199981818
SRGAP1,264.392182597694,1185.07862726445,451.552430275148,2216.24509402694,4.00970343831377e-15,839.320477417201,417.442489973971
MRPL11,2807.35961381586,481.005047713091,395.241496014039,3578.6676763509,921.859486293757,1152.71665135489,752.912038602645
NFIA,1328.38089347658,1556.49357681459,941.774989613676,314.306550894509,1635.90630963557,939.196521750487,2.55019345963916e-28
WEE1,387.579870902609,1181.32530043614,764.824076414934,505.863589229331,516.314763307852,506.522450772105,3079.78493702096
EPB41,465.35401126188,422.896015031821,1811.65735560092,1664.35399698895,1750.09791771707,409.805340852423,637.128417518073
BNIP3,826.748318011948,557.522169792731,501.989427035958,1299.796939912,2238.07636783142,2681.17552604795,661.590960032502
EIF4EBP1,1543.52512040961,8.91200184507801,371.378852051616,340.037514067697,898.238786643731,2693.18212971467,681.070690731587
FYCO1,129.322410564604,1102.50294659318,3880.43485912915,469.984988032268,308.500365144091,372.335173811237,593.192479837773
SGCB,717.565669635449,1048.73448644274,2432.96706277541,117.680747578217,0.0529333848936702,875.600395965645,831.552972439917
AFAP1,0.00314752804237352,1475.30232472641,933.79270033875,1671.41216419493,3.03290088496302,1472.18033498899,377.373354538456
SNHG1,1259.98067483771,831.786966530843,314.752407788885,1656.06662724847,389.981469816741,1897.05602759252,1629.83867049789
MRPL52,3310.16557311068,480.078733285061,310.439166820659,1091.6064296535,664.599477449061,962.262620301489,1391.7157396191
ZSCAN18,2242.36874299042,1073.06599111034,399.013198252616,885.893526207584,1365.25542805817,6.56416980130904,537.944295365611
PEX6,2138.27596251175,743.452765852843,1413.2692688867,1470.50558176643,1926.50158924983,4.22714853468979e-09,0.00560530498745252
CDK14,665.769905341255,1021.51704294298,493.857288020222,4.45919788722304e-06,601.405708704253,589.659606460577,28.7449457333468
COL4A3BP,438.932254160557,593.766772272345,1879.24074152716,206.622156207511,1047.02697697168,932.430488983121,1395.56155593165
NOL3,2158.63470040754,621.054639644829,559.290958027959,1260.72133427958,1322.01800397912,2097.79211911528,1205.90318939834
HDHD3,2980.41091474009,985.07398580238,1346.87158812918,1227.90096767638,1414.83636820304,1036.30117090323,392.572773752938
SULT1A3,1394.16968849816,579.408037355261,662.410777049834,1067.3976156937,1019.60525039337,342.486898638021,176.282485062107
KIF1B,96.849145913809,667.020615940799,3744.30168013548,792.684609938272,795.649835867113,973.090221209394,383.390166089469
MAFG,159.464015490692,703.065803307074,358.34680597375,3798.5951880013,363.888846928304,486.411235580257,508.817245264451
CHDH,771.128113134803,1145.14710392075,1555.30521342746,248.119545471985,986.353136227543,0.196264134491303,685.083259993183
FOXA1,505.910185715914,830.957538100203,1964.5026374186,315.134379184211,1221.14949642115,401.941259987122,1588.83438450337
SLC43A2,1381.26424545164,1070.60887429378,335.566243288384,1920.4170806865,1174.87864317221,0.0232630027085835,500.985339221596
NDFIP2,478.199066093734,669.72186718442,1319.29005783285,1273.38513446636,699.812688028211,1095.01943592174,2032.36021540651
AGTRAP,1924.76281874804,262.255364373029,402.007123309041,705.661075447596,1.89784208559908e-11,1616.25970337876,0.145651773249274
PECR,1090.53245995923,641.940565405445,647.285657022983,290.359474078899,3277.5678198319,542.59558243849,731.27268677992
FAM190B,0.000382973185420148,1762.27320014293,1410.42406186646,1026.94431840324,642.074945542692,891.036297663813,226.787168498123
PCOLCE,812.99162389013,628.070588929984,162.184600210807,110.09786966512,873.851800590819,805.968999091732,0.0319287567521603
TUFT1,478.548309504743,1775.04652098749,600.193023955328,1556.42600007124,191.292481951943,1318.07402331055,1829.81615340417
C9orf16,2394.55899401767,291.991885381576,306.010199759872,1951.7750287715,1462.21375530083,1016.37816762089,75.2803306530825
SLC9A1,655.581369358188,684.588976458356,2606.19614710501,265.333533756758,124.478801869125,803.641541925329,495.42415563887
IER5,0.801919657768066,525.837732106624,283.357284730214,2802.25041252442,170.35668617815,586.047975055321,769.848833432566
PELI1,82.6912302583344,1512.28960078336,986.340828165067,716.23653928194,272.022305925638,1124.11050895327,230.285313195905
CBX4,887.917783059392,974.122345606497,3596.16351809743,1471.0157707799,1544.01257871538,711.605141584053,1472.22306236704
NFX1,338.789553168008,1628.82728279814,1112.95350632562,881.405346459697,722.685266105497,1529.11511691178,1060.14657811002
SEPX1,1061.6277361077,331.542793478556,495.482059123376,690.019245832719,3516.44677297229,473.832246218587,667.466531193545
SLC25A29,2170.41631292862,1069.48373421368,171.589232290029,1940.85663163887,369.26706366855,31.1285915686416,1424.85184120235
TOM1L2,552.057443680222,1204.50846461975,3571.94894805219,918.428387635942,1993.52104623174,349.029745593961,288.108940722458
IMPDH1,256.208529426867,858.544670179434,431.298749287986,2569.492063561,194.518985687172,1152.15464666263,77.5114267419248
SH2B3,4.19119873971995e-08,365.98519846478,1051.24123230662,0.064741690712475,1024.14401239372,1490.63118061646,2.81378371466393
CD34,1029.20038523692,697.600285186433,1858.46302471104,270.154422969096,359.935389629826,2.11288090908875,197.531105765412
PAPD7,636.753779092314,721.56690938676,591.309541438638,1026.22024306088,3949.24258576106,594.471972279354,362.604157057636
DDX58,0.0358970684055952,1203.96381836394,345.770793739623,0.0528023639773458,166.912872030324,654.784931788821,1280.25410330673
SEC24D,2.30491653736466e-16,847.169062214576,2242.23445175947,622.373889845702,758.751952166735,691.681547610644,894.853897052156
ZCCHC11,490.189908357173,1473.44334912351,788.155727583835,543.329388454622,478.396546950566,384.958199193456,64.8420402068669
NEK6,470.348056370946,509.390173951984,1336.25405336208,1378.39813706554,2909.35582843855,1670.35075363838,322.594614169762
PDCD5,1468.02741315311,528.6562920202,577.386452999092,869.851491100768,949.560972676227,3242.89018552796,704.780447537898
LPAR2,2506.05315268735,1397.99612570229,206.523983652835,353.983636355313,14.606722562987,852.748672785913,1110.80851506139
ARMC10,2954.49514110031,479.006106970411,643.013722888745,1056.32714209407,283.852637327935,755.74472959307,1621.63174293154
TTLL3,956.300480993584,1224.85751031313,435.264981064541,751.699003464093,154.94785835021,226.576830525786,1144.62181490331
FAM109A,1792.4186130168,624.053298223642,3212.66035479746,281.225138034482,714.796325136677,422.736456538057,682.697319795682
BRE,1355.28655474824,208.844886832676,657.845123130656,636.89444489661,582.193170975863,2733.02449447659,744.936253984821
TRIM25,202.698964546264,973.562865662921,2773.89612586952,1823.69176952956,1767.37668624927,561.108226925782,226.335153935439
FPGS,1582.30502741228,886.230587650545,448.095471837034,1166.49105046788,688.241595992808,1938.07619761851,479.787731473768
SQLE,11.1816467533944,944.50838080179,492.163697843506,1734.40461440517,99.7817027565657,1169.28680128083,398.236511422361
CTTNBP2NL,220.72544834017,902.86767353138,647.987179981262,368.088058427655,1.10810735303161e-11,1043.94404498736,2082.8453751274
HMGCL,1902.8814750693,327.099585243319,1369.01542955111,794.647905933227,2024.08958763133,623.989448566432,594.659477586469
FBXO17,1958.81217288136,743.926898546629,282.836609937183,1.13296201409562e-10,1558.37179093588,1222.11366246218,1209.69028206175
TEP1,0.00210569288347869,1227.07030235303,1788.1029321263,830.100964800928,206.442490676909,636.450144451226,2544.82761331225
RGL3,1445.14079380973,1685.39908185823,1313.50439239907,116.026653797933,455.397125639682,683.92884562459,2045.50484577081
NT5DC2,952.37958080463,925.855124238658,0.00231245708606964,721.249695206762,2.03000654488043,594.09293214316,150.372529472301
SEC24A,2.0067286189673e-11,671.159106341274,780.663202333205,382.466665386547,3398.97069722281,706.725417063599,661.681857315935
HEYL,720.431202893186,1137.96733662697,1481.43129972081,145.412414951355,725.19934460312,145.72787430849,1.22180405355982e-08
BAG3,801.887962264789,923.833986886919,1106.25856820366,1114.44951753167,1180.37658880148,1095.18348383649,566.366788135469
ABHD11,2626.00578399,617.479900774223,252.142628303201,1595.71889599952,377.293664351298,838.562328893761,2436.73190478515
SDCCAG8,182.957601590562,1317.76917978822,245.522887746985,284.060923299408,306.043611704058,1056.23440549073,599.755762441128
HIBADH,578.121620702573,487.196602185616,1691.23938458812,1413.07660316128,1507.00466366223,737.286200173221,677.376176015489
C16orf13,3192.33247650335,494.93544640979,230.827270944862,769.377034930875,726.17646072368,1594.33602063258,777.069377914327
PDGFB,534.702689927091,1388.22559842604,596.53014214774,186.95222114292,7.82683478013016,855.149098616896,324.734707614471
DPM2,2499.58983153381,588.219165096545,436.393774828688,1333.33129697345,1630.20302846852,1565.19780976329,747.420245308068
PAFAH1B3,2504.92927741627,802.676902783462,254.249646684017,617.566804385119,541.707865116065,1684.82166074319,966.615627844224
ZNF692,1743.49125487525,1479.72881179877,181.821190755481,2026.80283802688,1218.80738249254,630.198124392205,337.78759205417
SMOX,1223.84009288308,1043.48529720624,539.861849085895,1793.7547663349,2.37002399873826e-10,957.524756116025,2054.45839904135
ALS2CL,785.444474177821,1271.7127506871,735.72414070272,1177.9992223541,1773.7019724857,347.809826759811,1156.27356473263
PTP4A3,1802.09630489355,1556.30680639482,932.73349601779,360.812095312482,907.703998319279,172.244998604071,455.402101936334
TANC2,0.0393271868665168,1853.86740972449,528.038160733203,1135.15460552571,574.992207815792,1449.42710782685,585.748308266488
CNNM4,258.141943608033,1442.22666329984,575.466818497866,345.284752738484,541.092660236606,374.507577949134,1487.06389699037
IFI35,1354.36099885918,358.331564100151,157.444582818949,172.728171954391,274.106643461848,579.609587643449,1463.54888646064
EHBP1,444.308096263006,858.91871429144,1903.02499839733,2230.56214911476,684.237300600951,1383.65069613249,791.808648240034
PPAPDC1B,1672.44477006193,806.120184807392,539.103420441329,733.006412762316,596.6386508311,322.568026341039,2091.60407545265
TEAD3,725.138667644778,1683.13800962859,1096.57495457776,1078.42381080498,1023.36580192537,0.583206297363538,10.5565609127538
MYL6B,2792.54545608291,821.323617691951,464.958723984873,428.2191328146,307.841276607067,784.790564766103,675.228182514728
NRSN2,1397.80529671683,1319.53121597076,933.902220569631,689.681848908509,1.87914800021479,823.375993750294,1227.74077321081
LSM7,3029.1158041747,446.732180881045,33.5877377414055,1001.52060862255,228.904870492678,995.917522701862,612.56973091045
VPS37B,1260.2880369995,1310.00177687896,561.09009845128,608.788609945086,271.855338197849,1000.22523896243,11.8517698348642
DDB2,1280.29319046498,462.44384484743,610.095523451604,714.443014104081,783.488262189369,1707.73023983285,1681.00764414985
CORO7,694.73026167458,470.697022350335,983.726379241125,916.747059985894,886.624205897582,1046.05759511972,793.42966197136
SH3BP2,498.97582832424,1032.28470597591,1233.46234403863,961.326908656411,1768.59924411725,3.9692008792752,820.986998037171
AKR7A2,1248.97977275798,290.798538423257,1229.29225797971,535.642603912873,2213.17400715757,509.937623742158,549.679595584353
APBB2,28.9564564332176,1612.34889422922,581.858034129587,371.272807181663,521.693685988006,293.938397239285,1.91639894932358e-09
TPST2,466.002387181197,1391.04787073285,427.445240990971,499.694869380472,970.311307395103,829.620826596859,111.44338595068
AKIRIN1,381.411373148206,986.984294101577,821.947722647703,838.968700238411,2188.86906824892,1177.35076026283,432.029781288349
HSDL2,585.177227314557,504.228572767229,3192.61695490893,628.537060776311,1557.48736564582,702.546501615677,135.027940371925
ZMYND8,24.2170784208284,724.641799810846,3182.38788241627,1184.2195116509,277.756007473849,664.481640415596,621.224923030129
DARS2,6.01209704502574,1436.76412807632,440.189785351918,1629.69522189312,1285.77335987915,774.188911046201,525.278904895812
ADAMTSL2,839.36580692779,1023.07176177142,963.453569265955,445.242545877597,816.862981799687,339.456517684795,4.06814677077872e-06
NFKBIL1,2790.94015448887,738.763487767461,314.886970555094,739.130980863179,846.421926856502,656.053190522587,887.501560620761
SLC5A6,354.036678079453,980.5241996766,607.304315643774,2183.13551290024,1111.20876927933,542.515176889527,345.362015157883
LRRC42,1746.64792928575,1179.11492169521,598.029654905763,244.102967124711,537.597922124415,1057.57320729867,519.193741039987
PWWP2B,2857.55501731258,968.491766073808,515.5643655981,563.775418604188,522.669748923444,970.351141695971,1350.27582150902
FUT4,616.318681367388,1611.8575626872,0.00111619457031002,249.046543693024,158.576763564541,1077.51068934876,1264.50258357755
RPS6KB2,1450.05350009543,589.046819427446,1137.92268603518,2381.90830921262,1586.73976076816,946.741618560945,862.42086473159
TRIP11,0.0098278175939407,1398.64110525222,1532.15944881629,285.744204394259,247.797864871702,275.774983232498,831.600978526945
FCHSD2,0.115184530892615,890.873940574624,545.845372221228,1651.92203718953,258.833807378166,672.39074241322,19.843853349722
FAM113A,1507.81432494734,920.044923240279,212.69762281735,1537.54479635441,470.336850774505,617.370270956612,892.21974151436
PHF10,372.743132902548,1660.34993631146,795.570277127472,1958.6925508747,849.264571762637,890.574437526292,5.62317212993026
STK39,669.298644791189,796.742424514118,252.434086350041,862.842997950512,124.68759099064,1148.75299656398,2884.26319071084
STT3B,1.28648323822249e-20,872.401611213582,1781.50170771935,1691.89549849809,501.343067613058,1203.22296928574,675.237820204975
CFDP1,3031.91511463226,669.310832182636,731.743031990163,1014.86450446512,1107.37711103154,1028.80352884931,1230.02805126924
DYRK1B,2540.26493497009,664.884723989394,642.221273960417,545.462934712286,374.238490993655,1999.26309528729,961.644883650409
SC65,1299.27057915659,812.66277189523,325.715301941602,1490.22849439082,12.0655949777387,1509.05409742951,1328.11850700054
CRELD2,1124.06977721628,790.317540046376,1761.57227646112,1456.92930423976,2721.65878036412,552.967062668195,1350.45163354547
PNMA1,3.33148621144662,1238.86426058242,577.696729706061,204.475964402442,524.230125025029,725.833983845627,1063.33311306717
KIAA1543,2033.35394613911,1478.73949438694,1462.0584515194,674.541702567773,666.418969691213,251.798591644788,1046.56884999552
CENPT,1700.01516579878,930.965723773931,599.476859545068,1011.13288028813,806.051712915765,745.004571521232,1271.15082096829
BMP1,1042.67771220434,727.454546597893,486.92454300714,392.714639600567,376.778942766244,1592.60242140595,619.243786703785
MYO5C,229.628894131228,1342.99137994828,1133.5811308691,2416.64176869157,710.461078179682,623.651478502989,1390.53107053091
PIGO,289.518108411696,1635.46849270446,1358.23457652954,871.321929108661,674.079809410219,954.660922536127,974.353252156551
RASSF8,195.151905282044,1254.60361900533,363.460668640454,7.76861923094783e-08,277.383510775058,1593.84463536124,736.355521717023
WBP5,1002.41458295809,953.587376782536,563.98494577167,532.521106679548,3.04936386269547e-09,1046.88079951309,1643.46531401629
TARBP1,541.300362179805,1724.74546932511,260.543686077713,1943.53998085657,1571.11522978116,284.175441348503,67.005491341178
CCDC72,1949.52885927188,752.62734760938,1181.38411894459,1262.78073426736,494.163713258552,649.320104494514,480.013464290554
ZSWIM4,1026.81556536106,1681.96810472507,235.781667615151,196.674674993823,9.04269183278036e-08,482.361000566603,265.951808486902
DNAJB9,234.737035846626,537.70565575428,1399.38487115353,321.754544664131,2638.34430578829,1160.07691315893,1315.12833201608
ARSA,660.660745885843,626.539981994262,1330.89899262438,633.643275361793,966.940094121518,644.701609096481,1799.9995894068
STX18,1259.11154070309,1708.50657740002,555.651576054423,277.013257683719,772.88366175937,768.453146282127,839.83931938834
QTRT1,2791.94073207218,845.28768828296,412.575579239793,1341.33975104002,261.590640192807,1130.06258036907,941.114724682073
GALE,1064.63669235114,320.787973071412,1280.13077920388,895.564603998039,1683.73021001835,1038.34013911649,1469.09023405347
PLEKHA5,353.310960082779,1703.22513645545,1366.90392690196,1336.74275882952,363.663477934009,552.261049664679,713.415661549423
ANKHD1-EIF4EBP3,71.2101739039845,613.548297726119,1434.59739531411,304.983170014042,469.274832804093,700.9915689218,535.487051845935
TK2,1510.6591899642,599.989577965673,1188.28464057598,4.54122467355518,2310.29474297173,1415.95988281394,1178.54028903778
SOCS6,350.814304192621,1570.31775909954,1540.51176060998,569.696701922365,484.04956283305,488.986369122403,996.629861479957
DCTN3,1677.72565976836,1009.47226245512,1260.14179172099,351.06235864513,1529.39104039221,2047.261682571,416.690150325764
NAB1,69.5636374369701,1388.76252174975,1556.38052870172,2073.46287454478,473.849899560384,839.014474331063,130.767346086701
ANKZF1,1205.55314265836,1275.20803928324,599.409043912743,2241.35241615264,729.7103572514,1441.80722775993,639.988959457209
RALGPS2,248.864927851545,1839.47116167665,701.661396187067,238.300674947518,639.561013142999,254.284329603672,273.918057517076
CDK19,526.525839321936,1804.96784547665,625.60916450242,673.734784496089,545.809799746129,680.273766021156,572.523434074299
ITGB1BP1,940.903294353154,392.259795317719,674.814327762367,861.879038098995,257.20409772251,2015.66160825749,1118.88503764568
MED22,1272.55095315743,1121.61051786981,433.703257171719,846.751405566781,561.752934459973,1737.95637834754,515.02936652871
SKAP2,680.766675706505,796.884965628979,0.56900716154022,1603.54666618912,124.856773764046,1120.31642000182,1041.12062430898
SUMF1,1094.13717225934,994.86430980461,1244.76300981873,747.004071293786,229.40866093408,844.53431097962,1072.30888905643
SIPA1L1,598.61497829657,898.327870759491,776.269405164422,307.679287438374,676.353167920476,465.130729607852,1587.38968695982
NDOR1,1414.97598398856,613.038675660462,2630.56860613461,920.687073936518,1123.66250111415,1063.39766920892,583.476441646802
ENGASE,525.817005578857,899.383266313385,454.696706582549,2508.28264247065,1315.34308975449,646.081023384246,831.830645167854
UNC119B,576.835566885558,1336.31985942823,1826.05181235219,572.095004238537,341.093871643575,314.302470655666,19.2838680463435
MANBA,1220.1069326243,1196.09770875619,2513.6287669715,410.834302156593,13.7813435648742,630.969009483484,712.091875887115
PGCP,358.699171255705,1415.78653509031,2620.79802050659,44.5837476055874,1477.01616361464,492.775288226226,603.134573059377
CPPED1,947.810530302764,771.583960370684,750.383274312454,352.206493229133,1560.82933356502,1118.60818544744,1798.07011891942
ASAP2,0.00295088189233614,1541.84781076583,764.361154962753,922.348141848944,117.403292238065,733.28240173612,802.994984053988
PPIE,2691.46429819025,667.03647034634,557.636231435152,537.235686475084,772.315103796688,810.899457161339,353.91626774035
RBMS1,120.666232301257,925.979290167242,1471.98806401633,1539.06180046904,140.3932487895,1673.39446813641,0.0106433247725163
TTC7A,498.43644596157,579.162974573352,1473.27289665135,1323.65789410943,1181.17435944548,2203.69820104996,682.488718324565
IDH3A,294.248503873172,661.699844408558,883.93742089271,1359.61159893705,1192.03343646713,2316.38317293968,873.97582201252
GNPNAT1,230.909710270528,950.167740419986,194.173438132288,1738.37189338993,839.990070674506,874.341421272696,355.951439548812
USMG5,2439.23718860251,648.413294879366,1183.49111815656,671.22704682582,2070.95004466057,1928.26574322086,1116.88504530477
VPS13B,0.0649245963099886,1718.77396036594,1641.78945687475,486.237356215414,395.197068701563,537.915393806964,305.000619713781
STK4,67.8701170871496,888.167856832987,944.766416038358,1052.85025256517,414.356936913024,925.16368475382,479.823244432501
TMEM134,1740.99637421554,603.210398740154,787.962102902373,1770.27471907445,387.206625616667,983.193733650987,887.252287649008
SPRED2,0.01855086456149,1651.95029983997,1599.1380513992,501.225083195063,801.305674810834,725.990539465826,1026.44582729303
DHRS7B,1752.7155243937,1435.84188888659,798.59598898737,377.414644279723,735.858249987707,8.75150976786414,470.379721350249
NT5C,2696.42342512252,474.573727527884,367.245530207632,1194.51029157805,317.459527154142,1031.55904054544,1608.84846682956
NAB2,629.136190617964,1270.52526804993,2552.89350190164,200.561722231227,155.19791487348,712.276072318185,637.642141801178
POLR2G,1654.93196205798,617.141183905586,964.668798787356,692.510839958157,616.601386021943,1424.80145729928,1244.53693983962
C11orf31,2821.20936463586,634.09929361948,428.962739253415,844.029538987481,870.267142454769,1126.86980879791,786.172810875019
TP53BP1,205.532706671036,1545.08362409896,1169.40895913914,1343.00975569214,245.669338602745,1109.33008949884,1354.82916128507
RRM2B,0.0228633584388007,1123.11765505746,1123.19622741195,379.046176388074,686.418293046837,1264.89569471417,886.16125822938
CLDN12,188.138019949653,1122.61023483179,861.588954081149,2223.66798514667,1567.16051784893,1029.37710243668,756.705190973018
KIAA0467,1236.64490433347,1217.58881731968,1081.89851764488,1212.52802858482,758.280970027691,521.736157692835,449.447173137529
DGKZ,764.586526187098,446.184981347366,452.737334319792,1004.31131084121,544.044576219358,936.421594698385,556.200107924905
JAG2,1369.8595972973,1309.77615389244,349.283095242286,815.903869990594,495.144558043865,688.208852597445,728.50340274214
DTX3,1738.48402963662,1086.39546957322,1546.84454763398,232.200059784848,8.10146445017876e-05,129.940882580143,1655.54359913845
THBS3,1258.23724900744,1728.65886839912,213.114256169417,510.19686873521,1.62029847787111,770.859020352253,989.645134516797
DNAJC4,1898.4242232165,399.044144587182,532.649423466498,601.008936364848,1029.27122623669,1278.45837319228,1224.67720690757
AACS,1419.31019632761,877.95612070802,1002.53858489906,693.64206849316,401.43749505743,1030.22272656196,2025.09561488299
PTPN3,671.054989306361,1194.28290676125,2052.04479202626,862.512296396498,1538.24480274492,1259.246861585,2563.00502479995
ACAD10,1274.89283076845,636.926862997389,1104.88873022699,955.075911771428,2108.54528353946,642.899697114788,849.598042415347
GNB5,598.93356772326,1920.291123009,938.814267348518,295.848706864295,824.69177054008,1631.25461822439,390.770127717106
THNSL2,1677.10688087806,626.164917077773,1344.19107294903,1586.41340130878,695.811307153265,626.869658044709,1147.46780746158
BCL7A,1321.4561471888,1440.29655651146,445.638937891627,238.936357711237,351.1828269601,63.6115438814914,868.276049020703
FLJ45340,453.904283981522,1241.763941309,679.571484434822,2256.81841312527,504.196051143901,438.990277662346,1373.1942637105
PPP1R2,411.58566256199,486.300031512914,852.751815517024,1657.93479387423,848.13414645766,1191.69722671133,818.661026114186
ENTPD1,451.644764729314,1037.8476645002,1149.10102050667,1157.42530667049,375.61788129757,584.4624093806,208.368109883057
RARG,763.132883439731,1409.15749255767,408.963482786592,971.93360577738,7.22529809114641e-13,1394.23927934481,0.360389214086786
PKIG,2553.63099679914,688.412226984075,648.533139095729,9.23439803736264,330.957166957829,846.189477339566,482.24919723665
TRAPPC3,2379.10940810407,567.420855847151,755.388137932058,1006.31015145821,970.428575762156,1074.2859550766,696.302275291917
SOX12,2077.40918186397,899.472781284302,618.881276531604,1081.61775542897,872.934023790698,605.974473775428,1086.57866268453
ST6GALNAC6,879.23348552214,837.846918779626,1135.39036249876,220.622262122839,737.0697565291,1410.79001274063,0.028004478999681
AIFM2,998.014940068821,1048.25830487689,0.000191215083270598,875.76008975273,1249.55233359205,1084.07555104709,755.572112499159
ARPC5L,1466.47173481235,681.871298244718,764.129252487879,1015.9635014328,1205.04107811039,1230.14224236064,533.171975456961
NUS1,158.107287719719,649.040116140124,875.597353861323,2378.04857862148,2111.6226989287,857.194080043779,511.796485431527
THOC4,2045.34821470991,478.909563067657,430.237728012652,2008.95246285636,520.373188410238,1199.33819591854,804.928114045485
TMUB1,2554.83587932464,625.509643599131,374.990768707288,1410.88208148511,833.437881983046,1394.63876431932,1056.94907904322
TRAPPC9,959.308720213243,1406.43202635169,829.388031805891,1960.13906659191,554.320878576048,977.758020724124,681.892049257086
PCMT1,536.320786373696,657.379300075255,1160.61510893953,1299.97079159656,1977.14312873933,1418.10919820647,287.255223825411
DMPK,1860.14735945516,877.998250078598,514.166187294296,707.311162059949,171.057207799497,2206.71934809183,295.803234077749
DGCR6L,2258.75701583111,293.014662353686,625.939178779467,778.801795737036,2566.01650905595,717.03599637158,487.721003114864
MAPK6,8.8906792362219,991.940591247148,1054.13448443442,1630.23080240924,1699.58906731943,874.219511135511,2512.28063127738
ARHGAP17,429.208268401079,963.543209202051,1171.35223882668,865.24184098385,486.614038364058,818.459072153822,388.797824667434
CAMK2D,1096.495800397,1326.50372378557,1521.21987568008,535.098704265834,636.43775849446,130.069030449967,485.342562108003
TP53I13,1805.95213977808,477.156888547279,590.666350029607,1099.30128086781,759.188537979674,1173.64890159489,920.886353727157
?|8225,2331.0570174065,572.793298373037,710.973032479175,1296.64226669348,1640.06310245684,851.552287645425,494.071533045698
GNPTAB,446.094457937275,1031.60846716746,1903.78543749878,888.019937219204,883.04119340628,822.524595968146,436.197312575159
C12orf23,570.045108508162,596.738715711112,642.16397012958,717.129788526651,1180.51515130601,616.31279175247,1291.51315369158
PIK3C2A,16.5872221512508,1258.8677886913,1924.41713033844,1212.69780238153,971.3991107698,793.265052651481,866.068983456063
UBE2Q2,1246.37765641862,798.893164151576,393.166433773251,923.493289112695,3.11950523133962e-06,977.113507151531,1699.74855637879
FOXK1,123.323935265692,867.986613055664,557.619859377926,2537.47847022267,401.520364999526,460.173885872782,449.295865261611
ADCK4,1890.53350410075,946.357782790366,869.4905749725,737.365362994966,496.134046439581,2284.25711505624,637.460035897577
TSSC4,2865.90483222616,523.3066325369,395.342393207959,783.256422976994,1072.52843117009,792.071781366358,715.857863588794
EXTL3,1210.05680145906,1209.68072981835,1969.2017190085,791.736170367583,1284.89750123664,771.443352873919,1145.68358774616
GUCA1C,1.79834516301803e-54,1.88665072097674e-63,2963.68811972142,1.48667260783616e-52,4.54102995155281e-87,5.07146961118859e-114,5.18828686310183e-152
ANO3,6.3582562475983e-47,3.67001360899783e-84,1.11633899523095e-47,1.47384845875791e-33,1.13587061494132e-109,3.2840079520836e-53,7.22862255030198e-61
SDR16C5,2.18640535189233e-57,6.52376872023341e-82,370.804157898146,8.95143818120828,7.69507608254064e-28,3.23169537873991e-90,9.0252384870942e-32
KIF5C,0.809425905200886,141.576294206605,2821.68893621853,3.71677492615703e-31,81.5763254820665,6.24021717977031e-35,6.02362344233582e-25
FAM65B,6.17041010776853e-39,7.36280480064623e-12,14.3956358709927,2.36415817006566e-24,4.59577960299038e-24,4.44814633588467e-17,8.26861242263346e-42
CHL1,9.64780163176134e-37,2.5803342676491e-22,7.66352309474888e-14,2891.93891798536,5.99923263309483e-57,5.91035338743857e-28,7.28978250317863e-52
INHBC,7.08827833836484e-21,9.86302298251468e-05,50.1617085942792,1.6054738562437e-28,2988.99391430101,1.93340810067972e-21,4.01787881267212e-14
PLA2G2D,5.33948582620368e-46,8.47295195148866e-44,3.39753319939547e-48,1.13335863065498e-49,1.2886936150419e-32,2.66110983944698e-34,2.74218419654846e-59
PVRIG,2.28635743575405e-13,0.0550424083519563,1.78918678787445e-05,6.58448944215172,9.32497377424966e-12,1.18430066869025e-07,0.0003210909537726
RYR2,5.08503864760326e-54,394.860747041306,7.64636727254505e-40,1.97001587908347e-12,103.44013194339,1.16706791755385e-20,4.4926833988333e-12
REG1B,6.95850863125718e-28,9.09801899047449e-68,9.70356502351082e-46,6.2179674722778e-39,1.43820521526754e-53,7.6811580463227e-58,1.34541134515507e-41
CARTPT,8.72723817167723e-59,6.51183434336441e-126,1.06690348494839e-11,1.3455643024481e-57,3.59933139239293e-150,2.64997585108554e-58,5.13584560124743e-73
KIAA0125,5.92210701033751e-86,1.73171705283618e-56,8.87932915240186e-74,4.1299394460912e-71,1.78477438584762e-85,7.25156280421936e-62,6.08818379425406e-91
HOXB9,1266.13263572377,2.1569042359103e-06,1.55057018653146e-45,267.129338841528,3.57210115140683e-90,4.61250606147287e-24,849.355246812393
ADAMTS14,8.38099876877638e-30,81.4315666443076,2.51397341232647e-25,2837.80354739468,8.87480276832003e-11,6.42826504597607e-14,2.02296896870861e-21
FGD2,6.2501798225564e-23,8.92137761246553e-15,0.000158817791862722,2.74898177042017e-26,7.55839216470901e-07,58.5975592803588,1.1500663669114e-09
HVCN1,1.6834725943169e-15,3.94052415059173e-10,3.02660320724e-05,46.9032854977701,3.31899479768413e-21,0.0309772674166438,3.35566696454555e-11
TGM3,1.31979270574543e-24,661.722740023356,7.12737404170378e-38,3.82243973253839e-05,419.873997214293,9.28656152198013e-31,90.7932989870373
FSTL4,2.63277046777939e-23,1.46317306167052e-35,158.91134173885,2785.74650370507,116.802120460619,9.39569621383489e-67,5.4274079354557e-05
NHEDC2,4.05533653606681e-10,3.02410620166126e-31,114.795784370214,0.0352383514694754,149.230362662042,88.634640166853,0.000126613388650444
PHGR1,2.07100038127993e-57,1.03435076315836e-151,1.77653966877734e-33,2.81610774569014e-51,4.04857077630872e-101,7.26963428585881e-62,3.79584854741588e-73
FCRL5,1.02901193645253e-54,1.25092963436451e-34,1.10864117824062e-53,6.72535961938997e-41,4.81396669607603e-66,1.0682199142475e-51,1.07654640168395e-77
PTH1R,761.082211116598,4.43723102927979e-30,36.987583333989,2.59992312096623e-23,64.365947170332,2.50293510691236e-40,503.022999376185
SIGLEC10,1.81426832124e-22,7.01675079939654e-11,2.02295506566943e-20,1.53947727158544e-25,2.35065162396e-13,144.970549784864,1.08120647774177e-12
MYOM1,0.00130420480538772,61.0752321510655,126.911766709616,3.7461626614035e-06,1.42536621336754e-11,9.83220477014208e-15,2.61988092063945e-18
HGFAC,1.85766778339648e-21,349.299449137893,2.04729565321411e-31,97.0737451415899,100.092299044339,0.000117859831820233,232.867587136656
KIT,2.05965962368312e-21,20.4671207322478,345.305297551844,2683.0390728962,2.10070696317818e-07,4.30545664723351e-15,2.37919685177663e-05
EPHA7,4.1608217730301e-24,3.45016353564821e-06,2.79437887783976e-05,0.00771394327661021,8.54549844274892e-43,7.58522499064692e-38,4.01097931698321e-35
HCST,114.460031571776,1.14788407077856e-15,1.2451033862135e-29,9.04799581343668e-25,6.12551869120958e-20,109.965950187987,4.605037640881e-06
F13B,1.06409132303621e-22,3.81431231304931e-26,3.02630473544712,1.91053881404704e-18,2741.10433127159,3.70602360775801e-21,9.57084411426811e-26
SLC22A9,93.5543947609524,35.7661311999641,194.297486691342,6.44029055320822e-22,2761.78417809297,8.58942285881696e-29,3.41843912644244e-20
FCRL2,2.97626099255171e-91,1.98170476411482e-68,3.69563655966264e-81,7.29123054448841e-84,2.29916399407922e-87,1.67852643445274e-68,2.08882647458381e-99
CBFA2T3,1.86750407972309e-18,1.09884022987125e-22,1.31739218067698e-27,2.19859627468519e-30,64.9454818127569,1.28252706958703e-33,0.0140780244094453
TAGLN3,2.61455367605638e-176,9.03428656640767e-175,2.50944598857396e-136,2.03665545673565e-39,2.21033935428492e-98,335.175275740142,1.08686978310853e-166
PRICKLE4,5.42994344408124e-12,153.408817073952,189.142258213213,618.193147287148,37.9866335172016,0.000141728689476815,1.24257993125459e-20
EFNA3,22.5919656683211,112.965827841553,25.0282928052921,2701.43743035393,72.1350588239138,135.771698532868,47.2355863868501
CLDN19,2.04156977997309e-41,260.494245344765,28.3836662293685,2.71636088303885e-89,6.9045159806869e-49,2.44565571342696e-30,1.52226724454475e-69
SLC47A1,105.764119331476,1.1022699171723e-11,3.20488368906158e-07,106.450313861254,2673.70509298545,0.0887410105407357,4.45428144042329
SLAMF6,1.16731865694297e-33,3.62370717113121e-22,6.76777019090925e-38,6.05947118946093e-40,2.0931243690813e-33,1.03245710553949e-18,2.84615160479711e-39
ABP1,1.69873779093774e-35,9.25185361247019e-12,4.76971792881008e-32,1464.73543112308,1.08450853924198e-50,88.2096682702603,1.52082231948786e-37
SNCB,2.9826781994083e-53,8.48930163405818e-56,2555.48179040171,5.68992015068146e-50,3.093778876674e-84,4.45549647424944e-88,1.40018482727756e-110
GPR128,5.27788127190184e-26,1.04753936563356e-26,1.4051126831989e-27,2.1926665923844e-37,49.8216984230596,6.54261934416037e-28,6.8544922823798e-14
CD36,3.07475800874657e-30,30.8155599158572,6.28291771318026e-23,2558.43504850829,162.210638736457,103.17278190936,7.3428736384421e-16
STEAP1,0.025921604989393,3.67556411463923e-27,33.5402865491065,676.992535888032,2.68307793297916e-12,499.469733759957,5.97962172191734e-15
SLC1A7,343.016932047095,430.324715626775,0.0141931705909193,0.0561982561595864,963.24114876193,5.83311002538455e-50,0.195161197779342
CYP2D6,119.577563053069,3.27535707393753e-12,51.1300503202926,324.704971525052,1855.00169698635,1.59209465203102e-24,8.68948166648868e-17
MATN3,154.541093042114,2.80300521199979e-31,2.9746365546698e-21,1.0802177710954e-11,4.04421332953829e-10,1.83939909772775e-28,0.00501868105411033
FAM105A,1.59654642523197e-21,1.01413574299379e-16,732.679897147631,2.51503560985415e-21,124.547306851218,36.3085970581767,3.22485901035353e-23
THBS4,1.21749175274106e-29,6.83130203851883e-52,74.4014463244161,5.4971704487281e-30,51.0981991325917,5.04037068562382e-56,62.8109195636228
RGS16,2.67959052972734e-18,117.559733401905,53.4554012525349,0.00104019256505251,139.702574885461,299.054915778461,7.24547593960658e-09
CA4,2.92906722976048e-27,43.9763431710133,4.54321234008314e-42,3.18269825730906e-47,8.65560330828335e-72,2.92021316562724e-55,3.66218300394237e-54
HMGA2,6.76571334504477e-48,9.56930669233795e-22,5.57700868772333e-54,1.50337900235907e-27,1.25834199557416e-57,295.511361308338,4.18898703151473e-31
HES6,172.034966145666,65.716094352624,0.0468907694350658,2660.3929174403,186.083768748012,102.200333833621,71.0534757779205
TRIM50,3.50481032873995e-35,796.990666727769,1.07861678362997e-50,3.21767254364334e-39,542.688777317112,7.45641254298472e-61,8.28512423580316e-07
CD83,3.16325119931726e-07,118.364221523599,3.72219521932034e-07,0.00033795181110411,0.000129025323690785,255.367550698275,178.215287565924
SRRM4,2.12738746302488e-45,2.28203989443595e-51,2496.12819879368,3.98347716971162e-50,1.71339587996793e-83,4.15782981590345e-80,2.10114585754978e-96
CD5,3.07460604606777e-26,1.0528853988824e-19,1.3411510106794e-33,95.0338601325146,9.95021118156878e-22,8.13195183712235,6.04691498676872e-30
STX1A,1.80724296208279e-13,3.41497563603766e-07,185.393297287204,330.474052777995,6.90609337519291e-19,208.820906662935,1824.92912550291
SPP2,6.77800593582428e-22,9.74205863051568e-43,7.71894376978258e-27,0.148277473622085,396.942707086888,1.33340877182519e-27,2.45688533617418e-35
C2CD4B,24.287863769294,316.371998093797,1.6980786525753e-11,1.26084398718023e-30,1.11907725152239e-39,282.252297430589,1.03221664753747e-24
SLAMF7,3.05145706379392e-27,6.1362182552374e-18,2.12670747742904e-31,1.24621036116018e-21,6.45583873676565e-30,7.49272824957049e-23,2.59212920692317e-28
ARHGAP22,1.83088467131686e-11,7.40706838601303e-29,3.96643710840768e-40,50.053406295498,2.42688435052152e-16,575.315879799381,1.90894312521615e-13
ALDH3B2,1.78296216345805e-08,473.588572582418,410.144402188255,1970.26064775408,1.12960235034873e-25,59.0973849506369,1.74739843736402e-40
HBA2,1348.44001688069,46.0915910729987,165.157984270128,95.4814447174005,853.055713446638,485.351943059041,8.715797407388e-30
FAM83E,2.66155555831768e-34,1.62658460323167e-56,1.14489342685481e-37,832.933628380684,77.1421160956457,3.63802279278109e-53,4.04704423326847
EPSTI1,7.31939614451399e-24,37.9011608599123,91.6746254543907,107.917993727561,2.33948948578494e-10,121.385014644576,79.8410352374975
BIN2,2.66023409431517e-20,8.4874963474621e-13,3.37821983450721e-11,4.13221939097615e-12,1.10549573193695e-10,105.18938067906,4.07692329781142e-09
SV2B,577.547464281223,216.216617033915,3.79698392859122e-08,61.5405639393292,11.669747396744,3.34866399127712e-27,8.95870402330611e-24
SUSD3,9.11296495047503e-25,1.12319744130486e-30,1374.23508461245,9.26700114181485e-28,897.126212424644,1.55777816431701e-26,1.82116845941918e-42
FAM180A,2.89986089577111e-22,4.95155990498615e-07,2466.90443215324,4.52962023501143e-31,3.80557780693734e-38,94.3599854711922,8.38219689009521e-30
LEAP2,44.9793081817367,2.83279228438187e-15,228.490711081566,4.2945597588393,1905.78988263872,0.00228361181602495,105.934236178325
SLIT2,4.1576524619108e-32,133.280055562376,102.702295232568,4.68621868349124e-36,1.71142370665219e-31,401.162794667077,3.07726214064481e-35
HOXB7,1166.99987781565,62.9684998656527,3.47389047774154e-26,605.771498529178,1.18101666650314e-61,6.29713516456043e-47,606.764155353282
BBOX1,1.30335881662171e-24,399.419051635389,197.771726045272,8.37368687806787e-35,3.19631120592746e-20,512.963603539874,687.122214495379
SLC19A3,1892.66890460556,1.04155263046647,82.1758117155572,9.74923401261194e-11,8.87154043388767e-24,2.78568638176437e-22,476.371840663801
WNT7A,4.50327681689793e-57,1.01205140957519e-75,1.65717806300612e-43,9.1691330440545e-34,2.14002816595293e-30,2.51056882527638e-52,400.065368178744
LRMP,8.71608892718267e-41,6.74558333056741e-31,1.64840948272806e-24,2.96143292439784e-36,6.64314721850359e-26,2.65545970350479e-19,3.15304148564544e-41
CD8A,2.36196556274876e-21,7.43103496307228e-24,9.05766066890616e-37,3.06642036409563e-36,5.27727125544765e-23,216.135649032196,1.18314761111531e-29
APOC4,19.8632228378042,2.34412227564444e-38,5.79208766499081e-22,40.7923664527678,206.022201946776,3.01545958752416e-14,4.97620050380894e-20
NKG7,159.27188316463,2.91184863598468e-26,1.06408424893844e-44,7.6071923183357e-37,0.000258460280490347,160.725543953368,9.33266290795051e-22
HOXB6,839.927362346284,95.6364567186655,1.09748457549138e-12,397.179485027836,8.15486981248242e-35,3.61026655702156e-06,587.009348347235
KIAA0319,2.12485794850036e-31,652.031230098577,7.77523964800279e-54,1.62219514835352e-13,0.886873812279844,7.83887122068222e-15,6.40216340785743e-33
CFHR3,16.0879405918295,1.82013593784801e-27,1.14260044031995e-18,78.4714312709926,1638.47481269171,6.59342516402445e-09,2.13835926420953e-18
CMYA5,2.00795885592054e-06,548.22888198499,799.99022829978,1.99866830218878e-31,6.16888259021638e-08,1.00915266260514e-29,5.53905716695682e-33
OCA2,394.83906820953,522.19034075855,7.99927755483187e-36,315.436279105302,7.83881920365872e-42,2.07787615404603e-66,1.92457844033586e-52
CPLX1,91.2127647195455,1.02538814769297e-10,490.500061888713,91.320535623799,2452.13266140656,131.318990722201,7.78294691925786e-08
KLKB1,218.410963563365,9.09924894719978e-13,109.256717772484,5.11882056107415e-12,2074.48220982151,2.26135524658653e-15,1.18049117696591
LOC284749,4.60689037395842,661.706695097585,1.10947305655145e-10,1.21848016298531e-33,5.64367553251686e-34,1.26050488266038e-28,66.9336353211987
GJB5,1500.71592150101,2.37639510745571e-45,8.20604008971838e-58,2.20269914985836e-48,5.73110858419305e-23,3.39126963748349e-73,375.310030963249
IRF4,2.71864812149252e-46,1.38307020339788e-24,1.67502579514644e-45,3.84750432309235e-43,2.50870216432172e-42,3.75744605084922e-09,2.98453338627686e-37
BAALC,592.973960673164,387.825820939124,421.521940971656,1.40308322017094e-08,2.59259428178587e-39,105.640600540652,2.26593350087746e-51
SNAI2,2.84182549079911e-19,39.3886756466559,1109.85650612445,2.1680893824134e-11,187.557804076191,769.496496325804,4.99217749144611e-14
ZPLD1,713.995338305137,351.754718316916,0.00332389016550321,1.78459448125077e-14,8.3841609378276e-38,2.08642927105617e-45,204.970137070976
GLYATL1,259.446096864869,7.17807719332516e-11,3.83313745095488,2.43172375908036e-05,931.797747621751,2.25183287383024e-11,190.474297167717
PCDHGA10,5.63191639934578e-41,183.943984259615,9.13234291841386e-23,4.48754397695876e-10,646.00805218696,4.63471245284074,947.358714750687
S100A2,228.759931782195,1.84593839410145e-15,58.0435115122692,57.61922296601,1.10459512359168e-27,5.63813712983645e-26,15.6267386908857
ANKS4B,111.006472034811,1.52916799778152,991.039593258333,1.26828291827884e-09,633.367872541707,19.8335525568679,1009.80421550978
C2orf54,834.449661732606,220.862677370052,0.000443664735674107,261.585872788327,451.919632168813,2.07145988000929e-15,294.096625052947
FAM3D,1.79476785603632e-32,1.3216882249408e-31,288.959139180758,1.19405772927907e-15,6.28591953355624e-61,1.96681827561079e-45,7.66972461946713e-39
WNT11,2.69588096307728e-27,2.37322324020634e-10,1.23771535155573e-26,2347.34877970482,198.562587071199,32.3167105201531,1.86008505326338e-48
BMP4,626.958756853536,0.616741112771618,45.0079912238695,1231.37227325708,3.19706912608876e-16,5.1441028979398,127.860862686418
SLC30A2,1.60405512764807e-11,0.178168538280396,2.19752818892385e-18,1.71417788700654e-17,40.9599659278235,6.36165657434232,2165.77175628566
B3GAT1,160.833458599602,222.299980817971,2230.10596219307,9.80303473234508e-07,155.352528322777,174.540827757073,200.595088383974
BARX2,4.65370608791568e-14,714.63360900976,733.471895889774,0.0109811179383324,1.38356922111637e-40,0.00210640716399746,6.53328238783471e-39
TMEM149,123.95434561185,0.000918702274262674,0.192419724365593,104.016762346846,384.562008770045,296.977985906582,5.89517618083499
BCAS1,82.8858823800516,5.13147117084846e-10,88.7334042347716,410.912911418674,149.264566070826,5.12719829152548e-33,203.408450717445
GIMAP7,3.51086975562201e-10,0.0303976872204773,196.431916178123,7.50109645341933e-17,34.5722888455101,8.68280005323358e-06,1.3567715482648e-11
NOV,98.6153247696726,151.158121876819,5.77578671213167e-31,65.0339131815446,2.9060527934905e-16,385.245564256773,81.8956684421292
ST7L,388.196539263771,230.118325919473,375.735095686023,39.9058580302266,49.1869035371806,74.4337853917029,0.156923836378675
UCHL1,1.11293472946534e-17,5.71242317793171e-27,8.24049116198799e-42,231.669263109421,135.548365234622,4.66026882630541e-08,3.92150075138462e-25
DPT,349.958252432398,3.91831639901927e-07,1.50978114755343e-19,0.335669350685555,7.98870430265695e-09,9.64016538151868e-30,2.01233155120244e-48
AGPAT9,2.0945750228463e-18,9.53207395382859e-24,2189.91075861852,249.216959199609,141.631910434222,120.718308995013,4.79657248357644e-08
PKP1,9.93002306635893e-29,315.353777426757,3.71152047039068e-43,1510.67687149536,1.05393798662363e-43,293.509147776619,1.12098077155485e-42
C5orf23,44.1631120094204,497.554464019433,2.82302905671231e-14,2.06953427403891e-18,131.260416766063,247.546455810063,32.8158639646478
FAM46C,1.33245564908968e-24,8.04754339264589e-05,173.227373371694,7.19720435623941e-24,456.70517446212,2.08612144028485e-15,1.15398431153285e-36
DAAM2,1.08424352233598e-24,181.558710923649,278.744996819023,2317.37068009854,44.7210685213121,3.99812307018562e-07,1.42052909794919e-20
LEFTY1,3.00494572749349e-06,87.8682805805902,2.61861297548441e-40,0.101994272465145,7.11082630179513e-16,4.89145310870481e-45,2.1062735713842e-28
PLCH2,42.5742148125492,7.7132054578461e-18,1939.09035335141,7.30499829086317e-32,118.706649120084,8.59612257875056e-32,1.45330539968023e-08
LEF1,2.56369536314564e-10,83.724125741293,65.7417420678944,266.523362215034,3.77047058954802e-13,2.00895457814071,0.00558007448185411
GIPC2,145.422474648535,285.242570618245,1424.00111224968,94.2780229923293,8.85294637008623e-37,349.808015766942,4.7832533516834e-05
CLEC3B,1432.66788872771,5.49175897828545e-17,625.461324844764,2.904141231088e-20,3.73977382503543e-05,1.9238514463259e-14,1.86731011117024e-18
COL8A2,4.97679477091992e-12,215.973050009307,1.9365512963669e-17,1.16091800431032e-08,1.08611889255024e-08,175.326422967043,3.01471943903282e-22
KITLG,3.04669077639624e-16,0.105498698432603,644.829936352593,829.789484819028,69.2987017777564,108.95326249937,1.5811241763399e-09
MIAT,3.95045568451687e-26,7.37692939343095,5.56525211885093e-08,49.9159153553799,1.79125181167358e-17,3.52098524389859e-09,5.02509796195443e-10
MFSD2A,20.872411529446,1.0036375273758e-21,8.2682167910514e-25,200.40317996514,2181.38824702407,189.74956999928,6.49096523138515e-09
GP2,8.9966567867937e-07,393.890442988126,65.0325721209342,3.1428798157903e-24,714.319269422264,3.92028166234189e-07,4.09563214950738e-51
FCHO1,5.04972937453361e-23,332.172204736094,2.75013507657576e-26,3.57993436781714e-07,1.33483358386853e-15,43.1773211991957,222.3244119202
WASF3,1.70256165401301e-11,398.96896837765,1703.64119644898,324.103767157028,742.389070739112,205.752607170789,201.341946436007
TOX2,49.6024171474848,1.43119119966142e-09,1638.33148702985,5.68185124964891e-18,738.563781243424,2.05446358402193e-09,1.68895779350164e-31
PDLIM4,122.449794878223,1.74515458010731e-15,2.59568981085503e-11,446.485385892404,4.02416264726293e-40,508.243550306472,2.33736281265152e-37
CTSW,128.343565653314,0.00014955889583199,2.88323733120391e-46,2.81745281294163e-30,8.75372936856283e-16,2.90143744005551,1.03018703665536
OXCT1,1.46168794144071e-19,187.460758991094,1830.53880719721,3.01670739103601e-09,6.19227617150093e-10,209.007307374985,144.485164527791
GINS3,79.7427454641087,47.9434720920777,222.628411258196,135.392867446501,387.646288146094,155.458688039363,2338.37331143209
ALDH8A1,144.72046440304,5.80997193068216,1.53613131650898e-08,4.62757623356594,29.9576131999442,8.22707685905666e-22,4.77511063467305
RASAL1,7.16639000104073e-08,918.367235793788,392.432368475845,1086.87337180942,9.55307469985819e-24,50.4047230544412,2.58204489029665e-29
NYNRIN,86.1067077037974,215.86349314191,149.348052941065,1305.51734343536,2.76484162729836e-06,5.64403015533272e-06,7.7813949028621e-11
HOXB3,11.7589483779422,392.833297916129,0.00453602475675141,413.858966588914,2.05555674720535e-26,3.6424111020473e-24,1150.93732482059
KCNE3,6.99968771740608e-08,166.065742119596,243.719465955574,1971.54350892383,39.6164020572175,0.0370826329025705,0.000291931795648631
FRS3,230.835833259885,152.131257637994,145.358403131437,192.808919251804,81.8093376688525,33.2048427940306,2.78915523361799e-10
DNHD1,0.0100527658416307,98.7251761467879,75.9356360776486,789.582561136824,424.773898913885,0.874086635512179,134.368914630243
PTGS2,2.31499479167805e-35,1.35342506637707e-06,2.8162597341062e-14,1926.83238135641,6.22173446118538e-37,312.91679762186,1.8808173074997e-24
LIPG,57.4757831811414,115.069077306923,343.730303133852,0.000103697351471531,2190.14506072218,71.4961889031207,2.84425904385135e-25
ACHE,5.69374578810917e-09,93.9269903239693,60.1854921788452,5.4162532545655e-11,264.199479114528,146.888763477352,903.42780079579
LAMP3,5.58448074016776e-17,109.923333630221,1.11199825302735e-17,5.10739194182392e-16,138.610850021734,2.59359654724177e-09,364.256090337346
PRODH,470.948077845817,121.402829510582,30.8642906814821,62.4672026553334,1621.59404044541,5.17259031731938e-19,568.834155708466
SKAP1,1092.36791919052,236.728557845357,7.82574544107594e-12,0.0285168922001511,2.71124992342171e-35,2.64756461191094e-22,427.28203195408
CDKN1C,449.338900122309,370.334452679371,8.63742809179539,970.158314072519,1281.09566989007,5.38957135181905e-22,65.1759026730314
FMO1,523.796786811202,47.7166454648549,11.4953753790016,6.6319608509789e-31,2.1024288429592e-50,124.058236086055,1587.5031220911
DEGS2,1568.52508723449,97.272887306386,163.90842291166,99.2267506239095,0.008249439547804,214.480150790388,553.488641768914
PLIN4,382.706029024009,412.034335550018,190.100546234968,31.6327644478517,1913.78874462382,66.1915347720467,1.35625380001557e-18
SARDH,3.7285834704043e-08,90.8069727650123,254.105020274456,66.7711173325438,1892.62357384961,0.0483136169752691,0.115440541252327
CHST13,1479.83645906727,67.4068846001328,1.32916567534337e-06,6.14507444282677e-10,1243.73999545039,0.0798855791780685,195.067635656104
AMICA1,243.216889469231,1.11949413511089e-07,30.1867993953359,0.000189061921601383,7.23057272430087e-15,150.163131040946,2.07129902685042e-18
HIC1,3.45416885918668e-21,188.05437419478,85.4674486361099,2.10784925136716e-07,4.48195459866301e-10,1.08617566073742e-06,8.48116366336001e-35
SLC28A1,473.424710634898,10.0596324521147,43.6204018948496,9.91066800704515e-21,110.251903905329,219.171491926169,1420.57755234786
PAX8,1385.62567180147,3.18747274844273e-05,3.72274081199911e-14,140.002186966231,2.38502749199745e-27,312.05113084736,437.875325839161
SLAMF8,4.18506342448771e-09,2.52508204377019e-08,2.87490218633109e-10,6.75475123655294e-09,3.05569444435849e-06,496.881566866261,1.15441508208348e-22
COL5A3,9.24799962708123e-13,296.906897072838,142.367994174726,128.574344052339,1875.59577900362,5.58655309769741,0.0186699611199122
FAM150B,684.251307170577,506.06843719124,78.9262971556737,2.17931739731479e-41,197.372094787915,251.728889089627,9.10652454067857e-31
ANK2,101.873098007683,207.041436076256,1.09770082788596e-13,0.323179036786841,2.91713634848785e-46,152.846168377464,2.02711150311533e-19
FREM2,313.997380936515,486.683334341936,1476.61838382492,790.785369186052,6.82902777297295e-48,1.84198463211807e-09,1.27749447111949e-05
SEPT3,5.05815161664823e-07,844.246492629071,1.76025005078545e-17,1.3977734042788e-17,123.228762692967,264.699773638583,0.522413424543194
TNIK,2.9388654049133e-13,472.17620091365,958.822749444746,6.83686794620556e-26,382.599439536287,344.750643943675,602.185469136508
PLEKHG4,294.369668631904,377.743891370434,139.64270785855,400.005539824734,426.965102551012,231.567309188159,293.325753817964
FBXO41,20.7171279396831,538.926327819535,986.004689153184,377.216767973444,5.75622135331968e-13,23.1299441274558,290.915691152842
STEAP2,7.15592513549939,1.62874649086424e-06,226.728769855775,1406.54748249699,6.7331945866164e-27,245.46642592073,2.60340708346933e-07
RASSF6,71.6270012663052,99.0806295925605,974.385460468938,399.656495366058,1.71699759726756e-15,172.121154687415,329.19249492893
FZD7,1.23087826333843e-19,717.509752513655,999.343744722468,321.757191426984,3.07417688652287e-24,4.00092807261531e-11,9.2735587944898e-38
PITX1,337.895457681068,108.217414511602,2.76866102250998e-10,1.34078828030926e-09,3.32360815473095e-11,1.15828349700051,308.207558510973
GCHFR,413.356800354615,158.105541843165,30.9403876478419,303.151003782565,1972.56029237395,332.253175563187,222.525336741046
LOC100130776,365.165274695475,186.99601416444,365.287342420316,2003.98030135204,108.948140042523,629.937360327433,359.664696064334
FAM13A,5.95432145038113e-14,0.000750063920560735,1511.59814786223,800.538065106088,120.543334588034,19.8178618854451,2.13927534339869e-14
STC2,2.79674386264326e-18,167.085304044169,84.4500415888126,299.940180077632,604.261508089111,411.512624780227,448.738364629498
ATAD3C,503.265540684316,538.215110870473,3.97517937157756e-36,48.9920608507651,0.00120108584843879,52.8929362347693,8.90388597827571e-33
HAPLN3,43.1500988365822,108.805146461174,1.48209617761791e-13,8.04897442488379e-06,5.00305998216177e-05,187.548192097555,6.28595985154172e-20
GPR183,3.52901542084241e-16,34.1470223190029,1.7147946537176e-08,3.46330869473783e-25,4.21791370305707e-28,703.023674668804,225.539729840016
BMP6,296.965443102292,219.505622397723,1.74897528599684e-06,421.214875188001,2.83899539650335e-07,3.79231826934237e-11,282.635784409189
MOXD1,1.29050978011456e-05,136.813473385936,2.09015610590101e-07,7.35269095140252e-14,4.33996477855797e-20,323.136069092651,3.44341606571937e-27
GPX7,563.051817845667,495.292563272962,61.9886836624961,167.358945818306,7.51216126782818e-09,80.2585085173512,5.9190773967408e-20
MOSC1,506.029533097702,521.688488236324,0.027503145853618,1803.84071729636,945.473116011433,0.335395046070111,178.347078203172
PDE4D,483.713308281418,7.72765480587633e-15,28.4357278041966,1366.51165567585,9.86058193853279e-20,148.798125819649,2.18225082751609e-13
SMOC1,0.00149868721760263,200.803033344821,5.76089323980702e-25,248.62424095197,868.255725395446,696.153708670524,6.62157827260734e-07
SLC7A8,7.67742115055249e-17,79.8235948789632,506.844969925641,1770.47452754527,4.62110244285151e-09,170.642238667793,3.79534176472466
EIF4EBP3,1430.25313675704,125.749149246284,66.4422801438749,204.252316425603,203.375206184355,0.00150810173513345,12.6929683129967
TMEM171,9.4886485583604e-12,590.05031583936,4.7604743645495e-09,5.2165990213672e-31,269.246583021593,4.87487455785025e-20,170.076469517836
VDR,3.88219412818e-23,129.980165033843,301.306505421331,124.535794626856,7.39889966950157e-21,397.364963431091,5.25582581482089e-18
DNAH5,1188.05592085077,349.600582047425,2.38481003784752e-12,93.9729324833309,912.456211247302,181.415042316816,0.0281030336148722
CTXN1,1570.45220711758,272.179267344361,6.28422664053556e-18,2.71486901700983e-06,1.20074175478555e-56,230.144252115042,0.0315596524914643
F11,67.3919881023203,149.265743366901,427.81458582,1.92699218666278e-09,1564.60942668823,33.9303385295593,220.581929668324
IFFO1,25.1748792355106,110.321349832422,109.431859473073,0.0285238809464426,439.356098097043,172.145161003557,0.400379053218277
C21orf63,950.836379400243,0.00325872052990358,186.692386311517,545.117660848617,111.10934519761,0.0019787329986245,4.19759960699197e-19
SLC31A2,0.00187500200235371,152.032385104945,1998.22796104343,49.6405882357328,129.444447708026,317.343062020736,5.51912471184259e-09
MAP3K5,1.61314921297464e-27,63.5503226194436,108.522989367154,126.131178586009,839.865302860258,127.892842257228,1236.15396594643
MPV17L,663.953465404526,471.853805725339,2.31220869827546e-25,4.23555608708582e-09,314.158098416742,3.74083237259414e-23,646.019363320082
RANBP17,115.663221886102,397.882160083698,40.7169429706866,9.71267934106208e-08,556.021356873827,290.458760690854,2.95017943342846e-11
FGGY,239.322635447037,257.215161105266,308.853802348617,66.1187963231434,2102.2926787663,128.384952793847,308.970170586626
KLC3,241.610638345855,493.473147104839,0.517446990296712,1.39660252676629e-25,0.0034699532591724,1442.1193270096,0.491251736246905
HERC3,1.67943850715531e-18,238.059350072902,1664.80504027103,177.953695984099,333.025654559956,431.878238690368,2.69696756741786e-07
ART4,5.00079116325924,291.323798462549,1121.30431385555,1.38734615396514e-32,0.00540440590526432,785.412538239069,3.20971752402461e-13
PCDHGB5,2.81594534886338e-13,241.766402774302,7.1125697221181e-05,397.696729855335,414.265394387467,287.157359956536,648.717988445254
VLDLR,2.23028443513412e-10,236.16869396833,1.50305632889302e-06,423.414589203211,185.073375645979,892.387784180512,0.00341001093870435
SYTL2,9.18235260546052e-08,207.133753145111,584.342277928363,62.5934183516277,9.47343613390412e-07,116.755538408883,5.04503925318299e-09
SNX22,454.424589942285,61.2027876658779,37.0874385685297,236.163251421153,372.869421771731,86.5922283350042,171.490367621489
CCDC85B,886.675428870128,0.00252025063890339,177.428717383153,125.660916840721,30.7765110126756,564.586657718337,4.32722631808617e-05
TFDP2,403.373810074818,145.704395574337,324.332479543759,346.847280002042,241.658419745945,286.878257919882,1276.08533174627
FAM155B,86.9562031468832,134.715305519033,1788.24447527078,286.694284142011,353.826450172929,152.956901115983,302.84032547269
APOBEC3B,806.767900013761,217.08230063515,83.5123724862222,3.46831251117697,96.1932663250525,83.9527625902944,183.094705610144
PPM1M,256.179674320905,220.666231262011,462.672959517795,2.69637577012307,120.558297574488,325.593819333031,72.1893341340188
FAM117A,109.621055450361,157.403245298814,389.759178676051,190.614532154051,0.000150876902212889,50.6295376208043,0.00649055088165676
ADCY5,87.3600753662327,375.483977697869,64.8364182565462,1.44572641659316e-05,2.99653241392561e-08,4.92008458348558e-28,1494.53222080198
EPHA3,0.0254051545107488,343.0200147373,195.555820767069,1.83202535904969e-08,49.1830142476686,7.31740674438258,1.85787679671359e-17
KBTBD11,299.557812628939,100.596748114366,89.2327340098599,134.913930466066,550.770910524639,9.1660690694865e-06,375.103253989873
FJX1,734.381043223936,10.8285278032978,52.9637391653923,1.00568937000944e-05,0.00667100193315438,363.544666395805,1208.8986455904
PGF,548.41340033675,299.385181230068,411.50220611701,155.095964179272,85.1011999863794,1.13909695311267e-19,411.576729509862
HAGHL,326.824095433869,3.69241984663144,1.66109910797655e-06,195.995364189065,97.7268152717681,1229.33724754189,452.454406485629
GCNT2,317.509766752326,326.365631326417,473.518037613906,201.339211401729,280.160983428455,2.63475629115488e-14,331.914339512717
PTGES,0.0338657551108328,434.767465649958,3.47184566209508e-27,470.990060563869,48.6374130713318,74.0557868787734,2.98633002533039e-26
TROAP,651.380291309966,294.992062801094,4.98137400749323e-13,629.801845176961,207.045834137738,198.810830660738,258.108539498009
ARHGAP8,597.253435929402,559.105209987486,127.564334190635,810.134450221128,2.49461839955337e-08,261.946459028075,360.500271786626
A1CF,439.280292940022,351.325455676278,1194.17117029384,5.21613251459628e-24,619.564841066162,0.0015515812466801,641.548369982606
GNG2,3.54597291613718e-06,134.937592724475,74.576017219129,17.0117432958283,0.0060918165773579,147.811314279468,4.42170433814634e-06
BIRC5,554.256572732379,78.9819941967037,2.03545248632768e-11,898.341932948923,346.304269161455,412.427827669376,212.349583902955
TMOD1,317.365726992573,251.44961248663,1837.29450412572,230.132662818953,437.171720434987,30.1844069386612,2.36179240944342e-10
C6orf115,31.9658291959638,0.0610379300309903,675.885008121857,890.912962077987,176.386273501578,302.348385294733,197.827281513416
PDXP,180.215726662518,119.311092625062,263.106707075829,404.101591885442,1849.70535850085,262.225539219322,134.410222177144
NCRNA00183,86.2398234385352,292.119324158128,308.590139744761,387.11132157356,165.772832415776,160.348809752162,580.747397155923
FHOD3,277.926541665903,121.233094085217,241.430457237434,2.76230699368198e-23,7.74279572334887e-06,146.909522026675,149.530099534412
C8orf79,551.707574002084,461.032603235779,356.888097549591,1.01096807042434e-22,523.776399910125,258.038487045107,612.651651667811
NFATC4,209.838524122648,385.102969956133,249.7064234835,1667.00699434444,44.4383727488789,342.404699737403,293.552138765525
CEP55,151.366698184621,146.913653064902,4.06887904194952e-10,860.193526940463,120.92057528621,587.004764955269,83.4804008424638
AIF1,610.838842886607,1.80560665882761e-10,5.82000495095073,6.32922570727703e-06,9.27402151631700e-09,608.658806566681,23.40230719653
GPD1L,41.0597320782881,215.432225360457,1171.89839719404,438.57023379552,241.612748572661,554.84154527994,234.800118036994
FAM109B,387.792348643716,717.188193866555,120.410766822563,79.7420290925153,1.06281647998799e-08,114.541898049621,107.58202982248
LOC100130933,569.053287300527,95.4954796880234,29.3456695560281,0.33236220810136,123.14161644273,260.848144513189,1758.9093386352
KIF2C,404.497054930016,222.371514158487,242.814589426493,711.080233179382,373.931493933642,350.529362130546,5.05322064690487
ASPM,109.804031465551,490.849634395283,9.77949338991632e-11,1254.37909389653,939.789935972524,319.719873206402,0.000416335079159435
UHMK1,1.67599962868828e-27,867.827803569629,499.158022318512,289.026120381544,552.359284514454,33.2377613300747,155.932489960957
TMOD2,3.15721279260291,469.100083460494,1106.1269633538,8.95119585258707e-07,62.4528280984958,1224.41354270564,202.86339902616
CKAP2,0.00189856234529038,186.843472036932,340.270308267476,1129.78112159088,611.234290458422,483.463657144899,9.17254565645481
ITGA11,1.37811243963119e-09,422.19331627664,343.672360615087,119.685078378021,71.4513112607215,56.209006810205,43.0044327286134
EIF3C,2.23781297924584e-20,188.224872982857,73.7852325049676,334.742095158976,0.267531906802632,173.781891921078,124.482687690501
EDN1,126.357847171808,272.696273083836,0.000101072702850159,87.3477846925947,3.57240083922757e-36,413.66650425063,24.3842396051257
KDELC1,3.04664755090207e-10,227.574046119411,1.39600615169891e-13,0.209847524972624,50.0914437248273,368.316228947095,3.88916128317717
LTB4R,506.743612246064,227.657951102767,107.339342989497,167.226197180439,1023.00481468931,434.26113413137,504.470100932299
FAM110A,769.836299275047,653.945056792488,148.69144686904,584.702666929123,14.4146671483042,365.850391547625,0.00194318904287557
SLC25A42,294.285320601974,132.433862543175,770.197806816302,13.9526515771419,1331.6882179227,182.652711000922,182.778276342139
PTGS1,0.00263504724704969,590.643573652872,322.354967662923,68.5904607523463,75.7619074772902,729.6982288067,109.330403373584
MOCOS,0.0109012354793375,347.483383913788,376.649025233901,115.048590833351,874.783313810536,1.42314843634497,250.418251595469
SLC25A20,127.573066545958,189.413023377217,1240.0160029125,91.2750900533597,899.157219053206,124.535588014027,10.6188100071117
KIAA1274,129.84418692954,272.431344176457,277.252284871505,378.297178788197,178.685742223761,156.182759807108,33.7876644306322
INPP5F,222.260616337724,170.204877975711,405.90484019665,211.926493835263,78.496571502892,422.83238277932,350.677634816872
PRKAR1B,798.372419512819,116.561695385887,34.1808083007694,486.876927846941,7.87464703486561e-07,326.009281633106,440.52865151468
SYNPO2,9.16898220915292e-07,351.583665796692,431.731138792424,2.45728595457255e-05,0.00451451325607776,0.048875241051309,2.50090751606707e-15
MFSD7,315.343814966407,457.213965798269,362.151918849433,62.1265795101316,1232.84648203869,92.6243928297406,869.277812480465
ASF1B,475.294620092178,195.898543319817,85.4887054705187,395.403351202117,283.769632047599,394.403938338842,343.05284085212
NBEA,6.9010415431071e-07,704.851720837308,681.251956235512,862.123297713194,6.60095101693627e-15,258.16679217807,0.337883257966294
RINL,0.00795730035974852,461.484852173539,533.139276824324,96.5007592659786,91.0986981604251,428.496995076098,206.739774567912
LDLRAD2,1601.19158798339,99.7619949930708,69.303827426218,254.025903582409,0.0815676598940485,96.6567413802924,0.0195972594436589
COL4A4,2.08327024780102e-11,341.771087069036,904.077092693374,82.0407612004271,0.0909911126546624,615.308220036785,595.601022773107
C20orf96,899.504170606872,560.157879504882,127.808339023432,586.229300918315,109.984824331062,178.629873579181,370.320119168183
LZTS1,60.7368453979374,331.116976952404,1688.04656623727,126.211455471041,133.296357736364,0.345970108602179,1.55378376871045
RPP25,342.853889282818,321.775262245577,447.441969202856,509.544986226395,452.086095380194,89.6477165129779,276.219961910757
SMAD6,222.54879505974,460.708614309493,0.0130092433874596,327.837332174186,65.9730149999313,381.757407724469,1448.53030675655
CDC42EP3,3.00469378352035e-17,203.909151726011,442.537107938997,625.168767309521,0.00123706874818607,345.127575175994,0.00105339115766724
FAM129A,5.59118939494636e-14,225.926662121664,312.638069232454,1.44000324733955e-06,141.099952023318,378.68475464825,1.34020514489395e-20
ALOX5AP,209.644766517142,63.089451985958,0.0676426864080334,220.804309474996,3.81918864378923e-12,1088.1742684707,2.45656596658352
DDX60L,6.28830363550847e-08,253.005325199786,273.092591270722,383.214703811905,105.177614705198,156.453521490761,577.37341609311
TARSL2,66.6509577387802,228.88190869852,300.624782860376,224.466604819013,556.851793532575,1454.56484554269,67.3023569081678
USP43,305.300663795352,732.438144437827,348.065368712515,479.963894880649,1541.45117257291,412.745100152636,237.312070796505
IKBIP,95.7890212655663,77.6755216671525,15.4043949363382,182.236998599499,175.46441958968,808.470332523958,233.475815658796
UBE2S,594.386999343096,117.027779908118,0.838428383947974,604.491917214128,301.972649765093,578.69148020261,270.7197808035
ZNF704,3.067046498957e-23,363.482867895182,521.074520719393,121.71545295197,1.0330091838946e-08,358.040064731012,292.208919369564
PER3,267.182169179888,144.157641957909,407.84237710685,34.0940508693774,420.014185728908,70.3779070553319,102.795787019696
C2orf7,628.134946105831,92.7395335308945,719.247050153089,103.203042681578,1774.82941585096,274.357243368125,217.410072569158
ENDOG,1260.54464402573,0.19302177042462,125.114194409238,172.667295059642,1074.91680263133,733.803245933236,29.6917411401656
NR2F1,1.08442349302989e-24,279.263739759013,0.239021049820718,55.2766770770337,2.35982192106405e-06,508.543617497136,4.01009244548076e-22
GCH1,2.36953236713367,176.663261986405,164.490800832125,292.21661840725,1822.24706396449,201.501210424727,217.236947118411
NBPF15,7.09660120630149e-08,776.986201011033,4.35452236110098e-12,665.719494857166,868.359922483094,186.583649171321,349.677221878906
ARHGEF19,254.576992576554,628.834396834229,1.50897091993736e-18,687.928085653887,212.895231780197,214.440674830428,5.48883322079034e-23
TMEM204,247.744445816207,361.682293092941,364.134589141271,0.000182844883498333,122.014486707813,120.583705782285,3.70680308435264e-05
OLFML2B,0.00406354494005544,337.484544331464,361.203401755097,58.5923389186754,26.3811731804268,227.885005620579,3.0897799245532
CNTNAP2,315.354467263664,328.88541154646,543.267117652395,419.110568905928,87.3346340318085,207.813132197474,460.313299543346
NCAPG,378.63982881756,324.688017914848,0.113600219161561,351.61163376228,528.005289686992,354.946450515489,114.851669862003
CCNA2,159.007006165791,247.888172393863,15.4423438739374,501.628801615638,386.156747543086,336.161605295505,6.33173206185932
TREX1,749.523013501058,160.126495134755,518.709501984135,152.649960428652,264.362597006153,0.00080425625476702,192.417377017491
CYP2J2,204.929941936748,284.532384622976,357.545050748566,54.7321695647919,401.262839902453,354.010645883583,179.965515764557
CLIP3,6.93551708927038,216.747706902798,56.2726110146633,0.00543400071861355,0.000108026030789109,512.499415455317,2.47627605040857e-10
PASK,226.736786568084,419.821981899767,187.889604439199,743.350271069716,60.3454090293353,33.7203124435909,53.960304797271
CALHM2,65.4483106161801,705.943028704053,474.800374880803,3.25877977288695e-06,1.09003261753636,15.1096126071485,1.76799383271876e-06
FANCA,209.447581928437,249.158519110943,119.62775946254,1011.35601154844,466.643448729706,494.14013636432,152.280680789535
HAVCR2,91.2854335637312,5.77052658310386e-13,1.55493405655703e-06,3.33474788011126e-14,3.32373659253246e-10,485.662199440457,128.657805842787
SAMHD1,4.32999324418652e-22,324.855388293784,393.788715125037,3.4539372766303e-05,648.175498663515,274.978189345702,8.16906392902981e-16
LOC115110,305.585724586001,231.347451411307,270.071788903221,15.3932427234137,259.666755168288,34.5319271962736,543.619094687747
CAB39L,218.986099256601,409.700202190792,372.182159705611,1545.94296607793,210.749153537372,136.945091711417,320.099059990599
FAM176B,1312.04181634825,137.012864291087,104.172558865019,71.5654353156567,2.24171338387213e-07,467.228516716743,29.0234878231055
OSBPL10,0.00206254524961042,222.346754131272,1297.01702721114,425.912045324374,2.85796979387411e-11,353.839227817228,73.6858900876017
LMOD1,214.305331526457,436.38634267439,453.211801276949,4.47164774491841e-09,2.1104371018966e-08,138.546839835224,1.27206169505315e-10
RASGRP3,12.677638859093,207.725497342814,393.65868514329,69.0959417803905,79.3936902891117,258.370420020905,444.311012692276
PAG1,1.19125606174281e-21,130.532863519719,941.102630713445,455.334296011251,1037.01441714879,173.006708170621,1.1479669868896e-10
CLEC14A,847.879257215047,209.06179927715,630.677423282572,3.2592991765481,225.62945844288,6.41449161910968,0.00190012045085796
STXBP5,6.35109287756681e-22,501.192682767501,485.65099708291,285.948457810617,122.275446762958,516.524401889449,3.7144784249372e-25
OBFC2A,133.921006573132,158.869499777679,3.15488802554488e-06,195.795734667761,6.98078553065118e-12,381.613337475161,218.677513682717
SH3RF3,237.913172098582,245.784665118059,58.3545757477304,114.988848907346,57.0848347326231,0.206656467920265,104.445162849741
FCER1G,183.174682088806,2.38406690232493e-05,0.0254968498493524,6.70653359957188e-06,0.00299034065631688,896.134456301216,227.859945020136
SAMD12,90.0932996075444,516.204271158634,132.004565732371,837.837202570576,20.6070944246877,409.413756036359,91.4637220474671
DCBLD1,3.72134660051787e-15,133.15912252308,264.630239424809,395.992987822717,203.935282572093,614.834792895988,4.92668359392871e-07
CDC6,231.91797136877,219.264889106249,62.5047024641733,897.296175864578,315.562712038684,382.974654178863,446.492975990538
RHOBTB1,338.013103073964,495.865207698449,1247.53123137271,477.207812042973,2.35556030516761e-06,213.254548356078,314.858826346104
CCDC74A,872.084655379314,382.048600763702,2.71644222848637e-10,27.2832385249715,1.4877498459363e-30,308.971959048092,282.368435665136
RNF144A,239.871126600562,445.222884494538,396.019338483319,297.785692322698,231.536326889923,31.4234189904977,523.11007897768
JAM3,110.270925132465,352.494872776165,356.62193169587,97.5115259276263,63.4707155354108,150.527521835603,0.000372975716083069
ELFN2,325.715323250262,213.662193671367,686.278890223468,0.00110437971335994,440.69352821616,136.217185926151,897.167512584569
PTPN14,23.7149734507779,788.407315243965,182.58124092337,208.651091649435,28.8936378835015,382.550839129885,79.9967388043155
CLEC11A,572.156007143324,121.363370370639,135.028888182055,77.542309371172,39.6636565189643,409.35837050966,2.98669547404548e-06
FAM89A,4.45665997870575e-06,600.072917959745,95.710919821856,260.147702209398,2.92634047624579,917.780017441106,121.304814914131
TNNI1,498.171676973681,234.149263277363,22.0731981143744,142.075745319259,328.079959033885,274.315832801438,565.197535138119
GPR153,164.49010050823,167.667361203617,151.891421261743,143.108899576563,1328.90399178731,44.1704633303488,0.0334452477195273
C14orf132,1.11581378018164e-06,401.519180173542,541.741697329373,3.5696284371819e-14,189.693826439604,1.23185507161432,28.1070586722369
ST6GALNAC4,230.79057349063,264.370690565524,188.797129812517,431.909836536575,112.027293080033,835.593701740855,349.938646056003
SGPP2,3.77855758550793e-12,229.952716804685,1119.95059802747,106.78649790278,1.47586121460145e-18,560.35150139595,579.160181461857
ACOT1,478.868886864723,179.680778464904,386.268578410411,103.042612623645,1583.62928413631,102.118215215954,376.006669393823
GNAZ,703.714299305591,431.994125483737,272.905409271443,29.3739921089986,762.335042066738,163.151851461268,303.698519012985
CCNB2,346.792138287775,193.996616894683,4.49149557125778e-08,965.783461995479,284.250703118548,426.187416152788,185.383375227771
CCDC68,429.492785648397,342.560936505078,239.830893393893,196.252459234215,204.219971764373,562.591652692673,366.141234285451
FES,102.05563757384,592.402295303902,424.847355739362,566.207215894751,776.433542233367,142.461152608729,4.12822171496916e-08
SSPN,1.51799093702046e-19,268.150395695833,298.538636992162,41.6406056258762,5.83512005812825e-19,116.330979396241,0.0452973121784811
LOC728743,926.565213635537,258.061710996225,101.202530882108,717.98718708131,457.672977071644,158.239020872566,37.7816940032374
C1orf58,8.3583173972857e-22,754.14002075997,480.638305074609,400.503297253994,326.34059613755,281.167251608337,117.367679711693
C7orf29,250.077583172382,261.523842648777,125.805595841921,479.58332868903,553.211871319379,0.0128807266442284,445.924491242577
AMPD3,2.60464526174651,247.489502972257,87.6406294928232,260.027678059715,50.1722006904982,18.4806892606092,515.433658310055
APOBEC3C,2.53372182611412,486.739772950473,0.0198971553681913,0.000867821924586185,2.59056819469213e-34,422.549417227415,789.854143976597
SNX25,57.7868938670141,620.184119503004,373.892041558927,208.279112550486,5.09488534663884e-15,466.45787030744,262.612899621015
RGPD1,34.0321939327433,387.806040838811,377.831838399597,104.100812370156,255.859993857021,156.405147382126,876.446186245959
MSR1,1.36940378363779e-08,128.726866462691,102.3239846867,1.19944944848815e-07,4.43264472155596,896.416000898643,451.639337762292
MRVI1,88.495219154742,467.108528811782,364.096887857348,3.48704538397993e-09,1.10473292024201e-09,225.144037698784,2.39659309622506e-10
CENPN,288.164021876423,121.381265803209,1295.39210790664,455.391085069612,713.1624348973,464.14825629846,198.184958325033
CHRNB1,191.755458854905,576.832949915315,216.659472849114,144.885984302298,437.41029163333,171.442572717276,133.688316531907
MCTP2,1.29469410430059e-12,270.939645214359,382.508422078153,428.97964346442,215.647970852922,430.603548320498,295.441314515335
EPB41L4B,247.776158623044,256.197918512619,1190.40819454415,356.743223460423,173.177188279517,462.641670948183,280.24537412301
S1PR2,127.056624337658,461.042928083564,75.6655808393971,0.00746913697491275,311.767527652659,181.647031961764,39.6287672001612
PLXDC1,1.60902101017916,670.369126333074,574.80911702817,105.857035931706,85.7125649272936,68.5929260965897,60.6390901881919
CKS2,310.189184232165,49.4633055974596,58.5954610696936,835.839018937156,584.284421616773,713.359549546967,189.075946285793
SPEF2,503.068225779482,527.217090722641,81.7771116479724,121.14412425847,325.868415347344,1.28929946001292,233.032160768682
ROBO4,383.244563430941,286.334225180191,777.797444669319,90.6587489757777,335.751086865047,0.512920113472443,3.94369958259551e-05
MANEA,9.37511458091615e-10,303.983495978314,554.835638506719,463.706464653814,1562.28628871195,136.618714827672,0.000152346984163176
BOP1,563.958589183933,349.455206342169,136.436105878477,996.184568711523,547.514650681371,526.306347112257,31.6783583655533
PRKAA2,172.2050617231,399.292202150797,166.347616694252,507.515382589534,371.611193136183,497.93010078653,1.65823252275965e-15
LOC100132288,525.708520077654,430.301110728464,286.908551030785,503.879930842841,896.849135618855,260.777990963224,465.69761731526
HABP4,482.236986013119,191.408197187889,904.264401905731,524.211509648474,188.299408748997,1062.48867890872,507.362477966863
ELK3,1.92895065190409e-21,310.316006407393,289.970457809451,60.9700500428829,0.0989357756947579,412.788078921956,9.99996909493653e-07
BTD,213.492784141316,373.3403102397,1550.7252838395,173.26225251273,563.677259280587,95.0417098285891,321.674957364295
KCNJ11,433.216808602279,466.365311741127,291.043750230357,106.089190924241,132.144523062081,370.93377148786,774.070042352351
DIXDC1,377.764354988071,568.893909589576,887.347915713229,0.105000275025156,103.091517338601,406.845463589314,125.724496142965
QRSL1,185.212999897266,220.050644546388,408.58388262313,469.596426894037,898.777605974601,268.367069972366,212.824585186569
PVRL3,0.587200942521346,402.07869081003,482.403293798238,0.00143529641776014,8.14192172454861,395.216144475741,624.976117434955
FRZB,295.115348429687,340.069864241535,345.801276572173,5.5131520656644e-08,2.72904439619175e-13,1.62390661220822,3.67815870618035e-09
FLT4,93.0020830638799,322.627215720534,747.006139671917,2.04381080057124,396.885652133092,247.244209841388,0.000366165793064596
FAM50B,540.099958810261,394.142113871476,468.979283260532,270.765904188698,635.388618298057,0.0441541342696537,0.000105120309464559
SNHG12,233.880187440048,259.90745354825,91.5912771342846,496.751965917087,23.5031909737375,656.780164679337,220.71440900111
POLR2J2,541.804605712742,314.050820580266,247.802853790858,241.927882441422,116.7025356469,516.021680773402,510.757542972247
MFHAS1,3.6170410527736e-14,528.794052442779,144.69677596622,418.349116550283,120.032058627622,255.606980173166,987.413631245106
KIAA0101,537.838085296316,258.277683745383,74.2589248782934,493.820393875586,271.046759741627,300.828848943852,552.357709357611
RTN2,342.804472830884,542.94832681057,293.138699012143,0.0159409013780538,88.308813477958,1086.3884727216,301.1355912674
ARRB1,420.846139939585,256.629273147099,66.1096277932998,618.078574099331,166.218732125749,13.8952381624077,215.484782071845
PCDHB14,370.320297781174,530.147740253994,306.366797563387,12.5507873807432,384.118235711054,57.2048322492044,797.377022547178
ZNF580,989.236464787362,399.845861662581,178.17188052527,396.864361141849,353.096540092271,317.160058854824,472.943669437909
RILPL2,512.909712217187,172.649532135937,326.273046634232,187.783062232728,2.4873931909072e-08,453.495903006038,136.127314378539
DNAH1,260.13337027667,263.208415915516,400.89379102542,188.440104118754,469.352857906748,4.48123128554753e-09,466.587441658323
KLHL2,0.00673516788556176,561.206638241928,656.452762990384,201.954682980034,685.028028794845,456.158834865141,1.45383588079169e-08
RCAN2,281.421296778743,458.17684586763,603.4484118278,80.7017960761358,98.5997845289405,242.579513393876,5.15263327417696e-05
FDX1L,1225.45893838368,299.370256540174,151.623310680854,170.369694669719,229.648081194662,400.057712496365,489.11713919533
CTAGE9,273.773087159197,596.221565229777,261.448857796993,228.752277610901,482.665890531265,367.085905330307,580.242405190221
GOLGA2B,600.459061384607,576.50368092441,217.261045799099,310.592249568244,480.154783982778,22.4046223198195,2.42288899332434
UAP1L1,263.660362485884,399.814971072648,1.92027136205797e-05,290.554712221378,899.783000924723,181.045684799536,408.93061278235
WASH5P,1063.0434780177,212.73785991317,94.9802753057388,565.329856457706,136.925400060555,426.337325241241,29.9824517442572
FASTKD1,116.031519296254,434.319263766291,488.620718890459,639.406139267211,1347.38653043037,595.401337877807,148.729363991325
GNG10,395.732411563097,180.964370884667,618.500305495004,646.98648591317,336.841501422189,832.43310548141,48.9851104772136
RIN1,360.332084135819,91.4218944917792,197.066553935696,324.44275844254,0.0581570116925626,640.260057499049,1015.2880718132
LRRCC1,0.0100268705441204,686.877721353836,281.776888865842,455.029343315141,93.28015966451,392.043832119665,3.98262380677089e-12
THEM4,247.477296455543,591.016213718847,109.161995403334,641.908308449744,418.398806506728,89.5690412580777,0.396084175076071
KIAA0895L,684.010570315555,472.513009658613,556.697659490022,750.460298245677,366.42702914589,215.228275493135,731.902125883572
PTCH1,116.766110905921,704.388600180004,527.682082367016,302.103178056454,214.570219825075,173.273553131831,213.136777307392
MAPK8IP1,815.569005665517,373.367417810899,1050.82872095087,200.470630727677,687.036644423902,682.245983273628,129.262671120368
LOC100132287,117.896588544581,383.285416982306,207.92430070349,1235.64120145075,150.395190188184,171.743240620468,309.470514537565
GPR39,287.582444894695,283.598645549317,319.272602528225,248.618902824435,181.104819704715,972.108840380533,349.557200616173
ELK4,133.010288913805,827.528027063121,59.3151393630146,128.735233274068,63.5295706479055,171.714214929618,236.126412502784
ZNF254,290.577103414597,275.042084827562,1537.70748007237,174.248055333839,173.733107902839,123.531834738949,548.249218972417
SLFN5,1.2042975411479e-06,391.233992752169,434.323849454517,476.973663851794,105.230193971826,606.033416393298,142.546208868319
NUDT2,822.16578450652,489.19700166498,231.534234034003,191.100368187424,548.303288736154,728.218893936592,247.464580295473
RALGPS1,346.282515330259,535.471047150889,1201.23657059173,586.354753146523,633.207943977211,320.682559546456,574.446954031477
ZSWIM6,82.9127501331073,596.21325784057,1393.83747438076,201.969257013954,225.831805483927,417.036346933266,352.932122407397
LRRK1,18.6488544401885,427.307230201975,4.82740617818323e-06,239.253077859473,7.03068954905628e-06,332.384386634302,0.131319865997353
AUTS2,1.2132757570813,276.166648128954,610.984787331916,11.1456075085811,456.042210486735,132.766063427368,215.436030591091
RNF5P1,871.314660015845,197.504395085334,547.416581378508,163.852693758162,1155.60909789676,103.690932535275,484.400487930138
ACVR2A,343.273636530709,763.784204591646,661.253505744826,297.726675163781,68.87698341468,188.952657812618,16.9067983573728
NUDT15,263.908858957901,160.57693386126,465.088494590832,1193.04957912811,674.601212672849,447.292901004071,422.955160517672
PKMYT1,487.409256585448,253.307250351058,0.000621906131646198,439.28618909689,406.24088690321,376.516318612843,314.213665541055
PCLO,53.7091845809453,544.621624334785,880.584651151575,148.739052954794,346.3602691463,281.684677104576,103.74743860074
KIAA0513,124.475633376758,145.421201410298,1164.13179035043,5.52787244983793e-08,504.249210319292,0.0265919961665776,299.183759639272
BEND7,169.133734663677,474.192810626858,458.739968315087,131.528474429771,123.476012753733,522.872278119304,660.225918394565
NBPF9,4.48326099674428e-08,577.051660870452,180.612871953046,240.164073648554,913.309353808246,227.699146157037,142.19169092275
DPM3,1009.13376410455,403.595402461524,152.243495503433,826.956065419387,922.828035613013,151.789306355047,329.834465255839
MAD2L2,512.305049131659,144.084447507513,308.969815285865,726.26665761546,430.834629312745,624.705065132699,68.0729813473227
UHRF1,217.39924638735,395.999875418567,97.8958411307538,518.519543192051,139.261637409686,87.7720661551109,161.315809829233
C6orf134,641.874980830936,534.517692971233,110.917969852616,923.252859496033,438.43643294593,1.67301697734638,824.103670214468
PLEKHG5,58.9300604716008,394.083115605174,340.422351513385,278.63620272886,94.7397812096948,233.694021765769,312.574562701374
ORC3L,97.6911114661007,314.549766283328,466.364767702722,567.459455744157,788.616480128055,190.078902746547,127.751786244447
TDRD7,116.263275283343,323.368026900538,847.520989730804,249.143226945423,328.317649584138,709.456952913428,303.574225472295
CHCHD7,264.703412036714,303.688716854359,517.297340831678,872.604310281207,574.865068521848,279.655011161751,255.918976716551
DFNA5,336.98421469882,191.895020623947,279.079253395271,1.93925076001898,2.70417085597706e-15,643.593604494034,277.939091321765
CDCA5,410.523488825511,204.793875209018,0.534858293992497,566.502539661554,589.191723832016,659.383812112952,289.78201841149
C17orf89,1252.49380721823,83.2952577063271,125.709542925331,565.89670234721,503.83798983202,332.820125031747,407.44709653394
NCRNA00152,933.041127400953,367.226959929321,25.7778241247289,187.778289263941,196.223197484781,1008.76347978764,155.427384859097
SASH1,0.00278457672495699,569.313006286401,834.597883516488,261.603414749216,115.435462578746,490.402874085185,3.70546169401783e-05
PLEKHG1,3.831591109121e-14,237.167249704668,498.452630374508,598.982583464324,117.893753286607,155.024560739286,1.20988186335947e-08
DTL,117.596769304046,631.865027675465,83.3456141596502,714.575207818038,382.818881396369,303.991910674003,149.139211761405
PDSS2,275.497958094593,315.308997266819,732.6585518575,454.820308445696,1591.80183219344,181.347483189865,234.937642278621
GSTZ1,436.781962884797,58.138133014772,1027.47227739016,599.665280359551,434.122034575031,73.7666449496192,392.48248352576
PTPN21,181.656540059689,645.702852219464,1012.12874750502,179.280796869044,449.973520233945,227.840632611593,170.24938421448
RANGRF,742.553163752531,379.155736140857,2.06142777504505e-05,665.571854990766,184.092188685703,180.812779851039,182.946911676376
PPIL4,16.5358205142831,302.848823974047,568.483357475338,515.525413359945,604.170998133539,364.30903010546,137.327468723618
MTO1,16.3039130819727,337.90982571775,606.267409236273,435.941617336863,1414.01831472389,197.336396179033,148.769199339263
AHCYL2,4.46590294267747,700.147494538774,1015.1019019773,584.932034831812,369.780357123007,273.16807061602,151.53468503572
UNKL,289.468666192441,527.335624775451,417.051876913081,1214.85123969852,343.53445291793,225.128920891351,26.5008731118797
TLN2,309.86915602199,411.705703817769,291.273939277018,328.257601997996,290.175254153965,328.80791977601,434.308067007307
PAFAH1B2,1.84600757104673e-22,513.011184573407,835.449094672628,165.431306162482,234.475430331217,620.795572320805,496.213129946853
ZNF761,105.911225443795,502.201480187301,250.598930683822,632.297389679248,245.300052877488,0.0206620347076696,313.175705336178
COG6,0.000160724641481562,352.502362462078,956.558198753618,845.329800915405,478.964217620974,255.71586013519,377.439500101782
PTGR2,330.513510611604,376.870136166186,482.191803935868,918.715304710463,903.499135927574,285.495301068918,453.884888620154
PIK3R3,369.970455226971,157.428822988314,953.846945280318,106.88503008356,805.290588194902,24.3382219753666,17.2129472904999
MST4,42.9802123520824,155.882663430403,779.718103515295,825.961239596575,151.617639557594,575.130710359667,361.86061467837
AMT,492.37782571917,477.608525785896,185.971551595142,509.034843089397,359.552600003843,0.13778770490772,200.775454181443
C6orf129,1262.24580352471,317.405041307688,106.196659529799,556.19702211216,487.503867653318,111.733419193342,195.042254885548
PKN3,499.531588485894,499.285489984274,870.126048091011,551.185106674477,1205.73229827461,197.784391179745,0.000204324425770517
PI4KAP1,193.747362215072,405.16449709851,264.768972898552,772.038223545716,265.246985988284,239.361336816085,773.9868570617
HERC6,89.9040149310531,340.72771742537,362.036037056886,16.1438947814742,212.893618671063,181.355239808479,1265.39387822741
FTHL3,758.038831656253,133.807953486192,107.848645107901,539.323035194242,666.298931723901,454.805151600903,496.410789410344
MFSD3,650.954864280241,372.088216143077,329.92215434124,667.175697392681,1156.13690714961,581.791093543718,166.030912347656
MAML2,1.18085327401047e-20,653.884957786135,602.893600127112,286.276608089131,1.962980683872e-06,289.690361540205,2.67134738889582
USP53,13.5768781901634,506.627677861476,1069.2375721628,204.463853386442,91.832841723769,306.935238019547,11.4766691231888
TBC1D16,67.9183500946383,510.823374878012,165.598755701884,300.90250974685,678.566050161076,226.301666771628,179.599070730774
RAB11FIP2,33.3948876180263,420.308215444069,469.877236671391,309.665096963809,269.645700779829,380.570727924835,240.709957317397
GPATCH2,179.333429216766,895.174137753935,248.676837688253,554.452158038724,252.115154554176,319.828497406934,113.492215745162
SYT8,3.73783139970836e-57,9625.60406672474,7.00169469835627e-98,1.33799172301979e-17,722.210282278958,1.38481670843608e-19,3.54994663504157e-16
RAP2B,2509.63283931908,6405.03414348116,704.521411194699,462.385170118015,0.00364093852208057,2.94999616701667e-33,1663.23372455928
MSLN,570.611308644565,0.000463814212906362,1.75892592828638e-43,32888.1085585118,7.18739164253896e-43,1.19372641740825e-51,1.10940541756033e-25
ADH1C,9836.0022927119,2218.65000463854,1807.07864278028,1214.27242168571,7.39928549647534e-20,5.03098857485914e-44,3.13472885491235e-16
STEAP3,1.54417082162456e-11,481.158708166187,34688.5325521497,1254.54222992682,2410.66618422321,2312.83998796862,248.535360231378
PLAT,6.12373161605382e-17,1.4559277997331e-25,452.168235026213,2.20694633890113e-20,7.54787083409648e-06,4.07484961943352e-28,2.05639262072499e-07
KCNH6,4.1964178719089e-49,2.52587588596019e-55,31499.570823737,3.61319995185514e-49,3.739153441572e-76,7.83108400731149e-85,1.64668640337349e-112
C2,6.71433037240896e-18,7.72907316589366e-15,4382.66787394392,2611.15379524609,32028.6160887914,774.087862821022,9.73781783701295e-23
S100P,3.08695034122499e-42,4.73615613004448e-53,5.08954246473485e-29,4156.92059921686,29237.8447151608,2.89326413019394e-85,3.93456796032004e-50
LRG1,1824.91104057017,2484.90333215633,0.0127518796780722,0.000626743357870609,32173.4409501161,3169.67781506618,75.4882590102166
SLC13A2,3.18035744329005e-48,7.22610012283459e-62,29454.3230021868,9.89634933068969e-51,2.60712850117958e-88,2.70500965418654e-71,7.43505682026228e-78
CYP3A5,5158.31038061914,1267.38404956256,12212.5084327601,9.88559655912245e-06,28329.2509270023,0.00141409154572811,1803.25092538391
NDRG4,3.94276410301006e-47,3.9055705808405e-34,2.16803307251272e-44,7.89620212948302e-35,2.51098058879596e-48,2.83244245835814e-20,27492.8479594817
MDK,2062.16796649619,6371.88819030774,2075.73778520006,5766.18317316267,4686.39712510403,7.20724060506453e-13,2.1582438490802e-17
CYP3A4,3.2290946270304e-23,6.46871452079666e-43,6.13465359824774e-06,1.07256248037968e-07,4.57628700712025e-06,8.70704144135568e-42,4.454645784759e-33
UGT1A6,3274.0294137165,1.22788920014746e-34,1.24860629558032e-43,6104.55333884308,4101.21822368496,1.02857565763019e-49,2078.87527923707
VTCN1,34.2910117399456,5983.88865342132,1.51154677464064e-06,4.56962012871561e-38,1.14045632866785e-08,3305.34099265124,5379.35476166205
FBLN1,3435.35217540441,3.67957995086764e-15,8.90627473573189e-13,1148.35167790024,709.766477035562,5884.28336396616,3736.13362400401
NEB,2111.61796366958,3805.95414800026,0.001314405488919,0.0236614575045844,4.11348013963609e-22,1329.98509680388,7348.45644526949
ORM2,162.901802188296,621.45701334982,3746.66981096623,0.0489504595870529,25278.0515696304,12.1708091781512,427.593296902964
ARHGEF1,826.053590260582,5467.57253094158,655.985123657788,1902.77443747041,366.020652449049,4411.88226316383,1041.5188693683
BHLHE40,6.63888083308003e-09,2312.72702367443,1486.25343802168,5241.09449400342,2217.23194637676,10263.2241868085,3545.95552629229
TTYH3,15.3284413057861,1783.13328376842,793.916364433893,29095.7549006109,2426.40347868776,3669.91019674237,3790.55229282221
AKR1C2,7122.49339538942,3.93750260267663e-20,0.0294363681408074,7306.76258140628,1829.06200616364,5.98536294271924e-25,4954.8269266795
LUM,0.986860642908054,2824.16290940967,0.00481401433174702,4.38064565014931e-07,0.000560317091152644,2785.91815893727,3.11318614954268e-06
AZGP1,2180.68868603882,2453.86081658484,15066.8470216163,2.88943039335098e-08,23159.6709078715,1541.71898862627,64.0623914834226
CTGF,3.12681585506255e-06,11337.7723475292,1147.64839950356,0.0805325707896174,0.0380046717643422,6347.26900212654,4.31311810371531e-24
SCTR,21901.1374834785,3044.26640035965,1.4886545592295e-33,2.2862878505959e-24,3.84703691806015e-35,1615.51858666023,3002.73431737231
AKR1B10,2757.03039904012,1817.39049463014,800.892626056095,4522.94576787934,229.492491791476,1.25889830931185e-25,11389.5420380811
LCP1,1.35546143785048e-27,4322.20719080045,1.37956265268644e-27,2.56005292997634e-17,8.53225674402731e-18,1197.17375932342,1.01975094000862e-20
ARL4C,3204.7353800079,5985.80465516022,0.239262416796041,446.158069367441,0.000385110268621959,4760.06356086823,8069.37202802793
SORBS2,5654.79967487978,5684.73557706315,21829.2954598782,1.8243442475587,3600.17611254793,1.43286076462981e-10,0.00705528623540915
NNT,0.377957201431404,1610.44328670309,3728.64170907112,1003.58160962344,27360.8716273496,3593.66393688776,2221.44646826746
HLA-DPA1,3399.4300929803,0.061492807713618,1.31379557470988e-05,1.69162645011796e-27,1896.15469776096,6610.24363936361,1599.47337243638
TPM2,2632.11313939855,1359.02827215714,641.264590688722,0.000469583714648667,1.06516580064494e-13,5250.82895979393,4.93938650800233e-14
SLC34A2,723.882080604453,3850.3025900809,9.94123969844633e-33,4.13152153560883e-05,4.72034106705959e-14,9881.6541051976,6036.99430066551
CITED4,15983.123619777,4892.25742893516,850.665989268116,2.27573656327777e-11,2080.93828066122,4271.71789417027,6.4979919371427e-27
ALDH1A1,5564.19705109272,1.93148914966107e-13,12639.1015032296,4271.05538353582,11661.0463215289,2556.94811599759,5.94730270193205e-12
FKBP5,2816.85005500999,2312.99238365038,9079.20108686981,3.8054776655185e-14,24554.834072353,1871.10591308862,1.05370703705952e-13
GPX3,2609.02152868821,8.83736663109577e-24,1.35255988487083e-05,1471.69687748087,19847.5686414763,0.000389102792238516,415.281422557258
CREG1,1628.52528799777,10461.3616072221,7048.47180349074,5920.3558134587,9364.04178404365,725.46703574943,2156.87645527967
ASPH,0.895900352299702,880.298099066133,1.34151769681315e-08,17980.0228927718,1161.26415610812,5150.95802756791,36.5311755299778
WNK2,6964.21565323969,7836.89438414245,4.2940015209054e-11,171.662909248193,1.32342236832732e-09,2947.74941391325,4055.08823489497
GGT1,7402.62957138014,1306.63902765778,0.0001660167510718,2.11267428307854e-05,9.69942565025715e-23,784.12830875122,18824.5705742673
PRSS8,18139.5364862965,4279.18005509718,1685.718708576,2639.91433631084,37.0284332215454,2464.59545852449,2437.05145565861
IL8,19.7462859956915,4169.13141367521,3.47737949061539e-23,0.332476120280733,3.56632466830182e-27,14865.8847312063,794.133361036769
SH3BGRL3,6595.56166412597,0.436819604666323,4948.93427777391,1766.52361368076,3514.6525361156,6641.79955497255,3643.40379788932
MGP,1322.96719748718,5394.7183185343,2657.43232682325,0.0558388045507165,1.04946110953391e-09,2137.96150714069,5.81152418379369e-10
TIMP3,730.954758411407,3081.9390349447,3783.52545613298,1924.79757410314,969.658274202852,5385.43209456697,1.66939661572458e-12
ATHL1,8113.38365839008,3399.1493366156,1.1128973191548e-20,5153.39125838459,3371.28470012827,1.10787311409587e-07,1.65816451662199e-11
ENAH,2004.16031489651,11126.3743093773,15060.9090746222,1858.54325364726,2303.48825058677,2316.60031114368,0.0854292130562273
MYL9,10473.2556225764,4061.94059930831,1463.4777864459,1.87261913326307e-09,9.3970533610448e-05,1712.70684797401,213.552464044441
LGALS3,3516.32470506473,6376.12701152239,5895.1635627873,8435.21109445342,4321.88713895778,2200.99418134587,984.013749960567
MGLL,2.95491458155809,2269.20959004029,0.0170866864375885,1.01184791813166e-07,17065.9100248547,4712.09147167706,10588.1512804429
ASS1,11266.4955315715,325.395110283444,1477.90918081519,2115.86189757329,4159.73828242609,13681.0073762091,2074.27611172712
S100A14,4259.80974147037,9128.15465857436,3900.58341300744,2773.0661219567,788.497250547678,887.477195571123,3711.01722998116
JUN,1177.00802898876,5613.62041716402,4934.94851937712,1986.11920343387,620.66364432047,6184.15891943087,4484.16866038168
HNF1B,8194.11861202601,5696.33362000497,0.0511800963827931,4.64201452217681e-11,4.42793423549388e-20,1657.69931885073,6824.94995821016
MARCKSL1,12749.3244894522,2553.05941712299,2.4063160728168e-05,11356.2232556372,4.9219011867395e-13,1.99416232785559e-06,7211.3271214259
FAM171A1,7897.74781576641,9370.30238306453,4.71889649044569e-05,1.09450691830358,1.40794733020232e-08,6.3964426648545e-07,1046.0794419988
ACTA2,6448.81388444208,5335.31309967864,5391.25514769039,167.532426711339,3.58248495796022e-07,2397.88666663193,0.381512350071605
SLPI,8833.09906181378,3484.23708451163,437.842158981726,4398.94413003937,7677.81842614836,5428.25282911251,2101.8766105917
FGFR2,9071.42530308621,5437.92692959075,3360.88179853393,8.02558407287076e-09,930.868240989106,7476.02605626581,6326.22259465823
PDLIM1,12876.9487253351,1968.03088289863,882.459705202433,29.39276133908,2730.09328625761,5442.99997587207,3087.29220441468
EDF1,18128.1704058979,1759.47752400861,2527.03147559679,5233.92347229255,9668.30598571651,5775.68528463401,2931.61366849003
CPT1A,1838.39586412851,3562.65103874325,5845.4232061349,7090.90208417599,5810.48690798937,2047.60105499435,3961.69164391808
TKT,2083.14839253986,788.912655389281,795.761388945156,18370.0789867108,91.4154829908536,4446.31175829865,2143.93182951433
TSPAN3,3662.39557310998,1761.92314727485,2891.0779687399,6886.30386673491,1119.31513497315,5339.40993428586,5359.14805240316
GPX4,19356.4522941275,1074.41160417871,1762.08385685724,2397.23403523942,5278.80315169977,5222.43444089081,5015.45293573018
COL6A1,2293.35002618745,3662.56732005241,3987.82485644123,0.0483736796505199,5722.74783523448,729.083717407591,6.6219565105201e-05
CLDN7,9471.61800540584,8359.67459032862,2762.15102336682,4481.86736066232,2888.48316183768,3097.68447274611,10544.9855716915
COX6B1,13597.7507322174,1388.71281516033,3066.5026914016,3603.38279431876,10701.3470503191,13020.8985035728,4372.31125646606
SYNPO,4770.48423621017,3813.05974754957,13737.3988201634,0.39957283646105,13083.2217520673,5121.71994445408,2.35166560617103
CGN,1084.94313954945,7346.97343160576,6859.54466489241,1525.61508478164,4497.43683574617,3572.2972959024,14832.380704277
ODC1,5090.7429483933,2318.31895445145,1243.11798751377,6703.80835545693,3255.95007212076,1627.59368035107,14377.1417267672
SULF2,616.569911916305,7655.69257972469,1.74549605067071e-11,0.00589834719891132,409.05888002544,3942.29740203665,32.1700274789558
NOTCH3,1218.61164337652,8242.34636466587,3103.09825139002,7179.94635351786,0.151725935456272,1055.63547999769,9.12096952729616e-08
NDRG1,2941.16405170697,4449.91464688718,7262.16595385039,5354.84551436753,2331.53557429532,5908.82679657871,2443.52562023392
SOX4,8723.50922867883,6159.0768035169,658.063890838792,12151.9294621603,600.621582510871,1036.24797065104,6838.62641142322
SCP2,3380.98862834916,3170.72246266504,6443.22399339317,1358.13917648082,20250.5674305357,2257.51821838753,3339.88571078238
GNAI2,3353.90392414908,2875.26028236712,4322.79550325985,3893.27395443018,2222.02284384843,5352.87731831115,3173.00396628207
TAP1,1229.32838673833,1360.19864349934,610.996768778657,0.0140963672062761,4056.79560612896,1740.46928123496,6023.1908578382
UNC13D,6557.64286327527,1643.87133972111,4.76523256329672e-20,1.46794599804782,3.90414578787105e-08,185.054510246508,12372.0603133094
NOTCH2,266.308074102025,8216.78571089962,2370.78302054464,879.233515181691,2387.53661862158,9477.98817055321,2979.89572545093
CD164,541.511347237164,3484.51986406054,11217.4080254014,6813.52185742213,11677.8860447893,2538.40463320045,4382.36861455794
TNFRSF21,4042.39236260197,6710.35341911896,5774.01286015905,5283.88161158753,9.67684700713934e-16,4116.79096687491,2294.94525617247
ICAM1,3197.79827868758,5432.07317421065,2.18375394335368e-24,2.64757121859314e-20,766.804331876824,7098.51408221465,527.033598166665
YIPF3,6913.03109886769,3311.20437522556,2822.20443719072,3106.75059776363,8266.80814991299,1657.61961360516,3892.40120319243
CDKN1A,1255.37873114177,3568.07139260326,2989.29511077304,836.896708819988,9879.85441320455,3293.19681978253,8973.95393136818
GOLM1,3094.1722610784,2233.13449714224,1180.16282206245,5554.96614830957,10541.031325534,7715.30325769638,13392.2734283934
CHP,3310.83007139827,4369.22010961968,4617.8397328994,2726.00920238573,8098.54811396508,13081.8473529165,8512.8622536349
PVRL2,7419.41973870742,4968.74047811124,1679.43728932999,1867.88179456086,8696.5327338368,8487.22676398961,10268.9476699478
JAG1,2035.19894548961,8466.10779177697,1887.59256217021,9.06161203430401,7.68260335587536e-10,4827.57909254257,2284.07482536557
RAB11FIP1,2748.69996668927,7362.69684426595,9101.18644767783,1430.13863584156,5382.36297236892,4333.51509438563,7176.31179297224
XBP1,2582.1296218106,3163.96141040833,4543.77604434355,9522.07086096587,7530.24113373883,36.489759786596,7506.982190933
ACO2,4574.799184338,1938.75162564745,8425.72101613429,2912.41336316449,12196.6181858533,3791.09738023702,7969.03318544345
SERPINH1,1775.21414244373,3969.33519557306,1793.10939428013,13596.3233750837,200.606078457822,2447.22102909751,3048.38926394374
TMEM176B,5714.3644831575,3533.60996308644,8.55267299126803e-08,4089.16218077006,9310.45325705582,4722.0758953443,1581.54747165881
TUBB2C,8890.00504593578,2333.28876046021,1098.5372648202,5497.81873742545,6318.61042949513,6058.43282219958,2028.8627127107
PPAP2C,12931.0828991822,5156.12321764397,2723.93835762877,1146.37059786639,1373.68411887823,4315.82990502787,7514.21472360179
IDH2,6186.9395610827,3104.53216974084,11606.5507626245,3018.90169758753,3120.72772649985,4993.57223875403,4948.80769583945
CHPF,199.434872457328,3049.49058802837,1673.55230837135,5280.09894625845,5989.98707645629,5797.7487865188,4421.53994456001
TNFRSF12A,8478.08484488985,3902.56012401245,1084.73144104137,6.97577016171019e-10,906.893559895673,8447.64696525005,6434.65425301591
RNF187,7149.4098040959,3817.89979878075,1694.10631487279,3617.28251791221,18559.1139563663,4138.82831006302,2757.70278407882
SLC39A14,2758.58110422107,3526.75954165762,14663.431254538,707.947694431706,8482.78195620059,3212.6719204494,6536.63181278418
FAM38A,4541.17043288452,5429.12361297205,58.2962859587897,2688.98054888789,660.933857861399,12880.4568405663,3316.95472188113
TNS1,1407.70484881346,6747.12565860641,11392.5941385844,788.383323941355,2964.24460201653,8685.69928722525,2743.13518537968
RPS3A,10195.5563699787,4081.2926670743,1298.40945735373,6008.18189674306,3.26677432751965,5461.64180562039,2404.97726273446
FAT1,0.00751546454368108,5931.77678842893,4095.69575224994,7147.19525197103,301.904900336479,2481.37946220005,6323.33619977957
PEA15,2019.46724055946,6177.24007136389,13135.6690765221,1022.56510445274,6367.73181227357,4023.38597977924,1289.59891583716
PLD3,7350.04490122551,4102.21665936752,4455.16965831593,2167.05525661448,3712.3304070915,5391.83562540423,1422.86440594334
LTBP3,3506.36864622001,6739.26567059382,10502.0470189424,942.08078222943,1192.54194549159,9417.04065011999,4563.22367468408
LENG8,2156.88121735782,7339.7163824624,2221.34486095287,10100.5521609889,4291.9718194947,1519.51833118009,7961.99601888847
B4GALT1,2542.77228576549,5076.68668255109,10557.4381292044,4646.42257478695,5904.24603167453,9253.15163813905,2753.69876039533
HFE2,2.76321249469414e-17,1.61088897895788e-23,3.89227858103538e-19,8.12029676970169e-29,4833.48721678044,2.2203465787868e-17,8.82062315716188e-28
C1orf186,256.214452251288,1363.33198700449,361.45893424009,2.43514653874661e-62,6.58899694353951e-13,6.32456952515047e-45,1.52970469181141e-64
REEP1,1.703062178991e-20,2.38371908071705e-06,4486.97195664388,2.04540921734808e-26,1.81153884281809e-23,1.07062938835697e-31,4.90787409086959e-34
PLA2G4A,1.17673372036294e-49,1.07570405763718e-16,6.35958358744689e-18,4539.69108835706,3.34020806166511e-46,23.0730888507663,6.26536865273204e-54
CHGA,4.20881842689035e-54,1.96464875861413e-117,1231.9775439566,4.15658677950725e-30,3.07001336343602e-16,4.51044935069995e-97,3.36447296605075e-32
DPEP1,2.08307939958447e-27,7.38972589264584e-50,1.26058433997631e-39,648.736005207775,2.20842770738121e-67,8.0734089943963e-52,1.39115446725938e-52
MMP12,9.37057211106058e-66,251.788003994551,1.49318320397465e-57,1.66339071756841e-62,6.24805430650839e-61,1103.79507486206,26.9788084124874
CYP24A1,9.54009548672005e-91,1.1448703388577e-34,1.92646031689159e-49,4114.07260674631,1.93651277993812e-68,28.0930717262274,1.9557073148422e-119
PRKCB,3.08471076438341e-36,3.84784686361129e-20,6.75965243885659e-45,2.70364801466968e-39,2.0007643557344e-34,0.0035300392718712,6.43080452568675e-37
RRAD,856.683115869638,4.38067208909605e-47,262.797972732093,1.26834258337683e-37,8.38392783878653e-13,2928.14486045331,1.66790327768309e-42
CA3,2.00515153960368e-15,798.755769967869,111.651151560304,3.85036879405831e-28,1.74960567474679e-92,2.67446093715524e-64,4.77862178617819e-43
KLK6,1.59635932349725e-85,41.978578336044,1.07013188359376e-58,2832.0301361123,1.15646011210459e-46,27.6163594454779,8.56902202481184e-42
BANK1,2.46164560050795e-62,2.15361656064563e-39,1.09178487653637e-64,6.00039471352161e-52,1.07157677511996e-69,6.94560819161279e-34,7.19131229377287e-58
CSMD2,3.46686894151676e-29,0.701631932459164,4194.51088170819,156.37257996772,5.76510950622476e-49,4.11146511652722e-10,486.931195697427
MYO1G,4.01658278077899e-24,8.70580944884416e-15,1.40056578887876e-41,3.74616143742088e-24,2.71184660652819e-20,167.456890494878,2.24420943008297e-22
VAT1L,8.63073401457084e-16,734.214139257077,7.589381613071e-32,2.09979316977543e-34,96.3531727276312,1.8723939287642e-09,3216.69301001512
SLC7A11,1.93135597150633e-27,2.98845816728027e-33,1.66379684984242e-22,2305.25760822233,37.8043359497793,380.539085773532,565.159982992835
LAT,126.734066510571,1.47723995718771e-14,2.89405726024044e-40,260.291680938904,7.87499356905424e-35,4.57340188762633e-24,1.45329908921525e-14
RUNX3,2.89657313101806e-23,1.01187695608009e-17,3.14158457326311e-32,1054.26783593969,1.25106046167667e-15,192.674606818159,7.02871088368864e-24
LOC389332,1731.99306558429,180.452838760643,4.55065688747825e-44,9.30524562599206e-26,2.79598741430972e-10,1.02216060685235e-42,2542.34739235462
DOK3,23.7769869200097,4.50182656060009e-09,4.62040328919747e-09,0.00998686320397788,6.7023053448562,50.0647049284998,17.7097770551421
AFM,8.89548644854325e-07,3.93119574808634e-19,0.00576551236889691,63.1171774764851,3000.75738567387,6.61911834594754e-20,4.34991680271681e-22
B3GALT2,1029.60209982877,607.704367108098,93.9336794979527,2.40511184852757e-26,3.51577722345261e-49,110.387283919185,634.284469963823
UPB1,8.51167234845883e-20,6.07901331766023e-34,1216.43601962777,7.52880049259435e-06,3482.33351181595,8.14535234265227e-19,1.43121102219297e-26
PLCB2,1.7635403374324,5.21484122562163e-07,2.0341475227602e-06,234.389590229878,4.13594676120099e-12,303.527215068248,53.3313683489992
UNC5A,7.69837690092599e-07,4.04678132784688e-33,658.108897273421,8.01272979239006e-47,78.5956678741456,507.876055421923,9.37466816803279e-18
SVEP1,3.15953193410815e-23,112.21252194645,47.1823024934901,1.26633962318813e-16,1.07599790177044e-07,3070.96782662189,8.82969891911908e-22
NCF4,1.4801293910788e-12,2.39257316080676e-13,6.62828395455994e-22,0.0481472669063077,5.72166131780426e-28,129.092488686043,1.35777741238322e-09
YEATS4,88.7728640235578,318.26026879142,271.892590916787,4277.45623864569,77.1281176742088,373.455383155625,184.804511328165
SLC35E3,1.17580323276793,302.530829132934,118.235989676746,4206.07355256595,339.866631667853,417.67640398463,149.958614750092
FOLR1,515.169138790817,402.28662340389,2.79251117134493e-12,154.269711900207,5.74033920187748e-16,3.71709915075732e-36,6.73610823185317e-34
ALDH1A2,65.8995556633358,447.789446895995,215.631072912049,123.818659267795,69.3245926071627,654.870668566853,0.000135190178566813
ERN2,3.76986946160809e-58,1.18590139753221e-82,3.1147442157685e-40,750.020800022244,1.4696533446846e-29,2.52865241845579e-71,1.43481249451575e-30
SLC6A20,1.55226004770234e-37,1.0932788386106e-58,0.00682350388134844,1.16543853815476e-31,4.34928808092975e-32,1.28804506402275e-72,420.993086359549
C12orf36,2.3035197772667e-22,150.056132297106,45.3239863983742,0.036588459923414,2.23302200378694e-22,875.677050113948,647.197084234799
PKLR,971.97000760261,3.50640579474832e-19,98.0748791325437,1.3365720491889e-14,3499.05212964174,6.20036472275544e-38,447.682261040482
PNMAL1,0.00346437447225334,873.409588811619,0.000201405611472876,14.15212365666,179.655436725296,6.46627051673242,0.0367784477744815
PPP1R16B,7.82356974684762e-29,1.33071443516584,44.6773356418619,107.014048587614,57.0860074685163,82.4444461701257,1.11834815574281e-13
TPPP,524.224341274385,149.966337081291,307.192898650698,0.00785621725480446,2826.48787848707,4.04435290424296e-05,1.20171695608813e-07
RASSF2,3.14838964410662e-20,163.056234861222,220.04735452796,179.956931169147,0.0434653048087206,185.327897020874,1.81857305927874e-06
PCDH7,6.58442733540498e-15,2.70959125478386e-32,0.0039194337918798,182.953947183527,2.81452752049987e-28,3.51302579794831e-11,2.60534496856203e-13
CRABP2,2.13898225693605e-13,266.076991772631,104.703466017055,2255.21954403845,6.18752280114139e-26,9.2556648375598,4.29442728092387e-23
CYTH4,7.2776390328141e-14,5.676542996346e-05,1.8135066580592e-11,0.014760207856056,0.00639415374895466,309.053798141725,1.87463939998982
IGFALS,1188.21829926119,281.001950618108,115.555009295185,2.50954788614431e-14,9.72222242830771e-07,3.679064952222e-10,726.197492352216
MUC4,8.69599280903405e-51,7.12718874618201e-34,1.69119096265394e-43,1178.66432967895,1.37840829566987e-43,2.25157199228351e-38,1.31045785301425e-49
SLC22A7,7.58027207309895e-12,5.86171714424298e-26,189.421327808765,0.415820260835883,2899.70263964968,5.59589164995226e-20,94.2674229172924
DIO2,6.09900674723717e-37,2.07349595565101e-51,106.487735307773,3.6316140833663e-32,3916.99028994868,5.78749598571001e-41,3.03079158199611e-51
NLRP2,2225.74762928766,262.084903235389,1.63125927383179e-43,1.24467207990693e-29,1.60144351978707e-24,782.538514703585,0.449588723281502
GFRA3,1.14943544904982e-19,783.333599668506,3.2240700489891e-15,4.13653372846846e-50,4.91698909898411e-22,4.29856633669996e-86,1.55426239879756e-47
ITGB7,4.81034666574881e-22,17.9256642882753,1.14514523654195e-36,110.55796596567,37.0535682786399,151.16493405022,2.78122948078109e-19
ANKRD43,3.83848187179251,108.976189478023,64.1495272456134,0.00215674908077494,3961.99560308925,1.12737000450575e-23,4.89020212900833e-22
SP140,1.50678023242423e-50,9.42271033255479e-36,3.50968995465236e-52,6.86077650913093e-12,1.34186562720769e-28,8.02260933061879e-27,1.83925523394478e-39
EMP3,340.508999407301,2.44751859275805e-14,1.61063614932846e-10,3.75387656147234e-06,2.28948235164171e-15,689.630249527625,1.4698385748184e-20
HEY1,6.01547445544519e-09,353.657053044878,78.0162343530993,3839.25883219654,1.81288824200774e-10,147.57735940387,7.18832170164806e-16
HS3ST3A1,2.43380781003011e-82,325.823625042227,3.61645609724655e-60,0.000534042819900641,170.691788340019,160.319579691286,251.219914124063
TPSB2,1.68941718033649e-22,1.06726252427402e-23,2.74679742073723e-05,2.98390443043333e-32,3.02578759506547e-51,4.42930254070688e-09,8.15540557974626e-49
PLAC8,1.35399866930182e-36,8.46455831810682e-76,3.24899778153108e-37,6.07504804110199e-31,3.56500554325459e-27,1.67155067019287e-57,1.64490166140736e-27
VSIG10L,2.47458604760399e-07,353.933614507094,181.841948531812,1.23509910080097e-18,60.9990207046211,685.494482155525,1858.33350814862
GRM5,3.04342373467861e-10,344.289556355255,1.99644738416945e-42,7.60436129643723e-06,3.09280226158332e-56,12.8377981021026,3045.7256697728
BASP1,1.12081410459171e-16,97.9818282012126,8.93831877626693e-27,1780.0722067154,130.379100680037,523.636076993555,2.58336025454651e-16
MYO1F,182.672759938334,0.0606763533809073,1.59035188936392e-06,199.052921879975,6.30221903966748e-07,611.247672129335,0.115190922435443
SLCO4A1,1.71640830321604e-46,6.10440971415482e-17,3.60123641943062e-39,1218.48909740038,3.29779641829506e-23,2.06218709228856e-14,2802.41994222974
GPD1,410.168581725879,1.9126442574489e-35,4.07151886906015e-05,13.1876355179511,281.155261221208,1.85682749422105e-26,411.282207889813
CNNM1,392.865254702226,125.301684233989,117.532223826531,7.47270024653628e-19,20.672716294882,495.147722135549,1278.51395323556
NCKAP1L,1.83504641491964e-19,2.05664201256941e-08,0.000827391649619288,3.93928338442034e-28,1.80772720662893e-22,385.58509149073,1.61397427758333e-06
LRRK2,1.55333536996092e-28,312.650544431715,9.67410729043386e-09,8.83118288356288e-13,1.42830088257988e-32,595.322122670764,3065.25337484175
VSTM2L,1.60020623672376e-19,1.79310514272269e-33,85.8412689892334,1.30799526264253e-28,38.0463248938659,1.11327477884437e-34,1.54720421490165e-23
RDH16,3.20416671050307e-22,2.81559224033815e-16,50.8504413300278,0.00111214706263535,2233.14284992303,1.97853096133705e-16,2.59537992410431e-20
MGAT3,3.07954015319636e-48,68.8050223995837,368.008876587744,2.20392294901223e-28,2.49693593164327e-37,1.37246374859473e-59,3.44352436414664e-39
SYNC,2485.52467870797,6.41447648621244e-22,6.16242540467221e-17,1.5567771053758e-16,1.98816147932093e-41,1.10930996086259e-44,4.96095409877469e-09
SDPR,16.3208414799173,450.500517828662,1045.562565036,192.244343997299,190.121065269266,20.0790054685278,0.165999497321798
SLIT3,6.245325200232e-28,843.745163855167,456.121964130383,141.02903850058,15.0899289896618,57.1942903990259,1815.42753445006
CYP26B1,1.41976861176851e-29,970.465699859242,6.93955813832038e-18,2.79729673268928e-11,7.11980127788721e-11,6.34225095526686e-21,2.99428074779798e-35
CDC20B,583.214366440631,638.169111110843,56.2891114168882,3.07394608231615e-28,0.0154088141964884,848.274749621382,3.13582618035934e-19
NEFL,5.57479226810906e-24,1.96065462586219e-15,6.87343930514378e-40,879.08274517287,2.37688640671862e-15,7.08941686541282e-42,1024.73979072102
BCO2,683.929807079064,1180.18147499842,0.000675516574324827,2.492362714777e-23,2.66372613233939,693.075347727908,2.38337308374193e-26
SRCRB4D,9.86692825876452,86.9965815686389,1.86018012315414e-48,4.32533535835932e-05,167.514906229929,5.82278000386108e-40,411.350565828936
IL11RA,317.336046906834,492.186633785479,415.442112041602,156.060725332243,3737.48212958871,423.848582807534,1.67278090032782e-13
PLEK,5.05157207493046e-23,8.19522411934447e-11,1.19602875291676e-13,2.9533864688953e-22,2.01923591448619e-18,340.464840545436,3.77987004133715e-12
KSR1,1.19575083405567,275.909172716261,205.630037889057,3848.51680153565,78.9476063726532,153.351301163744,1.302192964398
C6orf223,0.166511923144749,742.946852067662,2.46302553841495e-28,291.096923243961,2.13578222311816,3.44478398840357e-27,826.251644491171
MST1,379.195354882081,106.078726605547,83.099316712427,532.829795757777,725.893650754938,199.619872059722,414.010777405588
ABCB4,6.55059734699289e-10,1.89975691760761e-23,0.34894687235284,26.8405119627265,3581.56245777084,5.34397281904744,1.41447468625326e-15
SLCO1B1,2.69755755413528e-16,2.27719027440046e-26,2.15482259404275e-32,1.81839378689912e-09,135.912059925602,7.1813070665145e-44,48.0338732355683
IL1R2,163.267924510413,0.00060031446270749,98.212527939774,2.2139516269222e-23,39.9105589359336,7.29375906932399e-07,608.27307433274
PLCXD3,1.87563635947508e-30,5.33296224287058e-25,3444.70784271481,7.60469345534259e-33,3.24918826142956e-11,0.772665178588355,1102.19961141996
PPP1R14C,1050.89197464361,103.845306031629,3.34877756199765e-13,0.00575281960380266,1.73647624154393e-45,651.097864030879,1470.0392764554
LYPD6,314.487814900294,475.941533912083,3.35822947903445e-28,62.5188893314838,4.52940010827315e-21,335.601255088626,3268.2520133896
PLA1A,0.00500662187756031,6.22587165283728e-10,170.289372111689,0.000375609185085373,276.287097324635,6.28238386739885e-19,544.169746351713
CCDC69,2.42324128632367e-08,5.90671074190995e-18,96.0347400417938,5.21521599958087,69.8832728326286,70.654834428211,1.26237268610259e-06
SERPINA11,6.14359316840463e-19,6.26288078752369e-17,3.68691330091726e-17,5.03487727349471,0.0729535887614091,2.30610772524401e-11,1.5943729274349e-18
GIMAP4,91.3410545912076,75.4251655164394,291.345084932594,3.20122269072532e-05,94.1533664633635,197.628415145255,1.12234927615599e-05
FAM20A,12.0212334682036,472.663210595557,3396.7261635944,2.37995181315015e-16,736.951987207337,989.38160112379,1.27220426446095e-20
TRIM16L,182.279942991624,96.4098420812139,38.328369251306,3662.61386177028,0.000734720052121311,71.4484556997527,0.46887643713389
PLA2G2A,303.101539786769,158.675075857264,2.89853633626976e-27,2.08909721570697e-25,3140.16962045154,72.7166486240062,30.8797940511589
ICAM2,481.66654302074,231.226761336013,93.0483301274738,107.601276688387,55.7528694521559,0.0220342833334992,0.359609883328328
CLDN15,365.715916862744,107.865035917402,946.682848451908,222.262016726633,1916.61137423662,144.693160690516,1.60997066880199e-07
ST3GAL5,614.023897824175,3.16474080003253e-16,97.0818313758642,0.0441768975806996,234.001312986666,2116.17800353675,1681.51984209619
C15orf41,140.675130956836,195.896522275575,134.2589869075,534.287602610484,245.646868601799,417.755281155072,338.603527699321
AGTR1,1117.79914722846,150.624264432818,5.56675039380256,94.5673605254396,1652.74478804325,121.364209393799,719.838995983058
FRY,1.49565810354604e-07,534.85873295406,3318.89793814395,253.353371051279,1386.71077515639,408.60411903635,5.85625986506517e-10
SYT7,321.366632757006,390.764363260134,415.353435626061,684.990162772074,2435.05795452272,286.165905379631,467.510762007219
C5orf62,8.53643396784208e-05,138.57020071611,679.264724895759,5.12446489732657e-06,46.677976156865,925.526246531007,3.64527238304497e-18
ENPP1,1.64609016123407e-08,88.9170560186275,570.613299753417,120.397239982285,3700.10183907942,149.154748810154,1.59539876613503e-25
CDHR5,643.870353810574,272.823488377413,169.926905330513,254.88856959494,1012.90419870971,3.96756800502133e-26,731.365888311929
LPXN,546.193317996536,57.5994342837847,2.34906205410037,3.59749702441331e-08,9.68181993758578e-07,359.027151072709,188.041588778198
RCSD1,1.56751486434355e-18,121.806621476878,230.681208946436,1.77401415281111e-12,1.42103290416866e-07,164.251885189757,0.000471197917718381
CELF2,3.57398718372413e-12,65.542864112886,2.0945509089001e-08,3.16156574321417e-12,1.50459580538264e-09,159.581429004257,1002.2085506689
SLCO4C1,410.262966419573,6.64640326746505e-09,725.691158826516,2.58588395982833e-11,1.12789414271046e-25,2.33878948709876e-21,2.67264718740945e-14
PID1,228.952165242397,410.635127072821,1573.85903627997,2.58102624723624e-28,3171.0057973675,689.961239389309,1.27261242055359e-27
PGLYRP2,0.0784943485354743,214.936871999857,53.5461696534345,1.08303053879181e-05,1213.28801489273,2.58643112034252e-21,4.83550598193862e-20
LIME1,403.200549589297,9.62246611691449e-27,8.93041371883741e-12,604.780970811293,1124.48532813349,3.04073388284484e-18,3.60343785882686e-11
CRYM,1780.23851872444,8.07819994685042e-14,215.730143567454,1.0013412803104e-20,700.939841331572,4.42814099472941e-19,1308.2055796985
C10orf108,284.630257899995,437.800100203968,278.823551972507,0.000495292320361675,53.8377532410968,77.8350085375213,1337.98006925206
CD163,1.27049671506936e-25,5.62247338654687e-07,307.142065220228,9.07127118380922e-21,44.9719809714413,1357.53875254985,1.45900569983363e-19
KIF26B,2.05601286077004e-36,1108.7848866315,7.24393458668687e-37,1344.880466399,0.00659223368720396,607.62575924038,2.6537308297188e-27
TMEM45A,10.2970164211142,510.830363716936,2.22881427079402e-06,0.0031751676320394,2511.47809693777,719.20005981423,2.63757432809079e-11
MCOLN3,1163.57771556618,239.410094959583,476.929015905972,1.36498408716328e-08,1.42576117136742e-22,74.5773864194567,887.936225366433
PRSS3,355.632491813198,4.3766222233333e-28,101.939625111794,405.862053014502,103.720512762635,435.878170907483,0.0013557589256982
PPP1R3C,0.000110512819281073,238.535539897158,44.5331316374451,0.000143684875011573,3443.66308262183,864.568870810668,104.104807572343
VAV1,0.000225813337889329,157.070533009544,2.11646286614461e-28,9.20186487688966e-20,6.20196604482346e-34,280.93830683814,253.593095851113
MEX3A,106.001811900132,1107.04414154963,1.12534520193064e-27,1982.20099451124,7.46041661155318e-23,3.68493726319086e-31,969.995667880499
SGEF,416.887746292445,318.092372358563,1677.15688072666,166.03113351804,3114.62276346273,480.888726231712,197.238173029084
ZG16B,298.725387298292,541.442286986817,821.568283045724,0.0343511254329741,47.251761280298,19.3596626857041,3.11693629237691e-19
ITPKB,29.4893806841129,422.490278162442,220.880612131801,1044.92039368878,93.1210962276008,78.4950763406275,315.451177376645
HLA-DRB6,1084.227152583,1.09742190088966e-28,2.92022111527793e-14,1.38907036391548e-38,200.826364311404,310.722352422574,1.80909229837897e-10
CDC20,519.629384023399,115.791651609036,6.7422220130814e-21,1544.83782494299,279.080842331893,689.280968322696,0.664507680004829
GJB2,1.84746031178387,8.59734691968552e-28,895.174049120774,1044.13092912173,739.093841459395,1.15227781310081e-08,124.726064760223
RIMKLB,9.36385651778196e-23,2.61439458889628,0.0259451902124549,2741.67885474369,2.84632268873701e-31,310.336614773282,1558.43279940227
ADM,743.397288248408,4.3999074511674e-13,674.683034354665,182.036517590912,366.237698415031,2123.03358158102,838.000699490925
GALNT7,2.5532191643725e-25,3.12472911001821e-07,92.0609784729879,1396.2260811401,4.26933735835871e-17,439.070877811801,465.563301967808
GPR160,113.977733572992,194.668550600406,156.870143722817,139.558067239034,448.864946276128,399.191957589665,0.00372679071069094
ID4,42.8760835558355,433.387166007774,77.5031223482858,763.064175330106,2.90138261240616e-25,388.746193429392,1025.78495293951
C1orf226,441.091247420188,212.977971707456,1986.54988215012,622.427832885014,2989.47578897925,338.573088726251,7.89879553151907e-23
MX2,1.23561773761896e-14,250.047937265519,1.39167777730545e-10,239.009273033221,55.7513505137347,9.51101087229418e-13,1206.53334725234
PCSK9,263.049454707356,262.826340406637,2.91766734522473e-31,2013.40525417399,2544.09271555858,9.23789803094577e-23,0.000596045812564068
DACT2,497.219210045005,1154.77887285869,94.3527938592605,721.74838271939,1.00868354506847e-44,79.4519236881883,0.474125196213499
ATG16L2,193.857745438849,311.148275344304,217.929512819271,1617.31585487415,120.108465511161,314.41117396054,191.453947005304
PON3,0.550869695050473,1.63077710801279e-07,326.055465812611,1055.10589432198,2404.47277174305,243.809009375809,217.057918200578
GRB14,474.380066087276,1171.52132995792,0.0308887018028459,0.049065107018878,269.91458873586,8.10381795700639e-24,0.414283798837714
GYLTL1B,412.235031673476,831.192474418358,2.98713147142610e-11,2981.62889155574,286.681544555291,410.392405072243,0.0135915571024055
KHK,616.048680143291,162.466707377204,202.66808441679,247.598340111804,2152.97963327427,238.458746236924,335.442944017094
F13A1,1.15423361065405e-30,9.69525733748397e-10,233.232128242318,123.352402241675,2.51711682212909e-30,858.016669579493,1.74983717017042e-29
SLC16A4,167.948362591163,0.0173498086752801,5.99821641068041e-18,439.142618162377,2.74443659975469e-43,4.35657434134297e-14,2095.5882825166
DGAT2,79.5135467199162,321.154524284942,2277.07672091013,712.958074034215,1673.01958400283,1.05197617721152,3.28051688768672e-24
MFAP2,278.293608592282,188.38480928428,1.53972659511502e-14,92.5230992204779,1.30966754049013e-26,357.36621368785,1.13069353205532e-23
ALDOC,5.21595740430177e-06,220.654098408447,352.445829464643,1011.23854597302,3013.84014813732,999.768318450974,1.30762952828493e-07
GMCL1,13.1738580130504,504.967901072968,383.843746955529,538.595735364733,100.188073046529,139.003945978551,190.004258089741
HLF,773.125887319976,2.2165374693347e-05,204.382673025432,1.82556994465668e-27,404.194617418715,576.383032299958,859.846099519455
GALNT14,660.557306490688,0.00204022438220684,4.16806744194906e-30,5.31107251425433e-26,1.40582272117497e-36,253.827854609118,2520.37274929142
AIM1,1.93774125264743e-15,284.634782223332,351.484413064507,436.839945648743,587.224410949215,644.389389065785,1.24032772150947e-12
HLA-DQA2,299.961265716924,1.29317702137677e-22,3.21794973259507e-27,1.61636045240536e-35,6.7055553223255e-13,556.738555169514,7.20005587486963e-06
LAMA2,8.39840091925412e-06,554.803900252125,340.950689880068,1.68136675017272e-09,244.171526753591,306.825062800812,4.62986132550161e-24
GLRX,345.592394264493,5.74956302984613e-13,798.906367311082,144.544056042382,2906.25056753429,166.475616939758,442.227887889575
FNDC1,8.84912950260131e-21,793.30394968287,96.551139028958,0.385240063840163,6.49039268288165e-22,410.510947241242,2.51660926632444e-15
PSAT1,59.0291389742393,6.30961726065111e-33,1.32937284413123e-11,1340.52562891812,1156.05484855532,1478.95249334853,522.10364546531
KNDC1,663.451511381019,812.978682196035,1442.85713516197,1.60596032063467e-19,946.809260364422,456.463075445609,91.8530718790762
KCNK1,141.802900428076,150.386145117753,56.6569214851325,1131.24479299957,246.118276977426,489.725808302314,1428.23393236344
ALDH6A1,4.35609274695368e-14,269.727363100287,3042.06273264113,24.744606595633,1422.12823154986,72.175018231541,137.346115406573
ITGBL1,103.496462205246,371.802369396511,278.671279458454,1.2715865969477e-07,1.44804959982143e-11,333.185522692912,3.74870432876818e-26
PTGIS,86.6663732201393,265.162181902252,115.958698783489,112.650244928652,1.85493365704937e-16,536.863226830338,1.47809253157376e-09
TNFAIP6,0.00941959237583353,545.732070626042,0.000183296141208371,1.0796930686645e-22,3.55970983213629e-43,1209.56457815846,553.082180080983
AKAP2,6.22024598178873e-26,406.369340910932,605.913156966586,9.22523669216111,211.314575320311,2708.75731079112,3.90778584768808e-11
PALM,2234.59258147799,570.613826601134,604.025756351187,0.0490224282900307,1300.4149336204,13.3105601860096,105.419864652437
KIAA0922,188.226696870455,235.538258158526,758.05705868095,245.028587325085,224.996481484077,177.409572501063,30.9102046468844
SH2D3C,152.127642184322,147.208717835345,397.895660338801,2.79453857616886,168.788124511161,0.00377574749427532,0.00029333670552306
GGH,153.52457831984,398.742103810588,0.542147562589016,2715.76622032504,2003.31990936835,469.03999909802,3.85128463934596e-07
TGFB1I1,335.234185723259,555.890314555168,191.190538773419,0.00452458277093919,0.479043129638185,494.105966749894,1.72620880899158e-06
TBC1D3B,759.765877777192,478.625583105087,28.1330134155775,181.087591648996,106.856350511124,222.784012553053,88.4714296949927
CMTM7,224.550558149643,556.108979944995,1.1127447861918e-11,343.614751919025,2.53356747191645e-13,814.141450385182,55.9247677216375
PLCB1,162.40137720178,530.757184775941,363.420105200311,839.656700156311,213.641983402513,174.887731215475,2.17455091007722e-05
PLK1,147.432731095936,191.822589326976,3.60659056659145e-13,846.611097155757,483.832334193821,699.529439582206,9.05334576111668e-07
ESPN,1700.00679612433,405.270503860723,308.763725760507,0.00151917658470775,2083.5435727208,8.53809058079173e-21,52.7662500496497
RGL1,76.259337660394,906.769205079743,469.57796566975,340.39610176634,5.25874510643484e-06,560.088680533087,1.46618213616583e-05
SLC46A3,1.47232506620218e-21,5.84949755663913e-05,408.177562071369,33.8609141098818,612.568429787577,175.141275617588,1.20710773363353e-11
VEPH1,42.7085122167265,725.732369680337,182.545108229299,6.57824957970159e-27,1.7451992034091e-07,1557.51787111341,384.544320632864
RORA,13.4219215103131,663.536185966719,2525.54750926992,136.08446411518,2454.86084218816,567.949964798665,361.732650841111
MMRN2,314.610410143076,288.872933046364,1734.6891165525,10.0832893762248,162.019211205495,1.05856656296869,0.00393011564031445
DTX1,101.656663639496,586.328821205144,225.986482878205,164.403720272748,3.85052456048257e-12,89.1658935340897,5.58923737571369e-25
LAMC3,703.989775816275,644.049617822878,538.913931368349,8.5790606136079e-07,716.667818426719,13.2085453655913,1.06986297982646e-19
SFRP4,142.783473468934,418.707278179688,173.645282275389,1.01700752447166e-15,1.71746773153401e-23,589.748575299464,2.63513119704213e-10
SORD,190.151496567941,232.597332752872,400.976842713028,2117.83380229408,1135.29031938565,411.051646786728,167.414212045086
SLC2A6,657.18268361323,266.604287036628,4.98142487581159e-28,100.826084891684,52.5250337564686,932.310622358493,478.931537513408
BLNK,510.334155618102,713.687809141587,2536.16611412732,1.42178013154142e-16,304.627508400536,5.80195938461954e-09,41.1800490574474
CTTNBP2,477.903287270175,159.919493537028,508.616558617497,0.000436414982157037,8.24527081934989e-22,485.067888550618,253.773926424733
DENND3,228.219147085922,386.228301736982,415.341162405281,411.431477421915,132.609785105315,461.435155165834,697.020826106635
FCHSD1,434.038734738096,504.847009036584,295.546242131891,291.267417274479,96.4663904698756,562.190808321516,808.939813171197
SLC30A10,566.542950357665,1422.7915422566,0.168135381013706,1.55463136292459e-19,840.433250679139,9.33822682632731e-05,8.62018001861654e-09
OSGIN1,631.432580507454,125.856952687359,220.564566662738,2556.9554520053,946.166593896791,170.537081905973,448.997831807134
LACTB2,433.451731182769,146.177609090776,529.171565776773,313.106272699593,262.138397828345,630.864237634674,704.325602294989
LASS4,832.94754732833,426.669184073081,880.022451908369,4.00499399272767e-26,560.189555951464,1.59196754445696e-09,11.632273450443
SAMD9L,1.2910160633347e-13,0.000115568078209062,6.65499790152585e-07,1.84657496419089e-09,65.031128518763,135.429402434104,500.31154413451
GLYCTK,1775.25135065226,73.2467753037626,334.482657359331,369.624108527149,815.630358365221,3.46112930565093e-11,856.184611076535
PTK6,165.783670255199,1241.59626147219,891.271716935324,509.277304181355,715.958142971923,2.69855879362989e-05,480.750871857675
IL27RA,615.777504391909,463.202272631537,0.00299820199143456,4.08921001490664e-05,4.09831192330518e-19,0.0138730363331237,0.221555070329338
MYO7A,414.696382085238,527.694236112516,1203.16795866261,83.6133341239589,737.252849703719,6.96126381364612e-05,328.28389785279
ITGA7,429.640205081472,334.731184801828,2827.34812058705,1.17020230925036e-05,8.92425475313843e-15,323.373133261432,5.43632228837764
VGLL3,2.33205976498846e-23,842.170354281298,1.06043064614211e-11,6.47546716877678e-20,4.09076416241726e-23,713.495464938324,1.39061636931247e-06
IL6R,2.12651438761877e-18,398.169361051938,1424.61677508015,4.53863383559174e-13,2420.80048998398,20.1775423778312,1291.99097816449
CLRN3,1510.76057415908,396.931876904751,2.08650645304663e-14,1.49937867604945e-10,1210.25026056715,1.33271168029636e-14,895.105820293784
XAF1,3.86840442568128e-07,129.432923895068,118.98933413488,150.735327462178,693.647859712933,11.5937320220207,1978.17479492142
CYP4F3,74.2375557085038,3.36725254622582,850.216660457908,1369.66833195262,1862.09229043392,1.48529219989457e-12,624.405214301764
TMEM125,2204.65780867811,665.754307977883,513.273528283019,457.086800944662,1.70635247029028e-33,201.027837028562,551.743876254505
MANEAL,204.846210470144,370.48107964469,799.774215242313,175.703350826792,144.809305467964,969.299825588821,728.578595711195
RCE1,856.034551785202,421.740089066147,304.225372521343,3350.91050003067,298.291030051788,659.822708018651,598.091762483365
PPP2R3A,507.895537035731,0.0163268876781757,442.923118598828,120.176259380086,8.92867545067062e-07,1494.78241952516,2028.45389083805
NUAK1,37.6476684255253,737.091269802609,282.339207883642,111.618856054847,183.323829606842,5.18300099372184e-08,0.000942798682538969
SERPINB9,2.24498150346042e-13,282.9816760167,0.000291533512030807,517.27628266018,41.6903163249867,404.086128664558,174.066620273794
SNX29,217.387384083901,410.528725664794,865.27605542289,258.173736133689,354.688425349332,5.1978986036193,6.40431784644933e-12
SLC26A2,9.09931495327042e-09,482.95808356606,212.449652363451,572.31122778726,487.214785589897,2411.60523515769,184.878334395572
FRS2,89.6046847124745,760.971229399207,766.919299456266,3200.2419938475,333.631090174598,429.42578875341,266.53544053595
ETFDH,158.850060961,257.736858789188,3045.32597548801,74.976979561364,840.042723713236,174.096844233165,114.436808367859
GJB3,1050.72160840726,113.593334541504,113.945125542866,187.681035951823,4.30036031877271e-14,1.67113049869984e-15,825.279504079169
FERMT1,30.3265313524222,839.013771575345,205.377183578016,2350.13028297268,1.73656611946541e-27,337.496180395049,130.214595352545
FOXO3B,254.022179277633,783.473743800868,2990.65052426612,630.862904192135,653.377262696084,287.651696832021,0.000670016718001719
ECHDC3,5.99167067667065,457.305116898462,1806.63317974548,1.10745221273184e-25,1548.91327352464,0.0025634080567902,1.7443360334987
C1orf38,9.36433092100162e-11,72.9162671985563,80.543371341088,0.0729036013250564,85.0031759757146,552.078270347567,244.027207125274
CACNA1D,3.77110046571805e-06,1095.46508808597,816.149911225358,245.908063275841,47.6200165061196,155.101959916354,1362.73827445137
FNIP2,4.0928783755497e-20,955.06858519547,1536.28501015976,7.60846979889573e-11,418.433255105158,188.905929761588,959.652935839853
SH3BP1,98.7512611537105,330.608564376481,7.61309615758235,505.647944851882,230.033941719439,54.3688903250731,98.4310862286915
CENPV,1615.6921678513,466.95782704085,1.00259301271572e-05,1194.79432604632,497.805121049068,6.71958510096645e-14,485.959465742807
DCPS,787.654025399073,261.426332597215,175.016248595003,405.137049749928,329.828029527598,197.886156415076,497.665734805207
AG2,1108.83416878542,321.316494815289,336.145329979452,0.00800616588118174,2.02639872215334e-06,1253.71869031308,0.0527231541030787
METRN,1875.67017254261,199.388697326676,90.6754125975297,516.612809720801,776.280264036973,1842.00680120797,392.571112526852
CREB5,1132.94437115064,844.042015785788,428.643961864786,222.379096263169,1.11300746922444e-06,438.471037196551,2077.31733062014
CACNB3,689.021799168288,501.153596812477,188.604838113113,436.698365158873,1.16257677058971e-24,818.22806767242,2379.64964503264
FCGR2A,155.911869474773,224.737787453356,211.11235572493,6.74427047042391e-05,0.000789962528792261,1193.78045534322,136.924841606385
HAAO,1042.96381981568,11.2764796558473,1160.58002096912,4.42802431070125e-05,1616.62433592272,173.839598703168,412.927051406321
SMOC2,103.900386982391,388.109685847121,557.154216656834,0.000882727581205661,2.86163527455031e-26,99.5671436176806,2.54507843736858e-18
MECOM,0.0404983311823982,268.801247204766,996.817492249193,984.532196090855,0.0229300760207242,163.770270272767,30.510011398329
MN1,574.516958360747,368.006239283592,1.63828270882484,2178.34764920877,1.59169071532566,1.41998355054513,759.62917012966
TRANK1,1.10101968445719e-12,415.389235202925,1970.92562353253,3.91828360531292e-05,97.7577559989507,512.274419722394,214.654352151931
SUSD2,478.915296385423,501.112436858201,2.4248676202453e-06,0.256282864847241,21.0561570704193,710.27413398858,0.00249323951293734
RCAN1,183.88625603075,139.368288031678,2274.69299255261,139.682206322108,325.057923069484,672.778702343638,561.726373179992
LPHN1,631.118493991998,658.342667039704,767.038189940179,6.05218360838119e-10,2402.97498915479,26.178919251682,1.63657379036673e-13
POLR1C,812.189378226285,391.004084712765,293.775208133868,744.661501252572,210.306932678871,138.430350525639,64.036509328751
MAFB,5.02474903807428e-06,0.0111696236762699,345.445548621258,5.80620315306363e-10,1132.11052228893,440.485675770649,0.000353354272494651
LOXL1,108.068619457382,303.790560797818,64.7419752689559,170.930342474152,0.000377849748137753,590.495623545381,1.05387724677467e-16
LOC113230,1648.16461397831,789.534115611809,377.562751228134,245.209770732182,443.561540463136,114.362525387182,754.417442236155
LHFP,19.5321648302879,465.412522900121,551.684186814293,0.0451495018682619,138.209980334127,247.535697922092,1.54846033381681e-09
CYP4F11,208.238038198745,389.618769667862,447.307099135843,1929.30236748585,958.077716264424,205.98723261168,941.324972719302
BAIAP3,301.330865990721,1175.83834941019,0.338995387891348,102.235009038385,440.307761120407,369.06783024405,29.0990791137761
NFATC1,606.51498764385,461.295881598141,605.276650131839,7.38662808534227e-14,256.27837528372,219.053607208606,0.00858824744790317
AP3M2,185.945972077997,1292.31135241112,834.902182543717,340.24424537088,372.667082612839,537.382379493721,570.620444868598
ZNF469,0.000433438069285346,1186.91983943968,0.00112839866124354,6.74512079857084e-07,6.06101548783116e-10,338.013797672443,7.07125313731531e-13
C11orf52,1901.82109491002,747.661680737513,969.714211285833,2.17363144094353e-19,183.922005828332,651.149401374611,558.538054897152
PSPH,481.496594925216,7.33692577176323e-05,598.062580005221,367.139004067987,507.105654176171,51.8861970494003,571.012976364651
LOC283070,108.383606297659,473.651996190302,0.0190280708877569,7.52188351090448e-11,1035.3773114699,549.402686205409,1676.7845017912
SMO,804.918617848331,900.225342202405,501.948352346517,1255.01277590648,493.56954243929,3.24600223249048e-08,3.03885435404755e-20
ACSF2,965.481010382924,180.189254127054,321.54181496369,726.508387124071,1772.78624368111,1163.53797284404,310.737497998046
SH3BP5,0.00104563572748432,201.688159395412,645.28847510328,560.719258932114,59.5978214758928,468.092385158259,27.8308539622135
MAP1LC3A,1961.47807782813,315.667560209422,437.652514454162,193.99147594531,820.225258194539,2.08393231821736e-09,219.724476968966
PLSCR4,85.9445653833516,614.216195075328,1869.4830239283,124.226134834102,414.929928049799,1118.90920727971,0.0184311220506594
OLFML3,1542.45991320446,302.993849639212,6.83682422204880e-09,2.80431214599069e-09,8.9104075059314e-06,34.2828582453087,200.278044131676
C16orf5,637.058373680994,221.670492905204,637.248510983623,1.95811604582495e-10,1907.33762298435,312.14768349437,381.591191264977
PHLDA2,422.00111553964,384.096367651429,247.45919050119,0.00688422621553788,390.021592567036,481.626629669701,1031.36732265633
C20orf54,369.935620207429,1079.46810311417,314.801285577594,560.441776433784,1.54682743938866e-24,116.398179176643,214.984091970837
ARHGAP18,1.08595887778875e-16,607.659203053524,2285.13040225163,821.452856895213,153.680960743532,556.983338554602,2.03666789116598e-08
GRAMD1B,237.209947565953,230.371476308453,1744.07880711998,208.043166056017,186.609629365221,273.569015090367,2101.73016258172
MAST3,384.960747215635,630.683174937612,954.526118577886,190.802894188472,983.648781617032,262.870488637217,107.873246922739
APLNR,714.611191463043,456.055746779379,724.857843544427,231.531148275833,272.735189194202,3.59645679133806e-12,9.5166877517185e-09
CIDEB,490.940902918908,117.258759803061,263.626495819087,492.872663139886,1646.30799146829,294.757428515923,863.121310917995
TMEM175,483.925472731636,396.89969313922,812.586002313989,239.424986415578,1783.6914990288,292.979824488627,461.141407683001
COMTD1,897.114484563038,385.415026556266,227.01676986712,164.974780011071,237.380847201264,1643.31772859341,767.966455348152
STRA13,1198.9162919179,126.493945798244,290.469275764373,2785.9258993451,914.850860871199,645.961480321603,752.082442254443
CEP68,656.687436556371,635.3321399206,489.771710483649,818.035882540362,143.021420310399,509.841863279107,362.004715103744
C4orf19,871.057264482559,326.637415909026,400.563517635407,87.68115756135,502.581940145589,848.95197072219,474.76940925183
CD302,0.000406518912487021,327.937606970487,1324.81288497299,318.577026453348,716.240123681318,345.627837312192,1.27964701002837e-12
CITED2,2.25419247988635e-08,604.600217781182,2067.42069973626,558.121268795649,1290.0559406831,983.503507250261,0.000748233196225159
CDK11A,125.621591004224,422.182792480829,368.027691037241,867.368478893337,189.794492649931,334.932190898604,193.471800472245
APOLD1,323.371862415378,534.354350573223,2168.94969585426,0.000878331424936911,176.296465963525,549.419980409133,121.828257138992
OSBPL11,93.6480281868605,315.41203538784,529.615003790324,467.246186860017,3000.59525266335,312.260923911456,179.406703878951
VWA5A,145.551998624552,455.002154150925,622.44037016707,594.910725651606,2.52631485989118e-14,0.000424327354109542,837.610621698922
?|653553,2128.5472551712,243.737939295509,2.9876190411384e-07,46.4653192668413,150.268173761098,702.565066752696,392.293296734002
NLGN2,701.167449311332,715.541227419411,24.367440188485,47.9168673280544,83.2577298452994,670.015453167466,32.4558342902111
DDTL,653.747934241731,224.838968818563,836.465266471364,884.915361615838,2714.23893330396,427.699223263501,467.710739241024
B3GNT5,0.00077103347394315,244.609404357599,878.550304716009,937.848610775853,931.333512119479,598.426256107124,904.139879350212
SRD5A3,560.44840461712,505.761830869212,236.469584677459,688.783066511645,374.757188210294,131.096916221415,36.4769045577503
SRD5A1,535.505579947323,239.560762693156,352.452014254633,378.921996954843,2300.38496143024,946.729249548314,298.598630385137
C9orf142,1464.52112772563,384.548074735011,236.619024846328,976.90243813147,990.661710499853,621.061791585968,387.644312924778
TIPARP,177.784125970029,246.18667951603,588.761522923431,697.940826434286,805.481765011187,1490.98273775595,583.280649448418
PLEKHG6,748.038370651822,1049.99560900244,248.075129470157,336.542411740992,20.8758668073619,240.923938725165,190.977283715109
TNFRSF10D,398.282938151854,327.996205850839,231.263346250527,156.77607332198,354.726983606938,976.272867714432,558.212196987617
NPM3,1063.45117445792,472.321051621869,0.000863058287930696,1280.09385023426,4.52044615117521,1244.76367542515,750.165232381362
TCF7L1,392.727340139274,896.639056637085,483.626309894886,1423.77748564309,43.0306834550637,411.61339925154,7.09935848893238e-17
CSF1,1.78501832529067,0.998628244432848,0.0824326408962425,1.031711845134e-08,196.55423946239,1178.82663190418,505.387780358634
SPAG5,499.983170027127,348.741233233953,1.73930182573358,1450.58039008665,1006.80944840415,620.99030969225,170.786784335726
FAM198B,1.58321491161599e-07,415.611176062697,419.063899420677,378.154146261847,0.973835125128948,110.009893518792,4.83202835950644e-13
ANKRD50,122.629236992607,894.752074266496,382.347057378339,159.562735732451,229.14073099434,267.291567451097,427.48810108533
ATP8B2,2.31885560149765e-22,331.175984039043,748.332411522641,6.30066471185217e-07,189.202355783926,193.618817790557,964.752154635537
NECAB3,1131.42924588804,491.179008214579,417.401171623585,808.174109862719,2780.33048959463,883.674158906656,356.898634152087
SOCS2,904.06439528781,239.070293917036,2093.63707022734,2.06009953551509e-17,204.045447467041,234.422851322961,212.525852938126
TMEM173,0.00603220335193639,441.3019420626,176.533162838944,148.813577092284,14.1977987898262,211.073951477119,9.70012321131694e-20
ARHGEF3,518.634579611764,349.240971966212,408.735694748517,266.023368807521,112.946617550499,121.569297959956,1021.21151264582
RTN4RL1,1492.6715119973,830.388001557459,1541.39747479731,3.4516128092093e-29,384.890253162294,117.407728187665,691.136062392472
NAV1,4.96629234313545e-13,467.269901952269,362.876112694093,768.083092288387,79.8050796842394,871.015774955119,7.01971645842626e-13
PLAGL2,4.26342113826192,474.73791572306,465.6067371188,1128.14326103742,221.544070780585,187.249852243289,83.7945913994138
MLLT3,1260.36406783411,203.132508874405,295.585131048365,111.170500604577,1.15465917018992e-26,629.96695994605,1700.78736215658
ANGPTL2,0.000618078992308999,628.878829681377,137.019521094984,20.4209766282259,62.9350673651281,551.534067121901,0.756326248977248
LRCH1,40.6768712490636,277.250372325679,354.620858111146,564.442540482954,188.178655833882,351.515867914649,2237.99398125323
MTRR,85.8894796677479,442.059375579402,372.150180851649,772.224693861068,1010.46524841232,567.412446574531,43.5742828048451
STK19,1672.71179135641,503.314555655258,299.63563709161,325.518744417115,2319.55761122377,267.80404203155,36.3283906496821
PLK3,276.469670575189,486.295802249337,138.356552873205,84.7113034048908,0.000689776389622806,709.905291081528,348.278620271356
RAB4B,752.763812167997,177.203087653785,595.686794437612,415.461466224872,1090.44546530538,532.820347561898,331.302346090567
TOMM40L,443.214147953268,919.178505427014,539.62660885594,110.736881754456,2571.92501703678,312.415597251216,721.087688742542
C5orf30,172.33205019822,19.7416014268403,569.609957726535,236.457749017337,74.4529646864364,502.148179150196,1905.63533828382
ITGAM,382.906308960193,699.813046340347,3.38283472917369e-07,0.0155180052612247,7.27566091729383e-11,895.397898208758,7.65144744878213
ANLN,82.1978919146508,254.205322261787,3.95869945044213,1547.51771495693,354.914629951119,809.866979548732,6.98840069439424
KALRN,731.792197821136,522.848949601867,670.761531938549,0.000120177976516302,1099.09193899609,256.522494513965,481.511890367411
NDN,979.007913812389,462.181440995961,578.806454803656,1.67647586443403e-10,0.00212534727938659,401.939502904104,31.2968715791238
EFNA4,607.14724362375,1039.5645554538,191.025053300084,1591.05857892153,238.875226316414,85.27245835057,547.22483278385
TLE2,580.289220751199,1093.68714622657,437.562654387422,402.84268466072,466.618381168354,506.544860087593,0.0001955360404253
FAM83G,2.08678036216724e-09,1113.22255733011,375.197875283295,315.119210669305,568.773189170233,302.492495795936,676.904549316035
LARP6,299.613452887932,419.594934594578,235.543649633756,178.913750091184,161.075634248028,1887.5586252439,554.242928022826
TMEM159,1343.89163318333,274.843421714351,1217.70771268775,575.537018814478,1.40002005619681e-25,947.799191005394,911.838009406225
FAM118A,544.355675217396,878.081606904513,826.196814974723,1882.69358228737,401.731650278678,563.644645619066,1065.17189343273
MS4A6A,261.763542755625,4.09096354934831e-06,158.079530363731,2.05930150888103e-21,7.43144923623775e-05,708.601506796018,8.46750805403763
SEMA5A,858.515834497396,700.697727856957,362.61278461189,1163.45692840629,290.541169264003,0.0114889591494757,1000.60621961843
ZWINT,705.247533873734,344.457225801803,172.374654326906,1097.94603569587,712.951674960259,605.624571126842,631.818161614442
TMTC4,787.587073020321,968.529154498788,321.523106338665,1313.46266218058,142.163321841499,305.669684255778,550.375816846626
TPBG,48.7935119353985,503.193858037904,606.949443719219,819.63994204605,0.00185122681410005,1005.35587144577,497.872395485549
CBX6,3.28355893534959e-16,736.536986786059,1822.51527675279,79.3235462884169,136.874575071471,87.8725696967132,137.145794219259
ZCCHC24,433.571095875658,625.378486116817,976.968675393819,5.56005040658387,1003.15977196093,142.414680844643,2.0033769217315e-08
LNX2,231.054005026992,482.252766054327,2178.89441006069,757.900322786703,1224.25180672717,471.802246691951,740.760747248477
TM7SF2,1006.80953305095,576.903961345712,143.020573510081,288.371833388991,1864.52271426947,118.921000559332,407.435568549372
UBXN11,1809.68668117244,471.468746606345,87.7534489746378,780.689835217784,339.1707506899,478.705450226762,318.545484037007
WASH2P,2099.59558322315,586.153377401012,226.888742100693,755.165505516243,828.053667083225,347.152323939974,374.230511058265
MMAB,2181.03724811986,218.262621023193,230.932572172939,331.945920212449,841.678580983855,451.514657401596,0.110181160062244
NOXA1,1895.1842214833,609.657422089949,155.360037220559,200.584358827374,250.409248515398,739.455266149732,530.849223112205
IGF2BP2,530.159673992887,272.982873606421,616.271315485215,365.318306264981,228.059459666509,1532.90877805886,1018.58818824734
CCDC3,351.907980445373,470.367322138034,540.147327732938,150.661986886374,121.276847800305,97.8379334485808,7.58140663612168e-05
GPR116,8.4762916562886e-05,688.877329583568,1557.69600466,149.770658343661,157.209804469372,177.083654709873,6.26545343379105e-05
WARS2,1111.51481157918,511.134040798048,476.002928888342,355.346728286037,162.485228897382,948.841230572934,739.590085246144
CCDC64,227.519007319568,538.716217926756,1109.16784218506,1405.77292813844,1625.55343170556,265.029252271296,527.094982143217
RELL1,606.473152138503,226.335672833532,2558.924853134,125.429838831775,325.123939319718,599.366465310594,471.975981340941
PTPRB,143.790073461831,901.1408999211,928.769201182751,147.421312744263,256.62182076525,20.1256663500507,5.91599856927995e-07
GEM,7.37737800312769e-18,523.247425406333,372.092912210093,8.39490278008235,4.22933721832995,1236.12955736878,361.451927921355
SKIL,8.42110910006626e-07,1091.28305779908,369.07605217779,537.416122427166,232.046912120962,760.473818961281,347.885222295119
C10orf47,1131.49809440913,736.67053392739,332.628477805377,93.3665306821842,831.684061512744,1274.92539853027,1.1734541737993
TBX2,529.180384454463,547.504832223094,498.888872345414,272.045618404213,128.69979527195,380.633431028449,0.000138515758354636
C7orf41,733.168110047394,938.220804816263,1415.07423406943,801.868625248908,139.38867260295,311.415929289414,0.116927041976303
ITGAX,6.41667610533974e-05,156.780861739328,5.01439480309928e-08,282.414360672176,1.55514086256587,675.481252020944,542.848687607758
DUSP10,343.78182260336,557.010827306229,372.698016400411,92.3315059869031,813.234319881233,761.630185603311,704.278999665111
PDE9A,1660.10908525092,610.406127842599,407.878494168725,199.856363693073,4.97154359028106e-07,583.283402216382,1067.57911011314
ARAP3,119.220513678972,920.840357579968,570.301149643555,360.505879755659,65.3497389566602,271.785671379664,116.890804027602
SMARCD3,684.393024245559,516.405066466933,549.865626330658,171.690426615017,108.586087293397,886.277973675893,176.292682120971
RCN3,871.572875563551,392.218940350031,182.767770692165,250.408653390077,93.6945289318696,275.610848902073,4.24086625753919e-05
SDF2L1,1302.54957712859,209.702263141342,360.03416627006,980.570802364476,1791.05607437671,390.507749077546,979.539380481323
ROCK2,1.62781880836354e-24,751.424041890687,859.137156974377,1500.57403610339,364.853673637235,740.01045322119,371.460451126428
ABHD10,996.883606415542,234.006078082021,713.167074699368,1311.80693088958,1743.10298930251,370.044189146599,201.118979960695
CDCA7L,825.025113157849,519.941714893001,55.8098719690478,1500.60386292683,126.725966517073,412.931405940394,651.610192746358
CAPRIN2,35.6258984869701,961.140499788494,161.928269639905,348.139422949334,95.5650874140698,421.785458826719,800.968437805964
MFRP,1148.26931981047,569.881375858035,300.362080380798,1.35224225641002,198.213976076623,1254.19193891123,31.7077772452217
ADCY7,71.8671131891417,463.55610919796,66.7581488209999,232.300080469239,3.75513735108668e-05,539.186522068952,203.761653673657
CABLES1,904.943275368206,540.001844007725,18.4094477467844,471.899988901427,165.709941820363,5.15609455827251e-23,920.374479969176
CASP3,348.495897108786,513.598225129917,1761.61446847121,1161.27188184112,253.279719281497,136.742986958221,390.11484419044
ADCY3,71.9275746774953,349.106171640498,561.682780285696,312.261213415132,7.1672451370637,737.558107515371,667.37630109415
SLC45A3,177.136638366722,1013.35741613902,1.45560484568143e-20,211.953834897357,359.270320334687,313.779227050773,310.920398511555
ITPRIP,22.4583226842008,307.377376394426,1142.49868766211,1118.74831640704,95.3068912400777,999.813107843613,0.0205757282966516
MED9,702.070198860156,490.544424350082,436.996946483526,624.344773974944,2661.99183150654,426.479181901337,527.518310332656
LATS2,62.3118378888996,777.233397707446,783.658373613691,498.159994672992,130.398765686727,1353.15534571133,515.72192862871
KIAA1370,212.439387771342,700.882159748062,2497.87422845772,155.127179965007,839.231009049495,360.306587504245,577.256808107856
KLHDC4,2112.56117202915,356.501941943344,305.681557081568,253.623046424654,429.281745246433,643.979714757067,495.86435049136
CARD8,250.225318180525,578.637441884233,453.039053386221,532.519305863983,484.373234708624,103.842524126342,211.550119112413
JMJD7-PLA2G4B,698.685358897911,546.016303156747,530.900356227732,1247.56189749612,381.984869494039,394.76196280339,247.15167495401
TTC9,205.39318795612,236.354673921785,669.5224396782,525.210473862837,167.056046945812,757.617616785939,904.177544761284
ZHX3,331.322755519385,1180.70490453913,1196.63821974896,239.975934118249,737.977804464181,235.329891693065,0.0214578507462767
CASZ1,153.10550180731,802.371300908079,1597.97876092791,1526.27017897837,201.800730320898,151.845227771139,991.77517315749
IMPA2,1102.83888841556,462.633698676829,197.629658478863,1344.23222427661,458.608227182419,0.0938449987278168,466.806760709294
NCRNA00219,1579.08235024171,450.000160505936,226.390932490124,458.698620097755,114.280443732616,1282.06585095062,446.443697857325
SLC19A2,70.9907090113781,920.845503340479,424.907945374011,333.651662004575,1510.30181208473,403.335482377194,0.0565837364062663
AK1,755.076741774924,326.910062957364,644.919994966873,778.056756651673,1461.64348457786,1015.75595938738,131.825350698989
C13orf23,105.297797542134,599.648046812501,925.047886490372,2095.84334180512,391.371922569616,226.54633900088,703.322256501958
RASSF1,509.872277341202,423.48213117282,605.996543385382,291.076555689513,292.970687229661,432.052145901799,61.2176724614518
ORAI1,591.711940543641,684.931355691972,122.212119777568,201.169598758619,138.469291285322,542.768160211852,259.850041476341
FRMD4B,1.09266187364092,1166.96582136105,958.884937775609,665.041322898381,163.201887803535,470.49165707447,372.821835033268
KCTD15,821.070892564126,446.072147848712,237.495809035685,303.28996765921,227.433388847037,87.1904865878081,639.274171933338
NCOA2,3.6010541446059e-25,696.029349992731,1086.5426581197,242.271373322916,331.61544682859,276.724310103247,408.648450574495
ZBTB40,87.3593557045875,595.191293937028,1000.01469734963,941.424066389188,415.101794029412,120.453009086376,52.4984280622132
PRDM2,98.8394923263213,664.573756036466,1692.64328135018,364.48756033625,284.637847608831,434.3565138112,166.909249853848
WASH3P,1801.52218997831,676.244166702903,414.351950739447,1051.29705777179,615.701124941224,556.210363025866,468.86723926473
RHOBTB2,287.578785009808,273.412658618248,780.436527976142,294.48067300786,547.056939688,154.20865891644,679.592696564113
LOC200030,95.3970040448662,1355.78228642984,410.220802627167,897.013123063775,1170.23903284065,192.408232333222,617.9949130593
PREP,58.6661663026352,445.167066340147,1515.90506250753,1899.02481803037,1118.58663745878,439.577548587325,12.2921716214257
PLEKHF2,192.301207432781,774.098081350213,366.845055386739,227.831080234454,669.918303361747,193.631344541253,321.583738656025
CEP110,90.2619840248653,492.3013928595,568.385057157979,420.622623009502,103.096035084014,592.328992327531,73.5096628623281
FAM73A,1.2634864292642,607.734735536479,1161.52595828971,146.222213153897,287.410261064288,379.445580969608,1235.00757165229
ZNF608,0.000448491370115722,801.804654199607,1231.35584167292,178.445536740754,364.639755332368,922.71528717694,0.423339933753281
C1orf210,1285.12184108086,722.564881949128,1278.99684584121,402.887476978544,261.388489017113,329.639170559901,931.731948613124
FAM174B,1442.89817822263,618.43321101897,378.876356608628,316.919405757157,3.75163819777951,223.611509483515,756.974999203636
FHL3,434.015128583529,1155.38550047854,343.327419239179,289.533271046598,3.45500359022783,528.031315020361,2.03883391632298e-06
PARVB,5.39161818296418e-07,624.439877134365,146.536611034266,1168.60479648669,445.073530331241,207.884186996807,271.319119511062
SESN1,345.633658773786,546.434357600651,1333.77226120561,909.727077934447,1300.96090449928,243.965975782673,10.2613417273408
SEPSECS,614.182247252541,753.767062387904,1791.38806572969,223.143271321441,1228.59049149455,142.721430293302,1029.58672934378
ENPP4,201.193721205074,976.212819040356,862.183146739642,734.395414181553,2225.23040770031,389.082366259045,481.453825514886
SCYL3,144.521565216411,1299.20792901375,442.092334502912,437.093225014924,503.394018309083,110.760704683109,946.037510819364
RAB32,797.12611519023,460.453626967559,136.716663363075,124.772693514709,667.983908114908,1037.83136233456,5.8555869276281
BDH2,976.591363596723,616.935341097036,444.911320857391,486.060574101941,595.704008957872,168.554857925108,278.386054027004
ODF3B,1516.77004484561,527.810791867172,5.69165853024791e-17,2.3395819244651e-06,204.485034043024,258.52311979554,792.690704028542
IL17RE,883.340751816791,631.175384191213,553.134540408422,262.280011841859,195.118222217704,324.315331696014,1266.24581095591
USP6NL,0.00226964123739473,1283.15998348022,633.732778870059,785.243803108832,681.195531174352,559.644788773047,232.608691601205
TGFB3,8.02345455200352,712.369917741431,968.009675228763,956.514695659261,234.984699097382,169.390949474735,135.830061231457
RAP1GDS1,416.014406309353,520.312337882093,896.290766904736,201.304391620893,146.449683422773,829.808687795129,350.098925981247
KLHL29,137.553501758672,578.64491544111,452.524602366999,5.04823134297006e-07,375.224836987231,1143.18873755529,790.077459641009
CDS1,531.40942460019,671.722976682678,1712.85316940498,484.253504518294,313.581011050539,412.644700879798,981.933668045325
IQCK,1893.50560588996,463.925374391718,237.661726800351,194.031331291255,7.80996032397643e-06,139.278138875577,226.147994979278
PCTP,270.444622136003,188.316455411915,811.441915377865,640.189585299389,1390.39319534436,1200.8720308154,535.038759403315
ZEB1,1.85791616377944e-07,304.00993851295,483.773683015479,3.11200723034573,425.355159026565,710.424632956004,8.73632095770019e-05
ETV5,0.00106178344027584,1001.13289455411,193.491222457975,1159.67069284961,317.000785846937,741.592553495918,0.00151013679539341
INPP4A,1.28192045819947,758.962029580729,614.269840536604,517.131150282854,100.012336581358,445.669102457943,140.755247287448
SMAGP,1133.02479069821,559.812236431021,173.60291973577,222.756744532804,333.686398037173,627.689647241422,813.898064142994
GK5,108.295558961552,608.927729140673,461.015520035741,2212.78642313146,1264.84338827127,242.580091724874,549.341804834809
CD320,1069.7567467621,301.783579573084,4.0106438415371,638.686892333398,245.768457762482,692.142994081483,4.60198215924261
ARV1,343.449174296217,913.026920125064,421.404269412175,440.638240976579,1623.11432083428,270.475518110874,500.376669517339
NEURL1B,320.741855556461,776.404385308267,452.223839303733,204.204186634689,1489.31586334147,117.516644590595,173.484240489214
MAN1A2,1.32610478696017e-06,1012.33291988458,1350.7411555312,135.166983915831,399.043951906448,698.402265101643,222.379411263912
SP140L,475.176673618552,292.272610547671,140.27184304302,608.850037765928,619.586615070712,242.226924321025,273.796011362539
E2F1,678.472831991186,570.655014716124,271.79569090655,685.354568722903,1467.51154960582,605.465503959836,464.198818341531
ABCC10,329.358088040518,472.540555746614,589.958319836941,1115.2502833057,648.876561720293,302.015218895907,557.108126474463
IFIT5,12.9231755465593,1009.52693333171,456.996718780852,0.0100109831849757,406.6754585632,564.990884614498,1441.22152427112
MMP19,1086.0662223058,902.516922730591,79.8646271472977,145.322565308814,62.0371735288564,689.747472103628,0.00183446798809891
MDN1,1.57652498173374e-15,610.024366495434,1162.79343593479,1686.50345635056,1078.1131041919,167.800380785383,1.69491515306656e-05
HINT2,1972.63849979138,408.229623044898,758.457480150777,364.237186726017,697.146935374307,668.604373590429,379.58305263162
C16orf7,830.437873251478,266.456623358012,464.71630985507,327.262254528347,821.423001020068,1442.64922227941,440.959490820534
FRAT2,1087.50422449882,697.366619719404,1205.99906818438,776.781016646989,189.364950740662,248.511399733995,1023.43222665688
CADM4,964.015189493882,767.065611218425,581.014335511967,622.339071315999,449.581735068642,842.022110081836,959.503327885119
?|57714,0.131005947270941,692.496491193005,351.566041553212,756.516765134816,250.983490444197,257.342872926547,478.242094202033
MYEOV2,2178.17926467942,398.608417171898,454.007847212025,799.70550324807,351.492053293852,552.041969327455,358.238657548084
RAB15,373.344611118701,563.158997758309,404.030355149016,1593.15246524407,265.351111744771,89.2231557031532,609.382370083994
KLHDC10,1.11515363178567e-11,935.363888019482,883.268247967363,401.922988327992,644.195841321799,652.412327840344,473.342590692044
C8orf42,1313.72440255756,722.251702691514,1092.12650026271,172.217099205932,297.642333876602,634.519203860757,687.083716540832
MGMT,1771.33724023814,191.052731879102,353.666732433734,455.329392983939,869.280206166406,672.450615889976,277.531872603735
GFM2,166.757369426954,560.370225919764,663.57933291979,506.313874373433,2099.49129047243,714.857284510547,460.105267042574
UHRF1BP1,3.6372139740481,605.705720557819,1008.39712371775,800.349957131364,913.820027933866,177.594206187896,272.510695200752
CREB3L4,771.846747804673,1198.78212984509,79.5371286095063,678.170998751446,337.359288616752,245.094809133073,598.070341161355
UQCRHL,1414.63317497248,527.753468067501,799.311093895696,438.725335902479,1109.13030170596,1049.7466050238,270.176373991116
NDUFB1,1661.69566956789,332.536841579418,762.524785748321,716.101706805414,1735.43579849099,429.299862751511,592.438976664068
FOXA2,990.696773332987,656.284249625745,776.293934716328,474.510045671092,1274.65573939661,117.390244231251,725.218200802795
CCDC85C,327.218695210198,470.689396568686,433.994320559219,695.618575103255,2238.47088546871,382.547129158078,240.503431475137
SMAD7,203.015306989798,1141.5110417957,424.135982296507,260.970026147262,72.9835661411316,1041.16475643752,175.964027391829
NAPEPLD,995.758389724306,756.06876943743,1083.18399070319,564.395844312529,440.445858039975,254.085616688952,787.637655594883
TOP3B,1078.51400957385,659.229062207451,244.594567480409,761.331161025358,350.041136916028,72.6871262093623,640.892679619514
ARHGEF10,250.981473549957,758.549827518739,702.740340512738,315.728697218858,95.0831600465849,963.606163900547,455.682442357675
DTYMK,1394.60795444416,358.340992018036,209.733048712467,1310.79214889639,689.810375554628,840.800819863605,539.406797353828
FBXO44,527.117952422422,191.964962040458,776.952483450842,613.440372736132,712.552262003476,748.296443039146,311.369626438065
MYEF2,431.736905716049,721.399488259696,681.905356001449,1563.54640784144,2.75806639207689e-12,663.258388518714,1463.83600457563
PUS7,120.597815882072,791.399440047921,257.629703018862,1505.18061679676,229.206035709456,679.501540174393,299.009301944987
LMTK2,2.31870105263273e-14,612.008886216915,923.113632585205,817.420343186413,345.107319326005,450.90953738813,49.8944251184588
SP110,301.684643302822,434.258505031195,293.415182875174,104.417300227922,248.069950116801,692.461389947564,451.879039243037
PSMG3,1768.89645345404,382.886020386951,153.242467792742,1480.36192545491,553.822665411884,479.692527866662,557.983474420246
TMEM65,173.490040058227,791.708876681646,724.32502362414,447.634429419262,0.752655289917096,887.418669252018,852.0758499479
TMEM64,1.08514315398284e-10,467.114338507828,237.774416552391,359.868475101355,586.603742864392,327.440984416556,4.10239983457583e-05
OSBPL5,263.761875671743,1063.93459264444,712.920933216991,323.164853606747,18.4991676493091,399.48051338301,359.249615570793
PFAS,344.843753023011,976.150468162603,223.370636744346,1604.60031114079,540.050752860329,403.592809521549,126.758252658981
GRPEL1,567.006869519082,368.484511502941,703.362477734349,457.553379328559,2197.83248758872,1163.93975147032,444.52228076479
SPG20,34.5066416681451,257.962906438288,1050.29598183483,896.949213374349,0.000832933903945881,946.270123580379,3.50552649659967e-08
DCAF15,981.110851282582,582.860589448969,400.525419167775,440.009715687801,528.147315316695,392.393916621537,664.521896495355
LRDD,927.932866362246,620.923163154033,391.004440879985,763.687225387899,278.969556806162,589.387457342212,876.539293898308
C9orf123,1575.12515245334,438.826238280826,1081.68719379622,985.87602059592,598.770362125853,890.725685729213,342.306961783028
MGC70857,986.721649694121,580.011418342325,496.551817504412,902.397425271083,1978.46156229162,243.426535295798,290.119025145114
TTC28,651.893521753853,522.813408412657,316.043070375471,198.184229568969,0.267396355060709,119.58461639392,636.922268485143
FAM114A1,3.6942192870447e-17,664.4925508238,745.669964418356,227.931433214243,570.948628461301,549.995323277743,23.2716385043361
RNF19B,431.893221747383,319.217575647649,619.697084776547,281.659529934891,308.118937312814,683.996699213152,1307.21852599974
GTF2E2,646.378814848516,514.68295633368,1922.97493352074,646.518660626491,1047.58280283566,645.567036382912,422.773682439722
LRWD1,573.266001004062,289.350389991252,377.059564857403,486.248868242475,313.164903832635,676.238303626665,333.989276215548
NOC4L,1883.9463643602,352.695130109237,290.045084352103,277.874090676435,407.810193949394,498.982103234524,556.770198698698
MTAP,359.178951752878,648.011677824031,329.287508848131,1233.07580701156,171.012821024451,566.125950210102,447.995636304458
KDM2B,368.91037874643,611.157335034845,421.965966170439,488.609448649567,281.919154251974,315.464550582796,325.706277497101
CHD7,147.867348014263,685.983960863838,480.034923142966,1500.40369746242,92.9617520198626,353.824140758594,1138.0414989115
MYST4,5.63684222294301,979.794743395235,1870.2555826587,521.488878313427,498.339624436664,358.04404205876,304.044883556162
CCNB1,564.721181495837,356.636331966608,5.70649956373214e-08,1286.25554985907,917.871645859149,889.254020506249,305.725076818529
SSH2,175.507154773895,558.869843832933,718.833785337661,468.46486549111,202.83137032088,296.42203250213,311.464401647829
OLFML2A,438.500807338831,679.756927179694,1362.71030657073,616.235903806232,0.000554787666302549,5.12766032688761,2.87894546290855
ZNF320,415.257781807572,896.677529498823,247.975979401722,339.448487476888,469.123205946306,40.067656129921,865.151393849222
KIAA1539,461.687151958053,404.720746272272,277.627806130204,281.037106676218,587.888043788543,791.049788347686,1156.45107872697
AHDC1,108.728100056746,448.399481608466,2024.34490373787,413.551639749472,712.812454863382,333.286280717192,196.698141340054
SPAG16,730.064079852714,534.016516004249,371.801461907308,708.971094159105,88.090834740002,727.88319240693,1703.7324668155
SSBP3,1250.6012500441,710.653724443663,1008.85903154134,333.350793669879,400.572119094235,8.60844934138653,126.919336616626
CCDC130,1359.74468872908,709.612164581586,460.682617655498,454.538076545619,699.721700914982,371.595138737948,583.90693433321
TIMM10,1710.3022790677,156.838584130692,363.084561742711,181.242720038834,963.716447470404,844.187560435616,708.260242186507
DTX2,697.742365178627,250.143846037903,461.923629606403,1313.93316973639,286.377640656196,913.711012590549,68.6127181365778
MOB2,1513.44579683616,415.470907245472,607.513832070492,557.95474762048,651.095348578921,994.796933213255,487.919668732483
SIK3,391.309773516631,620.831915970192,1453.76525012801,450.486353104532,1536.41187118073,523.097696868178,127.711764928194
B3GNT1,1173.58674996295,455.642158204129,670.376510056871,179.460563594003,829.778300153459,518.331372353954,1075.68522144657
DGKQ,316.972819152695,603.008948894334,485.148035319558,1826.78000811974,1288.41896502884,419.59972191677,457.756815439661
PDLIM2,750.620798301772,612.334843250212,249.537079447124,162.914099359343,188.935850073389,388.370711651138,524.5279207038
FBXO34,187.522513260605,1037.37193364856,916.805955478334,774.523945507747,206.791591272418,296.016720298192,834.269073256803
FAM105B,278.36534191981,454.340961028184,454.306087236377,638.694266449514,1746.56325798082,477.247159882975,22.1013981978719
KCTD17,1099.05288403866,649.67525030468,634.497820480266,98.3775910804422,102.6811311995,634.111689393997,528.498573587577
ZNF238,979.196680139211,693.3047966568,411.997239095827,1359.18419020485,1142.49998058334,295.807572390219,344.288648389144
SKA2,534.097310520355,521.715689268179,563.095135492996,431.479444135142,521.478422896384,1350.69232203324,598.633849142754
BET1,451.34882385741,190.549628811902,312.640768241968,856.341621292229,531.667795445039,810.252707518709,494.961886302247
KIAA0226,157.359405201567,486.741206629054,710.105272488787,800.737939865649,713.272698602821,885.386305299308,550.610814862353
ST3GAL2,227.252680100114,439.061539804589,253.394847262133,199.365889387409,615.19321724752,1320.16883768641,209.043667458216
ADAM17,3.74538166427162e-19,476.814913382755,364.39847046524,1305.0685224699,90.1070748069356,535.127826149422,603.139923287091
UHRF2,301.13064405723,655.450261829734,650.606085062743,932.102061998415,294.568542571869,927.251415531441,360.25243391174
PLA2G15,785.732438366813,343.959131450335,536.751800664817,233.111143934136,278.687905275301,1609.43662234237,800.066693198914
PI4K2B,81.9144263779231,393.575505970064,472.990960106053,556.748550610829,2240.81787206075,534.741588961037,468.239061285042
YDJC,1533.72724193224,124.202040400151,192.950071973,1232.36115904956,443.19870011774,594.174944160793,773.720638430399
ULK2,508.131797162816,825.200712358462,1203.05823373574,656.687597170256,546.874454550562,0.00586008622541319,35.6903615486911
BCAS3,695.131038651579,577.935365143009,1027.38788720633,700.879163464866,746.696257929966,580.774503135136,262.968204332729
C6orf136,1082.6548689272,416.571075721034,441.642744576783,541.771859593487,1987.94631916267,307.59449023361,718.476856571747
OSTF1,186.833192964443,288.126455869618,725.857102182978,405.893273957358,690.610477560936,938.778810366504,237.924305270519
NCRNA00094,1283.51836120589,494.030245534319,436.123998272991,388.08739077842,154.246311556392,1308.23777185992,330.399926654505
FBXO25,1305.7303787802,452.68146751858,758.858138379259,60.6725880699939,990.559100834265,1057.35843806022,527.009849351379
EXOSC4,1806.79391138299,628.446293666723,137.163765454746,607.317614474415,327.903529994019,585.078434107364,226.050505054447
KIAA0564,132.648591515442,628.966463612127,976.79978952717,933.370041848667,1329.58948592385,1107.35597110213,865.414917231505
TULP4,227.947620322243,831.552645316112,722.61327520956,773.449962401659,666.630800910834,321.035406706719,108.140367244129
POLR1B,1.82936485870075,1136.30191679508,484.769815314651,573.970875158314,304.742447141452,595.050771509403,0.138370842234418
LHFPL2,92.2553805398842,316.459392632397,1580.6839729009,244.449012260775,1.22540929349127e-08,664.492385441852,392.709026664786
CTRC,2.0892443948564e-52,5.0207595111214e-143,3.55459121975874e-38,1.47867847870813e-30,4.09587845156322e-25,4.54470942854967e-125,4.00970216941235e-29
CPNE6,2.3628828131445e-40,2.60932970693365e-44,742.65568656554,5.76920438493098e-44,2.71570542216711e-22,5.05955859247914e-74,4.30067099972261e-78
LRTM2,2.06096745775535e-41,2.34680128935674e-55,732.784261333797,2.53209734215323e-47,1.28949186775971e-85,3.87414623176914e-104,6.33161559559807e-108
STXBP5L,7.59898521252994e-69,1.03125387393888e-47,474.65459329343,572.64932433801,2.10097049047702e-62,4.21266935654883e-100,9.08840674095025e-113
PCSK2,2.97210484997579e-44,1.00829878498892e-136,2.0603081719311e-41,1.42347200167282e-31,3.08241006232147e-25,1.53871091137739e-131,1.58019738213211e-27
HHIP,1.70111856265938e-09,1.9984648781652e-63,6.01259029500017,7.36525344518923e-16,3.65495581571532,1.43906657623983e-37,2.04303862427583e-15
ISX,1.42614278357304e-30,32.3977115096284,26.1457509937583,3.37070620378264e-69,3.44012325293152e-38,1.15048200547335e-51,2.1248762909352e-23
IGFL2,2.30137401215493e-49,1.64988495051775e-83,2.94516732385935e-37,5.5348453241438e-31,1.2928218818288e-25,8.03044040084597e-46,9.96399247676359e-28
VGF,6.65849527959742e-44,7.18605810568077e-53,667.454964743458,8.56461253278234e-31,26.0753374590858,1.17844826274211e-21,1.51839113220193e-37
TNIP3,3.60483878311351e-39,5.10089227527688e-44,708.234721446762,1.42282954662995e-13,8.66876238518494e-20,4.67720868148724e-07,1.13541267790291e-53
STAB2,8.18599131470709e-46,4.9495036605895e-08,4.57154269921903e-12,4.07302443143138e-36,1.70677982164481e-25,9.56418653865533e-21,3.28412775955535e-34
MYO3B,4.5409268956607e-51,139.08414857806,40.6365784957893,0.137683019004549,2.31149760267786e-38,4.64965158523811e-19,6.94731148112443e-51
CD70,4.3124917380518e-64,1.23566484431725e-79,1.71575646130188e-80,1.02941354630904e-71,2.59694787647439e-48,86.1561095493458,4.4821343355433e-73
IRX6,3.72048669702512e-26,3.2622965387768e-35,3.00142686285922e-33,17.8659487313014,8.75754260869221e-67,4.06747729118993e-34,7.86621258048446e-31
RNF186,2.56236048763398e-45,1.08298169818816e-52,3.98124049082026e-49,38.9534066716339,1.53301813110854e-92,2.23127569615165e-41,2.342815196401e-56
FAM151A,137.462628189525,5.30372175561394e-12,1.22496409036349e-12,4.39109055739175e-11,1.91634452608541e-49,4.17844528249453e-47,3.80627780325891
KBTBD8,3.91164342356002e-35,1.07397845726875e-17,129.457009680665,1.36959968356233e-29,13.4201215295371,19.3204817986074,3.46985346494021e-17
LRRC66,9.5920475348018,5.94482212854013e-05,109.764473639091,58.433903125614,6.26585756411495e-10,1.10228958870414e-37,14.8941251012886
FNDC5,50.0081397751082,49.5148897499863,12.1107430173658,0.173053975548156,690.03141300787,4.21010346494326e-26,7.28273341294424e-25
ASPDH,6.17440414137772,2.58171015976133e-25,2.10908258121208e-11,9.71557029391758,11.7620908555864,2.71280239874993e-19,1.21993205554104e-21
AVPR1A,3.06077875776349e-31,2.61069175907416e-10,682.394602823845,9.84398321333934e-39,1.07563485412591e-45,1.54650566347881e-05,2.26329100529856e-24
DPY19L2,30.2349435449813,28.4932768590581,22.3465737711214,22.1761562361695,7.18176374455789e-37,1.95629782574526e-33,3.89911882954828e-22
SOX2,1.74993139357599e-66,1.14627660123741e-27,9.17119626850559e-41,668.281464577752,9.38342556725114e-42,2.06814037129559e-32,2.64424216314983e-69
PCDHA4,41.7439229364212,2.21729700590489e-11,12.9478272323635,1.02486709462066e-24,2.95293529957706e-17,4.85470508032444e-08,0.000482656925868766
RNF212,1.26709868573467e-23,6.17365371167174e-06,3.03581979859422e-14,4.91618498487685e-10,693.751929331551,0.00102573536832531,96.2547924611446
CPA2,8.15460897227399e-54,1.04473362082629e-56,3.91091644349862e-39,1.97848755296675e-32,1.58602776908477e-13,3.6137168526975e-112,2.13841745819288e-29
ANGPTL6,2.92933838939906e-28,1.03808363439149e-28,1.10244101060538e-42,4.47864338326946e-07,40.1411845544549,3.21123175584575e-08,8.3798921972239e-19
ZBP1,1.80705004009554e-29,0.0109603097240083,2.45458496957309e-38,24.9638797031062,3.00666010734492e-28,7.27912119095661e-13,0.0013219274833241
SCUBE3,1.29662869696644e-57,21.8182440127848,11.5124453183765,2.12261903076771e-36,2.32550753305674e-47,5.11497184921673e-45,5.24339194738425e-52
SLITRK6,4.74576674945061e-52,5.25206763523219e-62,4.44167898632725e-34,44.4469168649583,1.24176323872861e-12,1.82122076139578e-63,4.59958736206097e-33
BPI,1.70051762199558e-87,1.56684995976343e-25,1.67075267189961e-68,1.92065692682247e-34,7.72284489810859e-120,3.77401905852942e-30,5.15937410622115e-118
GJB6,2.46237292459906e-25,2.14247353173696e-39,72.7046775556981,646.328423991625,1.68112723997045e-38,0.779054168867227,9.65626469060945e-27
KREMEN2,3.29016484258992e-29,0.633128158440599,28.1035964642092,5.62498198108274e-11,263.066601348277,320.420120739351,1.34619579892924
NR1I3,2.05679036620743e-05,1.26355032666422e-05,13.5632570168883,13.2821485720432,41.0696121662815,21.9310463137018,5.14247890212446e-05
NTSR1,6.83419392672721e-29,31.5428117029127,6.21179859624229e-39,21.3171240045949,23.9073039645301,56.278657267342,8.64112124762082e-15
LIMS3,4.02760398008388e-56,133.216218376258,3.84383504082418e-71,5.41348097424765,16.9314262303037,7.59344693630532e-14,50.8789387391421
LOC100124692,2.54422725894665e-43,42.1296251484158,6.66909960144184e-12,21.3164640055663,5.74794029053182e-44,2.21849221693452e-17,3.21272342924654e-45
PYHIN1,1.62990068578511e-27,1.39466601229805e-21,3.5795513553823e-38,8.06772397665998e-37,7.18171107267909e-15,9.99706728618509e-16,1.16533924694057e-25
FAM150A,0.00224172709236956,147.857901983395,6.48665562116497e-08,48.2061313063168,1.30131857947224e-40,142.309948657401,1.66580156650093e-30
PNOC,3.2441525072247e-65,7.32881714666381e-50,8.65195080191434e-56,3.3424404013438e-45,4.46098348631571e-67,2.01125987973787e-55,1.57105744285729e-70
RASL11B,5.76429893968379e-06,71.3437329863515,19.4038732103479,474.486049232563,7.11869166642546e-28,2.50470606555094e-10,1.96746820300123e-40
UBE2QL1,39.4976034757894,8.63654465418271,40.6557141339367,3.86475459907734e-25,412.217796148723,46.6706782421142,114.305568566088
CYP4F22,1.35537593380035e-16,14.8508211337246,9.37227907506654,1.84493909364705e-29,650.873395643378,3.99688664415203e-33,1.63204944603694e-18
SYCE1,7.41869164545757e-43,2.52809263202571e-40,647.05346698588,3.09258249035849e-43,2.78770042998165e-75,4.82059407067058e-05,1.33199307240127e-58
ACRBP,30.9051669500604,10.0082997295846,30.0467100772032,159.788636991957,7.91984929886021,1.77535607367807e-12,3.14120742565563e-12
VNN3,0.00084584845449279,2.0543866889409,17.2026664129456,15.5004663680484,677.319984590769,16.4051743065317,17.7848969511358
GZMH,69.7724980395945,2.88167434719491e-28,4.94329056366785e-45,3.77088681215267e-35,1.50782082875705e-08,39.4058979525362,1.47036453838553e-30
GREB1L,0.0074865267248481,44.3129229041893,648.082610417166,2.01176390267484e-17,91.5028029277879,135.594674966459,34.0113176825851
RGL4,0.0785058411886246,2.1753193562141e-34,5.40966156263486e-17,6.98259340611728e-23,1.71379105037609,2.99502247575658e-34,41.2732190165252
FAM40B,4.24004377655364,2.13742489154183e-41,97.8093900716051,195.880357774337,27.353262690873,146.335970089852,97.0709704751354
APOA4,0.0869335767327768,5.90131841711406e-42,24.0248449851022,25.8490673347746,8.3201537381227,39.7298439013885,37.8412806514334
JAKMIP3,38.0069739482,7.8560730614301,30.0471108744138,649.342037624427,7.33275785599869e-14,2.87084233089615e-34,0.0132866930519126
MYH3,70.2973661793229,13.1674708929256,18.9645753069675,566.536039631792,187.370215531168,4.83738823157106e-07,1.42796786507266
THPO,7.24751728696338e-23,82.5683377690491,0.00121335940046305,33.8342135028591,340.007984093003,3.17983622740079e-27,6.27639114168618e-15
PGAM2,199.880372820307,29.8060747506864,31.8533937956114,2.144289936029e-05,614.403902008041,0.0308608502867328,3.614104901237e-17
TAL1,22.9270961624242,57.6958892122833,87.7732557386194,2.71718563272876e-06,25.0229228812415,6.41954766542977e-10,2.12935421068393e-20
ATP2A1,181.978406908679,118.102373268992,8.96015814491898,52.9241418776405,1.36995953563787e-16,1.27828979247175e-07,59.8173560120301
CD163L1,7.64402010700411e-34,2.78269356015555e-31,19.8222919084001,5.58074537374112e-16,1.75295754825438e-33,77.9176204426015,3.58661439695535e-23
KLK8,7.32403089642288e-95,9.63134298037865e-20,5.03150595765932e-56,516.39382130355,6.17617277685747e-73,5.74482531884812,2.35768347743388e-64
SLAMF1,6.36303977265235e-24,5.21265462071002e-17,3.18469375347906e-36,2.25450698599461e-29,2.09520152451805e-31,0.000338691466037595,2.35373088021608e-25
PIK3R6,0.0387386106681738,18.5532160530375,3.79579769951358e-13,5.93366394988654e-11,9.79587852033669e-12,29.4479591302683,0.00749278667503879
CST4,37.5306932039592,3.96978803331805e-45,3.78000264429676e-33,23.6289183922256,2.92383754708183e-11,79.5077454043987,74.9751289873384
MGC87042,2.91001324595468e-46,1.48839732638625e-54,3.32226508872044e-42,18.5548684363021,7.51629273589628e-38,95.2401858762629,1.11569858337595e-43
RNF150,40.5584524568646,76.2427049781449,3.96011031509197e-09,1.01857328110377e-20,1.96694528659368e-37,15.4395973300845,469.399200196936
CCDC135,490.149834158792,24.9655768144628,0.0112562129327236,5.02266912715915e-30,1.59924346196525e-08,3.09231260269513e-28,1.27871164228618e-27
CPEB1,8.89216972266703e-15,9.16155131684189e-38,2.25921325080041e-30,1.20207310720722e-46,9.59939199334819,1.85382959599154e-44,64.3531689724335
CCBP2,2.71729549881415e-40,37.0168937382745,2.85012435619895e-05,1.4228802039457e-33,42.0875713014875,1.36996034796064e-26,2.58341925705853e-45
PDZD3,130.167629307067,6.61261592917401e-26,54.1056275317628,8.40049135756921e-36,3.64417236600685e-68,5.83771066644011e-40,319.906431615454
CACNG6,2.47955648961854e-43,56.5029710455326,6.48998155671768e-47,4.30875876172797e-27,1.31021311382983e-80,76.0737443607524,47.1447736032548
C1orf228,9.02440669572415,2.37912762160643e-09,9.79933835047695e-19,138.797210717505,6.36389330521509e-43,8.00263382152007e-26,9.69876775686503e-20
SLC1A2,2.36390194833802e-23,6.22721221061974e-15,77.5607823583847,0.022402302960301,2.79770959775197e-13,3.20578436851434e-06,1.36434160922941e-19
FAM13C,6.58745564318574e-25,41.169119913716,603.935495622463,36.5639036795144,2.26542767824875e-51,6.25646078967084e-08,1.26117993009306e-12
C6orf15,1.12376764428215e-55,2.92057339803912e-47,1.05624307140654e-53,26.633448978119,4.55777867057358e-109,7.79457530194198e-43,1.50511316529333e-71
TTTY15,101.376049412354,48.4825568077184,9.47335905227069e-47,332.930700723817,24.2693887365185,28.0758551100162,0.0112278176755728
GPR87,1.30955619327276e-72,1.08023622726707e-19,20.7383876023128,4.4057524097481e-29,1.51717539955268e-57,1.16815793167024e-06,2.14927177693206e-62
SULT1E1,84.2868144874699,9.87326292704444e-29,4.93819516987845e-30,13.1050162686506,4.71192894948843e-24,1.07726564316766e-44,38.500386353903
CCDC141,1.17383769316033e-24,42.5269727192416,571.830618736047,5.75420569373644e-42,12.4385829275707,7.70711876456761e-28,3.92441128202947e-35
SYT4,2.95709858746178e-53,1.59604102809945e-69,581.192740521136,3.27152112997634e-38,4.77467465712525e-44,7.02605348090748e-87,5.73500545781155e-48
CNTNAP5,2.48582745204135e-24,242.357137020467,1.37675930450786e-34,4.60806675071103e-53,1.70608238835277e-20,1.00354828707065e-41,1.59372111319527e-47
KCND2,62.5106000373962,22.9111513290332,12.2736452265205,26.742960685093,4.52940394199653e-25,46.0939640886558,80.4989644159236
TMEM132B,72.0196753310425,32.5892579334513,563.076808873467,7.91941659619682e-09,4.97861759275940e-11,3.36721869180132e-37,151.958503161381
LOC282997,63.1774562847362,1.50325241180269e-10,0.380574496559418,27.8763795190656,23.5016689298145,4.56213741106173e-08,61.8573530444799
B4GALNT1,21.3663689019475,30.0715107118139,9.29535443320791,3.61056311014198,167.278812586231,94.5971569377756,0.034343184864473
NKX6-2,1.56283609276465e-69,2.54873246707069e-47,553.426999782601,7.96208745540775e-60,2.24937627661045e-54,7.76265830554002e-127,191.53746219704
ZIC5,53.4962461388018,22.6773587215753,3.14975528647358e-31,0.000845584213858112,1.04516999888159e-07,3.73738519363427e-42,6.61870783738948
SLC25A34,69.3094577483359,12.6972024664802,558.988748570785,5.16114590235447e-10,101.7266685926,8.44169524453103e-16,8.3010688560934e-14
TAC1,9.38605960791942e-58,1.81518889488974e-107,8.08157751884018e-55,1.38748895219943e-37,1.21347851739914e-137,2.97262390469592e-53,7.62406992951609e-71
CDHR1,1.15323003397364e-31,99.222664699945,302.384392712683,1.40507281601233e-42,2.28954066961908e-22,7.10924944902605e-37,2.51443215817892e-58
C6orf142,1.71341930707745e-15,1.64095752769528e-18,336.25331473654,9.48291626856544e-19,511.031467932016,6.66348196039911e-20,20.0320230970665
PCDHAC2,0.0123538018326399,19.5770753251313,310.476810481716,83.6935262236227,447.737495547242,50.2185281591668,308.615233547184
CCL17,2.53085592194078e-20,1.55223838427201e-27,1.13430772536814e-33,5.301140993632e-36,1.86260020767453e-22,1.88720608094222e-44,2.62132259694228e-60
CDH15,2.76167325313336e-20,4.76405745997966e-35,9.85190207688091,1.23598336057177e-35,626.59375390902,1.91830323608835e-31,7.29798938004517e-24
NFE2,1.09438524592798e-51,3.23791423245585e-26,1.34673040392947e-37,611.511599054698,3.40341328924103e-53,3.32002278399263,2.92229404533214e-64
SHISA2,1.16232374075552e-08,28.1192568669043,2.21215809971349e-07,9.63170895550885e-11,16.5962404888736,2.05899634487123e-17,106.088605455077
SLC2A5,1.23550170999685e-29,4.84105936615073e-10,1.86339316292958e-33,3.59069841489973e-14,6.14296265100656e-20,211.690499852459,6.19786567661122e-13
PTX3,3.56752152127184e-44,77.1472480654786,1.14863601156658e-05,3.08784202524265e-42,1.9554697787025e-37,188.806446592323,1.85716304825971e-40
PHYHD1,8.10581148647797,0.0695272822827105,5.26812434551154e-06,84.1337373950689,3.63592612670987,0.00396820985011204,1.94146851978311e-08
FGF21,6.84387856851827e-27,4.51372284789175e-34,5.00114711183119e-14,0.921858796018375,327.443631765183,6.87619551404704e-08,30.3935783598094
HRCT1,153.235013681077,128.524350680207,33.236276221052,17.8324507930522,40.0097063019865,39.3303417731735,1.23878431834007e-23
SCUBE2,42.116157400776,7.92807241983415e-13,15.2696393325703,1.47215817150767e-23,0.132564148260442,1.21406202264017e-15,2.11320887480249e-15
CD38,6.39499206748384e-37,1.58006508779689e-20,1.57152257700056e-34,41.3532931714196,18.9448581821972,4.00748801200565e-24,5.32645983611595e-38
C14orf139,1.28457050785768e-12,38.6999546268863,238.880433102878,3.18099114290139e-13,63.6307632777085,29.0314024944343,4.1665242103035e-06
CDH23,6.32864015351552e-13,15.3697422110045,4.74353039536506e-10,3.94426381925407e-05,472.625722078381,13.7704416140576,9.83215366496132e-11
GRAMD2,1.12888676833479e-33,2.7231041297773e-24,77.7502400492328,133.20571846393,6.55314969470101e-52,1.87523714052816e-09,6.48450260902462e-37
FGF7,2.14127041907159e-22,99.7340545436361,4.07518354210045,19.7183975688835,9.8148180143016e-31,136.745552265563,8.12725287397988e-07
HOXC13,1.28188984893704e-76,2.31252787365293,2.78986838541419e-72,184.768850316559,2.97395187234288e-60,4.24876994815556e-36,1.23771364591615e-110
PLAG1,5.96189044140465e-42,1.0248056453083e-19,325.282076814287,235.662916040769,52.8559267122339,0.0732686958148191,6.12427595498323e-24
CNDP1,2.02031557823488e-09,4.63805820976836,3.59109081721477e-07,2.12217320150553e-14,601.344044747811,17.2526609544555,2.96136565244244
SPEF1,490.878556882492,24.4587586725117,7.2458249332202e-24,2.66194547252922e-11,2.44533495378134e-31,20.4855639243626,1.63668524967612e-25
RCOR2,1.61217365521473e-33,221.782477497785,185.611570104338,113.778321059609,141.049699910137,1.03706388866162e-13,7.34241977355389e-17
OGN,27.0373562205829,93.0549543029327,221.869561164556,3.30339732995265e-40,5.09903906357743e-48,25.7769853683388,3.70065504071769e-13
PCDHA7,107.059033170431,40.2572505081979,27.0414903775586,145.52810196437,137.448605147663,90.4651504774341,9.84487110334123e-26
MIR155HG,2.09272472779797e-32,1.14026819058835e-30,3.70972932922253e-45,5.66395715900388e-32,7.36199312102895e-17,0.000618109440088764,9.43057353601062e-22
CXCL11,3.06221157242712e-14,8.86243280652847e-13,1.73397017697466e-28,2.32562440103992e-34,7.37290500536165e-30,42.3972897938791,9.81838415479561e-16
AGXT2L1,1.14040210500998e-18,1.45116914628745e-16,30.2914484233399,4.67464057482354e-06,443.10250999936,26.9514535612008,8.74362815449046e-16
CYP11A1,2.61443096815682e-34,59.9865440080514,79.4697511491849,18.8401011405064,269.415522682193,3.50802672384757e-37,6.25948904397721e-23
FMO2,4.22988610011548e-23,111.343329198882,2.34820480536562e-28,2.16926217288665e-11,2.80385010354367e-21,52.762233774104,4.94683418292618e-17
POPDC2,64.23347712922,27.3241795936311,68.7131011432019,0.000759704484472816,16.5140250406349,0.00237478106606275,2.10153952631807
SCN3B,10.777283903283,62.1395338489914,561.315195363046,18.8088390745524,14.6712304983377,8.93763840356701,1.93610951580945e-09
TRPC4,193.577746501281,23.071969284578,0.000147459197253959,17.0774874826057,1.50335865581666e-36,6.81676632548696e-05,58.1569071880741
HOXC6,6.08902671623693e-06,76.2428415816067,8.12499148435651e-24,242.478785605664,6.12998959939472e-33,1.09959782533053e-44,23.9944221140758
PLA2G4F,6.06840343819112e-08,193.346908298787,432.305546079653,83.5402327124905,10.5829667708438,6.11712860692884e-25,2.72967006323358e-05
STON2,14.0793353359596,8.00757226742513e-26,1.71350587687617e-08,279.794198716815,232.775699527707,3.32174656431096e-11,99.562572210291
CRHBP,3.04950614374914e-18,3.01173158942263e-06,8.21905164062127e-12,151.373959892107,6.89488189718493e-11,0.770522060038684,7.14507992023329e-11
NSUN7,11.7376841977847,225.043895509404,11.3581102313826,241.706581412872,6.40706941238914e-23,0.000540002466042846,1.80141605165376e-18
RASL10B,0.151347911184008,16.4097644342626,95.4579631007,414.539689878405,2.02548596710979e-38,2.65728121646177,2.71346842789954e-24
CYP39A1,6.02280299973647e-09,1.68395203624687e-06,147.991779210341,99.882676318927,295.481007810602,41.2390802635643,1.14751910457046e-07
SLC6A11,6.67338410825365e-10,138.937751560514,411.791303431982,4.29282540478266e-17,257.566431268276,2.21424279952587e-15,2.17218731964021e-21
TSNAXIP1,470.199836655772,46.9349185223842,13.6342352604651,2.37217307317216e-13,1.67119702099849e-11,0.722618066286854,47.8792222430101
ZNF208,29.0004531437739,35.7560424317473,19.9228070419065,10.8213776125535,31.5302088600861,0.0112035970071604,1.61507110112039e-40
HSP90AB2P,9.84625180406486e-25,39.5406929858363,76.6117036411299,14.9020878747893,2.36478932845013e-11,50.3802284196045,9.82582244596342e-21
LOC100271831,409.408948001368,1.5596771695809e-26,5.90873042297067e-30,31.3380568112015,45.1281653650702,0.000120604008589568,8.11061300373423e-19
MCTP1,3.06176359565371e-22,2.76947258683076e-08,5.49934138299888e-07,0.0455205467933943,79.8505364158558,29.933352599138,1.019018095665e-22
ACADL,16.1449544619067,91.6376760076303,131.455333037474,0.922037320465831,462.486445917606,80.7914394466031,9.45173891001873e-08
ROR2,3.34346619177594,50.5957944259436,65.9875198587484,0.256991106438464,0.168763725710039,50.343349738366,2.82436640569596e-14
SNPH,71.4975158749907,4.65631206886047e-08,60.5168928071667,139.950071699882,30.7604319180264,97.0117397482257,4.62736559753881
LOC222699,90.8431624372245,63.1173794156381,4.06028826279493e-33,57.9986187685912,58.7951058727816,1.87612115485819e-14,6.18413093240247e-07
LOC100127888,57.7325830061926,136.054292321013,1.93959803830034e-27,418.701295636866,63.7130637349348,149.688460145899,16.6247272757926
CCDC153,367.818684319519,28.3518825278843,25.7979878077673,7.21617495785737e-37,1.23693992378191e-39,2.71750452594224e-32,2.50437163836146e-29
CHAD,51.1032742780847,60.8816784846683,109.408876723755,4.60683500571136,536.994974617756,29.6953062089214,2.65075266010205e-26
MEOX1,10.0091830141181,0.0725048464271872,9.52398669956387e-17,2.75083505662686e-13,5.92083689192035e-17,0.0107256970545392,3.92885552496839e-21
SNX20,4.62698086018351e-22,0.00290483073197676,2.88539999146275e-22,26.6730524276593,1.04419900510291e-11,8.05346756798789,1.09887103164367e-19
DNAH11,6.17355943923863e-13,214.109157306292,2.12866713874108e-21,4.29403701050578e-35,3.29869725800397e-17,1.72561906551607e-23,6.61968297659444e-44
ZNF296,119.758311239079,32.0856684308231,13.7331701950796,63.5439316990517,61.0582877655828,162.14171777718,48.6697515703231
LOC90246,4.40930263330428e-21,252.952569128532,1.26029620811283e-25,0.27741533059789,10.0610261522589,8.27076880100058,112.439111230521
SORCS1,17.8104920104756,83.4965473379452,3.52159798185093e-67,1.04249998055096e-05,1.96563911287796e-35,4.07874609697021,2.21261625155573e-14
BEND5,177.677722123395,25.1552594141765,9.48371935308267e-23,7.29675668411896e-15,1.73618049326601e-40,1.55685134375761e-23,5.16317601584221e-25
KIAA1875,186.962530419345,157.011385682279,14.9932555603346,48.580235061091,73.9156704203279,40.190003604971,0.0355717046567149
TMED6,102.669047081479,45.3437201951166,232.302717820616,14.5994783337833,102.31188615788,2.23277962541665e-22,77.1517707374415
PDE1B,31.7520738332428,39.8303423544239,58.2195744429793,11.2621628031536,8.92732857761746,43.0622148663013,2.44753680121393e-06
PCDHB6,77.0168602776861,148.731879396375,250.46834029592,2.7479382814057e-07,121.752267087016,60.2233544777551,1.05896913002878e-19
GPBAR1,409.610797466473,0.000744037492559982,64.389293147854,0.0015892629714167,22.9734066805077,4.74911433300484e-13,4.37551573757508e-05
NMNAT2,7.65604248968775e-14,171.517979646244,100.332299178363,0.0763668936933562,6.50550157779465e-39,26.325420870503,16.9176985397544
TMEM200C,2.85090352511977e-28,3.08457427290782e-09,0.000425946451567553,2.85928432383298e-33,5.22106650945079e-24,1.33046770874206e-30,4.01242064806333e-49
C6orf154,270.783848374816,37.1238804138597,59.8843253228948,1.2058907189153,93.2504838268425,6.94615103704993,3.58640744240795e-21
TGM1,10.331136294209,201.571208281371,3.6932596137828e-08,0.0695396729725096,7.27193358148373,1.15885456505584e-12,1.26768920510696e-22
CILP,1.87760412443857e-25,35.6555329176001,20.7569912922257,157.341514328352,12.70852728826,23.4751659000312,4.02510265422838e-25
SGSM1,0.000138066339484648,113.159599090974,213.836190940973,19.7047910920656,137.561502503634,5.40155086587573e-12,333.888765404382
MT1L,120.784461000162,42.2381250591471,0.0288606029225508,5.28007451522077e-09,147.274076084092,115.282011707175,9.13528064009231e-21
SIX4,1.21304042201185e-19,29.6960166438915,3.12391661966422e-19,445.741238176141,1.64761169197405e-19,54.3586691650323,1.48726223450546e-30
SELE,5.00179679389194e-10,57.5250178315508,0.219982796779094,3.16022866419861e-19,1.07493788816883e-34,119.077576643934,7.69444842595275
KIF7,0.360705466328561,47.7918596991674,37.6589630211163,43.0312295553846,0.157046392725618,71.6505321728239,5.36517237329241e-24
PRUNE2,1.87096198224225e-17,41.6950572179191,23.5270204475197,77.7974795733292,0.376978724150853,1.22149205501597,40.3306840442656
TRIM9,7.599960247087e-11,1.76927178698721e-34,20.5475432834592,18.1984921744048,245.979269950201,276.342790937791,29.3482389695087
CRHR1,2.03024545854075e-13,2.69177200803307e-05,106.350024626288,1.06741788681406e-14,4.26457002207673e-20,104.476430792721,106.06289010498
PI15,0.683268531582449,40.3194469455215,0.00040568069186719,19.6950095691703,5.64124413637672,49.7212007108682,2.55659950740779e-25
C9orf110,3.52929821454405e-43,26.8793232238271,98.5790329376687,10.1963936832397,238.73084736243,59.1236180291923,1.44710499115562e-41
C13orf29,9.53732135068305e-18,60.7170272988541,65.4405259672482,156.603875721834,135.755751501945,3.59460294414464e-11,0.000185092836718139
TDRD5,2.20228798769938e-27,213.53473711274,2.00431944394443e-20,19.0476610814805,28.8872396484043,1.50476651704431e-17,3.74780653367059e-44
LOC100134229,0.726880619344461,28.4806575681304,97.4290083842992,526.966799677925,238.458156912652,100.547077140966,0.139987777840759
ABCC6P1,149.166451121095,58.7491694151134,88.2428450027072,0.00884573997737714,334.23736415877,2.2382682440362e-09,70.127510637036
GCET2,7.71600371118076e-12,49.0584980079651,88.3637933974169,0.0266875740760335,0.000471022299105257,33.4308097740687,110.197603543445
DCLK1,31.6888313348797,4.50152471915706,223.721299592948,168.680434311004,0.00340094642715408,104.795624404418,86.3488601040715
ABCA9,5.10787008904275e-20,1.44719673767803e-05,21.2084821903531,12.2174470341555,198.096774256153,41.7967755369687,3.45437892007975e-29
RBM24,6.52222727512906e-21,12.4938715737703,37.2924380849577,118.270070065359,410.332795180664,38.68293596476,11.1405900129777
ZNF311,18.4333814988067,40.3332388394069,2.04906372009798e-17,1.87870474441415e-06,16.2766183987811,1.97108934824647e-06,36.2658940409367
C8orf84,11.5598236686198,38.8388458125899,395.976202466498,222.783504615732,0.119466426000492,1.85712029148719e-06,4.06853546816487e-27
HCN4,96.1125681813757,71.1428931648466,0.13850469839558,8.76030909945051e-21,7.78104826362871e-20,7.65133566860514e-19,4.89133999162979e-08
LOC374443,16.8649341521368,32.6024435135613,4.81094708847384,110.606879132552,4.45969404298333e-29,64.2043677664203,0.0213594328447971
ABCA8,2.42530305728484e-25,41.2977624005059,22.4830266290344,0.0176228238308137,7.74975981337015,57.0484643950681,9.9775844345501e-11
ZNF880,1.84333537571734,26.7921595888143,65.3217529773972,132.784459505679,57.3022709951166,62.4199332407702,20.6941880575442
FAM13AOS,10.8864387310839,66.8098156269377,48.0980588473748,91.1689107515014,95.4622904980111,2.11542889077016,4.03831362812774e-10
C1orf175,55.590201791328,70.766735523159,104.805573792836,370.179519867204,7.1298462556913e-12,8.82651290895202e-29,1.37170752564952e-13
CES4,4.36268139592703e-30,1.60783833349487e-08,233.106085662004,169.058229769118,295.183864194247,6.56714967188833e-24,239.018213149667
DEPDC7,5.25101819739471e-07,2.24602043646967e-13,200.075998474295,192.739030010051,101.146326752794,47.9581169267862,62.4459658562603
METTL12,150.258972145368,37.0607507029137,37.9137753858154,68.8733540208624,0.228426431504752,156.361717679351,126.245923227972
UBXN10,112.181065231183,5.26473285872447e-19,1.03837202482514e-08,309.17245787731,100.901524944825,8.50567061368468e-24,6.26586878451005e-10
GPER,288.349604194708,0.00169773516888602,14.4490446941438,48.9778821365774,122.530642808734,1.39749123662034e-28,84.287631455294
SLC17A1,68.3936142434105,69.1672942017995,129.591461038006,6.06800456414357e-26,113.713525063126,3.17090719750595e-09,183.384018087761
C18orf54,149.828371561113,90.7026077581741,16.5198507816952,80.2480161554772,24.7341362048027,148.072570484373,42.0962767915298
CILP2,45.3698756459855,113.414528855097,8.16968276691823e-20,1.93616657783838e-06,16.3015907506574,42.9168032106875,2.62382182549354e-14
PNMA2,2.45675364587529,38.8604175465634,11.3172873222159,68.0232808377117,6.87134385437891,15.2373298613913,232.844322874001
WISP2,28.7392770446481,1.56825232970447e-10,0.0699729306545584,0.811222294724795,4.00290111894812e-21,171.674012817472,1.88738889954897
PAX6,20.5342381744196,155.730537360156,33.4327543996912,32.9817975457252,69.8512003633767,53.3019816343361,7.19792933670011e-09
PLAC9,354.744991935353,54.493992427248,92.2786972129886,4.15489134613687e-11,0.0177450150732923,2.45044590693645e-15,1.58320882163275e-25
PTPLAD2,0.104870469738783,41.3925581666733,23.6998716272421,348.140598838098,0.00274327587170908,84.5636638582897,5.77708669629764e-05
CCL4L2,1.03069713693677e-19,8.61474593104951e-15,3.43311360154807e-09,7.9388815666202e-32,7.53824254867925e-25,98.7619312106185,7.74020655864136e-22
PLXNC1,4.15893162581119e-31,39.6797443998399,174.306877849076,2.25693295039846e-30,223.54234854087,113.204234530488,7.51831562976188e-30
HTR1D,33.8009381678183,0.079111824102949,1.21060025113265e-12,8.01460658829873e-09,1.9948439780744e-39,1.58490757760951e-30,251.63368793827
KAZALD1,3.19238555110586e-27,83.440985690542,13.6080632150122,38.4985572535614,28.9446013100914,4.54938021835561e-25,1.58789490332189e-34
NRN1,6.94808030707787,33.9212003539325,18.8988997213219,9.62558473986727,2.18480118985703,0.12049552930358,5.48738061119244e-20
TRIM10,113.449043815789,74.2903161378311,256.843127371657,25.9787387163604,0.00915244043418028,60.769148692574,332.463271552038
ANO5,0.408513744812871,16.5767317648304,343.422634915229,20.77892359531,79.3363450991415,197.161880726162,96.555936588911
STK32B,33.6718210905677,32.5996552242225,0.546303339976002,252.786968186854,8.47665661897463e-35,2.13726122442646e-10,105.68204500296
FAM72D,1.38833803237369e-06,29.2955203853728,4.75915876725468e-11,467.141421328829,176.307847219731,102.700843874023,0.0270656492021784
ZNF662,24.6101616471546,88.5161126694445,241.700803497413,146.515666557262,16.0548223089975,9.50084613006333e-28,158.022201784149
GNAL,5.59609382668144e-20,29.378658352,34.156924139818,159.891152957319,35.3167805219885,161.0850628127,0.000418944452824223
C1orf192,285.013895134241,70.1900039290656,23.7892853100042,27.394664062668,31.7887444908668,3.78775571482951e-05,6.70806405809175e-15
LOC145783,67.8231846580885,91.2090673500531,13.797586046407,55.279964121487,30.4544922653552,38.7792129929445,133.196179464458
PTPLA,79.7363432339979,4.78957621246338e-08,1.46773350469863e-25,24.5543856832927,0.436186852921497,141.535146243937,97.4502184335481
SCN8A,15.8340439961876,99.6852178403784,248.220475866211,30.4696308426234,100.868486829145,11.2143702557987,33.3202213047773
CH25H,3.3019458138907e-05,40.5672845959188,30.7692621188719,2.23890597244888e-28,2.5337569191321e-22,109.616058296749,27.3855695002257
PPAPDC1A,162.925397576191,20.6034415938388,0.0111376970813726,1.15563387548092e-29,4.8253762443501e-39,60.3836836931815,3.0654943272842e-08
TUBB4,225.44993719519,52.3025459035573,13.2069521718323,29.0806718710023,186.495244050672,43.5177645151006,80.322756557632
RAB27B,32.8958794452497,84.1119605572533,202.675463935422,0.00938280837527938,4.06849695499477e-38,84.9028540010272,129.988968892392
C14orf181,132.830489529635,67.0340548035618,74.7083765185343,87.3200332264503,40.8364272100431,96.0240741312551,94.1139632852695
FLJ42709,2.09387922950105e-13,52.5488265962217,29.481740842752,17.34944770913,5.24678995952509e-07,174.641437444006,7.74857344855713e-09
SLC6A16,59.2618638348384,50.5698161438529,7.84229802019087e-13,52.7064004871099,263.731716639284,1.3936869093996,34.4780708419047
E2F8,12.5869219951642,60.5962457777965,21.8358018421125,483.158062164157,121.661280847209,65.0947404215843,1.07788065064057
NCRNA00181,60.8207628592066,33.2702366102325,161.798125491637,15.1778800700939,1.33295470128523,2.45986449728185,0.0142727923460184
APCDD1L,6.46603677616077e-131,1.41750171583236e-130,4.18613221158571e-16,1.09245213844911e-72,2.35766454444647e-77,1830.16424128127,3.34065298421354e-108
ECEL1,5.17041119451711e-21,498.215628840237,1103.72578503729,11393.4111304668,7055.53671572254,5.84678932413971e-41,9.4071658013765e-14
NTS,3.83801101120232e-89,705.567324300703,1.77856420830001e-49,9.24134812270135e-74,5.1541573789978e-53,1291.90214829426,5.23355490925792e-97
HSD17B6,5.53964987757806e-25,5.72811935101616e-19,0.0698852887446285,7.90108662444507e-30,13970.9861781037,1.01194837869212e-22,1.74562712476287e-26
PI3,840.804250127887,1291.94792055917,8.38436373269876e-14,443.137736667647,2.52080673560792e-46,8.98453020324466e-35,421.137143504537
S100A1,1190.95045526168,5306.2807369799,1.23665901604524e-22,4.15147240943273e-47,2.55978525796958e-27,3.65180961303529e-31,2.9111477592082e-36
AADAC,2081.63557045482,1039.73779991017,509.892508753028,4.11434313707583,5858.66062883054,2.53259572597818e-23,2.09527872343969e-22
USP35,739.79196713811,2384.42366556543,742.993653746391,2.89030821417044e-27,177.925239974217,1.55368170951459e-33,1.50280990747754e-12
TNFRSF11B,1.05902585667692e-21,1389.65362071108,1569.58212772638,4.17437507879431e-35,8.34859038678032e-46,7481.7966242156,170.296076380422
PLAC4,1.59218971391018e-17,1.52505443556681e-84,1.46539857800502e-91,3.12190361234194e-40,1.80211300636531e-07,9.71519625006457e-65,363.870236279269
LRAT,1.17290052736619e-11,9.88721092326008e-22,12782.5791861264,3.31906475579379e-17,4.46537578986858e-52,0.00340038236725807,8.80725405519969e-10
TRIM29,4.49031048425302e-31,648.203158996261,1.28766664964906e-09,413.403322970984,3.57953762740987e-23,9.63350368039882e-59,1.53625452057364e-31
CDHR2,0.137887133430987,8.87961928861167e-12,5.26299763298453e-45,0.137094330280188,1539.10611634462,9.52501608266265e-28,10222.1377810876
TAF8,289.435772981171,228.145930050404,600.010399775604,767.986590428028,534.740213748315,25.5396944286087,1.37439400741301e-18
CR2,3.24712367063412e-68,2.10971697743764e-31,3.88637703608742e-73,3.59142664972132e-71,2.19905177803105e-86,0.0576502755896981,2.38836396357115e-45
KRT20,6.69718673354797e-55,6.57730198099864e-152,2.83934416263557e-55,1.10247930715665e-56,4.7577117939168e-120,5.54680256706598e-60,1.19079907314511e-64
SP6,1.34936893590867e-55,1.56592207692135e-30,1.06287507147188e-26,12522.150876079,5.30306014627357e-52,5.82959883033327e-49,8.89601071579512e-59
TMC5,440.154467410874,859.298333548744,71.779088276877,628.318946425963,362.502529999153,493.274635996814,2238.10206703763
HCLS1,24.5685504572045,5.28551805320506e-06,0.00609996728276071,170.17229207201,0.017772858324652,682.721595303104,2.5851238839798e-08
CPS1,7.29662935460845e-24,1.52422148782484e-09,3.04479887984992e-17,1.45351835918957,5.86630099773464e-11,651.474670266788,1.6131759701219e-07
UGT2B7,4.83291207201537e-06,4.2025574551793e-18,11124.3960213104,4.95060349377292e-14,4036.14001865059,3.04143241549732e-15,1.90906456066844e-05
CD48,3.65104403041208e-43,1.01376043099957e-38,1.28280143664924e-55,2.31056053815732e-53,8.09366935373472e-57,2.89594289707051e-36,4.38416965486154e-37
C8G,1667.34354865983,1627.04290891419,0.00154079293453681,2.25496852113267,10526.8082932487,0.451852464086119,2847.225606675
CD79B,3.81050634043816e-61,5.05473020060965e-48,1.73961503664977e-50,5.54362780478704e-62,3.63801656286726e-54,4.94498252115036e-55,1.97828860819347e-70
SULT1C4,4.17993280692241e-29,1230.34195566326,1.36304170450451e-36,4.40006630599386e-43,2.58661528390076e-67,8.17422977073365e-35,10258.1221364823
CYP2A6,1.56354229984927e-24,2.17013175151131e-28,5.55218202934513e-15,2.87126728615758,0.0190484131955053,477.166368451633,1.58913399950084e-15
PDK4,7.02959669471795e-11,604.231024946722,8934.00350693257,6.63520576044673e-07,36.4193750649538,578.446183930758,0.238328316796982
CDH16,7962.47460403389,3.589631219538e-54,6.58468305491822e-67,1.37760106809191e-74,2.67414976524862e-82,5.97836875564315e-74,9.60684929758272e-16
ITIH1,5.43985086285369e-07,426.0500236749,101.587708393806,5.95869353044277,197.685380799877,348.939238924139,984.801107018382
HPGD,3.46592881321541e-36,1.81260942969346e-59,631.556750787121,3.40060784196087e-24,487.655504295402,1.34864250052761e-32,3.12825669412174e-41
NPTX2,1.53146486271702e-16,0.192018267602375,11249.6095109414,4.1856041499618e-33,1393.30855958948,548.613354066097,89.6203049286626
EVL,819.783835833376,416.781356436171,268.777692905486,716.753389584648,1195.53286366835,1015.3808600751,35.4871742860774
KCTD21,761.907142224514,2314.23870623609,1159.24411450266,5.67083325306217e-22,772.961724434599,8.62983449462684e-27,2.39861330971593e-08
CCND2,2298.18887611186,200.644403325213,2.35600703940817e-05,7.71012667822337e-27,392.762877231324,328.59619436027,4806.70952266803
FTCD,2860.1426641023,74.2515588970251,10478.2702348371,0.0151095964276713,2145.63979561142,3.2769603154024e-25,19.7379207068353
INPP5D,3.99090754494601e-25,872.716548672436,2.83888258503193e-10,390.516487265131,2.75795982581069e-19,0.000592752536883902,2.42635586045953e-21
SLC38A3,1.36144421212568e-13,1259.07512096471,950.621211318185,6.91104748453169e-10,11483.6016543846,2.21011872640642e-18,71.256050313015
ADH1A,709.970595274706,7.32150999494105e-14,312.849098577382,2.42176985278486,1876.20765211337,6.61897185214304e-28,4.37240712003935e-26
PROC,2426.1318993036,0.00106140296372905,0.000281745710046523,4.67170685060039e-07,1813.62265228302,1.56980549497538e-40,1842.23885586191
RASD1,630.599862262542,2206.9958249889,274.671265292318,2.25261870649023,3924.48103295282,2764.1909029977,2.36156183960007e-16
INHBE,2.242541223154e-08,4.43574112202763e-27,890.255063093684,1.16090280442754e-37,8688.11365674334,2.673066667766e-38,1086.633603737
MMP9,4.96939375932622e-19,0.000476107783736274,5.74219999129923e-43,1650.39641046849,2.01564585994006e-05,0.232869377029674,361.322108460212
PVRL1,791.243752451634,1267.75949063145,11681.020728113,1146.99699662232,730.828990830929,0.00473967608568789,849.669321475364
PLEKHH2,0.0571519132629311,598.5967987005,6.15070544943121e-43,524.314569509157,2.83626378690252e-25,9.86738445419096e-13,3388.47219437424
LYPD6B,3444.17285451139,1765.06507865352,4.49961697612255e-21,23.4291410639035,4.67781011621803e-24,358.046612899154,6483.8270044389
EGFL7,6069.92179702469,622.533728343516,796.419590712227,699.732088229281,8885.08514311201,2089.32359010756,3.43227616481444e-10
CDCP1,6.8633256826883e-10,927.297416827076,3096.07507125778,79.5595197440248,0.00332733409747602,3120.80675554964,272.089353968331
B4GALT4,700.046738281085,0.39973194705835,1053.73409661541,717.281751768531,265.956753433071,1.07366037817754,10148.4452871029
SPARCL1,0.000718950540693985,1299.02038153862,2047.91795278388,1.00420808962382e-15,156.80416253736,930.233946596363,2.12265127583536e-12
AKAP12,0.109861537706444,2477.85571045318,108.514200097579,7.0278842584596e-22,160.705236719885,4351.20837279278,276.992219651635
AKNA,0.00010695548374211,268.324393272081,140.200129389179,470.736862789558,376.615456174415,326.737607760618,7.98736913502373e-08
CD55,58.8281554080405,398.954236208332,219.238495113009,7432.49782851378,878.533257989028,901.856143074059,385.78152541172
UGT2A3,97.3702696067934,1003.09636861274,10665.9615090335,1.52853573558796e-31,312.927680471304,1747.82815308734,1557.47858259127
CPE,2.26043298904551e-28,1363.40426686406,9793.79059312381,1003.83813376319,1860.73477570398,8.27892661025907e-11,1.07081315738039e-37
DPYSL3,5.22117145174436e-11,870.533681688126,0.0340772430363027,0.0368906993869237,2.81693982761902e-23,2286.91893803824,1.48537852059085e-25
ITGA2,7.48243937225641e-33,2712.05852860045,1289.64280482245,2.02359507177822e-07,272.157042932259,2090.48817289612,827.215083611747
TMEM27,3108.09462239937,821.052073989201,831.708047048731,2.29496618742258e-06,4.40001070003407e-30,2.02045093053765e-08,7451.95655216867
C19orf33,5591.75290802049,2.95903614000537e-28,304.938753315034,1586.87298111515,1.45813587644435e-52,6.83065083333644e-34,2116.1079894538
LMO4,2199.15883619839,839.843512585881,412.755071479825,401.720292627448,8.6251039985524e-10,1784.88191592811,2.96113825001959e-20
HSPB8,1612.3306934981,1.74058253047353,1516.43592604676,4.56107674338468e-32,506.646888019456,1065.63564991786,1331.06885971273
VCAM1,3.65888487473697e-23,2172.58380429363,1.44776142286904e-32,2.46202229287045e-25,2.33925215745834e-18,610.560049399797,5.30207391229127e-32
HSD11B1,2.26570258088888e-22,2626.44153131291,1.61713641078151e-31,1.20865325763369e-26,3428.46540665214,1961.55868199846,2.04390998557978e-22
FXYD3,722.157222216813,1318.94620906155,1996.60362469525,1403.31984771922,6.99097472981301e-32,3.65223868451953e-21,674.284415322295
PVRL4,354.867287242453,2952.90575731561,8892.3445280191,833.517397080571,5.60090990688682e-36,246.12840071317,605.023969235881
SORBS1,969.474470258189,2622.1683991285,8746.83998345982,336.184540764429,4147.66761832872,172.464404897292,4302.52497860595
SIPA1,775.166584724874,884.24151711802,365.451178303806,497.19106264743,910.929765875617,1375.12024821767,304.936589511898
NUAK2,1097.37424248541,1471.13076568103,0.000273372138951153,765.222228082397,202.897566492869,5907.69077392882,524.440579193584
CYP4A11,1789.16000152153,5.78522091284892e-18,0.332590176624035,3.40357591422749e-14,1.19138207763124e-13,1.03434074853245e-22,697.787728919379
INSIG1,185.103710565077,844.548524321632,1218.85509637161,1545.3666181904,11139.2047507985,1016.55091581345,493.712176078067
CYP27A1,13.7181208714311,869.795276241689,9.20751964878878e-08,741.297247291124,3305.00608477015,45.1010712523548,1.78980228248103e-20
SDC2,1.68651098250562e-06,493.325669620801,8570.01668220647,1986.52494670491,6113.14404186526,0.00040998251157856,5.10114135399851
APBB1IP,1728.0356320634,5.37317395101228e-12,4.65794262759657e-07,3.67390647144813e-36,877.784166559874,0.0725963233843365,1469.51619522616
FGFRL1,590.67460617784,697.765010259937,695.80750938306,10731.9715793164,3310.95616031301,1179.7166163478,1164.7803367512
LYPD1,996.546763281447,3.29012161295283e-22,277.569768758999,0.0384548129562433,1.42912247563594e-14,5650.68205992535,1480.93696492834
IFITM1,794.787244478493,496.986963453378,1.05119832439147e-20,7275.53717648882,5.24206499073022e-08,688.712968675046,530.512066029145
HLA-DMB,224.15509806143,2.9007967829026e-13,1.19560446000998e-07,507.362541869724,95.7119226386032,825.204089246886,0.0955721762935151
CCDC80,8.83714027649419e-10,769.370952010536,325.880343682003,242.441603706287,3.07113178850238e-24,2221.66607732295,1.6286907663028e-26
C1QC,31.6036415599156,9.43310041954806e-13,267.773972507034,3.07628917936738e-26,0.0334262066275852,3687.2271979028,234.152772484142
RGS2,8.44400075117595e-13,2270.13604494344,832.176726560278,1.35412343364972,606.879274376514,3642.70342208704,1878.96337757541
NPIPL3,4620.53072431115,996.801622387018,632.416505543791,2395.49558171589,771.687598310266,748.810510179087,775.5735228556
NEURL3,6165.09014876158,1109.79180923451,3.69636733881092e-05,9.4716397810237e-30,1.67473600335196e-22,4094.19727209709,1774.81289489087
DSEL,3606.21207297249,1639.48990361103,16.2355598440213,0.307058874246101,2.48624829950312e-28,121.815136886883,3348.66601948212
EMP1,6.73792775202608e-17,575.726154839184,5676.1203509206,0.00022343940929265,1.98019426499029e-07,3605.09025099851,1.60537820621627e-13
CCL2,4051.83490613455,1200.48838177447,2.222571737106e-34,3.23365453945861e-21,0.00075262435910251,527.256635071448,0.0777549516434991
SPSB1,1858.62486332592,855.073278771197,10079.9147564597,541.446021551651,4.00104684162636e-05,1861.47287312527,471.798592529307
HOMER2,1720.25461917488,2778.91528722651,1357.93151804934,629.173714856182,2113.7965836125,3197.51887060544,730.655509181675
SELENBP1,894.085078781805,2031.71851616427,5729.24455988952,1085.80543684309,8483.74452518715,1.17204674999359e-17,1.34817649827857e-13
SLC35C1,1181.02837599827,1550.19737832898,649.545577261844,884.904144714028,4686.78826088289,1246.16695444279,2057.6160270268
GPNMB,6.85580163772917e-22,123.591625351154,5.27938335409691,0.00129882021688162,1.11317744366608e-07,3198.93030450938,625.186816988533
ANGPTL4,1964.36649965796,354.31607628315,933.90120960888,1.79097646295418e-08,3878.89035292815,4370.34852434935,386.652185759567
HLA-DRB5,1059.33037612697,780.271021243805,846.273313483382,1.64855090331793e-34,2657.02275636108,491.919984288046,401.473714824069
BIN1,4551.12817299804,4.66476144426092e-05,576.340957438993,1024.21090530727,583.662588808523,922.989908118673,5166.16358776595
OBSCN,873.888682383497,3088.9757695616,3.57680857364941e-09,2312.72121471559,5114.89074695203,22.7917255856487,4.98384806833078e-20
SCCPDH,749.022739279495,3753.17751880002,723.194206284734,1163.98975810749,8913.73514083332,1516.51494184567,4.54737371071273
ACSS1,3951.0007761114,828.133830611616,476.921516579238,1035.98714947724,658.807060931825,2095.24109283599,1269.16264004792
BLVRB,2409.20598071741,556.780992327949,820.349081999404,1274.28981301275,2592.25252072496,7259.187427316,1432.03492159247
MICAL2,123.554793521089,1174.24363838824,1659.73833286497,277.277302151519,722.020229431207,2297.64911891564,1750.57420332643
ALOX5,2.31126112707963e-15,563.413842001633,3.84081829725322e-09,7.7016019347751e-13,4.69732532126382e-28,2769.21717286492,598.945482071749
PKP3,984.370973928936,1000.31488142117,753.827132874925,3343.21383960467,243.585322583751,8.34695399086795e-20,1591.83415462119
CYB5A,3122.77129288748,1442.61451615032,463.634649600401,593.228165561063,8713.39751762994,555.682376680389,1087.16216438868
CRIP1,4889.20725974718,1497.40517968004,0.00213195437564523,3934.62275453163,1.64620824743331e-22,496.631322173556,35.6954784282471
MLPH,2.90737638303275e-10,1426.29267718614,230.768167043022,2738.33863186229,2524.1167049566,119.214084635645,511.706491366166
PALLD,3.64633169215982e-05,1605.32723646137,2067.01408918765,3627.4971399924,321.589757926645,1171.77387474612,2.35746437365465e-16
KIAA0802,1292.0539291227,2747.23721649624,8.30328890146243e-08,712.861388975202,2.92886988013651e-06,1303.92193758996,3891.52689725185
CNPY3,2101.81777352269,680.172057490549,622.320581830466,2350.76926044393,8105.53643957778,1112.27604735503,1125.54350029003
RBP1,2670.44951870921,2139.30784676319,997.852808387709,1531.9735141618,1.8353670831994e-19,1.05207889893581e-09,4.73753326255182e-24
FRMD4A,1539.2042023531,4010.53592687712,716.291960343974,1.4770014856783e-07,1.1569469134563,0.00228019129404833,1837.24101965535
HLA-DMA,3548.25796969334,218.630124641316,3.19758829185015e-05,0.000341250908413964,2243.49720673647,1155.9802755555,0.901303871335864
PROS1,906.586614950532,584.510613946114,3957.22477469309,410.025632149153,7440.12382500514,2248.74786577458,1568.18887912388
ECHDC2,4788.71663345135,1874.48963190276,2371.80533507783,722.301712001802,8321.96808195527,1135.33933159395,281.371435743249
NCEH1,4.04473959645905e-09,990.028834045873,22.8059260998131,477.19823476383,99.7047145384509,3950.97434780186,1389.22140984177
EHD1,1680.98091305123,748.643607485635,772.620165341512,9.68186179750649,1156.84275491847,2087.6155331095,1455.75978341634
MEST,0.0191418525951239,2066.32100882168,629.791888397323,2955.43384992085,324.916168674991,1.6729235301749,1.05855657863423e-10
ACAT1,1993.81065880159,970.594113869194,4130.81476307971,68.6681073623435,6754.08141131197,2808.2834146222,1361.08071410204
WDR91,8.14188305147061e-07,1889.38940124312,507.48355621986,300.436588213896,255.642811660304,5578.37480198342,0.00491191783003544
MARCH6,0.693003677264358,1589.32143640447,2774.0316545642,3580.56464589883,2837.3560015382,1109.39461594211,980.000998400181
S100A13,5220.61498340401,3681.84208728603,577.421975885736,376.698999023638,4.98430633355928e-07,348.456969376121,1073.25125107012
BICC1,2.15594770951945e-19,3532.3884585873,2511.34985718288,6.59708778455885e-29,7.39243638314729e-15,3145.81697647312,1065.83427916078
ELOVL7,994.73556229606,1.96280197609318e-05,539.441347586708,0.23569861027621,1164.02783929135,2996.99510851757,3340.74740963909
ASL,2214.46592921129,701.643580001038,876.853475760871,855.579192515238,8425.41845533684,1916.0147507828,2441.27353076089
ZNF358,8477.03748592425,1322.22097988311,333.263075408997,809.410319029422,278.252477601381,1454.12846808052,1497.28766347463
ACO1,437.373540372201,1842.63466690637,2248.89959532406,991.888133673232,4700.34330894422,2534.44194825765,710.895663561166
IFI16,3.76893058230205e-06,2117.60132981433,1553.35761240707,0.10410322605182,2.67146926334115e-07,2530.08440845042,1088.47935958339
TUBB2A,6744.64165898388,1139.39617194315,628.303723790228,1.46923292153246e-07,3278.82783779819,115.567579504457,1477.50217890884
TMC6,264.516465175895,2261.13758116307,4.87104928748482e-08,2309.34350870059,1.35727784542594e-08,2333.53532651391,1523.83890187335
TGFB2,1025.51805567416,2601.1691111585,6.37328301963836e-08,508.526763592083,4.00102299747421e-19,4642.08167424664,8.20029999471324e-19
BTG2,6.70112047635607e-08,2256.29017475858,1684.20047042746,6104.77281557456,352.027019008924,619.186499767167,711.67063327059
TUBB3,1962.41061659093,960.269872574452,2.82321120820174e-05,1047.14119823275,400.180623239574,6819.39507002751,2690.50040232279
EFHD2,1584.17342854475,0.115162419601953,4015.56024435662,1328.92659648468,1205.74761900005,1498.41523367637,51.3691341869823
CYB5B,1016.20287939516,348.365469976357,1497.58377592932,2334.62966042188,853.448467658616,2241.76015880734,7472.44325740606
PPAP2B,427.332749390245,612.231155907755,2315.86533162973,1.23600185552418,862.46699620213,1072.16718628437,879.443629716889
BAMBI,1319.44321255505,3499.79749802337,1799.00400943616,2162.18091546581,2.88978489416597,260.125573438735,2991.89586952347
GAMT,5073.88613403672,745.623095901031,3436.88609718195,2.45587861778034e-15,4070.98313789946,1024.13480959722,8.92008310871398e-09
MST1P9,3587.83437639262,2085.14714544992,362.216564845399,0.00180852363998898,913.07502099428,1.0916719198364e-22,1726.27249406367
HLA-DQB1,81.5646484642084,890.12249467719,414.639042740088,1.07690631832895e-24,1656.10366499361,1584.00269365652,349.318124074917
ATP6V1B2,1286.65904031343,1152.02064480081,9116.47824382417,543.517536702014,2666.34250044946,1524.88478142794,865.758597803943
NRBP2,1188.45976128546,1854.8876496707,1301.4155496316,1330.25044248504,6477.12485558682,2427.03560870713,2571.73754734378
ATP2B4,5.48204350710492,2214.43393154085,6405.64647790709,1285.87996362119,845.764670029243,801.135692107939,1.58695731606981e-06
C17orf28,2487.66113994313,3420.72503739812,594.280747768226,1536.20484359946,2.58047180319229e-08,1738.64557762198,3073.31751925532
C15orf52,1189.59542983268,3377.18508362541,1414.03280936306,25.998296362125,489.230292407042,3613.98802121881,471.298255053042
NDUFS8,5835.7500866614,31.4840589951069,1053.16106249954,5215.20861671809,2623.91277803964,2263.03802668298,1075.75180514644
ESRRA,2278.26377620904,763.669191001645,1867.78149077651,741.023104097788,7148.44965263031,5097.03174143161,3064.80190852103
PTK7,707.507633511881,2379.86602131352,1412.87861584438,4816.61897496299,1.80038067196979e-14,432.981252651552,909.345266678405
SEMA4G,920.878061503768,4072.46131658174,1087.720566793,1070.50642845953,2542.99487677536,0.463762642996847,11.5555603693942
NAV2,1.54684524494914e-18,1245.17357001809,459.008322964182,710.097276524105,1111.88821376518,1653.99477010232,0.000635935823776671
AMOTL2,1192.82313287225,1137.57250734284,1179.77401104251,924.12325049399,234.603627526415,5018.37380179633,1031.17717068701
DOK4,6114.796472844,695.337050900291,2189.48645791647,845.109866395181,448.734297885911,1026.92116974199,4839.95598563116
RPRD1A,1270.49935484807,3693.75434552152,1382.51219975459,1444.11251015729,1786.97401246482,1149.29245155907,3991.87593614801
PLD1,2275.99911107865,1719.30794829054,0.0133585249883601,500.221744812888,1694.97285074972,1023.34177827702,5645.60027534135
TRIB3,1368.2035315844,1526.88863359347,3090.01080729838,532.83886981482,6440.96869221869,2472.98607779842,4166.08591894183
FGD6,0.0101066346130265,3020.70395456394,177.317962147864,30.4294348079382,3.64928034903127e-05,1382.49764456845,685.365875178159
GGA2,985.025172995971,1670.26563555304,1073.44987781847,1110.23394314294,1271.95008011722,1093.61062388183,968.29611625424
C17orf62,1963.68682412042,842.000198180917,493.83949700038,1831.69414818808,1707.03090803122,1734.06143970956,1831.23658541026
ATP5I,6876.58372940346,626.279390823556,1539.61709579611,1188.80329013484,5154.85700932513,2085.85299051476,1525.48224150325
H6PD,109.329851437457,1211.00031998196,5794.29964544963,5361.39746196964,1662.60825104706,1575.78145403143,2.64856859780301e-08
ARHGEF2,0.528725866492615,4033.75891803322,11.9768304190625,1935.01200266281,101.636833870223,202.588438220481,930.457180551416
SDHD,1284.32590008438,834.849362066311,4097.73480731063,863.662797148686,7815.13449853454,2085.17292470995,2024.94321157249
UGDH,0.0478442370622452,602.472450967667,675.597564960973,1100.5501491394,2172.52677978321,710.81366895708,758.319166897927
AKR1B1,760.075858803763,160.209384434193,797.796890348443,1138.54663695851,0.00256764750422689,6475.15235590791,887.014768022994
ABHD3,2098.87818425337,2254.50552134253,1845.71282901084,898.937009969757,1026.61490194349,451.433053081888,6371.42348307463
C14orf147,907.906412501741,1872.74994018151,723.362828805249,3967.25059973069,5137.70363800758,984.916171896492,1007.44380724479
CDK5RAP2,1938.52687367141,1081.60254099317,7736.43443591345,1592.82101437648,2553.94766903783,1742.48810197615,843.851184386652
VASN,2577.69607612452,1565.86495942344,441.991249515721,0.0441241607912811,282.484696131266,2717.99609465385,1308.44985110241
EHF,8.9403454350905e-15,3508.82905785619,1319.12038734313,1893.2988021905,1199.70584435474,2238.74427544421,2113.75481708967
CDK2AP2,3517.70880086715,568.517181379787,384.458381095418,6123.21796249015,2856.09333346993,1927.09951570538,2866.53085780072
RASAL2,0.00213694476958411,2718.2590310352,109.742035437921,981.086121330421,0.000966552496672107,1472.25408341984,2136.84030044035
UTRN,0.000149268894763242,2714.27419246755,1840.95715257993,1574.25840302912,1111.21878036239,1140.03797318334,7.53674629677411e-05
RXRA,1285.1876256904,2017.32583957468,4570.07652875987,1420.7906676831,7596.68732473644,746.830983688947,0.197521013376497
TPCN1,739.375748361958,1169.27829041494,1292.47237957571,382.015061520907,3935.18799706672,869.345703548099,161.993766501057
FOSL2,151.874310007348,730.736270078228,1043.87321308252,5569.97691230169,0.979559451317918,3747.35088105723,2564.38359230899
EVC,1552.21720154881,1999.62997075958,1462.81589449726,1.57459591041161,286.651441223603,1191.41286777148,3090.5237697613
NBEAL2,450.306678003926,3405.75038996965,811.539347702759,4472.44539763871,0.00127632299684765,1344.936758127,1473.20348389278
PACSIN2,0.000233317412897403,838.373609177685,1870.16110687558,1686.62322809447,1430.21345344846,1950.96331331962,6691.10749959913
FOXP4,1504.63604731896,2764.582156956,734.582328366934,5278.79252630096,5925.32243985926,0.726524363471243,74.7743627292156
PDLIM7,1764.25552217216,2155.57946980847,3.99670592158991,612.116598242066,144.712685707395,2709.115619491,257.961730298534
STAP2,7060.93602982574,1369.937794208,501.439245536488,423.855811710975,738.544466015334,961.679567564052,1505.52201534109
PDGFC,1363.82080891169,3754.08144944877,292.734213632944,0.239125965639728,263.718022287372,1563.35445927831,2408.8588693436
SLC9A3R2,2645.69108161033,1907.17362891668,902.799815076618,850.076781674965,2697.63433657167,589.41001478503,6.20170894027516e-11
ST3GAL1,2.06175425852293e-13,395.246869313284,554.775362030932,3320.18682969165,1666.17935131188,3302.52659687391,826.96003377456
SHB,3656.19285943296,3138.48425374136,658.386224418218,743.630576540319,578.031635642928,1023.04320784635,3715.29246629651
EPS8L1,4550.29434960386,1703.3543797843,481.25629915797,912.576065710475,0.000383078606653333,353.531331274927,4159.29300619891
MXD4,2848.7851285766,1235.3368151642,2264.56737595659,826.682674049691,7554.17014099777,1322.92443222506,694.50193224814
PTPRM,44.5378525450849,1923.98235325091,1348.71198306332,199.914020516963,576.03190888508,3520.75485754769,1730.20651289776
EHD2,1190.38560037215,1312.69721312832,758.555737754895,0.0243079514772844,1011.78675208269,1483.47142870022,3.14511052141001e-06
NCOA7,0.443277113761096,3549.86624789337,967.78000100248,2937.20494793817,292.656628206599,1868.88743390624,1.33595861129425e-08
PLLP,6248.06285239375,1014.71047478562,1464.80484805544,0.0172416015165304,2066.86424697575,828.01640058172,3110.17629296558
DAPK1,1202.08627106117,1623.90573150403,3387.74905909597,10.2407163041881,1.32561162676855,3205.21753706648,1758.70595811463
NFAT5,0.0010835792073151,1360.57575905144,2009.98183911174,1378.87559849533,326.586165558357,833.057065891221,7359.59739860984
UBQLN4,1774.0106325489,4439.77178899657,318.077571067635,3167.24825762617,2184.39508578064,877.074489930805,697.453575612503
RAB34,3672.33027108892,1981.44667442824,3.23843766603171e-22,2078.47909692366,6.44276386904865e-08,0.226039747072367,980.898424498103
ZNHIT1,6824.38355081525,778.401342186932,1441.94068758756,1659.38541279972,5130.89939154238,1380.78353379855,1296.91228611892
SMYD2,1325.36547574969,4090.28917889865,1.02472001956186,778.391924624481,2183.82901715863,1784.45299253684,967.899439032651
IRF1,1924.41718485607,213.061799491526,7.24836268353694e-08,326.160472511199,2298.13663522742,1641.87123266808,1038.73787754904
DDAH1,3000.81141506439,1386.74022504721,2122.39566484211,1385.89708769638,4740.95341332691,2281.78895915284,2122.57865276535
ANKH,0.0605559760847364,1855.34406643914,2811.57376626641,1448.78564834581,6074.91250632005,1553.69130188894,59.3869376124185
TAP2,0.0283053352299795,1228.93243319804,606.480250417319,249.59937831026,3130.89778271568,1153.09887141575,1416.67268452824
FAM8A1,200.928145056974,3285.30886221164,2568.9537862466,833.609953496864,3532.65667022052,181.855562196957,1075.07010080308
IL1R1,628.500079702795,1076.93968522142,5743.51778272803,2.14062605102289,1254.45291574944,1605.07823286694,700.859208601835
PPP1R14B,5221.55837368756,1327.65923325302,576.625885951732,1965.83737232318,1477.79298522248,4119.27435013175,2827.9764110846
SDC3,1685.34950536272,1708.25696744526,1040.56635230635,1204.38751704034,2269.19548003419,1352.56835919125,1651.07630634931
NME1,4412.98178996014,1313.3946240289,2.99563444155214,2869.65016248615,1151.49937422446,3473.81687524205,2447.98042468232
C1orf85,2192.32348626782,3069.11324449823,357.873419493676,1495.58455113732,1571.8124102837,767.539058222267,2332.9856807363
CREB3L2,1.68739990294168e-10,2089.47046753935,2570.08028828824,3434.65068497354,758.522340304185,1268.2205961496,899.356771894274
LZTS2,1876.90101015305,3936.9055450187,999.336758040077,2993.61411224808,249.821542161033,586.131343627018,1715.66831072317
SH3BP4,1127.03586912193,2910.48356291604,1092.77693619097,4582.18053309593,6046.32630096763,1664.83669380265,210.472990740896
NCRNA00201,1397.55044645473,4064.3197577376,333.880935874647,3416.14140003777,2431.35030633931,94.957791101124,1025.63320855958
HMGN3,5770.93186912066,1354.64093372976,1047.63684964015,2448.18251706134,2159.40980637491,822.609106121879,229.491239348051
CD82,290.729962605591,646.676202391718,1293.42599712675,773.838355933779,692.238551855662,2920.03574620959,1639.1176133107
C1orf9,0.000482051977918017,2477.27737775443,609.180513849714,1113.76614430303,1019.37171178337,737.497336521535,6727.09325275363
WASH7P,4740.25641803634,2774.12679451854,1018.41680274135,3487.34951659485,1833.1563775316,1831.4115984796,1774.02419323175
HSPH1,3.87180064306095e-06,1197.59180628534,2009.35625087664,5108.00273693191,906.744045387908,2809.02584100319,755.70053556302
SH3GLB2,3618.73955072686,1686.87058080179,2676.05004248531,1070.67717899088,1203.98589782864,2860.0578808315,1699.88233986447
GPRC5B,4261.2534935174,1658.61199133001,2043.59886574522,4.47328840688997e-26,7.09301137731474e-22,28.7914005619526,1051.89451651179
SHFM1,5294.14607420861,846.605623674844,1170.79217669934,2795.67133225935,1681.16222325351,1959.58201274583,1524.99005385208
CMTM6,0.00408728191534143,2323.99274620388,2123.80716842754,1452.88497135368,592.40827082794,1769.22818043065,826.435410223605
ELMO3,5084.69845524064,981.810334420757,793.322838469017,1695.1644646923,309.026201360501,2383.14930531091,2629.62985077231
PLS1,1094.96947285412,1230.8746459947,2940.48732835176,1865.36148699144,933.599668490737,1064.87574712768,5017.31602397205
PHLDA3,3023.33910774224,2017.31889006714,0.0217879521458724,1005.73423406299,736.747699284214,2110.12034839293,2355.76306731195
TMEM129,2728.48269580015,1020.8532444913,1689.23076804234,567.04535695647,5651.05886847233,3130.4487695056,2121.75493332925
FNDC3A,0.000431997319932199,2015.80383085979,2078.59492751608,2427.88440184847,2715.87387647193,1045.93186188108,2756.9229048925
C9orf7,4508.15868963131,1868.31669965702,1403.92044393888,662.668471536137,5052.99357370427,1733.1359124858,1365.6501107518
ABCC1,0.0399540415390245,2699.29474103672,207.567699823488,2799.97078255715,0.554942812391697,1748.93889785568,418.873919057223
TMEM33,1109.17531610569,1167.04729318912,1003.68445068756,1350.48874070312,7273.40567277811,1373.5628273697,869.981247932112
UBE2L6,1483.54268348102,1115.89547267445,374.142493663486,9.60186798553217e-18,2184.69148380123,2907.60092981376,3600.48409225276
RABAC1,3838.11210674785,887.984962891316,893.576588746218,543.441215123356,880.092554941024,5009.25972361673,1529.84026696854
TEAD2,3057.67364747362,3140.08123308168,942.864096886513,1485.47382198596,344.39332879701,141.116221213753,1241.80994570363
PDE4DIP,4.27275731791248,2242.21350437012,1925.30635676596,647.797840332296,6245.89710142603,1041.37141562592,853.122454059289
PHLDB1,2536.44935768154,1942.31615499568,724.367780179577,0.0376365499951709,13.7488386492561,1350.82739792336,430.306593339537
PILRB,3134.62453420101,2001.60624382889,1076.70286417282,3246.77908635275,1594.61191685153,824.279298591054,3054.18701394817
HN1,3303.63074493218,338.182939798219,518.794748240364,2445.30481265964,1694.49566268504,1852.64339763145,4620.16581880242
FAM84B,904.688045902637,3215.42434639116,1929.65032759912,1656.43107784402,436.79032416319,635.331238725796,1784.34949519713
ATP6V0A1,3639.06354557651,1918.22864605019,3583.29355942471,735.766241416197,2964.84972997263,512.692105181444,1390.26963104545
UQCRFS1,2963.57257022294,974.008430206732,1972.38651942125,1035.7737941254,4855.95470803309,4426.05404314085,1891.93294536497
IGSF3,1615.80111195643,2533.87495201997,1278.51466097526,391.790652342268,0.00198494119119232,2451.46241329848,2223.90557661959
PLSCR1,1665.71095511137,857.586686173175,620.361313670535,572.132858744177,361.417004773044,2518.06593938224,5187.66117746957
APOL6,9.08824980901984,809.02331858754,1420.08623831857,344.501446254437,4429.30078130277,695.447992848622,3371.47949233244
VSIG10,2225.0464875112,2850.55723949388,2729.55298068041,21.4068580120177,896.977648528962,1265.11969677495,1068.04635113654
PAK1,1868.18359338097,1219.94059498801,4072.0411632992,1013.03778454121,1868.1288183849,1271.0324148906,1023.82312403988
MFGE8,1605.0977237716,2352.85443257326,1287.10145831916,21.1308549181919,1576.79788560132,1242.96956505009,24.7943367266051
RPS27L,3190.91787464626,1303.14214591029,1267.13346990924,1920.24618944331,1687.42017928134,2972.64010753409,3262.7951300239
NDUFB4,4656.40784073838,846.716055657739,1426.66358017104,2994.45219830859,6033.51774835358,2371.0089321511,2133.8174417697
C2orf18,1693.44490045987,645.792537529609,1802.26288744472,906.767619346458,5314.45136759766,1675.81518810518,3665.78763127416
MARK2,1503.43137979138,1489.38943243539,1682.58968323683,1321.81894139677,1286.88996679566,2976.01539888666,2785.8022790002
NME4,5512.70495820042,1831.26414347438,3037.35324638893,2322.2234345108,4010.61496515127,2130.92873261418,2724.2253298844
SH3D19,494.226505458518,2113.66115616574,6394.83085440643,1473.9521340987,592.250522309272,1039.17287929833,1663.05010679578
ESRP1,1472.989721089,3345.17926354307,2075.05988959666,2363.58363985009,1256.3777134481,1125.82621160754,2631.31795242767
ARL6IP5,846.141382403183,1385.15840865014,2605.65578552827,1222.07056717425,849.452680693203,2781.86302441653,1434.51187867535
ZAK,723.319298819542,2730.97453881478,1593.19889590675,3116.53081113436,1254.34358236836,1890.74282999181,1889.37330237773
DUS1L,3068.21804355826,792.968151339462,728.094577731934,4783.79659269215,3875.37899995129,2287.26660281859,2671.58192168109
ANKLE2,1530.35356240501,2158.18028320691,939.482303020903,1653.72331384839,862.153930392548,2024.33157693566,1404.85475204056
C21orf33,5336.51800632708,1020.05933340546,2106.66750047158,875.477025064636,2391.91993935002,1140.6687171736,1846.17634759741
HNMT,1773.66430246678,2618.11945845394,3659.22473827607,771.96488935001,1072.49108278112,2230.16729603658,4504.58482045384
CAMK2N1,2599.83975172691,2048.66701959226,3277.75879340176,0.279349649389631,1897.41237684907,2198.85359691612,4278.60643440965
BSCL2,5944.19666118261,1566.5549657106,680.791176220759,1261.04422071198,2476.07656375448,1356.56706369137,2846.99582181953
HTATIP2,926.335168355665,523.484953506564,1050.83132953746,2031.24072115825,4783.8900970093,2906.53157316546,2422.71379942041
KIAA0182,892.547874394739,2075.09575386228,6244.63934871114,781.48074854724,715.047049559957,1567.08984695745,4018.97970736887
GSR,31.7116960592864,2849.742516622,2986.14199190267,2629.3909129922,1272.63020648125,1314.72324684216,4438.02380255699
CERK,1492.04000937957,1359.74293849665,6884.24686975178,3231.65944569331,1796.8436557288,1385.46002014836,698.569586283277
COX5A,3234.35963834851,837.364089344519,1871.60775259163,2425.18422487699,4604.58422762207,3383.71077802828,2452.70764310735
PPIF,2504.8900180559,792.486721040302,402.695315207539,1973.7468128959,4677.57299220546,1909.84664050375,1734.22253071593
CBR1,2863.52115288593,610.62793631242,998.076495496094,2089.9863712816,2616.95073070541,885.000216915117,1607.97567072586
RNF5,5118.26440665802,1382.74575883368,2009.73971917558,1329.10910939102,4187.34707275188,356.004944644976,3340.6840937217
SIL1,4739.45368245993,888.638811723153,1191.20528364832,323.200216810588,1766.59903299551,1081.98808644791,3058.12350555014
SFXN3,902.090954347745,2601.80425732377,1949.30392817183,286.345616986043,5.48999626622968e-07,4064.18137881316,2315.147734649
GM2A,1287.16098450613,693.105641100672,650.418511320399,685.736394618257,1322.90096279199,1211.10060791702,1440.59098304009
RPRD2,776.569961900224,3882.2429366248,1427.41780248327,1178.79651369625,1969.00317974119,643.649828973462,2311.67143180689
PEX19,1051.16811988751,3059.74705846677,2016.24809429173,1421.01113399396,6072.22448402543,814.220979600665,1921.15475953819
CMIP,1127.18987793191,1219.71301810708,2193.14708533393,5400.15289712792,586.874904086038,1873.38570463347,2232.55891614916
DDX21,9.28618693166689e-12,2806.7749146543,1335.52659886953,2880.02943550534,558.348927588178,3370.49513009996,1129.65410489234
PSD4,1187.10916344886,1947.91761542747,1227.0406944723,1252.96349319313,3299.57207373416,1276.48059078212,3294.89233977213
LAP3,944.328165597281,1470.47712953723,1719.00061040968,372.316251415109,3478.01638598721,1839.19421177919,1906.08378433635
TGIF1,2976.15829744991,1773.68109275007,58.3924131077509,5014.90167940945,184.952741065789,1401.15948824716,2411.46055807601
CD2AP,872.000313694644,2251.68871031176,1786.98752955924,2725.8680931145,1406.77263851468,752.547900850184,1653.89857296122
LOC100129034,701.94578449641,2111.37618282358,3168.68803726399,2605.8686588283,2886.48508734686,2651.51706603685,1264.12511345602
MTCH2,1656.12060822546,906.166638459874,2135.58469273212,1510.15078208159,6716.41679985528,2473.89279147951,2672.73293926427
MYO6,232.381175206605,2593.93350905036,4733.08947135332,2116.02468570613,2993.064988025,1253.65311504105,1928.15275840332
VKORC1,4030.29068209749,1768.50303891955,796.08673219767,1484.79574918046,2126.98925338782,5404.03282531296,1054.15166968432
UQCR11,5980.79666119248,682.629269111474,1667.0407313429,1230.64568127902,3716.19650790985,2707.56499027579,1520.78290623017
NIPA1,1170.05113798332,2186.54974909786,2639.77336739372,780.660114453476,848.530445691388,1098.75914564577,5545.35613148355
SBF1,231.385485063057,1429.2440034969,1874.75585116054,4594.22658706751,1817.99870902841,821.295175213242,1126.86260553891
MAPK8IP3,1525.45861679932,2204.89266944534,1049.62152484536,2082.24830018066,714.311767210774,1695.16787238107,3093.57196501053
MAFK,1954.28816689348,2002.01594927925,1516.16356453329,1290.61877823072,525.704565771417,5136.6314937797,2757.19121917073
COQ9,3302.76305073492,743.817133915644,2430.70045134936,1291.5292305027,3511.38659704923,3046.37723235604,2819.79932169141
INADL,1568.10706358446,2447.52554465605,2888.06288478388,1698.48729733879,313.876519437519,1212.8616754788,3256.41496432483
SEPT11,601.057968504821,2216.58874915298,1492.12230918173,449.029985138932,34.3263219562879,645.422245618336,834.176892948634
VAMP2,2155.30883752746,2591.00119532987,2407.00102290032,1513.13890639626,4497.62356694434,884.385003992195,1053.163553846
MEF2D,193.813635701509,3688.27882197414,1982.03456977465,2307.42567086767,2248.93168809816,1020.07041282404,1452.67500318543
C20orf24,3461.72737399421,758.27205885593,780.590615729615,4504.02860162349,2533.94734689432,1994.85053138693,2676.675341625
ALDH18A1,1086.60095345308,1673.41701092046,831.771885973936,3733.45746068981,927.160242873839,2660.19790251167,1555.09026902783
CDC42EP4,1805.33953694275,3162.4018749442,3579.96322561717,1674.43755244482,1152.42696451816,1096.85787612698,1.07039236296021e-10
MAP4K3,653.814633478765,2121.77087326483,1189.50799059727,1258.04787425719,499.04268265074,626.06272644939,3629.36499713344
IRF3,3508.72612517207,1517.9580352132,672.379618184801,1456.70400355763,999.793268906914,617.486808881936,1442.58502733941
PGM1,787.613332924816,1437.77348223633,1570.73039399907,350.614602791992,1009.8355715927,2764.37642985356,552.305581681863
LMNB2,1120.12744591851,955.482322798838,203.242119978525,3111.4816524997,957.499317897355,2593.79969071137,574.316546011455
RBM42,5862.29584653471,879.733494185123,1039.27632221051,1592.05835228319,1955.54252253694,3361.00288320844,1884.08297246691
PRNP,589.15693386409,1497.25586019986,1950.09316686205,889.711603198233,1079.70873821398,3182.22066349468,2084.45492564927
PCBD1,2507.52315705616,1750.90092700837,711.197576579518,3424.53239802166,2362.30063112845,2108.90818404063,1929.00404398407
RHPN2,786.819203693218,1979.54528653386,390.44390513793,1775.74658901675,349.903172094037,3066.32386330771,3983.38097929886
MRPL24,4283.09438503718,2789.52439057116,690.544299816244,2011.77783608428,3119.56502564473,1582.55087543093,2050.81271528359
TRAF4,2408.71513656401,2213.09230579639,912.527912028868,3689.09024698435,306.98471872113,1081.96252379659,1602.19762863332
PPP1R9B,950.981822379501,1581.63374274975,1288.51357352138,1818.79695464974,307.722048662266,2003.5540832703,2039.67659122849
RIOK3,1056.00601888977,1488.37193521796,3885.27059128693,1001.88458180933,3110.61521928002,1735.32172465127,2478.94463256645
POMGNT1,4033.12009615857,2061.23420708161,2025.17865005816,1452.0483078614,3041.64695720774,2036.99599954056,1140.35960258768
ST5,1438.7515548395,3461.0276421585,2486.09757553559,1957.51518111373,2128.93809495349,2277.14526006293,7.69726817652359
PML,1403.80504221759,1086.84030971436,650.492543371247,1014.298117457,1397.83299139945,1754.60392755035,1243.39472354586
ABHD14B,3413.55585474902,1261.37854208464,1360.9596021858,1375.22208699259,2443.37051280342,660.553367968511,1188.59673118658
DUSP16,1823.56189512788,1816.8727643586,1555.89082071328,2539.76222894472,1320.81728435238,1392.75408124796,2007.56136202067
ATP6V0D1,2437.2787890132,596.670468798137,3257.10617024095,804.349911849298,5174.3261383529,2020.73676892171,2343.87628229268
TP53,2550.93728409464,3109.88280596494,599.215555217224,4525.24170035506,517.557256819599,525.482603121473,1338.38067204344
ITPKC,2768.66183994716,1760.96217972658,1576.38187914161,465.62040163822,576.542531455906,2596.13460516189,1194.06704425676
HES1,2237.65030561254,3035.09482863437,1560.38067624862,758.502013995405,2344.90641505434,1584.34595475142,1596.05545675649
FBXW11,532.550595170721,1550.01484581561,2772.32266252719,295.389029469261,1856.78736029971,2028.5519321464,3620.70922320842
ZBTB38,3.34857074398183e-06,1804.24651253506,2752.60291458719,2575.6117905024,1998.61795246242,1289.4595045698,550.433707710462
PSMD7,2201.07866952926,920.756789051747,1260.91826770125,2324.24298209573,2612.93569939175,3751.71737836319,1591.16746554841
PAICS,1322.14648143652,1749.65851615691,1093.68105723411,3916.57366094248,1051.77269451074,4359.97334866926,937.459695616929
DDRGK1,5015.02043447988,1796.72891233329,1118.32197345225,702.956046429948,1144.54638348197,847.8211267254,2558.69778768166
SORBS3,4005.2958962444,1728.05615781466,1246.41638625026,361.645908452528,1180.07247159076,1013.81003072683,3225.38224028386
PSMB6,5468.53720147616,1609.75972212401,1350.31907904988,2959.52236147273,3155.67882721756,1713.72194197936,1337.84438979699
PPP2R5A,1531.6308060567,3124.73101803211,3710.68513983632,1020.72254308473,4397.91560000138,1598.68948403414,972.503687611122
FUCA2,1516.90142780755,787.320964837431,5692.57456469178,2437.27926514541,3597.1882906686,1616.0038801043,1397.07354210862
ATF7,862.35442892603,2371.2540394899,1661.36814817181,868.647684025282,610.800467857366,1750.82864534922,2067.85812934946
ARHGEF11,244.560558297632,3512.63454702462,1713.34219054932,2398.0241962743,2590.68063188975,658.065244615218,1277.58082250027
DHRS3,2748.76376797013,288.561647943134,2910.14755649931,376.768247151777,3560.38428832851,963.799687178296,2298.08516688073
TRAK2,378.859647920806,1805.29170165189,2075.59648409393,948.896890658271,403.560241676808,1319.35559524301,27.7828163278977
NCOR1,292.851309934959,3139.83630539713,3867.45404920567,2128.35566086831,1178.06506427064,944.028770033622,1868.17304322724
CLK1,1153.87224602732,1683.95395618067,2440.24224831234,1955.60063149663,1256.81470428034,1411.80637130904,1019.70456480472
EHBP1L1,798.048821090111,1663.79389951353,740.51728921337,662.747342582567,199.758645827025,2791.41375079771,1931.14752115032
MAP1LC3B,1227.59247474265,740.736418111824,2431.9618592384,842.596883225254,2118.76555243684,3948.64058730918,3022.34518626211
NOLC1,548.551413484486,2353.15597638322,1448.65094766013,4262.26435084245,1444.25566491665,3292.31775866699,2015.07803636263
BCR,3299.68096174251,2511.65311221585,1430.12264413897,2513.95847199794,1065.50735820896,1161.19619085332,1227.72353021312
SUCLG1,2455.81841233672,966.774107268307,2499.92544673989,1121.07860529082,5660.8591035588,2812.83263883787,1198.27464216643
NDUFV2,4397.98802414817,1035.37858564436,2255.60146134372,1104.77117917274,3899.67881380503,2101.07289030244,2223.1184789456
UBR5,74.8812125147892,3016.68875326313,4335.13448864942,1340.25533918674,527.220237135833,1380.29304003901,1421.38033609305
CDC42SE2,1281.33273010849,1480.16631570771,1042.26319974834,1156.64594680022,1814.20412755034,1430.36559588439,2245.4822238865
ADCY6,1163.74507488982,3000.84466605948,1591.0631632071,809.254930965959,690.23672013916,720.745494997303,1410.13780171964
ZBTB4,1827.03662500963,3511.87888086984,4811.07733209385,1791.14719390598,582.443437069424,1433.6721573565,1984.8816753059
SEPT8,312.429419384454,2525.86053440292,1629.33620419517,457.575611047094,1736.27985314482,2541.98929327031,1239.40901377104
PRKD2,2191.20012943019,1751.48869580009,1421.46825482391,1241.02964834157,836.656054671299,3426.49653651895,2100.39973986462
LTA4H,2784.8401970343,1874.95883248929,1094.07023312711,2062.58924137524,681.153476174022,4021.22297068251,880.284452750452
C6orf48,2929.01582012081,1218.7112132731,502.323209176855,2542.20503611787,2077.95959957573,2547.50665743709,1414.56772308836
VEZT,780.226789096068,2539.83698869239,1652.602454286,457.491781771235,549.564832533231,2175.39060271063,1335.38202021965
SAP18,3056.82095030552,1095.86063316206,2487.68119267048,3169.8979864416,3695.81918720718,2568.81589328954,2683.25094220074
DDX24,945.913789394263,2007.33091312164,3331.81043308353,1642.55400798776,1790.08024591638,1523.65277258331,1380.8040777808
CPNE3,350.336151804103,2972.90582592406,3463.32387067016,1704.43708797002,1699.24638679022,2246.26516587187,1507.07679647156
ETFA,2001.66198515975,1895.77294151783,4955.38598392255,1764.54700162314,3767.02273874982,2306.89853499011,3552.07288496478
FAM129C,2.04439477175523e-86,1.90755556201249e-66,1.31059377880787e-77,8.16439756412816e-90,2.38914972333947e-76,3.18546864388659e-59,1.91412625756174e-89
GFRA1,9.82366493289824e-45,746.667880656898,2.11951154494455e-54,4.27474147828577e-50,653.300074423724,8.25506648937413e-45,1.10105852979368e-66
HLA-DOB,3.20837443622972e-37,7.40888103647918e-24,1.06448236965995e-41,3.71267034059845e-28,55.0637447589363,5.01253639113218e-25,1.21837271484762e-45
CPB1,7.73671126121088e-58,1.23235416701317e-171,8.21377338890581e-41,2.64330384759333e-32,74.721165119364,4.7400066149872e-149,1.1901734767336e-29
FZD10,9.79888018231277e-45,2.17998761401456e-28,2.6919918780938e-27,3608.77292253113,4.45643449071555e-51,4.75077247995576e-09,7.18179131100485e-49
KIAA1324,2.17495083554294,355.819756724306,840.037541162029,2698.22173004031,1.56877993344134e-43,2.22357356241682e-37,7.30474964208511e-23
PRSS1,5.70911999396101e-43,3.58806723205506e-92,5.90945736845968,1.58204398846686e-31,6.04509882073181e-24,2.38580046896914e-81,1.42432455877784e-27
EREG,1.51974408038691e-57,4.02724724587192e-45,1.45706465058617e-53,2.19353583053324e-36,4.46435937683249e-54,324.623313608071,690.47586369456
KLHL6,1.79384229571564e-34,2.91443555066552e-13,1.88316812650995e-08,4.75595519085678e-32,1.28794093236805e-32,1.07293242628641e-06,4.18644002385307e-10
DUSP2,6.98688865191617e-22,114.710082212256,3.8588812455322e-33,5.54100176856904e-30,2.89333019971142e-16,120.932663799171,1.48317117233288e-05
ADSSL1,80.5804836650652,50.7375335491435,52.1863138949917,450.093309341468,3665.16283628622,92.2611528658616,172.862507608698
TRPM8,85.2465044083922,1119.7711411993,0.183795914425281,9.88303474719345e-42,233.738396781603,6.51631754070094e-41,2.57141046112722e-16
HAL,1.56530060444478e-22,43.6680948706494,16.5695579734519,105.976113206033,3576.14059857842,69.46218767317,7.92429378545023e-18
SCG3,2.86969582034176e-35,7.24809511504942e-44,3333.32922079167,4.73791955783507e-32,253.868649788445,8.67961436635042e-64,4.11581650140278e-46
SEZ6,1.12667713853884e-42,7.55657622482686e-38,3371.15715526769,8.34083067188231e-46,3.04790443451602e-31,2.09880841915114e-46,2.08567324177727e-72
ZNF589,0.000423219251850115,167.393954217,100.145340254347,429.551797274141,9.38124954842429,1.33348700726668e-12,2.72085801689863e-05
TMEM158,1.65698525038876e-33,1.55476933977984e-43,5.04572634520336e-16,7.42211689806576e-18,2.22393695772748e-37,705.065401635504,5.6368073747656e-43
CHIT1,3.69980859692015e-32,1.50424459258626e-16,1.01180318141709e-18,1.21313003443282e-31,3.79206093836388e-19,0.000208583588702098,0.236669152478042
C4orf31,5.71074825738515e-43,1.87658340665822e-29,3317.12192241872,33.6339391746549,1.15202538911075e-61,9.83949160986847e-06,2.19125135303161e-51
IGF2BP1,1.49174936538842e-10,283.988342684284,4.75822299887784e-38,2102.92308131054,8.3466355020933e-45,2.20567776379943e-47,1.09719844880773e-22
TCN1,6.41378180071212e-59,1.551357440626e-32,3.04798448656227e-09,73.4979789958448,8.10847592881351e-44,210.795133884914,1452.87305119473
CTRB1,1.56240706344974e-60,3.33136254225776e-236,4.13977263211433e-42,1.9261298704242e-32,1.04351963786794e-25,1.07540987814354e-202,6.10862334901561e-30
OSTalpha,4.66301910439026e-10,8.12454012064523e-32,0.136151870749892,2.17976456945885e-06,3406.82206079702,1.08897086891243e-09,2.66942150681591e-29
LEPREL1,2.3352433508391e-08,1.37468501248372e-28,80.7926694459428,72.9549925712312,0.0078768470694929,2209.59600981067,2.23328475297774e-08
WNT5B,1271.77256358656,1.03122875830514e-20,1.46913691164522e-35,293.581606112934,90.2306234006038,137.077471885532,2.73982025045658e-07
AMIGO2,8.46444846065047e-22,4.64121061083258e-15,173.882081053614,281.615064267487,119.123863111102,188.700650427629,72.9235129283379
CCL14,305.833289862169,3.33148064189198e-13,0.000504324738154358,6.97319829717032e-16,237.226623684382,1.41112716988101e-19,3.21775861090616e-37
CAPN8,9.76176071251867e-10,2.25471717991477e-32,980.279498454579,3.33288182274705e-10,6.14079147847801e-17,2.20720672143844e-50,489.512219170582
PIK3C2G,2.47312390864687e-55,276.579328580013,2421.0070654045,1.51541968653233e-29,228.747329905445,3.33363058553724e-21,5.05042468538896e-45
PAX2,838.599228765648,1.90603461320849e-08,9.66618037412974e-24,1.27251547609433e-41,4.45413901215952e-98,1.85386737824023e-72,1935.52839540299
CPNE5,5.05172139168385e-32,1.79943056271207e-28,128.669176210736,1.91495958254841e-23,2.98995684044381e-28,7.60582263792313e-47,1.45776775568081e-38
CEL,8.32993266937732e-33,5.31273397634378e-35,1.21690913640097e-28,178.022698452123,6.27948601693736e-24,7.6864669305353e-57,1.61108519880962e-35
GNLY,505.254710658824,307.225840587133,5.91010542279783e-52,6.00227244470634e-34,1.3389074204406e-44,310.540932042841,1.60816039117424e-16
COL22A1,19.8927780250914,575.107937656791,1.05199856837722e-33,82.3879648210626,2.65309941355394e-40,184.909972880137,4.61622955292534e-44
LYL1,34.6762247894421,1.61361769198202e-15,0.000106028380438525,2.94516298516912e-14,6.17127203243568e-11,5.82637220471483e-09,5.46224032678401e-17
HLA-DQB2,301.484790240931,340.329647180933,1.65934723867063e-30,1.28237935304853e-22,1.67672466053974e-12,680.137813216989,2.71140748163744e-39
RHOH,6.88318878106433e-37,7.84970109999433e-25,5.81578243698318e-44,2.6290553581606e-19,8.09039193996142e-50,0.00170186582138197,9.39062113560784e-29
GPT,440.705975073021,171.39286251071,382.993496231489,135.636515481702,3126.19235748389,208.440018284748,97.7014935949207
SP5,1.32079319798426e-22,6.02834983561065e-08,1.03147953385684e-35,3258.63896253092,3.11086222034979,1.2323916622173e-14,1.12635369890669e-09
HSPA6,2.6470414796499e-16,631.736656617052,80.8938085154124,76.0687842034431,25.8251984570224,427.165952104659,925.881605375854
GFPT2,1.12495520542815e-25,5.84880072977015e-26,7.92925901982323e-19,2.46655385718519e-17,120.321010723615,1917.009292313,2.79844009567917e-38
IGF2BP3,1.1996541354413e-12,3.33838536969995e-18,7.31112259189241e-24,131.203299885271,221.242122733003,238.195683725061,2.0950378446988
CHST1,1.0073779971089e-13,997.674685554395,1.66062224698501e-20,90.0794890593975,121.769653363886,222.339530615518,102.680521789159
CUBN,2.14436703264694e-34,6.25097258774174e-33,67.9431747518071,4.73182990565108e-32,1.2390713771312e-58,2.46564818293874e-36,3.67801931680346e-44
TNNI2,6.51077108988578e-50,862.318840545592,7.89918951925293e-97,1.32469865220364e-21,42.5432190051181,2.69630420895433e-22,2.81709488633996e-23
CD69,1.41411846306263e-28,1.50435450374021e-13,5.07412760210255e-31,2.19687006457316e-34,4.4350477028038e-45,96.957386366265,1.91452314714012e-06
DHRS2,48.3381916672743,7.62536496606878e-32,42.5093976979851,3.67491008927877e-29,3259.59604156276,154.518138084167,0.0197792498703881
LOC146336,525.728968212878,632.959088072483,4.96460812748673e-45,1.55228086230459e-16,2053.76394780166,5.19666176746362e-40,387.38209189166
KIF21B,1.14297654916337e-20,345.202864985773,401.210050875035,345.511880923652,2521.2436860191,22.0790925266964,0.000134380591744857
CNGB1,1.5259653385076e-15,1.68190206116715e-21,2.12468993033823e-41,8.91053396249043e-07,2.9079338304352e-71,5.60661838306979e-36,86.0470307806107
FAM78A,2.52970732730613e-20,4.73679448121469e-08,0.0107571397181974,1.32289318908519e-21,43.484580596905,0.054618894229897,2.9060506185936e-10
SEMA3D,957.460519862973,2.26623749574276e-14,3.37320490083727e-39,113.684785156464,1.34058435431115e-36,1.04995976142972e-62,0.00761592412655656
CALCA,2.80417256781637e-45,2.58471644415609e-09,2.12442216093015e-38,0.00150627762899236,555.469368516082,2.06918427921219e-22,2567.27209785006
CD247,9.74119850933015e-26,1.2563603161734e-25,9.6798183970376e-46,8.81513215536303e-35,4.99560600009126e-28,2.62525043412113e-08,7.14646435196339e-11
HHLA2,2.99846283623441e-49,9.14045901811891e-55,4.5471826578783e-43,1.44162732736422e-47,1.17948007389056e-121,3.48119934464471e-40,2.04521053399501e-05
CD72,2.65749043158145e-28,6.24910530001629e-28,3.99089895740035e-27,1.53600539836236e-23,5.40698388369286e-33,2.21292955793542e-08,4.11726937840054e-13
SPON1,2.5388391538935e-16,24.9501368826986,200.548604670699,309.339405245891,18.4169622984536,9.50072231368413e-06,1713.22222292684
PMAIP1,3.21965721642263e-33,4.30469360201678e-21,28.9249225199681,106.761432482709,2.7922319623897e-21,864.233209827183,0.177175384663734
PLEKHG4B,1.94102036918887e-17,789.29149779824,246.849757889485,169.143812065598,68.3116560283681,9.75271572425199e-37,519.398949721806
SRRM3,337.090982261904,164.432870262297,414.648488845017,2.93456411696337e-13,426.940304844326,1388.00558360056,2.35793129675446e-09
CKMT1B,1.89244255932413e-19,1.0994897423913e-14,913.386750754081,1010.80483813733,69.1583557549916,143.270938979033,4.07532234384572
FAM113B,9.40109633375795e-09,3.24759524741103e-22,9.42605161665329,219.213702683434,73.3793328309978,6.82201953109297e-05,0.000143056553384471
DPYS,2.17309194200175e-16,3.7298809169773e-11,2.91187180844078e-08,1.67264254565863e-06,1855.20053636672,53.8857052124411,1.47064189301664e-15
UGT3A2,5.13118132977818e-30,355.724565887253,32.8041933427926,2.86805992717752e-59,3.8572619272411e-52,2.57051712752605e-31,4.45734692019802e-34
TCL1A,5.10863352127596e-58,9.56684858822728e-51,8.16919597221725e-77,2.49505632517584e-66,2.83830292669694e-57,1.62392410203333e-35,2.08084836591389e-68
LY75,6.34902637831616e-33,161.894915197075,226.432021799936,439.332008164474,1.36357039707549e-27,3.02660248705377e-12,4.31204051901494e-34
SIT1,5.6882246070719e-60,4.65610883687927e-53,6.62794329604654e-61,6.90724442129487e-64,1.90803626320631e-54,2.30749954245209e-49,5.07464752787008e-68
SLC10A1,1.2548816787045e-21,1.58708568008293e-30,329.232934498462,5.4114474925439e-06,2270.1773588767,4.45683711195842e-13,1.38824962921457e-17
CBX2,242.79572674956,324.142823575109,150.456524259473,2903.21467034595,65.8294225611863,3.62520389031178e-24,3.05914748946917e-09
RBP5,2.34166839896741e-09,1.87273704534888e-23,3.68235902274196e-28,3.63003938070586e-07,1272.69096595814,1.56036825435937e-20,3.68075239371255e-13
PRRX1,1.33492696652139e-18,560.334254818495,1.45075316616959e-06,2.54929621536027e-24,8.57580205100997e-32,307.976501375851,5.41785256713955e-28
DSC3,934.857833767079,458.385033052275,1.01046098894871e-12,672.755340094332,5.81054214170237e-53,154.727658223821,487.300096588987
DNASE1,174.837228182982,36.3126664702671,4.49213926138542e-09,244.192272269651,1.30899926055275e-40,0.00662765505331866,6.4119550381592e-14
IL1B,5.77451772060677e-29,8.77290629993379e-08,3.9222635729751e-39,1.0243068109738e-41,8.95848331419919e-57,240.452834989119,2.52478495543011e-29
CDH13,4.22906666941815e-12,221.442818860905,774.879692503738,0.000980212355962967,80.6094479500585,469.373700153543,2.03068719208418e-28
SCN9A,1.81423785774857e-32,438.739587105889,1.91110572150082e-43,601.873168741997,209.880921929059,1068.34460901015,336.509020748142
BDH1,0.000290616350878765,2.74153174562197e-17,1.73030007803905e-12,963.85044826318,1739.01420725271,206.969184586376,224.452407076595
RAPGEFL1,369.511703179411,175.472044833112,172.547835210348,1067.60700424661,181.116339951612,1.55583592918355e-16,152.806704453872
ZDHHC11,107.609351975104,104.892145450971,72.3123313863419,206.835149020621,297.261397512204,1.47745419668713,2.33046762742201e-14
GNG7,155.753432425202,691.49694404406,559.543382631688,5.04709462884418e-31,222.038254831472,4.62205152652e-28,3.19236651653102e-06
PARM1,2.5071892394288,194.581276127827,2435.30319354973,2.06889487245499e-16,2.88255984350693e-13,49.4586510535408,9.93026382440921e-24
LIMS1,4.83393109688727e-36,598.552341240868,182.993829595295,164.684652624449,64.9245962743925,341.225240308333,490.700394398888
BHMT2,1.01790978988117e-16,0.00107013860190505,223.214478645298,254.654550558332,26.1273267062892,1.92140687804272e-23,128.014587579817
LEPREL2,85.5042551717832,658.468909256813,0.00692277633718542,423.230736915372,32.4630710167022,96.5309423615227,1.20144202565432e-14
GJB4,1554.773675343,1.92634402821796e-26,1.04429248090541e-39,2.43589326493257e-19,1.36645632552815e-21,3.43246359266315e-37,840.418301699565
FYB,4.80145434214476e-22,0.000675140806444357,3.64314779677394e-10,5.03844838549406e-17,1.57059048797403e-16,165.579057254817,4.6360337970158e-10
CIITA,113.608488422384,54.9698771175169,0.00332550482052249,9.69105659606121e-29,164.077791077214,338.804771895699,0.000206691919632328
CYP4F2,3.97549238965099e-16,1.77762772779671e-16,245.999799154231,8.08637675433593e-18,355.49753568349,1.89979205460562e-09,0.0464440578919063
RGS10,191.93005339683,1.07786120075455e-05,5.06586638876603e-07,2.90167085039626e-20,3.2723455707283e-09,504.617241197604,12.316174507987
UGT2B10,1.72053099813989e-11,3.67407921850693e-16,135.43733616333,15.0121502980543,1209.44003150615,5.01697996725384e-20,6.48073056808654e-24
PCDHB5,984.408645654063,441.08669066866,70.5152846011859,1.14633748736113,576.466324085638,95.4584704143156,353.570664599108
IL2RB,8.38472476505254e-18,0.162913492260652,4.43673417230693e-31,3.66100305460232e-31,1.84660216766689e-22,245.317480493992,7.22518224071324
SPI1,172.757570450511,7.07212074989064e-07,2.80376605295128e-08,0.00350993257500723,4.58395558425689e-06,682.392330662855,0.894041765743032
SHISA9,215.120330313458,4.89459157379509e-24,52.5106300372912,6.29244462090178e-42,2.79249937241787e-08,1733.68090220209,544.742594844946
RAB37,152.170061914528,66.4743688302169,65.9944921838472,5.57496433072241e-15,32.4626438592376,239.599938554113,201.232228698786
C16orf45,5.49121166369493e-16,192.053988832336,95.4780302122191,3.53138146437189e-14,418.070595617499,249.913321758875,2289.40476869161
TUBB2B,474.385467701443,406.584289339948,48.3650510541312,4.5478007119461e-05,3.18521210834297e-24,1.75148342291922e-09,0.883709326816047
RPIA,151.150035776688,231.369683043543,197.63012616028,1605.82615118764,144.099567663402,285.065133449164,1.36917442538809e-05
TLR5,4.02324447518956e-20,1283.9242924983,170.602189338901,169.406654156029,251.566971840682,67.0350777107304,1.40502197179733e-33
LRRN2,646.571596813952,360.497545244025,2.67879469123025e-05,0.000563658333972031,82.4196782371202,342.275699129662,533.363556090936
RNF166,412.429749297576,81.3731323427901,134.729354270889,300.861435328144,218.848615616175,336.57571115505,19.4688070212911
HAS3,1.53775687309243e-12,54.5216979954503,332.748141183287,53.4269386164772,3.02525538690326e-12,189.867451855622,2573.76114247451
DNAJA4,0.014518713991229,221.208445213751,874.61292311307,2017.3021473965,512.104197581365,44.6503337255474,90.6136178103761
RGS19,247.936242235066,111.934623557976,0.796067237505798,321.99553841088,207.362008769035,323.710254596982,153.293711144867
FIBIN,117.136886860967,484.517842705704,38.2340013526986,0.0188939872531394,1.10341467749321e-08,938.293682750054,5.95101348055047e-05
SLC6A1,2.33434266323765e-13,237.19007962619,210.391865071627,1.41313868467624e-13,2533.16842925409,1.53952078733098e-20,28.4926622968812
MTL5,286.03583948679,342.10141317169,61.9916770732452,1380.68488870891,0.167247384929823,143.88085342492,453.102737021385
ZSWIM5,359.353062199879,405.214669043408,713.496138235198,258.622187728789,234.523799015813,7.39497510058758e-09,5.18892286609842e-24
INMT,744.789142676774,261.185370475101,101.939148326319,2.99809927121785e-08,59.8607876575475,0.0168782832027636,5.02782528405355e-29
FAM134B,199.861479004922,89.5315554519904,824.265499009497,371.397679419019,1.01803904199542e-14,174.214162412014,780.876946136843
LPCAT2,0.305852026855309,11.796336515783,1208.11434119409,488.459386843547,116.059716750254,187.65971692517,1.35944194975412e-20
RNASE6,201.711967823327,2.26995079001619e-07,0.0010897038831831,3.18045816058467e-19,2.95073942443444e-13,308.313107852647,2.31358359418305
WNT10A,332.012620364141,435.923444815366,8.28444345720877e-34,304.628412812841,1.69963776683113e-26,302.977099629516,166.200440807451
FLI1,1.24773413137647e-13,226.852511366636,133.429570512809,7.25715741793714e-12,16.1771853889214,145.098602199086,0.0105134271381945
MAPK8IP2,168.762548679729,233.393235474393,2129.37181541861,6.23270202362563e-09,642.760409124026,116.458504072118,244.391110181166
LNX1,156.400928750269,524.655497800201,2678.9295370973,114.215279688114,97.4741567232158,89.4545506933389,163.395373697255
MAP4K2,253.755538740592,280.805577438011,213.859156165006,305.521930436031,928.449371985015,165.918467963695,540.747813709159
ABI3,231.831192630682,0.000207905895430442,114.274162750703,1.90078428623568e-08,36.4014300085415,240.433182512308,0.085343288643116
ALPK2,0.000326305336898901,7.64504120938682e-12,956.150835832201,2.84146439986932e-06,9.54111797552779e-05,341.104491594382,201.404198775151
CD109,4.64462898136259e-27,79.0561620673906,374.635913033372,19.9297403137973,0.0232163415837164,366.196479678377,1.03049727378055e-25
VAMP1,19.4818140337556,264.598653040451,100.758431999569,236.491373369664,1206.66836363935,9.41829802373672e-08,93.9897572208975
HSPB6,788.431079079971,188.913713775457,187.857646051934,0.0163257866467579,1889.95369358106,143.368737718654,2.35551310274402e-06
ABLIM2,156.998215505934,304.98413725366,228.945714161682,241.746757618209,63.9638348181146,1591.76087628417,1.71154485101844e-06
PRLR,843.361598354083,328.387222613813,363.240605483313,1.62565952828967e-11,765.430715389838,2.34728066290187e-29,111.365209038519
TMPRSS13,269.033829755467,1162.27037445949,6.3921881940558e-29,440.452434031573,2.92653473440795e-39,221.514606954032,2.63346884757218e-25
C8orf73,301.211949227371,317.261303550076,49.9938518566506,218.936347970772,228.287973323518,605.793385431855,207.152986313271
CCDC88A,1.27299397614862e-10,197.49517336953,134.023894970448,189.232557581351,176.151160605908,669.103777736569,5.94649323686169e-14
CHRD,6.14349734990146e-18,477.393898642812,175.047733085345,224.142686897445,1062.36440700834,2.07458036769625e-22,4.51993283564263e-23
ABI3BP,0.521284314788972,4.97030375420031e-12,2.39834904429293e-05,1.82762187442376e-35,6.12242589157585e-24,537.133418454055,5.89466285987309e-05
PLEK2,23.9000955144641,308.182088016771,351.921797505679,113.954157511417,328.333521048487,344.706312465905,100.885502257908
DGCR6,986.102013354577,79.7926856794885,352.644110658083,255.5679005406,2676.7999839773,504.497129347334,101.781543188181
FZD8,414.937291880632,276.107501412929,334.242730719368,1.31540093897743e-08,318.089195492515,223.554271466658,735.808835666705
GBP5,2.56383268890745e-33,8.40604021649254e-17,7.75424016713867e-27,4.19891883153334e-37,6.81639096043517e-19,133.67274623068,8.92088247688702e-23
ENTPD5,3.17406750909313e-08,851.413631634683,976.030441441256,72.9196543446305,560.153950457931,1.83987604923609e-27,543.177065228648
RERG,689.975738616094,199.273102225394,48.9411547100658,1.23144771996072e-17,6.4188432985599e-20,325.502534832839,917.706567577568
TMEM5,146.617563704333,322.754878903963,414.112985969344,2812.40748918521,141.52613603011,521.732823032627,1.57474840391221
DNAJC6,7.11840169453009e-14,2.97497380420281e-06,447.032403122228,1.10503789197819e-07,49.8346727341017,13.2741387086207,110.502181279299
TMEM119,289.456991561976,183.106516633362,180.421345717044,1.44850356313153e-15,4.13300657957796e-09,1.93346008903208,1.34926350110004e-28
UBE2C,543.002317572499,201.833125396089,4.34111678084567e-14,1290.3691636095,337.305083838376,548.385399594444,138.304037675715
AS3MT,533.685905077069,244.063450544968,395.258239388446,127.140689795338,1557.11724121483,174.174685759269,168.910445892766
KCNC3,5.2198700786636e-09,760.333404531663,265.990258745724,3.28307043006377e-33,138.059689469339,4.36162103621048e-05,2.00956421298692e-25
KLHDC7A,627.813146202769,9.33342778542703e-09,503.270645311779,3.67645922186168e-24,994.031427382156,258.802868522922,1606.01413669835
KAT2B,1.23795441977341e-13,487.52004877152,2396.41330323501,6.34643897400549e-12,756.016799157839,268.84174004469,0.00452727293142029
MFNG,483.389532264764,481.947020996396,86.8877992798715,218.912097627396,0.0749950929144635,177.827740939172,364.915065282642
CSF2RB,7.44142225070775e-22,215.508512917537,2.23533785796157e-11,4.78126331422441e-27,2.30609994283219e-24,293.892823029178,3.39778157178925e-33
PIWIL4,465.369777534238,1000.12910812065,4.04494793508715e-10,0.00835136223959197,0.0352340685411997,438.500416698028,160.035473210208
CLDN14,1.06255890812545e-06,398.405324518146,4.10695056756488e-14,1.20982354481028e-11,1028.54133230824,82.1280923305811,1428.19901575124
MPP6,98.6850218478473,190.267790817181,611.322244845854,0.718931295815321,2.03365691163113e-07,233.806474062615,2269.27808081718
FAM84A,3.53980840328891e-08,302.271863348892,129.241302809162,2564.07580005691,0.484039490351754,105.345262761335,122.556918643372
LDHD,219.659723730219,0.0124290397813553,1026.86966025964,97.0901521430475,2274.97797418894,166.520089290536,285.799877449661
GADD45G,1164.11450210971,4.3305563476473e-21,2148.3295947892,89.1855870309614,143.971464813739,0.00130353366266457,154.077853626991
C15orf48,83.2332653434192,78.5900489875023,4.57114336606267e-07,11.0999123148684,696.933439662527,834.47877351033,2.51188494262529e-07
MAPK11,783.495693166904,91.0506748706688,703.07876991181,118.796410342924,2425.7154021813,470.550442429251,458.163211979284
LAIR1,44.3678040741634,2.03648153477873e-05,41.9970782002802,3.65841309321924e-08,43.3622626401102,541.573569757123,54.4314005042139
KLF4,1.29133400664539e-21,202.346002665841,1138.73142699819,1587.61392249211,583.305360346973,1296.44976146348,213.257266683091
FUT8,2.43774752460031e-16,60.8070861961001,379.257203518439,832.605842585073,2.69317671819982e-07,369.196753963464,3.38204995951692e-06
EPN3,452.665544181105,960.050957929345,140.035021874701,535.401001357868,2.90246513950277e-40,272.752368137691,351.210275094734
TMEM86A,1.56963461716822e-08,2.02857561140124e-20,91.4940539560093,9.76046977329136e-20,157.244943307558,57.5178453862437,615.296111607963
HDAC4,76.3584177015556,436.768835455767,377.68407929912,2679.48850445704,390.168369262602,210.828529021575,0.00690338176141077
CXCL10,4.74402522117435e-11,5.05311150416992,1.06102208966383e-18,1.58445839786071e-29,2.54269019116024e-08,213.096673906446,4.63003797809164e-21
ARRDC4,122.943238873141,210.40934522091,1669.16710342232,1004.27176786468,2050.91657985395,241.360854589297,148.596351740705
SLC4A11,2.85268634206733,598.161623787959,68.769785826295,510.162779410462,2.05517162533769e-13,4.95444499774553e-11,228.859422580947
TRIM45,1067.46535055042,791.248328544933,118.363687294358,157.306547971732,0.0093703319518521,0.00267743768049198,487.341651718078
TBC1D2,0.146533423874253,36.7678339707126,108.140433593842,376.169266070072,400.092426237639,695.502753785051,22.9616766837814
SLC23A1,603.862778032278,0.00199492679987069,0.0003989628141281,5.94939371393183e-28,5.14331372622489e-30,111.502339330409,837.791365482056
TRIM15,1363.205792442,299.628159360916,498.250710019299,113.649321102709,2.18792732368669e-09,370.002217359413,1774.67160955081
SFXN5,425.721371969611,58.6052160846768,488.754452899771,516.174230299624,1819.98995626549,2.01483688636154e-06,365.693780413047
DOCK10,3.01872836170427e-21,11.318768973583,3.18796638944711,2.47121880984982e-20,8.42378066591692,509.720795895223,1.97681422895177e-13
KCNAB2,2.13043732194069e-12,162.506059966418,76.4903206493686,77.6425381165441,1047.44279111581,331.139374015542,120.806348069816
TMEM163,268.649969405157,299.18454332882,254.008927827636,74.5703637849498,72.3057519044521,209.461751197666,517.969105307553
ELMO1,339.810915275026,37.6211624349568,786.564851277833,88.7967694183493,490.793666198721,226.311515602095,233.2567748684
ARL14,321.661113064893,390.507753389283,6.3384818151827e-09,0.00100643526123596,6.46948713732526e-25,51.4494040708304,1368.43601965211
DGCR5,1447.87332725251,132.636445746425,318.925656019777,154.888453157557,1852.02788761554,232.905638552757,372.259127041906
FAM19A5,38.3448565912188,385.736916378018,1.45660308939145e-17,1647.81697081666,379.332601413392,5.40896372159343e-09,566.480198426145
MACROD1,963.954141708687,0.54894206057493,39.0842667289261,370.052257739596,373.227774446973,1061.11964669446,553.430948086373
PTTG1,491.358927848163,101.23657942514,1.35796300003961e-14,517.136577397746,777.095061766554,642.979174914368,101.89287831562
ADAMTSL3,1.75286869113634e-29,406.068851060374,107.051115499818,0.243542105514754,596.886941726063,581.080724029745,216.469933286232
TOX3,213.741590700353,641.555909127297,313.096346631492,528.482589330537,32.8383377314988,1.27181362197355e-22,810.205780363246
SLC4A7,8.24824766121549e-26,806.499261855476,376.20683310486,216.09666694674,0.250303032527565,261.41962497267,0.366375016540081
CTNNAL1,0.00353235534957259,302.564348974911,1123.76063751302,361.28438739783,216.347660098328,1405.70203858196,4.9704470781956e-16
AASS,1.00045957846138,79.7188379373264,874.827512167288,72.8529101638505,2072.24374990356,398.971578456706,1.15099258858819e-17
ARHGAP24,1028.54856571198,77.2521474338143,697.404019071024,1.57765782588481e-08,122.260272075083,234.754231845132,71.3662130349507
SATB1,2.45007784683307e-24,254.912600033667,1943.50130363458,515.627288349584,4.88060468058351e-08,564.482751934459,2.27207110857549e-13
SLC35F2,2.22502085540401e-07,255.321736602234,122.424585774532,378.813293472598,4.78425928883023e-16,1359.80099061446,0.0580912971289251
IL20RA,0.00233902838177364,763.097802809628,129.10061117723,512.188826009586,0.000506188611909664,4.7075216679944e-07,577.687000721086
HOPX,5.57640139621534e-07,310.45508902975,0.00949263491113899,4.01940717804389e-24,2.2059410902847e-19,460.534482039329,1.29782578747655e-07
LIX1L,0.371958914498634,333.490398224383,263.576641008028,350.497638086563,364.413050792605,265.667214033973,3.87037837131824e-12
IFI44,0.445830249814611,178.836511518899,49.6354558767093,0.079536556408482,298.14914531343,94.0659580255063,1992.58875650328
LPIN1,0.129934997668847,215.407562829699,873.838747054754,169.861664669555,370.97213039487,502.267132570905,169.752642824107
A4GALT,978.324407503747,344.151467009839,415.379708263818,563.289073708233,6.70343508750854e-15,186.017456974238,0.00751219764042393
FAP,1.69629356314221e-05,175.75571299648,23.3218551054409,2.26132291853557e-08,3.55397275759878e-16,627.8733024369,1.42567520503715e-22
CCDC24,2197.72050998171,277.341828424972,384.267908601701,305.775025591634,13.5749050679775,285.85134891971,177.148660241151
DAAM1,6.24989926219678e-26,629.813865411751,1455.38738055123,86.3498465192516,174.302834472794,231.114489909884,2.2784218678351e-12
CDK1,403.097981021606,368.687359930456,12.8364424823959,1271.46348969224,1026.00360657871,679.836897172641,305.29609775633
ACSM3,526.044123880402,181.683270293819,394.484254705152,91.2562879633306,9.48911347647751e-17,1556.45239537375,0.0499328673920254
OLFM1,122.826769730737,372.43548732239,993.730517708322,8.72156071174914e-12,402.655024109478,919.404675554244,269.968870157474
UPK3BL,1386.60711441015,333.462673048928,329.510177034882,1573.35311393078,296.745888441899,142.779394598884,9.67178788863453
EPHA1,276.061633434336,487.822294075098,612.345278998007,559.629875149922,2425.16717833037,136.480913600963,310.830091218897
CLCN2,84.1759220176405,876.862669601152,125.01283757836,186.514466285419,67.1199459559649,49.8231212649037,17.1377430944692
SEMA4A,0.116467802292629,1019.05224762815,8.4519155102847e-12,363.891076885119,7.35201685294013e-22,64.9237443245877,2.04690765216554e-17
LIFR,9.85643012412353e-19,131.972142411611,506.173747238005,117.302886781369,88.3290334951892,235.109122461745,1.49180101526557e-11
FAM69B,1596.68853597298,317.912088575845,276.639419185,104.003929503333,338.741538526482,668.967008899227,374.199495819048
DOK7,493.117932980427,693.695956027897,0.171560905329998,84.7797944574803,302.437600787923,130.876389205659,519.822482062563
SLC24A3,408.423861018384,560.23927901949,5.25541608248855e-09,173.17034342174,6.85017249456801e-31,0.0398343163042128,682.208255276301
SLC5A3,1.735244736171e-23,339.772199738633,729.177701649921,404.711778205144,74.5390020332845,4.81129242852293,1866.70598552907
IRAK2,0.000847902432138594,558.189254266405,137.236722566536,5.01080186729595e-23,229.895388367372,245.643124586943,139.543083411075
KIAA1211,264.35002984066,457.872663243904,125.356710372398,0.00685991066900044,2.23890085788052e-34,86.4511774864358,1628.90043083998
GNAI1,76.4851672909621,133.348436324211,285.052228648339,766.761167223935,1125.16370397901,1530.34253911685,3.60608251046884e-12
PFKFB2,69.3232830384374,632.375973270878,250.012656079962,1047.74418216169,1408.96038222527,218.09610123913,392.854856511887
PKP2,1.38570111016918e-20,791.781440752677,375.659103504231,1179.57509005756,329.720454799002,113.536525442225,5.89446520642984e-21
DUSP4,118.771030076972,272.005474398134,126.071296453688,836.345339886101,113.78353578526,305.386937241289,1573.78255331512
LOC338799,811.997295727519,577.309190932336,164.859186165722,232.966351961688,864.873697746592,0.00913792013121042,212.274131806391
USP54,327.145242875406,367.218674170863,180.881424906105,1004.29826073978,187.986425877871,604.567873770169,369.403766294148
MEF2C,68.4151376494349,327.943172136414,333.354729187105,3.67193111148081,62.5606477835456,248.635640761166,0.0104994371033231
MFSD4,571.257393996807,591.370198880941,0.000396910453180271,1.59197843750269e-08,0.000233817779858548,122.719008535777,202.457182457445
BDKRB2,326.474839686137,457.200084128611,259.708388130073,4.83412563660709,88.8459609446268,347.153480261644,754.08115846644
PITPNM2,155.800456161002,385.988912505839,704.536881123762,446.077567461454,2334.96460298784,462.36454258152,0.425835851951754
SYT11,272.685032732629,188.439664924874,279.028823779436,119.39590575987,0.0649336115133012,653.425400642544,226.822798716795
ONECUT1,1.60512514570209e-08,1078.96279909287,148.316196667016,4.56424756655173e-26,94.2753958514617,192.68337009293,211.294922885714
EPHA10,738.069938708373,589.808860919708,177.647299870001,0.00932852535482494,3.07191824460896e-05,1.15307578912084e-14,569.562022394619
NAT14,1789.52105950109,302.559148399377,0.002219394140471,214.391289531732,87.7256978340015,148.456457706943,507.272275557594
SGCE,50.830268949597,4.16229285966157e-13,1122.72200036032,189.113007915983,1.27658955307931e-05,1075.03250396523,295.646281225389
ARL4A,435.090588005363,158.489461986316,147.371794397481,2054.13541322434,926.976217663637,258.062633900976,2.5980185501864
CALCRL,0.00181960120664156,381.419983601328,719.109203481211,21.6477312054438,338.489258538407,232.308205536219,5.00775730510383e-10
MXD1,3.01277005155072,290.110232276506,578.011248415212,165.152989909288,806.283652386981,387.845148086822,217.264069323436
ZNF467,1367.61008803618,411.869323970829,1723.81172508137,0.466739306379083,457.893293212373,311.042960408385,246.528619552712
GALNT6,406.155489489338,285.880239805594,4.64744960962217e-09,1468.58669732078,3.92132117701975e-18,45.7900738461904,135.044636307316
RGMB,29.712091462651,151.936896750838,456.757291289394,285.503628318636,291.579924100696,508.040875905844,124.004641886944
FAIM,766.965643721245,410.820620462557,435.88667104996,175.993839870188,320.090434853908,405.712572653403,117.649506500434
DOCK4,3.62792094653608e-22,372.483088041165,202.399013131432,108.513027167212,682.735624643833,20.5436485399787,2.30700070165793e-11
SLC16A1,2.18354468267191e-18,0.000345772105730643,6.54449724541251,320.501899077635,160.034205194826,434.972233965824,6.59968828386486e-12
ACAT2,118.337085416508,110.505003185648,963.862998963182,814.035587702369,1411.4847999045,393.802251974274,13.9159728698162
PHACTR2,5.2484596034017e-17,557.044087324535,1907.71914756039,639.829965929141,0.0229611621084093,246.644244751888,2.1919064213749e-16
RECQL4,481.69137407073,548.399208605032,144.592333298759,1618.52908085136,483.079298035891,347.142406387479,260.779754591214
DPYD,0.375759136788137,88.6037420717265,1222.23899477625,1.67666482382204e-14,815.503730256589,790.871467760533,174.92294375165
LONRF2,0.445090256663225,1072.22787752697,637.42373048003,177.665450322372,412.391452396761,17.3253831882238,694.470503798023
IL18BP,209.785203398112,186.326281030009,98.910014965017,348.053130430122,171.452413942789,393.944771721616,235.816118554058
C19orf54,494.239517892208,247.692987526015,222.523276036466,730.604953535048,344.967526841313,1675.05783619531,364.775134145585
PRKCH,0.0816264547655952,191.233928518725,437.444990926183,412.448110504104,0.0127183136794293,588.43689341133,87.9508149789062
DPCD,1856.9894955563,374.740724840151,206.656530354534,177.616784921807,92.9832482213614,678.582480241814,177.22224819439
APOBEC3G,247.858144356188,197.958967165281,1.16233882236282e-06,7.15393544760632e-19,1.6207032068678e-14,165.517113244608,254.747521926966
TPST1,178.942290703745,333.936903790043,1212.85268011618,8.35763229813497e-11,514.051105480813,476.040628943633,8.803899343885e-14
GPX8,47.8493187056246,137.983388181818,98.0578677020573,317.096229527769,4.04926385488194,739.800202470715,0.00380622007054496
PGM2L1,106.267149355163,324.204648448787,282.582326473787,1812.38756432251,38.6436878362866,284.945566531153,107.312555396268
CCDC28A,537.240957751049,329.614705774664,766.068873574796,637.84716441021,2264.40719161683,381.945924052257,3.30704193837487
KCNS3,134.622003823603,394.802566891007,1528.88875388607,936.991561627178,207.132028305771,711.745005383398,0.16326413578621
RTP4,471.495262280825,333.601289253798,50.032152102911,1.32370775349463e-25,619.074618452518,110.049843482133,1483.5559660137
JHDM1D,1.80824464016117,466.583973149556,588.049319703329,2181.40604368872,428.220750909177,271.547211533186,2.22867025456841
C17orf103,285.412978758763,813.33974280125,770.883822625084,89.4895650073608,220.802949391018,155.089786252152,1.13402948053439e-09
OSBPL7,301.398920200384,247.956900550894,79.648265253325,1139.05733346941,38.1880249803083,292.041577712619,381.277706408162
IKBKE,124.210825826783,531.785955971402,290.01805342512,252.551404644039,20.1230582494117,108.395844391967,27.5211088898495
ENTPD2,1336.39498162845,442.508978968072,123.997124561085,550.560811144318,396.982073818975,371.239808935413,1306.59988416803
LCP2,1.97356496071472e-05,114.387461556852,61.586740026183,2.65284197218063e-08,1.45292811585699e-06,273.411878799587,0.0026283583599965
C14orf105,272.672020376991,544.365853554208,91.6261658861015,0.00765198902485779,121.539615682381,572.436669422753,1709.1531710612
SACS,6.13345965006643e-18,274.91151755895,271.796211099839,854.48361931767,459.304338480872,1060.18674444959,0.0357976935021905
C20orf118,243.110953643363,483.206829994446,316.172678493338,73.8138170763764,94.4400632693536,215.616284302793,1882.2589298566
GRTP1,653.667225724695,636.299724743717,1900.12777607201,422.354501394433,767.314334592074,200.342075269898,409.016790923047
EDNRB,119.608729708046,204.790704190453,1820.26225554993,55.3119561837303,394.74932888953,152.627714488907,1.72050297362092e-06
STARD13,0.0442018610345133,774.819346799614,604.400510980205,90.6768245473539,337.656164338359,921.475937953117,175.981608784158
AOC3,70.9028657275027,589.265221751778,284.376017467988,68.3037897230871,259.125591415083,246.416874331861,0.00117132194446533
LXN,96.2837124102466,179.632985677082,212.06815614579,219.778753819677,2.54298309246534e-26,452.677241545878,7.98182034733353e-07
FAM73B,514.074984349299,478.878413719125,644.711325070968,619.74651485104,1671.84986896596,495.743478549417,380.451130272745
KDR,0.000269042936226074,479.708276908976,1073.06735818694,30.1834150224403,190.160135185095,0.030811777217894,4.43221393017132e-05
APBB3,263.341384665521,338.87447356249,295.21715343594,346.900295426932,2028.02970754574,145.949874331308,308.714119403585
ZDHHC2,1.56961066945286e-10,317.084510018927,305.722404507079,697.938425105843,81.1644432705253,524.48601135898,106.054299999868
MOCS1,356.374153351562,461.362795412597,702.252754446531,0.961908859392894,2024.27921146228,232.224258570499,0.00171993188096465
C9orf125,363.162617994037,389.481638345683,948.232583863877,425.117229747523,228.92559736576,859.299058752796,358.638121023038
GNG11,712.929545126586,109.340997741822,427.27170318878,125.49411817919,241.754661950551,249.724534698305,0.0188570662992608
PDLIM3,9.4286325290011,683.48590731381,493.347659608583,101.570700476713,1.0150360933375,377.999427812511,0.000544525300132638
MTHFD1L,19.677809431178,293.620092751787,92.8459835821484,807.698350738773,379.620563712171,1172.06206828318,52.7006465458557
S1PR3,4.30949120946395e-19,410.63625376032,236.52668312287,194.460454917983,90.5009909494532,387.198943250139,2.62113713344998e-11
BSPRY,1077.19065979302,695.866516146144,196.649061616741,768.320499733311,637.304515564508,710.490423827175,304.104122405299
MIIP,982.918294124598,163.766523047406,224.721164858346,587.946625145876,166.13326350636,230.47708361233,162.671612292589
S1PR1,71.7972244302695,207.267314178024,807.545362583865,1065.48086585478,252.404288076818,207.882447827101,1.13309394975291e-05
IRF5,312.563267795435,274.620100987589,174.094024267629,298.869792044057,201.339409355831,382.033128391186,325.57828867272
SPIRE2,572.238297340473,356.74537070795,1048.0544417692,1392.3147233027,602.374495067126,260.957681633325,73.9978082223407
GNB4,9.09317909688532e-07,141.361044391232,266.503078560774,3.2426641174016,84.5918526605632,377.062126238921,126.915491158287
FAM116B,1195.69663760283,407.988936549186,93.3630631997924,153.420147352016,86.3747063094788,168.445308552685,1164.22269421657
ZBTB10,3.34119118484003e-05,893.203150784509,1435.06669593248,300.249283308798,34.4701030569291,259.48489479086,238.177793898226
GTF2H2C,547.265652695699,687.060512410297,228.516543242846,103.774055183806,395.157751407039,104.061047250508,613.201999302173
HEATR5A,8.6225634062124e-15,592.623276356435,1057.24001606376,1504.63228119567,513.190320738061,401.885569031261,9.57319462235451e-07
GLIPR2,224.508543117985,276.775233460995,202.229215202308,0.0917526347226884,73.7110884616101,560.605648644683,2.0555531140789e-08
PEX1,123.812005058271,290.187020552223,689.695690624216,501.102449809946,365.608693242455,356.116759709655,173.349521994029
LPAR6,66.5980870404916,161.4296435786,152.975553064138,701.140991682211,105.477819104983,275.547574374744,0.00456073413819267
MAGI3,327.563555382617,549.261180066411,974.06052066733,449.598177883424,5.10716424786824e-11,550.121731992701,1022.12712875706
ABCG1,169.113073386781,232.570172242562,1176.93430897599,186.96262899651,126.907520805259,364.522543054648,553.891432985882
ILDR1,388.638028988583,543.592585780104,141.247103322274,240.877732627596,66.975908579354,8.63241430362831,634.090015284915
EXD3,1444.66482535925,471.240502958859,185.274142368306,612.626139412546,173.944739156365,779.246057752149,0.875224094634826
FGL2,0.731386425950707,165.146026366094,233.811776314829,2.27497659244705e-05,4.68825482216439e-05,588.120126216916,19.3541656094963
RAB40B,628.162229830799,518.123891580526,586.620632460899,1883.18975906631,170.646539147867,260.125545949026,87.6283727724693
C11orf51,1348.12625073331,114.661459833555,319.113750616601,1562.11649354267,1006.34729307367,428.097352970287,539.076694765204
COX10,398.520545518847,464.908566774694,421.609990784251,453.660632366716,819.680492477926,374.733861496537,670.10769057841
TMEM44,895.918834332967,251.274273015365,0.11573092885094,1152.61284764773,104.518255969436,993.41940889701,554.228818988358
PCDP1,663.225958195517,629.225412038226,1.57573183196796e-11,3.85012125725209e-20,1.36676433547765e-11,197.271803546856,336.974830398601
ZBTB17,785.363630010536,344.179797041273,483.178652624854,395.496467143608,609.745542798677,293.896591732595,338.170132055837
ASXL2,1.85788921698569e-26,571.688163122139,813.359743526908,477.351073257186,86.3751586988346,317.226815107003,225.220541451131
SNRNP35,1700.35071316649,430.129860896095,287.583607410933,295.902327749823,563.452146277578,214.257952042553,363.980676068555
ANGEL1,0.000640659111297456,530.758504794094,299.356456282759,1505.86051445478,402.324368365893,54.1078925184304,85.5031678328332
GAB1,170.634289902086,520.33509559057,836.817479294509,1.89325492672251e-06,5.96308798167565,319.725660977042,1145.06974347231
C7orf43,229.908170377978,182.501137503032,385.466272762218,542.811754640006,399.688165331565,328.147472481693,263.07969761253
GRAMD1C,515.684663297931,630.050162223878,1477.04082965809,324.192274805786,40.6600709933304,353.74205706749,2.74217918242912e-07
DEPDC6,409.419441769853,633.866629996484,890.564743330738,178.936287181632,954.940522303353,112.360698084306,265.830632814343
ABCA5,43.2709513144851,389.782371722083,1028.85146916597,355.937360887697,1791.9192097225,301.985101803932,112.264297095507
INPP1,173.949432150633,276.202214324904,1139.65309145997,0.0266404481301844,878.990025967485,921.156129588096,883.273462222092
DIRC2,573.567472416746,396.151955810881,785.298867807438,12.216728136614,267.302705793889,598.584250539691,695.859842688619
FDX1,370.632529534245,338.539712153856,1275.81483767848,245.503195780771,1497.08318870499,544.762939154017,478.082463178032
NFKBIL2,492.585693458119,575.292607363612,78.2793943416122,1084.02426416446,104.739733052465,297.92260679456,448.677597350036
MYO5A,1.78829971894802e-06,124.143169457818,1152.06649612626,0.139861837345598,69.3455550022403,940.81795347441,83.8142640114523
SYDE1,172.494555951946,557.382509096511,205.157142349366,0.00657371796094761,64.514590112244,900.206374800318,144.02270310632
ADM2,306.384257956786,256.975249408408,1.32321664722207e-08,193.457776844597,646.601639560281,7.21397098899787e-07,521.043537028937
NQO2,843.232409423471,324.135298402172,419.548648509327,478.717244727249,1752.62456084505,205.857141654115,155.153767167399
C18orf1,93.3825686140994,782.807290940493,150.731217980865,2.26129858064461e-11,205.096942219837,80.0774921692171,4.19468241933291e-20
SPATA2L,1651.86945965008,403.990549224461,481.501306864959,126.367208255277,420.637521269467,518.687158971566,287.862173413105
PIGM,174.121458566871,1180.53590793658,377.45830560114,714.080165621876,264.564770501807,311.190334468275,471.046628266247
FAHD2A,629.67830597913,50.2127793660488,418.986074298469,372.770891904898,1158.46513244044,336.609570665355,547.362927909296
FAM21A,8.46808646316476e-06,556.081375964777,1053.24284270501,357.510651408641,591.894237901506,288.765364532678,518.550952938484
USE1,1665.73169440541,262.320522813767,149.141318765396,319.696847337652,433.244103230675,194.60415661034,398.877740224765
THAP7,1601.21079514845,244.299728662183,270.211952345253,536.625197398859,359.956688753145,320.591684337903,284.152055618845
MIPEP,752.114103151712,389.485097024753,278.704876621653,476.711383522091,331.210946404108,915.314168455943,477.601935930352
C11orf80,770.64772816,502.870291789198,199.340259755599,1648.12556254433,3.59512356164769e-07,420.942625449528,320.815433755217
PPIH,1720.71946525367,244.119415386379,135.181506397158,342.090976015628,164.543862401888,359.701629007872,4.07665403536571
TWSG1,78.0889996975337,189.564957194781,822.813027269563,222.444206846561,179.952069285067,901.040890722347,339.625785396164
INPP5B,615.713969528215,419.455532639428,337.778187042624,314.672786282976,230.400866684628,347.941348753415,138.656247357388
MPDZ,21.1837207639213,641.84006269173,696.475402208555,46.6762124021006,127.642646998306,683.363766835465,1.49732858719781e-09
NBPF14,0.00217297401076262,771.746865808441,125.21600463517,144.704688893529,557.989233094474,361.025167898894,262.357187459212
SAR1B,59.7859416216681,261.492380271799,920.018849774212,128.867357658361,1834.95208784084,378.312397180877,665.573619223504
TTC33,322.766797185532,543.042989479482,588.224079671286,315.014053443519,1387.80572494672,237.170281684734,33.2095486453492
ADRBK2,4.11105994136002e-10,464.061170881428,418.853979361403,354.526713324447,0.0256531918433515,102.735064072239,0.000206518667025707
TCF19,291.927083139217,468.782897051207,287.734124971131,459.69787728642,966.522717808983,313.429840770324,200.296958917411
ANO8,442.64993467854,842.229419055406,401.969215895016,135.266907025734,303.765165560877,509.740165171476,800.16439592481
C11orf83,1666.88826036264,186.613731145861,267.136999838914,394.093321767594,311.026323083665,886.71411196238,562.687763155454
ZNF579,1492.1531741415,300.835303541211,202.654477340983,234.479322462577,52.0808448061708,160.098579923832,709.80599142862
ATP9B,259.101426144009,580.170581645115,1926.55512119699,228.060824986047,513.238744029765,229.185740555923,295.565879127197
PER2,105.298632398418,526.067283227444,1060.16121333219,1203.31505928416,334.629617214845,461.360209982822,0.343480464919779
CCNYL1,133.823378628877,620.580231672075,1826.15634000993,283.882530271964,235.119168037821,374.672481274047,503.621063305622
RACGAP1,283.82141838215,386.804319391987,81.6952844738728,831.312055828781,673.766784811102,782.957536252648,191.601838965855
CEMP1,1617.39004690754,145.400058976182,20.0773570979005,257.89670631825,121.964591090636,185.959891835905,519.484033770924
C5orf28,453.547809032337,565.391972562448,155.438151745103,320.877992328773,554.77034954425,429.198373255144,492.166938902008
TCEA2,1539.48981538681,315.890438977141,318.545595735562,205.673963241574,1173.21695521341,636.50844031847,245.130469439792
JRK,134.84470083841,934.419745801829,446.099449351562,1333.40060685783,244.684228201545,7.86977476260888e-05,325.287315616126
MTP18,856.959018813018,344.794824297005,304.202801101839,593.208385190647,1333.23617680186,727.455337118516,700.341980880696
FAM135A,1.69637973469933e-05,337.398166874365,523.103982788446,383.299161167625,384.781912511399,417.698261301348,426.300105401387
DZIP3,532.118366930716,356.353160302984,315.04937492274,517.942903418738,0.402438191983074,318.51360872977,303.146202905483
BTN2A2,184.467719843527,413.942625178585,167.249692370121,136.563268679867,149.568012860486,210.904436514271,139.334231017654
PHF19,230.530387508787,321.383864520417,173.734320589963,197.578068284068,441.093477412598,832.916156519898,59.1820791673352
NT5DC1,67.6018702598245,351.75480536186,1195.38051262065,645.252242268324,1567.13070126796,665.119067089969,90.8330658970248
ICK,114.071871957477,468.160632687933,607.317324784054,1024.78361642275,755.148783243399,60.2527509479284,2.02957533495006
MSH5,622.412696928225,422.700629201761,103.186093285057,1138.86654949164,84.7654312540315,1.15085264749181e-05,295.887102347413
RCC1,431.239702797161,254.834758305919,214.131132999857,652.63672923635,623.462198464952,598.207032444718,75.4594751219391
SHISA4,371.35227264425,791.863603909385,353.176464544009,230.023431558347,348.645642119674,651.034021299475,374.340133173028
LOC729678,543.218458181141,420.212477909368,253.186488129135,196.325675871908,469.447769487634,271.26742905347,620.704970577222
NAAA,725.933035855217,524.284158432931,805.162088452477,1.98698127388429e-08,128.493488475367,223.891251060352,124.356966716376
CDT1,663.635590862379,348.613971491226,63.6267801953131,619.03249857961,424.817897260113,583.627273116323,422.717836537311
RNASEH2A,673.900690946266,305.780869052272,160.806359235107,483.744237414689,463.943270220577,686.804121337096,552.034596731895
ZDHHC23,146.729538863492,500.445522115863,455.720584985346,539.034456737374,1089.3314713609,861.143775808198,384.266955904376
APH1B,441.413116599282,812.903940848132,425.713562805008,0.00912039776837288,0.0158120312246055,670.245987146038,325.274347331348
ZEB2,4.48272359577947e-15,276.214250707009,258.948387495524,0.0993247669366941,90.8330936666552,437.518076722803,1.31209011029423e-07
KIAA1715,8.07651271009605e-13,796.073217075917,884.627432099024,382.937389179812,508.973408420369,707.755492329953,247.121664413724
C3orf64,0.00283273207772982,380.489219060798,425.709573856716,363.367439145828,161.689002436243,316.067594296588,1891.40485260077
CXCR7,144.420317967788,633.769578925681,241.333023848126,134.377082869082,903.621618139393,363.445107801081,199.415772864623
CNKSR1,538.938430233934,520.738318991436,972.95571255093,918.556357417569,2.07761331791767e-14,325.64128499918,601.412811254943
C9orf25,176.863977245749,615.709826100001,524.391671596051,370.139445863872,332.12534369212,1238.48575635053,211.737870326581
LOC388692,19.7603001258526,564.67456435152,266.80076625749,220.769394315093,375.006865098198,171.306449668178,829.43459727701
LYST,3.81874017722208e-13,583.745603086402,1229.30631766531,127.387869499654,577.628576193151,235.109855148817,1.00794080724776e-15
LSM10,937.142339797651,265.755159373422,290.497000213639,419.032117483725,620.486816030347,435.101221550762,287.745657723361
SMURF2,2.03943924035065e-05,533.994919054292,318.890136491408,304.20004829965,13.9255648432226,788.715639377073,0.00256022412665394
MTHFR,93.1034929595075,477.983645426625,1477.67705505164,633.888167046441,389.17712991398,154.658710204341,167.760424997575
ZNF581,1039.37273821231,407.81484828367,84.2736135442052,640.860350953625,149.641435386657,531.337776101365,583.987630119763
DMXL2,50.6163250603762,506.133030672226,849.303026029662,542.493162291648,207.042663325509,473.426038624304,157.959000094302
DOLPP1,425.865436916767,298.931483619386,617.578796459878,696.619640942341,1896.19369215048,408.126198667287,214.93739996386
TIE1,308.395807092274,346.433121764354,691.658829294293,169.945584511438,245.378408768834,217.909435150213,0.0583274834582041
ZMAT5,1355.83940480717,297.749359768561,279.242312503417,323.532259445794,636.68034369689,308.762176969155,629.012214176964
KIFC1,352.420515647348,357.175405320891,1.05490285399508e-06,1273.95443637154,620.196084519498,248.306935469414,182.963396645724
SPRYD4,676.631908535208,292.840139050375,649.008093457988,261.532166686597,1419.54542099974,140.736620006921,721.630226173236
ACSF3,1002.73817351409,219.854560040522,621.147368340243,465.276997114323,656.91321185513,754.483054895033,309.043867714133
ZFYVE9,198.522690178765,764.875159829096,1244.36708000942,214.932522552629,178.504678543377,364.091015234191,0.00128718545266464
ENPP5,333.192005868199,648.051987954809,658.033192080877,108.813688672157,62.0147825072831,360.248926391883,629.327973963304
C6orf192,683.393846451224,585.81532886451,1139.79579978639,867.149783953397,526.033488116861,300.874514722108,764.169944515713
MUTED,830.584961357279,392.649152759404,270.757197080935,234.658350529775,357.840923844893,104.652463306176,664.204622470315
TMEM170A,269.937111075991,357.688138103782,349.850818747856,761.468687601871,297.560979944276,408.377773429952,612.670796999867
RBBP5,4.53309847132161e-07,981.088562332699,457.449036732269,689.411517321852,886.120436543614,267.892566134108,0.00818272187009966
DUSP7,0.0788349116618433,644.967800974224,613.55382272263,217.392334440699,221.217821806683,237.850404767707,95.2919201151416
SLC29A2,725.824620093977,515.487609928611,74.0264289463745,1231.5344176803,193.275605758324,415.767814447793,899.665729855789
KIF11,105.853416839772,392.952346904177,27.7451691457889,969.056246311581,262.967489595949,586.800883763832,124.967903614148
C11orf84,464.754906460056,192.406241187939,205.454866629261,486.24877927798,193.038656182714,674.449021291176,587.594959392295
LOC728855,581.257214538968,690.17024216923,249.206317888417,356.670642640149,796.309033376187,737.37113400576,542.324263093796
BPGM,715.636664593618,390.254530891307,329.659866334047,407.867872131055,421.671798828771,744.830743915166,497.822392531125
MAP3K2,1.15782437982606e-19,630.749464975443,629.750046261044,225.560995903425,200.899231179247,345.99884672168,490.587322339827
YOD1,22.1277984695851,923.07907574507,270.534713879089,856.972957288059,647.170118421715,238.529036668471,301.653484197564
REPS1,147.36109943611,411.378180240025,984.66004355859,1134.33647014072,822.606396805172,456.435489954865,1.77477199672775
CROCC,1029.78995493253,538.645617095361,470.852086857935,577.404543917536,173.007918517412,263.460785195962,303.077781886974
ATAD3B,456.688061320217,370.670180211874,267.341928902097,1373.08836390064,372.019246713762,294.733265192803,316.378192766256
ACVRL1,333.099022365651,432.802550917287,476.58819588312,28.8580186590365,410.725124012656,166.213063999326,1.69187372080647e-05
QSOX2,266.150700503149,444.570992106769,598.621172534605,974.579825095351,509.45214937458,929.716987487232,241.801806909424
POLR3GL,343.161557623364,740.477461004704,379.390302623889,574.819430419662,795.776156309153,433.453976001289,156.857389030526
NUDT12,203.836389371794,353.675971539244,1439.92498902672,1.08190282297247e-22,215.289306635618,521.160330481808,346.961714289364
PHTF2,226.661713891928,567.471518898895,173.507736509,259.863273859258,200.922473963839,338.438307827672,160.144159247333
SH2D4A,499.271344201608,783.03951531753,636.59444442455,152.721047681873,688.871050735505,582.111765218229,585.268589916204
DOPEY1,0.0078400909703388,648.257071279732,1192.23429742446,645.499291541166,973.137357018204,245.648266350358,343.304338943021
CHTF18,956.246259147578,315.038735496881,40.419480957904,1063.683293887,331.905980907715,282.245335503679,565.186521023591
ZNF189,388.729599323927,497.029828022778,739.83083724941,276.241043488091,744.649362816166,281.094534318367,491.459636158828
CKLF,705.157622718499,239.533034190586,121.535410112881,147.620137878091,383.116397602812,810.879876765233,867.615868327702
CYGB,813.984027892381,176.555803007932,322.19806616149,89.6904919685901,208.409302307653,118.589848702171,98.0603064035805
REV3L,1.2026479504354e-13,569.550707429005,1393.24764190902,370.308516316697,628.577922217502,246.008840164096,114.621237349267
RAD9A,939.559083361441,244.406085550393,427.288933953908,1023.0690205855,404.708327199123,338.325108057042,501.279208225011
EPC1,3.20894625575527e-05,906.085147693101,822.915708241003,94.7211354930186,158.816999318757,460.475919826421,199.117754347906
TFB2M,326.213043395954,879.189886982442,471.628317541807,634.262365298086,1364.60182540361,275.883231962531,2.27839431397435
STIM2,249.812348171854,486.761197867651,1306.25747687405,167.693733234212,295.069967524758,351.369593116381,287.963738705668
TSPYL4,2.90597494660674,516.525959156109,1383.20467330555,434.049427602215,155.126659450248,379.761682560041,228.142292429594
LOC388796,951.664983907843,417.227335263878,255.342415798819,993.187353680208,147.388516951611,1135.96232796501,336.349652639707
WDR85,772.470218884773,292.217188589062,239.819581771506,992.158646788385,548.050480924415,545.118731336642,287.232276299426
TMEM99,1461.79050494527,514.148597513228,187.208417100286,662.33745120411,233.687523314681,438.138723204941,605.203085106085
POC1B,120.529180817585,555.251769351949,88.3547854685996,867.434302847634,137.704717644722,538.809481916917,1123.61487158088
CSAD,477.205754631112,727.693252959906,650.627679702456,459.93672043328,1125.02195593933,3.08290191019162,506.190923213352
ACD,856.077520613739,236.856096623976,196.748271184669,489.389239900981,205.847740297691,1109.75365230607,544.518158078012
C1orf31,839.650209881367,577.487637131203,239.225506379496,776.751677132368,1546.47232132592,359.610458343032,277.298488876525
EXOC8,67.017584099274,865.386960654314,439.239874372408,743.379509879698,1366.99984912466,286.961199617857,193.212410827889
PYROXD1,568.441449647427,699.620953842125,436.43684866477,390.427101429767,1136.12134333695,278.411306533054,515.352946253711
CROCCL1,360.413224228857,443.446181736714,621.5696337179,370.095764984554,1036.64440416163,97.1460954868642,200.39752998799
CPNE8,123.717371842791,255.898956570055,1162.47298699231,226.457047943415,309.896775907558,370.167682455112,1063.87162761069
C6orf211,71.8244345214785,262.104721193717,839.816735555351,602.804048072272,1429.75654717792,377.33076262462,66.8346719975613
ZNF544,831.389844842971,426.579659128335,120.301974632729,577.536564156453,660.471428826751,0.264848981786939,693.154351788096
FLJ35220,1024.7931342928,317.344354522489,330.115614772811,240.182746074579,85.2673947119038,600.968482113681,538.80141650496
CEP70,638.106695958075,457.06149145755,573.25127111187,369.512215670856,1115.47835043451,651.347605217318,359.475520752952
HDAC11,1022.56726103559,729.076761641724,588.284650632673,350.374609046138,560.61274653222,148.815219565076,183.560637789891
ZNF205,1472.3443052441,484.07113333177,212.024135744515,355.868865951734,185.686576655391,513.088396301681,562.141267461998
BIN3,1427.02372059853,408.725358898106,359.830235082613,302.809728220531,459.213729391932,393.62154269381,298.278012239625
FAM57A,678.524658056601,712.258607883162,125.377437827431,658.879055365128,4.10982885238726e-16,371.586840729,1007.30379319576
MLKL,118.467961497673,464.333294703744,121.28712237632,120.28525341021,2.86419975953222,665.185817566651,347.025780748767
SERTAD1,583.984114147898,453.896977094945,964.504186468745,201.278900820236,138.832731968293,682.254342818284,369.086950820914
TBC1D10A,263.428544297074,413.862123940778,384.431468480687,428.470596437929,167.386173234373,330.423310944542,454.917939704635
NIPSNAP3A,183.006119847837,485.500536091707,1178.04543538531,418.868300413473,1332.84337308622,457.591561547527,155.183437103461
METTL11A,638.701224580395,196.36134812833,291.979377295238,866.124434344173,657.227440519258,942.098729865933,359.732107962981
CCDC94,1528.05573731451,378.609245354716,237.784310371152,237.946561798935,644.83957693038,256.112966660362,461.852988814044
SNAPC4,1024.41786058494,554.115300843509,228.396049211322,587.31274725474,247.336783199363,625.198393329738,361.923897731692
CFL2,20.4069516414428,438.9102776229,495.943161117434,74.2894337214583,424.837838974545,508.299374168947,302.124932872855
LSM5,1068.57925163743,289.846245841259,282.141390476451,1431.86429310679,204.076780833383,477.539117164361,517.474655156734
RPS6KC1,139.409865522341,1057.31441246579,399.445092470075,545.783883319761,560.56897074949,554.220053666761,34.838163283547
FUZ,1344.08326559052,470.134861308454,213.058941003603,340.103774577853,42.0043739139948,236.745063323767,390.085130496506
CISD1,511.708018381596,67.6405514277528,469.476329121244,246.807742358062,771.028315877533,1127.26630155551,276.690930633581
IRAK4,182.270727818904,285.544934859532,488.762835863769,409.296061328639,341.282954165516,476.296532389935,69.9897856237891
LOC729082,315.68641252975,567.944272082375,551.163768377604,685.55346819533,501.496229270791,682.643012493247,612.48195129478
KNTC1,457.308843858069,651.341566351696,243.182037085299,793.700076471171,335.630354540714,311.583892823328,514.737611815515
PDXDC2,502.202257562362,491.317119932616,573.766834695332,545.010656620519,511.468407261013,474.550511387898,715.539824428613
ARMC5,1506.06938217129,292.863201462769,275.113319533135,267.370559204281,299.946895991047,201.841538908258,38.2860634133569
ANKRD46,153.181753356731,765.325866050168,886.305925553356,247.090039766741,537.93944677935,93.2808072770493,149.465848412652
LOC253039,255.086968406798,487.936318104789,671.209971740802,989.741673791728,564.409539912221,251.831206599622,110.333587841918
LOC147727,769.137347730582,411.310846919534,279.615558241912,431.864306542275,114.015809235922,562.07555960246,638.604158122463
SLC25A37,206.028696851276,435.23480200513,502.705186591172,1269.48490409434,426.433307433915,555.295527303475,121.099908505426
CTBS,112.317559139047,393.412663423513,1080.17073879871,378.481758961105,539.668675803872,501.674793273674,609.684713356852
MED23,65.1085113533944,559.194666991958,929.721229235355,923.583456850119,1209.01990353268,192.467572385886,65.9752444807533
TECPR2,258.915136363591,580.232650936955,1447.44408878753,366.361005271983,266.687321947553,196.308939913506,110.483575315968
C17orf85,311.442634193721,705.848271596395,651.226775389231,1652.56660845149,367.938417183386,259.479671081818,397.204264767121
SFXN4,779.338783536933,265.115393308124,234.73108505017,625.836451775576,1057.0612342712,1159.79374106597,568.783231422357
NUDT16L1,922.481025054154,282.916745352769,823.321048420644,557.454028655972,1550.6100260377,410.146369725545,317.790440101999
NLE1,594.020676898402,405.977661162013,86.1747328966198,967.446291468713,81.7862477370802,605.282420972781,173.742319597885
CD3G,1.15357867966763e-42,7.50849376978894e-42,5905.30787312932,1.61150785134314e-45,1.73025719815416e-73,7.68828654894232e-44,3.23875312346197e-68
ZAP70,2.13119121517374e-38,2.97856225770799e-33,1.46761419202374e-51,2.38008162942356e-46,2.32887693256339e-39,1.46555902785069e-37,2.10966926030639e-38
IGLON5,1.39289987923149e-29,3.03257888109821e-29,5718.84732366441,9.1204070661744e-19,2.75591047623236e-36,1.39202818090513e-23,2.45617162222196e-30
FCRLA,2.03551326098786e-92,2.89815153183206e-65,6.17506993844591e-83,4.86453004277826e-81,3.86421817994239e-85,5.48123491306449e-63,2.27158633856157e-94
CD7,2.72847707220424e-12,1.71108077419314e-34,7.53040645423132e-52,1.13026942938767,1.85000615298316e-25,2.14367018824682e-14,5.95647755514498e-14
CLDN6,2.7211467775411e-64,318.947156829416,3.09227766235688e-86,1.19183882006054e-94,84.468077311232,1096.55569021671,21.7646433464064
CDH3,5.71866924720501e-44,1.15920207584741e-28,6.337202315534e-31,1.53014629097141e-10,1.83997451860455e-30,9.65089953785656e-28,9.41844396754975e-32
GPR98,0.0122255775908377,2.95732636713238e-30,5547.61294577869,7.82617294633629e-12,5.34924058148055e-06,22.3754763087663,7.20709746340221e-15
SOX17,4.62277208733971e-24,2.49548890692735e-50,1.64471174849737e-08,2.07027552871187e-36,1.1375818375893e-55,9.89376416075199e-36,7.65380989847928e-44
CREB3L1,1.15073295931945e-13,1.5106833040473e-17,520.513814241078,743.723462047844,68.112535902986,45.4008904804169,3.00266821794247e-10
CYP2S1,9.46773974698083e-07,7.43757771283546e-49,8.53398078295331e-08,623.164395303639,1.35768308397547e-09,1.34865598203601,5.46804834375491e-07
NXPH4,94.9186891852679,63.2201284370473,560.143758330127,171.791835364953,5515.63614004902,738.341840145854,5.68006796778054e-13
SNCG,1.20184468159359,199.615437034103,4886.81842590026,6.93331435441057e-19,69.7076517583421,8.19187700436375e-06,5.37943161108408e-33
GIMAP5,103.27438086537,1.29316086759304e-16,405.295971860732,6.10409748391247e-26,62.8113016011621,0.0028931816965644,2.86007195174051e-16
DARC,540.25101295024,8.4872709282992e-22,1.26773272790717e-39,6.79486226807265e-36,2.05956033017654e-43,3.47195344090851e-20,6.29528606355048e-46
ARHGAP25,1.41523800549409e-23,12.4709893229229,3.12858579882211e-09,0.00468834275573477,3.5684097610783e-15,0.0203535268380257,3.96604887345375e-15
WDFY4,1.15942237035497e-35,67.5662380823691,6.10703421391253e-41,1.42041041822773e-38,4.75839187874798e-34,9.20737181173676,1.95245558100226e-11
UGT1A1,1.32375860813239e-17,4.1489619989213e-27,4.25351414184595e-12,47.5524098462022,4735.91576802818,6.73219507342088e-20,1.91369451210545e-22
CYP1A2,8.27555847522289e-08,5.89196094731462e-47,5.36656098145103e-27,64.7214640281996,1.22978194026851e-10,2.22177669876188e-28,4.08064617831474e-38
TMEM151A,876.574768299192,6.55478349567056e-38,83.1461831588501,145.089616847803,279.727441525774,891.400715972614,1947.6935449773
TRAF3IP3,5.42745863551996e-38,2.43047238877988e-33,5.26527476019755e-47,9.76625290584099e-40,1.48858933408977e-34,3.19840954934641e-28,1.75725298414878e-40
CST1,184.231785453316,253.227165768104,6.7279341394392e-05,469.975858350078,3.37962672339107e-27,0.000263879251848745,3.04316027265602e-07
AQP5,7.23175098915705e-36,5.6308395349947e-24,3.51837933160375e-22,1366.33038090284,3.72713317846867e-43,1.84780411077202e-46,2.84341140308022e-06
NCAM1,984.30895940989,210.702745666219,2352.9291312639,4.582036335486e-19,1.01351271608414e-54,483.568921469449,6.52981059815943e-05
GNAO1,2.3958481478837e-22,2.6822872088972e-21,5152.85716013859,0.00790640189573558,4.10898336551773e-13,3.15643605466218e-14,1.49713033309346e-29
GMFG,270.597195549947,4.32590335344897e-06,2.13468430857434e-06,30.9355214840985,3.80123644610168e-07,177.134083232972,3.51158306286038e-08
TM4SF5,613.273290947478,310.907267627371,3951.22350637272,0.000404574326080702,3638.80518774416,1.79292845522343e-10,662.608557414598
SUCNR1,2.72969223575262e-09,1255.81433523538,1.45296243959488e-59,9.64068820471506e-23,1.60039565193734e-26,2.74605444432734e-20,936.144370943295
NCF1,3.19651750657719e-34,7.1052837674028e-37,8.19621926307945e-52,5.26666589481474e-24,2.57781470935933e-55,4.67718535325679e-14,9.54184218266123e-36
KLK10,1046.52600687506,6.47501750657215e-31,7.13829814047068e-44,292.139941964593,4.19552504331413e-30,74.1613894935365,49.5819772036543
B4GALNT3,0.0222668112127926,1092.69421169358,1264.34347165038,104.12976535905,8.83549299589377e-30,2.28689936116528e-10,3.24280809470634e-10
AIF1L,463.240089884559,1475.37284492267,1.01336737415792,264.282734888393,189.59438985971,4.79292632423764e-39,0.0789255860271531
HAO1,4.14122833993723e-19,4.34344808786275e-24,0.000800856133629638,1.06819840951761e-19,4682.86291042545,1.71391755606077e-11,1.33584230368355e-17
EVI2B,3.7381993454889e-26,1.88082640373575e-11,2.53958081097886e-21,1.03138802299904e-11,7.77483300458489e-21,218.463740098457,1.69062198877386e-06
TNS4,7.12847026732637e-50,1.14643573888064e-64,125.629617503329,921.254621101566,1.79488017248933e-32,2.42197160041925e-68,4.27384649350059e-40
SLC27A5,59.3084788093195,3.18202055477622e-10,0.000295922433500856,118.652174839623,649.435873533729,394.426880004903,1.43243560087991e-09
TPD52L1,3.20349450523526e-15,137.365397198877,526.466820410825,620.431105284873,162.500443146996,1.36990873091971,0.000211082985920322
BTNL8,1.23303546871177e-42,5.18458487855183e-35,4934.96593173194,7.88687251674799e-39,551.132490131417,3.12058655676936e-64,2.30606498258773e-69
IL22RA1,553.69729213,76.7851195216046,139.29924265831,0.00477464942961884,274.50027508681,1.79236138900979e-10,3062.95346510984
MUM1L1,1.61810797917602e-15,1143.30544495705,1140.31566961377,1.37679851922534e-50,1.68949009810154e-27,1.87280412585115e-19,3.80252031848115e-83
G0S2,0.00166664056291967,2.88536372494221e-14,844.277757305148,438.335594805359,5014.43509011541,441.764380263267,2.31480505584184e-13
HSH2D,135.006738856114,177.648371353558,41.10360764303,225.175134703833,6.76378968919592e-20,2.21870963526608e-05,826.427882943459
ARSI,369.110237551832,4.38164825935431e-29,6.45115459135644e-15,87.391600794714,61.6395361979573,633.945447879017,1974.76805910981
HPR,1.22542173481009e-20,2.5035732412099e-33,4.34624040468437e-16,0.362114339046603,1292.05038361566,3.39615629512065e-10,4.654625211809e-16
DERL3,2.68819297033878e-17,0.732839083988652,2.10352151940859e-21,100.517449213723,3528.04769349528,5.41783037162553e-31,2.50638591955617e-31
POMC,6.02582551240069e-51,2.70807756072366e-96,0.00234375937729948,3.4252630363135e-46,2.68674399452366e-51,5.11024410713043e-55,7.06823208310825e-66
EFNA5,5.01617280269597e-18,409.573735744477,4064.32912650738,6.73433414236762e-21,73.8499800111438,1409.70686628655,6.87286387432414e-21
SPIB,2.0601534984026e-06,345.542100807788,4.7411057699959e-53,4.09635499258661e-27,2.75704691543095e-21,0.052819774697956,1.72064866852264e-58
CXCR5,3.97785437693309e-76,1.65346809667563e-67,7.71374626880283e-75,7.14362928276221e-87,1.90239866320353e-79,2.33342061656263e-61,5.962202549311e-79
PTPN7,4.5073746828474e-22,1.18677993648344e-25,2.31267075481359e-42,1.3223675407772e-30,1.13571921251103e-22,0.000250464179797721,7.91216433706456e-19
LHPP,414.828305066012,206.122894304134,577.370870728576,809.040006158681,5015.26578348299,41.4630168564318,375.9484137767
ETNK2,696.996763376209,476.167706873878,191.82238472424,188.0718793343,5171.92437258952,388.229319987873,8.82025111533289e-11
IL10RA,9.0633682819341e-17,0.000615912475960547,0.000152405162291414,4.86258678534247e-14,5.88838940395682e-05,462.323002774447,0.000352061728281516
IKZF1,3.19414261271821e-20,5.46945167703067e-08,3.21564723533155e-19,172.837780871812,1.66216311179444e-15,19.2383157606404,1.63604807179011e-06
CYTIP,2.96088798939641e-29,1.04311838780665e-16,3.95250390198787e-34,2.80210732291597e-07,3.14280722019324e-40,250.564556953465,3.57176820048202e-18
GPC6,7.35548556321087e-13,73.3630414239762,0.0245372680276444,123.041694437101,1892.57351170379,3161.21501208222,0.0357654415317991
ABCA7,358.653808291219,252.999474216852,332.863813184625,2304.13596404139,1064.64641156242,51.8480947753683,0.00923902728295131
PDE4B,3.46690413210596e-34,3.67898055846737e-25,1.55691133857119e-17,841.683907855373,2.14498434004632e-42,70.2968749786664,4.99422160299726e-22
BHMT,5.96634084235866e-27,4.42575321865229e-11,945.4138709507,1.24133465702262e-15,2558.62750618067,7.74206489655435e-08,8.98156472655342e-20
KCNN4,2.08625626803205e-46,2.36404877096225e-51,4.58632852822808e-51,516.226424756828,2.29909518398399e-46,1.36763718828219e-13,1.0848014274228e-46
SLC13A5,3.76001804911854e-16,2.99533634160959e-24,1.51474141340626e-10,298.342231499515,3597.4240445673,18.6362461798055,6.53350463673489e-17
CD2,1.53780662975251e-22,6.00969513351779e-24,3.0729466649595e-31,9.520583651203e-35,2.36951171129928e-26,0.0234282342195948,1.45394125232988e-27
VSIG2,2.02378317271368e-26,388.760775491823,419.916686171518,4.14098480309326e-09,2.69535422538841e-21,4.17980844352974e-36,1.4241054156398e-25
RLTPR,2.03841413188288e-48,2.03592926931709e-20,4.74253309128511e-54,137.310679009295,2.05126154767929e-57,4.9915342897438e-14,5.86264077928194e-61
PTHLH,160.187875852287,918.140927187908,8.90159007137759e-34,0.0389947425687801,9.87980400371332e-24,771.504782380877,858.661727424063
TNFRSF6B,141.730206305235,2.2984640648621e-38,1.27679567233851e-08,370.082637013399,1.19429653467882e-07,1.10071911382805e-28,8.03700978539358e-13
DOCK2,4.52636143769932e-25,7.96219752922104e-08,2.93373850980407e-13,8.38126926793398e-29,1.98863609591537e-19,358.705280384955,5.60795130376412e-09
MPEG1,1.89370798907126e-15,0.233592216699788,116.66030233428,1.28678579412962e-21,1.39246278999114e-09,454.588306658715,2.86106816395097e-05
CD3D,1.05599980844487e-32,1.05880508733739e-38,1903.44121666127,4.3914445449374e-45,6.83240746024024e-56,2.25259724929944e-27,1.68619787474089e-49
KRT5,3.43674298683452e-87,3.25742195976563e-19,478.051081155747,691.369234978925,8.37363252527977e-15,3.92944510257274e-29,6.84914350093087e-104
CD6,1.27916207717144e-23,7.87325484491659e-23,1.68144641162353e-34,2.44020732264557e-29,3.52147384175777e-21,8.21155432166957e-07,7.94329999398013e-25
P2RX5,2.79892073770682e-46,0.00116031458448126,2.75690241109779e-06,1.43954851638471e-36,46.1294350345337,1.62825399995034e-17,3.95801960600153e-30
MUC16,4.38815221206105e-75,1.88779625442067e-34,4.5061362234154e-49,3644.63872906044,1.62461394389171e-49,1.64896426360252e-72,863.614596104554
HSD17B13,4.9709629850799e-22,4.25210449187101e-25,3.78270054242211e-15,20.2471951063651,3.75613974587829e-05,42.7948144178653,7.79323848335527e-13
MGC29506,6.86504463133581e-34,4.19202199950615e-17,5.6487763887314e-38,3.71747172991524e-23,1.29509345053124e-55,1.64832986580471e-42,1.07557570392161e-62
CHGB,2.30231646962574e-21,8.40814702280075e-51,3529.65672575535,0.000100737525372466,3.05214318609805e-30,3.52140354541709e-71,3.94833626312327e-08
CALB2,110.944495459092,199.119859486811,2.13077333469296e-38,1673.76981478275,4.78546325222763e-21,1390.25657147001,647.510953596283
C10orf118,9.70684916869532e-26,993.101410365389,1709.97453919243,307.97276061641,179.132309876696,840.70533247016,7.57528458006008e-11
ME1,2.2816140540601e-11,98.0560588555192,129.397417994149,4728.8670924514,1314.84369448235,354.49433846889,81.5189886562704
GLS2,1.15020422341541e-06,68.2716635829554,29.8549022933793,5.32912619564343e-21,4863.65969936504,150.926648691754,121.913812327265
CLDN5,1303.01326816582,3.7711248372135e-11,445.230538270706,0.312241804333934,2876.8558548688,0.0840950337881358,1.01856266012449e-13
TOX,9.52084095123611e-57,577.263463010133,1.01158036835149e-07,174.207060299701,485.789762904576,1.44705783648529e-10,565.732347054888
APOD,2.8575224106358e-32,1.81029961675164e-26,4.05434900093095e-29,0.137716035475867,1.5240886491321e-26,2.69825571399199,3.50513367011291e-07
PAQR8,1.19325053502984e-29,1705.89554479658,191.629953948309,2.1306373771293,1.06718323185648e-11,2.92877821731783e-11,2.01562954180157e-34
CFHR2,5.02348693842624e-19,5.906879662603e-28,3.94109431322823e-21,0.247951269109818,2649.17135125224,2.15423027042351e-16,2.25433623014931e-19
CYP2B6,430.23453683794,472.192168832332,4.34438082547963e-21,0.142387125732851,666.850061874013,177.40281074348,1323.80695863251
RAB6B,548.140425190666,545.636218413661,3936.1929730123,13.1474915783655,101.604323236008,0.000699155666135239,266.548503603764
DUOX1,124.676125173761,1490.48345836614,100.026766198736,232.514721983918,275.262710832257,2.38233881819613e-13,1.85161541592444e-16
ATP2B2,3.04415903672204e-29,1130.30629775632,1.1688050869158e-25,9.26597454771747e-27,2809.57456429219,1.37354604826652e-28,1.65856779921975e-24
ACSM2B,39.4439016141705,6.4610394379851e-20,406.867743840891,2.45063686717108e-15,3816.04676949067,8.18774173828046e-13,1.65489129033089e-09
SOX6,2.66599160672062e-13,1639.04623874856,612.171289448783,4.67962958030668,83.0919173101287,556.744733750977,0.00202010923452775
GLDC,431.155158518091,512.165788784717,316.284789448358,8.25716730435174e-08,2690.24861761497,1.29695016917814e-26,638.182070036663
FOXC1,0.0124403792301433,1013.88229784516,3.74184002015965e-12,1018.54896769288,9.09613846628988e-24,6.87717725871634e-08,628.658845942893
MT1F,3567.83211798621,1.10643317433638e-22,2.66481367753849e-16,7.89845682210892e-28,1.95431672810373e-15,46.1383305259498,1.42456393954404e-08
KLF2,502.625252096741,175.54690973934,189.309309758676,0.115699325967909,94.3091459667829,283.121287397693,0.013282033428846
SPOCK1,1.03248380255642e-34,36.5203873470517,438.505471535433,43.5845707257659,2.08133252104643e-21,604.438518745853,3903.46753046288
SLA,3.17928840190408e-19,0.011960006262114,0.000178101920987017,1.04171370052998e-13,3.85917918798324e-11,389.988808912302,1.91581510219528e-11
NLRP1,6.15066910327277e-16,71.2725750854692,73.469905894649,137.936356524329,0.00181947007729122,0.0273523671359663,2.60774975442053e-18
FAM3B,358.819888129731,1420.40417065164,1947.54312068358,211.896409492844,4.56764899422847e-19,3.98777069552321e-25,488.779716815263
SLCO2A1,205.814585039127,125.427040442813,568.853806071878,2.58900351684781e-26,1.35566787960308e-11,24.9981293751957,2.72334367193973e-19
C10orf81,1.4859422629623e-26,1112.39904446672,6.67317165895296e-13,1.81041868658836e-30,5.29821944306423e-26,7.34884239512529e-07,5.07583745596295e-65
BCAT1,3.63104796509265e-37,1.46764058617565e-16,61.8306235559348,3.92916776442515e-11,4.81776265728528e-16,411.046131976903,5.09115258163778e-30
GATA4,640.04012504651,496.595164145233,4463.18311417474,0.169406905478011,835.928050623344,272.08999865309,364.811440711791
SH3RF2,884.508082775737,6.20866799707389e-21,1875.32168732536,0.00160653501162553,6.39688396001534e-29,2.72724576465123e-30,3088.5279577866
SPTBN5,1.43033230715937,1693.24813321874,54.1758118036287,239.069940269431,1.88091171767202e-11,218.746951905075,9.64176951777791e-16
MASP1,1858.11405588343,0.479130722374215,305.471070300743,9.66324583106e-05,2804.55552324425,0.00148705570618304,1030.73903658908
ANGPTL3,9.80508970105994e-22,1.74906505936993e-23,64.1888973477106,3.28449109536496e-07,2562.25083182011,2.65398884467692e-12,0.00380435079175778
MRGPRF,1020.48339261942,320.230916176865,1.22060172794915e-12,113.669023004655,7.34303008698745e-15,3.45991584129996e-25,1003.23392921086
PLIN5,1153.77353941218,823.699612625967,2.35788763050747e-05,0.00204322549141612,3676.02180198953,486.639925615511,6.65332431645346e-12
SAMD9,0.292744856497794,22.9420507538281,14.287579723189,0.0216324512942784,134.112450424425,203.50041474778,659.6422835842
ALDH1L1,265.18337977716,6.17283579119668e-05,0.00116198022671692,279.552491647051,1385.30233306473,2.52279726440195e-07,0.00134736659832146
ATOH8,497.809416273153,495.710202252971,2601.13598447106,23.628968381571,2983.44555667449,587.399907345372,5.39457665394928e-40
PON1,90.5429677587404,425.770728219395,478.543401720578,81.5208278338905,1297.3421234291,2.90828716136314e-17,1.21331368281724e-11
GSTM1,643.851881704014,94.7812154460714,2393.63914828826,5.57672140102928e-23,4.19362316222651e-06,135.554495242482,416.667945229985
CYP8B1,1.90026741728367e-09,6.05284128541681e-18,2.43601286164032e-20,98.6457797643613,821.430964891557,0.000393877357518842,2.00958968025077e-17
KIAA1199,8.75105924342465e-39,904.202298869886,5.92511955779705e-29,219.751178850497,6.36580764348288e-24,1075.734541833,3.04911290775244
MDFI,0.270442116669046,1480.46664985382,838.566477251651,1284.58666408167,6.77582602829098e-16,3.94265212578086,548.111833092905
RAMP3,819.077047652097,4.50889632171832e-16,208.646724758167,0.55789819393355,2.928756412611e-09,6.11156446169885e-19,5.46452169276285e-14
HSD11B2,2426.7688609298,477.711647222109,0.0682921175734211,364.869870775388,254.442797136086,1.30014692959712e-10,2257.00796600317
IGHMBP2,400.735179699741,596.716980360685,523.7027220141,1975.28323253447,345.626819065242,137.02289442038,1024.11464295974
RARRES1,2.85678782500115e-28,20.2629859136788,3.05968948439131e-24,3766.59897366844,4.51552553733421e-40,475.00835213457,1.61537573701273e-32
SLC2A10,1.26251128899682e-27,1011.76949377777,1605.90983757346,565.278333176385,3257.66242427978,151.340985747163,2.86901948539955e-11
CA12,304.630315925832,330.218429533361,7.89899584452858e-16,2296.93995644153,1.79895413033401e-41,0.00695626047840278,2.17665648811843e-16
GRID1,1179.9637047744,850.093220686584,3314.26742387517,3.9719216290704e-19,1.27279047260167e-12,310.367641734683,1459.53364116897
FER1L4,1167.44758285916,656.056679446168,279.757690400303,94.096666932202,4.14369509378547e-33,567.75180850806,443.265903088032
TFCP2L1,0.00187752621615732,775.260068832434,0.000142778670647505,1870.60898354444,633.043386060239,8.26558460610852e-10,166.038511589908
C6orf141,677.063117593994,446.942167071535,1.21002548239339e-21,35.2035339400537,1.34765327692204e-47,2.83198995029317e-05,3598.47537856473
KLF15,496.362558980111,121.683758914021,1913.19167543537,1.45322187917487e-06,4060.33074382305,91.2128950211426,1.94583891391942e-07
CYP21A2,812.307426195087,253.129772829367,2.10381292056246e-11,1.49330612049105e-09,4368.10476502526,186.827180466841,1.06350974090924e-06
STC1,4.28614922141493e-25,1640.47840579935,211.109688692792,265.599951490091,54.8068950120474,1321.89288792296,360.271088083359
HBEGF,42.1642749187609,3.6671631168878e-15,292.035883561895,0.00116708515799097,43.9273831476677,727.336845734987,395.824470945185
PXMP4,596.373235485806,530.160420193183,1144.90005165733,352.133275532547,4659.2424786892,311.916822941697,128.601607685234
DEXI,1230.16660291326,259.584085391774,999.674412176023,550.04053772133,4636.38603102931,489.420334674124,225.012238798205
TRAF1,5.11097455334129,569.473900237097,48.7289085934188,282.059554497254,410.662501140864,827.110632024461,6.79749060215402e-13
PRKCDBP,498.544543192698,1.71835521375125e-08,1.09329113442058,0.017391811723833,8.42136447929432e-06,743.073600985012,4.82848796497424e-21
FYN,2.01726120871138e-06,207.862687874993,698.218226327654,2436.80203746357,4.17877516633359e-10,536.372263411124,2.61744851057312e-12
CD40,552.592505740601,0.401224477565152,721.309720133556,5.10855848512603e-07,123.147741621682,19.7022250774748,204.654083099968
CCDC127,490.78408248586,251.283869462847,405.86441410132,213.658538982289,379.941124226085,212.456103385622,276.6361432125
SELPLG,22.404326552673,5.19461210773606e-07,0.000577592135132527,1.39616538243343e-19,1.23509656341575e-06,249.649988940791,0.00227339890375498
PXMP2,932.902664955882,108.841870384915,1034.6995423704,158.593521624354,4238.60776503629,249.711932790916,545.319361247358
FGD3,209.071774444847,190.172209722638,738.296249138587,5.03100538639072e-17,0.00803690704629272,4.76034390985596e-09,121.937138178737
ZNRF3,1.82812575510117,607.875969913387,118.608034994029,4367.62312907261,0.266126858810702,138.901981916848,156.131578234707
THBD,0.000830496397791227,403.227363905227,482.656899075238,3.10498599171045e-08,2.95985231436614e-06,1566.71828874828,0.00342284153734235
LDLRAP1,170.801875150147,277.097621450856,977.44647050215,604.902066791536,1255.55632704375,0.270711758496432,30.3338212125834
CTSK,267.510546163553,419.512323021103,98.5274182644691,1.79519067634354e-10,293.803024256253,866.287346956199,0.000875409847083126
PODN,485.620828571844,512.49104739027,115.600382736271,7.55057800544954e-12,2.91429452676764e-06,314.99332204668,1.89985348282633e-24
LOC654433,1219.15981221466,35.5294320411006,96.6579572976271,646.951362652216,2.1085870220341e-33,694.312783554363,1640.46524310406
FUT3,1.51198866712771e-21,848.545168186875,79.5713659403808,192.058861610724,727.68450453728,2.9166845363136e-10,3.66972532504705e-16
GSTM3,825.021147700416,1101.0345547433,1656.1721822617,366.288212290477,4.15044848825339e-28,526.876411700937,4.20098023970275e-20
RPS28,3023.30744699413,71.3403860707622,2.00654136795919e-28,1121.99928099178,510.738279736437,884.833191771977,657.387386786476
TFAP2A,641.134529129152,1704.85813750576,1.73186160597363e-17,0.018497383270263,3.53730855707451e-25,3.05844626747697e-13,479.987452495915
GSTM2,1979.45585844999,289.3972038487,1727.40436121379,321.749951888646,2.49566477578016e-14,346.728475879368,114.319260852304
PITPNM3,165.428699694188,1408.70286975274,109.353944973852,742.044010677767,1.63765303039038e-21,685.67914911363,160.382358081056
GHR,245.523527752338,192.32444931939,1759.2639667004,2.93172818924007e-15,1856.38536006825,483.574054143831,1095.70286739737
FOXA3,970.499177311297,525.742495456236,691.997604764267,753.589304269794,305.697846930654,1.45214192278376e-31,784.730872300641
CPNE7,661.795517786539,36.2437393012144,0.00463835726944633,65.1507610191632,201.384223874883,2023.28112367602,1330.94707160557
ARID5B,9.65662170496208e-16,1372.26758127929,235.608261383475,942.091749731819,8.30120772860775e-15,323.831094905077,4.33370102974857e-27
CLEC2D,397.049091812695,219.10450834789,9.71124101385286,593.982453253649,40.4458064976798,593.429178317146,232.771547742435
SUSD4,193.2445101242,1257.17152902137,655.186737905763,2.80285252378576e-17,2749.9072388893,382.060462994878,4.47821782546879e-18
FA2H,193.545251723511,15.4255771090271,0.00627797544451112,250.69971201964,205.197106036097,234.164980332004,2087.89057421749
AFF3,3.60180408467862e-29,206.414311323128,1343.34883930934,2.75842274969589e-12,303.007278810491,265.558169582104,4.88546833998091e-05
TNNT1,647.939563607973,1197.00605130429,326.681707965182,7.7169640005641e-07,5.59767824397274e-36,726.474729288271,148.852172941203
GSDMB,856.425959496361,119.735966838168,2.21926696519427e-09,481.415591672686,280.864452021336,1.44411514782472e-11,279.346800978615
RNF157,346.642218731557,647.515548867744,68.3137225701001,1.02840008219985e-06,843.683286362942,1151.21783530113,64.4772943653357
PHYHIPL,456.933541336942,156.574599030236,2174.02705019557,5.34157760192415e-13,20.6471871029421,1.56861432845765e-15,2914.2208227241
KYNU,138.282994771611,1.62798403693396e-19,7.0076329553563e-25,102.112700604372,307.575243146313,550.945869275783,556.468377253628
SEC14L4,9.4812626037883e-17,1683.00255611648,0.0113306287086526,1.07865648649895e-05,237.359650205098,214.661713334517,5.43538029049856e-16
APOM,1205.49389418934,0.000229110164779576,90.9671860012859,204.328379463856,412.112491898412,1.51212121723087e-21,372.122060736099
IGSF9,853.118544052537,1504.13225706771,741.041366777819,1132.5501576708,1.59555613168717e-24,309.336524524902,1.86345302537822e-26
CCDC88C,5.35042802088178e-14,384.96944448053,446.469268323219,1160.45491515824,100.555208286095,3.74006718446217e-17,8.38084675430496e-09
MAST4,2.16888755302099e-20,859.096922419158,297.251028915059,286.489740176627,0.649682861338841,428.09203514021,217.975517036532
ECM1,30.9117102239192,90.4146261888478,96.8074721563661,312.190469002182,0.00043531043802547,622.691488365613,1885.71239808112
ADAMTS4,8.79496042983822e-20,715.001393418565,458.006267457933,154.777558731636,0.0339508276815844,1991.08040528274,149.768880646128
ALDH1A3,111.049525384856,539.807639401429,1.6559136959555e-05,6.08597352569578e-12,136.503442005287,442.754266157105,136.388438167834
AKT3,113.708918742028,716.810598612345,166.456541882758,0.145005316498253,2.84305804511373,2623.86423712481,4.16343863048217e-09
LIPH,2.19671741371752e-22,367.618350479339,1061.6776421505,324.68989843724,5.57824987844277e-17,423.204117154144,0.00103058417109555
ADRA2C,2325.54169594191,991.05110151998,1.79048103756164e-19,9.10413652127857e-16,118.145096784227,6.62602945621642e-16,289.201507010695
CAPN12,2135.54272947231,423.292770964835,3.04408955617511e-20,927.681718436897,950.218337085656,103.745303919545,2228.80600166111
SCPEP1,0.000807685278877567,1132.12697735664,1186.18799225506,586.651158664766,3.79770302887201e-09,793.170097355175,8.06888997878989e-13
PAPSS2,64.3256270290443,99.1197264625312,1506.42573114228,502.417769616563,2326.61432697275,526.258018333501,7.4991105348488e-17
BRP44L,463.367980626439,362.481431882159,608.074785089939,235.995026350424,3988.99034313488,929.73180610411,369.597776552082
MTHFD2,7.44216409224198e-14,5.26829487100313e-16,6.51525436498485e-05,2123.81191385846,84.4806480694941,1139.63405944683,272.235667938394
FBLN5,828.9930070585,311.721386975046,404.700449906231,217.183347167947,0.00318286813393617,132.844729259737,7.51150519614599e-25
ELOVL2,56.5706891975728,798.930493186401,79.1849835630001,3.73748461248169e-07,1023.64624318655,203.676647093485,1096.34067578913
ASPHD1,2251.94917834827,17.8706704681197,264.660997279004,149.533734276698,204.035944888682,1190.75201917234,2418.27218600972
GORAB,3.72777713071573,1943.86029334389,2.89776357985615,383.444075288107,233.532082827789,1.53133646629616,0.00038932188980829
SDSL,2126.90048981985,111.449845179501,380.300020883884,135.35140123399,1596.86987222139,244.064985992704,819.407815677584
DTNA,814.190593626366,893.758603261508,101.532431170043,2.44866590018486e-11,1089.98261181356,954.919837250484,1611.78131413463
ZNF266,1329.78787638092,961.868342992184,699.218528365612,498.216787315755,726.875418639325,178.918950991834,527.28775324727
USP20,799.512193816632,544.47164128909,811.595507017995,723.826066819149,535.749952568626,596.588004979183,99.9286841010234
MAPK12,1415.2968884487,165.648538302472,125.594348261391,245.65046537539,2067.1166784549,665.932565843928,1400.78014344796
IRS1,16.3634291104592,341.025108719417,1652.10564844415,3079.40489136178,494.580929157566,629.561335275858,0.00157044494329707
GBE1,8.29209274300126e-15,133.417923032266,1733.31088243224,146.273530078077,2283.39460104399,1157.36483612879,289.159800227396
GDPD5,187.24584994734,1055.1633788434,133.232402773121,2233.93408418183,87.2225059045036,1.93933117110564e-15,114.151399906766
PPP2R1B,359.862486076547,200.02674691354,1160.76268072429,583.515841182068,3644.46640600337,441.827149260128,380.835557702501
ABCB6,669.611889547064,406.256332402699,205.095995982887,3795.90703698358,720.731781044697,712.98081654831,433.869467895041
FAM149A,2624.54757977292,517.724561292068,112.158725884152,9.18790055470948e-32,7.08263419711101e-10,196.538111434538,684.027006870906
ADAM28,55.5478794109092,310.667928375791,503.656309864508,1.31600263931592,2.13151431998369e-10,466.443297464843,1968.60336679642
TTC23,883.198153155152,649.420407856252,480.088572811599,452.342892577711,648.746295351278,1.38111856621732,599.854257806393
SLFN11,1.4036061149047e-09,529.47171139283,2.71663246189376e-07,896.850736577411,13.0929818977111,1324.71062732205,1.35119713936855e-07
KIAA1797,133.291753366519,906.249942850937,3510.65011609175,769.203715276612,564.820377591106,400.577111027213,785.030675598448
PIP4K2A,38.6251535944449,446.161432097822,624.493731135861,227.439774293365,170.345068411764,873.370075459582,158.718705674052
CBLL1,360.279097586442,385.807629251499,597.694209388561,689.334112218611,534.302168891792,2947.04907023674,161.746231034735
PLA2G4C,1051.43063626423,631.353355767337,362.683980383524,3.17617547591384e-13,766.761212973171,1.35274206547036e-18,617.646895750219
TNFAIP8,737.408616427295,243.675873100433,1.59796730805916e-07,0.00174335498689837,8.12770799544167e-05,615.896292256455,360.743210279765
BMF,685.786995443979,1017.85148374543,113.906075045249,540.437891960929,0.000715600581818461,374.559132497258,398.984831831231
DSE,0.113442253794605,223.004758944848,96.4704970797331,221.040858577666,123.762889871254,1210.4148249987,619.148679150622
NSUN5P2,698.401318079492,532.26256746106,269.223218187061,2398.41582661378,768.758498169002,395.681488461898,579.828673335191
TNXB,1075.36599641173,312.156215880664,2289.24398091331,176.569693631574,1766.34631155578,167.10711763217,9.54380706832521e-13
BCL2,329.839141931099,266.622289701895,1.54842784836484,1.18771751230044e-07,9.20396747640608e-09,299.586114316923,724.43932891247
FAM102B,302.486151966143,1417.07692237443,162.509561303891,601.785394077837,0.00508387609367914,915.549301951309,0.190684302125083
TOR1AIP2,7.02076717644542e-11,1521.14865885751,1138.96159826679,373.699605186576,1405.07430640753,307.541003623318,2.93456891688581e-06
TBC1D3,270.876202700245,738.27458754333,154.794229830354,406.108750436754,113.099562166669,375.577059611384,283.604922956397
FAM108C1,121.06641987089,658.219571616503,176.722266009447,2926.82140351753,665.567523523225,333.498078720772,642.443945280181
NR1H4,239.542487051625,739.52198141283,82.6595843121337,2.96366318017872e-19,1831.56943969492,455.695779774309,378.960953904244
H2AFY2,1463.69803289865,961.755112893477,318.750132047475,5.43000754941761e-10,599.166190060166,1220.43632830271,1175.32305020449
DNAJC15,546.477309832239,279.314391654248,1156.13599367338,3457.26758145205,984.616426438716,441.280210173701,632.503681925861
DYSF,6.73399494816152e-09,540.911934112616,2137.29200023041,92.2430857816515,1788.31756602789,0.123006142632858,4.5148880061713e-21
CSPG4,404.407752836583,1354.7721572542,944.100779019676,306.956458431752,0.0525674025255404,1.52257498336256,0.303986149444432
MARVELD1,4.44652568764078e-10,743.157761086472,120.203130726039,382.421099899722,93.511211447545,883.318305769488,273.781584773917
LOC80154,1264.728078713,830.520802891061,358.068252715164,3430.48734521741,250.450708610346,912.970691095094,674.144219336765
SEMA3F,250.842869224905,154.224834160918,2299.86459804937,2130.44820561122,351.138900308556,0.0643039893060558,135.609294720243
EFEMP2,272.474822916705,655.920857434147,224.624534826799,299.327891928684,104.618141226657,739.600168098432,193.553387362449
ZNF281,5.95298245086739e-24,1600.94796669783,226.49185625413,281.944255804667,702.682844309606,300.91267241851,9.57326727503651
ASPN,245.336924145361,845.999715367643,509.886652108179,4.64060062322491,603.001165787661,244.784841653977,0.00834029035899717
SLC17A4,732.379330766029,966.72955102108,100.747114281102,1.17423034721254e-10,1065.85630434504,99.9229470171007,1573.20275944867
LPHN2,0.0882052473944261,480.772530442966,742.231266137343,577.695250387685,413.900883231455,1297.1181852658,1905.2969510793
ATAD2,154.179337674591,1168.20604994195,440.894652990793,938.735351112961,3256.38874111478,452.982477209919,180.391018414012
BTN3A3,0.0117301329840465,368.012856973448,2.10462032483486e-05,111.11629604028,483.362989435932,1.13520521212942e-05,576.085881597824
ADAMTS10,354.279781927336,834.696559249864,565.400606817972,1.43269809227807e-09,0.00016585593529057,1538.22996962688,1.44450632052698e-08
SEC14L2,342.432199548122,69.7555739196926,199.706470032247,0.0021970395081179,2941.60241900084,679.497166367306,587.023621377025
TMEM156,873.597820839112,1185.82865537373,0.00125485573908451,3.61301695259457e-17,7.45410963150026e-23,558.201605578377,257.558821504899
GALK1,1232.61417746649,171.958939639902,264.486843788243,531.032726833274,261.271036422157,1388.7840059331,1116.59365485267
CYP1B1,4.76167799116807e-13,470.394147724981,2.515737267551e-07,1.0624714689571e-08,242.857749596989,850.341768087154,1.25037443685107e-13
C16orf48,2905.89913568796,442.1883013275,309.321144741722,336.656899891841,186.805329017671,1298.71653124529,118.172951322905
DOCK5,0.623015192247895,1165.1911996739,423.666546961433,342.870220163597,344.975002596689,628.913766756617,1668.3127061296
BHLHE41,0.101994958475431,0.190151105559912,228.440685203437,1.65365027517554e-22,1.41631129491436e-06,892.811393764131,681.997907201188
RAP1GAP2,438.755732745981,1759.67179201695,613.650487975665,2379.332906486,59.9039475075121,405.68956577703,19.751019060362
CHML,77.9689650559105,1631.29396428375,206.655492381194,1570.05042326157,659.316569627427,609.450593085861,344.342147561372
NCF2,1.71236560445455e-06,767.963362874648,8.00716364088639e-15,0.364067987035825,0.0048193915588533,669.30480149624,299.688711997458
PRKD3,26.9755859970613,324.853828490888,282.279481015579,3403.89564954892,170.782849532498,581.928127697029,5.5190802792017e-05
CYP2C18,543.383277861905,977.106992239739,899.711174254554,2.85956997442373e-18,2223.6038138847,4.88201045703123e-15,1178.09120639877
NEBL,213.234521362016,357.39704137796,1837.10098505233,955.383132205948,1239.88890480419,1050.9927293157,11.0740880801857
ZNF276,810.352780591546,513.079433568087,536.680502920462,679.177234343994,681.218715825434,841.024736270754,405.249405619274
RASA3,3.37440442524655e-14,479.717395423948,275.106668987639,301.552952143676,207.09100982792,1.15022299539294,1498.53511883444
GOLIM4,2.20557248376364e-23,851.666234608333,2418.5962342746,892.666459066287,1042.6129201905,939.551278758052,9.61555928021727e-06
ZHX1,0.109116774394083,1014.26385301954,1200.57329191278,193.886370352689,3514.91708377089,710.382771839693,204.079419410443
FAM63A,750.504651290057,1702.8768104699,1069.64259444689,325.66117898213,796.694538634615,375.666073978424,2039.63452360709
GATA6,935.186129988062,1267.89268397971,559.793759953809,145.856279987592,306.624911112836,503.656051226686,368.169930981452
MYBL2,626.156538324359,383.397248824094,6.15055035088668e-10,1999.41593333877,980.918513370114,499.471381078142,331.431635944866
CHKB-CPT1B,378.506072240381,851.855081366101,588.191861145384,1356.09882143956,220.469219790767,158.954290101751,1382.97971022967
NCS1,1354.36561804887,437.791076467085,349.025189275333,437.9624425258,89.266751768445,1508.83388749361,334.561717377818
GTF2IRD1,656.359861274724,574.112129006073,2.42088567499915e-11,3539.37732550383,600.770119471951,317.552656130712,587.918419200324
CSRNP1,124.225731958548,569.081193723965,2004.27003015308,0.00198465223874091,260.071276648357,1238.66584698404,270.502132913172
C4orf34,104.49345138559,398.463434013686,756.183024169215,175.542277482946,3453.23786858249,183.527657142042,206.640986630999
SLC25A30,480.528463396587,541.078019589892,417.438502798219,311.624502097594,3502.73304111415,645.83531374139,1066.10407382633
MAD2L1BP,539.764425809287,389.688149229291,353.090410953813,628.04016036295,690.632392307152,185.121792147458,427.665532721887
GPR35,1449.91341803763,957.105302940727,1104.35844910438,1145.3660577575,516.792139290776,1.76525932400073e-17,1457.77310681688
EBF4,1624.21195273218,962.176557560991,0.0053892004224998,0.00190947417785216,153.932395169092,447.823151766393,7.77925547447771
HNF1A,2008.41937613721,391.677262730534,1235.25676088624,616.092851546674,2627.13775902771,197.375551182406,1430.80766188393
COLEC11,1013.16662931972,380.825892912017,901.71912324868,204.379823470826,426.273356652872,177.578860599969,6.14524390124815e-09
ROBO1,2.2081123714062e-15,345.196594908284,726.306041025819,484.896977956975,1.06782310100411e-05,548.228167315859,2.25601113249052e-26
SESN2,1552.9183986818,554.118370350464,811.14699165113,0.165499788820852,1026.98424135631,471.99356420448,1392.75714673226
C1QTNF6,5.05813727067719,903.03930570857,0.000584178178257391,606.353179335005,147.417671961335,80.9222008277204,187.014904244911
HIST2H4A,363.755568538621,936.514894740568,185.861896727423,6.86897525669755,1.50384622142728e-06,475.748428883212,1233.04331450634
AMY2B,971.886330397591,597.114285211011,121.369804563656,614.675200161858,2735.77919995576,269.120675465717,385.25811975811
BZRAP1,745.92955832979,1248.03911528716,206.109399893735,1531.49944990544,1.37037866704897e-23,6.1267071350166e-18,2.5970249547034
PRSS22,793.867677329091,981.217128377503,4.30829936500897e-10,0.00344355719197179,7.50922923264675e-22,1207.50515839967,626.337173754694
ARHGAP23,0.219459878723088,324.582945545893,487.860525754548,1223.66711738418,382.057074278898,415.025268328715,4.70677841046047e-06
MOSC2,908.609089012517,792.551760839152,561.839828910151,265.323850482337,2010.30807446027,617.077909266364,557.799655473469
KIAA1161,0.0248489998790256,1127.60256371711,1417.35748345006,1418.0734139602,639.484282678825,736.00008153541,756.067303323257
SLC22A23,323.35422881557,557.041132986788,1513.39192433975,2704.58005897749,1139.44458182273,4.55149512390565,263.153713588499
IL17RB,734.395891304027,870.410086606188,178.859520771245,103.741158087579,559.132859440188,7.45348674583839e-28,596.268439429095
PLEKHA2,282.706307078414,334.570144186379,241.612841025136,672.95229622889,0.401009252546305,1312.71195422429,390.804271847929
SPIRE1,7.44851402403363e-07,659.651155144118,386.468652098029,4.21900473623518e-10,0.0287788287096093,1356.40675680045,1163.72237708884
TSHZ1,86.8239218779227,1500.85302861219,1377.97252588526,365.894032717636,477.666565481915,189.217775473295,379.646289395143
TMEM51,1609.24499514865,331.048766470648,333.960536222199,68.192541431764,0.0401820119443995,723.778817607059,2588.46761079306
VAMP5,1279.63460399764,2.30138997606506,277.386511048832,1.84283678804809e-06,662.325608002548,330.190292282553,66.1779268947433
PPARA,135.645561914849,532.600333487714,1066.85075739871,597.712703943424,3362.25369934184,24.6659363242464,374.529025699628
RRM2,343.679974076351,88.7603381769907,140.79869084003,1259.09503320652,2255.33855394986,500.52635621775,709.270890441684
SLC15A3,412.567219808074,58.3346557798705,3.53027671566547,3.48556732447674e-17,71.3389286819968,513.063849138961,787.025986726335
PHLPP1,694.804462619566,800.992890138462,2923.92621960596,553.333798218408,305.943676970485,374.938210209797,1115.0341603606
HIPK3,2.07347124919398e-27,1003.547270007,2124.12409203541,205.568325067468,369.285845808291,715.598200004668,575.767689481439
CPT1B,1439.27297119205,857.776244257349,198.513748498898,200.383598526283,630.393152811224,206.142455495054,926.673856926863
GMDS,2265.11037846336,348.720213477978,235.626775737574,1862.32399178437,700.994785530916,268.195984738636,1005.00601638273
METRNL,585.7983837502,123.448539051357,208.569135419634,7.26597068276655,147.896124867551,1842.24850253288,529.842384568393
SLC25A4,1084.25456680254,479.738454437818,1423.48797800319,453.95760629994,3011.77720349925,892.784411977582,716.785377665965
GUCY1B3,488.667704045977,1216.42016783362,264.323779353196,1.03475397960276e-07,1.83096987496518,365.2046514619,67.8049887939286
ZNF117,126.809226749717,1498.66266554525,813.715863300349,526.434878741832,240.398018067879,266.845800875679,400.573763721941
FILIP1L,9.48223011908848,650.083675967276,1028.6974002778,9.65823943957028e-05,1.31897168821426e-13,1500.34597104478,7.57018451470094e-15
MRPL54,2886.98213221524,212.862801547176,449.575515423134,229.310096908344,1837.69983635789,750.370111116375,471.530870177525
PRICKLE1,623.630219346449,934.575317522688,385.585781937497,1.95521158783958e-29,2.05102457735898e-31,881.16135475567,1153.97980056112
MSRB3,2.36114618390645e-10,709.900236182955,1594.51147387347,0.00316183315943535,2.48478563834553e-08,1328.53899609612,4.68895631915764e-06
IL15RA,664.145937762531,1160.28757794016,598.354765088674,4.06213527359317e-16,569.350837529226,1722.0720826659,6.79633820104509
MOBKL2B,657.522402882202,808.34984033187,532.190681181913,7.06031612116465e-10,408.968348890835,1003.20322286089,1112.05346487517
ATP2B1,0.219904957234946,56.242187170446,1325.16546257044,792.974133942306,877.325750938863,1673.06025770735,517.405237316628
ZNF428,2967.85359002519,319.048884674056,288.936042979813,710.712440402612,539.308660126737,781.525655101214,1000.83889166674
RAVER2,912.241454854523,1030.08482026953,1144.74028041847,212.263945372675,7.03520926143615e-06,531.009446509483,942.901104424244
MAN1A1,2.47005843603787e-24,503.557617522655,1340.9372065509,1628.98865954633,2007.06681311816,146.278564814842,476.441099497193
C21orf2,2507.64088814461,349.81037299598,105.834121934325,519.759719379058,192.388357287828,89.2050775048488,5.55427074522903
ABCC6,676.706654530491,386.354821786542,1017.2415567678,2.66181428626549e-06,1626.06575033407,3.52514739805487e-17,224.407588819627
LRRC20,793.735094265714,520.313698364245,0.0148302156600227,1132.33758077616,3232.66474352455,673.170751649734,706.015671601704
C1orf122,2521.75245764955,0.209736303332687,438.763524413943,486.318128555681,464.098247627019,1190.63568746971,511.994951843535
SLC7A7,671.922240820479,500.983171637865,193.779224256006,775.196406113061,2.70087476813685e-08,217.213712183248,1440.20987146977
PMP22,311.366085476999,728.399343530161,265.928468007772,0.27697284432076,59.9367790095926,1063.48719208132,1.4744690267256e-08
CLIP4,1.99706377326972e-14,387.24870629433,208.783100615991,1166.96022217566,9.31271333692989e-13,588.257373566472,202.006398004918
TRAPPC5,3086.0627129177,299.068266861192,320.730592716446,331.256526464374,641.710775115397,798.212106261726,405.300180871863
MARVELD3,845.492405716437,373.656056049631,403.550540028282,284.644468917557,294.431748244801,186.585836799194,1325.54570022046
DHDPSL,1513.86461995308,212.252211097372,388.021291765102,3.03519411809258e-25,1.59224160164204,704.292987616848,1476.7941556339
SLC7A6,244.981173823947,475.418451176681,242.244313565819,1371.73614496315,414.644599613678,1341.84851374628,379.203051287078
PTPRE,4.56813368412952e-14,1019.76357975329,421.562578081861,323.840435686895,255.098688265566,2102.19747813585,257.214772211755
FOXO1,76.2174337148534,686.071257428281,2875.93989645197,1031.77866311938,842.653041854308,368.118598043719,218.328117251444
RABEP2,1644.13118284317,522.571844554523,530.893332612637,456.030191053127,392.654762664726,356.647805714788,845.426497672721
LOC100288778,2348.75813469977,871.599967550826,322.179735246649,927.861004021569,614.78231730252,349.654999506005,367.930106038265
SLC17A5,2.96719261049645e-11,1374.48335932167,800.001557871207,191.050258887624,1727.10190478799,207.903760793743,456.354014268445
PCCA,1765.52623452505,652.222116744565,733.240604824104,1947.09115146058,1572.80987121925,493.921881194138,762.060630356611
FEZ2,205.144367480601,425.607133410994,751.228688771961,505.218803392847,535.322217609448,1221.49385713707,767.710397521158
TRAPPC2L,2684.48160891797,370.616461075913,313.191037413058,569.944553232299,725.605447534589,903.019332954461,989.640643909433
PACSIN3,1506.96931503582,423.406193218319,327.066319437824,1330.4045216452,5.75656895128265e-05,785.681950187553,550.820566981095
TCF4,50.8683071955873,635.225929712155,682.594037468108,207.275708657764,51.8272118190739,309.609466766066,8.35099747385259e-08
TRAPPC6A,2426.69134266662,359.758553803503,434.778874488252,908.909535062918,135.684492003292,1772.12252880285,533.693200389117
SEPT5,1704.69569285722,1005.47629756928,200.740201471004,591.487670618187,1506.70057224534,0.000726966082988363,577.654542832714
GPR137B,400.538123768272,676.627164637452,167.736082098381,264.332393702701,977.130610053334,540.440968067404,985.781193032078
FZD4,1075.35641028936,489.172926667703,1685.36269196401,313.639786170539,1500.37795239846,0.0308702468395563,1185.36958267057
CD58,520.00127901437,863.388532735645,166.459515036247,1.27029269649946,1.11990796655536,763.08015014712,2575.87640691272
BCAR3,223.317640872092,248.098666776748,2624.11401441666,1.66545842296423e-07,97.5569415260138,495.363840998118,745.954091443228
RAB36,2363.26830408695,713.849588687235,168.263122325097,2.74783168946839e-07,5.8482149698714e-12,282.767056090431,460.487667329873
FAM117B,1412.13671100889,1262.3595210227,498.416467211731,883.567089917354,80.9033604459958,277.710083091173,300.485528789864
SLC35D1,49.9839571327299,653.042160726196,1682.25907405416,168.708521770428,2552.20726332488,386.622048909454,549.087526147837
DYRK2,134.361055638579,833.195634505703,881.431548679439,1005.45189106571,77.8675801758191,450.556628905742,3078.93640444264
GALC,0.220572733015041,699.821509235907,1967.25283179137,353.510794768008,927.525755694188,136.655669829481,460.038146285058
RIN2,0.00689472345395136,936.883899940021,204.61942776318,1325.3968410047,85.1415706598346,1.65613551986698,1.57249977261495e-07
IER5L,1766.57584788735,468.333084249721,49.680281799738,2166.29446713831,0.000153215836632964,920.472672036373,1230.31379565215
TEF,1113.07432994581,732.740033401953,1812.89759831348,207.236726914506,1791.09715067762,341.161059398767,369.969504395972
PSD3,440.068290895659,845.428242152532,865.447639117117,173.789465178687,1855.49813731528,848.854219548867,1525.31679289094
NUSAP1,1139.26527616308,683.523940515802,67.7696915636109,1475.68149487562,871.867413544587,617.621452086354,472.312951679516
TMEM139,926.194348793113,1168.97669069414,203.495539081279,815.633998997079,215.805070918051,314.384804285845,349.414572820208
TCTN2,1732.78113368514,984.439778415082,166.020135508048,490.584223184268,2.26915407659147e-07,590.661714032094,642.703095100159
GPRIN2,1512.65020165466,1136.71944822946,791.358099937703,652.341274435388,1.63102340961038e-21,4.83190981972882e-09,692.983399613726
NFKBIZ,733.854147180543,918.49238986272,255.170371649014,619.096224103336,343.870477995719,968.3857025133,1247.08920352642
NPTXR,757.633305214896,1082.12537450545,1316.82946257371,1.32578374903559e-13,885.13745089449,533.32134044084,308.536565272814
RANBP10,564.225104955831,642.952677152815,773.923692040384,694.857846310176,3529.3625997927,713.408630856052,603.875321094603
HEXDC,1616.36081822651,416.140356260266,381.928219681098,730.498775978818,520.095711926717,687.654188195415,955.4201115532
SPRY1,209.374526096638,638.969534014206,928.535362742232,489.274154051798,170.96345785207,338.899408729198,0.00237977208899563
DLC1,7.96044696649045e-05,1136.5417097328,920.856468135529,7.97112380122378e-07,560.976429901164,466.426825557664,6.49354101362796e-18
DPY19L1,28.1326919702688,494.469490055833,507.65299215999,2292.07991700931,290.103908303978,1855.25251789174,217.152531521185
MPND,2896.30125819861,347.356595059989,542.385767319082,356.198297438142,1107.98188335781,552.643285255522,1132.49210890713
DOCK9,7.54824445159897e-07,748.768005486411,2261.13537092011,1247.85198809453,621.320810011972,1025.25816880277,24.3401998365151
LSMD1,2844.58535900648,409.25251437649,626.545267024083,800.006175709887,407.077248108442,425.560344519199,214.859957599607
BID,964.720364507692,91.142227982348,0.00525477426397325,1239.9746292026,644.777121193512,1691.68741514018,430.431254150257
POMT1,1596.29344397052,697.143501284466,818.165323703086,709.826653889521,510.222469241719,1042.76232733134,265.43545358742
FERMT2,79.1571478312349,955.39360816639,1036.0650923692,0.00623993550575306,638.11422406911,962.477319381846,93.3212123068973
LIMS2,1100.0507652816,371.881130980124,195.730656440216,77.5437300255459,396.318752750596,280.554149851926,2.87176391442006
TSEN15,61.1442352992665,1194.85563767183,554.764530355485,1314.72789824169,778.276745939678,719.628599195489,570.790865490494
STRADB,800.633856525867,314.950906926109,265.559663818907,210.793045602469,388.989858956139,444.184757370012,972.752544551235
HDHD1A,144.990411904408,210.948671438948,1413.45787865688,228.205797597764,278.21314291626,970.121351369473,1000.69832326286
NRM,1319.57091531049,736.229398611657,0.00781002648005781,515.811248324334,249.783765043209,381.726777579587,744.342036814065
SSX2IP,943.136455484642,826.377584640849,357.963640349713,512.661885979933,459.831652198014,343.158954622809,503.856324728727
LPCAT4,569.860209906555,554.64689121033,1.43958229317468,682.316769516867,2.50843166110558e-10,1638.03213323089,1053.19270960055
SARM1,1114.5085261781,699.936071894411,1163.00521605398,31.7383774082538,82.4417839393716,518.166311214824,530.351121848746
PLEKHO2,425.056005741999,527.125246706218,837.056365427066,579.233897780563,178.562503954364,556.98383452792,66.9166241275047
TJP3,1038.229935777,1221.69192974413,568.012448057481,1047.14007315749,1557.23176779595,418.780822394341,693.366285376581
EFCAB4A,765.793220636261,1149.48292549394,2.12480350343785e-06,1181.32863041596,451.181869436353,654.529315688328,811.315960694032
MCF2L,451.565564192913,767.871515765311,1772.3609335218,1817.43717592156,607.864147240789,92.9736166048495,347.635412891137
FN3K,1211.23230194159,516.891165108328,505.348296878486,927.790313005931,1177.09707851587,436.911240301849,964.25229088621
CDC42BPG,163.086163753919,1465.78112854135,1059.00683816298,0.00105599291656477,437.47325717905,728.052369092116,1418.87454251442
IFT122,2489.01369621054,857.647635601902,308.756846287372,745.887401082462,391.679670697752,389.390307270122,396.348342344793
SLC45A4,414.33862018767,897.547900891374,723.42966340144,1105.78964017325,1250.69011377354,1.75498975685289e-16,76.0172251831949
SNN,346.0775393624,750.276222700548,1192.64317811459,504.984460848798,1856.27462734411,278.77634976422,885.349873898653
SGK223,489.46508535609,1134.50567729991,224.188845983587,552.93711090599,1.98962412568644e-15,696.172389978018,681.003237037323
C11orf48,2058.99005781955,371.357314810986,270.355588082997,719.33540522106,777.268027071359,1252.35742462155,939.154015563349
C1orf63,230.284163196378,419.811192285332,1298.54673411603,1437.35132398468,1309.3700889374,421.589631920503,425.918892183056
TYROBP,851.099879659215,8.33340803633756e-07,100.552932064209,4.78053155358888,0.0228897724729695,1478.43214697358,472.693220087232
FXYD6,1017.75030259314,807.017208615894,504.937824970416,149.709972212149,300.543242117873,141.817579860003,787.300482611729
SCLY,966.575449311801,530.158237245012,488.855588326285,371.719963894446,1291.73017893254,201.559138987039,824.890087010677
RPS6KA2,138.100060404776,578.158094999861,1808.26768466347,39.5267454313717,771.091935902308,1304.80003532255,4.21501893823648
MSRB2,2686.2783553922,734.147903837844,825.187763349152,244.414850874611,844.962441961114,529.129125061645,367.320068338557
ZBTB41,0.00437264443989124,1607.12441579557,344.952233634324,1382.02072498728,616.671275754875,580.420622655187,304.210175351248
SPRY2,1.01168799457312,1091.68834731974,248.996385297946,663.899425944395,560.589197666941,319.752030142231,1775.04253780805
MLXIP,2.08137699117859e-10,1103.22735746573,588.188565424962,848.602811204409,384.866868829021,679.283805468614,4.41885776828873e-07
PIM1,512.874545926376,467.30992762378,594.269904536233,759.610286360564,19.5488100679971,750.261171310388,627.246443666506
LMCD1,843.358730800111,1349.12457350726,210.635839998981,193.453329999371,51.9621934955632,1139.17615997968,0.0254107327881924
SPATA13,5.4372789748981e-12,697.93243390475,1391.03132363171,1720.32981514849,241.87242671849,330.593201108808,1102.90257266671
KCTD9,14.9477656801881,1017.91206505927,620.955891001999,392.57872643465,699.2947018015,803.894137078419,613.593256512688
RALGAPA2,3.32925024778267e-19,1474.21980928325,1163.09384215229,572.397685696349,714.570600245439,288.981045855141,393.486548725783
EXOSC5,1387.20547653009,332.649721710024,182.702783705206,689.164908901449,449.754555975549,2363.03951977192,136.651644362563
SLC25A24,8.103409069258e-05,925.647935490991,883.184458528826,684.106247010185,0.0011516756110005,927.889582941897,1815.37374930309
RNASEH2C,2193.17740928918,597.444449278313,527.286730737861,326.031927069714,711.823516468733,697.52656537273,605.809071739784
C19orf60,2033.9198004472,466.68976919114,456.997293551865,402.757087482412,555.668503633305,1031.42824299113,737.750368566824
PRKCD,411.150701484894,623.860289071576,470.316479019125,777.870704669769,61.1841913560713,374.010043944849,647.564289163957
SNHG8,2018.38456182487,536.965745438421,258.595194205499,695.349713830485,117.321485439665,1448.7573374479,515.400120175812
TRAF2,1785.06014149554,763.959462011668,142.696623842888,1082.98919238289,712.741750874451,974.398462259575,234.027371924044
EPDR1,520.188001468604,287.334614112229,782.181814997241,628.431811393555,254.363442078279,1379.30199563949,1590.77468863283
BCL6,83.1104440825811,405.764314188984,1352.20772301089,928.029960034011,1217.22370906466,1721.16663384694,8.32459875685979
NUDT22,1544.71430969074,296.119219817653,443.708317033707,409.079767038263,1407.02775268573,1172.10760916271,1388.3151664528
ABCC5,553.882660305935,940.308047452239,2314.39443513752,1253.83505222242,302.106285056311,351.271369367809,382.443641407062
SGMS1,244.008287225084,509.735891797623,1681.91239929452,190.969014295749,568.700713603731,802.728225964649,598.498742979136
PPFIBP2,848.637936171987,537.335152955756,672.66081299739,484.377923617913,437.912226768438,47.4977739098607,1386.03960028723
ABTB1,1412.10355754826,552.321808328127,1009.56487830839,442.463448539926,826.043160757337,838.680468810271,495.87800624191
GGT7,654.303709936735,1314.61618184638,1235.29467652053,524.244394747178,6.05826066039685e-06,1112.90394384619,445.463513537984
UTP20,307.01131544318,1117.28338143692,555.871412582713,1849.5683226528,53.0079907490647,806.434422705372,177.668363590042
ZDHHC8,253.045595656356,408.464078873115,674.003000573048,1668.10788399031,708.776093117929,1948.95111097493,331.534822805969
FLT1,15.1878298651521,839.779483459445,2163.58108175946,250.654298274234,377.649727350218,665.910802379636,869.809720885138
ROGDI,2463.71310963089,529.064627219684,774.418068159534,571.602736392396,1370.39768008798,295.184162766828,1183.8130512978
RPA2,724.163005004005,333.303345065418,638.12851965343,609.913577097549,446.616773137961,537.055804492649,225.050964242618
HDGFRP3,61.5733417353825,1249.33108117846,1057.65925158448,726.898815532257,6.57642657605948e-11,924.495342243422,967.892548400093
NR1D1,547.72184856132,885.65521657452,2068.72734410052,266.962470673968,1131.40696554949,1036.84207034247,702.994772711232
OXR1,5.21453660653357e-05,1467.59851751167,910.67467061404,601.448685579587,468.434714880974,672.636118628647,120.78573414127
WWC2,94.1878575252419,592.84831814557,2005.91175301709,144.281538875703,436.426629882224,858.629204023262,588.04091655699
NDUFA3,2063.47723663079,375.675404589685,403.557458346807,378.61464569229,1740.35896111387,205.065659158495,583.229851991447
HECA,6.55021450125243,620.311093445823,1868.44160974575,871.012487394481,565.352471028831,598.311215529514,0.859969324108342
TUT1,1651.3054675665,477.578406136781,410.404584033446,603.847033203389,595.519629497191,1096.62543502426,854.259064339709
CBLC,1664.55594764621,632.468241100578,175.515749714237,755.417268592868,6.70662244360501,1113.08918799149,1188.36936078165
C17orf68,538.020630035684,1310.70252090559,682.64815181317,848.388150970263,460.630720230036,238.012085258856,452.545597095666
C22orf25,800.545549384028,161.100619178326,231.246347547421,571.81002607102,1016.62387667803,839.027267076812,859.377752777987
PARD6B,591.504695230406,310.046701349428,437.395787000382,209.240545549352,174.872633354521,1003.02303033049,2241.95329699433
AHSA2,371.031585884549,979.162048842064,564.925908158925,1983.3654528777,521.206555706406,480.705484325591,1254.04173577087
NDUFC1,2474.18430392667,860.753138163027,1072.78934689268,483.226578081892,513.483024510786,637.045922913131,771.186313861232
FBXL6,1466.48203193849,999.159052982607,378.781962007498,1040.55583923942,453.635671434541,865.091627502121,767.084023279657
DENND4A,0.00461000470593842,1584.91466871223,1149.33115670043,299.870752866417,461.874261562384,705.636680784035,842.162687494042
SELO,1272.8417407965,608.942944583073,646.339430107324,1135.32773182394,2363.89799984124,578.77681612295,765.682816336883
LMNB1,678.398200395864,676.98476687094,0.00518010262137589,1461.11473309888,676.451329417862,430.839892002731,513.944191271338
ZCCHC6,5.35591558890405,627.790954781557,965.230881648431,573.860343688519,478.125391744591,1098.57103278896,7.48634329594734e-06
SRGAP2,89.8202958405235,1122.72894102173,1134.70474249239,687.119911075602,250.014873947155,1313.1723585147,1.00384880396542e-08
BPHL,2059.26697790035,914.871593384065,944.054353410243,562.127632953369,789.655786736246,147.232847373102,753.212708918898
PRSS16,1022.73112335019,992.956511106444,303.510224205772,465.017971105755,417.32982014869,4.80430458623982e-10,1214.17999730485
FDXR,1129.91235836132,332.238058428809,381.422008636941,851.644414570781,912.782984899737,429.133420771461,797.852420499515
RFK,487.964847377753,561.071278928972,740.791442283614,2401.64473599151,1606.04601572617,1390.43735568618,1169.46774454677
SNRK,242.193337796052,957.481910238478,2885.17671362102,424.500977600515,405.719988406052,281.77203949231,809.311750939611
SLC12A8,671.067667560977,604.82226585339,547.08091934525,460.158232888199,565.025648177622,629.209695731772,739.735281786379
DEDD2,1256.36464644338,465.612295315726,396.275900741061,695.686745140111,212.469335787282,1771.88574398098,542.713764689581
RGNEF,230.205033681691,824.269093609617,413.774603064485,290.400476853435,505.996201037038,1643.51000199363,412.747946174575
MRPL18,668.679599857271,342.907351075493,774.253936019102,1885.56714803133,1900.95601604439,956.985793584567,180.578938644252
PCSK7,447.970347118995,430.39571580608,991.1121787542,636.639917148823,1110.56996653179,669.115984449906,814.919430242994
OPA3,1125.94495892463,827.17755323059,947.724516317945,443.443640859173,1051.23574964922,1537.6144604511,409.637186676817
DDIT3,1361.72684982926,311.72046169358,427.975613813331,69.9875906300019,1981.16544610109,894.467495802813,1388.73303558495
ARAP2,170.784671210502,1025.6860708121,396.174418351924,126.620269491003,606.283313099698,793.616453630319,917.519672676999
ZC3H12A,1127.10932586059,596.374394647551,215.944441684184,362.519953204871,520.461513607,725.821218640079,817.837806118758
FZD6,40.82624781364,1446.5137300726,920.519774867989,464.912414997608,94.4033747448359,709.832866648401,5.68892678715165e-18
HLTF,162.872902940161,963.605847627542,397.3321808703,1359.38246853867,2628.31287295437,1128.1218212432,275.598613908226
AKIRIN2,552.064314448127,211.908313947138,378.410318220035,952.940365222854,384.558172012197,350.159648302845,557.475953568605
SPOPL,75.8652017471065,1502.08159786928,1234.13346749675,438.674738652994,803.73567184858,636.187378308937,388.012687146409
ACAP3,485.09211921547,910.0308359249,1554.34183577164,684.001328281724,1546.61464168297,412.64190787702,502.678259488526
CLCF1,752.01730076809,459.319603462587,163.156813729783,818.431052949169,2.10853735357037e-10,742.411908739994,1190.27491259317
NDUFS4,1918.21757991096,737.367852772597,873.053622391114,195.120990320041,1915.46358557316,1301.45962553321,881.402312517086
DOCK7,77.7349440942317,1087.99524890012,686.131609516602,429.821168559666,240.733685043826,1145.74693932595,628.059234231394
SLC25A36,50.8148384115663,614.310484496487,1390.90777132146,1934.11304032161,14.1705411388046,903.993165273177,625.258391633773
PDPR,0.0364898724841357,907.235179789159,1256.25688918329,266.773081517207,580.103382724012,833.876026995273,196.397237748694
SPHK2,1510.29475737359,662.871797192648,519.108278284388,423.68163427664,643.364425280383,41.1977092912466,1200.69386098006
POLR2I,2567.45077955619,371.570393751688,296.96876041099,484.434799839321,430.126990218614,1308.73202700336,407.489055866592
MGAT4A,127.016481684797,690.23240879213,955.7984560094,3.06318816361209,476.995819381692,1553.29431251676,926.002310097533
RAB8B,77.0416470525829,1143.23045709588,1505.71950981158,73.8618816052559,283.408010638619,995.373355171828,67.8927721445229
FAAH,1957.82001400845,913.081468801061,911.566809604561,319.531992712707,431.130987618254,443.686563872506,406.609222469969
TYMS,522.904832583198,580.27566903489,106.139940328092,927.823633478615,193.59212661596,621.052937182581,846.151769164224
LASS6,15.8671440669818,1021.87001230855,798.906252189354,2286.57611127126,107.444825507028,828.426975771321,380.847889906784
RRAS2,988.671733815378,376.332783893892,331.867902413579,401.030812045419,311.630438513009,1357.55965208267,486.374661322965
PIAS3,24.9574186672263,1450.72346777342,848.484734321545,801.506780867827,1407.42038193394,819.225988877088,383.364051924711
ECHDC1,580.024877544938,377.141261764062,1270.50903512825,1661.88727685933,1.56146041768728e-08,688.004669168,490.7039172114
RNF38,275.004338910154,1357.92884844988,1532.49760313603,586.198761023313,500.694643009994,290.706195963846,508.955876062707
MTG1,2026.40139024293,723.159843366721,385.161421069191,848.583253881474,600.513913105792,341.16655865501,476.673488426986
MYCBP2,9.80845375259915e-11,793.686578782111,1655.94929818041,921.889049002078,579.090107035899,770.47544016012,8.43907134431984
HRAS,2421.45361680248,279.556965439649,488.909557482055,595.47095488444,592.284662760979,1085.34027757836,624.02180942382
B3GALNT2,227.659372941677,1649.73669470266,1017.81215914491,1767.23626670962,927.708722551167,573.790035827727,21.1039269449704
FEM1C,425.350523843002,741.272368999077,2746.83539337437,275.013099373212,1479.75370184098,423.523181721312,726.942801339597
CHMP4C,402.729885892614,1418.56430232269,1084.56845218577,428.229560074345,63.0172526681462,639.082807911057,626.170851484294
GCFC1,531.218026506249,894.182883853953,617.978571324796,760.453035839401,223.550098321074,4.21699744222438,420.158030355583
SDCCAG3,1021.85712461478,511.614450451141,466.636683988454,1500.27405004536,995.242823199752,1589.24371980406,716.813363291939
KLHL21,5.33907651142493e-10,413.539115941359,1067.4980596376,526.278400582778,932.1986670194,793.803164615589,0.264782882872184
BLVRA,725.623385941784,344.188155076243,439.00108213471,519.232485342892,444.280591363369,1089.0741276047,397.35150365631
MRPL55,2226.88514892711,759.117626372681,154.168074105252,881.537473763057,1991.02528532177,445.546828302857,226.315836551818
SERTAD2,0.235097723827342,817.718133035915,697.412516751089,544.247516593725,714.282837537196,1059.44918240448,2.92202146008729
CHMP2B,340.125387532919,499.566337000363,1424.6511903792,554.609207934726,532.378404407459,606.486433949384,749.204523916349
TMEM56,275.578540093353,584.709068924934,887.723835723034,268.08561475374,1277.54187930436,1032.67482302028,350.53423814949
RECQL,5.2674597845553e-08,652.344718503483,596.690326802991,1008.5430040844,276.495479002092,958.749653833231,280.778098369996
POLH,275.680412246286,899.388967762772,485.977558453509,707.064055943773,1127.05537981516,2.26234181485617,246.761676173956
LOC91316,969.541463212228,925.397525683828,573.540111848798,848.8622142375,447.250407468819,1.93108198742655e-19,1165.17812668142
EXOC6,453.097357035898,1517.9184319338,930.067259457325,354.361524377193,1062.03302910994,580.356763458952,549.777007637432
TMEM222,1809.89688506442,348.964953717645,654.954186171712,635.608938396113,2452.31833019796,894.015632967761,552.115586613891
SLC41A2,541.170925249052,466.430451913249,1368.79458134949,1.57896834208192e-06,989.153682498574,317.428556121513,914.711207947289
ARVCF,1622.65370544069,985.749646231398,515.833884814355,353.362590837239,549.402125872583,342.004085166945,1251.47731335395
SFI1,632.929594655248,865.720534941627,561.94839134957,644.271019164406,363.66611405741,295.630966281436,776.684222324235
AGBL5,1024.1620394356,466.510566292391,311.595718973132,1683.08203953088,700.689980993624,581.310200710523,536.02734970095
OTUD7B,94.5844252866362,1712.58802915448,981.92244071225,650.812298470947,629.108052916668,290.687123595441,1176.3625263185
MTHFS,1191.37717660383,652.312833382556,474.958219582094,257.527765792355,2564.35292647936,816.144502644163,792.541679124415
FAM125A,2037.15763648893,882.024433025493,480.836690485522,339.396698310834,984.841413210479,688.358207634727,790.847459690511
NIN,9.38713948887183e-07,806.456048710233,449.098326520305,780.739568426336,899.18767813395,1179.39595792186,266.083644390332
C10orf57,751.550991202714,1417.4527846942,697.027933001281,1628.2724295051,1609.85558915878,349.141604397432,484.723080080511
NINL,1100.67426446038,1416.04611605009,369.126135472098,755.766175152335,254.769270738364,522.36234113117,926.211265118623
C14orf159,888.473986054312,375.15710623319,352.683573698692,8.89720033004744e-11,413.486948921298,716.785390110438,1460.02957806787
QDPR,1089.09790313659,476.934502332924,808.014451268051,339.628003857366,2649.55623004851,863.480191681736,743.705049166937
EBPL,1459.19928082282,470.423412542883,1522.21220769686,1294.22456355538,562.615749335019,1167.46140684653,24.2248879463265
ARHGAP32,7.16444611705301e-16,1064.27707763299,803.426063435613,1337.17921482955,234.531878803842,836.538269430411,980.13982213433
HAUS4,696.566811610053,443.126801981506,376.956829475701,971.445035443664,414.038863955923,1599.49766252282,477.963948506586
THOC6,2244.27510284281,495.622501785144,168.536529716934,604.036083852668,306.310109848667,545.101387886398,715.75848702196
KIF13A,8.6983258282735,1318.77836526628,873.780397901553,336.496868882556,840.361862185214,181.418527921726,13.5683364780955
CCNB1IP1,1240.29069231914,456.030216512751,394.827484738478,905.80682611975,1039.12461681143,2102.82384748117,1065.63544255369
TCN2,873.992394717902,232.159613510051,456.38779775556,21.022573272406,193.592422216914,32.1468290083561,1076.13883564139
ZDHHC1,1791.92464449849,792.227976152936,182.014130765194,106.794904478552,1.0052257108105e-05,576.147043635742,1010.39461753899
DDX11,937.369568651879,754.275392412496,305.152267361498,2550.75098918709,383.029577322376,174.442302373714,406.643022831483
JOSD2,2466.10047661571,672.689135181583,203.080957337886,185.169693555506,215.966612296431,558.544843471422,381.547477046445
BACH1,207.770048346803,822.343111378289,1997.44256293063,444.376739606729,122.551862545587,275.365004139021,1031.83537314464
TP53I3,1896.69135886232,692.971359895985,873.234621795367,491.276967124894,283.296025136528,257.959369195599,747.263100119614
CCDC12,1934.69454282862,306.023691601517,444.988880934796,653.743514521165,340.489750101307,560.294233484796,435.458495191583
CCDC25,924.596426265118,578.712006167597,2857.52736010328,719.047642833853,1022.82625854676,510.69073615288,966.101323118504
CD248,612.083490212399,733.370259341432,226.27943904041,38.8873289352188,0.000175680447317802,422.194953713968,50.5639053654833
GGCT,1207.38173681595,577.550616093017,571.747419080514,2221.87734534922,1074.02304945461,911.421034052423,714.094780213414
TCTN1,1767.35861423078,893.307813519466,465.855699417946,31.4417640337012,0.0335100533077645,549.590394725102,2.84453183861596
TATDN2,409.922422836289,738.036424095166,964.936281385455,1173.94176378212,512.275753920262,886.678497196942,110.160336863841
SLC24A6,535.937661223747,733.807584312542,539.347497630724,641.86838353317,1946.27972637883,459.995654719671,0.0811330301398608
GFOD2,846.119020793978,529.910530979213,967.636285461654,613.60584803105,2966.81766257347,631.249178769002,775.806174166819
C19orf25,1925.12605596458,605.472461812129,336.655351747645,212.479471093135,1733.52239714009,1256.88109339564,480.067165020405
PLEKHM1,375.393477972383,501.041689932869,1218.54734555783,462.467954105854,759.80864876319,420.683336428445,1390.76545921647
CDH5,212.007565456477,553.41282257327,1592.23017656138,231.67471072901,384.910190034494,124.26253301044,0.0983033104688734
PRKCI,286.892828386098,868.376274498882,503.502112417525,1697.93015579937,295.341581826789,1624.15054539444,291.997675754779
GPR137,1831.775433238,463.57409820616,791.031377310263,278.208324918496,1078.08154719476,1137.25069048116,869.152845632414
TXNL4A,2275.53176474822,535.635242038418,539.84091868196,695.839558506028,1290.85787816771,1012.30842883752,993.041196596138
HIVEP2,0.000531219002751006,835.440463667748,1650.30854696303,236.992252182703,252.977205408574,1045.51204448587,399.38599837691
RAPGEF2,7.88775325775313,1173.48478332438,1117.21306835945,571.373101195016,288.609796609062,555.044541260851,1.44600225035364
C14orf43,3.83404387251402e-09,890.370916643674,1504.76930296622,421.321458992728,459.357631662371,292.821636325725,650.808301539765
WFS1,514.007522800177,542.520577631891,1949.48748711547,646.506641664792,1372.96698262113,591.971202640651,342.732035606069
INTS7,126.743415463852,1433.08833572895,641.415463479573,631.071231534515,1096.85933305964,475.573212445485,153.471459577676
NMT2,1128.59621586151,1355.6043605939,561.340045384674,0.000643702794069657,254.871209080604,1201.79671676057,226.468616324022
HADH,806.835496221933,808.693206007173,1480.39569243984,760.783172381422,2064.72336214708,398.740307545197,322.002337007514
TAPBPL,782.418155394278,336.677681748658,418.2217926508,480.466196655282,1599.51746134398,534.815586932354,887.438239378566
NUDT16,744.968487341323,490.169962947953,1275.85480036488,908.810869344807,2815.58765206367,504.10532363741,459.006484033154
PPP1R13B,769.924212445555,1103.17836820925,1107.14020807513,823.091640983915,295.219280170847,636.294813761522,978.051416758455
RIF1,2.99663700205623e-18,1099.74217472535,811.743845760573,716.682340214618,1.85626129439838,858.208811470372,565.94425951637
IFIH1,0.0015252724682683,1127.92334934596,313.878533676725,12.9715705680812,620.492261787334,561.448814410497,548.372993845436
SBF2,0.00928397241201577,984.485404141249,2049.55163053516,572.586785051124,770.085456759373,922.566554106701,915.100601939529
ARHGEF35,164.540169662467,1087.72674602047,1225.52909489706,791.407411772414,641.756671590168,894.657027205897,1033.69021717421
NDUFA8,1633.06916919015,369.81938539817,700.200516487903,732.894643065163,1541.94825076415,1468.09374970663,491.03893072829
TAZ,950.704176390356,526.305472445482,171.219532431443,1134.61358557592,734.789660026648,674.118153632938,705.003266374135
NANS,1228.76153769909,212.078295068032,377.665713743442,1462.45171153961,1413.53246780472,1445.54467548796,439.283269690091
SNRPF,1903.55585121259,487.508209108268,193.341885006018,957.594437262298,567.076364006352,1042.05299285729,385.879500893033
RIN3,433.141217088352,556.220479891716,166.535488216057,227.945159686388,278.418769867534,408.15347309931,375.068106865022
UROS,1291.19654736222,459.99210609464,541.722512871675,730.004598131643,1087.32097674441,993.792461270794,589.475564909839
FKBP11,835.812493208481,386.734738556804,171.721383758968,510.912060297318,1017.43685492257,66.0086901039314,434.474586199185
OSBPL1A,396.755138075078,323.38162634798,767.571930721219,279.00266083163,413.432532135551,1696.89548037205,76.7140001829528
PPP1R9A,446.794040087791,751.473101626204,929.096266746098,1169.48356024466,167.57858258117,143.679952742077,880.056324565606
ICA1,1166.7000660483,912.404118638319,693.499454302904,1912.50993895163,250.54554727762,329.141839420997,674.628368416584
NUDT5,822.979761451794,858.188996924122,403.229152265202,545.790252705945,1399.39594943409,892.056661830502,531.28685141379
WDR74,2122.68768934438,551.551191087896,364.897425332805,603.820365906456,528.016137645683,1257.24187809731,860.544675096766
SMC5,260.648941339275,1293.18354411872,1547.49936809959,690.502517567289,483.93517424578,782.825216840003,0.000130409427228657
LRRC8B,627.785224754322,1068.49878640674,606.880091377051,471.934395241194,295.915330861375,352.211559773787,1648.03651919574
IFT57,1056.24508333968,859.9011139962,762.852148941906,839.047453599431,2.63776236229394e-16,1227.0972242228,392.338831698826
SRA1,1667.64423143988,353.150326009666,331.786851927046,282.673258521132,2412.01506626925,652.540243474913,645.844122744816
HLCS,357.121509978084,1092.15344364654,756.36063921033,469.597276304159,220.573455253245,416.887393945986,754.647235020879
FUK,1619.29091728424,803.493996060778,749.680965342437,651.283617575985,997.108086784217,430.31768769101,650.758979560056
TTC14,81.3947501730394,795.859376707209,333.931545000318,1510.75482669351,978.817907019721,501.619766356854,1202.48745079243
DGKD,107.47507226034,689.885997098325,577.988478672355,1333.81569106962,408.208462829161,1039.76452424514,120.169268686183
CPEB2,113.784514951338,538.009602822362,619.884255621674,340.230283883976,1469.35593560528,437.969732712888,1952.56935486578
CMAS,535.521260212659,591.145446242348,850.330618541307,1324.08522950249,1614.83871613816,569.435734148767,516.680322120991
C10orf32,473.002650267773,536.26215565726,1155.19980910047,919.334006962836,2420.97508935991,415.540255583855,678.589351303792
SGK269,26.7472336889311,1150.65303881361,736.552549122283,693.267609858173,260.840804450434,849.521160922965,0.0681862181570516
KDM4B,493.716231905366,1093.55094606763,826.460427269791,983.778898727777,1037.23438518375,645.820975627481,291.971132799012
TNFSF13,208.590057620719,709.556060376087,258.357081558841,1819.48893320947,203.652526092579,766.375378604065,931.092834151465
NCDN,1034.32993038329,747.033776353077,701.364662448433,359.093771805101,669.662174659626,484.653709767489,474.322543069151
SIDT2,377.242164569243,617.357109716382,1873.48780890253,462.881714751845,1347.63104878303,639.487932992884,184.377326150222
VANGL1,273.841578382573,1097.60100355329,762.176958342428,649.945854680812,5.36517396317225,985.247315714452,684.054807896943
KIAA1409,7.7029674289812e-44,3.33267171928024e-48,1495.86887306228,8.53234384846797e-41,9.84672618050066e-78,2.33166681705713e-61,3.45254250602539e-68
FCRL1,1.02975878420076e-86,9.63018990863721e-49,6.49282249764257e-80,8.51944850878136e-87,9.4514078887372e-72,2.17889604956948e-36,2.77386620773809e-70
ASAM,2.49241588826737e-86,1.5597280103753e-65,7.31647861119893e-73,1.24503147789863e-68,1.99703128873142e-64,208.447435827965,4.58146927329281e-77
SOSTDC1,2.28815779248509e-55,320.201189798952,2.37333564117032e-70,52.2963656281418,2.81840756735974e-25,7.7390684180505e-72,8.74151912940226e-123
REG3A,5.90958187251307e-31,3.69539483028764e-64,4.55943065369379e-27,6.21740846809833e-31,17.80807436165,1.31093478900275e-97,2.60183843536731e-24
MGAT5B,4.83963508440152e-36,8.77951014523283e-31,4.38654576972263e-18,1461.06644051198,2.85732859471446e-14,1.67880998944752e-51,7.6734441957686e-48
SIDT1,1.03833525045425e-41,2.47304249855968e-24,2.42177522483827e-26,1.42652871365164e-27,3.86821889878903e-28,1.01913479453606e-12,54.032104804019
ST6GALNAC1,4.09415651803292e-47,2.09839043934262e-60,1.01389045941598e-35,102.465426234638,3.58152722331941e-42,9.48318795751457e-55,2.27361007651607e-38
LMO3,1.49550109425572e-46,7.72865424738822e-72,5.66934538915778e-50,1.09383210729373e-08,2.29514798611426e-106,4.56790536328024e-48,2.25967798094304e-57
KCNJ2,9.5809492640697e-14,44.1084711123857,34.2582481108512,1454.402928605,16.6384946527299,0.652663064070491,31.8936692205519
LRP4,1.80068078880962e-27,3.05748851718732e-05,43.8401975014646,1419.69428842082,0.0132671618925152,2.67585345780776e-07,2.4810906498225e-15
CHRND,2.66019859678269e-114,133.913118955274,156.300825862362,355.283675473609,42.9096287704219,3.88173851224869e-28,109.55890050762
SLC18A1,1.61367319421311e-52,8.45943654913952e-55,1385.98178654948,1.26222346653929e-51,6.21985834347559e-84,8.28188074779497e-90,2.1096875815664e-106
NCF1B,5.31700602078473e-44,1.70666950132975e-26,8.10574196237022e-50,4.51410152449522e-26,1.05218663886606e-42,0.0241746940594573,4.06842280411239e-21
KCNK2,20.9012557025618,1.69633680384155e-14,8.14407451792208e-06,0.0145149806320827,2.1406019690102e-22,111.213395689348,5.5328425763906e-54
ABCC8,4.42095119770777e-10,2.22536656117982e-45,202.619884805343,5.1461286090625e-26,1.00227126671799e-14,1.64985665410137e-28,2.76207632298039
SCML4,2.062049355443e-17,1.58414571616397e-05,29.242108647822,1.01207507464055e-35,2.52004305538365e-50,2.10985265518446e-24,8.48069890687673e-10
CPA1,1.01546165660727e-58,3.37569093427602e-193,6.66525380661595e-42,2.06256294520802e-32,1.62494729168877e-23,5.67121375689817e-175,9.3562055420054e-30
LRRN1,8.72138727832138e-13,6.81046462146686e-16,1.58263021245242e-18,1.78188672174852e-20,1.29496820645432e-26,1.24631159022272e-28,52.4239366389869
NRG2,13.9204918555175,6.72398888851732e-20,1321.78284088589,5.74726772699631e-07,35.4659826400148,100.583483652721,112.658418795092
TRIM67,1.79634326008752e-61,177.899269688266,1.35010739247436e-46,2.28862640493452e-28,0.850119396936808,239.047630880529,1.09546074404373e-31
GLYAT,1.96748987604373e-15,1.28902501907476e-23,359.574881625309,2.74644638589778,6.24738225166201e-12,1.98710076238799e-13,1.36899969543419e-15
IHH,70.3223062728324,33.1768450377916,81.2087924555728,6.16805089534243e-31,2.85906957710496e-45,1.73098748156758e-45,9.98751894774534e-32
CPA3,4.91654241657838e-36,2.23947524767475e-19,29.7810861916232,4.02623339689909e-32,2.20237029301623e-31,0.00280603610525432,1.11417216253509e-43
PKIA,9.82364072260663e-60,1.36308470000195e-47,3.1074029490179e-67,2.3860524203803e-40,1.9290683107831e-51,170.80420861753,1.02810363571932e-50
SEMA3A,8.93268445582714e-37,3.10164884115819e-41,37.4686972407341,54.8096815158268,2.21405698011674e-25,90.0020693004684,3.05463844371379e-26
DDC,76.0973046224072,7.32443638146254e-23,203.384266757241,177.051469142683,3.84864565951424e-28,4.8000155543984,1.66904341976815e-06
C5orf49,1034.34528004919,3.33640027321384e-18,4.70634753154388e-48,1.47549518313248e-38,52.4742285483414,3.11665679833767e-23,4.46783023110864e-47
GUCY2C,1.35886992654978e-54,3.48416642484833e-39,9.31433606535942e-30,1353.69417573472,9.52744087966151e-61,5.41652713837167e-70,1.01395811208741e-62
SCEL,1.66757532248407e-56,2.50782951208514e-58,5.52148491599695e-11,55.8825918647125,3.71946676036232e-29,3.83187353733347e-26,3.9052337426797e-27
GRM8,847.415270195914,4.60195670799302e-16,1.08402497348625e-40,46.8666815848845,3.05323154907779e-31,61.2482519444054,229.473023736682
BCL2A1,4.52141642271524e-25,3.62380195781114e-14,3.3701939949995e-39,79.1247439266168,2.84027549002161e-41,154.795833611238,6.70773733788649e-19
CDH20,5.39915594699965e-37,2.37118303110183e-37,1323.37672442272,3.85580600107224e-44,5.12088699672382e-77,4.89052048090494e-43,1.98222616723526e-85
TBX18,6.81021613144738e-48,1.34944547738192e-35,5.12584735521065e-38,1322.11346414158,22.6333148458816,3.55784359303047e-38,8.94948483237571e-47
LRP2,1.7645369139693e-09,4.87930373298621e-14,8.5517923573131e-31,2.21533573047473e-31,1.77198017614854e-59,3.32879753806406e-47,2.02590699984793e-52
SNAP91,53.8546926151863,7.80643262424993e-43,238.594013694076,4.46645953176938e-57,6.76000681088876e-31,6.22880839018683e-28,82.3852466268105
TNNT2,299.257156768934,0.887499250495473,9.4173518240941e-36,68.5012482225942,43.6937840370766,211.631215240465,257.094362354089
C5orf46,3.28495168965395e-24,308.78248571941,1.19027642089373e-65,6.67711905028079e-28,186.028183293345,365.627718615079,1.94543574529064e-33
PTPRN,7.02448601532702e-47,2.7899396267491e-47,160.191419826678,0.000100170467050914,2.82198323562877e-24,7.75141507223229e-44,6.80643420547597e-30
ENTPD3,2.25966539081315e-40,439.844030747085,1.13778279471264e-09,2.29502016187721e-11,1.34857528160662,43.6382122440428,1.78891103705475e-40
OVOL1,0.000399831690981504,255.745472767067,0.00599847352852951,119.417461576233,13.3333776580205,8.85499887741357e-21,1.63403032337247e-29
MMP13,1.69122479564329e-92,3.73333983242369e-27,9.78066377801952e-76,1.48501555172914e-32,2.07351195289429e-78,1.91501616765724e-32,3.05613412235654e-92
PSAPL1,4.85479175004863e-36,1.33191751506759e-42,1092.50277312022,1.56187340017397e-32,2.17008252906686e-39,1.14621566949165e-91,1.49941205667237e-34
DIRAS3,0.000183549430037152,4.09814809294649e-23,411.573499460003,16.7131274020759,1.42468468853487e-09,214.648706251528,1.40657538894768e-36
FIBCD1,5.32070442581505e-44,24.9264071095735,5.73012120544384e-15,7.17107224486103e-14,68.6118866899489,142.698233355343,81.8150730434751
PRSS21,229.322472521422,67.4443667329306,2.34230419177042e-30,0.0158352779182784,5.82370384593253e-43,3.52203793263723e-40,0.040105528352136
CST6,3.49399919903885e-46,60.9784345657538,2.6988064043201e-61,1.05375277049766e-44,5.37821712534639e-56,301.664264503854,0.07982078216714
PNLIP,1.33961376852662e-60,1.05425436801505e-298,3.74566672081867e-41,1.91669680168962e-32,1.02536149303785e-25,3.20981823824958e-250,6.11091396048896e-30
BEGAIN,1.5597416136967e-40,160.090398852767,924.518847140461,20.6092437146852,65.7647893455742,7.4111169969924e-10,523.521278256853
CRB2,1.97391096768127e-47,1.60820809147249e-17,7.5936475811421e-15,35.4746420425381,1.65932178012771e-33,4.13969707182812e-66,4.6273199286283e-75
MT1M,835.105782339679,4.14288900398857e-17,1.42127437995929e-17,1.82971052864196e-41,2.12841906524768e-26,52.2839445353795,1.52028314113247e-12
CD1C,0.00272935639890043,1.85737627561668e-10,1.02655801949966e-29,3.20601519859875e-30,2.41320972407822e-34,47.0218585489009,2.78760024275661e-42
VWA2,1.10717041660385e-36,201.964198466493,78.5296514412058,266.22808430402,7.4870885426846e-51,43.9136991030733,0.000132907630553265
ICAM4,5.76620517076858,0.079915329940489,3.94805428043322e-20,1.30832875918498e-24,1328.87809621937,8.85485132716296,1.73162216620589e-28
MARCO,6.91648192944171e-48,3.50946784780755e-30,1.85511355926e-27,1.59056812547588e-19,5.8518693640962e-15,224.743136836039,5.91168782204275e-05
CHP2,1.35353963798764e-56,9.02339775354144e-112,9.61670051288964e-56,5.32009882086288e-55,1.60667551444009e-101,6.40544160920651e-59,1.6031339781607e-74
TLR9,2.47116896886797e-35,1.33474659842796e-12,3.32305366976721e-24,31.4387097615413,2.5851555179456e-42,4.0407301290502e-36,3.87947845294338e-22
SLC16A9,111.9387704952,131.897294847133,430.136685856451,49.9242489311154,5.04533738158576e-21,6.06190260246821e-40,5.89204767634431e-15
PAX7,1.78604316996332e-118,2.30869365308425e-37,2.1794323380296e-49,1256.55948138665,9.93978040954715e-67,1.02567479629886e-62,2.20486523847906e-164
C6orf105,1.38509165519519e-67,3.84497281240987e-06,4.21660480709223e-55,3.1256239350257e-49,4.39288595438495e-47,319.456943861706,4.66797871408613e-12
GAD1,1.20391269625876e-14,26.7893761790967,6.44944050077568e-12,1244.18092897762,248.15425361439,4.41838143196659e-11,8.59239238671688e-11
RNASE7,7.66219734183661e-14,1.78730355168401e-12,10.8592509739878,2.40324459926139e-30,0.162761607347256,5.87650703204736e-23,899.313710931021
SAMD11,552.575544381416,2.47057978931795,8.39724703844814e-32,1.65800181258661,1.37088355529193e-15,4.10930743180636e-19,1.5848080751921e-41
MFAP5,2.47995922810573e-38,4.26703450464966e-17,1.56889923117387e-24,1.33121773339623e-22,7.18757940168915e-21,3.70344086484969e-07,7.09385918021233e-17
MAPK10,141.890943303663,95.1858440140323,26.045481381287,7.43646471722704e-09,9.56955584887467e-18,3.89912212926627e-12,101.649407734562
MATK,65.8119629102637,4.25672369143079e-05,0.00186166372423073,6.92872685912446e-29,36.8426312144928,0.0114631201111808,1.30219444035426e-07
LTC4S,860.444221647777,5.06334803076078e-39,3.70935260513069e-11,2.11090959098797e-55,4.52295764552865e-51,5.42545608027707e-31,1.91708680280362e-50
CCL15,10.1079757504346,26.309818591541,2.71233265350445e-07,196.129840802585,1049.39230182175,6.58893106721425e-31,113.066237437187
KIAA0748,1.55129224636506e-42,1.03252074375742e-33,2.05888192258489e-50,5.82094768272848e-46,3.1957234695814e-52,5.72338660550686e-19,5.79449783349324e-47
EGR3,2.65402813325979e-13,98.8398518438786,45.1261309083558,9.23143694472748e-28,7.0174809161313e-21,104.837264216578,18.1427089459938
CHI3L2,219.458717529615,2.10208784287614e-42,1.37736116456403e-73,3.38895677165138e-57,1.83322876428892e-73,2.63249572531858e-05,1.38710421632195e-56
BSN,12.9251439554458,54.1406769406506,1250.52158274449,17.8020215551289,138.754480055137,0.365799365007207,0.00192788140534294
CDK5R1,0.159264337610756,31.8171994407247,27.0354481200563,141.443207167095,87.5556789862439,0.030781643914803,126.854430418502
GPR64,2.19650451797159e-08,54.7062646076326,739.453299472183,0.00116882135216037,776.982399046223,3.10184605389164e-25,6.53031313351376e-43
FCAMR,5.19279685233065e-47,6.4746581901955e-36,1.38658549586509e-63,1.17330591967111e-53,1.53349897259869e-52,3.09685535840226e-12,3.19731304453027e-16
SLC7A9,33.3443199706947,44.8540427225011,1160.63940987358,0.00991271950637287,362.203411703247,4.40433116881278e-23,125.976517636847
C2orf82,181.378636100891,256.088820961239,6.93072819783709e-45,4.5932470763999e-48,8.80484868460719e-17,3.11059449255262e-49,1.12902330391646e-26
E2F7,4.59667362356262e-11,41.3533812813316,2.53417416742313e-12,55.486008003439,44.1709796735808,230.21308261241,0.008523176051794
C2orf89,6.49119258881287e-36,5.5882963697581e-25,7.24971209316795e-33,1.58730400478904e-05,1.37485049256621e-32,1.06636402930051e-09,6.97741626540209e-39
STAP1,4.9379619734511e-81,1.22734757394502e-60,4.2812371639919e-77,1.92184722362955e-79,3.89169435841278e-77,1.23016654762827e-54,3.19537875956347e-76
EDAR,149.83488184466,125.213186224748,6.86205719718537,991.823946848114,1.34692967026829e-26,1.22934422043746e-30,256.249869990244
EN1,258.670525329114,0.000330029023109478,4.47535291828113e-57,0.0284723718128051,1.79194002786973e-95,2.95948876112213e-74,781.409450427518
C1orf88,465.989293162071,132.433899888466,5.07091709764775e-36,0.0163302298531525,9.34596097524789e-32,0.0412057219167794,1.09498283550383e-07
GZMM,16.9817800930674,3.14438556458765e-31,1.34307393623136e-37,1.13762845984877e-33,28.4773947429825,8.51482336194842e-42,1.71527925400587e-45
CA13,4.0401993036507e-25,41.4585568803227,258.872072421845,183.450649994725,1.03746626356846e-38,303.21929261502,4.66845690632446e-31
IL6,1.65177676732451e-52,101.184662377789,2.08724806477476e-32,2.16667132184957e-42,7.53444345192013e-46,645.335668651306,1.35350298370129e-08
LPAR5,6.9512880335643e-25,29.3961416290963,92.9072139342315,143.783182339476,3.29341810735192e-38,48.1655413788641,8.21325922302064e-11
CLIC3,81.8468821863191,0.00664510663940574,3.6397772228482e-37,597.82240450953,158.173968594696,1.40765568447248e-35,5.51850606261001e-10
SSTR1,273.254436375399,44.9747695339955,324.037318610695,145.077163479098,317.022740385783,1.25009127652387e-33,591.057183459661
C3P1,8.03086151256013e-15,8.28611899973035e-12,1.10858578372605e-20,51.7916453603239,3.65226667223773e-10,1.21221253099978e-06,82.1036010581179
SLC16A12,8.44022687883176e-05,8.67538171675933e-51,31.6927911784987,1.19959167951713e-44,39.7426190072449,4.91143276405894e-44,150.628853782753
NCF1C,1.23214928957204e-28,2.48880504194789e-25,3.5245630395648e-43,1.22641636458857e-38,2.06595767434189e-19,8.20778348630778e-06,5.62108849769286e-22
IGDCC4,8.86168985456883e-40,75.629764215845,8.91237632691757e-45,0.190780257641549,1.53269128434941e-19,8.04040685322833e-29,3.57127533462922e-20
PCDHB7,0.000495262287883124,287.159929922191,132.746634072833,1.06223738080182e-10,227.559480363659,31.7363318760097,2.1712934675851e-30
PCDHGB2,3.46976780290445e-33,210.110824292395,167.219023620413,41.5609014898631,54.3552031057962,1.57845061951025e-15,160.472393475777
SLC38A11,1.64382491280146e-18,278.914428773093,311.051040536187,2.93958744632577e-43,2.03533914824897e-36,4.00288850129683,1.38362255156054e-30
MCOLN2,9.67868670643358e-18,2.41877390115142e-21,0.00831339890955525,4.48865282419177e-27,3.8149024401607e-32,49.5092352717971,4.87498250850125e-12
PCDHB11,7.24888261908182e-30,296.962211553313,153.795712535224,1.56151221121821e-16,170.267266678643,1.18652572601024e-06,134.883928838
SHBG,2.61393582646371e-16,1.85808467709239e-37,23.6015243423587,1.53925888167323,4.07889010983048e-10,4.6457504420712e-27,1.48240120109249e-30
SLC28A3,1.18851053956474e-20,431.749220915678,211.669716156785,1.12730943897747e-45,8.01936542187352e-37,23.3501408368357,1.62263086703473e-29
CD1A,94.4636235034365,142.639955049065,1.03606302606407e-48,4.60399336000667e-21,2.09622611815563e-14,231.574279427578,8.39170367461343e-66
MSX2,1.97692899936153e-10,17.5020684960361,262.95136975833,1175.20837756703,24.8720037017218,32.0335708601581,70.3057942336345
KLRK1,1.29491669218173e-08,4.56326850174844e-23,4.42109025912708e-34,1.5975362201671e-32,1.04575987713098e-14,9.68955439238313,4.16198390683667e-21
LOC100126784,2.50277077890704e-19,2.63852255127523e-20,1.47752374167933e-25,9.94335822253729e-19,44.5891878130965,622.293296829709,124.85236664905
CCDC28B,372.619655833051,22.2954401223528,2.15911783747377e-13,4.05339884381582e-07,39.8616733623066,3.34532090964085e-10,86.5970453821742
CABP1,695.593404698747,2.11722457335164e-40,1.58866311081347e-09,1.30681080914887e-30,5.72622131337539e-53,6.34446144357623e-30,251.049681315134
CHN1,7.24076797946139e-15,2.51123773939342e-06,4.86094339641272e-06,96.4037951297093,0.000208146297772984,476.198834594776,0.00086425616173868
DPEP2,1.41611263670104e-22,8.49320433886823e-15,4.7299867952879e-15,0.0107327281518625,1.95421080754033e-27,21.8144848235189,3.1062503200804e-07
SFRP1,4.98032206655765e-24,68.2623431701398,4.31264867396283e-15,8.9643111345993e-19,2.23259745938737e-19,157.249712482294,69.6039349133356
KRT86,147.320910277563,6.53885184763977e-07,1.45357576535312e-41,16.0259063163441,29.2800213642546,34.7783674999313,87.2730140097947
SDK2,1.82599307924257e-27,37.2693318184196,788.677284971447,5.60124774419451e-28,52.483937978863,1.06800627839312e-30,5.80750297653045e-18
C1orf130,139.315807203882,142.913578457209,18.1926700454543,0.534677964262513,3.00264031446039e-21,318.435341770634,82.006655990492
BMPR1B,1.68817350695747,3.06058037325082e-10,1.27901011502418e-36,328.079644874698,2.68459700921054e-50,1.07568616984926e-18,948.787682718661
THSD1P1,45.2684453038476,80.305701781988,61.0578814275419,1220.50118375917,63.3069440535521,93.9841819409337,91.8884807587041
TMEM130,4.22523702749656e-24,318.008847806251,1.06683448848969e-43,2.12314292184637e-38,1.10277724118062e-17,1.70858898997561e-05,1.3987514931332e-09
AMDHD1,38.3452435188042,111.030215147823,40.7599993877652,40.9335881826604,921.220527337153,158.46661576953,75.1823828477253
FCGR2B,11.6861829310115,17.6609115238958,0.00727175645906874,3.51760910126021e-05,1.5250729124055e-26,279.80323698598,3.05836099816702e-06
NAV3,6.7587133301329e-29,0.000132631592266717,26.1727050383812,3.08281534821769e-25,0.237289585120504,211.649406834792,5.89228007869906e-42
FAT3,39.3705679520119,3.95853175746571e-14,227.076757848656,0.00021784939859431,14.1498114488547,72.7167950428819,287.421315303206
SLC9A2,0.00156089865958294,151.758375071713,692.377355393498,44.2691643114592,1.62771042659963e-17,0.269204852841794,7.22437393083457e-08
EYA2,5.90175018005732e-18,31.1080411682014,112.874594226951,853.09095950782,7.42998902921539e-47,21.1857167953968,3.82725844702709e-42
PRR5L,5.46240366822459e-23,2.29870107704437e-07,80.886189478895,591.665826185567,1.71809698967777e-08,78.4074366590097,5.51093547787349e-24
TM4SF18,76.3198433626029,313.836009747147,90.3585745574583,5.56178517615051e-16,0.00242397474780174,150.541512874591,73.3726627709988
EBI3,0.216007816549624,1.67841159706378e-13,1.63254572632522e-18,4.55810669582008e-29,5.09936494463485e-11,4.78234014665884e-12,8.37080332007669e-12
MFSD6L,324.770976174203,351.265386396628,170.048870803256,363.142177473364,1.33216684928469e-35,2.05183427313007e-13,2.48060101863722e-06
GCNT1,2.46794255303321e-30,1.90838292147389e-21,6.77131144537582e-23,763.96202331389,7.60438766951348e-31,127.843031841162,3.42824307751946e-25
ABCG5,15.2800862399694,6.44230477846202e-17,545.386554719456,40.5010758062902,899.532030120879,1.10034043810303e-11,2.57604821847747e-08
CLSTN2,75.1583773378139,2.45309895198003e-08,235.69376756413,0.00222560159976286,5.26237562958698e-30,0.00100995056862611,155.078722932065
PCDHGB7,2.14380411817744e-11,289.662366310627,155.531072864704,0.00280369832247551,38.4175082351447,262.594728182647,2.19777648321045e-16
STMN2,237.939114700818,89.8598710783592,3.70229023567579e-09,1.14816239594602e-20,1.81849833415348e-13,70.6466695628986,7.82967883368304e-11
PPFIA3,232.087575751232,42.7843564197567,368.402936408737,62.902030120647,767.693333021488,158.081560139772,67.2151334916258
AP3B2,40.8611331977273,71.0660312279192,879.013470425321,1.05289473852561e-12,23.5685305248337,13.8715720511087,128.623542672028
PAPPA,5.79207046273468e-31,1.28666998979193e-07,8.00414009493157e-14,353.919527750245,1.47104508484986e-35,45.1225269762548,8.54504829908179e-25
UGT8,4.7973579280372e-08,2.50397388125978e-11,1.56456486782177e-11,108.848425850455,2.43005801367447e-18,104.115303845609,9.46672745438707e-07
CLEC2B,105.644993477609,22.2042721687896,237.0679629647,8.01154090933625e-06,0.030702564389036,110.919894549595,2.05107934216006
C19orf51,562.203229577457,98.1136674697034,48.0896686555594,40.553383110537,2.43016396836801e-14,39.4951649070805,148.328662207474
PRODH2,109.785340213503,1.29506275377336e-24,0.0089803549314026,54.759499159559,250.405651397075,94.3742017334043,333.021084109697
HSPA7,0.326157839997454,96.4788360537468,30.0246344722208,63.4450126465745,0.00111670316462849,154.173725471493,189.387687844256
ATF7IP2,1.16276454721623e-06,193.900319282675,259.808025738339,183.38411724033,386.741543827128,64.7580546348694,2.72555908293883e-19
TNFSF4,5.87067029946598e-26,42.8187000742504,56.10166864759,9.82934258114897e-06,800.697225723282,254.06598011107,7.4914921570479e-31
MYOM2,212.547947328132,150.130801180234,32.3920453281489,31.3916717226037,47.5398418384005,8.47868975325813e-19,0.00136967138322517
FOLH1,1.24187794860476e-17,45.0391298155215,475.670783971359,67.427485599728,4.44551118739516e-08,4.21983208350789,16.8652095188282
SLCO1B3,1.33958275931863e-08,1.1771718078305e-28,1.97629865937885e-19,359.594421485892,4.39863115822412e-18,2.09024269352056e-41,1.27858562333018e-27
GPR37,6.5220306016868e-16,185.936224181516,315.607253301929,65.79608645486,855.105130124565,0.403512857323423,195.405347181287
RNFT2,205.358789680783,77.4155859235558,2.22456035653788e-17,1031.00533227068,0.00112406274554783,115.89401504061,120.374910675155
SEMA6D,243.461247179451,124.833320221142,116.584998696617,5.94825835396101e-08,1.71157175086781e-14,145.72919457404,0.00329382091497627
TNFRSF4,45.6683795759358,46.6761956301845,43.4600154394462,0.00130286499566846,0.00177819103459323,42.3180574887211,0.124979633037576
ATP8A2,3.27341670224034,77.8791960059728,295.908749884145,7.79438749634266e-22,0.245828502383733,279.220403662563,0.00361708306371863
SELP,101.691763131985,2.65744884957784e-11,4.20215503793249e-16,5.17219878965108e-07,5.09532114900655e-21,145.239513364955,2.78078629625483e-14
ZFHX4,6.73852104937508e-31,276.952002650932,1.14942040298547,349.905196398676,134.02844000419,3.59294506081857e-17,3.3521590388314e-31
ABCA12,9.80796912712334e-25,102.553230331055,1.79485095704954e-27,10.4190221891716,1.44484637070925e-17,1.33047267956784e-12,218.411563173858
B4GALNT2,99.4800760109333,155.119861717056,36.4920647479656,1.22036638830867e-08,2.46750033917429e-25,257.981327687799,113.125606165552
CCL3,4.37299368497437e-13,1.16530617460566e-09,7.86613720950159e-14,1.83936391474316e-36,8.75607588633905e-30,121.337489638425,6.78303225165496e-22
CAPN3,138.841855596887,90.6239334211951,251.246652145851,500.780177260269,3.95474218567365,3.10967771815851e-20,98.7588519308321
ZNF542,20.4451681527487,196.702745369,487.302465714227,232.017235654394,221.362582311318,0.434956434154444,2.27027615486313e-19
RDH12,67.8765693085052,91.9072961078582,63.4450061622502,2.12822607675328e-21,32.5686906754708,0.000160679568039806,858.106453914955
NPTX1,1.73206090951261,73.8987171146726,0.00139870793278043,2.13528106669498e-30,3.48396310491491e-14,214.06672499097,216.198508446894
PBK,119.973840282442,119.313165516351,39.810761852342,289.705530558349,285.366989025285,208.894734646705,85.9698155451637
SPTLC3,92.4761950808395,203.268136315939,1018.08913558913,7.39870620645034e-12,245.699735586421,89.2500754487676,2.62196494005317e-05
HLA-G,2.4766245786194e-14,3.52759032737754e-10,8.51319674693312e-14,2.65882933849566e-27,130.551319326317,40.8483002738988,301.375318325988
C9orf45,60.8619217150518,173.670227132178,149.371778332425,315.928965666517,198.351264415072,49.5471974266742,4.5198050910677e-06
CAMK2N2,179.06086749121,73.0946000606595,209.206693450163,6.49129577994307e-06,1073.06116179016,319.107304476918,85.9038507693823
PCDHGB6,4.11491700345236e-30,76.4700247139713,718.119777017886,37.2105736534879,396.853229523917,61.2495395618096,3.46003673971521e-18
PPP1R1A,132.496766172401,61.65992862931,31.2052936571433,1.75458686960509e-08,967.327953074529,1.08368323562862e-20,71.6744615641821
HRH1,0.379511455451244,190.981944067245,322.643334188139,9.56868215128403,4.03629919278136e-06,40.7250511677519,100.954069137515
LOC728392,88.1280988499313,16.5403032960456,64.3073897158056,7.05734436382697,5.93528118804325e-10,0.0270275542676125,0.00536793167684525
RASGRF2,0.000370000857355247,11.0560296258708,81.1614967108437,0.984249659176537,24.7616169885661,607.15262024576,717.647073922393
RHOJ,3.78390629921938e-26,405.172140056041,58.3488296844385,27.0719287622882,31.6974287664609,37.1481014055614,4.63023248658785e-12
ARID3A,3.18968463530738e-24,128.318703283213,44.9684765236372,91.5513519285868,15.3379374939794,1.97654155810059e-17,0.0919317728660951
GIMAP2,5.55177638161863e-19,0.0110121661686609,116.86111060156,40.5058837127958,38.1963453847374,32.6499321318627,6.29436936228615e-05
TNFSF12-TNFSF13,569.317755889514,4.3517097383889e-23,9.66513281573153e-11,1.64399271103421e-17,2.72894772131526e-42,278.471617443542,8.44016473151782e-09
GUSBP3,340.297827020355,128.240283111963,0.000489800205756076,0.607778975158428,82.7275973124801,147.394784639338,421.012566143942
LILRB1,6.8358458303103e-19,1.98081313084185e-09,1.39229658263528e-12,9.64638937652081e-21,1.54851334478607e-14,77.2008012529996,0.00247130339022542
NPM2,412.783281901679,285.939196952592,65.395670031626,27.9728867459034,101.348984464143,179.412060051049,434.577108010753
CHST11,2.08702019042998e-21,61.33176952381,152.467774318638,7.27122092978277e-13,123.858919100511,329.590395223392,6.88955760640743e-19
LETM2,3.95498414776329e-24,93.6786031630199,4.71463851376071e-13,18.004124924691,27.626249638611,135.266523098516,58.9567767164902
TMEM198,148.606097750889,131.470499370162,622.411057986865,119.609805130893,928.103552811279,108.321427584583,162.499360793142
PDE3A,3.32906635288022e-37,188.566112590223,76.7586563121928,305.826315952843,1.29857796386499e-18,3.70798071404195,552.81888596581
LST1,290.462049735637,1.61614596140621e-10,4.07406875163963e-17,1.03723661462536,2.2367798948842e-10,184.988176842384,1.66937924306248e-07
IL4I1,58.8586062143803,29.6530049137635,3.68148347692274e-17,34.4879207980855,0.00920424715697904,310.417179824303,52.6343733664655
C5orf39,53.1256338483833,63.958793017078,5.09837818435274e-15,1.20335130255997e-05,173.180894800608,0.0059342510102647,0.00117705462620033
LRP12,4.13560040155268e-23,109.886121962638,191.254248479712,127.902259086231,67.4266457480983,274.036710818495,8.15840057035616e-25
SGCD,5.14160438474374e-09,49.3379785587782,20.0713679879731,8.64607923197275e-08,0.924721772491122,200.349147559434,1.15980727393745e-20
HIST2H2BF,6.06273712108237e-08,323.080222141208,0.039939585806247,283.038474723597,22.8178433175401,140.373882344848,253.978880510013
TNFRSF11A,8.57309209741495e-11,219.739604477769,428.266643556467,50.1396033584164,1.86314052755342e-21,216.515108789695,557.329734259155
SLC11A1,5.47423563157977e-06,103.490566273943,0.000605390412875508,366.999695482472,127.421451676864,651.849836456705,236.085869089077
FGF2,2.68765351261892,8.06405149566518e-38,70.8184691572043,6.74986028772255,6.17688978509785e-13,278.347125977726,1.47579670181749e-05
CCL28,25.0449434413136,180.432991935622,32.8794446366626,5.98746998779667e-23,1007.88777994029,32.7030694873245,82.9530615070652
PDZD2,5.16883837159352e-23,317.740437210287,35.5494331181565,62.3784236206911,39.3950545326178,3.19113677790047e-18,4.46796759005928e-15
KRT222,51.9516882831369,6.04867681572335,217.612810667144,87.9711025475603,6.62772685789164,227.743745841909,753.52185587072
HAND2,76.9637848189454,90.4316119423375,0.00490319612920107,0.00210474372131103,2.07871694457278e-08,85.8248660902725,1.67891004451632e-12
SEMA5B,35.6431549768531,392.270141212419,90.366833904385,0.000122884990780942,67.9030359948762,140.327213651395,314.849968184255
CD86,1.1285235290033,0.700706378644952,0.000106208214653069,6.46370307047712e-14,0.000693704485521562,403.85430742155,71.9864567992093
FGF1,1.31804303264483e-17,235.330080793194,155.619702206867,7.05381151747524e-15,1.61476569014379e-09,240.16037344654,8.53417503337279e-24
CHST2,3.02894560298327e-07,0.00320641776195339,180.827443513885,0.00130724289203014,77.1279476204015,160.956428898423,7.81561777757523e-16
LOC441204,291.148616111565,78.9435271434257,0.0107671021582536,6.90723640497096e-10,2.01973058676803e-18,227.100552929268,297.363271863923
ZNF300,166.788440438189,255.903064906249,253.887195123231,149.133110590367,113.577409479113,43.3145971438357,366.045687359344
ITGB3,4.38951924605208e-29,3.07958123697069,123.954543294298,1.03352144658807e-06,26.4585084747448,94.111470839533,3.80413735079013e-24
CYorf15A,134.524319585059,75.9772811664963,6.04281855372606e-45,666.494241783798,137.18794398069,0.321067998542461,3.27066763324288e-13
ELL3,132.10783558769,91.0520576536367,55.0171255516756,480.42595861201,402.273450070902,116.317433838467,141.091160593667
FBXO27,130.001008107055,23.415870622565,148.609690475962,3.33500668983363e-09,454.149706785205,81.9581392073991,291.381463129779
BAG2,6.97383472448267e-28,1.7092274188829e-05,1.81073734892237e-06,523.020841212383,0.000642363925636101,65.8692904862973,1.12599803414384e-22
FAM26F,45.3091245892654,4.62210669959449e-17,5.63085681956707e-29,8.91849523278739e-32,2.19544210561168e-15,95.819456721705,2.27675960527352e-11
HCG26,77.3483053523944,82.059638109412,26.7493705838249,1.97531933605885e-22,50.8147918561801,0.000440508651997679,183.442830378569
CARD16,114.35238853383,46.3262113579404,1.12626346458285e-08,3.02054895910726e-05,94.0441500040931,37.0496223154795,1.98997334038422e-10
ST8SIA4,9.39419718720902e-15,68.0380579928778,55.3943735346293,70.9326523624595,0.0152260037475818,168.88122253051,0.242310178887749
MDGA1,80.2964324221418,57.350106335243,561.637477919622,6.61096960569213,5.25734279029701e-05,7.63917079807351e-06,48.1048323249656
ZNF703,4.4174534859897e-27,63.1906202513949,44.4155944748874,875.40496546002,0.00381579225946978,79.1877025934636,40.2641239677653
HIVEP3,1.191939205428,108.944299513597,266.859964316953,6.48246108693682e-24,37.2821288311936,239.947336402404,1.49685125707827e-18
GSTO2,151.267721625023,238.904188276156,0.000193307799211351,271.278164512966,583.295462071469,4.70790987384707e-07,142.007662969727
TRPM2,74.8433379740857,40.5201264835607,8.0212918134993e-06,211.431733372832,156.215473616985,198.064128958865,42.9802845360599
PNPLA3,6.67697884862769e-08,216.953160605231,5.44948160470913e-08,49.2757704678726,237.092484613139,390.401207815292,58.4164129293056
PCDHB10,24.9131414252332,302.777107208001,118.448503709067,0.000953206338974328,118.378685481145,1.17905228356171e-09,56.3983896479498
PCDHB9,117.193880592894,204.067390359274,109.550332377714,10.4031177203695,141.135680972453,2.85773622361056e-11,82.1023783421717
HIST1H2BC,5.60238157783749e-08,197.107006356248,161.443419424093,30.4057115829638,11.8342789461681,90.3225709257877,850.378134814462
MARCH3,0.406711580120279,341.19296350112,87.2442975401425,2.58241051335007e-25,50.5487771267618,317.868714969197,69.7315643036776
PRSS12,8.55428291417197e-14,98.9745637182112,2.78595591539908e-05,82.5156793229618,15.1488991983343,531.722742829192,1.11092628091857e-16
C12orf34,363.606142181371,186.544452294039,315.044584336279,578.38996813758,606.940931704909,6.33415908118023e-16,7.62185195380095
CPXM1,2.27722278820313e-05,82.2579306707442,21.3115942825334,1.05720608175661,0.6994503576815,245.444518091685,37.4844377550372
FGR,41.8471914899887,7.06300431770885,0.015247313070098,54.0155019796728,0.00123744393374106,265.473215494642,0.00032037546084845
FAR2,4.64831811203427,265.831667018194,407.634814512186,4.00588592570532e-11,6.43133590249177e-11,212.418477430795,0.000305768362416804
IQCG,98.9749424781082,53.6797520827747,72.7213582471175,170.224808568925,36.1344408603979,171.753703423114,0.00554544964613089
TTYH2,3.05248184082738e-10,191.064528028069,137.91530267241,7.43468154243503e-07,126.851711977792,138.807780871374,9.81722573228986e-08
KCNK6,68.8408847901091,28.2684967458794,99.0849741639318,243.735366264682,0.553479678929945,592.651506274511,346.067277941785
DEPDC1,78.2532056901187,46.9538512245348,1.79534119870421e-11,332.167343519214,273.432242209799,187.201724811887,0.00740535432517834
MEIS3P1,76.2719500889525,73.7334199546702,268.615134584649,665.542403106193,0.0115600119955012,52.0931574551834,186.325420315469
GSTT2,158.990651261544,168.281320471025,56.1852298960929,76.3066774836528,146.114324266678,276.45823291545,9.71503527750228
ASPHD2,0.220343659796066,70.9076318379911,118.596012410219,30.5297351723979,69.6834133827896,60.3824501875745,154.363679814534
MS4A4A,3.4292561384322e-15,3.47538535737301e-10,45.8242434385115,1.37287204704901e-29,0.769280712009893,272.000447569533,1.60485173195844e-05
KHDRBS3,3.38924683395232e-17,126.443299041603,45.0333905333453,40.8526435907446,221.304602117499,55.9379797438062,5.33773162768233e-24
RNF125,1.75025095346687e-25,8.42465170469511e-16,672.126537023986,42.5874408844576,307.989417467388,107.034251732515,1.65026387336719e-23
TUB,6.60776123784923e-05,245.53883667119,268.914826478449,0.00239845138789905,101.466075710161,6.3204518485603e-15,15.3601997510338
CCR5,2.58477525267207e-06,1.38523809129996e-05,2.46738138738486e-12,5.52787833251427e-26,8.7590763991093e-13,55.1196075436181,9.23063285821338e-16
STON1,6.67398760058522e-07,184.884219510546,231.104904155564,103.987624906515,2.45722163479487e-08,5.15848672743169,1.38721185972843e-24
ASAP3,51.1802220183141,32.8529417692052,197.133381044963,40.1311353004436,706.225575017471,146.211758003398,7.11221961779455
BACH2,4.26563831139347e-08,95.2671615036168,458.984763923587,147.119454974926,56.7718933501686,20.8810588107981,54.2194975758729
NCRNA00105,268.750259036578,130.207915751793,0.559509610637473,566.148264157341,287.221206025983,152.80140744807,314.567782642382
VPS37D,441.233665864183,58.2601387012287,106.650209320221,206.131000331634,3.10851608862601e-14,0.0493873558305194,609.933613823539
MNS1,628.561082520788,89.1863325257784,0.000321793342657677,60.4874092934573,52.6726394510971,102.468244417934,138.477762706598
ARHGAP42,47.9479093248725,105.003190113699,264.998503690636,0.0149545278529618,75.4934921263704,59.1811394460939,217.984924546325
LPAR1,3.13700485850047e-23,139.417978010487,3.28092504240444e-22,210.332784654682,0.168405939499417,91.1432979673524,0.859767093160505
C1orf104,67.5929055067177,349.420972252953,42.2761216621286,309.91063833794,71.1888606591428,3.13080716138325e-09,162.339202130229
ADAT2,14.5118278558046,165.697694390298,130.353622600442,848.141300488607,260.143508033669,125.501904585709,0.0363818458370434
ARL4D,58.7303779889418,0.000126059438284367,44.3383491968187,68.3176907882834,263.952102191264,144.298678539329,1.725637200039e-06
FAM107A,289.597757365342,21.7869739955912,281.982982303181,3.02756389039321e-25,97.4246533177943,66.0146906729839,6.87804066418813e-18
KCTD14,2.56157986237878e-09,182.965999268826,138.156709521698,249.255521643308,8.54513193557449e-31,92.568746194588,0.510628687414179
IL15,338.758793175415,67.5048535179023,0.980959684800026,0.358182155891374,0.00330032043542566,237.031812643755,249.779046085255
GTF2H2,96.4125873694731,214.824092548811,2.16628443031546,0.570879719613875,180.234510097972,0.0183251387522177,270.775028741265
NEIL1,232.649839184351,308.104748122933,322.445279677152,222.718922972138,124.699913255084,10.9302099057451,41.9970875810668
ADA,86.8184161878806,52.5589778950807,176.400632076355,181.744734222035,144.132098979249,132.201238075718,97.6643608790344
RARB,22.7845472487055,61.7217407563568,144.606830426668,101.002671350648,0.0489083230359335,676.58820422927,18.948254427979
C4orf48,734.649552941439,28.4390052419139,82.9761913703843,38.2704164436177,13.7486129849755,214.16851629807,155.41939404644
GLCCI1,1.07479486539862e-15,74.0778320314627,420.640199594746,250.216293790381,123.668620401345,54.0757946829511,1.68517501199532e-19
OVOL2,517.496503136089,248.099058656325,151.53500845188,446.906181969402,3.66346754987656e-12,49.7342719732016,250.221848766537
SERINC5,3.54678934599387e-24,247.920386989914,269.828810122422,348.62302979238,234.862451030723,151.921306285845,2.17160421417185e-21
LOC100216545,196.53499904532,94.5178998441573,45.2719737931535,286.5528934067,67.2598347444996,136.705660933307,98.5174569559855
MYBL1,56.9608702799123,195.130310599639,25.404655291211,16.5879695061607,54.4021792541357,379.086606055128,48.6249663903004
SLC2A12,72.3535848847236,317.014218458726,368.839319270767,262.588715719494,39.96694203008,62.3562647868559,0.107410263534276
PVT1,80.9777726036303,260.414123103063,9.14120451241811e-13,801.828052781668,7.87764682301573e-27,240.075149863608,0.00721771645965739
CCDC78,56.2485149979872,45.9811252804534,15.6098455159038,109.117864952724,16.7032897721192,582.392002768747,181.621779460463
MYCL1,97.9434086303543,208.374145687541,0.0107594948171772,365.706681804124,268.099103676668,2.44549170842895e-14,5.32912362838707e-05
RNF24,2.27047118675662e-16,325.687074846567,104.131011157773,543.651070307586,31.5702744983539,242.427374065911,1.55909409283905e-06
SYT17,0.656471022996928,162.331192547196,279.811865762231,137.880227924968,317.485494850345,227.571743813401,138.633313256502
OXER1,681.722591675001,64.6342894171332,464.65160528682,0.0131274187389317,157.710758439147,17.7573559935325,56.1570342013751
SOX18,532.034287523302,112.414171190238,156.118122041116,105.444402872225,75.4293867298584,2.00627321933954e-08,4.3940050968402e-13
SULT1A2,205.110968846165,222.780449912216,0.797966810288806,0.0221335646032792,199.628573100486,0.0291022946075769,238.53089983083
NEK3,62.0482574765893,83.6439101438659,298.168957873039,850.013500994133,7.59637743485794e-07,55.9243066224739,85.9139690248027
PTRH1,806.468720866657,62.9399501274244,95.9913713743411,110.71503327423,191.357233536931,239.670095222636,119.836720414171
RELL2,64.2582101423215,83.9077254043358,283.252227045787,35.43475158793,67.7453790401082,291.473265293247,279.014811463429
B9D2,799.857274575103,123.644605383484,66.3786075775182,64.3388419789463,154.187286080534,381.097950710173,0.407368211493396
MAN1C1,2.65286252492273e-06,46.4223894536477,146.86052099265,7.068395359461e-11,14.471318964835,40.4295379160017,1.41681841531237e-11
NDC80,142.755384416904,94.566239031448,3.5396939591188e-05,286.080782754549,380.45172693285,106.684238295383,67.8249576093652
SMPDL3B,120.040278438527,204.283189999805,198.789414235336,320.98069481595,6.26148828485047e-39,73.6606748724342,120.742976529275
DACT1,12.2373119738606,195.600750586089,107.577916048768,22.5217325717759,3.95921377984498e-08,157.62319484761,0.0013518668906469
ADAMTSL5,269.727983468339,164.096120903722,1.30179338906347e-07,43.2627624580275,85.64564518012,470.228644837807,110.135722276778
PADI2,246.290509046382,156.244748696276,13.8291504665063,114.216354796138,0.217154250814068,91.9934309391804,429.77248682206
TRIM6,41.8724342925706,117.821138023999,90.309482017383,55.7205311577064,25.5822054034823,424.585412106223,213.407223680362
NR3C2,61.2106489127905,319.58563470839,319.281595342933,45.343434619403,197.638598585845,64.6390312603021,5.10703314008875e-17
C3AR1,2.03479000438001,64.9953466747165,36.2849598706891,5.26757379165864e-19,0.00486694188695072,274.631459277936,0.442205611399326
RASGRP1,9.80950271362722,60.0778171384921,1.69901113767974e-21,107.944402469475,9.72856727833333e-25,138.229771357891,2.37653232869712e-18
TLR1,29.1731305238391,275.906408106336,174.731704618008,0.027237680062625,41.4213027640626,118.410249319866,3.05413014478003e-06
TMEM20,81.1040880083147,155.269550196709,221.451485687859,99.3794988043409,64.701293558345,112.190329180412,78.8115691158865
FUT1,123.481689947834,336.134945203645,44.1934235684059,139.613276523589,83.8925181001048,22.0345723530866,29.6471009553699
GRASP,410.806479430912,60.2024679551733,111.368707737991,39.6070297885861,8.09772517828502,146.311285525715,26.4155301740308
ZNF165,191.53162901232,150.698730997555,75.4499290378886,97.066650369368,328.499407284109,65.3097317068544,166.259886791761
TMTC1,2.52089860240635,93.0683948622194,151.399246223047,5.94517361055144e-21,27.0364985703212,83.159960288965,7.89478299254649e-27
CACNB1,106.641982134054,136.608228060151,93.8646702952816,99.57240491102,7.75414969033139e-17,179.894788034769,116.718591302292
TRERF1,7.58485552965185,191.637891282004,60.0472444844903,146.967178093611,0.0314317365527203,0.105363653435663,234.564356392877
CCDC77,440.161396706884,187.851651304029,114.995480912681,407.090692884597,123.614808695276,96.5088703635743,32.8297806333792
HERC5,13.2317348972588,225.546826233831,116.792555794863,1.55875526250535e-19,68.4880088974987,45.1210596561376,0.00337672725347026
FAM164A,29.3314586793658,275.106708230477,161.982361220324,39.8376842826903,6.32889053352332,267.110399901493,203.514423428143
DLL1,11.212985086637,36.070752823269,132.657198924242,227.924308563968,522.214452079791,13.5586363698659,316.282578274038
CSF3R,0.000299658089471512,58.3862577352733,0.0429424521948393,629.409275371805,3.85594981592003e-05,317.78459352799,55.4961603497418
C1orf126,401.021162764119,99.7950550394622,0.00737197416555016,0.000124766329737759,0.0157100696116626,100.91580990306,515.18882084483
NFAM1,0.632549503636547,97.4407602024212,41.3201864521087,0.048106511953847,31.0120750474407,220.523822723016,28.4593021515999
RIMKLA,325.383313540146,166.031639517524,74.4933949534979,228.326896569828,0.00919139505574176,234.649520243553,104.844571372804
C10orf72,3.44644747665628,147.139496865497,470.858718060383,27.101580572922,211.90941517541,1.96685070141633,9.60243176564277e-10
PTAFR,4.69718504210555e-15,212.105703528249,1.90908275061821e-06,2.13090042137913e-16,0.000142471698172706,71.0212739985503,18.6375792015285
C5orf45,614.589876144627,139.919533100181,122.118602818446,92.5427137448885,158.936963818321,237.989907002291,2.19468778176813
TEK,18.319258264,114.116137579091,285.120689492094,4.61832500869062,0.114156000362334,28.4117881683508,2.97145096760767e-09
CYYR1,147.430266722268,108.94478039235,251.475358191217,13.686025910176,53.1139174995669,0.0417922163411913,15.1268584102014
FLJ35776,179.156001934859,274.864161211913,0.00296532924368273,567.613810110149,64.5070428486257,145.27045239286,77.5065582649084
IL1RN,5.4770800023183e-31,1.78471355708243e-25,29204.346251407,2.04740891634688e-33,1499.68280248449,0.0251392933300467,311.759728659658
TFF3,10253.300653325,1.21528069085171e-21,1.409586778915e-55,6185.93806331505,8.95688722116268e-64,4.49009854179042e-105,1829.5997140355
C6,377.352561727527,4.31377198055898,437.690125089872,6.33335705040389e-18,29523.3348086843,6.22218955830924e-12,3.49788616353692e-28
GABRP,3.0976799773423e-39,2942.40211734844,1.63007507086227e-44,2.0796169511263e-70,2.31861375383045e-82,3943.3309847249,7.28310539941865e-16
F2,2.25379162878327e-05,4.49483292564589e-19,0.000272729104184989,0.10012787443156,25370.2706408897,463.258012514861,107.174173264518
LAMA1,1.01574414364717e-73,1.63842814378825e-11,3.95647504816602e-44,6.41821782861593e-23,1.18491230997879e-58,4.48624959696335e-63,3.9027450189165e-57
PIGR,15174.5525092041,6.94459120652494,2.59442950408857e-08,4.80712194304769e-34,5175.47918108506,4.39765465110928e-12,3.87725572449458e-14
CTSE,2.5738328837066e-14,2220.96784020074,15.6418231769193,1.33384039462916e-23,5.6755734150209e-33,3.48131796270727e-56,5.42974003876666e-30
AGR2,1.8592947951883e-57,8.75638269035217e-45,1.65752343389297e-42,19401.7553046643,1.30919789699792e-44,4.19786798278527e-39,4.46302860356485e-31
AOX1,877.957257470743,7.45263985368729e-16,25923.4228070884,0.000134482275301503,3469.46091533623,849.567703322062,2.99687337155343e-21
COL17A1,3.6084166091729e-60,1.68891649125677e-104,9.56255662412297e-16,1970.40328265774,1.36303685478643e-27,1.18335195447359e-100,3.50764848449587e-32
RGS4,1.36202274823883,2153.52111591483,292.678120816302,2.25668366692762e-20,1.78161839720781e-14,4794.838232142,13758.7842104615
SAA1,5321.70801631565,1.03056054911218e-13,6.21626312318053e-21,106.370440798706,2113.8015035643,852.974228367159,5023.45523794918
TPPP3,21225.8851238723,3.43067495951777e-23,1.03708122159224e-11,1056.73894796751,6.31407426535289e-31,3.17285228876797e-24,3.90956328713856
LBP,1.32249299927419e-07,7.41279635348382e-34,1.59143862893894e-38,3.65441160940167e-32,17212.0510830153,6.86652754062598e-08,1945.97366186437
PGD,860.361972129342,707.984713157095,872.581999864775,27544.6847158622,1270.03982029421,1107.25109255607,188.442043557078
LOC25845,1.04651889616235e-16,2.90233460829927e-29,2.61434402715535e-14,1.50176063794715e-06,378.905266802679,4.38084553485691e-12,2.79683678804302e-29
GRAMD4,664.576273868355,843.15895895713,26017.2119168743,2118.78920220929,2470.52919977465,375.076754589764,1755.87406516004
CD79A,1.58578204641082e-80,7.90770335470141e-58,6.91413293808532e-76,1.50504342621278e-67,3.32013448262755e-80,1.34014730845269e-61,2.0233287936475e-92
ACE,165.82575396662,615.021925480689,24970.3148293288,1.05490918912907e-11,1.32305480809472e-49,2.78303706705178e-07,5.53789231522812
SLC7A5,2.32166812649038e-21,0.00775362570616063,1.51356211337692e-34,25182.8411981054,0.000185343696266252,1048.98067742188,2.08014425096904e-06
ARHGDIB,215.289997441027,394.596163764627,556.707589966317,719.087113709182,0.000535139747327295,1717.13953943222,4.97041011710113e-05
CD37,2.4278652726989e-48,3.98151563081145e-41,1.49379711933924e-55,1.17961290263858e-50,1.02818603359979e-53,3.96184151890667e-29,3.70711746662767e-38
DKK1,2300.55180008518,2.0123908438661e-51,1468.3973246301,1916.29584685844,2.50934531363833e-25,3819.66742619604,4155.01084676902
MS4A1,1.65301497009175e-98,8.96391940991488e-69,2.03617501264316e-86,3.15908780791969e-97,2.14006576499939e-85,3.13436330149491e-61,1.72209939409647e-93
C7,4.46936696311159e-09,2339.72373014639,0.00997599410373881,3.28239937271772e-22,4.94878184833201,301.531921365798,6.77699720026117e-26
MME,4.31859704375724e-49,1.64274773960827e-66,1.04295208918468e-47,1.34624063873882,9.06661639940883e-109,1.48961547153085e-43,2.66551617794677e-62
TTYH1,0.00118497920277914,5768.16940042449,1.25346372792337e-40,8318.3643259409,2.056846892468e-23,7.48467156632211e-15,4.63117750125954e-20
UGT2B15,4977.43512742807,3886.19474452849,582.977782230706,0.001565781684648,406.787269714162,2.17569504616097e-25,3.29921235378524e-24
INHA,6.75625299619377e-25,317.604832341335,23921.4479655091,369.263342510563,1.14523670797481e-39,3.57758271595374e-33,3.85567876257535e-37
A1BG,0.0495435320391022,4.86764741491992e-26,1.91460814383143,382.072710189375,24.599446517998,213.956202593955,2.7241666884188e-11
CLDN3,20733.1173876375,814.406692508965,9.6715609411867e-29,3362.42068508601,0.0893819362731858,0.353526556602874,2518.61515017751
SAA2,1307.74082652282,7.13936278686547e-11,1.32680458520104e-14,2.02875336666773e-23,1595.79393129116,744.018709990929,3715.92403213151
KRT6B,3.01031816253649e-71,2.97381599685646e-06,7861.39382338643,13349.6288218026,4.86721236482674e-67,412.06937372863,6.14646798263338e-60
PTGDS,1118.35626570382,208.337063201177,5.73297173838472e-43,6.39987677614056e-19,1882.83079468161,1.12771313744779e-12,2.71280717746017e-36
COTL1,1060.74973373041,4.33921693599581e-12,1.29440297205207e-07,1.28503119243802e-05,2.06184661814885e-07,3386.9694029569,252.564215913326
S100A4,642.685383385615,893.924910613888,18.924818944939,4606.67923103352,7.48299375592078e-40,262.278806609672,6.4256183579932e-09
RAC2,199.001923690389,455.471416366941,8.11275282696765e-19,0.00264300199528283,7.78088796383735e-20,1771.04256766494,1549.11125099521
ITIH3,4.06781006951366e-07,0.888662328915203,4.81864826780893e-18,436.340427871856,13488.0469807801,0.0933678012828446,6.35933134492736e-22
UCA1,1411.58187260385,1388.16602970153,0.119115361791038,5.70566411201748e-33,2.47254768396248e-10,0.0314562273964801,14417.1141551604
MUC20,7276.22568430416,136.77515744273,572.002300679042,641.408733633742,1642.97801247806,361.683883971194,9081.20382381779
SRXN1,331.076369730623,1220.74249770247,1209.40983672845,23152.2226637198,6171.64533855988,1005.10292332566,908.10566298197
OAF,1148.24612071563,289.932804401628,21780.0190526634,2.14918622206509e-05,8407.42205013285,2893.16933425768,2394.91673280561
ONECUT2,3512.48640200661,2151.517184057,650.526162973568,0.156548685878961,1416.91138700361,3.62782787490897,18454.8819251174
PODXL,0.0129452428447648,634.826263750806,13420.3504398235,16.5324646903623,976.140957288575,2377.544493592,3.18800662846773e-12
TXNRD1,1020.62165600041,943.943906012775,501.451434617543,18824.1690263473,2812.38544124964,2363.28868744602,262.767418513811
GPR126,6.01837929189369e-29,2895.02119246555,693.563670735447,470.954566644883,3514.68030270787,2939.21837889624,2144.2417217353
LCN2,7200.60845279101,2.28379020682616e-29,3.117343156656e-32,4415.63555170876,7.58982029457772e-11,767.242578314101,1.0112001909835e-05
SERPINF1,2724.34115680951,3406.09025670473,0.164676219130577,1.58529893124846e-11,12887.6582151693,643.383583313663,0.000232019696614439
LRIG3,1.02273795145379e-07,6380.38901414867,2.93440295221101e-10,1737.76859109225,102.4863483082,2778.18024546954,4.40718999320118e-18
KIAA1598,494.241182834394,6383.51093389091,1598.06236334498,1560.62656964028,2734.6407561908,616.049939778774,1971.0871579513
HKDC1,3307.74725624854,1560.35248432982,0.000759156496161586,1167.14927982134,1113.38112214988,4772.94614192752,6377.49609543207
BIRC3,776.304477970923,1884.80088692862,532.185899018774,0.0218843508248533,2495.07445345697,4875.53962214714,2.90896449910933e-14
SERPINE2,3.82169035016202e-30,4595.85967204846,1.90059298540215e-20,6.743806385053e-18,2.30532460232962e-16,2308.18400775618,13552.5247625049
APOL1,437.874747162077,7.38827457900476e-09,0.185484557826517,888.238471625285,5567.67758768953,3339.91240197189,681.433238154425
AHNAK2,1.24637131009664e-14,2725.89157742839,0.123387975302615,1294.97612390588,809.1750087549,3800.81006324624,8099.26719472921
PDZK1,5414.53088589481,787.819593479827,912.350705470765,3.03631882577495e-29,5982.7188424728,0.00612257187699907,16625.559519178
FLJ23867,2053.26514322035,8874.97460245328,833.438082197241,400.117606387787,191.178414168711,1307.01552202454,0.992223028084305
THBS2,5.45391210552214e-10,4910.59859569555,2230.32259281106,10.0628262312521,1.77152109597097,3575.95250325708,8.98975783435559e-14
LRP5,492.823025071521,3967.42501626995,2979.67824755782,20424.652766917,3587.65268708644,1443.30022106262,1556.80283857981
ISYNA1,9054.9247205551,2744.71856109574,4.46511151281384e-11,344.600276957188,980.253697377829,9.8310084500072e-26,1014.88263244956
PDCD6,3693.11603145202,1132.91978183601,1207.64626529232,3550.31478145032,3141.06372128616,1905.93052924661,1948.33142143007
IER3,3669.45886266506,7776.95293896152,0.120950240288553,2466.25069957713,0.00152846260972236,2509.12622791155,468.494403328035
SPON2,5525.56449816798,3777.76044217793,3.71121106129969e-11,1.93442659133008e-08,989.691716191678,3.46541970309523e-26,10529.7887289987
FSTL1,3.81050922101308e-10,1600.5850026816,3915.73907775918,763.897208999471,234.111829514588,2915.23792827499,6.20365338763383e-12
RARRES2,7530.05277795466,2717.56830300349,1.06883557890052e-05,1754.64504690165,10386.841883473,0.0252350663999828,56.1410746279541
KIF12,11221.0506371684,3842.42987121107,4360.04887097921,868.244090920573,76.6889168911455,3634.93641497457,6624.6353685222
CLDN10,4624.26010357911,3802.58701564243,1.90915852493483e-05,2994.40254502919,6.63085956916983e-42,2469.98990398637,16240.7472920337
NDRG2,2254.49378122221,2056.48439008595,17717.7940132379,6.06344316115267e-06,10066.5933290903,1079.2374414634,3854.04285164544
SHROOM3,3665.3226136412,4405.8576919108,2601.98184101468,5.52380147989439e-05,665.306371691538,1804.55514750117,2520.76339255596
WWC1,5604.96469215818,80.4840624138248,2913.6428794024,0.133101888119852,1591.12462875624,9489.66223019273,8129.03935947
AGPAT2,14767.1837913467,1689.96103152371,925.356962588992,1811.46505940243,6149.84995364447,4047.95704038976,1624.92373620415
TSPAN15,5378.75979278486,4990.70566490253,5490.99971711463,1549.49071754778,506.645049652824,6098.14253624612,6939.35478822185
PAH,1057.03257064756,2033.04983674078,11665.7179897772,161.603467641602,9570.9338195494,1536.40441496613,2786.27266697801
JUND,14596.2677095258,2459.31116449505,2356.66044515428,1023.55174027817,1632.87806276234,4035.84039229865,3838.36527469003
ECE1,1782.36971329377,1047.93559651456,7024.50635256244,591.787307162208,2101.29554500139,4259.52167604511,1553.97009833723
BST2,10572.7940522682,1110.53063337982,4.38908501246993e-14,6.29343012457866e-24,3458.55472964181,3.13004936164056e-23,6219.62787892684
TALDO1,5443.14526691142,938.240642052478,2451.18928623513,18301.3271603284,3279.2927940638,3804.02916586454,1514.75914129863
NRP1,502.59174597892,1524.27450158765,3487.0077015319,2.35492007134226e-12,0.0561620912093143,8288.52377614429,63.7359459001775
METTL7A,8302.27272503041,1997.34325594407,7291.2346864242,0.000702097135105951,12628.9591793952,1812.77187049889,3239.6598686884
KRT80,3524.18845301272,3363.66541854045,14470.4312383846,1327.2402962212,1.3871389613549e-18,5950.60475930155,3941.14768637404
TSC22D1,930.557177645766,1095.14311719725,3660.95257356737,13121.8996723917,1782.73598120795,7726.96702532316,3717.21784919384
FXYD5,2699.8976129667,1723.72931772195,0.000155334323019693,0.0252025442143131,3.92473901543538e-09,8081.93005027902,1457.8607144894
MGST1,2114.23341779634,1614.26106464065,3902.17808764081,7516.81588495129,11273.6883523336,1161.8504518432,211.977722868056
FGFR1,4124.82151168516,3744.84980708577,0.000474310490054025,9.36015932700674e-09,2.6140505344022e-05,2272.91220683482,4858.68368521024
TP53INP1,1023.52014495196,3721.54329326835,3972.87425225575,1.74942194265282e-07,8999.91574903376,2.33053041031878e-08,119.680078080951
GOT1,3845.1823049398,1316.96091407916,2172.38788910904,379.876087594837,13482.4907190575,4591.77940755799,5789.83439044607
CALU,1.35581970786423e-12,2828.25303833842,1993.50163676888,5256.68662888499,1487.21204190671,7211.2354507469,1797.55586998068
SLC37A4,8540.85378386463,1333.32497869322,12311.506792901,1.40435277527899e-06,4127.02413302282,2365.94245187485,4510.44927562474
RNF19A,1446.43861066354,4794.6828315076,1182.75634305963,2.69989476861131,1038.34484494704,2358.43555957852,13830.3478088537
TMEM63A,587.950546441782,8711.20326712172,1228.04543839775,4318.17040066754,1390.36634746439,1490.37033286709,0.013951737375936
SEMA6A,3268.06084506811,3907.31240243392,2321.28038838183,8.16763423642453e-13,5.7496856520868e-09,1110.9097868199,4827.8501302483
PLOD1,224.490281484251,2245.59173544355,2349.36062869835,1305.35458996396,2388.65028576857,6318.57892788954,2.69475802652694
PFKP,2328.87521537564,1510.19238870878,1.73262049950115,935.101906605211,1261.55486375311,11463.5788174822,8281.64302342085
ECHS1,7271.5798032209,1408.1869713814,4013.8598306104,2867.21978047979,15777.6400272813,2896.92559446179,2415.63987188794
NDUFA13,15911.9034970332,1362.05789014251,3318.40398997868,1567.97820973529,4146.09829839822,4434.542795964,2922.61445410201
TUBA1C,7750.19300771895,871.169150905039,1050.24027852572,3256.95521565467,2198.57490652914,4287.19234607428,1574.83361425822
FASN,1453.58758537144,2111.95093232206,2375.06563036515,7418.16220206659,11233.30731254,1843.50233191998,2533.46195463505
CRIM1,1118.17898248135,1944.30172670377,2460.05667388044,1165.36490507131,1.28203265153497e-09,7350.49188079636,4905.05534816763
SOX9,1589.53776042011,8905.07503446902,981.473442623993,4099.50440328297,421.41079192905,4360.13364759219,2364.48913008982
ATRN,952.167336159842,3947.60158522988,10599.3806512853,821.17852472294,6800.39704391798,105.343527615134,574.030271661109
STARD10,6860.19859944654,1422.70031072022,1363.74343684643,8633.48544078909,10908.3396779588,1834.99878349361,1659.20926850109
MYADM,7.98886396284875e-05,6087.21709329241,1417.71679127351,1805.18353635509,2.1518794241969,5027.46421809513,1.12807857428354e-07
CRIP2,8923.09025497443,3400.98860631557,1443.08507383545,2648.99299426588,1214.54544635094,2768.72078858387,0.00271977719000353
SPATA20,7005.64387342058,1379.4250396633,1701.77964508998,2621.1047628011,887.504287958551,3630.74216218029,8230.31572160514
TNFSF10,5076.76336502845,968.924794507353,2605.09887980298,8.21209571928821e-12,1766.76654419949,7414.45153566182,4700.08087439993
LAPTM4B,1205.84235218895,6988.36016786495,2060.28007211961,4328.63626491012,1645.77349672043,3394.0814357372,2144.11502261619
SNRPN,9890.4844692962,2767.18474329501,1893.15215704932,1847.76450773237,1260.13486586352,4337.99671705078,8884.81433188252
STIP1,3169.6973365278,1730.81326327548,1637.26944183407,4106.4080940319,4560.95118704517,7631.03119772614,4666.24447922246
CNN2,1693.47570752125,3264.81782637163,1.14811668749982e-11,5462.13285184508,1884.40742074432,3249.71716981376,1014.12502705808
PPP2R4,6173.56819453321,4719.9258116805,3981.44535532572,3873.39608839903,6349.41055463083,6117.49457696883,3860.52435396896
MLLT6,2296.08636472463,4287.54981858704,2232.50976250312,9776.58241778845,217.622767551935,2802.98380262132,492.250946902382
NDUFV1,8691.81319593268,1958.35521560297,3422.22819267926,8335.78086388531,7016.66441319963,3805.25812594228,1770.58620750861
FKBP10,2040.22605188527,3198.04841278655,3684.54410282805,2922.49155747509,9.960435517044e-10,5190.70146596095,8216.83475661277
MYOF,5.60778909997429e-07,3975.23552334644,2350.33905562942,1003.45898275791,1.04174077173249e-21,5464.54924305634,3437.73172893287
ANKRD10,2094.52993707658,7993.15225941888,956.423706394691,4196.8188468077,1287.74686134099,168.880702561251,1874.51374438358
TCIRG1,2249.61018256197,1471.94731593955,1010.37859660274,8578.18631186547,3257.817466003,3347.38162879886,2137.1449406182
DBN1,8078.27290685689,3566.24824314465,4.76443079818748e-10,2210.13383166052,1404.0951502858,3715.63876373751,4364.0990355542
KIF13B,4965.04487267286,5006.14013898533,6131.05140595466,0.001081556596178,643.975889719688,2024.66866383348,7818.71769599461
CKAP4,2855.26588911986,3606.52908888268,1083.56549752658,2802.36209843412,2340.24706808346,838.710045269835,62.2304529968045
LY6E,3046.67866196289,2300.99074329983,731.379195801264,734.470056550387,1589.79004042103,1413.18654726411,7778.71044812935
UGP2,1253.78458803712,2954.88297926327,2560.37700770561,1169.54206497498,7292.85401534434,2519.09971107654,1987.89101608205
TUBA1A,3252.63844149882,2984.34730810065,900.043010074308,0.00580918785800247,1.67049220302837e-07,4731.17358054314,2222.27280621699
SREBF1,2751.77303042719,4105.16553491209,11936.7989803798,4118.86425271037,6601.5330513252,546.790791878806,4965.30025264239
IER2,5116.48229012666,3696.80978091125,1604.07491700224,396.973031501862,816.976510407723,3915.77958394201,5860.31807681702
POR,1908.17231802468,1826.29711755909,3261.46289838058,4042.57447332591,12402.2381633605,630.235037269252,1296.24856040674
CPD,1576.77724025303,3890.04366437885,8372.57527658419,4186.81257179944,4829.25852229672,7293.62024539849,3296.32106071049
ETFB,12122.7133324186,797.886337768841,2925.2393390601,907.59574845186,2487.2317267423,1939.81078156144,4020.09917635377
WBP2,4716.50561537415,2229.66867711261,2833.54379230966,2631.18246642328,2556.86938072476,5544.88083468941,6720.79414142667
CDK5RAP3,6502.9349128151,3413.95970764264,1665.77962892294,9800.61410922417,3497.58212067597,2457.22682188073,8020.08753385014
CSDA,1157.60426820217,2828.93516676774,2.25952060469717e-05,3841.05255417473,7.08003209715609e-08,9563.38677703039,1019.65000287467
MYO1B,3778.92540723276,3427.36530296016,10697.9751422363,1315.42562659884,5710.57467851913,3258.92703304402,6123.53741591166
MLLT4,40.2612924998925,4518.7088735792,5368.20801503175,3013.78466901824,3969.68733492942,3465.5598235659,2528.33138885628
MAP4K4,38.1995672927306,4324.39867285844,2492.22005798016,2321.18543680843,2116.36508837363,5093.96372777941,3865.28100520275
EIF3K,10604.7465307606,1507.06789126783,3101.33198533922,3254.16034032137,6190.49424983909,8082.01019332414,3525.65819800869
GAS5,6587.12403852524,4347.73643701993,0.277220800288799,5927.99027664391,1177.51483894922,8637.51918203717,2315.5759240968
TMC4,8167.59237323528,4151.41960189424,3476.24839631517,1970.64321698269,0.00257452629781727,2303.80303575961,6668.17866736135
C22orf13,5930.03494417895,2276.3998872199,2569.61362936676,2128.3568114426,4870.05339160789,1955.72586417514,11292.6340201572
ARL6IP4,12575.7323287933,1589.31368231472,1488.5544546541,1849.61177819936,3186.00987868496,3015.36249138003,2123.27546134221
FARP1,3098.13203887149,6116.34806849045,1038.27946043341,2660.08841215354,1721.5865853805,4066.85845260133,4548.4334493744
ADAM9,0.204537209711007,4907.80345116235,4115.77910574594,1355.71846872728,1731.94344214395,6564.39751264995,3845.83940972067
HMGN2,5247.20252361435,1769.88828840836,3073.5453944232,7329.26279916751,5712.08291069637,1492.51121685784,1473.48840519921
FAM83H,3922.17861093391,6639.10650074526,2163.14044336566,5431.05561155535,1118.6665091851,2869.77149278233,3588.56785286695
FBL,9842.95778232193,2467.35964848015,622.931058687153,4108.82372830563,844.044606966909,7953.83259866193,571.128684914257
HIP1R,5454.3239556181,5516.32073002408,1225.16389966343,0.8317492019712,2053.34659580493,2674.76304011404,5902.90029454131
FAM107B,6076.14989986927,2405.86043338802,1645.35444591854,2294.76907365409,3984.24592892353,2093.28657326311,8975.85948717498
OGDH,1516.88462633917,1974.95158084177,3429.10320763485,2420.80764531922,7243.96272107325,3380.39536276766,2174.05921380465
TNS3,806.717871957601,2498.09168387183,2080.68888357125,4078.69780364753,1611.14616647201,5090.99049561738,2.75783473995964e-06
KCTD3,2453.87844847199,8117.0903720229,4392.56337102427,2245.7148948873,5425.00080602432,3107.99289723091,1580.3674502788
COX8A,7440.54460991824,839.802913731012,3741.90905470904,2056.94991812828,9226.40584353432,6815.13645785376,4918.26919367507
ALDH3A2,4878.1046787561,4930.63654478849,5948.8939261627,9732.66695220331,5571.28311909651,0.117636143801928,2924.39806517737
DAG1,1430.98541662282,7587.13208022903,6084.40883443074,3976.65428884277,3030.85714027105,1174.35220558017,2025.53507188277
ID2,587.168646327685,3643.12862784534,8942.12267954831,814.9362630953,2914.04366877251,4058.2201311124,7672.75961190827
INTS3,2753.86564605532,6154.93088680006,1711.88377565826,4262.47591226887,4425.41054979216,1255.78708867542,2009.67065925677
CRYZ,4399.17451068713,2412.66848747498,4195.77159356634,163.891670661912,2635.73874898116,2282.96454319753,9951.74534748647
MYO1D,1233.39998030306,4018.12983661504,4063.11179935334,2565.02157474885,1296.1784885278,3517.28864903858,2880.48041431006
GPX1,6702.27656372821,1235.26714993366,886.172735407287,2329.27446545028,2854.52828240541,4204.99545763803,2239.92423513869
PPA1,2319.39785907783,4721.58238592969,1180.72397909018,4790.4438546825,1411.162275489,5394.37581156867,3648.72519944723
LLGL2,8407.95871880618,4534.39604480047,3747.04430512422,7958.07978701914,2273.57232865791,2867.53609848896,6838.43161865547
LRRC59,1887.79174863613,1715.02746025492,1493.74117077394,5492.56923074318,5084.57749834009,6607.47899392072,6154.68587885876
NOTUM,4.60641297135257e-87,5.18169411817276e-45,2.41544721598339e-49,88488.8297092446,1.26591131641082e-55,7.01987543355558e-127,2.19446928610672e-132
TAT,5.62281215761243e-20,4.80950450711754e-27,4.49227033914948e-19,2.7219680753525e-32,91153.7974467885,0.00346613039774976,3.5020580660174e-33
PLG,5.00171245447926e-29,2.42376766811231e-31,80538.1693050632,6.39352918035672e-31,22657.1619858724,4.51721491580566e-27,5.37107227644941e-30
HMGCS2,6.37338334509559e-24,6.84617738183643e-31,79612.0814325341,3.7576093456473e-30,22506.603680037,5.71830604652765e-31,4.74688877463402e-26
ATF5,1053.87940071489,6.89786260496933,534.134732985208,4.42270344999632,86327.8865615711,636.381951030171,1043.56330515532
AGXT,3.56941235626133e-17,6.72373245993128e-34,3.86079829615029e-17,1.02184307834745e-18,84453.3464441482,3.58012372765475e-20,1.62623937648082e-30
CA9,8162.87516672386,1145.78991504249,3.77005860844217e-16,2931.07142756648,587.499310521967,14490.0625146743,36168.5870234992
APOH,37.2856446799333,5.72215195801638e-10,2505.76473410908,4.37590084079529e-07,70741.4997436721,0.000277423523952642,1.06677315130099e-18
MUC6,1.00123733601099e-44,26508.9775710833,1.2238796644244e-45,1523.4417221125,4.53660278354318e-17,4.80957251576468e-40,3.01728455062532e-52
AQP3,3070.62571368961,3588.79413918319,75928.0699177809,3749.20062366186,0.000488958320887031,680.5641716173,7181.84352565556
TXNIP,1.31474543131376e-08,1189.05549593981,6532.54885720083,11204.8608857645,15390.7076482277,2865.06043029898,0.0044770089674063
KNG1,4.51706438690184e-16,1.7774373382929e-29,1.83006109171122e-09,2.84687063593731e-19,75061.7184435879,1.33623706800128e-14,9.51710715421251e-16
SERPINE1,1.1103216007222e-23,1775.83265174332,3967.40717366479,1.83878701029416e-14,3672.39214070332,55165.6752366721,3.18487131188837e-33
SERPINA5,1285.94909548981,11311.5117323917,1.98131517579589e-10,2.15715902543324,70393.0572007774,11471.6155953046,0.893059153788616
CP,7.66003079916919e-16,4414.06651635717,1.92075120908705e-30,1359.05564630066,69177.1569510983,3943.74762344439,4.42647438845461e-29
HPX,5.78208349156524e-12,4.3947543121197e-18,6.26150608380469e-12,5.34223581583772e-13,62283.8228001793,16.8547237385198,5.91884450035608e-12
MMP7,13428.3936860024,4050.34981457958,1.02375467382011e-40,4.82452657904121e-35,3.42194421466763e-36,43797.2485011752,1.13401092657302e-15
MUC13,4.66692912321356e-11,1.20422563819281e-06,1674.45646295019,9467.35404524434,65413.4238367127,3.48977255534685e-35,17349.6096177179
FXYD2,31969.9357755309,6.89837254979808e-26,2.46294113119324e-22,2.1304761474789e-38,7.33597258718017e-15,6.93704708647061e-18,42590.7228047766
H19,0.000166602499000363,0.173368716722639,1.41405177919095e-23,46540.0036096959,3556.96497504098,3150.50056026156,2.30198560615406e-21
AKR1C1,26581.7481059238,4793.09280840082,9578.61167090936,7157.54970766202,1503.10427425351,8.19757429239721e-36,21606.2606418685
CCND3,1.61286313336274e-25,4.00622615603721e-31,1031.98735627794,6683.34286806597,4.13633474349172,5.74255150658891e-20,2.10720896910353e-38
CYP2E1,6.50517154520439e-10,2.34029555988213e-27,3.38552545203812e-13,925.225639083449,2.79457075897472e-10,2.76635746277185e-26,3.66772890481093e-35
TFPI2,3.78279217957945e-73,2.89177779476553e-70,1.3538412792304e-28,2.32615501707695e-56,3.74118477168129e-62,45309.3277142165,6.44405908238536e-66
DEFB1,41398.6373253332,7012.6882640394,3.68970323198756e-05,6.05280130093658e-25,8479.82306970346,22484.8426883377,12398.5402102358
SLC2A1,9.98335905229927e-40,2.59935641748841e-10,3.92083155743059e-15,60183.9183676121,2.82939500356088e-33,5.83248962560773e-06,8.59622223626618e-09
CFH,4776.68723338369,3028.45556984184,561.823594870647,3.74215115372697,60513.7160372065,3726.8421447857,3.43170402601123e-15
APOC1,2018.81673608658,7.63845615095239e-24,4.98171158998068e-08,976.742195889116,34985.5444680091,562.741984297607,1152.66374910208
CFTR,8437.49967109843,1.17855839109879e-22,2.27326371309407e-08,3.33060763616385e-08,4.2291538462106e-63,10982.2250628792,5.29899339770667
IGFBP5,2.12522492049961e-15,3289.04307563804,48129.1046520063,21084.1881976876,3663.09317766022,3802.13410737585,0.00166221167989746
IGF2,4536.23580320491,3178.22571509229,8.41344335138832e-27,1987.69708929488,6024.54350244429,4692.27021431302,23952.4224320169
STAT1,0.00510514204481085,16164.1690202799,1374.59153975737,3.49536349717003e-09,889.512170049999,655.918249380644,8446.61940195998
FURIN,2.95142519304031,13715.2560764333,5509.97798064839,8007.02572606583,57682.7683268592,3820.81261628723,602.907532466645
GLUL,6065.15691790619,13438.884311159,42920.4412887133,8375.80569735163,11140.6480184488,4433.19201196207,2.09308984294621e-07
THBS1,3.98570083093201e-24,9338.66257848317,1.92679938764023e-05,0.00292789490927165,3.37303519300625e-06,32461.2935977776,11.1506124537583
LGALS1,6257.82550496641,6078.86135126687,1.04690565582518e-06,1.25383210859594e-10,1754.93140943974,19006.2394832927,2937.99279239159
SLC12A2,5744.99761995825,20297.9445130148,3.06355970480679,1647.91632337908,8.02238823134238e-27,5459.21496978157,6431.39772182242
TGFBI,1093.20053262914,8611.55985456947,1.30740085164923e-08,1.42104975816501e-09,815.271085545634,32870.3891852339,2350.67731562912
ASGR2,21816.779082109,3692.79091259338,27813.7122548795,7.90529894020924e-24,28968.1350460374,3.70314801122524e-35,15697.2003440119
RPL35,33828.6590323964,3513.63356764181,1950.37647337211,18654.8682639538,5888.9129639132,20183.4919373198,3215.74504397698
LGALS4,30821.8405140176,4444.27814115137,3448.3403614199,1.6951626440881e-15,3310.8397736697,6589.14774929085,16023.0478996733
RPL26,31799.2869509214,8021.60108513438,3972.16695029916,30842.0383780911,2827.12393950601,18416.5310384297,6870.60356492447
RPL34,30319.5111456115,5429.43022508931,1478.72487210294,8509.39705311084,1.27115636545813,7815.08822548308,2239.73260002326
PMEPA1,5828.50158143618,16283.2409308672,2.27722003990805e-16,4803.61585802527,6.76002331947134e-07,22988.5849495173,1973.38518050676
RPL27,20815.0055063456,2429.49100191429,1871.45871594387,26210.8947891084,4328.04479474735,17065.0070054831,11738.5575765144
LAMC1,0.0384173025494466,25498.7210171684,5277.59060038976,4378.40536689314,1123.07208748372,6121.81625098413,0.771602146965768
IGFBP4,25649.7776078769,8.64659238190248e-05,2587.61104062044,8053.06801347845,22896.5966069352,0.00355039991901895,3513.14969869419
RPL36,34622.3569671666,4755.21834922057,2205.62436897218,12112.61936936,4486.29294521045,15051.9202332073,6555.023803413
S100A11,22182.1270276721,8830.51955575639,7.50203952610626e-06,6353.62851556306,9.97509941808003e-18,15838.2033251159,35045.7893343102
TRAM1,8286.54479718108,3569.26164443476,3629.21362359289,1.04493514069167,1614.22408678434,5882.53257258946,36864.0689644747
GLTSCR2,29869.7590738548,7162.51380883018,2663.90088919998,12065.8049916864,2600.5454360546,8650.6369281707,6827.65895940146
GPI,8660.37653926059,2964.90086556123,7280.44043294231,13846.5594345306,20305.5329634467,33961.0522029183,10896.9752219373
DST,3.46003091472673e-06,5555.40462240119,9446.37447111598,2365.86861972497,4888.44724269298,67.0211068247219,6776.35149294213
IL32,22199.6935996774,2122.51132646149,2.32658949537311e-19,1.68355928829547e-08,4888.52187014506,9608.86089927392,11203.5739141759
NEAT1,230.731167979367,11036.4331240886,8455.94882494409,11119.0443208001,4374.70343060293,12544.2342274388,36995.9525911968
CTSC,5486.34520013157,9137.66703317361,5.02608216877336,1643.78823190115,5.02111215419782e-22,5400.53359945282,32853.2393750129
SOD2,9235.4807489196,2466.58551399185,3294.3686629082,2215.11694836677,18356.6171046341,12763.7705688284,94.1192224836367
UBA52,36028.3517668133,5392.86323544993,3627.78039289712,7123.15534362436,5347.083109146,15907.0382910374,7889.36772370655
PTP4A1,1238.21567468216,9913.62871384792,25098.3853020972,19849.3194215101,17436.4647742336,3660.69634672303,11857.2442715656
COL4A1,6.426773869257e-10,14523.1777144803,14651.1466726719,4552.16989060034,2042.30406247635,8413.44545395908,0.052800325061398
ABHD2,0.150141439479829,2543.7121633239,15774.7534198432,14220.8810400814,19181.3621436259,3585.87411624727,31393.2797711395
LAMC2,5.52351553076207e-06,13981.6802584123,2908.30218340313,2686.05852445569,5.4875731700402e-19,12169.3137300762,3215.69343222409
SDC4,29913.3324009384,13067.5622315514,23316.173980373,63.2127603866076,8209.98999322053,8813.52525331043,13451.29869182
RPL35A,26263.0381101519,4618.81796250114,2045.19263017899,23528.9690732871,5681.52216703802,19299.9122468721,8987.10522010282
IGFBP7,7208.24937909997,6128.9633134933,8324.1912570892,0.0438227996556805,672.194028463119,3286.14989494926,977.018589001055
PLEC,3774.63853263287,17948.920068117,6771.69525249165,7328.41882735067,3721.29342859811,9321.54703624203,8315.94451838093
RPS15A,24596.6334356027,7148.2477217093,2499.80412108985,18802.8861839088,4263.234926188,16413.332357088,8563.09548299308
C1R,8408.73252754652,6170.93015103175,6.50685683440775e-17,7.64116637615318e-05,6942.42653345402,12539.7808171487,1.09798211110271e-05
RPS27A,25732.2087533536,6777.18296059104,2860.90490789895,18308.9759577706,3944.06964039334,17471.9196975831,5576.04783422484
TIMP2,853.214654449738,6368.34548480906,8161.96917811124,1.02941468977808,3587.83447015876,21474.6416275595,4178.02210857666
HLA-E,3045.71716494551,2821.94026765516,3344.55237885973,0.014571517275886,11299.1816099397,3621.04496335386,10620.5281957678
ELF3,20924.5235019423,7069.20967210129,2645.06889659957,20302.0639471303,77.8622931997157,12384.491953108,15000.2363368677
RPL6,26690.8184651424,9844.35176995999,3618.89207647757,9316.8511143433,3968.36455098412,17774.3401898052,5127.57747539157
LAD1,19525.4044716415,14288.1719504207,1946.93514294766,4141.95349672548,5476.87040622479,11014.2450356314,26970.6141102608
ITGB4,2766.04348638363,7940.30529973926,1.43948851829107e-10,12876.7273185779,4.0661701623251e-06,2331.88972260407,16044.1741819409
SPINT2,19654.9620463431,5218.38492916752,9779.34409020453,11922.4985353766,1412.14203794899,23574.1039275124,13249.5893581627
SLC26A9,5.15832955553238e-41,7.30049109521614e-11,45654.4209119858,5.12749416386612e-10,2.38666286138118e-70,1.31594151405091e-68,6.60791652115388e-65
CACNA2D2,1.14996514713289e-49,3.15846811349011e-53,44207.066579491,1.31569754326264e-45,1.53487080196668e-74,1.15149086751414e-91,1.00162386067876e-90
C4BPA,0.000718703047352158,1749.86362970567,7.39944412087302e-06,1.08789297590824e-06,45734.7657501352,683.166907964028,7.08121603572301e-06
CXCR4,1.88042745333487e-27,0.00881712549459351,1.07960609220941e-18,0.0020691509619026,2.93030641548355e-34,1985.09607619442,0.00508078349308273
CORO1A,7.5125106426515e-28,3.37581120712052e-34,4.03260833531265e-49,2.60753831446482e-39,9.35928126243086e-46,1.34489833898247e-10,2.32478042284299e-29
DPCR1,2.75824763695854e-58,3.96409050034646e-136,7.63538473023275e-36,7.97307440223719e-29,2.57546784959141e-25,5.59402523944761e-118,2.98664722107975e-29
CEACAM5,2.16377102419366e-63,3.03439601066308e-74,5.79245046139033e-40,21118.3555276683,1.91880606741221e-35,1.72258621782427e-92,5.58651761905086e-34
TSPAN8,7.68178759965716e-23,3.16052492406477e-12,631.314723990859,3885.59867227,1.91640783076622e-49,7.97708692686763e-37,4.08888740627511e-14
TFF1,1.4524993079043e-18,6.61514640760894e-73,2.88210822806118e-28,2.27985930557396e-27,1.57921060938388e-25,1.36659059009472e-116,4.93909612250739
CEACAM7,3049.24523416605,1683.71599216381,3.11830174117066e-36,8.79379508345601e-07,1.70094051998294e-17,2.08356387278221e-36,21611.1790965806
LAPTM5,1161.76048377218,6.09354581200647e-05,0.0170389691067048,0.00113635627051025,0.000164583881079141,5887.61510417799,926.970079038289
AHSG,2.43811003440249e-21,4.44718986656658e-20,621.562474291548,5.06839037406625e-09,29621.5881952782,2.6212063989911e-06,6.18249528419801e-22
CCT2,2271.25214837057,2465.40295863465,1125.9061983547,42038.1823568675,1027.72939446229,4901.94610352659,1947.71119193668
CD44,4780.57114997774,7.90323773252936e-24,8187.13544038776,1381.60448647794,1.56337251698984e-40,25456.0995626708,0.64234648142202
KRT17,3.1310807006991e-48,2288.03493808806,6.72721835116141e-59,6797.88818617792,2.56569568852907e-41,80.6920417267772,3.08613353155067e-51
TMEM132A,7800.17630267209,2.41017155176915e-20,1.07502304503949e-07,841.968646133667,441.543883266599,17324.1398633906,4985.946184784
MDM2,0.218973281218967,1699.30593318068,1307.32780840089,39160.8871009938,2156.46901259522,1509.80832748034,3230.78126705753
TACSTD2,1.11552648894609e-20,12257.3357021155,0.00664982101363628,2198.57468215035,3.23017991975166e-34,7646.37072266246,2.31271354532721e-31
EPHX1,2954.26044109323,2678.81794610666,4240.41164507262,2400.39202018699,37634.4711654484,1275.03534175834,2.86125114488501
ANXA13,15423.2626679142,2820.08659359436,4552.37123251235,2.14500670712737e-14,2.06549098854556e-12,1.02700023421634,19380.0968992694
HRG,3.9698464061168e-18,2.32604877458508e-18,3.40514459263727e-18,5.19644367174715e-06,1633.4219820588,0.837433712080899,0.00814385251580927
C5,0.0185436881037932,3956.95477486598,2395.50546297109,5.95538570896534e-26,17968.5446543334,6734.44484106162,0.0043707578866974
SYT13,3.21864873433716,1195.29569563724,14.7498667884145,7.61932226762658e-22,2.7017849161286e-14,5058.36425328229,32978.6423741408
SERPINF2,5907.55330095248,735.83980748463,2.46406695856496e-05,0.0670606740764608,34594.0061945473,1.39525528763022e-08,0.0043693593608464
ADH1B,4.50275056624277e-12,1722.80802508331,455.084112623147,0.0256697678730072,1065.36399334451,1.36243938413996e-12,1.91909553764245e-19
TBL1XR1,1103.41468942151,1951.71808425071,36973.8726368541,3534.44059155678,2738.18421867007,2154.05420162547,3023.01899143491
CDK4,4443.82629111189,1923.13464913286,939.792828268465,37917.1496180335,423.661594327874,4178.3926758479,2786.45753987277
CES2,1673.56364714417,1.12291667784236,31210.7402949574,875.897380169098,12953.7769070352,981.133658409431,333.387436841075
TTR,1893.32559629322,2.10133297363797e-16,388.981850561496,6.80968278811996e-18,26430.9646355582,2.99133179623195e-23,0.000420904212464359
TOMM6,5265.30736973614,1266.57421542596,1191.59812478956,3486.87218425063,1844.7997324515,10.4008406650837,0.358060487163727
MCAM,0.0621922169655958,5601.98292009918,33483.4291819456,2.7026915924286e-06,8.25810069102925,3223.88918096472,38.8551593785967
LYZ,1.96442019195049e-17,3475.73809956903,1.55104961173751e-08,27833.3173410208,7206.02091090285,2849.7515819679,1.01688315173034e-15
FOS,1.36431953887554e-19,1807.8342117806,5507.69100186091,5.18502748940157e-08,7.40444586612526e-10,4863.42059880444,1939.2941316277
DUSP1,683.96244690767,2432.49850234168,5057.7716247072,2.36173827188764e-13,12676.4667844827,25899.4880282649,241.971111134854
GPX2,8933.22337387141,3587.51597750421,1.12997059893081e-20,27208.5435498912,3094.28870689314,2.44082898457679e-14,3589.38417854811
ITIH4,1.22966893359864e-12,6249.36390113573,3.41018989828383,0.0279908413159084,7172.94654638385,0.242403154175156,0.00552483542020581
CYR61,0.000207398257640557,3775.79803822954,781.681704446819,5.11954931336703e-15,1.09310172520389e-22,25923.4167340233,368.21464253466
DDIT4,0.00096131517216466,1979.60037019249,13734.0170356133,5019.67309671951,8433.50823133161,9685.16284154278,0.00377031246936695
HLA-DPB1,4781.38108265573,7.68832703493094e-08,1291.00059535969,8.73890884720193e-29,497.209417935419,3940.53463868842,9.09178479708247
DCN,82.5525636777779,3691.32910933912,624.264661252084,2.47590178306405e-09,0.000235361515578636,4124.64198060248,5.40437065965872e-16
IGFBP3,2.64686199443876e-16,2044.69029841665,0.000177750219378131,10728.1958025803,1521.2238635184,4597.41270744292,1.25150688875325e-13
SLC4A4,1092.52655039825,9115.545656828,1095.68827277817,1.38898733402626e-29,1.30064973346069e-32,6.10835126724042e-11,7082.12385557741
MMP11,1246.23886374976,2462.47031970246,6.44917906698556e-10,5.26865178088327e-06,1.36055611803753e-10,3856.90982677254,105.079810891124
HLA-DRB1,8532.78575145948,1300.46330891334,1281.40602500212,4.47976275931748e-30,6475.01942684831,3496.96227978512,1.12333645824093
C10orf10,6943.54120455108,9677.13987228363,1346.74519214607,4.5357188185446e-17,2.26535008008199e-16,3420.22789309727,2.15316355167424e-08
CYBA,24666.5671302646,4.91513050005589e-05,1.15892885950949e-17,2642.59706376744,4.12854108664142e-22,4129.12816754983,5706.67569005372
EEF1A2,3236.0493100014,2567.55253201604,4513.91141484949,641.989473718876,5972.47373168856,16745.0892260868,7049.1654800046
NQO1,5201.11262630297,3824.07990718265,1647.10539424273,23614.1089008447,4283.5008257684,1.46799892138683e-08,3490.8754873355
FAM102A,7.92617453783635e-06,4500.69170008739,1419.10476829339,2400.49684138769,2806.21220445993,4901.38259382879,16299.0932940144
MT2A,8004.38235988117,3.01674173246426e-21,8.28901652943442e-06,4.60998465811738e-05,7582.316130957,8295.00668591695,1.33250812401572e-14
RPS29,12218.4706463917,2733.80407134736,1715.46551954984,7680.3593983713,1954.78842945201,8447.35606350513,3732.407353471
HPN,10375.8038441401,4968.78668715928,6025.29122062756,1204.36764161028,26533.4435960243,566.584260074727,5277.80256730893
OBSL1,4372.48928316719,7988.61040971062,28190.691527218,6425.49438230818,1.60888552577582e-06,50.0900771256361,20.8235306928243
MAL2,4677.89417322083,8045.790216781,3214.91037310318,4957.65321471053,1374.70528691402,9455.37301359722,6731.81738229085
ZFP36,6.14898511956915,4093.48752065996,12415.5280968881,0.00104088050579679,2270.96895933956,17834.2808155271,4302.40613844743
JUNB,2530.91109661184,6447.12061062003,5726.66860689784,1.3116287022248,190.818410777053,12721.9869599185,3484.16327907835
TESC,5327.80827360096,8204.95433151245,4.54047362092441e-36,12140.5224488153,1301.38148642926,8053.07697207489,514.041516731081
LDHB,1932.13431301495,813.574994945906,0.00101401950652251,9434.56769591743,7.8799378973566e-40,2001.0593261968,289.974287308111
HMGA1,9639.72922948923,0.328486124390752,4.34511758145147e-09,11334.6462889275,2917.65543212645,3731.43093291145,3271.02312938121
APCS,11123.9595115594,1193.10853385964,5.56534684445683e-12,5.25410804377241,9873.74465504998,9272.33263743936,8127.13726368556
ALCAM,12010.4559421993,9.63159103057952e-09,2.15840913301226e-09,4998.98901575976,3149.8210051408,2534.71048292223,9803.08696978703
GDF15,5465.53180261394,7034.91177698827,1.10106657646997e-07,4.74216251903144e-06,1890.62948517098,4077.04810962934,10825.1215741916
SYNE2,0.000522879919701394,3801.80427771673,1708.53988887701,3193.22675168578,8.19307434741225e-13,0.00158379305521186,4397.65882793801
AEBP1,1897.10528014126,8472.60528618126,2319.26090809837,313.805988975519,2.89327209569371e-09,5540.93947536634,1.79936033728107e-12
AKR1C3,13265.7670749848,4.88174346515671e-06,3572.44691952236,4410.13259340207,6051.88691688685,5455.41741878765,5937.19938717025
ERRFI1,1188.75649062026,5489.19191790463,16505.8077205435,1458.79476435662,8176.46025087434,7038.3644517833,1.17784871156194
COL6A2,2574.21184737857,4652.73812029077,5128.27970269468,14.992782690579,1525.21972416677,4132.4851128616,8.20425102256321e-10
RAP1GAP,4554.57872520816,8637.74937018142,22722.7590840996,1489.58900941193,12307.3591117065,4931.8605077151,6182.52393180836
IVNS1ABP,9.98851369047721e-05,11369.9509892921,5120.2039988596,17346.7682523253,5856.47484563849,202.129603106252,5972.87780421725
ABLIM1,4586.4939909011,3309.64076588991,25071.0492232274,7251.19183327996,1487.1904719077,5823.66423894555,17073.9462327478
PYGB,3423.99143953008,7488.21977943516,1785.29153393454,4506.0739434128,10508.7502874892,5597.85363956845,2541.3034350009
HIF1A,1.29255606367604e-06,4281.24545121864,24916.1654879314,2271.2211353062,1298.11658154315,9397.4127307131,5803.24607964502
ARRDC2,10259.503079381,6779.50998420924,11028.7324699301,0.000190814136786786,1429.6112703067,7713.758856187,6165.34724633459
LPGAT1,2188.94249685026,10019.7224324123,3079.57515564637,2123.33606876391,7717.46549839812,6319.48255150657,1937.55841344742
BCAM,15374.1496107771,5238.97113461207,1844.98121842545,880.056310848677,4072.45980333424,6720.83884762668,5944.15797233957
S100A16,4027.0751335002,8480.65495337701,2365.6514058805,5449.79747195993,1960.82463148443,2947.48093000164,16043.4581079993
PFDN5,21032.3332517804,2908.49176900745,2205.46766403626,3699.02860283354,2885.40066767086,5920.51934141163,3920.39010816528
FGFR4,17884.4256063174,8294.07230874667,5.36569717325772e-11,177.115106132849,3054.40058742054,3759.3923452476,5123.02714741343
COL5A1,0.014991122044859,5493.8588897124,1843.38770217723,2310.03859357281,713.927083890194,3799.71773724138,0.853489998035622
KLF6,2447.3697342574,6902.59583042445,5661.28918940673,4.3925997430014e-07,1547.04210323916,13817.9377776231,10606.6835208525
SCD,452.243069217332,3002.19153325671,5047.34468214572,9548.59628535082,9676.05003412658,8153.146328228,7144.81161883103
TNIP1,8762.66189549331,2299.34032436672,4894.22308429004,831.549590354359,4824.96791420479,7422.27260062834,4062.64267845521
TNFAIP2,2363.79168665603,4796.75194492886,2283.99056028315,334.061734236156,1415.80676074558,8600.53230764193,15820.0715396395
RPL23A,10026.5131468455,2543.6101284338,1514.57217380376,9669.88108810735,704.735667794539,12857.586438744,4057.23173246732
MYH14,8361.151085252,10274.164283346,3045.35186114991,8850.26810801971,5531.10974637182,1571.49061764214,1489.18311434849
DSG2,1033.9401365656,5988.25409926475,6350.71835389114,7367.93076801384,669.456596971125,11389.2041998252,18585.3302276961
HYOU1,1887.95851769438,3696.39275760348,4876.51868260454,2831.75433310236,23139.4442834593,7791.77461120119,13264.2040242166
MMP15,9455.30635895446,7175.9209782259,19109.7091696397,1771.12855153372,4677.53455071435,5296.26332455023,6268.67761608093
ITGAV,6.96529210681923e-05,9629.63723714038,5889.07191951122,1512.76066142953,424.503819471705,6879.30462630275,103.880412606114
SLC12A7,5842.64251023839,3477.97598727566,2573.20936515631,3743.03713696108,24131.3250847426,4582.68979056892,7525.67574706952
RPSA,11943.5468270154,2521.32026840116,1985.5764973783,6104.2337576714,781.830829569949,7244.97823225853,2442.10909243387
LRP1,0.000175771102372913,7054.65260778368,2492.30723748087,316.095762822961,2229.42841288702,3118.47350078665,1.62257278257596e-05
REG3G,4.65428162135848e-56,7.05397766238861e-179,1.20184833478347e-52,8.3467736769798e-50,4.90452570252779e-102,1.32606797372313e-61,3.06539466833388e-64
CALN1,2.00582817624222e-24,187.738003475852,21.9288836300939,3.9953227348948e-63,1.23232501706049e-52,5.19881535311178e-34,1.18840548242666e-58
DAPP1,8.70934284038341e-29,2.76459625935162e-15,1.30790899392576e-42,1.86973495545227e-18,1.78560304490138e-43,5.77105766780384e-06,7.68852473003429e-33
FREM1,1.27674496370905e-29,2.6279016117784e-23,1760.31968995614,4.39717277122646e-38,2.70358022544986e-32,3.22034434653673e-11,9.67945697686462e-32
ASCL2,6.12311208542257e-10,2.11851606709784e-16,1.0511946718818e-28,1790.84245321693,6.24782774638683e-14,6.03770124855688e-16,7.02137667580005e-51
FCRL3,8.33867808418674e-64,3.84438804091046e-51,2.43975999897226e-61,4.50601130081383e-70,2.6547550971599e-65,7.40231635163216e-52,6.81498608202484e-78
TLR10,4.53513074988662e-47,7.10795809221923e-30,4.91299577163426e-50,2.51444288979205e-49,1.34893953254991e-59,7.12960099490993e-32,1.14116303326129e-51
ABCG8,1.62907046734983e-17,4.02010862850381e-23,1434.3905647572,9.34010209791568e-12,975.541285639215,2.70983684497964e-22,11.0707606576966
APOF,5.10450258252622e-30,1.38192449421441e-11,1.55676706618845e-24,8.37194567923373e-12,9.17552089163977e-15,107.123449897691,1.39068285077236e-07
GBA3,190.902312688371,1.00321136991401e-11,1585.01486369415,1.20676647735483e-34,0.00125386924481823,1.49219813901313e-20,3.05672198312862e-11
NCR3,2.22124040189674e-60,7.87983338459772e-67,3.75912874314724e-73,1.41251799053441e-78,6.04094115472541e-71,2.98218115755141e-65,6.81872492709937e-59
HAVCR1,1.10676572472577e-23,4.49402410567301e-69,7.63918926865104e-20,3.40099725212628e-15,7.59821795696486e-70,1.0133404046044e-28,4.10323641050299e-26
C13orf18,6.16146347662527e-37,5.42593678053156,6.86092362135799e-34,43.1667616600701,7.00433981844216e-39,263.833844850848,6.93810796872167e-12
MBL2,6.11987228476705e-10,1.67761529982986e-23,3.89658704532517e-21,55.190201181577,196.566855909033,70.0608803076935,4.36752684766592e-09
BVES,3.69321534764425e-21,1.27808127421607,1725.83509100215,63.519951366463,1.53236099273253e-21,1.10187516184029e-05,4.27300336515383e-13
CA8,1.16265187700351e-51,4.53241853576983e-42,481.71713011789,271.607756016442,1.42372086295345e-23,3.25886952922449e-56,4.20127521606781e-68
FGF9,9.38260240182541e-55,9.28036943406841e-47,1.13641139394281e-42,1369.82526779519,3.23488537078434e-79,1.14143693644457e-63,1.13999691256982e-74
LOC100216001,6.53892786914951e-22,6.66051917672632e-20,0.0396573586545507,1.4197605607801e-55,4.31721577220098e-22,363.74609594513,8.39892763978588e-34
FAM101A,1.22840478739607e-34,1.34180704963113e-21,1.22897640773336e-20,3.49173972965371e-26,1.31368406813031e-16,7.73419145471579e-18,7.5908216398594e-26
CCL22,1.70440708679908e-21,1.98725057179478e-18,3.07687928925195e-35,131.557462016809,1.46359170560567e-36,2.4086684532068e-20,2.968135642318e-48
ABHD6,0.00790497014426753,9.9509822418135e-19,1684.54633104067,28.7973670950108,80.1922692270172,98.2385140103879,1.57115759127457
LGI1,7.87809064651587e-106,192.930119393562,1.16781428790006e-116,7.65973641067338e-118,7.53345633954316e-53,4.53013967566273e-111,4.17885921754001e-163
RAPGEF4,6.42584268375261e-12,61.5906258219602,1723.01424498445,8.73399613716401,298.192709743434,21.7442189957404,3.13870239708369e-06
ATP10B,104.679355688266,4.15088959414193e-22,0.0136865080348225,356.639195849331,2.14900006674303e-56,7.43973560930087e-09,950.152984655351
KCNG1,128.980091356617,27.9182340521897,1.36824531732718e-17,1.5592495519705e-41,4.15790009898249e-30,218.796733601083,5.20145717273023e-40
SST,2.52760314017423e-58,2.55925737283738e-51,3.1352374245137e-42,2.97379501118537e-33,4.44092830231447e-25,5.3367356070321e-24,5.9295202696851e-19
PCDH9,4.52110542301851e-25,1.04409840674855e-34,1644.88988939961,6.22714443842501e-38,7.40911111054634e-45,0.258959786972367,2.44844137460417e-35
GABRD,202.87242232526,143.544161364027,1683.44676941127,14.5869361533323,190.56285680491,6.79515678687839,0.0191887501686423
BCL11B,2.419295632084e-25,1.86419858157224e-17,1.55358471584036e-35,131.249032331132,2.44335358756681e-41,21.4678227661479,7.94331864198523e-31
GPR176,1.2717307643787e-29,120.553703131821,45.4002431215566,1.55738397049236e-20,2.59255222596157e-10,128.842038998669,3.33692985501393e-41
BCL2L15,1.00558924257253e-32,1.97388131028315e-23,751.800036339793,448.042320848466,1.0210666981153e-37,3.13973875713389e-23,2.33871818775905e-25
CHST8,609.807310387947,2.88356082997644e-26,1.23275408612278e-07,2.31273839457086e-12,105.657289947042,2.84096014635429e-48,193.272281924742
ATP1A3,1.13121423871507e-35,6.6246125635168e-22,64.9034623862023,38.6417334737627,265.15119532542,605.325537493854,5.8786178781974e-08
B3GALT5,1.86419181545064e-20,171.962933616774,8.09420032525716e-14,3.08190465086611e-24,6.925057872738e-35,2.88229239981846e-20,2.09167618664929e-14
PRKG2,2.36543164447295e-26,0.00161602148676468,1637.19380652272,26.2830014686727,5.16170055792717e-69,1.06667718391356e-06,4.11292114767228
SIRPG,40.719169037284,3.68504362467048e-09,1.00187288532476e-32,9.53607385488349e-39,201.741430988643,0.000123130666901832,42.700553390632
TAGAP,1.6843222153691e-27,39.3027536817518,6.10632703535964e-11,4.26974931262171e-30,6.56516581345754e-24,122.928074421273,5.54030254977487e-07
LYPD3,5.99785089674617e-23,47.19569250311,1.55416725351958e-18,1401.81534780215,113.149230128726,0.0454579484148446,2.70292707286336e-36
SLC10A2,1.43890462440835e-51,5.22956384835813e-76,2.40555978830432e-53,1.3560119591326e-55,4.84779110887863e-134,1.72115541510584e-56,0.00323621545258437
PTH2R,367.422315775422,79.1141846811309,1.66341809131783e-05,78.1478509296938,692.207282558859,4.75223355532675e-41,43.4428216332316
PHACTR3,469.263576637247,3.36527982085418e-46,8.71908796398892e-32,0.147483698553966,2.24869447426602e-52,1.03549651837741e-53,0.240363271027837
HOXA10,82.9447662931119,100.577595012193,1.78446198100553e-29,905.931442321854,2.11594615012335e-40,1.30230151461946e-46,1.77514846229056e-10
NAGS,4.16559656833216e-16,1.0845724479499e-07,261.586762652768,95.520404649159,1340.43905052932,0.000608450729597627,4.37821204935743e-24
GNG4,4.50629732223055e-47,3.58970650239465e-45,58.5286100305338,1461.56946321743,210.581920597474,1.82375789206192e-41,1.47563186990919e-58
PSG8,3.07104545738806e-10,6.28739593177999e-76,3.24117703634948e-97,1.8530486655821e-49,20.30510427871,1.84643859557766e-53,154.038255610294
DNASE1L3,0.00028819405074603,1.19883700286575e-23,124.605691525881,35.0383421448463,55.0189171317165,1.13346758172314e-21,3.62332206447012e-30
MIA,5.29015175121088e-57,5.03025543129189e-26,8.17146627607243e-54,49.4061638719478,2.76472773406964e-64,6.28045531951029e-29,5.59848898736963e-100
PLXNA4,7.70781162071557e-19,57.3640231118682,1291.7793255052,29.5831047757307,2.89218890159069e-53,223.15621692882,65.6163525993612
ARHGAP15,38.2871096254906,3.30000141960047e-10,2.0803844424128e-09,2.08705137962238e-25,1.38062978012708e-15,35.5318549241895,3.57470874702464e-11
SLC5A8,6.79409361209608e-11,288.429301691497,6.49435605483605e-10,242.213569426409,1.30434130745699e-60,240.822149840594,4.12150198274677e-19
FGF3,8.27986192053388e-109,1.5409147213119e-44,2.56353015325221e-50,1612.55328710052,9.0721633652309e-52,1.98250812256918e-141,8.95277287511909e-153
C16orf54,5.92560586008065e-33,7.18110665685328e-22,2.02415881734431e-37,1.03517326235418e-29,3.55669947229519e-36,9.83627496064487e-20,1.37622844218755e-36
HULC,14.904250693165,6.27847654730651e-08,9.60391238058632e-21,3.47365630325818,1214.00115667427,4.25511226241383e-15,2.86456034111291e-21
MBOAT4,2.79225080380646e-16,443.967027392188,73.4907542154938,1.03803435724936e-37,4.7078631630409e-31,9.71816524811421e-12,24.1004520897537
DSG3,2.1860519734836e-66,2.67373818979509e-36,2.02610398018014e-45,1605.53874279709,2.78494134586214e-34,3.4628592893408e-98,1.64184088568261e-87
FAM155A,240.604371960785,158.662918702728,31.6306116256142,184.711415616575,1.11321392928552e-41,42.8029813302997,595.878356035715
THRSP,3.32593254414215e-20,7.65164250434767e-32,1195.01358430676,6.03702681291069e-05,2.95777324880284e-18,1.05429650297673e-32,9.47208215716544e-31
GPLD1,3.78419114985617e-21,52.121469426829,73.3576383678985,6.00721184979591e-07,1667.02859577689,13.5806922179371,2.97595675988941e-35
TNFRSF25,61.5536302989579,120.51418957831,68.6844834298813,122.798929843898,198.028796656528,37.305195502606,8.45767734174505e-05
BNC1,7.52510357489257e-23,3.48187693544301e-31,1579.80166440407,2.10568535334192e-26,1.44852982291498e-34,45.327937323496,8.58111862426376e-24
BCAN,9.64321757152151e-22,197.483099443005,9.24157817373552e-08,26.1777314960011,71.7059758504273,4.68691500528616e-25,1.23485138619121e-24
PDE7B,8.43647281788102e-20,256.968031001286,524.80016294819,57.7507959708198,291.638483851252,1.42728238363144e-06,214.715506509797
AKR7L,181.765136771344,0.0690065812912302,720.74063327828,0.00452863879676718,1478.83496472924,7.52781059651607e-27,248.885424629383
ZBTB16,79.3297586549506,2.90881011785032e-09,1522.72110770281,2.54871639332499e-36,488.335981891628,71.3602701451595,1.78201218686507e-36
LHFPL4,4.20098641909981e-26,56.6375920602952,1013.86388047316,7.11846211949415e-42,4.74241088543773e-37,3.36205146792777e-57,2.52344057372319e-23
KRTAP1-1,4.9699232848696e-50,93.3587969372642,4.71720440959484e-48,2.78028153613063e-78,2.32686288426506e-60,304.571302970898,39.1827929071671
C2CD4C,788.200502589126,0.000199853784611797,18.1697223535336,31.40921589023,7.34178166924463e-08,344.882256327015,377.011152014269
SLC30A8,9.7751715582656e-55,5.07257589337877e-189,2.7980508381803e-42,3.42587804161027e-33,5.77941021657949e-34,5.54974118662467e-100,1.55896697963024e-32
PTPRR,9.87893920387822e-42,2.96462080917874e-44,3.18026250352379e-35,0.0116163488789005,1.74380886881795e-86,7.96845230800986e-33,8.97299885950622e-47
WNT2B,88.3523926052941,1.73670763002649e-14,58.5506187498078,1.18303382624851e-46,5.9622846407795e-34,2.32503633533865e-21,7.98160029313512e-31
ACSM5,1.69651134827214e-26,9.19434406772257e-12,68.7135414234573,5.75336007421837e-09,919.175784620577,31.4631305772229,9.66772551535787e-15
LCN10,1.85826375168753e-68,4.46504345867375e-44,2.05996445713032e-69,1.2633856145563e-68,2.84134317484499e-15,7.21811157880669e-34,6.77794975651439e-60
DOK2,26.3133321768196,2.79049993539098e-18,1.63131846639541e-15,3.96029252744878e-23,1.12991441554885e-08,172.196563983843,1.22222595119672e-12
CYorf15B,380.236219516179,141.948480203832,1.33660937276652e-42,1025.80295398914,334.734565434051,0.043775562738475,9.60142829640129e-16
BCHE,2.97859773908971e-09,8.91252818335483e-18,54.2759113502898,3.43151295433167e-21,1.19419625327302e-16,961.51433228876,78.7794920368527
NTN1,7.72533474547721e-20,50.079771167388,0.000955675123815289,378.374931448853,1543.34104877607,4.59794025867939e-06,0.308501108963166
DNAJC12,53.5053147806067,81.8699770875634,2.10321216664272e-16,614.088705116374,7.34158700648868e-16,369.741094247598,184.992038781218
HS3ST2,7.11371240589065e-23,103.901014995005,3.04619950784185e-61,4.87843677246908e-33,26.0444653363822,2.02673676150745e-14,409.642885845181
ODZ4,259.410262412265,3.82425818803097e-07,50.5883537471648,3.81926296650885e-39,6.38662404298975e-36,249.653003418615,1.17920437288382e-21
TRIM46,111.311506873034,415.810347753532,1.13574171367787e-05,4.69550148304421,4.44066836849558e-08,379.882610435461,0.000946403120209165
TRHDE,74.2975177091071,75.2196244808686,1387.31850939797,4.45495282999957e-11,1.68076805080044e-49,86.9576932727016,38.6862758017608
CCR6,8.63635445151022e-17,5.10483968854867e-09,5.82758881487422e-10,1.16653283671669e-09,178.787412121653,2.65118980961745,5.28064553053192e-19
ATP8A1,1.74412573714091e-15,66.0101236399125,541.306881881471,73.6440264779152,3.69668037132145,2.54691046989722e-18,1.09129991570918e-06
USP2,120.573032832472,150.989179953604,91.370744183879,2.77582861424161e-17,1357.31434610661,474.610531301705,134.106834966732
EVI2A,6.00425903816008e-17,0.0538941150903287,1.09152969515814e-05,1.93881094072543e-10,1.85659334139481e-10,234.980700680273,3.6546504523291
C13orf33,1.82053971822903e-32,116.673441343059,9.56995555023184e-13,1.75378199116349e-13,5.25287964059669e-37,926.125075787132,5.63691932362753e-08
LOC606724,8.37931228818635e-10,9.80679038904246e-35,5.2752893605413e-47,3.82172136597216e-33,2.44298716675173e-51,2.20858894289102e-14,1.2857790516682e-28
PANX2,2.21933710742782e-07,4.90634831882087e-12,84.5910053294048,1184.54406735049,262.432326830378,1.10816334870038e-20,5.46773354639132e-12
PDX1,152.00124078114,259.364339526364,317.974185219611,1061.30294349973,3.94756488243395e-41,5.81066556224176e-40,65.6427318865212
PIK3R5,2.30654804545102e-16,0.0211913418769402,0.00315442135136536,8.81346990192823e-05,18.1984922437704,202.232900777268,0.00239381340845168
GPR114,74.1499911457563,115.326777014629,147.997414599364,90.5574212637806,274.850877876769,6.42895538464205e-14,2.32258726502392e-07
RAB26,182.19856756801,1.25561999064132e-06,31.3565687894379,1.99935840728689e-05,1539.84060149124,40.749597676811,95.2250328646405
GIMAP1,84.3056420871861,3.40811499762377e-14,55.0480266005716,1.84908573863335e-14,3.10801582497011e-05,0.0226249631927394,1.02680531019847e-14
ACAN,45.4039142012928,503.798267603197,146.263942376809,8.73992692125025e-10,2.77438692732104e-34,2.08057603737825e-05,0.00589307294762454
SIX2,40.9330552922083,458.830352348328,5.86206582992258e-20,71.2395138213341,3.80510171888935e-05,104.671050105393,2.04794486210605e-24
ADORA2A,134.34330152991,26.1129105421486,101.587893256246,92.9393973638457,309.823687312317,0.00650464665561669,0.00236388730286752
GP1BA,3.89519567339994e-15,34.6631766102061,1.21833928053008e-29,2.61808256514272e-27,13.0377483289284,4.96677964182041e-26,4.52880832724424e-35
CYP2B7P1,2.72798153955076e-25,9.6440267080035e-17,1194.98560979939,0.274630480900172,298.961305355385,11.7067289285696,45.9310627479857
PAQR9,8.85651648658848,108.760230429844,30.4102231472364,6.17736235474709e-33,871.307394763217,54.875106888268,7.65916240051836e-14
POU2F2,4.31073753879128e-35,5.25123076222551e-19,2.01144860066428e-20,31.3681866731831,5.04120716701271e-28,2.04935763412059e-06,1.09074388369239e-26
LECT2,2.23160264560762e-06,1.0148858318144e-27,5.11651260725862e-05,31.6604010872239,58.6763568698293,2.02112559941953e-18,2.88326645746789e-17
UST,1.84860231271965e-21,3.40267822884094e-26,13.9175724462311,8.15450118173962e-28,3.02002148276192e-11,87.8740025859787,7.73287195654181e-06
PDCD1,7.97362826893195e-29,167.33491997079,9.84026104694104e-17,1.5426110701457e-36,0.0076781016731647,1.29540426445121,48.3476748297016
DDX26B,9.20596952289764e-09,135.786806633087,187.744693547045,68.2093917671936,5.92819792209986,42.8123810837851,109.214683198412
SOBP,6.94797761146608e-17,469.978904615932,1.70149902981819e-09,6.98232750990691e-18,0.0195324622610379,0.523065451673682,3.21875572542273e-15
HAS2,6.9492096230629e-43,2.82618060993483e-20,8.879816032254e-27,2.16316563260478e-08,1.06076770842914e-36,401.51517648896,3.36171351408346e-41
APBA1,24.7783253270413,160.048402773772,71.3704200148729,20.0058765775228,965.161385053993,0.139635603404926,2.81579013408878e-12
SYNGR3,6.87567130224903,76.3924975694417,1.66377084306667e-05,4.42740588605418e-15,164.047711268369,1166.40374298604,58.63670086651
TNFSF14,2.25385982635641e-11,395.073535628434,1.54628451037848e-20,6.84940056418517e-05,960.931630382943,6.33810907741318e-23,68.6719368305287
XRCC6BP1,50.1590461698179,62.1805513463198,24.5131411826242,1527.23722015142,20.1058983264081,97.9434987190972,0.0213657606872566
SERPINB5,1.26530672193351e-32,1.2710457890296e-12,5.78605326162634e-10,805.959198183359,1.3656311700281e-34,2.55819623978734e-30,1.85465338573237e-16
PCDH17,6.78647223028564e-24,217.915436032706,236.669929199796,54.4166118850828,1.99557340229762e-06,7.79467733127031e-11,1.63357797613822e-06
ELFN1,247.000335440016,27.8097216585817,1432.96756740367,2.89775511684026e-07,236.974579690744,3.42960737253582e-06,4.07771748810254e-19
STAT4,142.937886980548,206.186910054949,1.07007097889125e-06,5.8913453261577e-20,8.10890691356821e-32,126.113287108018,2.39465264860381e-07
CADM3,1.96165814368447e-31,7.24638852291968e-08,51.8969275079739,3.41629384578187e-43,2.02172791518455e-49,85.9083940547639,2.29796315716746e-23
TSHZ2,30.2732694050491,313.566920391093,1258.65867825207,322.317552174964,131.243875691472,9.51679822922357e-22,3.89393606387336e-14
PLD4,226.788715057291,5.51945079765519e-20,43.0654573449151,6.45706029370115e-27,1.60600221606379e-20,336.487956618528,50.6710279764385
AKR1D1,2.65339565162175e-11,2.49957007912393e-06,1.13580211983057e-16,1.38814409628259e-20,1116.07166857062,1.564903323434e-08,5.12769368748616e-08
INHBA,2.83285578515658e-32,189.007594883006,7.13933260257855,4.57487686834427e-14,1.91413663857392e-18,685.740745795548,5.21872934743779e-20
CAPN13,0.114931647908366,458.644027838901,128.803946817756,1.91207248389922e-15,46.7022294368004,45.8198289272723,99.1940292963448
LRRC37A3,179.58520786338,288.146715206278,1308.6904361089,4.28052957710309,4.12473024709825e-06,9.82284861844435e-12,4.13395338916721e-11
STEAP4,4.12763180795735e-23,114.015389067516,100.006000253134,220.230633381497,0.00102661685965678,265.498851696365,6.78439408718472e-08
IRX3,430.358713229115,52.972366394398,1.19805409797449e-18,485.946736007302,6.33311806775471e-46,1.29527388866917e-27,8.26935330868018e-35
SSPO,115.413623063825,64.2181135212881,1415.68995856934,0.07943178888052,0.107976076626656,70.3183166816212,4.04399371054017e-07
ACOX2,3.42209477594447e-19,5.85166951855973e-09,1001.70523663579,0.001900697050632,126.93216457103,2.06434639411816,4.31982855809222e-14
RASSF9,7.06442160254431e-27,203.188507390652,1.10633369121338e-41,13.3046426438952,3.84939596368323e-31,76.7640054477212,3.5152516413792e-40
FAM81A,36.5781364511063,153.977066165948,4.35990236712638e-07,193.672895136325,47.1733676445862,259.935474722534,6.9155410218653e-07
TSPAN2,1.21174020298463e-10,6.55793588207288e-07,824.572008741991,2.11698557339021e-11,1.54657124010192e-48,0.00724093813790705,1.56500560279513e-36
SLC16A14,47.9787871780549,81.5706258118337,83.2418870996027,1425.76434049748,296.287215439394,1.21306896395295e-27,132.894437678479
AREG,2.51703223069712e-09,9.00008021669068e-16,123.368328143754,2.99654583698215e-23,2.3096201454808e-10,780.171010618848,136.982934643656
NR4A3,7.96344486591846e-26,203.30515411385,123.747880991028,7.59557713216045e-34,3.99813591049626e-19,643.375003428908,151.926821689905
PCOLCE2,1.24420859572462e-28,1.2273718072749e-13,92.0308275056973,210.491086998369,29.8566575187359,338.743078442983,8.73113432259979e-44
CEP72,128.454942354582,99.3600843726147,61.8482747636927,169.363345693149,868.046877233862,272.036645261204,92.1332048219895
AGER,708.431949248781,234.468509437696,61.5460246402163,87.6920759572276,72.9880293146402,9.14556279705252e-25,165.695774455266
NAT8,94.0740837981278,201.167290735648,1157.6020608358,0.00443067220969447,128.710150083066,44.7797924441808,226.830250219991
DSCAML1,479.771858119075,10.8785431580936,19.265463465127,5.52351445959074e-23,1.41529995335753e-23,128.18653362141,398.382223556873
NETO2,204.733339474204,126.419427070172,0.000361107958556298,157.843669338646,621.992551552754,55.5255503456124,15.7078843722876
LAG3,9.58413867336016e-05,1.03112566208661e-29,1.43505689593486e-50,2.03518500662233e-39,24.948824708033,137.876433068777,1.37802735806207e-26
ADCY1,8.03554888723737e-07,223.202758917094,1044.50805814195,23.8473303954895,595.508445060934,1.13963761875737e-15,10.6758858150201
CST7,31.1614276196706,6.08367513408094e-22,5.03920015034406e-34,506.507101971497,9.16238794957045e-33,168.895854631617,4.94053589993712e-26
FHDC1,1.17841978501172e-14,139.531047049723,39.2059470616886,640.82780817999,70.0911795378629,8.51136852841377e-13,919.233319528224
TMEM92,30.5386279370871,0.000234401138534595,246.946920834862,320.419445575904,33.1761113985287,8.10277715649645e-24,1.27694443255132e-07
BST1,280.545392526934,7.16065802354696e-09,35.4073792510143,6.8650669549118e-06,1.05118672091953e-17,101.861120951139,9.5828077653616e-27
SAMSN1,2.67872750757874e-25,0.000324265908635729,2.8213596094631e-15,3.36295184509572e-26,7.39635133643951e-19,194.022081377302,10.9506339248316
SLC25A45,79.8406508775472,205.799233653063,133.902999917542,31.4362276964521,254.770653542105,139.920796228918,85.2133920844656
NRCAM,20.7344319518728,0.0366007540012773,23.0542293303695,1204.14375897856,6.62283550800631e-11,460.1338571751,4.09398979345852e-25
NR4A2,6.8991198196099e-26,341.961699831889,196.807396405266,502.910206396716,53.1141055159352,619.602236132708,239.960639231491
CKMT2,212.158614594461,1.21267189315932e-31,4.44521851510749,33.8437703151142,5.30117849722923e-17,102.471395400526,236.150296311141
GCOM1,1.52066142923777e-15,335.605481859357,1036.24568688489,52.5705051442367,2.51559983608677e-05,449.36824474666,3.2414532101125e-08
PKIB,50.155527398186,1.51227133170698e-33,27.6750895870894,53.5819286777376,3.16025293285704e-05,137.259664250134,111.52630784392
FAM176A,1.15536355175038e-22,1.13362476715788e-16,1.37890475188922e-19,62.3365941365049,1109.29177056989,66.4393632101097,9.08801399802419e-28
GATA2,2.83458890732677e-12,467.286723956531,11.6681336137124,3.80854009862016e-17,21.3221261970123,3.64872573028508e-11,43.1178115491685
ZIC2,649.558343923251,49.4745525901535,1.71769686163241e-05,2.66712014102946e-08,4.78183083727051e-18,6.56587476378904e-29,4.71468437232615
FRMPD1,187.68581673825,99.718518222453,257.65727695824,185.383667222644,47.323614758698,3.86874284591319e-21,88.9126074404003
SHE,0.000575232807074806,212.708901142656,147.26079003367,9.27438442796464e-06,1290.28905539169,1.14972757592049e-06,3.60006292176622e-12
VNN2,2.24576422895063e-24,62.8329477026668,44.3220890025585,4.68903983057805e-12,624.590950748199,79.3311744956084,106.432385932381
FOLR2,8.37206281830013e-25,1.64683364715925e-19,109.190704476973,4.58728787373036e-31,2.52602358336272e-10,272.985823083162,7.66371162320734e-24
KCNH2,5.12717261764145e-19,310.48891025813,178.729101815975,825.294977215543,431.654280817788,2.37410721690332e-21,6.42462769460709e-18
EIF5A2,4.37712621993559e-06,139.906535015173,103.028039257,52.319282101412,95.5186291665886,714.147447851462,1.94047391336966e-09
NEURL,13.5761631239365,233.802386758905,62.8774583007497,1.17689061213078e-24,36.890691484582,8.24938051185981e-17,2.80743427286917e-26
IL33,0.0403740706056997,81.7279630877983,193.916108460454,24.5820790571132,19.1534699821782,23.5124211071946,8.21377577655611e-05
PCDHB8,0.371962323281448,427.976855197351,69.0927866170282,75.4850011587469,551.726642061102,37.1097550850539,180.003656811529
SLC29A4,106.715944241668,335.998363497624,2.43681287931021e-07,258.172010217089,820.661956852402,1.62253027429965e-07,0.00182945020520377
CELSR3,15.5578596292525,201.649353346705,1062.47444366862,41.7752983469577,113.382148813189,1.41644767041723e-23,0.303328047947111
PRDM16,24.8479874624138,627.498038666337,7.32526689651504e-07,6.25863263805513e-07,399.453628593104,5.32680667122926e-24,3.18174438290339e-31
HIST1H4H,329.773711572014,146.067310008328,1.86213644023318e-14,39.815445235341,4.07103691846537,3.17921300815897e-07,1142.94476318779
PDE2A,145.259524575471,0.0542571103569483,997.489073665133,0.00620816495876269,187.996725223684,3.52101067936775,7.17440882115511e-07
CMAH,2.5303348225311e-07,45.4665711702018,1108.35550206571,40.7092323800867,1.29702860533812e-19,0.00652178279707543,3.28628617373822e-23
PRF1,0.27453113906484,5.28801019473003e-07,5.27027227722363e-09,3.36102178562905e-27,47.978247781093,202.207134632337,2.10736246691792e-09
ATP13A4,266.287424813841,152.872943461343,578.941918620217,0.326776475654057,3.64093886563379e-41,4.94013331359351e-17,428.26962463144
DMGDH,7.63105202475122e-18,0.019291097885851,143.979547651076,18.8550944093332,59.4887418645674,1.32389271432906e-12,4.06850262098039
CES3,184.002342332233,103.185167554957,44.7563096003777,0.678503014519762,960.831375663238,0.00462762153718736,23.4287233445994
COCH,91.8575888358521,4.0853980309026e-14,5.74269801953522e-11,110.148936039903,9.14599197068966e-22,2.84084369176787e-37,13.6128629150784
NRG3,200.079758413865,155.030841588567,303.428064797058,1.57448611751086e-08,1.82536041357054e-37,224.015930170955,334.212872943439
CCNJL,0.000527743944370996,240.196780603523,389.765471980371,221.28825017653,2.95983762329696e-18,285.99355498141,69.5840375486975
CCL18,8.5273726733362e-30,2.1310986212729e-20,1.94960765781106e-26,1.35795765243464e-34,3.85307807109595e-39,380.927618219132,3.418672549928e-28
TTN,8.89516028801935,285.590197858935,1000.33380814267,205.232912239058,111.614604512495,0.00953566842104028,0.00107423435305346
NUF2,116.681414903033,299.474523108251,3.0149607145755e-10,698.759015310179,242.16929124329,254.226607203479,1.80844293075351e-08
MMP23B,115.076214255346,119.093776321824,21.7235655108028,0.000685191615492682,1.28709676692431e-09,1.80371052234302e-13,9.07858989029319e-34
ERP27,2.85862597352173e-24,157.135073268605,0.00012896077964847,102.839916686652,9.37528194380619,2.84816373927397e-15,78.9807106193705
ZSCAN16,338.729217466201,243.551127935363,64.5807351328764,193.184293024156,0.448960472453692,8.28469647854546e-05,205.572220424931
LOC723809,109.572961415766,456.468248557486,3.03360597905e-32,1.85271985211217e-13,5.08133044934864e-19,2.23312783082626e-25,1.69436800654665e-19
GNA15,70.0093113094978,6.44295533738706e-18,4.78622092778709e-09,192.98051706952,1.01527859725476e-06,315.235705494529,1.56281571430623e-09
ZNF204P,58.3460542220501,522.971252265354,149.27509223279,144.318302572525,274.810688336297,5.21194972033828e-28,7.02189718431074e-07
PLCB4,2.27965016047618e-12,269.634991971987,0.116705354004323,84.09243186947,7.94547174341234e-43,100.184650563303,1.01411444778999e-32
TBX3,1.80690539203618e-07,109.670526191095,0.00340119852265678,1057.990303564,33.7236167865368,93.4229398759005,70.1696753897481
KIAA1383,1.88302674789734e-07,562.166882913948,71.5992587712104,174.076881058044,132.865901623886,3.38984373655641e-07,139.481029212543
C7orf68,114.814450988219,69.4895425888146,33.1633255352989,743.097093194054,71.3188020953692,577.438042285539,56.2684373107586
TMEM150C,0.0418278007970206,461.888811973002,65.7203867675902,62.7349915252513,2.06146689961065,129.034678825545,2.13836705436352e-23
FBXL16,2.3156145657313e-05,174.963628969464,486.1646212432,0.00137237467108934,402.122171985476,820.416204972134,0.123872138546971
ACTG2,175.764508670161,317.405289547319,119.55422238863,3.76521205987845e-16,2.41614654310407e-33,58.884931980486,7.53998733443775e-11
C4orf32,76.375982644122,59.3455837265146,1111.38706705697,15.145661679108,48.5374200507484,88.0086329763677,130.917194582642
SLC44A5,0.000206194614893215,357.538428594292,136.870661123426,369.313572408809,6.29400557802414e-34,6.83282719589588e-22,154.273673798287
C9orf116,1010.20372112807,49.2557873314478,4.76890657036994e-06,45.7268532153427,4.98822790742167e-22,187.533269900665,1.01894014339424e-05
MBOAT2,41.4107686965918,208.189033544599,219.717184277639,98.1794650956619,0.14871563950521,180.199843533612,64.4490465048674
HECW2,0.00181522218840713,141.254800814302,905.806197966548,72.9828070563925,88.8810651499455,0.0229584339854451,2.17745910386884e-13
ABCB9,40.5720183637765,116.173719476753,103.422484992801,98.3044771142064,68.3664178797624,188.060441863309,34.7549059723701
ADCY4,219.342397187104,70.6703249044957,160.463728061069,1091.97492751338,5.75056280305083e-08,0.00131129949820762,0.000414557584193001
CDKN2D,105.9555416483,86.0993349270453,127.341273324139,87.6598677911117,161.219149076655,374.280592612145,12.3558835934859
GGT3P,233.966415974659,21.6324530237823,2.85927460618288e-08,1.33880584932586e-09,8.92911965514798e-18,0.118126518207127,685.848079547096
EGFL8,1038.09090519828,248.527904846247,29.7123185546257,255.584742065634,3.123222708318e-06,25.6005767858464,0.000169447690799095
FASTKD3,133.863859008278,144.272517064496,132.261924155808,204.769004054741,492.543012627913,108.983106538673,1.66647413376436
C11orf41,117.015991001604,117.919073428502,269.662771187669,1.11111238707718e-29,7.58245427622096e-27,128.252208762568,0.000109974580311713
MIA2,3.60494054690732e-25,314.159256233384,887.514738743076,9.94829367448285e-10,25.3355709851975,9.58898185008656,0.000108709093670815
AIM1L,213.005854041729,172.11625109785,47.6353993132217,31.8928276853333,2.27889524063818e-29,110.012763259456,393.323404982488
PLAGL1,1.51256314995401e-26,234.251760195971,179.686944195856,546.172064969904,0.0337553557195917,0.00102696134810664,3.86642857762557e-33
GZMA,75.7835095496374,29.6939522779206,7.3068442990336e-30,1.22208991855335e-29,2.14005314440998e-12,109.332198867241,0.0283823831507896
HDAC9,4.7438881509481e-14,150.003990122654,82.8000315477315,1.79908067162511e-05,5.30406052312646e-21,261.520806808196,931.734096212784
CCDC152,86.8283152776427,105.737691038719,203.345943609301,0.0233104462836825,1135.51277041083,32.0093525284628,93.1614973322218
TRPS1,5.18262795154901e-19,275.290008287913,77.3959986200397,298.665069066072,1.22987132973518e-10,63.6845372782625,7.89374781241695e-24
CD300A,120.839303467397,0.168905947996542,3.58116832207232e-06,93.0136587419284,0.000980720806284255,441.421036170028,0.00771099175327555
FAM43A,7.78301771943889e-15,237.846637661675,124.696390360281,12.3672169830683,94.547622159434,65.1526292317129,9.44588596445943e-07
SPATA18,106.955688779098,52.5495211287426,354.346716198301,334.198910871102,4.3051248751423e-38,178.75253211703,204.645112249986
ZNF737,101.302755469288,246.778840088418,243.91216268849,0.0271079343989389,165.362961385989,54.5587924733785,233.960238794832
HLX,272.641299938528,97.7875680301001,217.252267231183,64.7380080308614,275.92933236468,157.943670761839,0.018564192998857
PYROXD2,468.330001392416,211.717200542894,1.05902632048006e-11,444.204394833302,25.8835709658168,64.1431485916061,202.446780785504
KIAA1324L,0.810005864272702,144.580267782318,720.63748845741,249.697535073362,6.63294776388484e-13,167.214842940677,352.424177615201
OLR1,2.05968455372618e-25,53.568274345071,0.762213903119468,0.0138574361293965,8.68171070572714e-07,538.478148327796,602.047467895672
NPR1,498.314881293484,213.562829238236,307.814707263443,7.99153854973816e-06,258.190188435383,4.26687583631331e-11,3.17538463027371e-11
GPR155,13.4552696863961,171.282970977575,732.325411113096,1048.19559702394,395.802024055241,147.81462284618,0.000336799658171363
PDPN,5.11604724115035e-11,67.1971393561646,6.98383375211211e-15,6.64196217764594e-26,1.96733231653466e-25,457.221790826608,4.03172801123965e-11
DYNC2H1,112.75155557434,290.877226425526,228.588336986755,1.05415752055309e-06,4.33282227741384e-05,204.210664698633,0.42647936250039
C10orf125,390.729769163889,5.45331660705929e-11,44.6170935484075,85.751273585087,462.148374108005,153.691659433468,62.624886246676
C1orf59,526.525544333869,207.574408760515,126.399105508387,146.125080019536,143.987705965512,3.22732878438776e-26,2.05299064300586e-31
ACOT11,84.0834874044996,298.289024714307,519.686908897246,367.540649743482,2.1527565061967e-28,0.0177453753012486,3.37321192570237
HBB,387.845980251443,44.456869438385,364.330435991295,56.3167851016413,506.395443120099,429.356085633243,1.92401352204753e-19
STXBP4,1.01734070661166,259.753375238081,186.731595321363,165.794274054138,125.330069996854,117.671412447935,12.6766376218185
TMEM180,66.418847349902,432.719725427714,201.794261843334,315.119672069374,420.003387257288,129.581223471591,0.143738498036124
KAAG1,636.969429808515,301.512592254765,2.07049669419156e-08,0.000315114613564605,1.86772187518017e-15,74.6975219783144,284.768230932085
NKD2,356.537515938704,83.3393295087728,33.4722957323986,987.206562508945,226.975404301855,27.4812874690347,73.2837851619739
TLR3,2.1614892943858e-09,235.65548602472,46.4680851100808,6.08997314337498e-13,36.8771594816465,75.5674286530681,331.007945176622
TREM2,219.80540551302,1.20620201166596e-14,59.4319813545519,0.00220916914618336,45.8030169619241,666.730223542174,310.580153340965
SEMA6C,418.28442677782,503.072181221444,535.301384264665,119.988527316367,12.7474441617575,1.90213799791937e-19,2.78346071871729e-12
FBXO32,28.7629706367259,151.558892868835,95.5617612821571,207.291714911656,64.4373831774357,355.610419584492,3.71445078291605
SEPT4,355.964871227642,200.063132224444,246.706000182327,30.3979516390907,52.8272188014208,10.7042630107432,2.3065558478565e-14
CIB2,228.266583343371,300.807106123569,32.2681303664513,227.101592284787,32.6495151790788,130.346913392236,218.943471984619
WNT4,220.618100638762,100.173160189598,1.41698145980364e-18,3.03234573600082e-09,652.108179733183,9.50502706552965e-05,1.00170539104702e-09
PCYOX1L,262.22215342461,179.419614858888,360.828356640488,105.410247030127,123.249032998323,291.088666376539,143.451542513802
FAM115C,41.5011421931537,44.2054004416734,193.388595418541,45.56327930589,146.186342881143,303.558524987857,7.85116019655274e-24
FBLN7,2.80626960728484,247.248428520183,120.458739803641,1.07548619214461e-16,42.2675729851693,5.85356391993201e-10,182.082079194795
PELI2,29.356043674565,144.460715401816,359.889064924293,387.260228866657,50.6227503691104,175.005386548757,1.79305198299134e-18
LILRB4,1.13242344945476e-05,1.27635954687486e-07,39.6060965079701,1.26357400930347e-20,1.56690321935141e-10,435.735877257122,173.323683860839
P2RY11,629.836212496004,98.2432089069092,100.036016934541,74.5169252334748,78.6779620162389,228.780100116606,95.4793085474693
EDNRA,0.00014753800721972,252.435483397766,181.798207294772,34.7582301344958,28.8394539691355,129.27886743806,0.440068726087665
NALCN,4.54154819542545e-17,324.023079056814,1.79906064654573e-14,9.81871656950865e-13,122.528861290577,518.500091714602,4.7081918194788e-12
PAK6,140.606023490269,385.981337228102,0.014278773043937,386.656388716963,135.746741332328,21.3805614133392,551.45690558477
KIRREL,1.59899190933725e-34,349.458709912698,127.080590768237,6.4873259402248e-15,0.000101979071517248,93.3147712963585,9.0007054132237e-08
GBGT1,263.180938789536,268.131607785442,52.0912628761658,294.698746677535,6.51842518589372,195.485616684074,1.09822511759743e-05
BATF2,0.0155511460118074,193.029980616154,44.458579729075,5.23997961764909e-09,155.255764060481,155.058634380226,324.38409217399
GTSE1,192.003955462455,144.382614238988,8.99497643316237e-11,585.212114455721,168.669736578198,159.953836422345,48.9435089742136
EPB41L3,1.51303684617649e-15,7.19499712499776e-15,32.3600958719994,7.01655086288437e-24,589.937135325231,251.641778235653,1.96245099442806e-05
MAD2L1,163.256516439074,189.386201304652,58.7294412012476,514.958385845486,94.9419487636145,258.212512292943,85.6704628061818
KIAA0754,7.97547244316617e-32,296.197744665181,139.931961178902,1.48339804342255e-06,0.0448095703850673,174.832784675744,562.02311704923
FPR3,6.54894338598686e-14,99.0144167284575,36.4104554789996,1.54054527571022e-14,0.0142942058706286,226.172306389837,1.06336273406374
CDCA3,243.228918773593,118.568680520102,1.33350954513052e-13,452.344538839429,146.870627729091,205.644118596366,71.198142074036
GJA5,466.648068392959,94.520971207462,167.350161700325,151.655567012492,18.5815630551767,5.88312231927266e-07,1.41629882894145
C21orf56,954.668970039937,215.465128878468,92.1137956585651,3.64090307794872e-08,1.91681113053552e-06,193.371255765628,81.7688239027427
PLXDC2,2.3750753013558e-08,187.385442123903,450.956596479561,4.43963469835746e-07,92.5948173345002,281.418080621699,547.312310327794
NOSTRIN,285.845732266158,29.6239320085047,309.311374390875,289.929652172231,7.4941022408642e-09,1.66394632067837e-06,532.060954482633
U2AF1L4,525.125286364504,117.810980930249,103.015140578294,216.434752279382,200.266563226408,278.819718704502,227.778657359775
TMEM220,170.888889401947,294.08992993834,494.566651553896,149.902470328247,549.353643654504,1.66120292642839e-18,6.49659264389805e-07
CDON,135.214564040215,384.450812316117,8.92310310161206e-08,31.334251643743,13.7325901430847,103.293154852681,5.92265661513072
TMC7,2.69611405032865e-10,329.866405035385,36.4719413094734,42.6401320974323,1.4352501923128e-11,185.740029076712,118.71243347885
APOBEC3D,128.914069890751,133.063792382229,0.000980375366459476,1.07126163250411e-05,1.1942286510864e-08,1.11942937309705e-07,114.103787214282
MYL5,866.732125552421,164.815575910856,133.174182149158,71.2217442169834,123.462872079109,158.669782563191,240.273657191958
PLCE1,91.865373943347,225.87629112389,385.734763455012,0.00037751814728274,32.9683371290447,345.797003192455,0.635239343306723
KLHDC9,610.00960473422,315.230445961818,0.0025614616289695,185.895057352631,98.4876339524929,0.237913999062854,249.78232211612
RAPGEF3,266.343908184015,259.696630051456,115.654126589683,1.08997893266812e-05,57.1352861357807,259.530680817425,1.54271040359238
CLYBL,251.98803349103,43.4812150880692,419.10109641322,296.246412435419,877.332053778732,441.660315721643,174.175923939758
LOC100132247,52.8688575977403,298.632301552861,78.3981412948613,952.776647089178,215.835675597734,57.8828665751429,402.559902650866
AGPAT4,0.100087485354392,345.196492174403,255.084110213395,241.777580677067,383.465812677017,402.209573680837,1.96297143709198e-16
TTC7B,48.6415137186317,120.795619211505,148.330649388257,85.4783737336212,194.636369904083,336.703946415316,132.527711009143
LOC440944,77.3848772662419,433.111278970897,205.005720087173,435.621149399132,80.0944374805484,54.2255130913305,331.148437088743
FMO4,76.5555369717437,232.457057989459,233.138684364222,26.302010771029,448.040275060692,2.03754735800871,787.420154141729
CENPE,82.049399852087,131.988815675517,25.2061320590542,458.623544666916,131.235205847865,139.642514878229,5.35691600231898e-07
MDM1,66.7598121472834,243.075452899884,202.999952837061,1129.61588599445,115.07221840454,202.129599818397,46.5319423069974
NUDT8,332.411275938146,92.2960789994393,184.920158976756,691.38225286423,515.920204007825,242.288630817678,73.8946508676392
ANKRD29,56.7327642820569,191.435252995543,0.0432492544164847,2.7306231158726e-30,240.243268252094,331.075646702973,237.605825412156
CDC45,250.238246726784,134.86866577439,67.8544188668896,622.039491527029,169.920339669176,347.616993167406,187.557374000825
LMTK3,473.057071187427,251.424779413495,3.90160255930372e-07,208.496566775773,113.449941204905,446.173874370051,183.939642109381
CCDC40,532.744720261839,177.064708959443,4.7209096616352,221.889372821548,1.0178835792334e-09,41.0809891594415,185.386992246463
TAOK1,1.79928248483775e-28,403.116329873505,512.316790188452,204.598239650528,57.2119027497477,155.647579118467,119.696780171357
CMPK2,4.08457423291739e-10,271.40574689805,346.33794481483,3.13544499912402e-21,388.160891553881,76.1338556568469,699.437638868843
LMBRD2,217.37797027443,289.618189972762,424.876605113913,52.0545710610104,366.521213194929,4.93640181206339,211.814501670228
C17orf55,260.06889125841,378.494417472346,38.5938384641786,63.0522493166055,538.970485298051,0.443078372069149,507.607791230074
L3MBTL3,6.82646856632386e-07,183.682786848943,877.299870949677,517.348071305806,70.0462898550099,93.9786820910077,1.75769454310804
DUS2L,373.162518843388,129.617960893998,144.617143252115,230.799517757754,114.754560759975,258.943823064489,200.627853441848
GLRB,146.959714830344,328.941377606658,1.57068125330474e-10,121.381036474636,3.45073799609916e-19,503.195711738024,1.2716235321284e-07
ATP10A,13.9154244196572,203.08759890797,636.867828941968,145.864945388353,0.501706926600342,270.783968819677,0.00156550404260628
KIAA1908,98.0772171589033,153.991935466701,355.765064628033,4.62697967102203,99.442661623123,93.7748547284555,26.6949925850323
EMCN,163.170703040831,122.191349530822,295.988197720561,45.6595199072581,47.3507662225997,0.929226405422015,1.2030562509987e-06
AK3L1,3.96399651708817e-08,9.64168348537081e-10,4.13202053266246e-12,114.738177011558,45.0206394140274,333.214923975021,159.502744076043
GLB1L,177.629220107627,275.631709856002,1042.94996766693,127.031717110491,60.2404917586102,208.270421958238,139.375472370815
UBE2T,127.649809352273,311.300900241405,66.0505615937621,578.54267888128,269.121086954789,343.455080601457,52.4777444182741
MLF1,291.298191711496,143.645576703798,56.2086499864674,368.960718769189,129.563916609202,325.746864975474,3.65051783214855
WTIP,527.826290705049,322.181741731034,53.3663484712573,86.5587497531505,5.99510025164488e-12,68.7419874095376,2.59154573417652
WDR66,343.134666561004,323.734298379733,5.96001001377246e-10,0.000277906014668954,1.03901733322479e-21,132.25890148001,1.82152722695575
RASA4,185.794815695675,219.067928247295,226.418681870007,114.060491565249,11.5434450023661,175.280448156733,0.0672997394413356
REST,2.55428863431057e-24,318.694593068784,898.945221259006,148.466196833337,87.127645425463,152.375429392522,112.214725891247
GJC1,107.24125017877,224.053674394376,141.622767568406,0.0799309153485424,71.9122540480207,347.248243839253,3.07240351791886e-06
CBWD3,108.595685698132,278.070062054117,116.706710666177,300.922500415115,638.097333564157,183.787250292742,185.560880000323
POP1,159.201119227563,258.813981140404,101.397274252606,119.391319523903,87.1787317037202,193.428754575311,0.747122273940212
CEACAM19,400.181448595936,175.389083282718,318.666285516571,128.408639718546,320.404592281159,399.900923080183,286.544727279941
MELK,112.619518142782,158.774278230736,35.3591068077501,335.678673068588,297.874459746082,334.936356574056,150.507220771525
MAP3K12,149.424609954555,237.268275309133,74.523852417831,13.8299672152566,8.29042434140669e-06,244.923210855081,97.1820038289933
RFX2,523.96120951817,106.781158615603,152.687541431668,28.9526013463973,7.2142693916009e-16,290.495375510874,358.308280488047
RSAD2,5.52577805549194e-09,184.540195106329,164.423842495721,8.41067008473029e-29,55.793323764498,98.5103532683292,622.754158792216
ANKRD13B,317.416544885927,182.538191424039,172.835334970882,437.226137991391,2.67399252802769e-13,510.871765635436,250.577240718414
MARCH8,3.75377852563291e-18,463.328756295135,488.879655545099,112.229479043172,289.184994213314,212.241308092814,2.66169809278568
DISP1,100.454289108658,385.937932888088,458.689019595419,227.552926101239,459.350466775217,122.811070069672,2.75292937341712e-05
FAM126A,1.84789559167331e-10,124.415723570501,430.556939698097,0.0015382731388447,124.644041792518,316.396002804393,1.05381657123356e-11
LOC100270710,283.846740348046,148.454538270936,0.0741875741295342,165.845845674298,38.3191703600141,213.788681456778,116.459288064422
STK32C,552.090774805238,137.368452188153,52.8557140378124,83.9880302441873,70.1142099710912,349.436700345288,385.797992751245
NOS3,76.2190417255027,138.009806012517,230.871970552157,158.977003376895,112.118866946119,195.330205286718,0.0351297982432268
CMKLR1,38.4756758971,82.1949385477446,98.4800236881102,2.65768149364588e-06,32.1784882842934,139.318177169978,8.98920818858985e-18
ZNF69,547.402366798824,368.073785173579,194.018884436426,22.7149798360127,4.35019527605295,163.355390784876,279.366097065535
OSCP1,808.9570129687,99.6560570974571,121.735118182912,48.6330509266276,3.98940706837557,209.874780132167,0.00182006940834702
ZNF626,97.2918760479544,130.093005864215,523.398446288547,7.4778564459577e-10,168.684455910634,76.1019768620088,60.4582697388122
ZNF821,435.450363813648,290.601674053574,92.7450227591911,91.3348016096923,101.858069271551,72.6764560817813,222.170403011511
SS18L2,361.584621999754,148.224476268748,185.324652820757,234.74664670723,136.538473022803,149.86216850836,120.394714112575
DLG4,15.4547781214981,201.978124387589,559.458068312516,91.5963864568399,91.4685158272139,238.265961468506,66.9635750975538
SCARF2,142.159216096925,293.420818768581,75.990577369249,44.6733965267135,34.9727750676228,321.625618074413,1.30091939381129e-05
SHCBP1,62.270292814772,96.0874933012446,0.00356545349419967,164.979370881117,185.998992970596,331.833973904313,146.349161088224
SEMA6B,217.403437981898,375.691197608622,184.994945012309,0.000544694220716411,279.794918387949,150.872769903351,2.55460774828697e-07
SSBP2,103.47906933957,261.374939278143,296.649068317872,31.6945396444537,0.00298835849042827,603.444996015092,240.439242676075
CBX8,247.334485433933,299.309442032069,571.387889639655,590.084062432867,624.911703745203,127.212375409932,232.234858607824
DHX33,4.67802367216863e-09,418.900111540587,420.851810652444,696.222138333403,221.485760235836,164.10618572235,0.00316124294185405
WDR52,165.690043753798,282.468642571065,102.004227525931,945.637925632328,157.402612889112,5.94526346885415,93.9000726126086
NANOS1,545.045576406913,150.483400811409,69.2840019624933,254.868491189719,86.0408733618713,328.105138370497,121.832531981301
C7orf13,312.161818399397,223.480894993906,39.0033739021262,311.469289306791,316.629078090322,77.5612555712094,0.000268941778580038
C2orf55,224.143582457357,141.278223360739,90.8863820803974,134.024902082532,19.3396051529962,135.039258807631,14.2642618297195
C17orf86,276.513702390836,156.91000580286,69.5251844065878,473.19626744754,100.753143716466,208.70739298366,277.309324067179
HECTD2,28.0858045276968,521.312316282954,303.343180928693,69.2307879222681,82.7128001901317,95.3443009686786,0.139797672911141
C1orf91,653.815295886891,131.089366020474,145.569497816242,297.624529985389,52.1375855298608,153.92893370617,568.55490410985
RAB23,0.0168687855885541,133.230800542995,413.207773758405,193.100707606769,21.6551985241826,186.77207747506,0.00016198281382777
CXorf36,199.454040603759,209.471305317242,383.920966371231,59.3813712332137,119.409172493908,34.4904163983403,0.0402203070248869
SCHIP1,29.9970658494255,198.298071700329,184.742587107369,128.894065336952,20.9276212695343,534.233194632803,123.69713149334
CDRT4,300.064609478339,295.261554687755,125.136710155056,437.723105555591,21.9903036180433,0.35137712552595,177.122100544579
SPTB,193.784003463696,361.436162184359,115.705218142668,63.0137972400571,0.26954900679183,0.931114189585604,112.342268362993
PLEKHH1,35.9575193538895,253.37197025716,377.7581096557,628.870533162495,144.04188334872,45.5720006722423,367.480966158043
MAP1A,52.9045166770852,220.401742091292,135.201250718591,180.688342099416,3.57895009298277e-11,121.630197108974,1.42750659545347e-09
LDB2,105.49596117214,168.407547101698,467.99815096885,92.2170484218755,113.902094264014,30.0284729691702,2.05917598965541
KIAA0895,255.022243328094,371.145984105166,323.652857007369,366.051323339979,1.04042385449312e-05,265.889781653291,89.1895826773908
FAM115A,1.0189907996625e-06,398.185942057442,514.865439903453,171.456831927189,121.039546944634,368.939480102309,0.0160253620171517
C14orf80,550.16673668074,71.3876451398313,36.6116569793599,350.20857507348,94.5284464784591,229.656876260316,255.667205583545
KCNC4,198.001540731865,207.665448196859,87.0634995185506,73.1137052656042,34.1234288321571,109.596945007886,52.1537795636408
EHD3,4.21036851642094e-05,256.669908566783,254.155787666455,50.5075268735036,20.5063682617423,144.717708248971,0.000102440570555164
HES4,684.662230463899,188.862234542023,0.229392206240069,0.0208387715409084,69.2722281533569,428.87787016513,286.306525737954
ZFYVE28,91.9818166276778,197.047639289694,356.948419410399,1.75503217972202e-06,703.128969312544,3.32317549889015,402.931235294127
TMEM38B,147.113893997456,150.046462911479,485.655825837945,168.449453748853,283.046373389807,424.864711404038,192.212192846159
PGC,1.88254930834304e-34,7.93434485964582e-64,6.18098356990003e-24,348.619038502659,19264.9763691886,1.6877765446099e-68,1.53508398561901e-99
TFF2,748.245211096177,2.66439159849062e-63,1.29549793502513e-37,1.59964296295383e-26,1.73438609679335e-28,1.35547006472319e-63,5.74112196000222e-15
ITPR1,1.28192895779352e-32,376.517230759231,18293.8075945018,1088.77982388889,1.24452174783423e-34,0.00124679988048669,2.47839701307259e-39
PTPRCAP,4.42954571132127e-31,2.39801980721421e-47,2.93687228843277e-62,2.16425119594395e-47,2.49615831364772e-50,2.41902078334707e-46,8.07735576209633e-56
SFRP2,9.23053365186027e-48,6.96194670307785e-46,1.26169610500577e-32,8.76579775213347e-32,9.79984795695788e-24,1209.89607969279,1.24930096440265e-22
TMC8,4.91352218105174e-47,7.76237121098619e-40,1.96795296913701e-57,295.999478778751,1.58807556312124e-52,1.39133189868623e-35,3.29370832999825e-48
ERO1LB,1.38969374048712e-06,65.6618215219464,18089.6668310657,325.489570455331,3762.87575282174,181.329435566981,82.5410403221646
APOA5,4.71449481556601e-18,7.51512590383255e-33,305.928116372049,2.94053756501302e-16,18512.8743867758,6.4000914309958e-10,1.75338405512729e-26
CDH17,1771.64710506034,2.30278918871471e-37,241.144912902589,258.726101454457,8.99412114360757e-52,8.87154464584986e-55,5246.59955409116
LSP1,2.0577947199216e-06,8.60985646283451e-08,4.10882382060575e-31,0.00365954325806733,1.32448882468145e-21,1371.88879885386,1.96126435676353e-05
FMO3,1.50257595389768e-09,2.42812947365183e-08,0.00420037382680544,0.000769955582873739,17543.7521043643,4.52991292657427e-12,9.39143440545182e-22
COL9A3,5.53024203803848e-63,540.190402088583,4.56522677754046e-48,17442.1175804876,3.87385528680307e-06,2.2844133884441e-41,1.16969420516971e-42
NGFR,198.204731300666,3.50887613924053e-17,17525.8594461405,54.8976526253574,2.11382593992073e-08,4.96004038401475e-27,1.85115949400462e-32
RTL1,3.73666828032481e-101,1574.38589028253,1.81345412811783e-169,382.454252431876,468.897784696554,1.86437361904874e-23,1451.55767865871
ADH4,4.2753234233122e-11,1.10801878901872e-23,1.1636523892041e-16,233.265965400242,2.57170382015907e-13,5.58502329739978e-21,4.8631772058375e-20
GCG,2.05518281740044e-60,1.26367895085157e-266,4.67103976312946e-42,1.93895060165918e-32,1.08067005394232e-25,1.62112055325966e-201,6.26533331783106e-30
CD22,8.46099011258586e-40,7.89049727636638e-07,1.40659877932811e-59,1.32971847828171e-37,1.59111166102875e-39,1.52173769907917e-15,1.21895482669945
LIMD2,364.843674899936,4.80675100877578e-07,4.65174511979367e-13,423.785380925379,8.00139077209329e-13,3.92713834363255e-25,1.03554814606329e-06
FOSB,2.13394539126203e-30,48.0596596028478,2732.23425150492,3.40445369448156e-40,4.64406394336499e-36,11744.3775093841,1.32052956052575e-23
C20orf103,9.04945963466194e-63,537.772302188948,9.27583815954568e-69,2.33755232062603e-66,7.04277489417769e-62,3.36842082699544e-43,7221.36264453257
SLC15A1,0.000690166945968712,0.333527179698866,2.02440341155551e-29,3.79820259926565e-20,774.154472573935,3.62255553643198e-23,9597.1189097193
UCP2,1.06345857791663e-05,4.42722771203925e-20,6.87233932885139e-22,1692.93239940975,2.08249383431063e-09,445.772929913513,1.10022619003813e-06
DDX52,2.42387248115433e-05,669.917054252637,511.474262822234,446.425324325652,0.00033583334105592,371.294231077022,1.38672900427761e-06
AARS2,108.349179411006,200.886722636392,332.978652149262,723.29153629779,598.538710289899,1.35588435459658e-07,2.40422386974142e-14
MAT1A,8.5266301908216e-15,4.66727815881525e-14,1.28647485493866e-11,8.76769691306303e-06,12280.2450473292,0.00103777010223269,356.886946385537
SLC9A3,9.64693166871871e-53,1.1399729521256e-101,8.42963039492996e-50,1.57928822251612e-55,8.97437402477385e-31,1.50280123035787e-56,4.34078990357813e-69
MEG3,3.24092519701504e-47,1397.95209726375,3.3800591609193e-44,1.07695491030207e-06,63.5964719938662,417.686704343145,12492.004353953
IGFBP2,4.53108914959432e-14,2.12286892782764e-12,1229.22173293407,14479.1261844521,474.27071930234,1347.6417734008,7.55409626832559e-18
PCK1,1.33372304631501e-23,1.19370397485371e-19,3444.69037833774,329.221326887085,0.000651162268653412,919.354495189944,0.00316415380570184
IGJ,5.85467874759061e-31,6.03887827105892e-17,5.5388618389577e-35,3.30817091039755e-25,3.01115707632556e-43,4.39141682754709e-28,9.81975784818291e-47
IGFBP1,5.41211688989326e-07,1424.67999126433,1399.90452401475,6.04935221452856e-10,590.270505727976,6733.30354916193,427.71266030654
PPP1R12B,3.78322522356648e-22,2859.83673239985,1063.23410016053,0.226100119664418,750.431601723542,3769.28854218987,20.8408209839227
SPOCK2,7.26050261278702e-31,5.60798642713716e-18,4.62860464916045e-27,2685.86892212875,8.84592670161257e-21,0.271575203918541,8.70622664960814e-30
ALDH3A1,1.04836616470214e-51,8.20096922183139e-38,5.45641137533957e-44,15371.8367891587,5.31717801651925e-51,1.99423689855092e-76,1.92612148065382e-75
SLC5A1,0.00047198435511505,5593.93479341864,3.12900107509971e-10,9.18150063150184e-09,8.10425116178057e-32,5.26154294537045e-13,1.65780397478658e-23
KIAA1462,2.93753830779486e-31,5204.57422928314,542.095609393922,8.93954985534781e-37,1.17483298973485e-06,1.83443895578305e-33,1.69230989033266e-37
UGT1A9,0.00260158971730256,3.80106342539652e-24,3.15063287432179e-28,210.923429202146,1008.98819168887,5.05234678074171e-43,1654.80907537517
PROCR,2.87840604423706e-14,1110.92342013869,14475.2186099133,4.81387600870568e-13,4.7491974497204e-44,2.82285108034998e-13,8.84140809302094e-27
CYS1,9280.29317181203,6.32304207652692e-10,0.00772335953396547,2.23065629931862e-20,9.29797476377595e-44,1.44588168586342e-29,6811.64889422475
NBL1,1.19384670853209e-11,1.08713961427171e-10,0.000749449789342793,2.41360597435042,0.532609855579228,2257.8772572959,0.000885011657338853
LFNG,0.933634886268495,1.48078873047562e-35,9.93484624379069e-07,1988.71167848727,0.11206176111996,2.48787909742187e-40,452.314703331396
TFPI,1236.12904410577,2.70500678449581e-17,3212.90861172661,1.37496783167631,5650.15831795105,1637.9404327952,1.39989945905615e-16
FCGBP,2372.35002681421,810.934763316352,2.74664448391647,130.135616419406,0.011681523773002,9278.03271614475,1.05729946361789e-18
ELN,316.175215505077,4165.12194069732,884.202091182823,2.55651132752361e-23,0.00423448004847323,6.88708686290306e-09,9.7712535729667e-30
C2CD4A,0.00573812026842491,786.579996669019,148.498725792618,3.86172611106428e-36,4.82388020539113e-45,301.779472607491,8496.67532872244
GJA1,548.324974796086,0.000338826034043051,377.021015900384,898.33128079535,4.54829095427188e-28,2490.79521405867,3476.20198183344
NET1,835.098308306531,1790.38960577892,14230.4743377109,3289.67638081223,839.353539110838,411.907186657831,406.287701646011
TMPRSS4,3.17926537731921e-39,2.2219122886704e-53,2.07748637659545e-42,909.387908398346,1.38156527090947e-44,5.9876517108895e-60,0.890267705014157
TMEM54,8994.06224329161,1.29742249074892e-15,3.63901107160604e-10,882.777681567002,638.493791461581,4.85804025652093,3206.11730615897
SCD5,2454.15218550695,1892.59199305716,485.781851229104,9.72343859884564e-30,9.14618071323731e-16,6205.02494403667,27.3914605954807
LOC84740,2.53986213382121e-28,1776.86808327492,305.965218290375,561.22684591648,4.90966848330581e-39,5.78622111663048e-35,1.43601530315289e-19
CXCL6,1391.71921163021,1211.37294476705,1.35751180509163e-33,0.0247293765076716,0.000216133626764202,2296.43603924448,563.429719466967
NUP107,245.178574544432,686.236247366778,514.804644310065,14803.7604545394,494.323732353367,618.102530958463,503.165596786973
ENPP2,1.19926511813356e-13,5033.17925376307,2986.34025299413,1.78164686150881e-43,7736.42179707349,261.486353216206,1.0245438157249e-38
SLC4A3,846.147618420632,1934.84809458263,13861.4823822208,2.99044578387292,280.087994701031,266.743552368314,534.093227085631
LTBP1,1.1918508400297e-14,1221.53511587639,691.608250703355,5.91031719176703e-09,5.41353980160099e-32,2017.49748519503,6915.836461604
FZD5,131.482133193459,3579.0060862103,11869.9463793994,2165.09431120795,1128.81775198248,4.00512903520764e-14,949.542295303083
SLC1A1,12.2921831938989,3623.94841888517,3.30233526336019e-05,6.78200617636645e-31,5.43285173022101e-05,559.538403862433,5939.1173714313
CDH6,3933.96048077161,1632.36577082382,265.941677211125,1.62012599862565e-11,4.05082141194089e-07,1325.53411987624,5996.41143167355
WDR72,942.453627180716,3250.13655834184,3.26224699473126e-33,3473.34650140666,7.28522219988567,3.51747678324806e-08,7349.19625110136
EFEMP1,0.00124382594053291,1190.59187329732,3470.04135394078,1.25021257140208e-05,4.67544194173641e-08,8270.70894458179,4.14235424898938e-27
PXDN,1.63143477807103e-20,3990.33818954623,408.631748424672,809.990232160955,206.470751418139,1541.10751059852,1.29936144643996e-27
NR4A1,3.72986141414142e-23,1873.43875205527,1016.28926470032,10600.6052091261,1.05576208009231e-19,4365.74989143583,707.024923692524
VNN1,0.0771796801520943,595.649303066619,3629.7253028904,0.00455236646712801,886.015965946793,1159.54532623618,4240.57700401988
ENDOD1,0.000795927419767675,599.324139274873,910.247214539633,205.216084700898,649.742438181451,2002.57717660999,9631.92635912272
CAPS,7779.71448770108,3739.03540490369,9.01787089863895e-17,0.00387599172564271,6.73186215220631e-23,835.041499921393,1142.01358216077
LAMA3,1.70134012537641e-10,489.748426828286,218.982917375984,1038.25980846639,3.98068904897165,1959.61292299873,1896.65542237631
HSD17B2,4466.80040913176,3040.24860637221,1881.75648884573,4.49568056136376e-31,428.504787773262,8.88858429584349e-12,2731.93232625875
CSGALNACT1,1103.00398976015,2123.63582407732,1.86833786249089e-12,601.743493221477,3.09777479031672e-09,0.101621306478192,2069.12954328728
IFI6,3.43804124238942e-10,2430.69607004292,884.36286993828,753.380609403694,1109.80390413309,1100.64805619099,8737.03844583873
FMNL2,1.29097986354521e-12,592.740134742309,1.06382413299986,1938.87857055534,4.21602613167242e-08,1050.19295376378,4617.22877171735
SMAP2,313.601731162184,767.14981749046,2170.80627057285,1.7246970233383,2680.93365630955,1075.3916787482,119.503682203293
PTPN6,1050.85297787261,1060.68047874961,839.748073891977,1549.24443948196,392.160185487274,732.491174630426,1001.39128734739
CLIC4,1.47909320305906e-06,776.737265469226,1085.35940261568,890.051460274496,157.126694238443,3318.5676038638,2.55053285710152e-06
ZBTB7B,478.552822539201,4150.98234357945,11503.6296539035,2298.16102524348,6396.30481184244,66.7548679717526,1258.19620180626
SLC16A3,6.26048765134703e-14,1660.17867435885,7.72597796164722e-29,1850.18995599264,2441.16955228743,5562.68864624946,130.472571608653
FLRT2,0.00116854833015375,3971.64556115888,1.12132884156411e-11,485.692850109459,3.93677779218367e-14,821.373652009328,1101.81533660551
EPHA2,51.5196955914539,458.356654547074,825.246164843627,322.039778280969,981.989496196177,1897.34035697644,2011.21100508706
ID1,4233.98799892753,2152.8045465423,0.0550388003282497,3484.03992539228,5.48878867967622e-08,3684.55364423232,2567.990456126
PHGDH,0.531198613084109,1134.19552534895,225.711148682208,184.229410570407,0.0458619550472965,2905.28297851363,1889.837022121
CXCL12,1445.02807773332,675.839418170831,5.85456609241033e-06,443.4782905517,2.23295896018259e-05,3.71490001815055e-11,5332.84923042974
TGFB1,72.4470580927107,1519.67803337711,349.799175621585,0.00767857683684054,0.000897036809926331,8807.34604153635,8.73020556889213e-07
DMKN,2099.37769236456,1211.87446711799,3.54153723857415e-10,686.63614929425,8.08047329567293e-06,3048.39962439409,1576.43650811111
SHMT1,1647.41779665322,1375.73982229978,773.517437936866,1122.25387641993,13269.7670143689,860.151677001482,0.0030636551825794
HMGCS1,1582.29402289152,1263.16565155056,2106.64622860963,2191.39601727662,5797.65512929246,1221.88041789148,2227.6813405404
CSK,1725.36988697822,1074.79823935406,596.793491824195,3357.76868669851,962.508658744668,827.546856579942,1207.94439253404
WARS,574.527781478729,2.18920011370634,814.870436624711,1372.51627186981,2187.41661951132,2620.47105376625,533.73950294427
TSPAN31,1636.51573030622,861.059404266707,1645.01197689892,13308.5000317365,1125.61799610964,1377.40044083848,1959.64350371552
TMPRSS2,3868.92615278915,2128.14840376704,4675.00726227205,2.08483115561664e-07,1011.92186898158,0.00864694724931638,1708.63880696782
PDGFD,2289.96120903096,1123.38333584734,1332.92638711445,5.61002765472967e-18,7.86140745133246e-11,3926.88644437556,6084.56644607454
C1orf116,532.199686418707,4703.28360368613,333.107883244291,7.34554542888089e-14,2.83062190542538e-24,2554.25420572569,592.008102094759
C1QB,496.667551994016,4.02667839046547e-17,380.562249501728,6.27807692470379e-26,13.3033853358119,3616.08234679896,225.338151735442
C1QA,1048.08162411332,3.49835397682151e-18,221.927655356954,1.20179744706153e-22,0.000486686995128443,3661.59077388827,96.6216660978834
APCDD1,3044.17786977696,2387.13010974152,3.91789275040892e-07,9261.78662347379,3.7975607712596e-21,2341.34199468515,5458.44111454217
PLEKHB1,1993.52993304458,5084.86524649158,1032.91862663531,7917.22441967138,1.64631770379369e-15,1207.15430401256,154.651690483179
MLL4,742.282266362466,2220.15829394239,1886.17277219222,1939.88113361899,13426.590344849,2855.77077707377,1071.15231053314
LMO7,194.119001804743,1935.24276439852,2458.78492962903,1394.21850214093,1242.3587055135,280.929887348056,1092.7223000415
KLF9,970.873679796128,1030.48715758072,11963.1309405515,3.46258713429982e-22,3687.79028914037,1846.36924097563,2.9280428108536e-12
CPSF6,777.895087133691,2043.27562928491,1170.597498877,13488.8869279527,994.685521575363,1230.49163203824,1738.90958332013
LIF,1.14554450728895e-05,1729.8812954075,2.32495798194975e-23,165.070785010076,2.80359380336289,2607.95748911418,8871.33897508872
RPL9,8192.28476200649,602.616922630159,827.071752937495,6027.30425861235,2.22277636284998e-08,2070.90797612532,3.5035845765284e-08
MYH11,638.925113088835,3296.20648010049,5016.0401532231,3.00261219624891e-12,2.07383071209022e-39,731.998000975122,8.15091372019237e-13
MYO15B,2031.50297611215,1861.96048328034,830.058020612637,2298.63414050619,1044.59039487915,3214.29842032007,11688.6207674012
GAL3ST1,3310.75308059298,1252.17188923027,834.081034443036,390.321322344628,669.341223423096,1535.49552947471,6943.59380987852
SLC44A1,1104.36569160063,1107.88677410714,11354.1517513852,4947.39165335497,1862.42862267755,1669.06977876039,1830.22034767625
ITGB2,8.20204907910596e-10,0.000164410937857238,5.22704996310109e-07,1.47725324221704e-14,9.35887983392226e-07,3508.08353065335,4.80356700140126e-06
NAPRT1,6003.78974410391,2064.36174718739,1381.92487906044,2621.40376841366,1851.0187122435,1490.45712848898,1396.97308947892
NUPR1,6273.06064368509,1.02020464560108,463.079848993188,3.47528731625794e-08,7390.64003465893,9.2028447970641e-17,659.569568561532
LTBP4,1569.40684103726,2741.97314028984,2609.77401417457,1070.64903244646,1329.15148623807,8135.88763101864,2.02052494053546e-07
C2orf72,4161.9120143774,4176.7116362842,527.49276953557,2.26554051692428e-06,4787.99736738719,1.77612786785613e-06,1286.38238789386
PCDH1,0.559520577159513,2951.84811017718,4653.83017094636,639.202814604696,1369.84811837764,1144.67369700971,2858.70706814933
ABLIM3,1708.70950762337,2605.11594135182,2277.45257675659,1.92566174113463e-21,10173.6372021873,2788.53890313144,2053.14927184803
PLIN2,216.337321026431,196.72389460866,6120.26076708064,544.226601696772,7646.45390654029,1850.20321567755,2316.72670010235
PPP1R13L,1450.03229928519,3613.30101061378,650.205046328302,1.15629434627696e-06,265.191515434125,8440.25222169795,1008.68325367988
B3GNT3,3446.58393265877,876.442938067648,449.451102874553,412.156635751558,1299.66551038054,3773.4989443071,7183.06491427169
ETS1,6.18732905173953e-17,938.805230930869,2869.19577376255,3.76794655584769e-06,49.3930864208059,3349.70389519271,5.16629060932811
REEP6,5027.09966270055,1375.08069276709,4.61379204987509,0.0255515391237847,961.114787699852,2903.78214104022,1980.06494043094
IRS2,1234.96194263739,3725.08737952323,5379.61645898789,3702.65058652026,661.051980876586,6186.0835249269,365.94110059959
TMEM176A,3057.46681658255,1942.60889339149,9.77574272018738e-14,3506.43791251171,6769.35040310701,2411.4447555118,360.258226565452
AP1G2,2808.43824619394,1844.53785623174,11149.1406104645,2542.33281557591,4.36115687925969e-05,2403.62076392285,3690.60043507075
WDR34,9877.56892161767,1564.03220499339,710.373125427438,1870.44218633309,1707.34672070504,5479.37279232836,1333.87551848458
PRKCA,943.942779330305,384.500547472966,10433.9950325565,3504.57945492181,1064.30253722055,1565.57536384808,5104.04088916049
PSMB10,5265.84205964109,9.95823096174215e-19,5.27858404693627e-06,46.2767347751157,1470.34472786676,2069.65760993099,480.420172076718
ANTXR1,5.90816957804867e-12,2939.2021602292,1121.98921005143,1.95038859003872e-10,0.485570085466224,3214.03394131871,3.86071893399688e-12
GRAMD1A,896.151790024929,2270.88262745526,146.244039393786,5770.40160218635,481.08893336329,7229.80877353939,64.0618626728317
SMTN,2393.81913846287,1379.04289249405,460.907361089486,2028.96514092345,386.927067919853,1891.23602743436,4459.73510999126
RUSC2,1927.72385177246,3797.50561897089,676.305617727556,6.47474360474395e-13,34.1220651728348,3581.31895685137,137.24674626111
KCNK5,4713.33839426858,2746.00780250888,1.47195166626817e-07,2.81212151521367e-25,1526.49151654476,1098.89366513622,7905.83674951468
GIGYF2,561.748805332378,2124.48622141602,11701.3536326255,2049.14723540493,948.609866582257,1470.50310371885,1031.24030575266
CD68,5.92035083702314e-07,0.374840669564516,0.311028026084501,968.617740555301,3637.85487852683,4051.68190096089,2187.3314779066
CACNA1H,3266.21061842028,2679.36423933921,771.934266513288,8.67464385522114e-28,1388.23116793656,492.999617987244,5468.31382157921
RNASE4,2496.35182731502,398.765165535311,1213.52142608597,719.823854806285,3207.77946333358,1275.01006292332,6947.3413282851
PAM,5.12914595105113e-06,0.00143175029169062,2425.47579017396,1732.45587748687,466.89311967288,6238.78638261274,1177.57846358032
TINAGL1,944.074906379026,985.948620442237,5537.7361991135,567.473594560868,5.59169985250973e-05,4322.44513524095,2340.94952201785
STMN1,3918.48750787483,1229.52391256365,1.44544803184825,4004.65198099363,2991.17569547826,2315.25374801263,1610.78169313151
LBH,143.220171992841,1257.71797615609,822.432999328602,0.000470455982248007,26.9781195280801,4046.35953967759,2554.02958956079
NDUFS6,8210.61312999784,28.1355662616363,906.22347054498,1519.97982061014,7642.87220568356,1175.52410027441,91.3515569006027
GMNN,4411.88015387014,4934.73822503263,1082.69224062277,0.00566972416712379,441.448453288622,43.7581428946191,226.684080129831
CTSS,1.78078753860252e-13,2101.27739404508,703.679748741995,1453.33417443475,4772.05124097275,703.239497935045,0.503238014900307
MYLK,9.26951645628837e-07,1455.96931920524,1477.99716580406,6.2051323850812e-15,2793.1643115012,1323.19137196586,8.54083122233675e-05
EXOC3,2986.18917578108,819.101007377029,1109.93263090853,1216.67914274775,3081.99064042361,1530.19988963142,760.711209426892
HSPA1B,878.02808310203,2134.16464968975,787.356595658833,9000.53695825851,629.914352683883,1643.00814972634,4425.2314456866
CHST9,4404.95676938607,2425.51980613787,1476.32011255858,2.3017233704765e-24,6.9306180294458e-21,1449.57027554035,2792.12926758115
LRRC8A,1533.3428746911,1639.37240081265,3029.57116482509,1317.8279777599,4111.2846952808,3077.96813533095,1534.06060446737
MTUS1,1453.87908839162,2670.27983595525,5275.34717192193,813.67420403965,3201.35074922032,773.952267985343,2749.76756673899
TUBB6,3134.56905266891,2241.60325567294,1948.93635070926,1.63797703324684e-16,451.848974759458,3654.36904659175,531.33105780891
ALAD,2530.33251510122,2175.79485136027,9091.25486609142,830.505537604057,4568.50326548791,2321.54095235352,794.527934819631
ARHGAP29,242.719962239339,3495.14541910531,1090.17300599169,0.506742135369003,4.17288545096932e-07,1606.44883882121,856.645582182229
AKAP9,330.82981829854,1932.00595944087,9925.61754847254,1578.53142837529,560.048856526384,843.047252906678,1965.49875901492
MALAT1,761.720528500921,2503.34969362836,1233.13063184123,1959.56851207986,2896.4082724137,1213.75773340602,3613.41286949999
SNHG5,7022.43314880209,661.544700625962,0.00321864584316291,5502.50200394177,355.043317303288,1485.32200891838,0.0690063649876445
IGSF8,2602.89472733904,5270.13428308162,2515.72903530358,2589.90368960044,2628.20428492338,1195.67632296475,2215.71303430226
ITGA6,0.59969758164489,2041.81774736147,3169.77614058114,3124.21743444382,1700.82837747203,1368.87045394285,1658.70378505505
RHOU,3046.41687153438,3982.72948360172,2930.51356698329,825.47005489834,7030.02035885689,1249.58390862611,1858.43724210882
HIST1H2BK,3495.88943141911,2054.04217639944,2049.57386528862,0.405834809301937,1276.82776264206,1191.47203845107,4911.04893411767
SLC44A3,5364.34960018787,1899.54507868695,1533.58300324049,871.021142784065,0.169935236753082,6.29437280227704e-06,3892.31891565883
RAP1B,1137.53598721897,1263.5703453868,1495.45584255105,11260.7504713933,1075.77877046111,1821.56436217867,1460.72859310375
DUSP6,151.859008025573,3707.85055509835,7811.10598767104,885.705592943017,1513.60953974981,1231.02264237455,583.833226606643
GSTO1,3818.06585939634,430.527247024314,897.884706913884,788.601012731815,3468.61832191189,2939.62550397548,2598.78821837456
SLC43A3,0.00058365085512562,2786.96755984608,1914.51739638886,1.69404672316583e-05,7731.55267856553,1515.36122470643,342.918527704796
TUBA4A,293.962917576744,1384.351077567,4200.49938082908,1065.35873003742,739.163003771212,4766.51863219712,1955.33081916688
GABARAPL1,2916.47062924224,1804.43097240375,3718.2222673111,774.773506346015,3957.2770791056,4722.92543055056,2169.86772727086
HTRA1,2323.98155805726,2972.98723258938,2047.01009467211,4.12544859894553,8288.68033726635,4138.44841606122,871.987042384248
GADD45B,3481.7595185269,722.765235364145,764.066686091755,584.927047085428,1458.42003357213,8122.7920386095,992.181603467204
MPRIP,2927.95626971169,2904.14450873484,2570.84247063221,2176.21672882303,765.494057831319,2298.09787641523,2781.27942125528
ATP1B3,3140.7030498889,515.888077008851,725.51086810794,1258.26485396164,544.523505833341,1911.23403681502,4231.00632423426
SIK1,0.00180101318355727,2396.52759421393,522.719680347167,6257.81940672831,1687.50743206328,2172.93700742077,4268.45982603765
CAPG,2105.99485913194,2123.28659821988,0.512909969661203,1454.19301534111,8.93779096989979e-16,1908.62929013048,197.740228077582
ADAM10,8.85623725543494e-18,2884.24786718484,1960.16971105461,1261.85018850926,481.135657463937,4335.40480253589,3546.72204822008
C20orf199,5925.07572752938,1310.9977213925,350.701444926193,2273.6984500858,2.20634882526411,7415.1943993683,1722.03817279972
ASH1L,0.0022332578277841,5283.21042847846,2374.6378889618,1540.34337590426,1835.95495850085,625.867859360263,2082.76417478762
PHLDA1,1.58096355948689e-07,1143.95085231519,1117.24942181556,7090.39094171156,527.805170202066,2585.15020715897,2143.73572795311
SCRN1,935.15898717795,2677.36766260126,2372.68950197972,1302.77918805153,3.10671343419136,3877.26766888313,279.428641805627
UNC5CL,4747.52528231526,1782.05680532345,1192.98352486239,2.0513663536152e-16,549.364946637705,1259.22641024839,5245.29746218998
TBC1D2B,516.279315369535,2369.61790196656,702.588259803738,390.552642118328,4623.4347518938,1769.46541261464,2542.82816597285
ARGLU1,395.111176858916,2369.64348916603,1864.66113614634,5574.89145300692,1907.95987761094,773.485540174427,2669.85411218659
SH3YL1,1948.64566241076,3486.31837991635,4449.30322176183,2062.92501154481,0.00925739844929657,2533.38347941211,1652.23492527432
EPB49,4387.1445325954,2404.19756511313,1606.25761219074,1825.47881498106,940.404964856748,1297.52515341117,5435.57722297583
NDST1,1664.15191108796,3887.64612689274,4560.38336602473,6.48866560455354,4894.93584285989,816.773008937004,1204.60520232929
DAB2IP,1397.08660195127,4516.98980151975,931.886624350869,1191.15378621363,2448.04868328249,2458.18538949858,2904.66798763034
SORT1,1427.00292691024,4077.25831018202,1939.24376869678,1370.89148060295,3.94175692522685e-09,1885.79167982714,1799.74742618483
NDUFB7,8925.87763565409,484.215234187483,870.9745997608,881.234635159991,2686.85565111654,2996.50800328778,1364.93324874856
TENC1,877.019463601206,3286.39262692022,4687.50836684096,464.550076399773,2698.88851875361,1398.31898183565,220.722272058153
FH,1602.1851597851,2378.07504029772,2986.40118890176,1350.19053691031,9638.64568930769,2166.67256877337,446.471378326877
PARP14,465.191202786259,2111.71081795711,705.032109727234,901.776265692116,5660.89856369082,1301.62181449576,2925.88301448117
KIAA0247,1.79624805551754,3587.17864205236,2214.94918279492,0.0967926850764754,930.881675576297,1458.84681444111,5679.70099479895
GAK,2678.41046984699,1656.58896320047,1899.00071205044,10075.7301471224,4510.68522533012,1879.28670816422,2548.24980531349
DCI,7355.24416127725,1105.53418887919,1268.3109476684,658.496733192595,6496.4566166471,2207.58863822803,1712.91968735873
LGMN,8.65197898968771,1770.54879560017,1387.87271846235,962.344436386639,2238.23625044365,1724.40505587188,582.700377565632
OSBPL9,439.477735207005,2646.63572092169,912.821244443893,1028.73474395815,5203.69424671112,1425.61973392005,26.0659203118833
TNFRSF14,2818.69756648091,1075.01830393348,2705.5320921387,1025.01694211286,1100.08356655864,499.649929281821,2547.81166483683
ITM2C,1543.24997104457,2465.8125938019,2010.15272106917,2510.17354464337,1191.96806194523,1657.21800874248,929.41471889554
NDUFA11,9247.07066536335,990.831149657767,1632.01227360119,992.946582495911,2750.29335573171,2376.02546168262,1362.7928008733
TBC1D8,1673.63374438591,5016.68887074439,2484.25203501906,772.402947512802,1546.24977709554,1308.77568519421,5235.58530019756
XPOT,0.337954148303451,1270.53951479974,707.537512038879,9160.56729361448,1823.83679814075,3267.78254536467,1161.20571574863
OTUB1,5048.1659007283,1011.55738927373,1226.90309128665,1758.51126166604,1804.87473192181,4100.11326288469,4553.65923704289
LOC151162,0.000495917563202249,2549.97008931162,2737.63550464196,4095.241060045,716.988396366945,978.544246623536,2169.04092063352
DCAF11,1610.2591513344,1680.40627550303,3936.27396449646,2066.33625647628,9927.22675640305,1532.42603653027,1790.36895132486
GNG12,95.4350429733629,2365.19599035134,5882.44366631346,838.78371133935,1971.08500062556,3109.74176706506,1.90005216789444e-06
RGS3,2601.65362203642,3650.137634898,4583.18630375134,450.790250867704,920.884605897017,3889.76612547705,3097.75074718772
CUX1,2243.34905962839,807.260364833253,4191.56074245414,7649.46538284069,2247.98832750343,2345.04470706906,2577.19635450802
TOB1,804.469008826959,2607.29556671935,1198.75779070089,2089.91333831958,4126.5839058434,1582.75486043925,2333.4519211724
CPSF1,2483.35494245176,4514.06921490353,2376.67115478093,4572.86683407553,1086.93292769767,1851.09647329074,1425.61182582175
AFF1,1623.94800391631,2362.94455151976,8464.69120432259,417.989681217713,372.252361566891,777.401804647614,2705.39458283691
DAB2,3511.31670191237,1109.97700681698,475.677771038256,2.74005812954028,3.46720897234774e-07,1985.79447112017,2333.06571830872
TFRC,3.87666843728011e-10,2145.55836155944,576.200442342421,5735.08879688182,1872.10305981007,3662.58731461457,2816.61942027535
EPB41L1,2871.71617934275,2381.35354429595,778.661278768804,1130.85578111071,1.99911860061894e-21,1609.37796215408,6862.45018880832
YY1AP1,1949.57730537879,5358.37583804731,1126.42376179086,1997.53021965025,2644.08532556052,1895.60910510924,2463.48625883979
HK1,1.30340141257554e-10,2549.24996073598,4100.85789579937,2507.43167219252,7.70917894055533e-09,1901.06475323636,611.7729445359
GFPT1,414.694132916508,1193.42784484725,3181.31224153788,2531.62171626078,3991.77925591645,1948.9654686189,3734.62666655446
TEAD1,193.686718239141,4124.54212625635,2099.16191285946,624.297237362394,542.775845247696,2107.07769781404,2016.61132281266
COX5B,5929.99278649515,620.811901886301,3132.73490603621,1635.62272646588,6868.79837923906,4732.24154740913,1771.97971775806
PSME2,4009.0996785355,818.726624184268,92.4506731103556,1708.04069496398,5594.87798229409,3365.17883780475,2806.61677788887
LGR4,1.16666440471611e-14,2459.92082770068,3256.79045390825,1133.55368036266,1889.30578743603,339.722321662181,5498.55770028612
MYC,628.103017088841,1462.6691743191,298.418665865166,1855.81826015225,2.99388511986496e-08,5591.25499360017,151.036246948008
LSM4,7590.86744426215,882.284562479411,997.106109279778,2234.50692710447,3775.33838370132,2494.5614361844,3563.47783953091
HSD17B4,1006.43473330261,1492.15307051768,5082.6163223283,945.388195839564,9196.64405902273,1839.64722551011,1323.644070945
POGK,1111.69780749149,5109.57538205786,1684.74835428937,2449.61857088526,954.084982939092,692.906513525294,4015.78826056228
SAPS3,2117.00746948537,1708.83831988488,2645.82298760476,8865.45857327693,2425.14515815332,1669.00395736727,1449.1751440892
FAM128B,8392.31011476119,1177.73939723564,727.355091097732,2862.99599603353,1003.97445143459,2368.69698513556,2478.40519627795
CEBPB,2981.0718435508,986.510188189123,70.6163341399111,2329.58487773168,4140.70580177012,6843.8282166601,13.5084399415855
MET,216.393528784269,1857.6493369932,1112.03161357579,1383.58067916223,1715.15634757896,1851.63610262323,1768.2512270459
KDM5B,484.477106848581,5215.39776245305,1335.90969548548,2326.95984225413,432.782917215975,1139.68826017633,28.1465559214135
TRMT112,6000.35055962967,1456.59121924164,664.851694298864,1750.38361241664,386.004068549054,3009.76488069525,3714.40799906564
NID1,0.0128426258582095,3122.02322881724,2466.07562059278,23.5710681540943,2871.1448608637,820.464553108778,24.2159093892562
PLIN3,1188.52470681042,2012.9700937525,912.643548441808,681.312806172765,1151.4400047382,2500.25613021101,2292.15537005963
CAT,1478.73047152866,1569.8092823427,6867.98257337453,1271.19365354575,6074.62627970401,657.566456843316,1487.939254489
SDCBP,612.627244929033,563.090598644627,2350.35222393244,2667.72508825152,1502.58583969736,3948.82298671188,1123.75795463667
CDK10,7694.10068982553,1760.39568589886,1342.90582286706,2242.96851031759,1235.76162732908,1732.87505134685,1029.98749133385
SEMA4B,1280.53129472222,2057.14413722405,3025.71564004959,5372.62059900231,1653.61756683911,2539.33606653968,3153.78732051821
SVIL,3.37639334627297e-14,2795.06517228637,970.817497797001,858.37644609413,245.844753977926,3536.70414262019,346.726238035005
CD97,1572.42639409269,2541.38299852155,10.1296863638833,0.124152686288847,833.982670602207,3610.74651333028,4494.13645762831
FLJ10357,879.984575583201,4023.99718847152,2961.72802183622,0.00897643239965305,628.761554131561,1183.21010984155,5453.25528648694
GRHPR,4334.46763304225,2080.69112675126,2033.07769315981,1588.95493410916,4183.04687366154,1563.58375436036,1913.72166376231
RHBDF2,682.190866334411,1621.75656560067,1.98982327403419,1071.01843279064,135.364884822599,3296.44355527347,1472.36718527473
TMEM30A,0.00592836779542254,2189.52439961247,4215.08829796431,3990.57375439439,5238.55659775173,2471.65118771146,1153.6944070998
ATP9A,3462.17664173568,3541.07234443322,2282.83263709669,3537.74863626616,766.382205885115,0.284645874426638,4328.31853555625
CTSL1,1424.54193119868,1423.57102669695,3171.19890315336,1377.68790101025,2591.56061631503,5650.50127320086,5.1831142160062
CDC42BPA,77.3442832276485,3540.63775085972,3352.50512995969,1528.76748586977,1444.59427408242,1913.68266563899,545.178589900278
NUDC,5356.15998301109,534.395841092329,1968.02907899565,2425.00242764725,5440.93261681013,3097.62052231012,1871.26548187436
GOT2,2050.27319314457,1026.36905659259,3723.49818149698,3215.86823112644,6718.94565452103,3158.45050923635,2535.20759790457
NCK2,2966.90415370944,2686.27470989642,3083.33616908689,1592.27682678565,0.907863203187317,2132.94692073804,6154.28105709535
RGL2,2961.43104911076,4010.74348828685,1522.04085159622,5273.13760204563,887.847808944034,578.190014127761,982.518505005706
SLFN13,2172.6918565799,3374.52489573378,0.507294692959157,1612.87542149155,793.820790873539,1781.21861319157,2338.48503152156
HEXB,3025.70600651325,1731.06054319086,2295.27379545256,872.077075396679,8092.7698643796,2530.68134334107,3185.49177155519
CD47,1019.0485076047,3464.08139666756,1858.16277380808,4121.27834624628,1020.14011620618,3485.29994849942,524.081887823706
ERAP1,500.301080207124,1717.40206526098,985.407015403831,517.0431648575,1789.00194828025,777.680860451641,4252.14507554008
GNG5,5750.4933750017,2133.2670456286,1479.62704111528,1835.03930595684,1910.40529379289,2578.23333026743,5430.67529902261
HMGN1,5157.58725069075,2204.55320503168,1233.75501861201,4301.95821036401,696.219070078974,712.669696685317,3079.5239186961
PSMB3,6943.28237974158,834.664948514395,912.53090109082,3170.24757276832,3844.30309601036,3357.73908747053,1835.59612143403
PCDHGC3,3235.80092703937,2027.13851194497,3433.76351967099,1355.43743776098,4271.3275801678,2860.04559963464,4950.66641128802
TRIM47,3037.48577259076,2696.30925901454,1.37194037072574e-05,702.345325853826,1189.80222863464,3185.49815249805,1994.69709564205
TMED7,255.759432930714,2400.59914180616,2460.26638388303,1477.62877992962,7493.57816193222,2886.55472159769,4806.59814951489
KLF13,378.841587680043,3304.55811774046,4577.42800709891,3058.0113044183,5652.73228191569,971.747381798924,0.529615815091686
TGFBR2,5.58751252149141,1732.15673300037,4165.75474230726,673.690919812871,631.52167446464,2159.87941818434,4267.8290101641
KAT2A,3076.39433000164,2698.47289856726,468.506100769371,7163.06950061522,1243.07910827701,1944.17927355277,2628.63161658187
C9orf86,5660.98347605233,1524.14060602249,1821.16288021378,3333.04695155565,1251.15507958536,3895.26348432468,1125.05583675788
TOMM7,6552.17653813062,987.698480922365,1101.65152935637,3471.06085498657,1091.93936021299,2810.53370117953,1602.72871795232
PDLIM5,626.74740603266,2348.67108783759,6041.78106679172,1179.3620662053,982.766578445686,1303.11787513062,2220.71216469619
UQCRH,6180.82196170109,1823.75165843111,2010.44243539557,1992.00838584319,4792.54533893762,3514.35009476578,1291.08440857377
NPC2,3303.8103960964,788.455106274573,1178.68005100683,519.869711419802,2087.32559438912,2041.65555713798,1612.25227738091
KANK2,2732.2011010868,3727.88399037396,1657.98442875439,0.0300447044824536,2469.94752047712,1478.2128766712,1635.31829808299
C1orf77,2350.25165581131,5416.11228819789,1382.0157094104,3191.33832685429,2193.66275293388,1423.53735491001,2659.57355650493
CSTB,4994.11755684712,1315.47500831423,1225.5479652308,3252.16141502157,2477.59742417798,1336.01552891364,2515.23028599457
TSTA3,4165.99330005478,3285.71238280321,1132.30331570002,3572.49070219031,1381.04295307739,2436.39566446833,2304.40270201241
NFIB,5015.74478648514,3168.23077118773,3914.53677689226,0.455965248857998,1890.17567715292,1533.67721167605,559.492854388096
ETS2,2028.31463604524,2179.44633961595,1681.92535562037,3230.48920894573,308.664443557036,1910.32610798764,3617.48343818308
WWP1,1227.07043794841,3377.27249146733,2270.65413829,75.4223615169376,1019.44885203255,1235.7251130917,2564.45590065952
CDK2AP1,1372.288573255,2226.25948981102,1132.06573100824,1757.99090963796,652.040249809329,1471.1679067907,3110.32024697796
GRIK3,4.22155607003872e-45,4.02313968808608e-37,927.533261751132,1.0296691293232e-43,1.26269747222887e-74,1.59780484148538e-48,2.47760974833704e-55
PCP4,1.18543960967207e-44,6.21310987457071e-28,8.42265503252559e-42,942.766564270034,2.21730113318962e-58,1.38034834350841e-92,1.99486881951746e-78
THSD7B,9.42811492384203e-41,4.47246315234368e-35,4.800632404409e-15,1.87733646589981e-39,4.68067500062654e-79,5.8047319522882e-35,2.64034758752002e-51
LY6D,3.65531721973381e-89,7.21371842120703e-26,1.26637518497861e-68,30.989465512462,6.4657273510086e-63,8.82543294911105e-27,1.07375337755804e-98
HOXC10,8.50771004663048e-46,6.70867355192202e-28,7.007276579176e-48,460.952401711273,1.3616012914479e-69,1.48969546115692e-35,7.35422205238402e-39
C20orf114,5.1663124443309e-87,4.58835679379786e-22,3.143993576515e-68,1.85141220621361e-15,2.678931843105e-111,7.93062719239779e-29,1.16619809244284e-115
KRT13,2.36767601331328e-67,2.56535272736664e-27,1.48964419734935e-63,7.60684821765351e-31,3.15447044166046e-73,9.77413383510111e-29,7.94998376987057e-87
ROPN1L,2.31976483726519e-43,4.65089174459462e-36,7.53376715895471e-31,906.518488923265,6.55294570154578e-52,4.61421586193819e-33,2.03199253282847e-99
LOC150622,15.6425110685333,51.4154188083624,4.83931870921839e-48,35.4626787325302,8.74467387291179,126.430043547472,231.578114068182
MADCAM1,9.39036517076284e-27,5.0638744412996,8.52925779994639e-14,1.31091568216651e-53,0.367883805997746,7.18443804816195e-27,1.1920699784747e-29
ITGAD,573.02603822276,2.73534655696754e-25,7.21566982274669e-41,7.60821849380016e-47,2.39860551399745e-93,8.77044436720992e-26,3.45294202051324e-06
ZFP57,1.51192395994328e-20,1.60968541160042e-53,5.76656803142141e-34,1.18904470691969e-28,723.232818981849,1.65400930039979e-54,2.54041885728735e-37
IRX2,68.0322577604487,2.36291706009023e-17,1.13116332540024e-44,863.308974546217,11.1717348578492,3.71446547696597e-39,74.2044852927747
PZP,6.89231832240638e-55,1.70839430773281e-14,0.000893842316860958,12.2472650045003,1.42765375076999e-12,2.19519810466874e-20,4.91270278004585e-16
BEST3,2.735237788498e-27,1.54937714924511e-14,4.77708994309298e-11,892.359737781788,7.2396855256147e-34,49.8293687025436,24.5089019831217
STAC2,1.49218962445321e-10,2.34455370227657e-48,3.7376521717481e-45,1.70699268953413e-108,1.70947939972142e-131,2.14223997998574e-06,8.33415774639046e-30
LPO,4.53212676309663e-51,77.3556391021653,93.3640616662973,2.44000750330188e-54,1.89530640396518e-56,7.46523692804562e-34,3.36615600897493e-74
OPCML,3.13118591076232e-28,2.75474588833983e-13,867.727885669952,3.96876153984008e-10,1.17372990094561e-54,3.53031829812762e-27,2.45857628996034e-17
UNC80,41.8035880844322,6.81324358250152e-12,485.000719410574,7.9245152653488e-45,4.69159799797164e-63,21.4409214460534,6.41824307459166
KCNH7,1.33520051604442e-45,7.20998481196897e-50,851.900215687238,8.83200254478605e-41,2.27426226507404e-81,2.37083959944333e-76,2.72411255783304e-75
ENPP7,1.82787020607561e-19,4.95008658207338e-42,4.90441509892548e-08,1.81323273049182e-23,874.8142967573,5.46629687360529e-26,8.0608901555895e-25
LOC653653,3.90522538581418e-26,4.81995055163364e-11,17.2067055555676,0.00209761750294325,0.00161004843472794,59.3265275090691,1.45226427600128e-17
RIMBP2,2.87906052360767e-58,5.32795379429536e-29,3.99346243080063e-21,859.764692072821,2.4596390011069e-49,4.80092990092191e-45,4.41717555670469e-44
UGT3A1,1.13652149119864e-29,4.06956171847336e-20,15.3119681596168,9.71465800281107e-06,137.516448205923,7.55221410935986e-12,1.34773377982602e-07
CAPN9,44.6935648350175,1.15847595401097e-25,8.69270223319888e-06,194.100424799678,0.673191080059657,4.26096580095225e-55,26.1344992969457
LRRC7,174.652707630611,33.8819192086643,0.000112607265031762,5.40880048519837e-17,1.89849711454442e-63,1.65047622493411e-29,0.000234958893035566
GPR88,3.65765549222716e-26,1.13699160151965e-17,0.241389544542543,6.35608587777312e-33,879.801517030948,0.0217158090446588,2.06747584599835e-40
PDCD1LG2,9.60231457327611e-47,4.68343658246894e-36,9.22155348728526e-16,1.37400257002026e-54,4.22850595377077e-40,126.354779401189,3.52208527871264e-46
LTA,7.75218703082804e-46,1.14029222198943e-45,4.55961092237738e-51,1.09841442530361e-53,6.67860321643838e-53,1.07861102016367e-37,4.29471525542824e-51
STYK1,24.8888205536251,2.9122667304131e-23,1.37843309848976,101.737209534958,2.10143580114435e-19,88.5466991005116,0.00161772509108406
SNAI3,12.6572323602078,1.36527929587262e-17,46.3364773190679,3.44179678924195e-29,0.0148108555282444,9.80947169921817e-06,1.83198984807872e-17
BTNL9,1.59381348608716e-08,12.2161085558649,127.638103583157,1.1302708610155e-05,147.669372249185,2.00807277371553e-22,0.00331838754214089
PCDHA10,211.209165635973,1.5425133534337e-15,536.879070754309,20.6301843901352,52.1194222651971,97.8925355311229,64.6494040024314
PCDHA1,166.529852110579,7.5529625355947,18.6112793022445,3.0646550956697,732.883092906418,19.1121110353765,60.7569811708753
SOX21,2.7491399040636e-81,7.26991417956932e-23,1.86351755619517e-66,6.71459905074781e-48,2.1714062273344e-71,3.68463012749293e-54,693.433791635053
SCG2,1.72339641153011e-22,2.27669286544089e-22,2.78457275233376e-08,0.00115168043054596,0.000160942422285023,0.013855279047925,9.68060055913144
NAT8B,4.89774508124414,30.5631791097418,818.897333726503,1.2144719081831e-11,2.70060960627672e-08,2.53207281227165e-41,14.2099233810031
LY6K,6.80946348215243e-49,48.5154129131949,8.09117244389354e-57,3.77553530351015e-47,4.1619089120959e-15,6.79244583432042e-46,7.68925157572122e-57
IPCEF1,1.03550867846693e-19,0.0322755427688372,30.2212708694294,49.8049856060001,70.1722433483872,0.0260293924204221,6.99655275203245e-20
FAM131B,3.39120324812901e-33,3.91740398230278e-10,0.0806109780453171,841.58228195086,7.7999998054122e-09,2.84986109176944,5.7563386874204e-26
IBSP,5.06679980141171e-21,41.1342497500212,2.57664928704878e-51,82.9231258180933,1.1699723481918e-09,2.759317545204,9.02312287202454
PCDHGA2,1.0393265814763e-12,22.6168595783587,24.578641088327,21.2875143399732,783.886422140152,106.4958773117,206.797356848317
ADAMDEC1,1.10822304643765e-30,2.52841375045247e-17,9.4189589482606e-34,1.1286599730341e-46,9.62957454297905e-22,62.1490270110048,5.106012826568e-07
APOC1P1,1.03436365460121e-23,3.41414729696787e-21,6.94503074930702e-20,1.35381307250591e-06,2.37810582043759e-08,3.5736532825455e-29,4.61399121931198e-37
SOX11,1.40357720163459e-18,25.275506123777,2.6125311934649e-15,4.68348324726417e-10,1.04165902918216e-08,2.99969403366934e-16,54.7872953490719
CES8,5.8729763722436e-17,2.27346953474394e-26,261.229926778736,84.1115752050534,790.369403742214,1.63970049940773e-22,2.35963302694051e-24
SALL4,2.83852972211795e-35,158.587066207187,7.04044244689912e-07,242.474423693476,37.8483970869361,7.66894992546337e-38,4.01695402483831e-36
ACTBL2,6.88347988889035e-53,5.44191385065771e-31,3.46964782170167e-28,4.39478335225107e-58,2.37545250439351e-57,615.188584102134,1.64387736601777e-62
GTSF1,7.01800995442484e-38,116.898296046533,3.23680268467239e-38,2.49954647170759e-17,1.20592284961843e-15,4.45786127590598e-25,1.38037420346954e-58
AMH,458.539861996543,51.4349003234171,0.00125237327555796,13.9252175083511,5.72031067854267e-27,207.404157274216,95.62767145032
PCDHGA11,7.46933909650457e-36,3.99947224020962e-13,20.7826443525832,5.80847969712354e-08,55.4816631791996,195.312433410813,1.51698582516909e-13
MYO16,3.66569983924495e-18,6.86832325917385e-16,4.56830358835334e-55,6.76133189380702e-05,1.08260707655551e-28,6.11598261207237e-05,2.48151248523183e-12
PCDHA6,193.235365135765,121.703954970178,88.400314154396,2.52949749751002e-31,157.587542556737,30.4386870061814,6.41514822082534e-05
CNR2,2.02598053953141e-86,3.1713243275554e-57,9.54165370974857e-77,6.0945608125135e-91,5.37344213148899e-71,9.81123277404424e-54,3.9061200849513e-82
RALYL,230.796601671821,2.65045642006428e-18,8.00391565358521e-50,1.15578420350876e-45,2.11426769576974e-107,6.18534728818982e-66,425.277688965288
SERHL2,10.6394519737374,71.7649990326139,11.2366472941435,39.5989132675063,841.574882258947,21.0130210414621,1.39569510133075
LRRC2,1.88739132775574e-23,26.8181864114261,729.124652456252,57.9493668213484,353.932136347248,2.28130509718313e-16,4.14349135437113e-38
SNCAIP,9.96062967661398e-23,1.86877121033535e-22,3.37775777084048e-08,8.83750524845403e-13,1.13511316384316e-10,55.8613894531967,2.70670433458805e-44
CRIP3,7.55775086271225e-16,4.93382089748886e-41,219.631937087045,2.94943355800973e-14,647.498707409156,4.71818681743642e-38,1.46365919134107
CD5L,5.61464913243944e-37,4.16145849673178e-30,9.73100213897535e-16,4.21466365500233e-27,1.091209276895e-14,9.70424879695973e-13,1.03774386652439e-05
CD8B,1.05951315748287e-20,1.99529062550852e-24,1.89742781405622e-39,245.083760799827,1.71808303417612e-15,0.00258445277055629,3.68857790606592e-37
TMEM90B,497.791003737338,5.54719400322592e-37,2.87062784519736e-17,1.22339529314174e-39,8.62189016221838e-77,3.65138623863323e-27,2.80701091675245e-57
SPAG17,118.896085750536,130.830725986661,1.58132348230129e-10,162.374009923582,9.6968983275716e-43,6.27475070165787e-10,2.2010081734972e-15
OIT3,3.61253993352587e-17,0.0182474592271351,64.0242050452437,103.460033841633,122.063723305289,0.00869025007699755,1.88077199048675e-09
TNFRSF13C,1.49517631651402e-49,17.2095246201318,5.89195608966862e-60,1.02346138848957e-15,2.89101836213312e-54,9.25556403110486e-40,2.83690136092887e-53
SLC26A3,3.62697376818975e-27,3.35906483839453e-117,4.97429195497604e-46,7.38945767406453e-57,7.70618326674292e-141,1.11759299084871e-39,5.70665278964776e-71
UBASH3A,5.87730705327073e-25,6.59794038936706e-19,9.09505753486079e-39,2.78098571579115e-29,2.39571109331747e-29,1.54274003766012e-28,1.06694551171485e-38
CNTN3,3.47466847989631e-14,58.7815481919553,157.838096833763,2.95983274422757e-34,0.000483259711673149,3.23200486756916e-10,71.4262894255832
SLC6A12,3.82388221480643e-11,2.13733119755174e-23,130.924585076305,0.142352684924111,398.998838706101,0.0240857598878898,3.11408953244145e-24
KCNJ6,4.96927722211916e-47,2.95919881791037e-42,774.926921444059,2.43078535829387e-46,1.38071530573437e-81,1.92274154264174e-67,1.01219652947027e-58
TRIM7,18.1379595738215,71.8920739854292,11.2806365632881,4.56310797421034e-16,588.191661416433,2.61426269850413,70.0548415517211
GPR18,1.3538531892433e-52,4.2049665629274e-46,5.6269141482974e-60,1.9421454691335e-52,2.24669088175991e-56,1.01441337416046e-44,6.62451221499125e-34
COX6B2,30.5475910594393,134.710530740004,7.76766210558611e-44,23.5912863326602,2.30538346285437e-12,95.5515748564989,1.6373715973477e-51
ITPKA,76.6557725688919,1.35318330723419e-05,16.8053816479016,19.8546884979563,582.596189601626,134.847935179219,42.7253159489006
GHRHR,55.2192303962308,3.29366660633066e-17,634.805125495188,24.1748421822073,2.21893930688244e-11,136.404895914945,69.7918512231525
LOC145837,101.586217791898,55.3233415787007,67.8946293689428,5.2699923481789e-09,791.838778183231,14.3283903293112,46.9179269898251
RNF39,4.26658236780696e-09,9.11027450906485e-11,304.690785596613,113.869074462397,10.9311028495402,4.11106771691954e-29,29.1277890891904
TMEM72,6.12382259560696e-25,85.8764154197887,1.19611981844672e-21,2.07187832713493e-19,16.396866004328,5.32418954667169e-41,5.72026413843378e-30
ELF5,3.65210950251392e-112,1.2954482695791e-29,3.44121654368538e-60,453.63525800818,5.6644129031754e-83,8.21352262821717e-36,1.78253917785011e-182
TRIM55,2.96501817158859e-08,7.65379077194864e-33,0.364779851981268,3.29282527470569e-26,768.680728239392,33.4331537330704,36.5265600934814
DISP2,48.952088757681,17.0770271304455,285.68367146638,11.3574051337908,734.614710676343,54.4330360230087,34.8780162976532
ACOT12,6.93743249723506e-21,9.60414738383646e-34,2.96598308145554e-16,0.000137482468158601,370.178581170346,2.02185574962988e-17,1.78129832345039e-12
BTLA,5.03430021876813e-51,3.7262076180335e-34,3.99508653075853e-53,1.78454895205969e-55,1.53526312806531e-58,1.43684273892962e-26,3.07139997984844e-53
ZNF831,1.05555815787178e-33,2.38992044252119e-15,2.70571271183418e-13,2.71420948940331e-43,1.44597099399946e-24,3.63054983052461e-07,2.42927497637857e-41
CFHR4,2.16977230213065e-18,4.64123405336182e-23,3.1384229471519e-22,0.0024100229342663,720.143555616747,2.28800829726032e-22,8.9374233691401e-22
SERPINE3,8.33178969654544e-56,3.47622097792992e-107,1.06574165120051e-53,1.77180930880269e-54,5.08060259864432e-37,3.40732875783751e-60,2.06380636368539e-71
BIRC7,4.7566778498512e-35,7.06202482838357e-26,7.65061261889417e-53,0.000447136245376058,1.36544071837894e-56,3.0526308117235e-13,6.29354391787438e-36
SLC17A3,0.0184426339864534,42.7616581189231,2.99486609308146e-06,2.88311343832747e-26,32.3027303586376,2.23528203881951e-08,406.00854173951
EPHX3,73.234548960385,114.633128794541,6.01521808757302e-25,574.498172117789,43.9742965886125,0.00362051437556729,2.58080972647699e-18
SLC13A1,1.26329708532111e-25,21.3882722347841,1.62307051136475e-27,9.66987119932149e-35,4.11611312488061e-60,1.80226845131198e-25,1.21024813307877e-13
PDIA2,6.43768305753551e-29,97.7142546535369,161.930092822929,561.333900120868,2.20861727881366e-31,1.58669728199657e-61,5.77002470749792e-81
TCL6,7.88429467706801e-56,2.87448929437489e-56,8.61321107126566e-55,1.1389008473946e-43,5.66760321736462e-98,5.76588374231506e-51,3.20522081446635e-65
TRIM17,79.2801262595407,222.318639507022,1.0500849155419e-15,113.952213149705,2.67092539180774e-10,4.85086426802232e-20,5.05437663534476e-36
ENAM,6.93191723760607e-25,143.335460005566,668.704767581456,1.12986559164483e-29,2.87532141084096e-35,9.1999668810353e-37,78.8499164438245
CXCL3,0.000423262155381602,28.2629563325563,2.3031552868976e-17,437.973074790715,2.86689610004301e-35,233.788051392189,0.0255305056128291
ODZ3,4.13285660291405e-39,2.7485304182742e-48,2.18319200792867e-40,9.65553003068179e-37,5.70113474567706e-56,20.7419169485145,1.71949387217945e-30
GBP7,2.42561735012908e-25,2.4045868757156e-29,1.66901176862944e-15,6.07529380135755e-10,440.947156131725,6.33024481872791e-20,8.85403698087114e-15
CD28,3.20131322286873e-32,0.0611542371132653,0.000166013562426565,1.23130471046433e-31,2.28873707021557e-41,96.5024139918076,1.26631234117172e-06
TMEM154,2.75274369593527e-34,6.71852793380116e-07,209.883334668892,88.474709331558,0.000271237185267964,65.242888416697,1.57703482968063e-07
SYTL3,5.82312529640827e-09,0.000271943000024258,0.00718826864853812,44.3935594990685,9.40172322342113e-16,150.893486917437,6.0212652469078e-13
GREB1,99.8041229573702,27.5783147371974,74.1722764450227,7.23841215599986,735.129803375685,9.85589249010274e-26,22.4158804636982
PCDHB15,7.02574355027285e-09,84.2165697700954,133.741582490517,28.226760455822,156.683401777689,14.7741589903015,107.170992536741
SLC6A17,4.46687100998868e-30,2.39744273369235e-52,330.912131452568,0.957931081125823,62.3254970499663,5.53442012429805e-39,2.22872926666313e-14
PRRT2,0.0013768501973053,150.881901807458,19.6821549041327,24.7089026807192,2.56159386272734e-06,20.1082190152877,102.301649562619
IL23A,33.3862479718227,116.868419891615,1.01365631064867e-49,21.9211137276456,1.87776087186224e-20,97.8278455680194,3.25883268365943e-37
ANK1,266.042938249934,25.5794013610304,26.9328647526411,1.69838749462989e-38,2.1969459819699e-35,1.19737970334136e-15,321.027770509572
FXYD1,169.800367635427,3.74079282145528e-11,17.4958563432746,8.82479442065027,9.76428249870456e-06,8.14655058849149,9.7696557341287e-09
FLT3,23.1252829400387,4.53979345014997e-22,0.00058757471209432,3.61824326574222e-48,1.27477538972197e-40,2.24527095089197,5.33785223776448e-20
NPR3,2.18022913292416e-12,184.386250643788,5.53190794021595e-16,3.28670954806652e-29,13.1199415405464,22.634312879137,0.00172203175449317
SH2B2,105.436581870377,44.184296580595,3.6484763116253e-09,28.0893731489443,0.413033898534976,45.2691646128937,23.406081310146
DKFZp686O24166,5.30106545408002e-14,54.6149194991451,56.8437970117053,31.431216478132,53.4471426631543,209.075190835469,79.7892487113464
HOXA13,44.9245637390897,8.16015569400816e-11,8.78436658602502e-09,29.9772027788936,2.41082951821303e-19,3.13944474730246e-46,23.1000245819959
ALG1L,2.72656735422058e-25,5.1643985987213e-08,145.110086579325,162.598661046351,727.053945736386,1.67479935089026e-40,3.13441463322806e-48
TNFSF11,53.4239473661444,2.15382408370933e-08,188.765896156285,2.57460513660985e-14,2.51247514104192e-10,41.705736680905,250.817723965139
CACNB2,5.30184538311259,30.5478943943117,46.3884960900236,766.715579235729,27.6569452963735,23.0681448032308,2.69933416665453
C5orf55,134.175109118346,24.0219269440221,32.3952789531856,49.0870928432255,54.3002312265908,75.5324819780754,53.2684400552347
C1QL4,297.170334154648,65.1565335420698,14.5948808315205,3.20364405356217e-37,1.11424747302325e-51,1.09560007203221e-16,234.688285025012
ZNF365,2.1080786348308e-31,59.9826611713098,2.84982119129728e-44,8.66319701325449e-36,1.38269506924443e-54,191.190853232701,31.8333622227554
PDE1C,2.408906293415e-23,1.40698165070419e-15,16.0720167849562,9.64095776393979e-17,4.54379917131742e-13,114.357109586047,223.470983413043
FAM135B,6.30871867301811e-39,192.852817112343,1.82688256505264e-57,3.23056083946334e-13,1.32998491263264e-24,192.478790537027,1.28300635120358e-31
PRKCQ,1.41883794790793e-09,59.8497558790106,3.57323575818054e-39,1.39892813503717e-28,1.40386951590362e-30,100.473038085701,2.8755059503569e-12
SFTA2,197.934663476487,8.17057819806525e-21,9.39644933851741e-05,177.763766517504,1.61143205358369e-61,28.2280160815539,3.31909300899235
PIF1,216.058040795715,77.2544149338633,0.00278403748679553,422.240128487574,120.220309241464,31.8267378776563,55.3055578130415
RASD2,5.18895682255786e-10,27.4641540358137,7.46175693967693,670.21114525746,2.82271601430866,177.882998796481,2.15246089558583e-06
PGM5,92.8196949267952,3.56644481940374,40.4452697317342,15.2611725591227,2.32218636297011e-29,3.93672893764285,1.00500032625779e-20
ESRRG,9.26712988019748e-25,79.1252292434122,702.169767629474,101.110759402946,4.24922008477303e-31,1.61033894669006e-14,5.89638451266399e-27
LOC283392,137.554647274071,89.8338841331594,45.2878338630217,20.2973359393193,1.42261280680739e-44,110.699113824933,117.118341407799
GCGR,3.19805277251635e-16,7.61971974928239e-28,6.06972743571246e-22,31.253359256253,0.000754463366834159,9.84776320395124e-12,1.11723500696725e-14
RGS11,2.08206646980274e-10,84.5764107039712,135.083488554693,2.86644928051928e-12,1.14292336641732e-20,45.698975769336,2.37793570119531e-23
MARK1,4.39464136030076e-17,137.352396726556,247.423996673991,239.06353663154,22.703295279202,41.7416804256666,0.0757466570280154
GPAT2,2.55866581058411e-26,8.74277034234787e-05,6.47950211188403e-48,424.351410773412,2.73085095562854e-33,48.9592131897553,2.08471812481901e-50
LOC285733,76.102147686185,4.33229674183179e-21,463.253961720867,9.75913730105605e-23,434.532179387755,1.82187986242041e-14,65.0595710691739
FLJ45445,43.0447452999567,140.409587056394,142.849618208116,520.9485999857,1.86131477134672e-08,5.98351035181697,2.38859742343767e-05
LMX1B,66.2655791024904,168.670706444908,124.34357265591,1.03494043678083e-07,324.870045586848,4.34945413030793e-06,43.212521257427
GPR161,0.0097493415592535,97.6509482945931,1.83823629053039,214.252113971688,1.04756796685805e-13,122.825086502412,5.41230895491782e-21
PTPN22,9.13326087064079e-27,2.17868977703869e-17,1.03935532791844e-08,1.13251703895029e-18,5.56210572162474e-34,77.7765535417717,4.32850571905205e-10
MUSTN1,499.353669113926,1.70179193429898e-06,26.6975267419642,30.9380335229971,3.35295912163278e-23,3.74312687143684e-09,2.7755517464376e-20
KMO,0.0285942375169814,2.06217101838341e-07,0.0149502004223239,33.7097129359164,96.9881083959181,23.3338655835435,16.9175163044158
LRRN4,12.9151989640027,280.877389723056,34.1642038874935,1.48692408005658e-37,3.31741805855632e-18,2.2019833124576e-10,0.00159617484625452
GUCA2B,300.218287680885,2.18397104375917e-23,2.56907871592298e-09,3.92862362816281e-21,165.976432761464,9.90598578729804e-09,144.156437333292
BCMO1,11.9125983115144,1.40125598256036e-34,2.25904248005905e-13,3.75259458007669e-06,199.359415424972,1.99738947967635e-10,120.298924632106
SCARA5,3.82413920888707e-33,32.2583780022988,1.20737300011002e-13,459.188454097148,2.20489635972618e-44,48.2048434151977,74.6624317931271
SLAIN1,1.91978580508485e-07,5.14881287673917e-10,121.654857381924,622.862514163663,61.6538143957595,58.7280117610332,1.28898760772151e-28
FABP3,13.4727238976349,22.6509794090359,23.9455394249049,1.81393370165645e-07,749.105296965194,85.6951029807224,45.5622061883343
NRTN,350.770987882231,39.0465637764449,99.5372380023288,48.5171594951718,340.450994158492,152.334027628562,0.188905424638004
SLC17A2,199.708192023295,1.2716561541582e-11,5.65202508234384e-07,1.19573145183194e-37,107.054198150539,1.7513667124099e-38,3.86211487925011e-09
ITGA10,2.91821120715078e-06,78.3985004333884,69.8757460469605,14.3478367405869,57.497607941008,4.38488793069398,2.63356044090518e-24
TNNI3,241.7652094801,19.1740765607838,9.59259975982694e-30,12.8117170672201,141.227018238941,95.7105922810082,55.1291830551522
KCNT2,246.811825482765,72.9822960787925,3.17369044868054e-11,0.000899454442703718,187.117573251069,75.6905065540322,96.196862865216
TMEM200A,1.77281484701033e-17,110.943277194549,1.8423446018116,6.69902397949012e-16,15.4639764659245,147.44456614949,3.50331600628502e-09
GLI2,9.22646044746542e-11,75.3469108057704,18.2766250050515,623.234006153053,1.8034849971505e-09,32.7645772114567,1.90333767778424e-16
CELF5,132.3465848152,205.278068662482,15.7419743166761,1.4185760762767e-20,83.5539196997026,131.523945263448,1.08440431690448e-09
ITGA9,1.59359117679229e-22,92.9163657680979,173.266912684495,2.93259304986313e-07,1.79143932220651e-06,0.00639231949798375,3.61783153420251e-30
VWDE,3.8418556709918e-20,64.9431104752773,320.299726844419,251.614786084015,9.03291706798043e-12,147.91305133553,1.2282078962322e-08
CUX2,60.0720967315609,138.306394814995,321.532737977768,17.700137421364,554.675932734208,24.526147021454,5.81036477376163e-20
COLEC12,1.56171565667369e-33,23.2362974652228,3.63939137394938,9.56032836200543e-27,8.332523971456e-26,305.625512886478,2.31075035262439e-05
EFCAB4B,1.86254796960996e-28,230.121346408865,1.50225369596195e-05,210.835085993339,0.00347304690988437,31.5875555218934,8.47740086589893e-10
ARHGEF4,53.2313198366932,44.6627611953545,430.152525171008,223.582783098319,63.0321783730882,1.02801196066994e-33,1.18029159630308e-05
RNF182,0.00138035786499975,1.66820257244995e-23,15.6874933250229,6.21694047976341e-05,8.45891180258167e-11,513.541343728133,1.75943021336039e-20
KCNK9,7.78472674992346e-44,150.171104132435,3.70813791207552e-56,5.69365507657788e-24,4.5337654951227e-20,103.43151232368,1.43461372495474e-23
LOC643008,73.679475433605,62.0700877378273,3.57457730141013e-15,0.0141618594777037,1.99532884502268e-19,5.77614887970749e-10,625.700106302114
LRRC15,1.02791913640187e-07,36.2072346452635,0.000349928201982415,119.040707042324,0.00172328023813304,82.5144037818002,1.92471506778511e-17
EBF3,94.203247174159,1.33455774206174e-09,2.8418129425347e-12,1.32560781265332e-14,0.125897529599676,57.6147079129591,75.5614465517411
S100B,45.743921284889,76.7038128023185,7.39224263065929e-42,2.9240198775859e-20,7.24549362138793e-10,163.6663039819,1.65012780975094e-41
PCDHB3,0.0724131886980866,181.802864455907,330.833333620516,9.31272036590299e-23,91.218401777288,4.76340443076206e-12,7.11722884367134e-06
NLGN1,6.0004655176135e-23,52.2809057323677,213.489147694282,9.79583993335358e-29,0.000558483322686363,132.415734680368,77.9993638190669
CYP4F12,60.9452463524057,1.11857184564011e-13,33.446731112309,79.437324335563,456.730228267154,4.00877197162961e-32,1.76570306590781
SLA2,37.8953429885318,0.000194417538159927,29.1039117631336,5.77652871716274e-29,7.49576450167754e-24,49.0205983623635,0.00209349799323026
RIC3,0.0407248862301137,41.5006016531702,403.334764366234,1.30429063244094e-17,74.6290279672567,82.4649306763431,57.5030833602084
WSCD1,31.3484355097433,15.1634191424219,34.7914229669159,400.070151401914,76.0552852253542,1.20130645129742e-24,1.78964939223339e-09
RHBDL2,8.00274128361897e-09,55.6665848691693,28.073587391327,146.417051225464,1.16855470037501e-31,245.30181423785,0.00791236114645962
CD209,1.87074224259726e-34,6.71638308806568e-19,12.6706961716693,1.40553526376045e-33,25.2861094349672,106.655332714508,3.10312561200419e-24
NRG1,119.069043742067,96.7000328894369,5.29379737043359e-08,0.00372763343109994,8.37118225300528e-16,201.24109636568,100.609704194492
GMPR,3.6981593307207e-09,99.7401970978228,434.175374333688,104.604739932329,313.080297911193,1.26481581190534e-15,2.99852728722281e-23
LOC221442,107.688928719801,117.140915542741,13.3888603681647,332.91344462578,0.595722411402993,2.54206878921375e-33,82.6067982015975
CXCR6,4.97069254174411e-21,1.18117066526399e-20,3.83253310457528e-14,8.16586785689529e-31,2.79549566169239e-23,45.5650777773636,3.43504071999781e-26
PTN,2.58580200361274,64.218488477306,55.1049526586229,5.06743460234333e-09,1.090322372239e-23,190.853333263211,9.24648527200231e-33
FAM189A1,108.659121048043,190.336153294351,1.56629971052996e-08,1.79121354157702e-35,7.97253022758233e-28,12.1785902026766,1.15047219949934e-05
SPNS3,293.405355696383,3.78567331311198e-11,7.85651454406673,23.9278835198435,1.88135085587299e-46,170.410786015382,0.0012434466984252
C7orf10,0.000150038132214211,239.012542848011,31.4731728558848,2.27100819771353e-14,13.5954587959314,66.5800987791667,1.8982652357857e-25
TAF4B,3.24954028303178e-12,93.4846738239849,4.97662907545082e-26,172.215939080866,0.0878871588947049,273.051563672352,4.64217633353229e-09
ROR1,5.22971056527593e-30,153.977773260019,31.2955048809258,1.02969573544607e-27,3.31342130775549e-18,197.112078068276,138.486531482827
COLQ,132.941681501202,68.7799862400607,25.2066260333409,103.99980240895,25.4419481352963,2.26665648242684e-09,31.9057962561877
CARD14,6.28877462104038e-09,231.53738008022,18.8763230220254,416.414032440812,3.48539585310042e-32,7.67927108091667e-06,9.60349833715793e-27
CLIC5,2.07597815940108e-14,42.6577649607151,80.8090144413576,1.65584545647449e-10,139.053470405698,51.455102215263,12.7082684927934
LOC100130093,55.6167979350144,163.352410012104,107.332863961687,30.2890470173903,679.13999040952,50.8674064165014,48.7749019627434
NECAB1,42.0733511361147,123.297299474362,1.13018669850437e-07,8.38894200662531e-09,1.12713432795445e-18,201.623195674714,1.31909694555677e-28
FAM83F,82.6603523046122,35.5813771776664,407.839171352114,307.084735734251,6.1049662240327e-34,9.45740973072691,86.2319150515211
SKA1,128.020171217843,73.0643234763595,2.20182485371469e-07,131.462151961128,228.183929949685,142.447884699724,74.8796167730004
PLA2G7,5.13519340494669e-28,3.38402744692778e-16,7.28747421188913e-08,1.03023243343952e-25,1.47668342589432e-09,51.5182476217081,0.707390176061345
GLI3,1.0845965957599e-12,67.7708129307261,14.5202557397877,5.54195712097359e-08,1.10343171259151e-15,24.96187256764,0.740720658855188
POU5F1,247.051321319446,93.1947128430703,22.9725984429599,4.58037481382063e-09,381.436968969212,71.2419279012423,30.1939421619691
ZNF853,103.900637743075,83.7100414883187,24.2545466170955,300.166694388689,7.02954854819719e-08,53.5086997966794,101.121068454868
PLCD4,157.130362854521,245.869236508305,128.981211789393,52.2824966733676,36.7763295157554,1.06842650829241e-10,61.0339385881223
DPP10,227.315195421662,105.370158018148,266.840099046412,0.0169569561008402,41.1870959425435,75.1907928985214,89.5787696929648
FKBP9L,5.75797417772095e-11,34.7113992399926,645.248978987508,68.3072540833237,5.51402467885312,26.3596001897176,34.7098386039899
SOX7,5.61140406531866,52.6048095566233,227.91179430639,10.0271301439436,27.1523795315037,0.00916485114814313,15.3037148148921
VIPR1,12.9722471582859,136.226149596623,322.940499959634,0.00256888475167537,63.6795551152047,2.13171974204274e-29,5.9203072634156e-21
ACCN2,98.4396212456481,69.2904144010589,146.441876949295,308.820353472747,27.2941976090963,138.659839535688,109.314371748136
NCKAP5,3.89922186230449e-14,91.6387236595305,472.372075755307,1.05502352194163e-07,5.67957927923428e-14,74.4727930937194,267.361534880579
RTKN2,59.9158699866015,110.003588070439,3.15949522488457e-20,236.297332399602,0.00218014978877363,28.8000974233389,9.56996718018663e-12
LOC80054,154.837700687931,101.446374843182,41.612682103703,25.525724464339,8.90307521553309,2.13891168300882e-31,36.2225474173335
FAM171A2,205.106259411251,159.006194493566,0.000153603524816688,30.2564885489741,3.96591272756878e-13,0.0203691466236864,153.929520193828
EBF1,1.1409740125731e-07,83.0213164963234,109.257309021035,94.8899803750813,6.93194486751831,2.31945759498648,0.00926436656032834
ABCC6P2,193.687590799854,124.546769262042,151.601210295405,0.000229034072021303,559.590306059631,0.00524529958779739,186.191565143714
LOC645166,341.185968034101,5.12721892789009,51.4100006973903,67.0652514534536,102.327227313518,44.2654299524512,169.727811099028
RAD54B,95.4681627266394,191.910504939458,37.6676344898106,164.018207630924,76.250655340421,0.00137221141482766,52.1043618640915
B3GNT8,183.388727053534,228.654845951091,1.62259476573627e-14,114.323188393257,3.74920447958891e-22,79.4343907998829,56.2291530116972
ZCWPW1,117.6925647245,18.5279856331708,92.4945360936778,94.4342446911706,7.58402338586803e-06,8.60577953167673e-09,32.602027454248
TMEM169,202.425422318976,170.839444513086,9.77645926170663,22.6537689000707,18.6184245714897,82.9337086986042,163.745225403613
IKZF2,1.41252097144924e-12,130.709925027517,54.2469317593218,59.933004352104,162.158331514657,133.473439957603,8.51603787090951e-23
BEAN,33.3828916895963,75.7414973896217,9.58570856365278e-05,206.121786250519,25.9467657507068,27.7486041008688,27.2622608558722
GAS2L3,2.96438515433844e-25,189.582251047765,33.572168328897,14.8305734835015,9.85234864546638,0.188650425041755,292.309259755908
ZNF702P,1.05920755547322e-07,186.606193882019,28.8766863225124,4.95603552386333e-26,122.445146719135,1.13445987393161e-07,38.9230638781345
SNORD116-4,6.54587291116558e-16,83.4301081206908,18.4569581214524,60.197619047627,5.51626679042053e-14,4.49483371684784e-06,151.988552720036
ACOT4,25.959592032937,99.7904493990349,67.9345577460545,0.005050490250019,607.965226851195,8.18494731050994e-07,65.152081887254
LRRC48,464.562958254765,103.882997538427,0.0010735635141011,56.8959428195964,64.8509407783048,2.3043074448288e-07,1.32609557836701e-17
IL18R1,2.94155648504163e-11,16.2287035876664,120.886049610911,0.0012268256466974,0.00525078893428386,115.570745984912,2.30184830361115e-12
LRRC17,3.6851819894118,119.218533979732,194.738946153843,78.3817628210144,43.1861983479229,1.60730246950739e-18,1.88808770243218
AQP7,173.608637105894,141.955560747627,194.546501014421,49.6234346704109,102.871707632773,34.6411629343918,310.652627833399
KIAA1467,43.6624739808216,79.2328843376074,363.472423371964,216.793605540454,502.406373683877,171.295148525826,3.25980571441847
CLEC5A,25.2243362187295,41.6067649973932,19.1532367878027,16.9829817210605,4.47440682919845e-11,488.134182911746,1.65410896309624
C20orf151,121.412150358523,194.059249533112,25.7930646107429,212.544871368914,5.61910407891548e-23,22.1823606220805,1.25851736818404e-22
C15orf42,92.7989307121293,95.2491926209585,8.10854665398416e-05,502.491561486011,42.9214280296886,64.6148838519826,60.2020113432864
GLT8D2,0.000707514475704903,73.7035121471509,57.3847444471942,1.29305963629348e-11,6.24716756767691e-18,84.6482470044107,3.62476578573874e-19
SKA3,78.6905673228699,53.0427071175796,0.00373693661353944,339.502840303304,233.811475966817,140.457163844888,43.3064512386502
ADORA3,43.9110513020549,2.67659046493216e-12,46.1330436394131,2.62198977868505e-05,20.939232043231,316.498346831994,47.2205769702587
FBXO5,5.02522149599402e-05,43.7273751117477,91.1131338931101,337.840444591073,129.277750800669,132.690099544715,1.28566664497868e-10
SORCS2,4.52835179657444e-23,203.441816238677,40.1762765069812,2.89102741822516e-20,33.014634100692,0.00234331379624715,3.55668966349678e-34
TMEM160,543.795365540883,40.0427862378383,90.2421511823134,66.1150162551382,156.703738295556,48.8275105962243,85.5405364973835
C21orf58,221.004293475006,109.923976843665,39.8748058673878,164.217969025531,32.4146931489515,48.1099908093592,93.7787871669816
NRXN2,19.3191369127219,1.69809793900705e-06,166.40210808779,174.84481435129,219.010983016324,27.8142451727425,9.62610675414589e-17
P2RY2,4.83727922947018e-07,93.7627794101293,142.981121102386,95.2884894526829,77.8520202733151,431.333705470796,22.9904462054604
CCNO,156.153489182843,81.8161715364244,129.738829253418,76.6325154782521,27.621989323152,300.674336051895,54.9872762490925
CELF6,102.695513257309,140.548403506835,157.119032021225,53.6181681229843,7.92307801896357e-07,5.54243045619172e-31,334.366570338175
CHRNA5,42.5392755392205,69.7841480258962,10.7431879720632,90.4734974148196,1.61759990526293e-08,405.290819834119,88.1149568400336
ALOX12P2,121.293994319596,134.015513559077,25.7279412913569,489.4397805392,17.1905984061046,47.5375674556773,150.316628253963
C3orf59,29.7555104941057,88.8196514925616,394.52123947246,300.694306653797,1.78686996811727e-09,178.314918146562,4.40323298586941e-14
PRR22,476.650867455332,108.677922734334,28.9158708627689,31.6363492291072,152.113246585228,36.8331430105726,59.5709060469305
ZNF101,70.5716164129098,77.4376973586095,85.6347717653367,83.1792005232007,68.5767304913886,64.6613075539526,50.3686888941814
C3orf15,317.842723524775,114.672289425586,126.874385152791,46.8155432532748,1.14641429704675e-08,134.118859990577,2.73126166495027e-26
TTC21A,167.213328262112,142.108859732294,61.092440605499,25.0354085686297,1.364871496127e-05,44.221617663935,0.324511937381724
WISP1,3.0750367468902e-27,73.8897754215466,12.9385123387246,11.3262440677893,16.3372170624809,256.225807422408,3.16221445249831e-20
CLTCL1,108.936271833591,80.8831556021765,425.937160061969,137.725647779635,62.1352940002114,95.5891134519225,7.04682182255074
GDPD3,171.997723125243,148.261699859792,1.86811944271806,20.5522956524725,1.12355729702993e-39,2.95789235815674e-25,11.3909255734663
RSC1A1,9.55196188244673e-18,65.4103661938159,258.611604202591,58.5323539725637,96.6458043933081,34.2837897204364,39.8270924429868
STARD5,14.8505188529757,34.9557600973865,112.930953257319,36.5403737434296,113.048274641208,1.43581386151288,0.24358412703565
NBPF16,4.55854201877907e-15,177.490311506046,1.84103396734532e-08,221.657934957197,53.9596166737303,2.88525940269773e-10,341.570456986584
?|553137,7.84831947368067,102.738879907519,2.874973783468e-06,1.81116954047109e-24,76.5263408633353,37.0545910660324,251.730960262991
ATL1,14.8129959286948,55.9705718710988,301.481525462886,85.8242990708062,6.48789748420827e-21,242.718648147556,158.072861357557
SLC16A7,0.000132942363668275,103.31011630321,273.946987465803,2.13335377719764e-25,31.2520210136829,152.33147928779,143.511068441458
COX7A1,192.929536714599,43.6505940578777,52.0698843718505,8.10130379107834e-16,5.96468275897138e-31,0.00011224544253026,327.607955076317
CNRIP1,45.4914290696473,45.2939872113711,63.9978639570933,0.555496820356246,4.6064864434698,77.970249855212,6.17904201316516e-10
C19orf76,374.767548212833,87.2233980850586,5.76771343599561,18.8565981595046,5.27510709603388e-15,67.5063603107298,87.3594812889213
CYB5R2,58.4046427999736,119.74730822334,114.276835464724,171.786886879583,18.7793768396979,53.8446491234324,2.67762361496639e-15
SHF,197.471359693283,134.050327570279,40.1618761577882,437.864419404397,7.54313579127351e-05,14.5003047957395,24.6231158487869
SRGAP3,75.6820655459294,148.714544332289,474.777403003857,20.4245827065666,2.85922481384904e-11,1.5135631505396e-06,73.7591861991179
