S7,S2,S1,S10,S12,S8,S5
SMOC1,3.59426577619094e-55,10304.9896990635,4.80123846296399e-26,3.19979191267425e-29,3.28597074719007e-33,1437.26338536937,2237.41911153482
CRTAC1,1.23434659889145e-21,9002.02623376315,4.35516322800039e-14,3.09441685584531e-20,2.0403072110576e-33,2.22050232942487e-07,3.41530810982373e-27
DES,4.9141931454183e-22,2.92179785738309e-45,0.0489064180463968,2.99534543318662e-11,664.586000437708,2.86026734949184e-51,2.0348836506343e-12
SCNN1G,7.57555087690759e-83,4.64849506619059e-42,1780.58658734775,6.74967720868369e-29,1.51103461611156e-28,3.93787451517967e-35,2.87175961626367e-48
SLC13A3,336.189846211067,1234.27439431067,3.72444371586306e-38,4.18627609147747e-42,0.00468723266318625,4.40108358708284e-32,8.04377785352757e-26
PLG,965.079872492925,3.00813874424487e-32,1601.8905538922,1.90839245746353e-18,3.50142638666701e-43,41360.334916008,8.03361448970067e-22
CDHR1,309.24210880129,3.91490024525064e-28,3.20702284893413e-12,940.391327146909,172.558556227596,6.02087825536352e-45,1.03829680444799e-29
HPGD,72.8216105795832,1.6555090036529e-28,1.16463326226301e-05,1.83224660879708e-21,1.44572902037666e-29,1.50736403262475e-35,36351.6462259838
PFKFB2,996.239624591651,5960.4215208555,7.73840071772293e-24,3.44410783172321e-24,458.108110458502,606.720608565357,1731.23339449723
TAT,4.26831441047529e-101,2.51519805111997e-39,1.32561460519364e-146,1.1611660212472e-53,1.05379638288433e-138,57098.9374037603,4.91038540256612e-22
HPX,2.39287360356798e-70,8.33618431764352e-39,3.37423442506456e-72,1.10781827810644e-40,8.02910108374692e-92,56383.472333408,7.99764787449357e-20
MYO7B,1230.67814288982,880.217318773185,5.44984982832952e-22,1.47375062976209e-22,513.139680872679,951.698541398084,1.80997374361225e-19
SLC7A8,1338.70244816037,2966.44486264474,4.72237134889817e-15,2.73443868580659e-24,1.0201288162064e-14,822.523790805547,0.00307206605610263
IL20RB,3.97185376384178e-29,3.35248934783225e-40,2.83468991497116e-39,9.39694951388312e-06,3597.33594013215,1.21377633824139e-36,8.62201319511232e-40
TRIM63,534.762059348404,1313.51207321138,6.94788019164295e-102,7.11046710569552e-69,2.08930517786666e-28,674.758163273294,8.66881757247572e-14
MT1G,8.42578073815442e-12,1.40333131919466,5.19153861094599e-20,717.870410341416,0.000177305786799405,2084.14649874426,0.0276732100299862
CNN1,1.64476719683409e-23,5.62515748963761e-33,0.00021096292145107,2.13864430659513e-14,20.9310735114557,1.90951939521237e-37,1.17230009539277e-05
SDS,55.693897860554,2.31875282833287e-07,27.9407341028326,3.56934258334363,1.03430133438136e-12,52543.1879101395,0.00132539915959742
LIF,1.31625141390009e-22,1.20762731911093e-35,5521.10973350218,0.023928188123082,4144.06758307572,4.03797448088715e-30,1.09232088321545e-28
F2,1.09832373127382e-34,1.51684175631933e-31,1.80267013006411e-51,2.65216635184684e-29,1.0970347208164e-12,51744.5071670727,4.16254824666337e-22
UGT3A1,2127.5874011697,4.94647991196144e-17,9.06354199750746e-17,24.6498859368181,0.000982736229783511,1.42380711491295e-08,7.18044879358476e-17
CAPN3,757.706990000558,1038.60402095793,9.50767362633506e-21,3.53419563197604e-22,1.23099357074896e-05,1094.94961263387,4.25627409348999e-13
ELN,7.65334946510482e-17,4.74160028718366e-25,0.20020923321849,1.11021724885262e-16,3.4645453820887e-14,2.62949653345038e-05,7.85457040452751e-10
ADH4,3.76749066964393e-89,1.81987120147607e-29,2.11416585428612e-128,6.88977767412861e-48,1.48644801970339e-122,51907.7153297999,0.301129481258663
GFRA1,789.43066501954,1.67971430752693e-21,4.8351710861571e-20,4.4053744368519e-05,0.410289062605145,2.25171734301062e-09,5.56141662727445e-25
C19orf33,1.51915718171886e-18,6.16533706485007e-44,6.47838947925571e-17,4228.69778348483,4748.26430758868,3.36521214801194e-49,9.67947298548627e-19
PTK7,373.661340037925,474.149046072799,133.067162050793,1212.3013744896,3783.17377472421,3.60734424410515e-13,1.70682091322657e-12
IRS2,3.75460105945427e-17,3817.25659326871,6.23768953254134,4346.10771838774,4872.19559619865,0.00383453366970506,0.094007200270195
SCD5,548.186814625106,2.80107377899631e-09,1.06529918711358,1.07671368694127e-07,10220.4484994051,4.36537368571161e-31,3.30270695541615e-06
NEB,1.64029496056898e-20,3.59732281031036e-35,1.01354915848828e-22,2551.22637217706,1.06664265129416e-19,5.33465985723624e-18,5.4620990511957e-47
ACTG2,7.70240548501803e-21,2.95223381138731e-31,0.000922988427065335,40.9958485644252,1.11179428153692e-13,4.36933801373029e-28,1.8115433600359e-12
ITGB6,250.340430641973,0.0225196863208136,0.00113201929921176,1.40563147187399e-05,10181.9164084903,4.15645728701542e-16,5.94678415360359
CHCHD10,505.939792680122,4379.90289475729,681.195023242283,3360.17973387665,7.51790271876708e-12,0.00201544809555267,17809.3681024529
BRP44L,771.254262043837,4205.88482041769,0.688909308396929,5390.2615356795,9.10264067898044e-13,3701.74291601992,21657.7614153735
PTGIS,2.02737271427852e-19,6.58483012551423e-28,333.200008965797,4.60348203651144e-05,9.51445583876428e-18,1.04003148527673e-11,3.55235131457487e-08
ANG,567.149147329403,1.18706971222117e-31,1446.98506253344,3339.91050044064,9.37526194996807e-09,46402.4005985012,1.77678330962807e-23
MRPL34,453.851652285296,236.289346921327,14.3651726501882,3526.74955712404,3.54460205097144e-05,1.72005920842599e-06,31896.7373761244
KMO,752.121318719529,1.08145512528162e-25,1.94048811140503e-05,5.52832559924433e-09,884.744592061898,1.2978361745033e-12,3.83924099472391e-17
C8orf4,1.51768378974916e-05,2296.72441718829,7357.41509948043,8.23175039219925e-06,8533.05665992364,9.57297948197796,1055.98906582331
PEG10,1815.42237376724,4.17449498469695e-09,1364.39206356574,3371.21851586564,2912.68420288878,6.54591284606134e-33,5.61035186875319e-29
SC4MOL,1112.96252008012,2.19974531379517e-06,2.77008435141349,111.767039413902,7.39968343802202,6689.86104074871,28756.1577703063
G0S2,3.34836764309366e-06,2584.15353638471,26.6469538384753,1.36177558268182e-18,4.676611516127e-10,1501.76265438597,724.188926986938
HLA-DQA2,571.912586456661,1.3978999262806e-27,7.89738922673279e-07,3.7111066580906e-06,1.50717280453175e-09,5.4541807355091e-14,0.00411645262730949
AHCYL2,1002.96329320987,9081.17220165409,3.89847363020802e-10,8.96057573115799e-09,1.06059282644301e-05,0.295929264761351,2603.55963416573
CAPN12,250.278238860235,9.65736889846236e-28,4028.22702165497,364.189949387617,0.623824947437619,1.22929349124157e-14,6.9549768611393e-26
AG2,1.01056741684325e-19,2.28522642765688e-17,6712.73587171661,1112.54808589269,1.32246994925562e-07,1.93338783360931e-09,0.000579303399012971
DDIT4L,1135.80992975451,1349.2530065476,568.335258493033,4.16374905970747e-21,1531.08046832772,1.3415866461957e-09,905.702225253256
RGS2,2.85330663681727e-09,0.787340203654233,4081.17686312525,1.25197193654163,1.79989639656192e-09,2.80373521909089e-08,1.96228177669821e-05
GPD1L,609.912574704515,8514.4440496482,45.0456431074235,5.31420154073465e-05,807.685968757749,4642.61546679346,2463.16151127916
TNFAIP6,2857.15420384422,9.9629366873082e-43,1768.00381208832,526.850004298846,2.31181164505237e-06,2.20900713340129e-31,2.46572190832421e-20
STK39,510.89784000913,2891.74705969874,5.08707157425145e-09,3974.93285230109,19.1995214262308,1.77003898002026e-11,917.883858030684
C6orf223,1305.51455724575,1.13061085830629e-17,3683.11285065812,1.63229583910039,5540.44219247811,2.43682556739277e-15,0.557173826919451
CEBPB,4.29363817201467e-18,535.169816864125,2516.85452123822,1896.60715255254,1327.58924573624,2051.10417214834,0.0418118865050112
FGF11,332.658374845189,3.74115649323337e-17,2193.38310586798,3963.48315703555,2550.90213392009,2.36596857290401e-13,5.56026327898052e-27
LTBP4,0.000183250413913668,0.0238588647679121,565.589244570632,0.497527141172182,3120.70269082126,2.03714907669182,0.953123874823001
EIF4EBP1,3.45715922290036,7.43358024072488e-09,1276.05716656685,3784.53995148925,7.06510514580866e-10,3.55673023883968e-15,9.32191229821545e-08
EPHA7,1682.37031212849,0.00148415845831122,4.70450242656223e-06,0.0926981117789525,1460.35804721234,4.27190739464342e-11,1747.05145427754
INSIG1,344.598268388011,3039.21792684869,1163.42293422004,43.5916414667415,0.000101597513889632,28872.785271949,12708.1516014886
CLDN7,699.089076485127,48.4816997259249,0.00962722068972953,8.41666230835406e-06,8440.38325916167,4811.71818596502,18202.0999741426
BZW2,818.951411898868,1207.55007594415,0.0111877293610716,1142.58245529694,1955.0495491712,1382.79624844122,1861.90981434227
FMOD,0.0014273747579018,2.01691356922059e-19,1.86872635921909e-12,4.75015204785462e-05,2046.60628334826,0.00345226839704638,2.10781189339771e-12
NRCAM,1319.65503952706,2050.76283082827,0.000118491784979422,19.1100215729286,1481.7291541772,6.00835991382731,1769.33359077728
ACSS3,1079.71370852591,6470.36710506848,0.0952475928090883,6.09384672724151e-17,36.8925188939953,10.9871414425657,3700.83807782198
NDUFB1,306.274820365285,3.40403967946501e-09,712.704944664931,2410.23046359832,3.95591892403442e-10,2.60703292758586e-08,28415.6266363135
FAM195A,387.767039866012,0.000134193826683573,3.07149880043012,2345.52518862768,1.19454919585146e-17,0.133478112421078,25197.6749459485
RHOBTB3,648.105108547197,2353.16869259656,951.437934570336,0.00406416260426212,3127.08517482341,123.490073624164,2010.38546813086
AMN,1931.75542900671,3.2402849130733e-28,2535.50220621655,5.15783272807,8.53094386291937e-28,5.721831255099e-25,3.71134763876707e-13
PCOLCE2,1275.13705662825,2.0839667277536e-20,2149.79032788243,6.66173400632701,3.53827158044813e-17,2063.08011940064,6.47447762923481e-20
RFK,689.638619321797,3309.71525537719,3.60824200950715,7561.45266426166,2.48990825108934e-07,2.91748047066415e-13,14055.8815794011
SLC2A2,2228.03929025914,5.4048505781127e-19,4.07244654520495e-11,1.25838229066048e-06,1.64041026068423e-09,14868.9800172032,3.00074584483314e-15
STEAP4,298.819425837511,5.96088048197102e-05,3041.47053056885,2.48171091009051,1.97531618690035e-16,253.781090604366,0.228104997848044
NDUFA3,92.7356916966263,8.54837337655122e-13,417.755291484212,2501.70738713844,0.00112213266633141,5.5256854125923e-10,24714.8566823895
ABCB1,2128.62900381762,5.43463486538401e-08,3.15063718317215e-17,129.778017243419,2297.59272624594,3511.8198646182,7.47425202013512e-21
FADS2,879.132695204798,0.00289320556291023,1723.19852501774,1812.83507842018,0.0111940211263763,19230.0468308624,2.83759613428165e-10
CD8A,0.00391537408288385,1.25947290053785e-33,1.58543338094203e-05,2.5106760604549e-13,5.61489481342736e-13,2.518150647061e-23,1.57210261960254e-21
FMO2,2059.34329750131,1.28582165358675e-31,638.078270246735,185.997259255039,8.57635509835078e-24,2.7941600462178e-33,2.34405307286794e-25
ALDH8A1,2689.70641180589,0.0242595072931657,2.53177012923072e-08,4.59980943386486e-19,1.60276757956166e-05,2144.3457558421,3.07772019570958e-10
CXCL10,503.719370090926,7.52040578441062,0.0479524352939459,6.19689717080513e-05,6.43888509907517e-25,977.392596900768,629.02804497954
NTRK2,1160.91163755146,6.4432488546163,477.04251048041,1.113927545384,472.992043911679,6.94756004913894e-10,1.06795439519713e-14
PRKAG2,804.743211174078,7000.99406605479,124.408808723619,5522.06173070008,0.642848376774365,0.00349479006048299,4956.07287065116
FLRT3,2286.84312626718,177.368903250816,7.55588284548203e-17,1.08978376705717e-17,2564.885608595,0.0107783754364307,893.771848908012
CDH11,673.38484360218,2.96706402528447e-10,0.0570188135647771,95.5685266444945,1.07888067552952e-09,1.24582449426866e-22,1.30246287667107e-21
ATF5,100.938066186972,980.11804959453,1595.88201653357,274.068564879224,353.655132687946,0.388878775385899,925.821339997716
ATP5G1,818.109960446159,15.5677764038646,0.00524167633918207,2198.92506321159,19.5032052023451,1.11003115687295e-08,24347.1040614776
EFHD1,845.358623935282,6758.56462558892,1209.80965821883,43.0317451181657,5.41686956157982e-10,0.147659107498908,3574.54383373647
LGALS2,2060.64605370985,1.06290546838325e-39,59.5904528480902,3260.44623048295,2.57950582003895e-29,6.99278542331828e-45,0.0232070644117845
RASD1,0.00192551518758599,2583.09344200386,3146.01026769332,984.2873596338,4708.19395259761,977.79364302191,318.542405899354
GYG1,292.347002098044,3142.65912858104,2.09506889603559,3536.1410883154,0.544915193045166,722.401381579012,21755.3485554516
GLIPR1,514.580307013635,4.45131479640079e-09,2.03940278528518,0.00106598916056426,27.0839016723522,1.21763728363897e-09,2.42007296446466e-06
IFI44L,721.023835622595,3.92215049689931e-11,2491.55430527762,727.636381884921,0.000571179121755082,1.91618658689488e-12,5.49977695225684e-19
PTPN3,2463.99820761225,7452.90253582462,845.283445565683,0.0349407601323108,1882.8993546369,2179.61020959361,141.431553520149
XAF1,0.000424819591673235,1.66460425537934e-07,3763.93952930842,0.00238294106052771,476.007381799356,1.71495212093709e-05,4.52226976766427e-22
FAM193B,0.000943800572446279,485.484334900654,5319.21389462284,183.654459075521,1.38666659381507,1.31056452858813e-12,3.21380263865078e-19
HGD,2522.18202032944,1126.0999468757,8.10669296177571e-10,3.88949612363111,2.85769177880572,23537.3630415137,1293.87015284427
CLEC3B,278.445783419082,1557.0867685915,2753.08802011409,1761.52222847105,6.95442273639453e-15,1.51035508883827,6772.21788007148
FGFR4,1621.09036434247,2.06579185555895e-07,336.417332357847,577.273558447428,1874.25042510497,3632.20812549035,3.53115305087511e-15
CDC25B,115.424567221417,725.1679523722,1210.10798053794,3165.05151540504,2291.50758265359,1528.95082624412,1.46149960953109e-20
COL8A1,363.028735734282,1.28437049365807e-09,3.0772289727578,0.000140725179448568,535.973821968705,2.39592778757196e-37,1.21139157833204e-09
STMN1,791.894041527585,391.059163657838,320.095367383496,6639.90284228469,2780.78605255792,4764.42324583095,2168.23872169713
TBC1D4,1370.45258749517,7569.92127852626,1080.62399677281,0.172397542306605,0.382272805440361,8.22259775671943e-14,3839.62875812887
NT5DC3,822.704459570378,5.47076930660314e-19,905.724797010301,238.864250894507,4010.04477626638,9.88928278126591e-17,3.59596364980966e-23
TTC39A,1751.4278470914,924.413547960424,5.86737559113098e-11,0.0840149339293484,1107.6083575157,1.8758096842993e-05,2618.91473239055
PHLDA3,0.0168343230628663,1.46827169729333e-11,94.4976733363441,3820.36985495392,2758.57265724178,9.89297676045047e-16,4.2632019054655
PRKCDBP,0.935274518097866,1.14199449134084e-27,768.870764857661,2265.42013861764,288.352158161387,4.67537978016632e-23,8.52625609597076e-13
HAVCR1,2163.33249564844,2.24975998411576e-21,1.14808013859707e-16,9.7565105919993e-08,117.193260131608,1.98250574964529e-23,5.58627701582748e-21
ACY1,2396.68805627085,511.257401430699,2.27637561604813e-09,0.0622362220701899,12.5438774988902,5407.08253163135,8798.71568718501
PLXDC1,4.95240872891802e-13,2.69254490242066e-14,2296.36405679889,8.81733383093675,2.45380214962935e-11,6.47605899739599e-11,1.25634767288764e-18
FBLN2,6.57073676926678,1.62535935261228e-12,207.173572039838,4.16643018472978e-08,2.68328713979792e-06,170.694961735953,1.32047334440541e-08
GLB1,1310.74872727448,3504.49850654825,7.38089168354009e-05,0.128340878387145,3653.60384359216,5485.14789698068,14040.3249634168
GADD45A,1551.97328419961,4050.40666088472,1912.69598431106,3052.59288600349,99.4631221366879,1811.03428703876,1077.19831994249
SLC39A5,2144.79766662878,8.07574659663493e-35,0.0109859285204671,73.2339505311419,4.06974152849447e-13,4829.20858731158,1.37736879193539e-09
FBP1,2438.04874221348,636.52649630014,618.423062597866,5.13881374321854e-11,8.4856088120582e-17,6654.99759805898,82.4392554659982
KLHDC7A,2694.9398894593,691.775321296354,0.0158186345221696,1.73861531234273e-11,904.834072558169,4652.28900906106,0.00428036553266219
SPSB1,229.220729549661,0.0041604255426772,1249.45889411908,0.305064177256896,337.514489203122,0.0211667807828817,5.25085487918407e-13
ANO1,0.568814266873022,4.32160010914455e-12,1519.44057337682,0.592236100021524,1056.59056081117,6.6976426699564e-09,1.74465758816195e-06
IKBIP,1274.72840793872,0.112793468776055,0.269277154558063,2747.72684706679,281.44402261333,2.53787413048973e-11,0.00354336547483403
ACOT7,1664.44672415877,2.02920355413339e-08,0.000232084818888053,0.0216187089190756,251.224731542207,1337.43480276794,407.38770132761
AGPAT2,125.346541396028,1732.29503043367,1829.98866933728,3184.18448943522,2063.27571307317,0.199089780685004,10129.9286123098
NKTR,230.899634006312,1875.26713890963,6377.77521650989,53.2567961047103,2581.63143894235,1.40338807341839e-11,4.52352339312727e-19
RERG,888.153013770679,1735.40473415084,0.217078003608244,6270.37182826089,0.00857439022796325,3.54990608691656e-11,3749.01217556199
ALOX5,214.165150261051,4.73659939034904e-19,1.79695954232986e-06,3.11444545407439e-06,3941.45064049555,2.37213123530035e-12,3.46611119904629e-10
SNTA1,1031.38067857188,1789.92333056084,332.028872165436,3426.87921145435,112.836456973797,573.507201837991,8203.29542476547
FBLIM1,6.17347657463532e-15,4.35855426856105e-11,12.5517617145382,0.00166545290295473,294.227566463085,9.13907404971507e-11,0.00657869407220935
EPDR1,1419.97716645657,4830.13248080754,8.39848432612829e-11,1521.58049933576,0.0160478699769115,3172.51100434259,6017.89849338412
GEM,0.00586417701079043,10.186200204444,4278.07428361353,55.0804340053994,1.3744555823914e-09,3.55182958983407e-11,71.1565748928892
H2AFJ,291.134267471299,635.551711737822,1059.49931292581,3999.97257202276,1893.53454190341,2134.84221632241,11530.3315406438
MATN2,992.225369348768,489.908354405306,400.331804439048,0.474159569242985,390.960197485064,444.605288816866,2.42554248964573e-11
GPC1,517.585546302274,522.101321686247,990.118543370415,1835.02745643213,6137.13387466311,1932.81994148954,2661.57013679544
MAN2A1,1355.38735611283,5454.84645852759,7.55320885506571e-05,5.53853616131105e-06,6.65278375713846e-05,2338.16146057778,6.5644832408595e-09
MRPS6,434.164720216016,341.962916280911,359.494072914545,3635.76117819243,278.914211653487,6.47014256471169e-08,12871.1126520601
TMEM147,748.437459817595,916.675085535105,101.927374666017,4947.34864555357,1197.96755042771,0.00578814674596461,19946.0449336497
STXBP1,2124.36171137164,497.519898256735,2786.39954831631,0.522430511666871,3.4874899909283e-08,0.000481791008344774,0.000142785613485556
PLEKHA6,2624.67556422495,1157.52755614872,717.395897641158,0.326544596572866,1797.51875805941,1395.95029179,4.03659523441837e-11
IRX3,1345.0693602752,1.60321788953568e-32,1637.36004451658,2361.79328137787,379.303650210241,3.8050625540393e-26,9.1130445428687e-25
ATOX1,933.801050220839,1.21805524592381e-09,6.09246968370755,1620.45446292969,5.56271583463507e-05,2980.49232256239,16813.3615561839
WASH7P,141.278222864641,1626.95841547798,5482.26464001041,1467.05901117685,1732.72665237798,5.10021356441933e-06,1648.50939958781
LSP1,11.8221038267016,6.51868935030565e-09,767.119963950144,0.33533944196749,0.108646299020019,3.25590624076494e-09,0.0190171723586945
MASP1,1935.72934016966,1.04849779503518,1252.00063096066,740.064098133087,21.4928671593342,4351.90940196069,2.77881831351576e-17
FBXL16,1681.86749891665,8.22983596159853e-16,2679.02364743757,316.927262270848,336.814968907147,2.49317767907728e-19,4.96352356754881e-17
LPIN3,336.892249282173,706.240057069104,3858.02893514404,84.0205052482816,2546.33304229126,1.32232676074568e-08,1.39691303981747e-15
SLC27A2,2959.75832631165,5.6599003546326e-11,1145.91358182867,1.20696445063488,5.61469540899854e-22,1653.24737644897,1.28001572343172e-08
DPYS,2652.84458323501,2.79028512538661e-20,0.00495735065772074,534.169948354033,1.41521785115503e-20,4114.39736658297,1.60825854773664e-19
UQCRH,1120.01915693021,1701.52839041603,947.942955095978,3260.93231712189,1302.6301699536,4041.01654637971,14480.8064259531
IDH3A,1348.16592968818,6332.97580135867,405.273674371966,658.603337124939,383.613966398436,553.716776347197,10326.3896244519
FYB,281.708419914937,1.42952963820633e-06,8.74703167393833e-05,1.41400623472799e-15,1.47641771647954e-08,5.8803967095289e-13,7.91259968170557e-20
TFEC,2693.36669352989,5.58183492228102e-22,2.74706603598797e-05,2.35149029187595,4.10125359081003e-07,2.23868090801647e-26,7.01120598535144e-20
ARRDC4,930.022520980063,549.91488234464,3481.97906144991,2.78996360161619,5144.30446186394,1.29267728954792,389.289585800035
HES1,9.02839575298493,0.000196449787708738,5750.61548293652,3162.35159816694,0.000151851706178575,7.36764824974397e-08,6.75602943766258e-12
GSTT1,1802.37173988771,514.078416427662,22.4694625424215,1370.96487884775,0.000292629824158863,5200.56800598663,0.213793008434725
SACM1L,866.158669857611,6613.98071179463,118.934354871428,1412.21598817994,1.17035950179786,2419.55017190552,8344.66581606708
MAP7,3260.55036442386,633.759774780913,1497.05489352668,23.0424307303052,1.08671904984094e-06,0.783210773090459,395.41077974953
DBN1,121.313105790236,4376.8800211773,456.495010436521,330.730716871813,3393.95704085764,3347.6889808966,6749.02697832756
RUFY3,1090.56043942322,3002.50761513755,2644.63536154297,17.5126505381745,36.5516980676746,8.73883895064783e-05,0.384302034015214
THBD,132.810438441923,0.00205240942503818,2676.08298419165,2.78175730269606e-06,1182.61210076989,8.93720122446025e-09,585.080795647714
ZNF320,1504.97760298144,807.247453686707,948.537620362616,1319.73473013329,1253.83356188214,3.6740931155077e-08,8.35238161955969e-08
ARFGAP1,223.469444401713,1797.04501562267,3282.7947778541,1062.41895203565,3883.16614614783,0.136001754101244,3.64684958594303
TWSG1,973.147431035191,3788.5419087482,1.86357400180984,4796.73393829848,1443.02481357767,150.229653297617,2367.44024086499
MS4A7,351.577570172409,448.549072342304,1036.15741743275,0.00162148845942262,2.0943050152563e-12,7.94295195615863e-08,292.270006269989
MMP24,1791.87555211558,3212.34465917908,2.83747381701783e-07,2587.535777265,2431.46277299004,53.1804724837453,3026.05569961014
FXYD6,294.867799991932,1616.23976680978,2764.020096523,393.500619260621,6.55036649832067,836.330418125479,3797.52376602467
IQGAP2,1838.38979337323,4612.14493054156,5.93606617155379,2.47054981054003e-09,2.29677527634881e-17,3933.56243844445,6586.28692400063
SLC29A4,867.01017800674,2156.61958018824,1363.41565251894,1647.863565414,747.560323937754,3.57468480270919e-10,651.02716381597
RASSF2,204.777420512531,1.17240406970597e-06,995.044423418347,48.6659412256858,0.00888841572954089,1.69507967946214e-09,1.22019810013394e-14
DCHS1,163.881924127036,0.00491460509347364,2655.45619792517,0.0139842097630752,191.771194601268,0.923691054504703,0.000386385412371305
GADD45GIP1,2.05495337297585,4.30740680337712e-05,858.816112355947,6121.46986707705,2.8230911044373,5.29213698440857e-09,10934.0772221971
F2RL1,2370.60547947684,0.0100740783140217,3.74419471567602e-08,1694.12181544022,1873.71841170297,274.079103034674,18.9155248971983
PBX1,2026.40402975302,994.564669344927,37.5641345810378,5.51975190836354e-09,2191.40919114405,0.000188187645117898,1060.59168525499
PPP1R14B,0.736746799151218,403.520083335471,379.508665650452,3656.38196271128,1052.0712927407,0.289700235059045,8219.04493445508
EPHX2,3109.74614133247,1467.7935476617,224.066456532142,1371.65559350439,1.14365352765793e-07,3581.50693150615,4113.63470365692
KRBA1,1147.37141189618,1.01592511890922e-13,3403.47756556514,3309.11772379216,1.84790574458294e-17,1.17474905476932e-16,4.55648980175617e-25
PLAT,469.286431037129,0.000996315500107029,2145.56956243356,65.2892159546513,1646.45613605555,1.73550837646125e-12,175.218919887098
MYO5B,2141.42011902795,4596.22982463606,2.80869702134e-09,0.00199194590810234,3500.40296287296,3846.2778378507,75.2643927692145
NME1,302.365657606952,401.967727551794,2.51867767752658e-06,4626.15872710434,1761.77231091302,1540.26628292323,3802.98295289094
IL10RA,8.38503398971938,9.474744763139e-11,1359.35013567351,0.000122303973680144,0.000174196986979843,1.73969369177752e-07,3.74510828851548e-15
ESRRA,1275.69459193028,4587.09625512885,1169.55286421023,3377.77120062537,0.0228660745654465,2518.96600940677,11238.1899991742
RORC,2386.71860491541,2927.69463005636,1352.43860803642,2626.56298249378,569.090586222686,970.61936009431,812.480973910108
CTDSPL,1693.02061902299,6749.94811527456,57.3291079880658,2139.16550413071,2109.74679812532,2273.04671598345,1431.12206299715
NQO2,1373.56097574376,695.447942550319,72.7335185439461,2841.84843781791,4.53227517260751e-09,4347.11327813286,3212.55242945408
DLG5,260.169841730618,1277.1500550341,1335.04506208444,1279.54870695149,2039.88042689873,0.00675980225310034,1.13693257138471e-17
C11orf9,1151.72762972081,4.5194002250282e-11,1822.19875050414,1575.72061438733,4028.92797512192,0.00590259286946591,1.02213041177477e-21
BICC1,1982.74181305105,0.00608843921827554,7.71689967502182e-08,1.27943941328776e-08,3020.1195612068,1.83650731101361e-14,1.39897700481167e-18
ACMSD,2777.20008554126,1.3401265614532e-29,0.00255207158152006,1351.62535629023,1.34704652731841e-07,3068.85975442444,0.314169952839833
CMTM3,0.00736392749932485,2.87784362447491e-18,176.477900462981,3439.67590316643,3145.01872065131,2.33912593392238e-17,1.77950767208034e-16
ERMP1,1432.38076898641,5902.51684812569,4.27876567736015,0.0178580697909308,3788.64669772236,1.37227293114851e-06,3957.82428562553
AURKAIP1,578.150313304695,525.287499682626,919.889332098154,4144.43290341521,262.711018919104,2166.52567056995,9367.45663985117
PTPRU,615.941208438558,6.56787465240693e-10,1084.0656497171,131.880737392722,5402.2202641166,0.000102817854474785,4.04464047386817e-16
TMX4,1265.95677319293,4833.04105114225,7.71124568969346,442.738159584742,2137.65401112779,2388.02985447348,7645.79487305816
MYOM3,2559.03285126637,1.39001956164076e-18,19.5175270943219,0.000613653646097098,59.4974841299345,9.63445271098011e-15,3.70025635895534e-21
ZAK,797.996199582692,1737.31525738732,115.413866408372,2273.25180737167,867.185599567584,0.00251597249969196,0.000117092381234623
GIGYF1,471.058224752755,1364.17483053714,5453.38610305828,1378.57421821145,2004.82399452745,5.36015462784391e-07,5.39385686654186e-17
SAMD9L,847.561713853897,1.78204595413943e-06,1351.64047403333,3.38528526652369e-10,186.100048302858,9.22509770968841e-07,2.73260765571851e-19
SPCS1,1041.96017889471,2382.65704284063,8.43133889585929,4487.5035602325,1994.67165208468,4050.76331300021,16813.2202025867
CLMN,1186.33176561872,1604.90392097633,2982.9259016543,122.512113125193,2318.41698208943,3144.57571705964,424.892138997753
CYGB,12.6568402805716,6.86173354385301e-18,2712.40759452121,116.295688835693,9.96159428620159e-21,6.73028834690159e-08,6.20930747650133e-07
LSM4,651.146529896276,810.376851436093,3.03551631434991,4142.75270732699,1258.07292874489,1569.79552408063,15094.7493209112
NELF,1804.79112978985,2290.05624564287,2575.16076208783,1452.93580679523,5.91242716031409,7.00606458639857e-14,1459.52772521757
FAM120AOS,1870.54445191321,1070.84680116837,737.225673230304,2270.64469763649,837.939293617113,9.93125685514523,3284.64173078684
FASTK,661.551304877884,1670.33739849646,1809.33340363466,1063.51833794324,2238.50656232932,21.2382783070801,8300.73794350831
NLRC5,2.95877730009779,2787.31048174141,3203.83995803278,3.71754869558678e-06,3.15354538037336e-07,1326.58344518824,0.00164814489172814
MAFB,313.570106014389,576.20230277797,178.148552990178,0.00827956885068888,0.00174769487612942,0.00278143566205741,341.691347538205
FAM60A,743.997147880872,4901.93791734047,1.60762901696198,4660.65991720141,2491.19730935699,0.092342712181826,8841.80233959373
SLC6A6,1157.91135001913,146.71271709157,291.771286613871,1.44416982747399,2794.34688134702,2.70200843928463e-07,77.3420715510284
HIST1H2AC,2269.91043592564,7.58399662843971e-11,349.803108439179,4470.86766506152,2.44543366700057e-07,0.000701597882354008,0.0125939454254006
SH3YL1,2226.1851098747,553.789131433167,1804.48578613376,3893.26579749803,2.89144447595279,111.725662820183,324.205712462601
TMEM64,2011.24087553901,1044.40907052665,0.0906116532718566,328.497712028771,2.36665587102077,2.37502867940396e-07,1185.82265429222
MPST,635.647607645218,92.7162072233148,680.749113610363,5251.22945178588,0.476524972560546,9975.99396722766,884.100659814483
PCDH1,295.059299453003,3503.8441965389,374.543108506179,0.0453668523777764,1336.9749950559,2568.67707814436,5923.97403063771
NENF,337.194870234385,2.63022173566482e-17,864.539708895834,8588.22559037754,111.947914630386,0.0336737710928114,6505.98273150143
LGALS9,0.00151336647598441,9.47670428692012e-05,665.956157595077,105.847764414557,15.5046828221535,1.23230470358354e-10,14.4651353653753
BMP1,0.0472466793734078,4.37620977981829e-17,2124.96901092674,547.438914862897,1141.89900266017,1.82117303748982e-09,1.75593835948395e-21
FASN,635.46460641066,841.80950098467,1486.79140957964,1916.89990854984,2785.85510218932,17912.2516328592,0.00145043491744956
PLCB1,1718.82443177025,7.413790562897e-14,689.582690916107,16.555057615929,0.000265449287837077,2.9378113481666e-09,6.64520712064115e-20
SSPN,1238.27666326274,3.89349696034105e-07,0.870347254578707,1119.42137058902,360.845226498612,2.49244681523574e-15,9.86493062533996e-18
ACADSB,2396.42189493388,3154.16384950137,2.56743743513304,61.7629946842248,1156.40715641696,6567.90202922631,2402.80436289856
BLVRB,735.271153101986,424.288631784434,127.446989049573,5700.45994093191,26.9962070688371,5572.88930501761,7998.86780612594
CYP51A1,1302.47715946284,3555.18305013007,779.956765450729,782.365381359135,1160.44626439472,6688.29250351471,11872.0759701513
FEM1C,1520.37233934918,879.528663256794,1782.59409719242,40.2667523779584,2001.52212501392,7.34987038581306,1708.48597195664
UGDH,905.35081713262,692.640853046966,245.51496110881,3189.77705232113,1235.57952265649,7345.49136268465,3.78286285317378
APBB1IP,1510.1469401136,1.70222547315931e-12,1.12910637373515,0.0196982063830805,4.94692575503953e-07,5.21563453051583e-14,1.45294429218513e-18
TMEM8A,885.22302797604,4108.9021104455,954.119369330651,1.69846848886556,2377.12411398696,4977.61128461633,9838.86528028461
ULK1,212.678139017879,3712.59000326271,3024.00793684163,225.195018401917,4547.26605768946,0.00036470851245967,2.23591573367418
OAS2,552.918005266348,0.00616287775626395,553.90170261203,0.000676779361195499,4.22537431584976,0.0918367962506659,3.21106948837872e-06
TM4SF18,1763.24095718911,7.65274745429203e-22,81.4517719766899,160.239693391769,0.557564127967525,4.38783814562091e-12,0.056917739065255
HIPK3,2275.23620718613,2674.84428366255,18.4043886106609,2.07654461036564e-05,356.446864278639,92.2905372418255,3.57882822373062e-11
CFL2,1346.50559246885,3151.03123446423,111.788019986359,2341.90273388382,2.26178231976623e-12,4188.83943695303,5091.65938260596
BCL6B,35.1331319436921,3.47085138552851e-09,3149.04664418858,0.502086225307217,8.50353464173502e-10,1.04108441337032e-05,0.00322091949227608
GPR4,325.242461752671,6.31706327835857e-14,3988.0062825436,135.906592639003,0.00743053755146895,3.24867755471074e-08,7.18841230910901e-06
MCF2L,1086.01094271084,665.532846976524,4983.69787119748,1.42264550060234,3.72005841625473e-07,3.05159503325125e-14,8.28569201221115e-07
SLC39A13,927.799572151377,4465.35188326765,1940.02435084785,883.238591021217,2540.84547176856,0.438149437631029,7403.98987115141
SLC25A30,2113.86725825298,2255.98690918315,1.54397933592476,407.881617747939,636.640621282375,0.00931314708803003,1699.79673990573
NFIL3,975.903803238253,5.12077586894164,5354.33116471002,2474.90016655742,1319.39083707156,2208.69328015073,0.00483225963885139
TMCC3,1692.61266874679,889.02468410425,1185.24427337664,0.0058882448067301,0.000174207492069203,2.19724223331263e-07,1134.31207301818
SGMS2,1804.0486500635,1746.46716408097,253.67397139544,2.61807825429569e-05,2387.42642579343,1609.28609731535,346.07383952027
PTP4A3,5.95930935665359e-11,552.070367507717,1358.92890275639,1436.16016054722,264.500096384792,3.9143887333321e-08,235.240499452297
PDGFB,567.258853501001,2.02637285363221e-06,3181.54246795663,16.873236034392,0.00159098798680958,1.04793352118658e-05,1.31021292703271
MFSD10,147.21721116185,451.955241237273,2403.91620997315,2900.60642010469,4247.57478394883,1.32467969349645e-10,2807.45007734385
YPEL3,196.921967375045,429.187211975582,2124.07508813608,2542.6568735998,0.369447687459256,2.80187789225102e-09,19.3583445093427
PLEKHO1,1.07099795149305e-08,5.49848109164285e-19,1422.65014492321,273.604595024494,0.00183124427445588,4.63960900287289e-16,1.97202361035775e-05
MTP18,1013.77614650326,2.18090148041379e-17,1428.39577328217,6076.1928822749,0.00170570903760984,0.0604216655340585,9119.71955929049
TUBA4A,1267.62460792081,1687.57485089797,925.661612263365,2359.49803715425,2669.09689940553,3261.87364977511,4830.98505452224
FAH,1580.04813743875,1475.65292678841,0.331973513831484,2527.08114322395,3.20722981076758e-05,6981.20851986789,2816.37582902339
TMEM129,1152.43611269023,3710.17043315587,1169.54960764245,881.636858672941,1409.95769894639,15.0628661269057,11750.0313195783
KIAA1522,1651.54433767822,3516.47458474404,53.5488570692006,45.4941204407126,5960.05369383238,1019.1464017852,1638.55713642769
ECHDC2,1236.06200699333,605.074370994701,4377.90854663226,596.129789722155,7.78966557683742,2912.267572441,0.384266620823317
NDUFC1,1336.56042567056,872.454812993543,926.202945363126,3380.73275877807,0.227979974166577,24.6016282902321,9038.58376581704
C20orf24,732.358607548868,900.590619896704,4.04672538358165e-05,1250.60743354424,1484.33956712484,4138.17284373674,8424.77532577669
DERA,1940.58900105655,479.278028400939,1.95193868911726e-07,2712.56757643269,42.4501319104153,0.706851710028815,4134.10823356667
PNKD,856.487563907484,753.57430155204,4.22335747274898,1705.21278423299,1794.76168491535,1842.00149393134,7929.44905398372
ENTPD6,653.095712164441,2281.20529234425,1913.4582242059,1381.97896474674,4349.5431435422,1603.67091426386,2790.12721470409
SAMHD1,769.492155843739,0.000540798854677703,0.00220629063960057,6.97827058722272e-11,0.00018487790745715,0.00242877609373648,5.13528715983796e-13
SOAT1,1111.32232636312,2854.51525814748,2.47784990304419e-07,0.00581761883333019,1403.96982646213,1.02318576062812e-07,2588.10103084257
SRF,1311.1959462907,435.687478561954,5048.78476640716,75.527339934698,679.041030526998,0.52294680148184,9.54510738979671
TCIRG1,5.42223724895159e-06,552.367289519543,3156.10281597584,112.229988922651,1856.18859125447,1272.72676909867,0.668860985477416
CCNL1,244.489658430029,1676.10644113647,6888.06130479936,383.483459946103,2156.10425241966,7.35560530498084e-05,2.72711387631127e-06
GIMAP5,397.858725804109,1.87861895628551e-12,3226.43492743575,770.037943726228,2.62075349030152e-09,3.54261716418124e-10,508.842101237229
TOMM22,1126.32055118986,818.033280856654,29.1097393295408,8326.1631098179,4.101970650111,2198.93862996735,15876.6124756131
PNMA1,1338.87448481441,1153.47691997019,1025.84856826494,1624.68906996088,2380.41463903213,5.07077503449554,969.840976165451
CYYR1,1027.42065674472,2.39223922580504e-05,1578.77144567995,157.633196326116,5.314206369115e-07,1.71636091992942e-05,541.688798917392
NPDC1,0.127204136922574,1.37593321598156e-08,3778.72959548044,3079.68636395085,1202.60044928589,5.73578931381701e-10,0.0684939553873395
EPB41L3,1600.7615195325,2199.88069279021,0.049996129924324,3.69247278861876e-07,116.280292786638,0.471747566280543,29.4540112363538
DGKD,293.10542190324,5.50459133873383e-06,3894.8212070207,467.578127891002,1124.70062774493,4.61037034328234e-08,2.34146292091801e-21
OAS1,1569.05673366947,7.48637111567049e-05,22.026663561218,451.066111962372,67.6653542520047,0.0513308981069238,415.54171287579
GIMAP8,862.013132848443,0.000659067897275236,1368.6939317597,0.00140676424041926,2.97679543426389e-09,2.17443370652138e-05,0.0674801908580789
HSPA12A,941.536098642383,84.2585979897595,1875.16622455035,3.22365130645522,2937.86920820118,9.44931754871474e-08,876.50507621849
LPAR6,444.041225734048,1.30119009608058e-06,1392.32948107181,128.201580513111,1040.23188230684,1.09795063558069e-11,1.311213264588e-06
MRPL43,988.179600755296,6.70590274319673e-08,248.719355338731,6229.63399686606,478.344340900076,0.259026375775854,16117.8362823593
FAM3C,1363.63666068557,3120.23322983742,135.884393478941,2676.69110057156,2207.53636728151,2.73419920318997e-08,7880.39942917078
TIA1,538.216014591116,902.864442304074,4262.08442495344,2176.64161921115,1330.00783727641,9.99514920070883e-05,1.05411449251752e-09
KDM6B,1004.77853038225,476.351600106179,7187.95714504494,3.73234626436485,1186.72381150619,5.52383925303665e-07,4.60389321795478e-05
JAM3,503.626391344923,2.56204128057168,1966.62526595294,706.133344149122,7.42965977824862e-09,1.37448775217179e-07,134.12349194104
CIDEB,1766.00681334367,1.90375121574891e-22,2175.78102720069,727.181910331729,4.34329059664217e-09,1177.1926620324,3.6051228378967e-20
DDX21,1874.92018618408,952.271166944459,1433.06165402074,4.13195745482101,1460.72132316939,1099.14855083315,0.0216567037820823
SUCLG2,2084.63740444255,2863.70362003527,0.266078293835237,889.445633247543,1010.00321819089,3957.43298891908,11208.510201419
MAN2C1,852.299219244832,2159.87233987061,5413.41994053503,581.614878632389,1580.22989669501,0.946254950033562,1510.07506012332
C1RL,690.110080033469,0.00818183620688209,615.999418919773,203.491764159356,2801.61848691457,2702.13142840142,1.41485130893501e-16
ORAI3,1151.05023433009,40.5330694093523,9.39141753826084,3095.87880692879,487.531162019371,5.7321864660147e-08,1481.08353471803
SRXN1,1055.88679117722,2578.78533537283,26.8474506517943,3109.17661118435,1506.84583683923,2462.34817292639,2386.25560242776
TMEM204,520.923653961032,8.46673249892538e-15,2464.97639932309,530.120999640137,5.63595813787546e-10,1.1616452034744e-05,660.002079490743
EPHB4,938.045080731379,5.5106332440366,2129.23795682548,912.004540927728,1976.90675170868,2291.78656733879,58.9498380761953
CPNE2,279.81583411287,4861.14247805797,1488.32432997921,3147.48331969673,0.000317380268605059,8.62616712249555e-06,951.547576532741
C7orf50,652.103897363885,991.302537442468,172.410088849757,6266.83530713982,145.141071112623,1.30882307102302e-07,9595.38871210069
CDK6,951.256530403832,621.301472765373,194.091640109766,114.368852723915,3792.05077231017,4.27675727638848e-09,0.234819372188659
GIPC1,670.248934112818,1587.06523212448,846.258532634854,2897.89647584708,3087.15017097758,632.519955773929,9719.49554400391
SIL1,812.240082637467,592.381598380704,226.136888541395,1151.02594977702,74.5636479006475,3684.2000274106,3557.49062799624
SLC25A11,1714.64636699049,1677.82282498269,8.7445775696555,5016.35002078903,191.001108322797,0.0100745455905521,12116.8486487223
DIXDC1,2293.88042919596,2.19605838077994,123.199722787181,1116.4055627967,495.432901473856,0.015496278273462,1.89892581409987e-15
PLEKHG2,0.00856265458119795,4.4570680534056e-15,4034.38328003557,144.214713382465,2262.46853675407,1.25490566042436e-09,1.15202350323411e-21
HEBP2,462.271853502831,2.38937372422645,73.9217729674987,6931.50150358367,578.235899301826,1355.83228901086,7457.17916940211
PLXNA1,245.482577773586,735.685203699779,1445.98155800203,2.12945802710842,4082.04982134919,1.10721125046944e-07,2.60674930697223e-05
FAM129A,202.341394355239,209.737953941784,6.07322631266537,0.0103473503548284,813.453561891401,1.37406315602827,0.061303393231687
UNC13B,2352.65812399119,2303.16140174139,1485.97880477007,0.0257311773667896,834.704256706662,3632.66434047552,47.5807062815457
MRPS24,691.946857889195,1011.28336877695,10.8001616765102,7039.83112862134,0.632754156242428,131.505162750747,12473.8767742012
PNPO,2106.56682178169,2080.48553655505,0.00672008473308002,0.639792465706278,1509.4335960403,3955.29827181374,2445.20564644541
KLHDC10,1827.16217322177,1147.8593895359,0.00158090489615806,0.104638865007533,1745.34008714566,1204.73421662959,0.000365777453228417
AHSA1,951.341729677851,2892.29989865615,1419.12616737393,2309.04710015299,1623.31005931974,2367.7612645986,2462.32092506467
ALDH3B1,1126.71119695067,4.45102307852836e-10,101.57916759207,1373.07845224737,2705.76018503996,3.41963650085023e-17,3.75511483292661e-19
HTATIP2,897.925356075497,210.59208945093,0.000986707638870758,2220.50840036797,313.894593385223,2212.69932718285,10274.2736051858
KLHL21,1294.51187335966,3494.11365415426,22.7177120200208,1194.34896744726,2208.94710780718,1568.83210996371,797.537402678778
ZEB1,804.249335632796,396.652216087003,1706.63192318211,0.0904436230426565,0.00777469705811734,0.354487467578474,0.000110075012283462
PPARD,600.773530510513,375.847620538288,3110.70742121594,106.800621098888,4549.09654765988,201.705126410513,0.146412157637575
TMEM9B,1252.27129748936,3222.22282127635,313.639149277291,1186.53426253611,1453.23640655999,10.6351107033477,14532.9747404446
IFIT1,2228.5411724777,0.010110338306136,399.013747708832,2890.43103926492,36.6184118027959,1134.78845018782,0.241070219038817
ST6GALNAC6,363.879089861881,549.011378031368,907.090183033516,4664.60745472927,1070.3576446606,9.04528942430173e-07,11789.2265602253
MAPKAPK3,1236.48701859806,3104.56792014067,13.3625964061428,2843.16283200411,2467.94259704581,3422.66801252398,8948.19518978601
STX3,2986.76294181259,2342.20345000775,1035.1231105234,327.135916622126,442.820874321787,11.2550392634276,2180.97184457863
SNX6,1651.09028193606,1466.72608400333,1.15303474312169,1660.79871543485,624.640702496178,52.6748330255352,3728.01667059931
PVR,251.322294372155,3303.7852449489,2196.99422195406,310.376705778588,2837.05493567462,2699.7433111309,118.078365709023
SNX13,1789.9988393311,5042.88893280946,62.3533613448833,1110.03626165319,1.58260253603499,2.00786665888255e-10,2786.99688526539
RBM5,377.503909380173,1998.60839068853,4945.18786782914,354.077035271113,2580.50548002766,7.83080218531511e-06,3.48396667245409e-10
CLN5,1634.80071770454,1516.12160835685,32.2853190828055,2565.91513655853,995.837610696853,2.67723016445639e-28,14735.3637615063
WBP5,1390.65263279231,1361.86874658244,328.695762966649,517.311408120406,2641.28553710786,0.426909334722119,445.081892626192
MRPL49,1994.2951966407,1816.36485983839,35.0930824296455,5730.46539281796,1112.27907458048,1492.28129136677,12972.4893200912
BACH1,1294.27243754109,972.825468702764,116.485226759099,46.3170698347216,1499.19255343399,1.39769740269055e-08,427.021443992375
LSR,735.541785931046,864.600150561241,1966.70941503696,2402.66274424108,6541.52357382877,3852.07766158638,4135.39234438923
C14orf105,2075.54385073833,1412.84638298558,3026.84326323333,1603.79385727565,430.701381748334,4.88952564433828,215.766419768834
MBOAT7,443.757821765009,888.355486640542,1110.24562268284,3024.38278037342,3987.12931923398,0.126682593880527,321.039973826016
CREBZF,924.382685938507,1360.68111796177,5148.98635872691,749.835216983749,2289.39382094515,1.84914419845687e-05,5.80162504421872e-06
PACSIN2,1943.20939399581,4312.40284561316,948.26579759571,0.00122864501953306,1356.3983522882,6036.4252214029,1941.99089386888
KIAA0182,741.785908091374,4796.59275637122,3399.02478216676,105.999557895601,2005.19640531132,5.81026259541884e-06,0.174910171942947
CNIH4,1099.36360596439,7.33874514340313e-09,16.2246616642572,1969.75316217532,1512.89686986929,4.95132720367858e-13,16209.3968948204
APOL3,524.226205375744,7.72663193307529e-15,1623.94573279066,1.0416491553342,0.000457722469790083,9437.1579339852,3.07936784507713e-08
RPS19BP1,540.522594028701,466.676789091902,1295.85837203487,6291.02711916762,0.00819029497004002,1.16436260956674e-05,6411.32952920079
SBNO2,86.6881953984117,960.215987175048,4479.69934360016,18.1920133864929,3288.1520768435,2.52272506042436e-07,3.17230527720334e-05
BUD31,364.152444958365,780.220543655819,441.621639815312,6564.5430070941,4.89286446129588,6.35876167231973,11073.1802301073
H1FX,53.6261300126484,672.091101030495,2177.68601759556,4738.22048787577,1640.48284527767,1180.00820098933,435.213301179212
ANKH,1396.47988272133,693.037430027439,1022.79331749379,502.013368327091,86.1391444278132,5899.58499000456,0.217422728763349
OSTM1,1480.62378278329,2370.22516690409,8.03797361401057,2446.67593729101,2.20746326949787e-05,5.74210170644772e-08,531.97440021879
AKT3,1716.97197565003,893.079944991305,1099.09058043157,13.3504287863816,579.129348533025,5.90606559422773e-08,535.963034375963
TMTC3,1708.27058343719,953.14019873893,2.04973522085156,0.350432842068507,213.909520184744,0.0194972069593614,1693.41620147889
AGPAT5,2111.89572513848,2599.07208378652,50.6902164194109,1521.41488533485,0.0562871081284414,2048.29691869592,1548.69153718143
G6PC3,1086.48104234394,1376.84928577387,412.200160672427,1974.19097391651,2009.50328483465,5.60636173237808e-11,4182.06209929844
RGS3,18.1400835235405,776.280104708656,1978.87980933364,1842.97401266959,39.1943349756422,655.737856486362,692.62038003294
ENAH,1173.06146303064,573.117550761044,9.78792814994002,207.432509614862,1846.40812518374,4.67583445024643,973.4658161257
SFRS12,1000.64673715061,1473.32689325045,4616.99646475764,442.678104838889,1701.18964860806,2.40952703231934e-06,27.9640599176686
IFIT3,1530.32671199111,469.733989497367,340.327762385739,330.666478344368,3.47010543127739,426.080843809451,173.85461022467
ARL5A,1639.46167559223,2446.10654359646,0.109172874036701,2378.24260557867,0.00141770440111429,6.83934689328643e-14,4771.62234983826
TEF,1838.02353060895,1798.91054400061,319.010748412593,109.649795675275,55.3408626412425,1694.65389290799,1409.35384752946
LETMD1,1351.37398802952,3781.45050965717,621.643974620808,8276.36444518735,17.4281478650553,2217.77654518747,3403.57108910848
DIP2C,2827.25366328238,1403.98344812897,1099.31341327241,168.429603003267,29.8706481098229,0.0573059646552882,2.68799397242116e-07
CNIH,1485.53318449123,987.520769037359,75.179745150941,4712.39099198435,0.0936459429298858,2210.53831856733,10868.5935765789
HSPA13,1730.68733246547,1322.7984152487,4.45358285456069,1428.95584932774,315.844014548342,0.193690379342735,3659.01110456617
THNSL2,1589.77848591467,434.507799914293,1038.80318099494,2126.52925241677,3.92099002013866,6.34535945590395,0.0932517761885631
MAFK,55.2215062017427,1712.93307430379,5490.52457892424,469.50400885525,3491.08798278496,0.000138686923839593,7.44097704272448
CDC42EP1,283.501417245155,594.067430103355,2873.0421589319,2265.35858919295,3107.47411063448,1396.16260762039,523.285178991634
HSF1,611.934719224654,1676.56832499474,2035.03171843944,4729.45042025525,2569.36407101164,1.01654228987404e-10,8795.47858658295
PRKACB,1628.12657954247,2438.68165514066,3.85189572366872,14.9986656592286,0.147749063573835,3.57538574949245e-14,6505.76322694353
VPS13A,2158.33885941992,1359.26577341771,1781.61819230498,0.000407415600213464,6.23829675551731,4.58290048298038e-06,3.83840440798329e-08
SNX30,2703.84322855173,1419.15967463589,5.99003829517913,7.61934192525303e-05,212.521996447177,0.0112394338788888,7.57043521763017e-05
ZHX2,1418.09237288508,451.258643001464,1284.8152501602,2074.11656542163,2096.42094348669,0.000767188495923846,1.15300034335104e-12
AGXT2L2,1054.39565417388,213.016165524199,3243.37839952747,1549.25949026956,0.0403746506111208,0.000906949238233922,31.0001351425576
OXR1,1256.62167809766,2484.30298023616,67.1967681899176,53.7753413046097,2486.84192072989,2.08532935858849e-12,1978.85748144999
FH,1736.39328875298,3158.68024156699,52.3044026689116,512.438095446563,788.722442898355,9760.39664897071,9862.87376685372
ARHGAP31,1268.03021520899,989.291229075635,670.438749730791,3.31133067708909e-05,0.0178489791037093,0.00348279722334117,230.927466058752
FYN,616.951544184376,0.00037810030208769,3150.50186773236,532.38287109414,0.00351733455894683,0.00487005735010664,3.27243569059467e-06
MAP2K3,863.494933740544,156.216552029963,4118.32247117024,25.6030170094036,2566.33167693698,3944.90404062322,151.2523620543
LZTS2,673.517175864498,932.786860028741,2767.93844619005,541.892296083377,2825.61975044647,6.13476449152765e-07,556.153545163982
RALGDS,198.297955995785,664.843330045204,5242.78355573337,56.105648836872,1403.15276181317,9.95479502828193e-07,0.0289868106357961
ACSS2,1876.02128008492,1581.57253650226,0.441140174740352,1544.16875208085,2228.2590769024,3756.82361352498,2127.5679973608
BTBD3,1060.99860483298,1127.56724033849,1418.57954370224,1526.44864010982,550.896652924526,1.76847754907639,482.993374907769
TNRC6A,887.67086543452,3020.80995005417,3618.82613975765,21.6117712294094,1652.92173161651,7.94642144985049e-05,6.76176304951116e-14
NXF1,704.970936640594,1702.86434893393,5299.35260188332,160.862773345478,2131.49705618809,19.718909817853,2.40092409102389e-09
C1orf198,537.424009695079,441.608984802614,433.82204507046,283.354710638797,1437.68413027984,0.0557614383765908,407.093646553485
GNB4,466.248416906596,8.10620203586905,38.8417666204013,0.0595604314064852,21.0830346680074,1.02459066714473e-11,886.2724364312
SYNJ2BP,1572.08446511654,5079.12005765602,819.539136934801,0.0376227827070554,1382.35897097976,1586.88845190685,3534.34004183822
ATIC,1481.02163782171,938.354464661435,4.78916802273165e-06,3869.69258548695,1419.73757031222,183.564816420243,15.3625302869555
WDR34,1206.44861491155,104.070310992827,2024.50690043779,5423.12418724,1408.87429279762,0.0123705508499871,1928.98817079637
PDPR,1969.55318615034,1900.94743248298,1231.70632482336,1.3145394147914,1234.18488583917,0.13536730160722,3.38976470578531e-07
PMM1,2005.71009366492,0.00294462859039395,1057.15028965082,6598.21791199461,4.78185984421702e-08,2029.99929417553,2937.44337086355
IER3IP1,1544.85475439586,1152.63629823527,260.657757971239,2666.35724513103,8.101581854222,1225.54206531663,12936.9922209419
ZC3H13,1741.41688890745,1763.88160364767,658.492947673408,0.0860225825511868,1548.30868546976,1.15538448372267e-07,0.00530783604679444
TOM1,1014.96823672787,3822.13182378812,721.781822276076,2589.34106952575,532.836540570676,2779.18917138236,3703.440938542
BMI1,1669.08693101408,1868.72343705098,47.0454371852516,3035.80976618139,312.099031507779,3114.45889468144,6487.95703914644
C6orf145,972.051851313054,7.06387827654333e-06,3317.57455781079,2880.32457840752,0.000355506174621377,956.288737200379,6.52839450826499e-12
DRAP1,41.7656770970551,613.696385586819,1737.79915601457,3799.48216730939,243.502881702808,2373.32677889365,4095.26613316235
PECI,2346.72221550737,2370.65500891766,17.7790247098536,3279.23829897128,0.102733731447051,7200.09935221735,5325.58623156009
HPS4,788.168813199719,1818.51416602388,3386.15136783376,1875.38638213179,99.1279838333764,324.275870875793,0.0447908995817655
BLCAP,1195.25926361634,4161.11993702033,1076.72591933418,156.028972590265,1633.30246527877,43.9951004467238,5298.35327326541
SYNM,1773.48921431217,1440.62318439256,607.988416458,0.0124261874862336,5.80977037417832,685.254437534011,1.66549935761405e-09
TRAK1,940.050405462966,5463.18558283641,1562.59050972259,2.03090636477704,1436.14623534334,1504.66672530034,487.745313062367
DDAH2,233.353362139309,557.636992113765,1160.50949666425,3941.47889824497,1885.23553257612,1502.32711089272,1403.75238631261
TDP2,2030.04330163919,485.421962719318,4.17911034126037,2617.4404775848,0.00479935642039223,970.012980690557,1984.34049776403
PIK3CB,2335.21720355608,985.108183833362,4.03040558516442,167.719479850211,2482.87897486405,1623.12619553314,1.53431296332421
TRIM14,2009.25165053066,1.73708793434705e-07,5.21854816261383,0.00890149517845018,233.036895827026,1244.43735662671,2.00123270170756e-15
TXNL1,1056.68461424377,1152.54844390683,200.213480015515,6471.10206879716,19.7995774579938,3541.80388569668,13222.3298691286
NADSYN1,492.628393694811,1140.84254314712,3478.60085557337,489.267705308024,1752.67890653983,582.583555112403,4381.58195406418
SOLH,658.33789514123,835.008431982185,3431.80617615194,49.7938540616237,1539.43322024557,3.20792863932444e-10,30.7138378865381
SEC61G,777.615594682763,676.241381888528,671.401159075503,3509.18375445553,813.569835266816,20.2658710960785,1361.9689948898
OGFR,285.789184104253,708.73385434569,3312.93060866524,2074.68354895585,1778.15978476807,1405.41687345435,0.00620642551225513
C2orf67,2476.81350859032,779.074176105237,1734.30647298685,1526.86888380364,87.5319788313451,1.61187066925844e-11,1.64869758438912
RPL7,1063.9997465504,1472.13873860388,55.9385923612233,8510.20440238593,549.527853403538,0.0194173554508392,2051.39168636872
SEC13,640.400819060927,2541.79852024854,707.252759572905,2385.70111028373,2090.90610316107,5344.79334384437,4485.18952329498
GYPC,848.399084400743,5.11583319946453e-16,1234.12464277805,4752.55740140344,0.00746118420090481,7.31899214237618e-14,4.22008328818663e-05
SMYD2,1492.3561153671,604.485879844054,645.133656549044,1807.96952913655,1429.03104450047,535.566596444928,14645.8071837134
GOLIM4,2167.05008706378,1962.05833637106,360.364331961176,0.00370154395450033,9.55749941409679,1849.03178191639,0.0976023628543975
STT3B,1365.02842610742,4077.04450808648,0.213047044783367,0.160530323748294,1391.65279819355,3045.25004633565,523.118529659759
NHP2,869.458476063764,570.574784154939,42.1080808299044,6817.86040290796,222.752191745013,2004.24108891294,6772.20471485645
FDFT1,1533.40172596518,2406.11856201445,285.750921800394,2300.01269735446,816.185260071901,1977.1985395244,10895.1189343526
SCCPDH,1462.73549949844,985.211239973128,9.55350042240956,3114.95044028736,2797.98415461317,12471.5497135674,1730.14709473099
BTN3A3,1121.04778549023,309.543843703457,885.450101568902,0.0272609785010497,2.05181397724088e-05,1615.53186991674,0.739790593925188
RFTN1,625.566648034425,1.60118079684569e-10,891.501861447648,0.0269827254316532,0.0610669868310292,1720.99441023739,8.7022614484816e-05
AIP,374.185856168243,746.671853414991,1693.29829461006,9148.14759536153,0.00690470958990249,1522.38058483706,5393.75441002421
SF3B5,760.218404089064,658.052677261007,111.854491166679,7295.02020186276,16.0714707294225,0.0508013093881005,10453.8402459766
MPDU1,1509.88160047385,1093.31849737496,302.419933519368,3756.64348943399,425.011623755054,93.4483816564266,9944.97030949623
SLMO2,1373.72659168592,2441.33719585312,0.186731091611583,4591.06680047617,213.255767348973,2.73616438932119,4843.36300654667
SMAP2,367.874783212791,478.689010025539,2314.01931831974,19.5874841561352,0.278673009741845,3072.1121049425,305.801029593448
MRPL24,930.872134403708,0.253756044561308,391.647812392154,4728.19953986565,955.674650892573,1367.35165866008,5575.82704435852
ZNF33B,2183.29871206621,932.561194096311,121.316552276419,3820.05922351882,1234.72309839615,859.65982043081,0.0204236877685471
LEPROT,1809.53797989705,619.267946949813,0.0934573957690845,0.00041774810472246,1489.97030505885,1146.752480537,1286.45530098162
RHOT2,624.67094866782,2067.60247035642,3882.15718632598,1048.81392400535,2426.03486931284,0.0313297332594445,2608.9756221383
DYNLT1,1077.69690579913,452.045345790426,389.15076678036,5437.60421527354,620.25781750303,1.19934930255121,6939.86256449515
GSS,1447.10827676936,1315.08109926205,136.850848768203,1264.09574686017,2453.51687209367,311.514491321633,2664.01247166295
SEC24A,1650.2591492245,1264.18139979644,3.6202323525581,1.28460969616675,38.0583427598589,2600.21010004715,336.421573614987
CASKIN2,1069.5512391561,791.477285478025,2741.58565557023,0.471758642375368,1162.10617019325,871.168919986138,400.549268295717
RNF144B,1097.60261198912,64.3050433302955,401.474742112076,3.36950369534037,2959.58528780921,0.0544921558418225,6.39828514796083
A4GALT,921.53221845582,0.11870975754018,3082.58821361772,2474.90978530783,414.800299788396,1.84019102019065e-17,7.32111924118134e-05
GMFB,2123.71208219905,2064.07188303941,211.643042866059,12.5536451238461,1149.08952196345,2329.6385460193,3878.65919317255
C12orf35,739.457528682045,269.634437040358,1621.95350458434,0.0293193761014235,583.942443545227,1151.78971279433,2.38119816293693e-13
C14orf159,1224.70628079647,4872.07709806936,1254.58456745568,6.12911566189572,908.439449554354,2427.00063724952,3858.19423493409
COMMD7,1124.87343617543,653.337855897053,410.235543689531,5199.44504592628,29.3284553191671,0.00196810104219113,7674.09513585504
EMP2,343.157941183561,6.81443056476834e-05,1921.1757276671,2091.37133326567,166.273861023947,2373.26061445566,0.000118684248357167
NIPAL3,1668.53008992902,1071.14607091615,7.0305855271154,0.843985754834844,3332.71975163498,29.843651513824,117.071559040145
ACAA1,1584.36927683859,1329.50605401762,356.731417765454,1921.82996265486,131.361026301104,7457.03453240445,3857.51503954109
KIAA0232,2201.68181580241,3941.44430118644,940.466536129639,1.31922895809596e-06,2048.50089527428,1874.26473659798,117.189423010804
MRPL17,680.718240252647,592.836610431154,183.623759375376,3977.99481041554,657.580259686404,0.00027474571866003,4816.73073512031
CLTB,208.124072104487,885.124345973657,1298.56008099941,2450.70839386292,309.25680589233,1575.44882900831,3631.69202149075
HS2ST1,2075.15678005483,724.616922449264,9.47363500796707,385.811059695816,91.8232057364368,0.00850487766807989,664.730314720956
PIGY,1162.0668743699,1420.41821184023,217.631495347699,4251.83622332202,165.657646083602,2065.10134517094,13654.1289492552
C1QBP,1586.65247506444,1685.79336710038,0.00939484584265789,5046.82679048793,1303.45609986053,0.470582032340113,5250.87205804589
PHF1,559.087326346121,2030.70151456563,3715.5203969906,6412.94078483986,689.709582500656,2.12890273703345e-05,1193.07330744032
CYB561,1611.84290771456,282.642856539437,535.07632893378,72.7568910161502,2709.12709529749,1073.42341577811,14.3119290898126
LRRC58,2312.56198578167,1863.52769305831,3.51161519217877,17.4271542369881,573.251551741289,0.055226324441423,0.084391250811906
AK3L1,2383.31460386338,9.60338183680964e-18,6.24141192773161,615.436030656359,894.385133459963,0.86071603663329,2.37817005732582e-14
TOM1L1,2388.63314121887,2081.65020772055,0.300486473556484,4082.72255456132,1293.95041754819,2397.41010894707,1442.44335949203
CRLS1,1060.5081468564,1440.76382845241,1.74677319727998,2324.85651908959,2851.58041741831,2121.71343660877,4129.15607291042
YES1,2000.10254303946,1440.55916335148,806.75032950727,241.562188714797,239.962686281008,1864.67992915871,1302.79456022156
TCTA,2234.79599369802,2074.82223315554,988.53793664127,1860.81768580125,352.469493347749,67.3132532721901,7891.41591582367
SH3TC1,451.007691210613,2417.90832101786,3737.96614087328,318.955384305002,4.87158152455644,1.64979918571444,280.895964776731
KIAA0040,566.734664060089,2856.39234914047,2097.92746621708,251.797617993321,1267.07973415041,1325.09855080356,1881.66486330795
ASAP2,1204.77146812934,1657.69161524578,1181.30913313908,20.1797855636131,3716.48701499541,0.0296013076589467,40.5443431733455
PGD,1092.21177930064,2244.88787671208,32.7204484141285,468.958119463487,1670.43142349417,4721.62569900919,3075.06618874683
COMMD6,611.433659831884,139.230060223351,209.043218586976,8881.34412856287,56.2086655768382,4.8343820540112e-11,10564.571618
RTKN,1608.04091259192,344.151185113621,2837.39338680191,2040.60430984664,1933.51648695436,63.563292794134,12.2889162998895
TMEM159,1830.16102960358,851.695649703771,0.729219273941653,7181.18710670836,0.833858195876198,742.405221918204,74.4008636372828
ARHGEF10L,1590.00462548534,898.648150834252,2545.82228707061,105.381734926799,1135.15515231819,2579.56214046172,40.6829160111528
PTPRS,1193.19404204353,111.43894481663,2127.03423769588,786.359800186705,1797.05337772861,4.18031566127151e-12,7.92514806950453e-18
SERPINB1,1232.21749438399,1558.29665387999,18.6620371057544,6199.12401346394,81.3184120649486,3.05412666873201,1665.68055944239
CYB5R1,1702.26181050054,395.12341963246,217.70499603911,1615.06139772238,566.980560535382,150.748377058828,11611.8467248224
TMX1,1913.05937241384,853.58456994022,193.727200117273,1155.29604991225,598.457299280885,74.6031579289079,2363.1733901688
SIPA1L2,549.268288639568,401.561594351753,1587.93653584538,0.948629593357992,359.260755274169,0.789105481876878,4.03158870513233e-05
GCC2,1992.97091753294,1338.72352444225,709.848287027248,0.00610924833616002,1688.77468567389,1.94935790603207e-10,1.69186464185073e-10
RORA,1863.37033310343,422.947863291683,1611.5644949195,8.6770898212852,51.7712740705675,956.4367633144,1.60486070189012e-06
WWP2,1104.9784382145,2905.45692417411,2053.91443078999,4.19827815271408,4315.69618237962,2883.1720178442,1055.98982542561
VTI1B,1243.6126418269,2776.05041936362,1261.13756082057,2161.45646647905,244.290179527941,4779.22667055041,9105.04270074359
TRAF7,889.68588535414,1460.680369517,474.204524566911,1266.53662445551,2851.87300589639,2445.24743899761,910.657438535439
ANTXR2,1063.12333300517,3.47963423142126e-06,261.325419953224,13.7559829262041,29.2729681794663,128.385080036977,6.83543474183323e-12
ADCY9,2523.40297825503,841.042615035162,806.058007767046,11.9112071890456,822.262340052187,2870.21339273932,9.50572285308772e-06
PHIP,1338.95996992086,482.305333552579,1487.03317494835,776.252867152109,1728.72594724941,4.79567568732257e-07,6.60935919170063e-09
SDHB,1967.70434341649,2184.40469011765,169.269624153261,4576.80045510141,24.2518535606678,4426.00586979732,8720.91845741793
ZNF292,1582.91119832721,2486.67364237429,1708.53992742501,284.30993138979,714.44573314859,1.82376272203702e-07,0.154834049051641
FNBP1,521.541095158206,1004.71464596185,1934.21928795872,0.182828428765639,671.764328184217,35.4217740532649,0.15621503284712
FOXK1,1237.61218107741,1900.37363556128,1307.84208971565,901.588507198701,2257.51474642005,0.000404147161527186,3.29243229752257e-07
CERK,1144.56692729556,660.668334905252,1315.37458373819,2044.19990697547,1262.30776731047,907.392881605505,20.4893190218572
AK5,74.7478610117617,172.906011948846,2.27685220544254e-56,2.20142875235169e-30,200.239717825239,0.00834938538425525,1.62464276654239e-16
PIP,6.78073388396367e-54,1013.91090850408,7.19869837489194e-31,3.7434108361599e-61,8.49838061158143e-35,1.09408018101306e-19,3724.90055186828
PSG4,5.06405395219527e-17,946.167199198681,5.25234226233765e-21,2.37341202683653e-34,6.02968420895441e-33,3273.90528644338,1736.96052640647
LECT1,8.12404609154759e-96,7.89333630256035e-58,2.32460109335126e-44,7.91962678932701e-59,2840.80915876232,1.96358361649372e-84,2.8234386544784e-49
CAMK1G,50.0581178951586,351.866961951835,114.540146478927,9.53022253248941e-19,1.56979057872007e-20,1.40453725974907e-27,4.89157472306573e-14
DIO1,152.201255508833,267.202977869467,1.51999758934879e-50,2.53044079231672e-46,2.8710155156701e-28,2515.01523050873,3.04228239676509e-13
THRSP,46.5312173855154,852.835656157813,1.80216366997179e-39,9.1218318999665e-44,2.60589888534491e-28,1199.00272714191,227.82260035432
CYP2E1,52.8455022866996,6.50236569750832e-15,27.1180332196331,235.488072529808,2.84202378023498e-14,2413.02447391924,0.00213490636633949
ERBB4,8.06214219371455e-24,924.294488017336,194.852075433303,4.34798454268298e-12,1320.3350549487,3.77722434935193e-07,869.38791236507
OMG,94.2182471018785,282.390967263642,6.33157770324015e-51,5.80901254463625e-52,1.35445001941737e-29,3.94169624951123e-56,4.62524186711821e-26
LOC84740,5.98155722189502e-24,7.42933387861755e-31,2.35100994854608e-20,0.256557753924142,547.676691451898,466.467880151645,1.27466310296957e-34
CRYGS,3.96474930356439e-20,2.74423367366664e-14,9.44718969304127e-10,0.0207014510940696,5.06211807304483e-22,2.55414826736389e-29,5.35527596457504e-17
FAM169A,2.99913462557823e-09,1531.31251969614,4.53354213265211e-08,593.727044085346,1.6656162044787e-08,0.000472839700978827,3605.77832389581
NR0B2,6.23247605220251e-43,1147.03069534536,1.39522167972924e-53,3.17518579598058e-32,8.72945597038463e-54,1487.43571808301,4057.0640655692
ONECUT2,4.5668498755685e-56,20.23147191765,169.068598645832,267.261886582707,337.914167403915,1474.74682677739,2.21189037166513e-33
TSPAN5,1.24072321645182e-15,2163.71392931915,0.0823456846009964,4.18933202897368e-18,1.9734056938835e-20,779.750001654248,867.003012007864
NR2E1,1.89619240684674e-12,2.54484321502881e-23,623.347731653583,11.6652343161396,1.85311246844426e-18,5.95306182953352e-27,1.10024326673871e-36
IGF2BP2,6.24066718552802e-25,588.05416889696,3.29152322273329e-26,59.6591247890512,1807.84446745604,3.62082218644629e-09,0.000907384778270619
PGAM2,8.09348516437836e-21,131.772306644614,1.88381758782036e-10,2.85949677863431e-11,179.036462584138,612.273662303757,0.00126427608823938
SLC6A20,174.36733541085,276.258432824634,2.69950231745775e-35,1.32017453127093e-23,1511.18479013364,3.59491151682862e-23,27.7436083667047
GREM2,1.67239158730014e-102,5.01302501776351e-69,183.477963517844,1.22693910903232e-29,1.08562612158687e-33,779.517411007337,7.161060561803e-35
C8orf46,122.332129065706,51.1963039739848,4.24091158561719e-19,8.15858103657295e-06,72.2898992973559,1.26209051250348,6.86891567571558
TRIM54,1.81142506230336e-30,3.58089553004077e-34,3.47433625477103e-27,0.731562448858039,1.38054696537556e-17,1.97467975304859e-14,1.62323093484779e-28
IGF2BP3,1.34958201768733e-22,66.6069863559678,3.04385748024063e-33,412.518428636259,335.502221670542,8.98366457963535e-11,1.03531069798319e-23
ABCA6,136.747287962409,5.49067831476617,3.95529843570724e-17,2.35703899605236e-24,267.78744638261,4660.63444882627,1.67172278272943e-15
CILP2,9.57705653563861e-37,1.02333935468369e-06,9.01516408622966e-47,2.42336517884058e-31,1.7675888627502e-31,5.09540836597824e-16,1.70038960914759e-28
CPB2,3.16932963230092e-66,2.32064601066457e-38,7.61043506906588e-103,4.86354943570989e-44,5.54090161708576e-105,11555.1328816753,1.49304595104254e-19
CRISP3,2.00822234991628e-41,2.1327737379187e-10,1.738027817898e-59,4.68145034675998e-41,8.26643808506765e-47,9.57836046298602e-78,2.77939959792235e-82
PDE1C,1.61993618108435e-11,1817.97571992883,0.328606383749112,70.7209642257521,1.90156963204726e-13,2.28985494203789e-26,3.6464665825028e-28
FCGR3B,52.8090512428593,19.4053644546108,29.4161646941579,8.94428409071304e-15,85.4684265099427,44.0753256859349,1.55975043441549e-18
ADAMDEC1,1.3887593521978e-25,359.52707606493,9.64643470943363e-26,5.96725725710301e-22,2.75058977350468e-13,5.82717776324653e-46,0.00097786718693804
PCDHGB6,188.407985842298,6.73687240232935e-06,2.37740339611924,0.130195614245759,3.43575476653526e-09,6.87153591495851e-11,0.128607907756575
AVPR1A,4.59237106156356e-07,1806.24187371837,120.727379451329,2.85987877783539e-09,2.16140317135911e-30,2.59234773991134e-06,0.543489021223721
BTBD11,3.72755357985586e-11,84.0568025399108,2.93157752965351e-21,6.94858431967794e-16,215.48386535962,0.652738715083547,2.12017707922731e-20
HCN2,1.69113909865035e-53,1884.33730250602,1.84477107212018e-34,2.70269695331121e-30,2.47647962596677e-31,1020.30099127171,1451.3556643953
PKD1L2,143.460384586578,286.123528624713,4.87667746143253e-28,1.25321531864147e-24,1.95180580774876e-11,2.40349258787048e-13,1.41316975152113e-19
FGF14,1.17542546343098e-15,548.819512269716,0.00116163310147933,3.35459287836979e-12,0.000351304251496891,585.192124502993,3977.5968140113
HSPB7,2.49295534739346e-19,1037.81495711226,142.565775150503,2.27965124619287e-14,1.00641992787742e-07,764.791134105683,711.339363997324
SLC4A5,6.39033693681948e-13,1867.07356142221,239.830627467068,0.00384963732061316,0.000372515222325375,1.5618220009872e-28,788.083124433767
SOX11,125.840389072554,157.145828981062,101.83941973196,5.68394347513179e-07,2.7944231502106e-08,9.26115594724106e-07,3.18002255038015e-17
HOXB9,5.58596577881668e-19,1318.97101191311,1.85751643341813e-11,172.306724826187,1715.05772749545,3.31432744548151e-05,276.680249413166
DBC1,245.890354214141,3.5310332625061e-23,0.193509343629157,3.35917638893599e-09,324.989356281557,1.67194780427945e-19,8.91126905390679e-12
TSPAN11,241.543667562844,214.133710589212,0.000111780928996218,1.31579067305132e-15,29.6045056007083,205.003518176074,2.05803181876391e-14
MFSD2A,1.08329912902199e-23,5.28030042892506e-06,5.64946552575929e-26,5.45553128952107e-06,353.541688251263,4740.0934633457,8.56619509085107e-21
NKD2,0.000167111404566085,0.0339916316548445,225.415971285381,338.214568870135,0.0197381057823587,2.66236833037193e-14,1.41367489716667e-22
ADCY8,56.5790077106978,5.866956568984e-29,0.000135389586360617,0.00661608244271747,226.452346493403,2.40620132653211e-43,8.9932278368665e-26
MEGF11,4.01579386682444,53.6885424401409,176.878586070414,5.39794576954439e-07,692.524081409578,7.66503319362047,3.38750969896009e-19
ASGR2,3.511239855783e-05,3.28148636895849e-27,6.33007066760379e-06,0.000237541656214676,1.05570696673159e-14,10915.4600371104,2.16932697468756e-16
CATSPERG,133.164974481096,254.11337511166,1.60618414366083e-41,1.4140261444401e-33,1.65590677121201e-18,414.147981106042,5.97415167058368e-13
ACTC1,1.39481929427867e-27,451.259682134678,1.25575765920831e-05,5.61964693272434e-15,6.23316208091631e-12,6.25260359694969e-09,2.04785687624068
FLG,1.21326026136132,133.715119684205,1.93320438611166,4.48178631792704e-10,723.649613781136,187.903049896262,8.83183967980488e-17
LGI3,70.0120723065296,171.035064881404,1.06543047584736e-95,5.66146384540094e-43,65.4309725516605,1.52354188254018e-10,5.17290920179361e-12
KLHDC7B,2.29481531662336e-15,273.064463320906,1.49788288362361e-21,1.32997905634759e-23,612.26746915966,678.953650195923,102.116250407757
EPS8L3,8.05479387623069e-13,1.29257987451044e-42,1.54133913441742e-35,5.48810697582702e-25,523.908941642241,2.76749285230709e-25,1.81121892844838e-40
C1orf170,150.362801790874,3.05720488983631e-07,452.254464007145,6.00138312056164e-13,0.000148625039348194,3.47396026633727e-15,1.58710045198313e-24
GATA3,3.18910611585224,537.40978464582,229.239178589774,112.325001313528,1124.89744749672,302.610504420191,665.477997925892
VSIG2,1.63151592245496e-48,1081.47612633355,5.47921964261386e-13,397.939002235801,1.21609079227314e-36,4450.63553820125,705.799420427639
HAL,2.89756411959942e-46,3.88279104735857e-30,9.68522472907879e-29,1.12352436917702e-32,1.49612713327108e-67,10784.1928125589,1.26846006235039e-18
UGT1A1,47.3350954627128,1.91640400459846e-28,0.324842926003638,79.0572162479379,5.56495337442378e-25,10683.374753737,4.94667532394617e-19
C3orf18,169.868764998126,1048.58649535086,2.14350134087795,722.458597556904,224.200700698771,1545.81178253109,3718.46953493967
GNMT,4.73604047629042e-62,2.05077110970504e-31,6.69026848259884e-56,5.6537883082996e-37,7.82586475600027e-75,10683.6088008421,1.01022759824487e-16
C19orf21,2.73582673233729e-08,7.91428527055208e-06,5.70653584684715e-24,127.428306504947,876.621719462573,7.02854019435307e-17,3.03779309706934e-24
F11,91.0642230068077,2.08755255715646e-09,18.878694769996,2.75254269083268e-22,7.01800816433821e-27,10089.9483296284,0.000829132117460113
WFDC5,2.27974576751993e-47,1.2493282217376e-40,1.26478735887488e-53,3.50913217188822e-26,205.213285008541,3.62750271197064e-25,4.79796911906247e-28
C11orf92,200.344552671574,1493.41757324013,492.000870340898,6.21963850977614,1.98518274591469e-22,589.252321607953,2506.10304142056
SLC9A2,5.94720552145328e-27,1888.74316820176,5.75283544200844e-35,4.57714267043688e-33,4.42867100045896e-21,4.17339980910576e-14,1549.01020521039
CNTN3,89.2806817102814,801.880001658624,1.42364534583876e-49,3.61519673514699e-36,252.801354027715,20.0328164632962,427.145029835551
DNAH5,207.912721836352,6.83284482171805e-18,6.41157628409584e-06,151.53770587042,802.367280887946,0.0102323164227267,9.87199897451667e-31
PDGFRL,6.29609715538327e-27,3.33777169091727e-38,1.03034305435501e-23,1.04569231981875e-05,8.05570715037439e-10,8.284955732703e-20,5.11662631284849e-32
ATG9B,1.17059887148608e-18,109.018173703907,131.93796113923,5.49398865541655,1.97854370694706e-21,5.85329779173465e-22,0.170565886448632
SOCS1,3.64461784169107e-19,426.081034448507,318.73699491073,0.000522452665751356,1391.51446245529,8.95964699284174e-16,804.948240288799
TPSG1,4.48274853792416e-29,1.78389901969819e-41,3.61905995289988e-50,2.00687797025679e-33,218.537839779394,2.40868924613655e-23,1.00715883899265e-35
RAB25,5.1570417755034e-51,346.36165170142,4.3219430109699e-27,2.68118067884818e-35,1380.32111418562,7.27088279073432e-05,4802.31449756836
FAM189A2,6.29274511290487e-16,1672.05594458869,229.698828835921,1.59034251569142e-20,8.82347800692733e-10,1.68497554526381e-07,2102.69789605809
BMP7,45.7494688747632,559.804453022656,4.649473826684e-42,2.30764316129292e-22,265.198419474789,3.54490357109774e-21,2.33415087931158e-20
C11orf86,2.9021866852318e-45,3.18962451237258e-54,4.19696408064461e-57,2.05763442615136e-38,22.3976155346064,6.25966618889524e-21,9.30191915419207e-54
ODZ2,0.0326489918927334,339.461946604774,31.6646988947776,0.0292744381844211,143.2630163146,32.7558015535895,1.19598875056295e-27
PTX3,2.54615220807367e-30,2.00179548340715e-05,2.98619167785548e-17,1.51907471335391e-07,4.72686718095703e-12,0.000185425370752142,3.78176351189549e-20
GGT6,7.51578950350762e-35,1189.00261807415,5.33154828256799e-18,2.53981075545552e-36,564.333831084482,370.138244868877,3378.70749376127
C1orf116,0.012686348306219,419.178820788316,8.4490136216715e-14,2.90651121553535e-13,2515.88057626221,643.427332397271,65.082837925263
S100A2,1.28847559022674e-24,416.559136621093,0.000238205846890654,0.00698039574489583,2467.44000666785,2544.93662100353,377.080577678533
SYNGR3,1.33022076807028e-42,1432.77821972772,4.47099454491047e-17,8.14338166151351e-28,9.121887040756e-16,982.219660424991,1166.16964683974
VGLL3,4.12013899859101,0.000884981710468425,0.00723119729611855,0.0457211299433346,2.25094601532419,1.93014865478564e-17,1.67145841496961e-15
PLEKHB1,44.6956340803686,1278.67338776013,3.61381264535638e-15,0.00415883647369078,684.118671237121,230.175549980591,1041.45185914244
LPAR1,229.948606650875,748.505741850437,2.58645909799637e-13,418.016846980632,0.0283003550294185,4.81872725298211e-12,340.739256415663
SLC2A4,121.425270321122,1453.56306589697,253.921752870244,2.61126759683134e-17,2.74646945257824e-21,446.711845711349,1432.87877072626
MYBL2,2.96230818772423e-19,1.28787942591664,5.7878043447553e-18,313.059634147079,662.990344951187,1.34428288573752,1.14283094287968e-23
CCR6,148.394812147227,2.01668977796171e-28,4.84860417619303e-07,44.3880335123187,9.19779965505108e-07,3.85017169725561e-16,7.50546217736183e-22
KLKB1,173.042121049953,18.5194848137437,132.441819698069,1.05409851977076e-13,3.67476555650062e-27,6905.83033957345,3.3538766719581e-13
ACHE,1.1457960726621e-09,2.84755642109143e-06,0.00480885517706905,296.323506155545,177.84750833876,3.11731212005526e-22,2.58862651378688e-25
KISS1R,73.2876656636631,2.80353836224919e-34,582.965690576342,385.360757785125,128.301261693711,8.4728077633361e-18,3.84021049848191e-27
CA4,329.843098348061,0.00013682702649193,907.465865319996,2.48870622036107,7.25597835900543e-22,5.10869316451267e-30,646.378056837499
TOX3,134.960732723156,1350.96526216638,214.311846113022,2.05505396169591e-05,1458.64490032945,3.57593677346611e-12,0.602701614534692
ST6GALNAC2,322.70011900298,342.577548356872,3.77494628682258e-15,0.403845329899529,199.38124330732,199.374688215947,3.13869139032959e-08
CHRDL2,7.33131215132295e-40,1.99872714677119e-32,72.5535024755586,9.13787493843894e-06,2.25137119755129e-23,1.38559206353149e-07,4.28660758922707e-28
SLC47A2,152.036884882812,73.757555832519,7.68290314899636e-23,1.06665752324155e-21,319.574059439651,1.31601032478387e-13,6.29535851517032e-19
NECAB1,344.292498109679,321.838321879468,171.743151459338,117.442205821966,257.287895209429,1.76131646158625e-18,2.10824101210929e-07
CYP4F3,34.5307965436932,6.53192275360809e-25,4.72195015566857e-28,2.26797528903752e-27,9.58435816206225e-10,7604.10987299102,6.96097480611143e-25
KLB,7.32959516001773,135.337186618338,6.61418789780137e-20,4.4705722642101e-23,5.73895325473926e-25,2017.99720952639,1.1385445099614e-06
CD274,25.2225305681152,184.021462742608,2.52518752245417e-11,9.28120359371476e-12,1.41720504628765e-12,6.68153373304794e-19,1.85708303514553e-14
UST,39.3274738393282,1790.45242860582,4.76934188503746e-16,455.941955462791,8.76958068363141e-15,5.38233855844156e-20,509.241451775236
PGR,0.00960467093674344,1415.75073196248,0.00506113323757598,5.69518861160815e-07,1.80778048478638e-10,3.28065143022557e-12,371.080106066029
A2LD1,389.001522466535,45.133963013061,0.0252339245995646,147.438637093937,104.489801225193,188.532825212669,0.108744536696711
PLCXD3,147.108189967067,499.68263957595,0.00369139383610387,9.76533809736034e-16,1.54509756193209e-18,4.35047981639592e-29,240.55558905366
PDE4C,1.09940032970954e-15,2.71497178990611e-08,454.137882184973,1.18184806274422e-11,297.425081396776,1.37703805981895e-38,5.06669320365324e-17
SELE,1.11991279306819e-13,59.3299935816604,421.750788752765,9.69507702043188e-10,3.1557487981359,1.82411367094187e-06,1.70822199893749
INHBE,4.32062716224153e-16,31.4968257769066,1.52982432169679e-37,14.8880149316599,1.48426457734788e-12,425.361878620146,4.88856105050474e-17
TFAP2A,1.19289798090364e-26,342.20377193513,0.00130780923813194,266.706796381084,1978.62255502155,165.771263374671,3.89876290347835e-06
KNDC1,54.2464909220231,302.14891771648,0.0336276112361343,0.0638631998017169,574.843221692929,3.43927455684751e-24,634.706786254146
FBLN7,180.258030543259,3.02549530905397e-26,0.00017453778255366,8.31289831791532e-09,636.418844875953,342.180812927387,1.36769651282372e-22
SLC15A1,194.271039624434,74.1968519672774,2.60230633795643e-25,1.42339718160293e-20,536.45320946628,780.233378224344,2.06813250955401e-20
LPPR5,310.183327405645,4.86357990826525e-33,0.111792745447371,385.323223121487,62.9314024105235,1.15865305843799e-37,1.86814570316692e-22
SLC15A2,154.038050796253,70.521588559142,19.4102411508476,2.2105007203923e-18,971.297414304586,3.34664759472952e-18,2.38613840024222e-15
FHDC1,6.35481181122797e-11,1921.45783702148,65.27254671604,4.40833633561992e-05,129.589460356159,1.20330737290024e-22,1191.60262801338
TRNP1,4.19696250510973e-32,310.880029196548,1.5069861481674e-20,357.662666594588,1437.76645998736,1592.83371964943,2026.96217305271
FAP,2.44063752144456e-18,7.76552588872562e-19,0.00283799560800129,3.23592741533045,0.175419671258293,2.01650667136171e-19,2.28720538083586e-12
ALDH1L2,103.842694542454,386.409086797177,2.54301637985683e-08,3.13538460090936e-09,0.92327574031071,600.588083080503,5.27014078510076e-21
SPHK1,2.13283165258245e-05,1.86966496548763e-14,210.592236957743,6.785295668177,501.740409232837,2.42931693256918e-18,7.79411513858493e-20
SEMA7A,1.03420507596341,1.66093606076804e-16,187.568621501902,18.7958148404819,0.314945321005787,2.46389795725034e-07,3.47786520356636e-10
FMO5,275.062906444023,179.780603341524,0.0190879770807782,1.03206995261705e-09,210.051007588509,7443.8726554659,224.930656387008
VANGL2,110.001713692254,77.5915807034884,0.647611334222742,8.53232011032554,1336.47579685867,9.1451342899447e-13,8.2406549406192e-16
PCDHGA10,144.399561357806,0.249080285567725,6.02090446009869,38.2233231770595,0.0335690671132263,3.27612667116577e-16,1.07790583182028e-09
N4BP3,1.27477723989841e-17,1319.3354724813,13.4607817446474,0.111597816229154,8.97311247498984e-08,537.032884086173,504.23041705175
TM4SF5,332.572575945893,1.04905704019e-41,1.40133792073871,447.182792899668,3.61221617497573e-28,743.41354753444,7.1329608123003e-26
SYT17,1.71769544070275e-11,1768.37215384419,0.0121597046681897,0.547011889420764,7.02925389785035e-05,365.287721042938,1044.4850798065
LRRN4,0.000287020712363319,7.14601525116977e-17,6.27815157839421e-25,4.33694268701126e-07,1593.84465838032,2.08724520149204e-17,7.26645292812737e-19
FBXO2,2.2930817726096e-08,800.930792149274,0.00329626164951681,1.22663382810571e-07,681.304128281633,1743.82470555885,3263.64996882851
PLIN4,158.911093822982,353.388173179849,26.7139315049393,4.46794965384989e-22,4.61281633500414e-05,530.799183217339,4.06532853848361e-14
KIF20A,1.61405152366694e-06,1.42750472802136e-05,2.59824230630122e-17,442.894286099398,597.294868671149,360.92243396362,2.96039491986783e-25
MPV17L,329.689278852692,105.909075829583,0.000248889415900863,2.91475566696052e-05,346.883644540756,615.468645283908,0.0597101297974398
EPHB3,173.587995944888,83.2578573559941,87.4193031661642,33.7357749055055,0.00689151207926974,7.71313244596342e-11,2.93243638072812e-17
ITGA10,12.6354436534587,8.70538316942788e-06,522.293722845643,9.59608509122847,1.40969834013678e-09,7.53807660160061e-18,7.59278589399854e-25
CACNA2D1,347.218683271874,3.0848155398801e-13,0.187465787247607,2.15915249596246e-05,3.40209680344184e-14,3.36629563262774e-30,2.04820435184826e-19
FOXQ1,302.202887900654,78.5771709242991,116.026531776704,180.898778184332,258.935855377519,1.45243565150875,3.05420673349029e-09
PLA2G7,91.7739015572965,297.411499531129,0.00038261260727518,0.00597070128006631,5.72238975652873e-05,0.000907301489475497,79.0325164565364
TBX15,3.53267719402425e-07,799.419581053929,226.914681684665,6.86078712625471,0.0384010584182803,578.165935661626,2.44390887064707e-13
EMX1,295.478908471638,188.999199073409,265.855515016241,68.8924073247451,3.78953875348175,1.8417352346527e-08,1247.76742128328
CCDC68,156.209029124577,1582.82000652521,157.217977371125,0.00655938522686625,1.13657492231912e-18,624.320546651236,801.828345984478
TBC1D3B,1.87466681973121e-18,42.6727874397298,793.774393559465,4.64271549347811,852.775594882003,1.52449250683529e-18,2.99815770791241e-19
FBXO41,59.0743038947303,0.18896733888488,419.804880505504,4.88221217541157,941.603021793146,1.57843135908584e-19,1.12722323363926e-24
GOLT1A,89.6465126573693,205.986783106947,140.331022365016,421.205026629477,2.81880897026859e-19,2715.68902502996,3898.79253519339
MACROD1,180.028954541369,176.1970740999,88.6572598300979,524.458269264763,2.48673289688072e-14,0.100619556798757,5038.01872811782
IQGAP3,20.5117859744171,3.03565522712454e-09,6.94328432290927e-09,390.088228868296,812.444180443971,0.00750664584174834,1.98440921505519e-28
SLC6A1,0.0788597427045806,0.0438133688797471,549.669948031509,2.80230342157064e-05,2.56293981503321e-14,5136.80772348432,6.92116809605285e-19
ADH6,447.886674346029,1.44660140781941,5.27748659680585e-09,4.26004214613661e-16,9.78155159305296e-20,6133.18081129006,7.07428730349468e-11
HIF3A,0.0638767622310596,3.77227442753193e-08,629.508562403014,812.785265437806,572.729848588662,2.83629097426219e-19,3.95156734916963e-34
DUSP2,5.25745986880682e-05,0.00337139768330946,425.518561570651,2.81346644996813e-09,1.58054581257155e-09,4.20725937728231e-14,176.401789786029
PCDHB15,155.137141869988,4.1808101523815e-05,317.659230080428,174.512496694125,0.457318983951832,6.77687141002417,2.78233956341955e-19
SLC44A5,136.735183381279,0.000492649606752055,340.674510036467,121.19276241373,183.066949965077,202.296351498632,1.32897498499742e-20
WNK4,16.4333605971125,141.062991325669,174.973334665859,427.542597759945,294.19464954061,3.75580826385511e-12,8.75532524995325
GNLY,0.000503183930191516,5.86674591571404e-09,380.86233839576,648.845574886421,5.86297097712495e-17,2.81319204920775e-22,0.000292608799372052
MLLT11,10.9488988007359,86.4278421226844,0.0114700964915933,0.438384071705167,305.494846975611,365.816915532144,1.64228171271891e-14
PHYHD1,69.9252039785719,755.700840836529,257.455999937772,184.772865932995,941.014246058577,1258.30684123755,1562.81732311675
LOC145837,413.024131703808,3.7954244661813e-19,511.229325127381,114.31537877066,1.53683274508979e-19,510.501476985001,7.81784648201384e-19
TMEM92,28.4665166470196,8.43722645786393e-31,5.58904803754388e-09,133.034843883334,479.02432604289,2.82993953874331e-06,2.79992741620786e-23
CCL4L2,0.135321353204476,0.844976166594624,526.300233082916,2.04585389097255e-08,7.31816283865424e-05,1.53253427241888e-19,0.00429785398690664
ANKRD29,227.687584743374,1320.18738906321,0.350961792681461,859.970326043987,4.24187658230801e-11,1111.84306769776,2058.24709179591
C13orf33,1.60315878280075e-14,2.07839660632484e-13,512.226996856787,0.0560522410037427,497.950061919936,7.23033295297406e-17,0.00676615549904439
RIN1,1.97466779280927e-15,1.04864022011401e-30,374.076496011743,490.309804266089,1347.23394139554,5.80208373902961e-25,7.8963343865234e-29
C2orf72,405.726356580758,116.265530014796,320.674729746598,4.98824973619803,7.45403911370411e-09,4054.08040925002,10.8386017858641
IRX5,217.03210759967,4.50918857707315e-14,2.33387892295822e-07,0.451349358199601,530.483104833405,2.03491252906565e-10,5.97300113302478e-18
SAMD12,215.021385433267,1412.4160942841,0.00218835286201759,1.34135235581982e-08,985.670020915962,3.98295379428809e-21,173.915139708478
?|155060,1.80635745691683e-09,126.071902166032,1051.78487046739,274.10013351727,506.209443178335,7.22885825573415e-17,8.32202518662826e-23
ACAP1,6.42079203468249e-17,5.88989890610265e-28,442.215816560358,4.26921871926871e-07,3.29315768706429e-08,1.08293144238739e-12,2.13677150474941e-23
PRICKLE1,229.239363343844,58.2495470875415,0.000422749821386763,1.42678739231678,957.053166773671,1.42615017706185e-08,0.00174020363109951
MYOM2,65.8931887699398,0.0427391122321106,577.283052683346,175.166808407114,0.000796067295423628,0.098476023602016,0.000229116638098151
WNT5A,40.1178159436664,264.885059523519,0.00200886145963885,58.8434070162726,626.737637337192,0.0013051873765373,1.84638491797106e-05
DUSP8,160.999209878357,1086.24925830371,1071.46315650766,1.3877600155173e-07,27.377995358882,0.0697126597167772,412.798615785631
HAPLN3,1.05318639408954e-13,5.68363079312693e-26,335.807224919256,31.465790382922,136.817445772855,7.78465614081183e-25,1.04075277763676e-20
SLC25A27,52.0204475123592,283.525772734124,1108.98373247463,116.325321962561,9.10585822602728e-07,1.49191873822404e-18,1.59682355893187e-23
CLEC11A,0.128438551805535,0.0412989217892444,236.74815110135,88.6505566188697,1.21202439873726e-09,5.64670159346433e-09,188.750498522695
ADORA1,119.366569741405,0.582895731797688,3.85472196827499e-16,47.2103398861389,1042.67825675162,4.10677601392996e-18,3.43674850246694e-20
RNF152,314.840850319534,1115.45399173806,239.45089826478,1.95388567081961e-12,3.37506919385479e-17,1.07044591743352e-06,0.285647506521579
DDR2,112.223105133998,67.2280801380167,0.000554136359619089,8.08406024148278e-16,2.03537496112627e-06,2.14766609161597e-15,4.36603319885097e-17
OCLN,304.7233409284,932.392176288503,0.00603074442769272,3.23587203563707e-08,1202.03763736958,1776.01037943794,336.916474399437
LOC100130776,5.37584606917707e-17,7.69514023467662e-26,136.422733046188,1318.10478938409,369.20530857799,1.89480688274344e-21,1.23494046254077e-27
CDCA4,40.8393849636526,49.8746041563138,233.544757686208,706.091662944184,529.07982794985,1.55546672422985e-09,3.17286753113146
KIAA1324L,189.988256074306,776.948884974813,146.029500339107,0.00150338013871118,196.53570814902,2.22178943346425e-51,34.6203815021632
RPP25,112.595057884223,428.745000980803,23.5335614564646,545.734038646415,0.00502856529717592,310.911094016765,72.637413387444
IL34,93.2222250137268,102.362076065366,3.92028813246977e-06,7.53201329250277e-11,0.00239949998937581,144.249372984689,3.27485388361592e-14
C20orf7,104.95118565409,424.967407900802,0.02728018101676,1093.45411845969,7.57676201309383e-06,0.105809743901771,4473.21242171697
ATP10A,0.000105097451146414,5.44883187395593e-10,255.653500616895,204.422143655379,640.19409483273,7.51432763840702e-14,1.0421496105066e-21
ABCA12,267.839857075943,84.2606390309436,2.98426319158439e-14,40.6602864262688,0.699438316107543,1.06121970887128e-18,2.09052143969206e-15
GPR153,102.72410729613,9.20731372636878e-11,6.01750497728993,79.6978249558734,699.986833586429,3.66736534491763e-14,5.13218501333925e-16
PDZD3,266.219787821584,5.99877534880562e-27,345.83378617259,0.0062675895923803,1.88290175042827e-09,3.3875859148277e-28,7.06194426541795e-26
LTB,2.91143206536165e-19,6.87948706959486e-32,55.7990346839671,8.36764276556469e-11,6.17343171211447e-11,2.27788570768826e-13,1.11054578484195e-19
MIA2,643.694206103293,84.1942852771354,0.000386710584690536,2.3213795699704e-15,1.5784294241895e-11,478.146629131567,5.03523389439512e-19
SUSD3,38.0882739018884,206.049376610409,1.29180566761466,683.62324101189,8.42659939158846e-17,1.57182878400854e-42,4599.09111455636
ASPHD1,178.648404536152,2.41948931215164e-11,232.506528805445,548.54685909613,355.953852668716,2.67045229283567e-18,3.08265381123879e-22
PTTG1,5.84851080260883e-18,2.97086977835648e-06,8.54141257292948e-17,392.046661728028,522.062910534311,1030.92225467494,1.22425456335854e-12
PLAC9,1.29614831641603e-07,4.62867179277015e-33,241.159839432104,625.676077694875,8.29974408362832e-23,1.30890499873595e-22,77.6629491832171
PDZRN3,559.57941281925,141.72038999873,283.81303660368,8.08328567880196e-11,8.46091369553407e-13,3.27867120850432e-23,8.93338068427295e-14
SLAMF6,0.000700507579445331,2.69806253962827e-24,266.87676842756,2.96986633839326e-07,7.15445087971554e-12,2.65820584437369e-11,1.20891536390417e-21
ZAP70,1.70904121820227e-16,3.70631151050677e-26,623.152733638101,4.43086605654878e-09,6.27482501897437e-18,5.15805535848769e-15,6.15858248672618e-26
TMEM90B,2.72907550391613,2.2969149666922e-09,0.976351535731364,30.5043443510814,0.233455578969401,2.62555199981355e-12,0.412233404010328
MANEAL,141.058758656495,137.23047014355,6.27982731871181e-05,158.510017561724,664.552769886892,904.293239331953,76.6661490813173
CPAMD8,0.0327660660246487,723.668584113031,573.551226365075,273.912368601644,427.604582124811,0.000641125091911079,2.24759960682206e-27
NRGN,9.10275793415185e-08,1.07894945815643e-25,582.484638732957,308.166721259243,9.70497939041751e-06,3.9258547927574e-09,5.33525673801964e-15
RASGEF1A,109.606234079852,3.99975925799997e-26,299.110202529885,0.262602961926723,1154.38156333845,5.7204306343304e-13,4.58437524914815e-22
SSTR2,162.320085021977,128.329793698027,230.19186298223,0.154862991104758,0.000918740239593964,0.00823229993185848,2.62839227240694e-14
C10orf47,118.875304590251,76.0630387913238,111.896278004904,595.302075411242,1753.61810648897,414.045212580303,4.91801990397092e-05
TSPAN2,0.507660384461407,1.30153912346105e-10,2.87476330843537,197.117908903226,147.73083184469,9.27916744074639e-11,3.31125574460232e-11
RUNX2,21.211045378385,0.00231855507593899,395.768211274307,150.769179922118,0.0714603063211458,2.61962127227678e-15,7.64798851693355e-21
GPSM1,6.21632991145341,710.258826510746,542.563803390961,461.215661025934,707.390351974655,1.21517648699454e-14,915.145164531226
SDHAP2,118.697029523417,579.999149867393,1162.17209061933,210.285509357615,29.5689649649136,4.11678193035034e-10,0.000306332681725534
AGAP4,0.00420354540097318,94.6708931732687,1020.18202048409,1.42395082727771,487.980977538494,3.6881929002535e-11,3.95107755780284e-18
CDK1,87.4252490617689,4.27961640875081,2.68899614549371e-08,609.78836391155,534.615881053142,575.619188661032,0.0463274880070273
TGFB2,133.894044947475,59.411191759205,41.6735837966022,0.00377609446505275,830.382315480514,176.255032649161,6.89422574637614e-06
ACOT4,384.27851599167,2.69202778869162e-11,221.298784109157,470.140295674056,1.59226296533086e-23,480.451627787132,3864.69401811929
C5orf30,329.334500622955,973.458509743879,235.650119438809,192.011323512625,41.342135803255,0.00179954042475992,1702.36352693152
C9orf66,532.055220083502,5.14114105959358,317.102001785297,20.1077051314315,2.40656757386868e-28,7.74961805228686e-16,0.897057781978292
MAGI3,240.25325775261,1543.06020535473,88.0906839742699,6.65582257260203e-05,375.902928790925,17.9062908734153,132.869742586601
ZC3H12A,1.52590184068973,79.9040923268198,1529.8968906085,0.664231402991953,728.901028382722,58.1245680062383,2.08581067115017e-06
CASQ2,113.887783808741,2.12041823489516e-05,132.939367504466,247.079925468383,3.31745032853078e-17,44.296268596265,0.00145471946880057
SPAG17,8.6472159275093,9.4875483264028e-07,402.940581279497,2.93371510177118,494.688620875264,2.53124984085188e-15,4.82059728079067e-26
SEPT1,1.59978276893366e-11,4.59043218511698e-23,419.399170198859,0.0119947979128472,1.71945489173099e-07,3.52282659585587e-13,9.0849442760598e-16
TMEM195,517.746982048754,6.87660215693207e-17,6.1363127384046e-08,9.59638709353693,3.72600949606371e-25,1268.48716874051,8.97774716291658e-18
LOC645166,120.158964790115,2.51975710523988e-20,3.01145428379131e-08,932.236108944024,23.3651408901711,9.21749043426992e-20,1.53033252465914e-05
DNHD1,1.74941750087442,197.504728692782,1277.80926624863,16.723064744844,1.20417001144396,1.964831940589e-13,1.39106754508288e-19
GLIS1,358.325279023867,9.84558468385025e-07,515.902748509619,265.975663290134,3.89433800075034e-13,4.17013751376857e-16,3.93300055036948e-21
SYT9,565.056249864175,4.7453445341594e-29,165.267636523632,0.03969963817513,5.20385075663983e-15,1.13048830389754e-31,1.06519261555364e-22
DACT3,3.19342794481829e-09,6.93651721941981e-14,0.721552565136315,0.00997646615644207,0.00204460414132432,2.0150589119195e-12,0.00317131549179401
VAMP1,0.000220742200756555,103.172436686503,682.885926068574,0.124333472127537,393.986150672189,0.0162730910850618,4.00820281486694e-18
NPM3,1.60037835776277,41.59530131597,1.7248951565277e-07,1329.50874019192,425.357241436258,563.799453519579,3222.11505564545
CCNJL,54.569294251642,1236.87806005333,156.380270337419,19.4197425733787,1.13777275626609,260.205764792104,400.904851776662
C1orf210,574.935456459397,1.55582269768838e-09,204.053546924514,7.86060601105697e-08,68.7895438939416,4.40930589020325e-06,2415.94832413717
FCGR1B,3.28029980525685e-15,2.4360524378521e-16,4.47202817560881e-05,0.00714459424748169,0.000124476738561756,9.08108563214679e-17,0.000311599988670863
TTN,4.50849340886154,77.1801092510509,915.321511157632,0.00606431121971254,0.0940066257787779,123.550806635487,3.82732141398347e-21
IL7R,21.8824992390945,4.68029580834026e-20,119.70662018357,3.52098414791371e-11,1.01098991306912e-14,2.21823274400576e-11,7.02893362149727e-20
TNFSF9,66.8530336032662,4.59789441626533e-31,352.683713246784,637.18529292834,6.45974599761515,8.20892016458216e-41,3.01110450192598e-23
ATAD3B,9.98808143662035e-05,183.373675066682,981.056926340463,3.03115674777342,696.057253246942,1.67876790491961e-07,5.0816417148151e-09
CCDC21,113.684198541313,1316.89019829264,320.079675379556,1.54355723233037,0.821563332475243,122.502913586651,291.056810343686
NCRNA00174,0.320910241880773,221.358786506248,933.78904251065,37.8971476222038,62.2521825191278,1.23605731867606e-18,1.8992643710274e-21
LOC100190986,100.071122917437,160.261607547483,1037.56564527192,0.00309556686148717,0.0015146656519667,1.89581216317938e-13,6.0819368988809e-22
IDUA,0.00653747229395003,138.143693465752,725.679535691055,36.4607644349149,635.094680059369,0.00142472940711958,2.58178710686072e-05
ACOX2,459.080957230103,358.294060526148,220.500617196571,12.2022628989062,13.4936557501927,4418.76305232431,3.55431849804823e-10
SAMSN1,11.1752853750052,3.76236996592435e-05,198.931966221775,0.0451743620526527,1.27085179836588e-05,2.25405181465274e-12,5.38319036199017e-05
C17orf91,35.9879402094203,683.027213556454,1270.89731118347,1.01794918607145,564.367340945176,0.000164418264215703,1630.10593630784
TMOD1,76.3534861249646,717.942748682682,415.909446404074,337.134384936815,616.94804894308,1111.80687424395,483.161798170926
AFG3L1,0.116630000266865,454.728260343264,1235.9532894981,0.918959116576614,378.691169209284,6.68033499397066e-08,8.67172438821666e-07
MXD3,4.33735571089826,0.0347414273079592,255.360018941171,536.084607406866,0.0357817811247515,0.806423087575473,577.203249471799
CPNE5,2.03197022047252e-07,73.8402450838288,569.586033434826,0.000104780263511601,1.59723243554657e-07,3.83188651002776e-08,2.414972015873e-13
TAL1,15.56354334681,0.190935227252812,1184.78481622677,0.00904866729462326,3.969309726244e-19,2.17262153808391e-12,2.56539301477757e-06
DGCR9,147.722026639446,2.14126856019412e-25,799.773858236146,499.533253453848,12.1967155449343,1.66669753901262e-16,3.1293376912387e-28
TRIM15,359.724486271258,9.82928658716807e-41,611.661561501494,526.198470869227,6.5743402106698e-26,0.0877017670106209,1.32618396970274e-24
HOXD10,2.01500320193986e-10,10.3789158794877,478.316012850599,419.561570709052,673.420278891315,177.433180332103,4.92288069829306e-11
KCNMB1,1.27667608769531e-18,2.01367239307866e-25,0.115834126247486,4.28812903866102e-07,0.00305626035245481,9.79080820491333e-22,1.41776467718029e-10
ICA1,33.693240675224,1190.22380040761,409.70408876609,0.00703795011850313,449.596339020794,972.411022350651,1629.87143015872
SELP,0.000532242107189352,0.202760981076643,54.5796641897285,0.128385003714679,0.691262610596576,28.2713985776704,100.149355971892
SIGLEC8,44.6811661224088,7.09399646201554e-14,7.9055610133035e-09,4.15103180596584e-11,9.34539020334136e-13,8.27099364122321e-16,0.157011816115239
GYLTL1B,364.044324077637,662.028518071486,616.84285268881,4.27968156051497,5.65233095734508e-10,443.226738122003,728.373201321227
PCDHB4,98.2894222875829,6.10266356336006e-17,225.70210177107,368.43769499469,4.90494915833999e-10,9.28042338710039e-10,3.62960490649658e-22
SDHAP1,96.0497826800099,422.746307762231,923.453384394454,172.52110575703,0.00707778550319386,1.17547307764004e-07,1.82552467682129e-16
CETP,202.374587339185,4.49308812605551e-18,745.763879952722,36.0114486957129,2.42054908983719e-21,2.06075212446621e-06,416.313617286098
CD6,1.03800120844855e-05,1.60233084837899e-26,219.768454018718,2.06997825751938e-06,1.97587852632443e-05,2.06634892293538e-11,5.91301478468534e-20
HUNK,493.858091244691,2.46297594266725e-09,3.6042309078155,0.0760208652339402,1282.69519177098,1.29502447629527e-12,4.62518908352522e-21
DCLK2,155.432739532846,1035.99026702018,866.600493814371,1.0506018084998,7.37351741398434e-10,4.46852350246365e-15,0.896093155575439
MAP4K1,9.0825184188028e-13,1.72921981594816e-27,261.684955063424,2.57802302015117e-09,1.35257736509069e-06,2.31262840947289e-16,6.52429479214851e-24
LOC730101,365.517189208876,3.71174713063813e-09,249.360872422711,79.4177183452317,3.91883040997954e-09,917.655633731123,3.90256248119108e-20
CDK3,0.0262795302341785,101.609105830281,1114.95345800097,267.907327564529,119.33001831498,4.32226235392618e-05,4.34024372305212e-07
TBC1D10C,2.70621430523535e-13,3.52656175707161e-28,280.616624611409,1.01817081380085e-05,1.64943213594879e-12,2.36997288310559e-14,1.03049871641055e-19
CXADR,197.586779146732,54.5709732088009,0.120554656535708,34.6511366647232,932.322479162971,1104.01031437313,4.22028770350341e-09
DNAJC6,365.880639026765,366.554663117244,6.00873630943789e-08,4.28858391066459e-10,341.071991451858,333.626983740939,6.32789639412255e-08
RASGRP2,0.000112591226437285,8.4766392297142e-21,808.644987194955,0.0167376720663042,2.08403653290425e-07,3.98856008758142e-17,3.20395176495342e-19
WISP1,48.5645895399115,138.367446235983,52.3829760461197,1.6392584534648e-09,9.43312197171805e-05,1.01208800210751e-12,2.63942074227386e-06
LOC642846,9.5495621436744e-05,83.0826821742111,1091.46344153829,159.544074665385,118.654884741372,4.11951132448697e-07,2.09225516804066e-21
HIC1,2.85714687571555e-06,1.66600424051702e-19,608.414000846819,1.80250135477149,1.37416063128633e-13,1.0975829727258e-15,1.21692235786116e-12
BMP8A,6.5092272990832e-11,0.000369481618413689,35.5837869782236,0.12964800981656,327.561703603708,1.58447285179951e-12,8.32291695664487e-11
ZNF767,0.86339115746552,316.664269196447,1075.25139115603,7.28010866605914,463.969549477225,7.46405462300288e-14,1.95535877245125e-13
FGD3,1.81166238387467,354.859169667505,299.08692966141,1.69609947345257e-09,0.00125957338194006,1.21834508853447e-13,958.484155779709
KCNQ1OT1,83.6054380936011,192.273980506806,1043.79458361254,16.645562026714,0.00965115125295325,3.86848380746585e-17,3.24697944352235e-16
C1orf126,55.8287055989885,596.73110928081,742.623012264664,2.85962948158173e-05,363.029085645998,9.4289756545062e-23,0.181409103335313
ANKRD36,1.47683143852916,76.9150029369638,1097.02574292032,236.262209940072,432.530196503388,1.89396512656968e-14,1.88675064629251e-23
TNFRSF4,2.90294547950077e-12,2.22059795586677e-29,592.788512351146,532.436121670458,1.80270381469385e-19,7.34120354098699e-22,4.78368892853652e-19
CHN1,69.8197265112895,107.610487118539,333.860806044619,203.540803152299,0.00295106821254153,1.55891997869014e-07,1.28078318235178e-06
PLA2R1,290.031685516605,134.511499433,0.0581372504880038,1.43770031531614e-06,491.923529357975,1.52457579100027e-07,4.43280922463175e-16
KAL1,154.119113937962,372.037175811274,0.00315460713298992,1.96022628546294e-10,1.21016924948897e-08,387.431874977215,11.8557410493636
APOL4,0.533395412386465,0.0291081800196851,1.88892947240066,2.78129814220722e-05,2.33952498368421e-11,1.02087552462974e-05,117.021920377528
ENDOG,158.855289971796,550.567703199759,130.723938400417,484.540122860919,0.00113675957863657,0.324257925933132,2070.54673833596
BMP6,88.1095479245558,232.460547379873,254.111244227085,173.505686739877,1.29829844635147,2.22073436406782e-08,35.80752514649
BATF2,149.994771717674,7.87554397897368e-08,320.295610191612,134.299270990223,9.94263546099064,2.76026041090845e-06,0.0223376196077358
KIAA1530,96.4691026393134,337.972145160704,976.992060490697,6.28915381041221,556.892422163745,0.00041832045773067,1.12616857976961e-13
C14orf73,244.84975557816,2.39372470369386e-31,860.776656212987,175.910350413462,5.24921205270499e-22,3.97593717920395e-05,8.52406870572633e-27
NCF4,3.78439872160368e-08,0.00479835978756366,350.500335876869,10.3622141581028,0.0648904664150898,5.11471215259569e-09,0.0696287583840963
ZNF593,5.14512398431597,122.049030689252,319.769541948898,1274.20272038511,228.896699911738,603.128433031407,2219.28295259436
GDPD5,1.51820421489045e-08,322.883009088396,462.57896442718,0.185371421089384,5.06369324911596,0.330258749534998,118.143301756148
SYPL2,338.515675976491,311.498766625184,2.99865312787674e-06,5.23942003807872e-11,145.812951995239,13.0980310124101,0.358695941106998
JAM2,57.1632387727408,0.000241735953443937,352.179821545937,16.802088798427,0.000855039260064287,0.0140414527485411,101.061290768404
CD247,0.110060424335205,2.42593548449826e-26,297.255062220268,0.0702316062208455,1.02246661615743e-12,4.56118420467582e-12,2.20361477916035e-15
TMEM125,478.050717708532,1.55443169943442e-05,165.789122944833,1.60652398475536e-06,425.147755663465,123.714615246715,260.586150371466
RHOD,107.954321744986,151.600829928967,1.62614511434756,1404.56517006034,101.125716592593,594.321211967064,2287.24383619552
KIF11,142.764926288473,0.86741108187805,1.40427260279561e-07,139.052002962006,471.422582533748,0.150972310700053,5.07219209558894e-19
LOC100270710,0.0015622362428326,3.68694819214122e-19,68.8567528732766,837.73935974364,586.333716251133,1.53453099095934e-24,1.51184412927005e-23
LOC400043,48.2805500071488,573.911051079656,45.6997149581505,414.642283532487,378.745703989457,294.417271787539,201.95166025502
TBC1D7,202.246414053702,206.563296596941,18.2976502845784,828.076710330624,4.88042383891471,43.7525763543254,154.001480539815
CACHD1,432.43576282286,87.7953802440769,196.737397053635,37.4555437494639,1.04079805609316,0.310960690904443,125.979856136665
C7orf47,0.074647604616564,28.831645902889,438.030549490151,924.490707382703,423.90837352918,1.12860902884614e-11,1140.65570998688
DOK6,326.917390714303,92.9528135312482,5.59125574711238,8.48168306993373e-07,0.143088119935985,1.92216994599332e-12,5.92527599006335e-20
ZNF204P,310.526928726478,342.046131864901,476.547741879221,426.834985936319,289.940816349706,1.09276596335524e-15,1.53874017204625e-06
TBX3,150.446425362378,381.704795763922,197.965275238991,0.049690250090205,0.000218587146367599,218.499931723815,5.81123846634083e-05
NOVA1,219.493880412148,264.137531839094,530.109731979588,522.293313243654,4.27369345250399e-16,2.95000941894224e-08,1.95787980892044e-18
CTAGE9,110.08735632953,114.110039748411,667.073569413063,29.5994809441428,396.78697702883,195.622726236657,1.11222322211835e-10
GLI3,196.35847904339,0.00171990891455683,196.321360012659,15.3103056918032,15.0722822582905,3.11575904208538e-19,1.46725302338578e-20
ZNF26,17.4639715339132,276.700406351157,1055.55216448241,485.594752837059,480.889043492764,5.22404245930358e-06,0.971144640437802
GVIN1,94.4316032997035,1.30663258575177e-05,331.331955339512,1.80213429602214e-14,8.1259515652448e-13,1.83722593802225e-13,4.3326629569448e-22
RTTN,308.180266108403,198.677325466191,476.514832570113,286.292906594218,0.00475029107702162,68.1448686754033,5.04207703579464e-16
SLC29A3,106.889567094965,189.298219834392,0.000133767343025499,0.0094886053211398,23.0060541055505,287.242147014639,9.58794934623136
SLC16A13,510.740386388804,1.0878918527383e-21,3.74478027453898,1.2394145369623e-05,0.000104489570885067,168.341055626887,1.06149262498043e-19
RNF125,238.784817936017,6.87055308457143e-05,316.445202549328,16.2074909795154,2.40564697175755e-09,341.573388177808,9.61775171648589e-11
TTYH2,0.0913881603127552,112.177513730297,218.204686015817,0.72832976675836,107.821461411978,0.631421950296316,21.8568767028767
PPM1K,233.323406839012,769.725585039655,135.316734745649,0.000445545086615738,2.58383374784381,526.232570337454,1.34297258765133
ZMAT3,245.450119868726,278.249933643776,0.0120638586642466,3.64356669132071e-09,440.859024599393,163.65254180076,302.691685111312
TMEM149,2.11609565599798e-06,59.5603805982337,3.21213578727453,44.3882305426165,26.8466883352529,696.872216887047,113.156221708985
PILRA,80.6939449548862,87.0160166659295,86.8417574149667,6.74206831074716,0.0336484303806029,194.731760950532,155.505268083157
CXorf57,288.915899264549,5.35963443800903e-06,342.654119544193,567.834006042429,1.10823019924151e-06,2.93331743426496e-09,4.04322047178293e-24
H2AFY2,148.341284749597,316.401875816799,5.22361599052087e-07,340.862340828477,518.077740839328,267.344707575432,234.621202924177
SH3BP1,0.0612052926528779,3.63038436344953e-09,261.567395158287,1.09056314434106,26.099684787513,1.46815381943302e-10,0.0125980115996333
SGSM1,283.74626943397,843.155240998653,540.636985633252,160.813185739968,5.32459076146718e-23,0.0235246759998581,0.00610650602381374
EIF5A2,198.549556441034,758.011331378534,0.126940996119583,618.405986145926,0.000116391734816148,0.00271079355962124,524.122671175726
KIAA1161,465.758310901538,653.895000232886,5.28838273639246,1.33458971321635e-06,164.013418159538,2480.86488879262,886.140465614556
ARL5B,357.416093552495,331.193294640234,543.429122645099,0.000247500528614494,3.06405862377445,620.59194614937,122.977780105392
C1orf51,280.472773192174,4.79657170644403,754.66357912243,427.283917396154,4.12578139615077e-11,6.70660642846905e-13,1193.56864322464
LPAR2,0.0857139177476472,1.59044513796891,260.757303586475,426.434903527778,851.264361360432,6.8095830756347e-06,0.000930664171773868
USHBP1,9.29357847201334,1.71480989304813e-10,989.586656632805,11.2161085249332,7.24541563529258e-22,5.63894908628619e-16,1.20541886562961e-08
IKBKE,0.37642761929724,91.4611291761316,0.000325301854518723,0.0213461313730948,550.649608631947,0.000224516446777042,0.151741917836177
L2HGDH,538.142481143494,796.311485990427,195.480186616778,29.8625998749258,38.282263863068,390.734975287466,227.090495698718
CGRRF1,271.094954154945,13.3717812985319,179.570955635949,934.700191540011,1.67968708123985,556.152907361723,3943.9050393082
PELI2,389.912190306312,487.010025628072,210.991291573769,0.0433718800908179,216.314195246484,1.2980752849729e-07,0.0400727583475256
CD69,0.101791586401858,7.09072878992878e-14,628.179407554564,2.49008406123022,4.34950026303407e-08,0.000163787212181179,0.0301103039680475
RNPC3,174.16176135695,245.981759986275,902.791799230637,24.4453873080922,390.456644222676,0.00341755475164792,228.706984706747
ZNF542,253.273242954357,811.764375556165,104.996095442083,229.734268840124,348.501102530161,516.501181938787,560.087549732111
IGSF6,117.284339691302,9.15886983708324e-09,0.000854832903119398,5.97996107570725e-05,3.2984352082206e-05,0.00979510336550869,0.0142375477289197
C9orf46,299.868985033068,327.285833572616,0.0348354382494159,476.195111892266,95.8975485462092,0.664245782013483,3314.71592622175
ZNF844,318.764322901597,1220.71633933944,18.1107463359068,25.8487557499618,4.48257589069732,2.59507486997652e-06,635.561511853529
FAM113B,4.02605334037674e-10,145.234757902454,339.644501377208,0.00109448935279084,272.470588690742,1.71406560839067e-05,1.76483122677999
MYO3A,332.089026841605,9.61164121024971e-34,410.390097803703,677.942439027086,2.22316072795657e-05,5.11645458774282e-29,5.53552197875833e-32
TTC39C,11.2137919561539,3.25889362926326,49.4784753688604,323.567245736405,494.53881446331,4435.00139708456,1.4228057135977
KCTD17,0.0466728538720208,0.00014595134958732,95.4947184987878,150.457186905496,390.065866288476,1.689768894264e-15,2.9927348638934e-08
C3orf70,135.873353337924,3.53857350081814e-08,141.479272527519,0.0636308031556826,1.07432375632395e-05,1.33950249793419e-06,0.00201259173994434
C1orf54,1.19310455789177e-08,8.35266626877982e-20,122.289941963783,717.129851323205,8.69336059973471e-10,2.4299586335396e-16,856.281925771355
ADRA1B,28.7968911181517,1.80833941556742e-22,420.053120757102,44.2032920246985,36.5991645003395,0.000211621788440659,2.24953263597571e-20
HOXC6,64.3803891660452,87.9136679528399,588.530989093266,788.480415766987,8.70263323606396e-05,1.39393055392894e-09,3.41939047381008e-15
MBOAT2,318.623335765663,440.189241138563,128.27119345822,121.221659443165,906.330946972059,0.00544066178503054,0.0334679732834284
HHAT,541.67112652682,431.736058137546,6.32628219602288,0.170715765312335,821.105090715531,866.325648341921,433.609240993448
PABPC4L,294.889411678149,413.827234339247,89.1899312665269,0.413119623764881,3.02872026630879e-06,5.1432517036421e-17,6.06651452040885
C4orf33,379.918687772722,520.225575645101,48.8931094610722,452.381758510599,0.125223463778408,1091.49001589334,1061.34653667569
OSBPL7,25.5180735126585,154.392869018867,824.293947189823,47.972704839531,647.613591525438,3.66152839699136e-11,3.65766005099005e-16
IKZF2,202.658188322168,0.34548875075058,141.055482880717,3.00619309660835e-07,346.91676492351,1.41424100519449e-11,1.01641381131859e-16
LOC100132287,0.144719635031075,186.725624309986,1108.19491073669,25.6017597564618,273.755837731649,1.03592527341902,1.39493171107114e-20
C1orf88,421.625498856633,0.00166007849351944,0.0122354919087989,826.047374570001,230.465150018132,3.94229747162352e-09,188.941820981689
PLCH1,344.91983163054,190.620404538086,1.05557575688239,0.99477702358859,567.488339784731,2.66436921150323e-11,26.6214542563268
LOC728613,147.471903802986,326.308617029516,532.518140482461,929.986178835095,14.4160930145127,334.884474468584,350.160265386618
MPP6,577.537000885421,1.37257141378188,4.18411683490013e-11,2.82802783631133e-06,20.2106045064057,181.70256583976,7.71670695154636e-15
RASGEF1B,267.27952702002,283.451718245538,509.079432010475,8.86615476690929e-06,260.814791041996,1077.41798355351,0.058071656938154
PDF,351.509333554947,167.78926824034,9.05291195802485e-12,0.148596490416908,372.301743470563,508.375653809677,178.027635081527
GATSL3,23.5955317893243,22.3816868265665,603.919922454184,753.503201869536,300.394456012846,138.50757282595,0.21930826951001
CCDC85A,207.231169781367,69.0377155578074,494.336450134148,26.1670821253092,3.39076240601541e-17,9.55656337836731e-07,4.40982817587104e-05
UBTD1,1.3225654590591,120.301525962371,212.588220608123,680.915449198876,326.431514794957,0.455231832798368,427.073629236019
PAQR3,289.177274930889,832.587395268747,27.5440240800789,270.23658721529,195.601775310275,870.354208391503,1105.85376665225
PACSIN3,196.860268524281,7.59408842099942e-09,343.306550093956,1088.29419984297,22.2073700737744,0.285662349037083,5.14086008614182e-22
UBASH3B,101.776094939513,142.804426353337,39.1439198758074,0.0544780371063132,864.409921447179,144.893546503277,9.91991189775042
KCNIP4,278.289709043693,19.081393026492,6.60492274268017,41.4709208988512,171.401243456674,3.8498221421772e-06,84.8433526877426
ZNF524,52.3447349439888,20.9757437723394,310.088525918497,1488.73066894416,6.298972471015,0.00290970072257504,1331.95845255453
ZNF467,0.0411072558598666,356.64829481799,387.676887239832,459.071800370146,0.000209680426399216,109.575634556882,1336.76402284094
CMPK2,254.484769261414,0.466494318958756,63.5577734879931,0.0300540834914709,1.56335565019977,363.838005835623,130.639835864196
C6orf136,146.204276684163,1120.98411005727,279.58912108944,670.694833978143,192.777038755039,0.33125589398908,784.323831745388
LMBRD2,423.385567635865,437.137870951758,7.10276501715479e-05,7.90277033385563e-09,3.81779762495294,0.427243988393182,0.0121429622709081
RNF122,38.4634062653243,139.239975033775,849.481320001616,661.550315550546,1.78078033568671,0.0197873529467089,1.34008660261218e-05
SNX22,121.418551210549,194.070809580782,274.727547632425,253.05446761513,19.0049451488993,330.859126066513,299.660752708362
EXOSC4,104.963082794902,85.9907348801191,243.194328910045,942.419694552915,379.867636447147,52.3580400143792,1565.86864784422
CBWD3,245.20462008777,117.860725440559,831.995718933646,187.611701730807,190.829761110523,363.231543159805,163.454073332438
LOC284900,54.3936415263634,249.463160825481,1085.04044944035,468.478762241801,308.368901405836,1.20720901761502e-07,8.43411012419354e-08
MAGI2,228.429192178544,570.594020087632,255.554764744051,89.6242452072941,457.758841494298,3.12058645967016e-09,346.067615406755
ZNF514,221.429356632251,319.071871117395,995.795138336624,221.991848582496,491.590117343248,1.43840716757303e-08,2.02789805248501e-21
HOPX,0.00203928744884293,1.28094441334215e-06,0.0877968735817126,974.743535157714,139.605314575007,3.93750226156268e-10,163.497713856162
LYSMD4,117.620689785846,225.798373758622,560.160495476441,395.114361994952,0.0206442001670921,4.6298956523734e-13,1118.7967871627
OR2A9P,210.593890222481,104.471859470438,406.293812238215,151.928858548155,446.952765120765,4.27668895732246e-09,0.245126009600014
FMO4,493.833709474485,202.9155078223,164.645196194747,148.350242180915,187.051915621276,358.920351542508,77.3806684915464
RABGAP1L,312.778347196425,333.082103119261,18.0676190739656,0.181457394664325,252.748894550934,23.460616645393,1.73240861405221e-08
FBXL15,126.079166496232,35.7675736528896,345.580694040356,738.702265019017,33.8155154536898,6.1415333862666,2212.54579572083
DEPDC7,374.21554882299,2.27627270296581e-26,19.7129673578217,370.718050082253,1.28300927559153e-13,334.463545689058,1.17338925247126e-21
IL18R1,299.858773121191,1.41614182460096e-26,451.212081265776,3.17857004955293,1.30543241901194e-07,0.000426161319594485,4.01865659222879e-21
CCDC34,109.259263783737,514.114980049411,6.85115296862194,716.694779565514,172.264374710649,1.67591832094958,1767.68475088579
MOSC1,292.68066372141,0.000176899816337913,530.905438778212,751.733461719657,0.000927334555630904,1855.50213564125,0.458929002779157
LOC100129637,25.8625721279073,264.089952562827,911.631727874625,89.3159610567571,409.608233151465,6.98701769634692e-14,2.79362084494091e-14
DCBLD1,142.533631896291,136.736880401286,505.197312882411,239.986838796172,397.789772304564,1.52165443894105,0.0510027074107299
KLHL29,154.777996113202,0.011677989774869,601.825520776936,61.493753953567,534.21337113232,238.048410145974,8.34986387377033e-21
CERKL,341.736778879949,2.56938652132149e-12,312.741310724793,91.6569327083324,0.0503338299145806,4.9075627682866e-09,0.511500299151812
TMEM213,4.05514605690405e-72,29730.4067221551,2.00082655183995e-55,1.01761898242646e-16,3.01935919780067e-57,0.680159045595755,11983.6200689868
GSTM3,1341.98961360446,1971.18801670643,0.713836042187385,5.48504452175639e-17,6299.83833513491,1755.50818508254,12637.2467609021
IL1R2,2.5537916711401e-31,2.33353363576135e-36,2.73520045776934e-40,9.71033525994913e-31,158.577808562258,1.07338143663873e-41,8.50678386656959e-27
GC,736.373023815839,1.1446022171991e-34,1.9980382720591e-44,2.34262825778792e-28,6.75288585725215e-50,144844.424471747,6.7789331911649e-19
DCN,71.5175447535806,4.30091317461326e-11,4.14357709160364e-10,2.03440490115616e-05,3308.71318284167,112.534102780207,1.66249845137124
MMP9,9.52626681539e-35,4039.60110867815,2.17937627891328e-23,1.9301057819595e-18,1.44275785551708e-28,7.87377998299379e-30,0.272630454168232
CPS1,2.21068170175239e-33,6.40674161486306e-29,3.87613531354527e-37,1.98676076074451e-06,3.03840214633269e-07,141291.092016708,4.06370472877413e-18
SERPINC1,2.51552997567521e-96,1.69375354482873e-43,1.83422035614237e-142,2.8712616533859e-52,8.65296253266988e-153,141566.75305677,1.95165552919882e-20
ACP5,3857.63642146173,4456.48962243948,1.35884150121765e-16,2.64721599627757,0.0652347425864102,0.411648859368729,2.98613564025691e-05
PAH,2486.23474711758,4407.93495887431,3.19563057198338e-31,2.52548375995255e-30,3.19396639664914e-23,19308.493685193,1.95796265225752e-20
SLC4A1,2.10261354342097e-66,22265.3009078463,5.19083194648715e-38,2.34288017200005e-45,3.61075177526366e-56,1.67486990874332e-26,18378.659778737
KRT7,2.17430125828628e-43,11830.1644904394,1.43765121604113e-24,5.82544836142377e-34,22927.6507331078,2.15607525823833e-29,4264.66248254475
CES1,5.8152888673986e-18,2.17761960022303e-27,7.56235775695805e-25,3.26405170496518e-20,3.32794295438142e-45,135151.466078464,2.84439741679311e-12
IGFBP1,2.12992583060777e-50,1214.9918826716,8.51310708147101e-43,3.07750016046737e-17,1805.06356496225,2209.56324620512,1562.8711408561
SCNN1A,2.93594809995587e-29,23553.3466298202,1.1192152450501e-20,2.35624131486643e-25,12819.817652571,5007.32653742328,8420.82902048527
TMEM101,131.793908647854,12758.2671040919,14.8400592201019,237.041276702853,2.50107002530358e-19,1.1303124569399e-46,47559.37014152
WFDC2,6.84814928184632e-24,9976.03033922976,3.25665449631915e-07,1.19358218387572e-07,28565.7522310645,9.87017372772487e-15,2041.99984055372
ITGB1BP3,1004.87362217549,2591.73021979806,1.10433513882498e-70,1.16688148392764e-62,1.95626110845997e-28,3.13753923693421e-23,2445.30567615462
OXCT1,1158.96467041447,21095.0757752565,0.0109636995922004,7.42856148159584e-11,5.91993289804043e-19,0.000275750854619231,0.15893568400644
MUC1,1.45052761310858e-10,0.000100177370521096,0.871707201041915,6.43447594742013e-07,28748.9190365396,1.39472284646804e-08,29394.9268024181
NDUFB9,1681.27928329013,0.00931700724029689,2.21024327155406,8900.84276742494,28.0747726334927,0.000101577182046384,79508.3973827184
SPON2,771.786176814309,2779.59172303795,5.88848602977578e-11,6.27788068015054e-12,5377.86114481688,1095.4485272009,5.60081980925925e-17
PFN2,1214.63899038339,10858.6522620674,43.6737210845908,2167.3561391618,2588.8481894885,1974.4578126689,61159.9964651026
PROM1,1198.13377227404,2.22234153374946e-14,7.54569744219425e-08,1.10513390594959e-12,26952.8948337005,4.55118569643729e-33,1.97285352526658e-15
CCDC146,2687.53436049035,2.19877002153865e-39,1.3278204408558e-20,8659.66104975044,1.8884012058337e-09,3.2196263661596e-45,1.05521987473611e-19
GDA,4098.9555731499,2478.19137207604,6.99664668203407e-27,1.07735198478982e-21,2012.6934905311,3336.64022090431,1.09502616800794e-11
UQCR11,631.511082569379,1.73534861034073e-26,31.5029056357411,3499.13567736983,2.17597160648322e-05,1.15292631231052e-31,76795.5619437576
NEDD4L,1853.2587591937,24811.800612968,1409.98212547129,4128.77699364141,0.506677839582215,9207.53484148389,6126.72427332931
PTGER3,1838.6035298808,17849.0970941183,4332.41491131634,5514.62558256539,1.54336508534921e-34,5611.84031025394,2600.04175529331
COX8A,1659.68015060252,2206.15441939952,856.810924218962,8101.06760026221,0.17909693954919,5724.90190710879,72941.5295283954
PTGS1,887.969299892612,1.4552337281465e-10,977.860166666927,2308.69478614296,0.0021523961390572,3.68690166260315e-17,2.62775140099383e-06
AGT,4476.90112796323,5.69564700025325e-22,3.53802230183239e-05,0.0734243566187503,3.1444129071358e-09,50943.2778435127,6.67694500299771e-18
DPYSL3,7.60667241916924e-12,2.45950909598768e-12,4051.37224831551,2030.6418486057,2.70752937923745e-11,1.83155609440482e-12,1.23113106177003e-16
SPON1,5655.13593934058,8.75144962356019e-10,1637.83788463894,0.000101867712246492,0.00419111859718813,0.000317017063208907,2.28971626298162e-15
MMP2,1.16880643910903e-09,418.974101218741,2.97630702690049,6.07523379431633e-05,3396.38390811402,4.68195687445985e-07,1135.76012348492
CDH1,4160.52037527622,12573.0930658301,0.122181264686948,0.00508024165889533,11628.6659493145,9854.46092447288,10066.1646669457
UQCRC1,2393.47276393261,9582.71809384504,6.69814561417267,8725.55949129727,2481.43145252182,10522.8971225104,57997.3674705234
ATP5L,1650.70705080609,4197.59912820021,29.310846247751,14958.9159033,0.255906318811847,9158.67125092428,67075.9484647076
COX5B,1144.43987959309,2558.08992679653,73.8575124982048,15392.011462868,0.000165608673233708,7.05212768963555e-07,55388.9242752886
CCL2,2101.88158823844,2.63990268751804e-28,11372.6303691293,2905.91438167067,6.62596210650067e-20,6.1362478296545e-20,6.60291459305971e-14
AIF1L,6567.63582925795,0.375758117804872,3.695369148228e-05,3.05130971192696e-07,21399.3756854097,0.28292183061364,12262.5508841872
CLEC18A,3934.41017989037,1.04130308030828e-32,8433.47650586956,0.198895312525199,5.30504893956764e-29,9.09401641608032e-36,3.11300247253342e-11
SLC5A12,6940.28773043174,2.40730247251886e-42,2.25222047200589e-11,5.2761749088237e-05,4.0502471413264e-33,4.77403909277324e-41,1.25786282193694e-23
FSTL3,753.076259888674,5.71121300278318e-27,9516.68392708529,10522.3884071058,1.91740389065531e-08,7.37990416782345e-23,3.23545216919332e-25
EMP1,0.285321663918735,2.55641933028683e-08,11448.8324843855,0.000351902809501309,6602.32770902334,3.69543381318658e-10,0.662860224858158
ALPL,3959.20275232657,3.48906008773651e-06,7451.72470527338,407.433774559618,1.44124276970371e-30,0.00450233423308736,1.35699504872659e-16
KANK1,2096.17764310344,2761.6148384127,2735.93645107075,1094.43050516033,164.994767906,0.0199930189653085,737.634968738669
DHCR24,3123.07527153511,1806.8532004258,2.42321667649568e-08,0.00622771549127095,10414.9154388307,54857.5881567411,8801.46129870544
GAS6,0.0162794523895402,13144.5543890186,3323.27799177639,648.271557486732,3541.44290681211,4.55051319409089e-25,34336.1300248383
COL15A1,0.000106286211754211,1.37379609020841e-05,186.111915943704,4.64810944987031e-09,3.33147214037103e-09,0.00553704742591588,0.00306731709712877
NAMPT,1893.77022630234,4353.24089890226,4702.37626796912,7403.49008225373,36.4293344541544,4368.43049614191,5172.2297040594
C2,0.00408873741846238,1.77471673849673e-06,4.58107944784156e-11,6.51854453118803e-19,0.383935735517856,24453.1395822525,1.64325687437509e-20
ASS1,3438.75930921848,1.19803400552588e-06,55.3620598624927,14867.6057431367,2.27892547594187,12296.3036215847,6.3278706927334e-14
AMACR,4967.74639518154,1385.01232352809,2.28425327288227e-18,2.48857141881356e-07,7127.19945234779,1791.3308816089,3135.06942451968
C19orf77,3709.87016057625,7349.40673729623,3955.50526378339,530.308356101492,7.55186391940884e-24,9346.35779371904,24828.147862184
RARRES3,59.16434237852,2281.29344763618,1.16807415788796e-07,3.95332619780483e-05,0.0937214264542713,3952.0578496315,44306.9791560477
ST6GAL1,1752.16228550069,11299.5295603921,0.0680249074151396,2.24855479328506e-11,8569.39379916507,27248.6540720891,1267.6609157497
COL5A2,1.29810138338677,1.69109145749674e-14,693.544176107296,9.26287276682092,1.69356686732243e-09,4.13640238006042e-10,8.89413661440209e-18
SLC5A3,2481.08177653638,4604.83466750124,2998.12213011552,44.8625983807919,1183.3808557211,2.20154888386349e-14,3542.59117661296
CAPG,164.007930763359,4611.59633507354,2.43710561968374e-06,6819.78979777875,6526.51799633356,8.33072384409778e-07,19595.3472810899
PMEPA1,5.6091838570883,4.9592763760133e-27,7181.46056816882,4691.552842402,11229.5313846734,7.3965115692678e-10,7.12530781848681e-21
TBC1D1,1232.68589763113,21876.9467907849,957.170881091637,0.297030280812048,2529.21961181533,6164.8053441409,5691.83118212074
GNG11,1019.48375825802,7.87245489054641e-20,2296.50308986564,11668.2425842447,7.13079309665585e-13,1.00674090159316e-35,50378.1682890668
ANGPT2,891.726578641633,2.14827748878717e-13,5366.50599177104,1857.80445012843,1.3081254890511e-16,6.23313562301445e-15,1.90474152263401e-17
SULF1,7.22246712673525e-08,2.4515244877502e-15,0.165190400304993,0.00154903308909926,53.9421909046151,5.24021083438832e-21,1.04544025878599e-09
ITM2C,1499.34730705661,0.0173680447188435,2299.2139573921,4723.65308578288,19296.7034124994,1.94258474842661e-11,24.3414493731755
WSB1,445.491534703395,1777.05331542732,14912.6047261154,636.771263391463,9021.89908100591,8.96135409799341e-12,5.43484096293327e-18
GALNT2,884.603007258014,0.122372465692755,125.164402524106,2038.46724457263,5041.18110981355,0.00255305406234263,5.36136591488683e-06
IFI27,842.348542293768,0.000186584119227113,340.429402057909,0.0362205129558516,0.493134265338744,20215.2524296678,5554.27793024836
GBP4,2650.57604005578,2.19621909591679e-22,1000.5233020068,1.50858617675958e-10,3.57599675893441e-17,0.0100540471061058,2.76123797094489e-19
HSD3B7,2283.08911399899,3.24719107238251e-13,9.27420041359136e-06,129.863517050856,3.76611732553253,5.0828121099683e-06,1.58070002246599e-06
RGS1,0.287736823018707,8.84458247347194e-07,7376.70588218841,123.490500217522,9.94910708670543e-09,9.95876340705598e-10,3.48774753852324e-07
SLC2A5,3159.09370789028,1.34088000944912e-32,0.158455453575661,86.633318356261,3.66850931927805e-05,8.08405595422523e-19,5.18844449149729e-23
SNX10,3730.55448110144,857.159132099542,5.68384565378128e-12,5318.31733112249,1.0122243895094e-06,0.0129498577498752,3697.75824994456
STC2,2167.53766141305,2.2118196268335e-24,8672.90605632616,4400.50544092533,0.000905060061952166,3.44208680899333e-22,1.17292224997868e-23
MYO15B,2258.94241270728,2.66568185476165e-14,11486.0197478477,0.882109846041537,0.0328388218507988,8.43594524989677e-20,1.07543729388747e-24
KLF10,4852.89161914484,0.208775791746486,13716.0697733641,82.853655308705,1737.73214144992,3.08474539423571e-07,72.6571772040765
BIRC3,920.986316016622,9.87068268732206e-22,2601.2721071168,29.8902249821675,4292.07186515049,219.264455167485,1.41280152580262e-17
ITGB2,868.936132980276,1.15015401642509e-05,2.22374348257102,3.80018701177386e-05,71.4781823943642,4.97035376798229e-09,0.00255693729299993
PYGB,1913.66827785158,8404.27938034408,0.117036305292094,2026.06104533687,13950.3134640605,1517.78657253131,7891.16047614207
FAM198B,1221.22857940551,6761.30891255934,307.753906203043,1.70448074539851e-06,1.15740476306868e-09,2.35651137499726e-27,2387.50868722194
PER1,1789.38262519366,2842.98760429903,18731.3118334489,161.496956125409,3580.31706885887,1.32622478262751e-05,327.923986251531
GSTO1,1368.43187006498,1.73067750728068e-17,0.512969119877766,11600.0756553517,0.000116599133366786,3.81495550340758,44190.1591562661
PRELID1,1995.32709317669,0.0427868746240261,0.0231301610940733,11283.2183635693,0.000322927864521525,0.0112683003668083,10635.7565705425
EHHADH,9755.83746847182,0.00309272471449672,9.21191702994559,0.0011830481321101,0.00281066502168054,8524.33274050002,0.0002976772074221
IER2,341.382696105572,1495.21315949244,16623.8162449982,5458.75562574027,82.7113654576714,0.000287333655297152,9.00011316035579
F2R,316.371340262348,1.36855779964379e-08,2001.51939421708,446.654569598065,3.90549244570337e-12,4.93515713140505e-08,0.0263746751000599
SLC3A2,3351.45307006199,12354.7105059064,4828.35468864249,4564.90180791627,2429.20103401677,12731.6417890775,16106.1930909081
IFITM1,7.09785805553637e-07,8.27848375485989e-26,5417.31041501999,10085.8548731868,2689.12011481412,4494.48473701042,4.72513335356587e-14
AKR1C3,4330.2491846461,1.76221356967998e-13,0.0720439274323028,9290.07008205939,0.131626296336069,5925.71980791488,1.05529092815322e-12
KCTD12,1905.99360641141,9159.10406109397,0.00156635579879557,0.0616242924394339,259.56288878441,260.69241659494,1813.96921193295
GBP2,600.824397000405,1.26359978511335e-07,1991.80266549532,5.00712507674178,1332.27346238258,6029.90530693185,0.000454856456337078
CHPF,2263.54317496433,925.314236609384,2861.46553822684,1071.88775989051,8758.25312281785,0.636749664527503,2.35491628137182
CD14,0.0187449082771564,6.51409682503854e-13,469.311587621767,123.708202340333,0.0163023076897985,49622.724365038,0.00339079562681802
RBCK1,35.4449633477066,2336.16849517024,2333.82403252406,11022.0577462826,2505.59074792703,0.00318536035944066,3125.07535472804
CTSH,4124.6724179931,3160.88499469654,7.28393356979111,5485.81695777203,0.000199845478639864,5677.44578583552,6748.82323229723
VWA1,255.422483061625,6.34347135216881e-16,8038.89240168455,1921.55615870647,6.30580976311455,0.0314702654223435,1819.0499831911
FAM134B,5199.19309553144,5543.49588704352,1529.26070389566,5865.68280813429,0.184394170603574,3179.64824470403,12384.7780553572
CRYL1,5940.80283334723,0.00122202051186367,0.00154685178025555,14709.5272822779,2.87882163481083e-12,1.19268644027465e-11,32758.8101659101
HCFC1R1,247.38102546901,5.95110711912672e-16,1196.61530393963,10807.9625491149,4331.47840665168,1.7781228224143e-15,5.77104968287838
CFI,3777.12452466787,2.65222737472132e-09,0.0120920545226307,1.15487953168881e-06,1957.73316293645,12671.3229722726,7.79378543277944e-17
TNFRSF21,5946.39041446138,1749.91142181392,3578.14780155296,5.91749440299138,2152.43712282426,0.000103551325542222,712.700890708661
KLF9,3732.77229917104,3041.33679529356,9724.56027684497,152.212290913889,0.890014446035949,3411.86470577972,4060.56174374299
IMPA2,7233.61670724199,3580.68408120105,2127.59419907663,7827.68504982134,0.106426729981219,6102.60096736605,16709.0566628417
STAB1,0.000177691483438008,0.00178485912026975,6266.6615183468,0.499813207769353,8.31268904422882,1.96186728142411e-06,7.89843380956192e-09
HEG1,2571.32665985038,0.721446884835072,236.326372069961,7.91589571336652e-07,14.3520062946541,0.0854545359976959,2.19995478595828e-06
TNFRSF14,2679.35071313335,1130.38573028456,9869.96962779109,3331.05324117059,5.84582408700003e-10,1.90454948426136e-06,644.862733189429
ITGA1,2853.14160892195,903.249330505172,927.405895442344,0.000289610350460269,3.41435637187456e-11,2618.33577277748,0.0120468041798758
CITED2,3363.02729509442,1534.52967247808,2451.70850539695,3576.28630075777,1478.47647580201,4.2198779458817e-06,16.9540480786697
PERP,1639.8553511509,1442.20552685234,85.1978353051573,13208.3286587167,10711.7953519304,13.4498591973417,1426.36463991346
TMED5,5604.06178133812,2609.73450647922,2.21063613254043e-06,0.00217023805759175,0.0205978544975436,0.0243030022747272,12590.1437940953
TKT,897.174044649234,4732.87077623742,0.0657718804233206,14913.8335027583,8261.57862626963,3567.29628629983,7887.07486249931
DAP,2797.96080988015,12620.5677192835,57.213463121653,10994.2738850496,2999.23583442649,11823.1000689088,4913.85772050859
BHLHE41,3818.10987962157,1.44766958193995e-12,3068.45599215568,2408.86270741323,5597.39786202831,4.56849291698414e-14,9.43837867211605e-23
BST2,74.5559985092726,0.0469228379439762,2000.66763715918,3435.8585459251,5953.01945244099,1.34143594698641e-06,7298.26839877785
KSR1,5652.08123092579,1.40683952976174e-16,6316.81268208282,8.6662577164338,3.81299515499104e-05,3.01881396305343e-17,1.80552822466569e-17
LRRC32,852.308446874113,0.0259062869728163,4437.88115923597,0.0592446722389735,0.507995052273452,8.94877378792744e-09,71.0065852929392
NTN4,4782.94697413862,1921.19975665145,2182.39448377291,5363.8102976606,29.4340857303437,38.9830837331168,2.21096315477008
DDAH1,8138.90174060409,3.24295863657927,2098.17874191024,4.38649030162942,1461.94661818806,7029.81380258348,2419.16060362657
BTG2,2078.31413018007,3330.7896576268,10471.8608940808,0.0621294852353104,665.275337411025,0.00012507222559017,4732.00465337589
CYBA,182.158997462266,0.000135404395039294,1100.67963414671,5475.39831454755,4024.43762159189,5.82436039485529e-18,309.715232628089
RCN1,2363.37090472294,2006.02127564172,42.1013738266541,6051.37571233054,5349.4898365867,5.83646777546331e-07,48.5682350072256
NOTCH4,564.488380457291,2.03906846745244e-09,10403.0163201788,2.42513258342729,1.10485948042675e-14,1.02407670017135e-09,9.47918701889514e-14
TP53I11,249.508572517222,2689.51323037782,5950.93959081007,181.446517201686,1.86005534654507e-10,1.24691655612905e-08,4.62022110358733
AXL,479.863591592757,1.07383502584177e-08,467.725094238675,3147.76401722122,4573.66898617575,7.09102507510615e-16,3.86058248666134e-16
DYSF,3746.40601561403,4.1035040413704e-05,2465.43449556668,7.60152491580683e-05,7.52341713218907e-05,419.992584644885,1.38332986410529e-05
GUCY1A3,3594.96660471609,4.5433306326862e-07,12.8287987516759,3.09255522115915,19.7200549643369,4.60041881914095e-11,2.23631129146937e-09
ANXA2P2,1394.8503366482,0.0235133503306069,403.927616208023,2650.35131545071,15407.952361648,0.530959696541417,8710.34618807766
SLC28A1,5237.04970406246,7.61454318876358e-33,5427.02507173766,657.466400069726,1.84315864922321e-14,8.84808102184511e-16,3.70339067199097e-22
ARHGAP29,3814.20609004662,0.000774090953826817,3901.6954749178,12.2048023245333,15806.7334355431,0.0284014195685595,3.87256294990274
WARS,2301.59223270758,1669.10634307381,3826.10483809918,475.998090310982,1476.28161427134,2696.39017943301,1273.35671219045
DPP7,1226.49929748468,782.793548624444,6020.4249294651,11406.5962897932,2050.55736537912,3.7943662511746e-22,17606.3589055147
AMD1,4746.54546563506,1681.94259856278,2552.7708730037,57.8086340983682,11544.2096556624,90.9457738808991,1722.9921149248
ARPC1B,274.719041108369,6.66299757733381,270.044288887638,2534.42655646211,5981.79567300207,0.00130078814418063,1111.41756629799
EIF3K,2148.67176436654,4354.52036749145,94.5374373408931,19762.9683294222,78.7180283339061,3599.43263626713,35800.8204822414
SFRS5,2181.56532272227,6293.16762184916,16215.0118270448,2113.93064908836,4420.73273788454,0.0180175983959965,41.9593478159817
TGFB1,119.705294751602,0.0203281740636479,4380.81532471672,8831.21169087252,3097.47519006299,5.45116406302754e-09,1.21894349484731e-11
HNF1B,4888.97557046357,799.595678820282,0.675459116846219,6.58903578318667,5976.66578424032,1.38037922818228e-10,0.0181643676549653
FAM13A,3592.20404782876,3487.09369573226,4153.21557051754,6302.27893570081,3390.61674355501,1.81615887212062e-10,0.00609924692717049
P4HA1,4641.3279037967,6.74438480420224e-10,1676.03409996948,4846.75543997203,5608.55568752104,9.81849320040815e-15,34.0862136733258
FZD1,6796.18544912431,1.66358870280394e-18,229.56525505969,4963.88030222462,4.66978817891474,4.35701615014997e-18,4.83437443909959e-18
AMFR,2596.85149008076,11889.5485662305,50.922950013099,4160.52372472906,4097.12494240894,9515.98023680483,23303.2471223464
SHMT1,7705.86673328469,0.836350313826532,353.428895496506,2486.58364941527,648.450217860885,4410.38649585656,4.37930285041899e-13
BTN3A2,2232.63185812842,0.000927182388905775,2540.57996950776,77.1526543612316,0.00246397298801195,3654.98654431026,1.32701337217322e-05
INF2,2790.48411736177,1.33669042805236e-17,9528.945319414,4292.53789423403,1194.85529034353,9.79250738916751e-09,6.31652291634367e-20
AGPAT3,6353.8761928065,2776.75287033273,1527.54689484511,13.025029428415,1289.28683643104,5825.00185725566,252.711417326806
GM2A,2557.59205408571,2793.67048034128,0.343343287989127,833.834020305916,707.308103015316,1749.31092270169,1298.9807809377
TINAGL1,2168.1417128434,1657.86249374375,5090.67142797993,2375.60255208628,2600.90101223581,1.23044761933638e-11,5835.51679698931
FOSL2,2521.39656475538,4996.05302196539,11203.0123995455,234.634085411788,4200.02934045135,1.44724933377706e-09,4.25513438979379e-11
PRR13,3021.69091344498,3255.17585958755,0.00391436550085784,2615.89916395914,4823.5397876603,4877.28077698304,8599.13882272453
HLA-DMA,1657.7465283711,1.03922512849317e-11,3529.04009768838,328.054994015499,6.64209642409166e-12,2.00477444207452e-07,31.4112158817053
ESAM,893.527475901374,6.92288416720618e-07,6617.87533913111,2754.22943678638,2.56415978312529e-09,3843.5580210735,48.1195683417179
ATP6V1E1,3062.21367873198,8295.25857115599,461.441896732425,6657.47854047329,323.565267819829,1324.83212630713,34169.8581626455
NR3C1,3835.18749760752,1327.55887188153,14.133114349248,406.791946005273,7.61152790398494,0.00208817038901058,7.33722248641267
SYNGR2,2584.00603660605,0.159726607262086,87.6933913489044,10078.1742511767,6698.72419953026,0.0019058677072588,9578.5318097742
FAM107B,5150.6083915382,2771.20009834057,11.117310638408,1.59629723649524,3880.08880214834,5722.55913848419,19302.3034043927
GAA,3155.01280540611,2205.48878364498,1890.16323343086,2051.45745033288,6843.11698705249,6823.21394646176,4388.41306330177
EFNA1,1165.18723216049,1.29225829455403e-08,4470.81709130556,11411.6154855795,60.2242318665241,5507.85377545088,7.02474968323184e-08
ID2,3389.71189687695,0.006514860095627,3685.97651554905,5065.16268584724,63.8036100689696,7314.45489571441,43.9861106782357
SPOCK2,1634.15415935165,6.68048591090592e-12,4543.0906849135,4798.05200954894,504.49176290309,1.45076225406973e-13,5.54547813895136e-13
SRP9,4564.46561984419,1477.8234209972,264.829377065256,9275.4347929057,915.828136872943,2.05835704529619,32308.0968510376
UACA,1225.1189400872,216.271296809203,3730.28911582729,5.58279553145465,11.4073692097657,1.12497362694486e-05,2.36064437255895e-08
KTN1,4764.64363744627,11190.1928293532,3533.34864145729,4.57572606040348,3608.22127509123,4020.65460374762,301.986389517456
ECHS1,4501.48093100878,2100.7884029976,5.19831162017775,6508.19637977553,100.793917726202,8870.66926117126,22178.8307768416
SSR3,3908.34248898845,1834.1079582003,0.000707301696072071,9167.98371433295,1039.1217292127,5075.15073344449,4735.77692143782
DHRS3,2977.66428904513,2089.93157197939,1416.45792343794,11475.4148472103,1.52314090347226e-06,11776.8120400965,15794.4546822956
AKR1A1,4156.06568505669,0.000475526127888359,74.9601234437564,7187.74542112189,0.0201038595539676,7157.96279114304,3166.95170036097
PSMB8,2512.58795441654,780.564235175821,389.340441336482,12026.6183060938,2.87184918146872e-05,2372.11871485054,11942.2815554829
WNK1,3607.89252120646,9003.92115073941,1117.21033272608,0.385950971645211,7345.60894578221,2070.50640656648,0.0804889106888802
PTP4A1,4952.60404836617,2980.40286013122,5110.89488295985,1377.26749933337,4293.48961006265,23086.6138117356,146.992264658896
SRGN,1258.66113990206,0.00789294061966474,5516.34178756621,1727.3486226594,0.0593712188942941,3.0125337774581e-05,1556.31119061492
SEL1L,4299.99750946389,7703.94704461502,344.960470573365,49.8994908774153,2324.03607778115,10521.6382398935,3622.00347404527
ITIH3,1.7575115291792e-41,1.11468558723806e-31,5.18140326647322e-54,3.8431228941605e-28,1.83585675867922e-17,128254.58987472,7.2735124418237e-16
SERPINA3,2.46062053325857e-42,1.93227528736396e-25,7.35054189786213e-24,1.68557848994263e-17,8773.7624076506,89215.5090710289,1.47077097530807e-16
APOC2,2.19318705806853e-22,1.01320926839354e-28,3.13012217738324e-31,1.11904520626244e-07,4.29644611669007e-18,125000.838480053,2.19242384021632e-12
TFCP2L1,7.05581884310209e-33,24039.0831701148,9.57618615465352e-27,4.22838186019599e-30,5847.29440666535,2.54911755424112e-12,0.0291625304283576
ORM2,2.15256260027341e-132,6.34961693167591e-46,5.60735154074857e-171,1.36860122805459e-56,1.48807972608151e-151,122968.563362411,2.59801712190892e-22
TACSTD2,6.33036564438767e-40,8.35318976803127e-33,1.08480517875485e-17,7.28822694855057e-35,31241.1986143913,2.55493527209325e-19,5.19597653869685e-18
MFAP4,0.941716769598282,3.67787277564835e-25,3.62663166107118e-09,1.09739135468194e-14,8.72669621121971e-11,4.25202960105989e-24,1.07568052331222e-16
ADH1B,1.05099303117548e-06,3.39842612177506e-12,3.69226323866816e-11,1.17093517910663e-17,4.60654609119326e-06,117049.432089211,6.33750598706771e-06
MT1X,4.4707978502466e-27,18.2130174824155,74.9994590593332,2612.35132038908,5.52836224351537e-17,3044.73616683526,3.56388613478988e-21
SLPI,1.79589109969013e-49,1.0260334848746e-45,1.04927645407071e-50,5.1371161535524e-29,21689.327184088,12193.3811775892,1.26374720310583e-34
SLC12A3,8.74222818406154e-42,3.00432609167345,3.72132156321336e-27,8.47045179249184e-47,19679.9987938104,6.76771111650286e-33,2881.04984748904
KRT17,2.54698267934917e-81,3.37227277236278e-51,1.79081850669599e-48,1.36803520704657e-39,27590.5389962274,2.49261544162814e-96,4.52216633178858e-46
MMP1,1.79065305308682e-44,7.80829499052772e-11,9.61805822317873e-13,4.96182765486708e-29,9.49988970477499e-21,1.08951031212384e-59,2.21012167583086e-36
SFRP2,1.03858742644069e-24,2.71340402666268e-31,3.53323142542943,0.140216169052002,5896.73646278174,4.59153063427307e-20,3.21000298104075e-25
KIT,3.47351633951487e-26,23661.2393128464,9.02902450127179e-06,3042.25058425234,1.87010238068888e-38,5.50307742663815e-12,220.208605374047
HIGD1A,814.933009364091,5814.0817287193,0.351650666307983,2007.58242941377,8364.16711604514,14221.0925910359,61954.3150155552
ISLR,5.09129983890499e-41,9.88078098622015e-58,1.18327741700645e-44,8.88172524577461e-32,2.3518390015189e-43,2.83530163208885e-58,5.23011353933274e-39
LGALS4,1490.77246028593,2.8724818383399e-38,1.42150923117196e-15,502.176677245271,3.07983484990011e-12,25683.1602411193,1.4312562350025e-27
BACE2,1.03181052162657e-10,15364.6580962241,718.219111482852,2200.87693484437,0.0346404952018423,332.070465795054,21572.9358415338
SLC26A7,3.91577180606509e-75,16930.2379789194,2.74504597461724e-58,7.39939479843473e-43,5.04739870035953e-55,3.65334455703256e-62,22519.1476410149
HMGCS2,3298.28282546799,1645.36090859716,3.34016502579505e-06,2.11055226969134e-23,2.74039435375464e-33,33945.3247568616,10026.0182143532
ANK2,3751.20229057635,2497.6565855348,9.42188895843034e-13,2.49589089209771e-13,1531.82187957516,0.0100624971835679,4.65505254282232e-09
CLDN8,6.11257980573509e-100,3069.2156843815,2.14249175702333e-75,8.76388239732921e-63,2.86619469834377e-64,5.52918822176698e-59,58423.2621740075
SLC7A2,560.086395949777,1350.69732893423,404.462189142734,7.95823766843785e-05,18.4680581478344,8702.03326015528,2.76583346948553e-11
SLC7A7,2338.12394572118,9.93297037150828e-06,1.0226284231619e-21,3792.96674554348,2.17975899838028e-11,4.83744686518958e-15,5.05954244750738e-17
ATP6V1B1,4.36179638492943e-72,18373.2480229125,1.56552797227572e-42,3.59118495597169e-40,7.7816727145478e-45,1.6648498197087e-10,14170.4962016036
DCBLD2,135.193207824,638.184507865899,1.41228561348879e-09,41.7773922547146,12650.9186377537,1.52637599379125e-13,264.558931957729
CXCL9,3.2024172468361e-05,5.61169434467852e-35,0.256498385332289,1.82343535394864e-12,1.47387107542505e-14,4.26801267099065e-22,2.32045483452177e-25
RPL9,553.600582688147,2.74179090932337e-42,41.0406205241351,8952.66382703553,1617.4318564454,1.81257582533274e-52,46555.3983149978
SERPINF1,1.71930024294749e-12,1.62610731014733e-25,1.4467568113662e-22,7.9810126343635e-12,0.299322255975178,12656.2964093495,2.97353833746717e-22
HSPA1B,28.0939550805412,2172.31240197124,7906.33695763927,3066.08228335609,2480.05284441785,1348.02163236724,0.00725974708286315
S100A1,853.93585047827,0.00458319669258781,1.30025861349645e-21,1.05341382860965e-17,45.5238615715668,4.0756986657013e-14,1.20308329723493
ITIH4,3.09126808234354e-28,9.68453585301223e-31,8.18447856422597e-11,0.00292900385741906,6.79454144879748e-14,101142.357644082,1.85913691330748e-16
NDUFB7,355.138934764841,3.11889580731409e-26,334.511033828625,8003.64374477506,3.17151505363753e-07,1.54835975715495e-21,64044.2604524762
TMEM141,522.426737941789,5.27497496570088e-20,597.331696523566,4228.79843446383,1629.98763464823,1.57870868965602e-24,65313.4763811103
MAL,2.85607809173293e-11,14211.8556216065,6.76121835247937e-05,3401.17445375512,1936.94353724292,0.00144007728552051,34854.6581820547
MT1E,2.44428962352681e-24,1.18116662093845e-19,0.000892622621975755,4909.97663604162,2396.67133747681,2659.44734225948,5.45095455295594e-24
SYT13,510.285626015645,8877.67564182651,0.000549164538132449,4.50264125707455,5828.11099600995,10683.8527270717,6553.32940421653
ATF3,4.43858967768544e-05,1873.79679740604,18321.2265300999,5.01117460970964e-07,3656.50859186226,0.00809023929147157,1730.71759924612
PTER,3078.93170363834,8.22202673872412e-05,1.62641162976235e-22,1.41905930621938e-09,1672.58595443729,1591.29763095921,1166.35289749212
KL,6061.26858930632,1399.36366098731,0.00256424366060351,1.74585269549795e-08,7756.41799962223,8.69094659322014e-33,1.92546621827739e-11
DHRS7,925.562544318902,14398.2498527985,2133.43541960022,1059.41575452828,0.258592169630054,10075.9490530529,34364.538535753
SLC22A12,2950.24670707785,3.5949047904099e-45,3375.87915246692,5.38833871395394e-21,7.7846388658416e-48,1.98870126896589e-42,3.13982615165149e-26
ARL4C,9.7609664145183e-06,3.97842256442644e-24,2071.26346356575,117.758003241667,5601.58379141466,2.59981469175326e-15,6.58441896981899e-20
SLC7A5,0.000755032958808396,7.11950443088644e-05,1382.43459518016,1256.56000432615,18096.3739052638,2.54502102223172e-11,1.89496371313069e-22
RCAN2,2753.31665671063,16056.2458947617,2229.66362408536,637.470587846778,5.17322721159352e-27,4491.26102440409,4184.1547423909
SLC16A9,6470.15087926311,2.39102009813566e-27,2001.00304545027,2.40366128018303e-05,1.6309282920479e-20,5.41269012897403e-25,1.90571040196576e-21
SLC6A19,3563.30882898308,7.69671803202292e-41,3274.68178957975,2.30608986143173e-19,2.46542354291991e-42,7.68758317067071e-38,5.61187913578211e-31
NNT,3695.81829869883,18397.5130938643,0.000300914068773715,0.00185197599019065,137.989953603751,6250.18325482033,15543.6751122427
MXRA8,1.01455642570726e-10,1.40361048976509e-31,1.12790954108162e-07,0.000130733292034167,3273.94552349122,7.96688435930594e-30,1.06197156854005e-27
LTBP1,1.20927757593758e-05,8.61428594730731e-11,0.674474980779714,1004.61509905571,2436.55056217698,8.5688349596332e-13,1.93043599202374e-09
ALDH4A1,4496.40439699568,1462.16987904975,7.25293573496713e-23,3.14403817821722e-17,2.10878395687096e-06,3722.67252377779,1743.62534486144
GAS5,0.31594453488914,1.00604419699953e-24,825.599080883139,34711.7750160543,0.000101068209845691,4.49700060954805e-20,8002.67318950105
TRIM2,1122.01502433497,13593.8596878386,16.4612715790707,1.05691416911987e-07,970.05341373584,32.7948544135566,30652.7929326787
PTPLAD1,2427.26068470449,6222.7984726804,2.40564193412535,15.8326195934056,1235.68831009373,981.174202551967,50973.6124420447
COX6C,622.059098109336,3965.48366241143,1366.41849952163,1376.65042626855,13.8627726830649,1.87321358148177e-11,48426.5769617288
CXCL12,3350.27435040891,0.793652323461624,98.3811160849992,20.3756577781805,1.44180562046666e-05,899.879686285778,977.351793516886
ERAP2,1008.07388624391,1.68972004112322e-07,926.177430407211,0.017249258798631,65.0100908277582,5.47825195999951e-11,20.8060743589605
SIK1,0.000383391868202157,2159.92392225746,16208.3786164017,4.13277485619954,8704.69141616781,9611.07297532647,572.005112333456
CGNL1,2795.38389214384,13495.7776394365,0.00223906969357138,2.50415209379135e-13,4.42053393780463,10.6637067100066,0.130805613449099
GDF15,814.616571170933,7069.12115613128,5094.98527284713,4314.21140949705,0.0356917346052557,6742.62868676915,2021.01693038503
FBN1,244.29135869287,782.390380841484,0.392059061068208,2.50763427198677e-05,3.74855248408842,0.0764828920195229,2.14109165182529e-08
MIOX,4301.60315347694,1.01371210981301e-11,73.7849548084079,1.84901931011812e-15,6.19517729081573e-33,8.53474139613205e-26,1293.9785437682
SYNPO2,1.97250269329086e-05,2.40289439839042e-12,0.0396508458963263,1.44771570360492e-13,2.1381948803327,5.0468094338515e-10,8.32180134741022
CD163,0.0328180268962594,3.01676639791594e-06,0.00814489060102275,1.57124941661513e-06,3.42490191129633e-06,5.93109892967848e-09,3.60100023899825e-14
SLC25A39,710.347655975451,8786.12812936261,391.539101122988,11077.0695107879,107.693605542815,6272.53787290027,36866.1013379433
EPHX1,2901.17516952965,358.136428440767,770.657425835755,34.3599966996175,40.527888896912,64632.0733054975,7454.08871371632
COX5A,1023.54537367569,5203.75969813005,1.94805453447127,3905.71208509185,0.0121022484736093,5136.67525716442,49665.007369429
AOX1,4089.53628671519,1.1497751323131e-30,7.14618849045821e-13,5037.66341051531,3.72886460609055e-15,16527.8482828745,1.56906608529609e-26
SDHD,3365.52433311938,4850.17984038113,122.470419417579,6327.61907418574,0.0032696629551878,4963.97918264054,50410.4679464099
GADD45B,2.72313898036306,5758.03919451278,12907.8764084202,1519.38526787782,2.37058143545059e-14,4.19736948578495,5423.52147793649
SLC16A12,6438.44183943427,0.111561657655647,0.00815939067777098,2059.54025064519,3.23756576350313e-15,5.87655824672028e-06,3.22569516174512e-07
ANGPTL2,1394.12457744447,0.00513789954005576,2170.0273778118,1665.12312647115,7.94129090378673e-20,8.46817059862078e-11,8.67634756689858e-18
AQP3,2710.4043697348,0.0377879475829185,1712.63897162206,9.08423339381157,0.107286655687035,0.00249654879428018,0.262761128657608
C5orf62,7.8828041813793e-11,2.13841528624714e-09,5.5577782787053e-06,5929.94092737482,2440.58981184397,4.26030913130087e-19,1.03484593584182e-05
TMEM106C,1750.1666627817,2943.24740074273,0.000183240318266333,5040.76658638637,19.7991133827558,107.281001765622,50222.2766161015
LTBP2,3.36053304822546e-13,837.175979918266,0.0258207527113916,1.1117655746727e-16,8.64514228388766e-08,5.59076884860731e-06,588.640881256792
APOL2,5.93043588493332,1717.60394077353,515.684563705695,0.0127453854916518,6423.00196455253,1273.9667528448,8.63662865446224e-05
HAVCR2,3939.10269071966,5.56557045290279e-08,2.56479268786864e-06,0.00536875150168699,3.83830694661181e-11,3.6344610556896e-21,3.69234130697227e-09
GOT1,4178.35143980089,9490.47645992007,262.248206076988,1287.84149996162,0.00476127545484754,12790.5185581979,31900.2976197416
KCNK3,1996.28973836368,2.76051504334048e-30,6005.1331212539,3.81364352082309,7.54874550443608e-17,2.13655996912814e-10,6.12149081298697e-25
DSP,2544.07395269974,10928.9490210465,0.0351516144587526,0.000492154711453658,8059.99659563905,5834.24425696426,50.1301655571884
GBP1,1656.75843074939,1.26618952526775e-21,3735.24071253946,1.31104464099322e-05,1.20962255230093e-08,3.02422690124532,2.6450431599491e-19
ADAMTS4,4.89639961904846e-11,1.86095315443962e-24,10351.1765974021,0.0242364462689662,1.4126713052877e-13,1.30031233228266e-07,2.83084331473169e-11
CCL5,3.25385124977959e-13,5.85534836019495e-30,0.0198555430472417,1.90697649379557e-08,4.38205452494843e-06,5.47868461977686e-17,5.20673635781641e-17
C20orf199,6.95175631600184,2.60294252803867e-12,0.0238665321799474,31235.3660662188,0.443034882219036,0.214318446267503,9805.78488454938
CCNL2,0.23053201975026,151.086376894137,11545.7032971657,322.968577852634,3949.61376677915,9.10838099565456e-09,1.02804149552226e-18
NET1,4034.32584695758,0.00570048231775756,1188.99954122378,97.3909107114077,2.49856091188518e-05,4.70935816964122e-11,5.23361666939297e-14
C5orf32,2807.45015419319,4585.15211581346,664.995728618075,4213.80235614202,5.86337630838244,4169.42277396705,38959.7684356037
COL12A1,61.650329089278,0.00036131967424394,18.9354858892626,0.00442213255781541,0.000512624645566302,1.98067236259351e-18,1.98759457811382e-12
ABI3BP,2267.40641097294,2.04519997766274e-13,0.029295077373692,159.900465869186,4852.67790499241,1.98099081640821e-34,4.32824671248817e-19
CEBPD,187.120541789726,175.413666294686,9242.17506110846,7505.67005550213,985.30180708112,1.08362974994702e-07,0.00568379925044712
MFGE8,728.299030512072,0.00145676732800553,2333.7542847237,1046.43573433442,6.14903952354216,4.00409592035509e-09,0.598252501420954
IER3,5.38668709100713e-05,1.6624007939504e-11,9844.72231788188,3130.25520011551,3881.79333671521,5.02344913873546e-11,5.53831691106594e-11
PALLD,105.669811945124,4426.43980482989,7.66104144832337,0.00283462283068002,1687.06448976439,2.05714771781866e-05,143.125554686752
CLDN4,3029.47497128636,4392.35132536354,5732.44933443521,4.46924932305938,8751.21615557551,3134.42136933008,7322.3452775087
OBSL1,1139.07646325631,0.00176331756283859,7091.00285046092,84.2045474267968,16461.662045289,0.000251710936792856,1.9966976237511e-08
RDH11,2963.52131349851,10711.1315010337,2231.81312006457,4.43821693946739,212.514745426616,4627.0825952696,18935.5667898243
JUND,48.6320737654889,2930.93855650666,14725.2414994941,2375.8597964982,4019.70115674707,7.40999659262144e-09,1752.04923680247
ALDH1L1,5241.39141721592,5385.66227959573,2388.92309295682,4.20437690651843,5.31316395372543e-24,11984.0149231999,7218.56605967446
NDRG2,1657.7236528638,6548.54469546988,3729.49524469314,321.561930259809,9.76689739045793e-07,14700.2702704498,34790.8562390019
SLC22A5,3147.92481298614,752.316555885774,4105.1004271131,77.2640733666391,0.000297103506365806,1.79371986448787e-13,751.94540823626
SDPR,2475.68033264198,49.4933370393747,8044.21369588295,0.0959485039755195,1.60288707167226e-10,2.04273801156722e-13,1878.1781577958
TNFRSF12A,1211.98854625976,166.996570019285,2251.18162845648,11.0735821761275,9615.5338554239,28.1156421708695,2506.80690700398
SLCO4C1,6490.11368511044,7.89913768929292e-11,4.17606090280327e-07,0.00516839307476162,51.0662040328465,9.02652561832846e-26,2.69501002904192e-16
OSMR,2469.59468750612,6.4246544502447e-09,3.62980792332009,1.19791547194319,4215.11850292617,7.56426648375762e-12,1.07825888206404e-17
PAX8,3023.47711235698,4677.13347839064,5160.58078461476,5.78843935159497,10194.5374353077,7.98724272944491e-13,0.186232310667737
CIT,4139.1013279161,1683.60810507688,2910.90510888551,3.7452174227023e-07,1.45191571824452e-09,6.64076488835583e-21,712.123560061164
MYC,1074.96886302472,3.69869312601726e-17,12920.7422529988,3036.24391768563,0.0702206934004824,2.92518264344795e-13,1.04011694478391e-17
CIB1,495.244422474921,841.536035870794,1654.78163988544,9180.02791049047,1958.85442571081,1422.14253741904,17972.175930025
CALCRL,2533.56496616483,4.09915036160836e-06,367.526012731129,1.5347618549133,2.03973679854324e-08,2.43842186869861e-05,340.419538340958
ANTXR1,224.252663306251,464.997025998296,76.3749521692259,0.513554340611254,77.0573595813029,2.43637622532597e-08,2.26101558290547
TYMP,9.15082525520206,8.45392414852322e-26,2785.68674851371,465.775344576025,3401.86688512533,2710.93322926293,1.5198703994773e-14
TCF4,1479.96173013147,0.000688565392164793,2854.04380752513,0.000196444066871317,1.88135306483242e-11,7.6235580391771e-07,1.41449358357879e-08
FGL2,2837.17094350866,411.816280410348,0.103959123259071,6.58958274071778e-08,0.00311774589602231,2.32204078936923e-08,1965.41871204283
UNC5B,609.737328021285,6.45565270661587e-06,3983.90170207276,2.49006746441695,2163.58502445928,7.38137546895409e-07,3.90469148725171e-05
SPRY1,292.472775785951,0.433694028005918,11343.3298997076,20.4856707035612,6.36148731289097e-13,5.65306392187413e-06,108.595578921585
CXCR7,0.0316468014936786,2.42492077518064e-28,5704.54153541426,3065.40766443475,3.01834993164491e-13,1.21482699264229e-13,6.20171992770631e-15
TCEB2,383.780478056218,1.38031339708659e-16,957.535499173243,7967.69361361923,0.414355030717405,5.23572961414518e-07,32768.9361918874
ITPR3,1642.62571826762,0.0575035469257369,480.537940193265,1682.15658012272,12874.4963348863,2.34395093910485e-06,1.50588473492817e-22
ALPK2,2729.81518599538,1.749562272518e-30,7230.28285476598,400.830328683895,1.36602862123517e-05,4.63737374552664e-23,7.22174987766619e-28
TXN,3043.71074826318,818.648101873483,1277.78885350846,5223.01143983283,0.953441847433068,11581.6813482566,7418.66711500207
SLCO2B1,884.958304129678,0.00927568260780468,0.0296643556197056,5.14395365110921e-07,4.39697193719734e-06,10241.8286641778,8.29138115335553e-06
KCNJ15,5264.9298962467,31.2389098950908,33.9920884306415,3032.20395574204,5.00219810625985,3.04500036829468e-16,2246.55757778917
PPP1R15A,232.157572050654,2599.57259720867,15761.9573349714,5553.12836156944,982.710381916964,7.22261477154677e-09,0.720880993828102
IMPAD1,3438.46152973212,5057.20606436274,1.15368150344838,0.000214382135091398,3194.27846484971,0.00574201259142369,3248.90271654161
MAP1B,321.017275110681,6111.72522605225,672.593100053761,0.00699542275901746,1816.91718349997,4077.34715384658,1692.91622159536
NDUFS5,869.215954850204,1548.44578002208,1625.0945401887,7973.90917571947,324.899540158715,4446.70980172823,13589.7121043772
CSF1R,482.012599459842,0.00104389456172216,1.40290023987003,0.000578553791767432,0.375644092347973,0.00242732696208595,1.77466160834315e-06
MMRN2,1947.00994676985,5.23321328694978e-07,3921.94821007445,0.926782093802212,3.99661348612121e-08,0.00134297370791366,2.24148236034995
FSCN1,0.0100296597393685,1.10257676078826e-07,1754.84464433165,4009.87890295436,3015.88752147877,1.70672927941399e-12,3.92564773299493e-05
TNFAIP2,66.4739587765867,3.39804562543287e-05,8704.78598793012,204.486830987934,4308.9127593202,1.06835673118685e-07,3.13026399079913e-23
HK2,2439.65321619727,3.72898035108687e-15,2557.21974806717,548.721312265582,5772.98972328084,1.55183998548663e-32,3.6168621686904e-20
SPINT1,2809.93099725365,4461.09674626859,0.0230722877256435,1.18893863807763e-06,11320.3087233671,4574.08381135522,5826.45281608537
KIAA1462,1350.87386390611,0.00317198584505617,935.788519057701,0.000230865437696691,145.629861965726,7.53335940965518e-06,0.852804424263566
ABLIM3,3886.53828340442,2.76589576052566e-22,3349.05724041703,334.942523648458,6.859226840658e-08,2532.26628130083,1.19293517836844e-22
HMGN3,1620.37941239909,7.52186567915456e-05,3320.59789142322,3005.7928333512,0.0892363734174494,2.34288481749831e-07,5.96202661745005e-06
PIK3R1,3417.08145754745,870.801050053167,275.174746998363,0.000256505704041071,30.6514406740726,3120.3946020759,3.32715531127568e-07
LTBP3,1131.23300004921,1667.00672086951,4411.67588413819,1468.60565267761,7664.73943072054,4.3060169891989e-05,0.00171603702432487
GLRX,2775.93560157952,1097.27794724356,0.00105543954506512,4562.94174428576,1.62649654604873e-08,0.0345617481412786,8643.22987353855
CD109,2507.8577068799,2.82717068089689e-05,0.14659875154728,176.638976115187,173.895368513875,2.5986181550599e-14,1.01585875998969e-15
CECR1,1389.5107846219,738.157086248942,6.41569857401474,2.51868532910672e-07,9.86509594755267,3376.98900670423,0.0872110523339522
NES,796.361792392772,6.10346995441591e-06,3439.84914649908,0.0157283365584222,0.0084901938691964,0.000499041982815978,0.00771982833604013
NCEH1,3609.66925731947,688.798928242516,0.469945115208283,34.1247539155431,2768.7812792411,2.80726838733351e-05,1740.96721339039
LIMA1,2490.68763002999,10927.1528565099,2720.42172566326,6.9335638717213,488.533972112995,1.09256079402981,11947.9136874399
TMEM106B,3550.73225627913,4285.36560679515,7.25329601017715e-06,3342.48205100253,0.0290039703666639,0.940288582891096,11822.4327836759
CHST15,145.906859262424,1.72021883107094e-10,2747.49669326018,3.08732066584572,48.6994407792615,8.57718866033299e-09,1.39486654178427e-18
SNRPD2,534.651016317407,1.32242652833313e-05,88.540318047506,18617.4401450691,59.832628404489,0.000140355298947812,29042.09796494
P4HA2,2746.09827820264,1.75779819131807e-10,1199.82536480375,3076.61478844232,2553.4393467979,2.01987624257246e-08,0.000537357924867214
DLL4,1.02277760552677,1.62395589332739e-15,7242.60926971274,97.4043963616293,3.64617296791434e-19,1.38791596062123e-13,3.15408892535006e-10
ABCA1,3819.62024505708,1438.61533292021,1434.8056270202,28.6762278193991,0.0435619643147945,0.210527322073256,1.67913047549859e-09
ALDOC,2198.59282375228,4.7260250820872e-29,1606.48670087141,7850.99433330131,1394.81677342399,0.00293834544677406,4.08688050921056e-17
RNASEK,1460.40771321537,6755.44665586623,597.923177961291,12598.2638302663,1.64987512780977,28.7032323971105,15982.5289207405
SEMA6A,4156.39882715182,5.70359852361559e-07,3897.76188842708,6.12249274812165,7.78293092363406,5.10016483752091e-15,5.54923630497987e-14
SPRY4,1024.72881896928,2.44594644763653e-06,7740.17101223272,16.0864405141953,0.000207921294412014,0.000699624123977606,0.0358407158801022
PDXK,2371.51433541577,2245.55042237833,1801.58341718954,234.597695439883,8625.21339745643,14.0199238625683,5321.34369202185
IL6ST,3331.59822628467,1958.61547104296,0.0947664164706702,1.31240665594956e-10,0.28534075761004,1296.00102387873,3.3153964072067e-15
ISCU,1831.85337578206,10071.6300061674,323.887505196366,5984.47281457986,0.311318808655826,4761.12847603223,18223.0317559876
PRNP,3233.68712676099,3318.00538849358,2.16369742491015,1795.53971007173,4709.61172492278,5.30369374925844e-07,3325.00104907517
SNRNP70,439.326837303798,2766.2079688794,11204.9920480005,1183.1156824576,4096.11739869236,1.00206545607821e-07,3.56719922221641e-09
H1F0,2663.16377506576,6096.99248539485,3004.50545041802,2552.91971229344,5544.40109920318,11401.6946630646,699.71350470149
APOL6,3029.51208090665,1263.33022694965,2.63517835644976,2.57362153219929e-06,2.30850888574674,6679.27834123958,0.00042862163163527
ADI1,3535.43114513885,3054.61445021639,0.0961729971341055,2726.23806027866,0.456076540706946,13931.608044852,10191.6995119297
SMPDL3A,4594.433044528,0.00309223313798676,2040.06156072767,3823.60805831684,5.73312406278411e-10,1.31337617401382e-06,1454.07002049172
TMEM49,642.281014776786,1211.52949042489,11022.2979753275,6036.42223134636,6399.26925688072,3755.44193506824,1593.31148511204
WWC1,4948.8488703873,2289.52456577719,15.1132302711566,36.7703940856019,6557.58199467215,3109.41742517883,4.57318468358102
ELTD1,1447.79033527474,9.59560143935389e-07,2872.86337690764,570.480084918365,7.99463551454104e-17,6.05918958934143e-08,784.89734899419
AMOTL2,2966.49741763539,1260.57461072591,746.175465413502,3019.38772333376,2264.04025895803,0.0029157584652778,0.00116063317036737
DNAJB9,4622.73101937222,2407.98524746696,0.00503030610360146,4664.48289769978,0.00037348576538883,3346.37833320445,7293.29873834909
MYO1B,1226.6962955228,15.7082188509095,3879.00705742169,841.057598120994,0.000151838265472638,9338.4119756165,3.77402193530308e-05
NEU1,3361.01389554486,2817.80928957201,0.00289571966246662,9756.52522309335,2487.12043031058,2904.36031543211,8112.12806161727
TXNRD1,2186.41640884125,3201.821782478,0.004701599473895,4349.49727744748,4684.60205740273,5147.77498433077,0.177344835662206
EFNB2,1651.23291394802,0.0156347023950636,3876.36940257986,1.94057003698768,3.10537874983766e-06,1.47720805116269e-09,0.0428874124291226
PDGFD,2707.98466435462,3.21390273254064e-05,2995.50466478898,20.4180716298367,1.95708309879404e-14,5.88652687074604e-14,21.3144380661588
ZBTB38,2616.28934922994,4663.52895560074,334.218322013062,2.12402207690624,8309.68510674195,0.0114648809446148,665.165609424142
DYNLRB1,1508.60113110034,3074.69770182507,1743.76079182586,9204.48911727601,2084.63057052133,2.04356747188898,8825.87786533003
PLOD3,1791.43761408754,144.489139948784,1668.82116701957,3859.3620898272,2692.95253047439,0.0315665023398021,1122.86371583656
DUSP6,1216.48062427982,1019.42047785822,9762.51529768281,1432.46963330844,25.3832999752822,2168.82153280674,1259.83795088007
SLC9A3R2,976.398615718624,1.63123813744092e-11,6017.79563416449,1923.44379617768,1.4938199689188e-08,659.456162419973,1412.48030544841
ATP5H,2260.25166302001,3915.76112701323,108.269305220351,13529.127947559,127.816149780859,5946.98934247064,19922.9440067927
MDH1,4099.77882875258,6697.61331532921,0.00301226880511556,7864.22431460102,790.724157610352,5379.6302325663,14397.0457537598
LIFR,4176.28995018163,3670.49801641517,3510.56032626424,1.73247910117463,2.89367518816984e-07,1.94835453732456e-08,2173.92947369273
CELSR1,3253.45479797598,1.78696677802927e-12,1949.06958077547,138.973225934162,8503.61703593121,1.8970997031891e-14,1.14779284720325e-21
LPCAT3,3661.35104009648,4757.08365248262,0.000755141461358426,0.130743916263633,1201.52313984729,4549.22818282944,6520.02708670732
ARID5B,2801.09856322671,3179.23941034748,4564.79008769188,30.8411886944747,2029.15929806707,6.20795719398523e-18,1.07258886265255e-22
TRIB2,1581.53457156077,1.15995801002714e-08,7990.9020422701,165.841076904014,6623.55699416571,2.82321331728091e-06,3.70931709884565e-09
C2orf18,4172.83150038035,3261.75161138842,0.0336399719408012,0.0015469375615701,18.8096367455092,4143.98932758142,1311.48332932521
H3F3A,1377.29992999264,93.3274991970493,1295.73524094162,10660.7943697344,1807.38146984739,2179.51730477834,8809.11968068239
HLA-DMB,1633.12682342077,0.59609294057421,256.296000657507,66.9044426895673,2.52110424339493e-07,4.107213225799e-05,3394.36333480528
S1PR1,1523.357057356,1.30225951306068e-05,4700.36704607835,61.4959235364071,8.71683749855568e-12,0.000227157275430691,534.627346680251
COPE,1056.98053690308,1981.50990805967,1382.70496450866,7915.49176307516,104.171040021558,148.383027328397,28626.7590414682
ID3,9.07474219003377,42.7533084799112,3361.62937695072,5384.61384084625,1.14265044603163e-12,1.00710037149627e-08,5292.60741166421
VAMP8,2688.79603460753,203.766315568194,4.85562636657307,7484.07239639199,5.50991309125575,6910.08046531886,21986.129771551
TSPAN18,4510.94914421736,2.28510342631383e-17,1601.10145093294,0.0059221094334955,0.0481725416678529,1.27131633256732e-11,2.49460223153252e-13
NOL3,380.133188754184,3.04203665892767e-23,6901.99166628028,7240.55546473036,3.68006405096772e-05,8.03597911009364e-15,5.50071200668129e-23
SLC16A4,6215.52991546215,2.92504058569793e-09,2.66418968361516e-05,25.9942712979808,291.90145436205,1.24425541801257e-12,1.59548090141568e-05
RSL24D1,1645.1693141826,1722.4549998299,28.6118501455143,22341.2121722693,0.0112865849880337,0.0126107111481851,19640.7748466049
RAB11FIP3,3788.97214448892,1362.08966351493,5943.3931556326,95.7835030588669,1950.99924956118,2.47326432402035e-06,9.19833849268076e-07
KCNE3,1162.06021978102,3.61373828484229e-09,6983.3928762278,1378.58461560043,2.76618003172509e-18,1.97591133365555e-12,2.15870104620355e-05
SLC16A1,2523.25902843512,11.1930948116284,1950.61641452715,570.580160914004,3631.60790476295,1.21355224365646e-05,2.94472389200164e-13
PLK2,428.238686713361,1.47204616590987e-07,6430.32161805204,1410.14899365623,129.656782350758,2.40210620389099e-05,8.26195848734963e-15
ERBB2,4665.88411421284,5595.98180195191,1311.07256880547,1721.56956680503,9686.57642675438,3671.30948087282,1143.14153193393
SNHG5,1215.94166594325,1.09491205745729e-07,1031.49536774688,22465.2090956191,0.0909424409742951,2641.82620175154,1.17640503577141e-06
MGST3,2794.35864340295,2.89849439571039e-06,706.03577230615,8412.16109381134,1504.31784535786,0.00181971362426716,30942.8312158598
IFI16,482.501308042033,1.16487887145115e-12,2323.17488647092,3476.31998540315,73.8423504879388,4.18269509137119e-12,1.12198869135113e-18
FUCA1,1896.00186488367,2113.91288857628,58.5583465891648,640.582123313213,2425.25023902545,4128.47290320738,4588.68690621749
KBTBD11,4590.96671486186,4.37558747115141e-07,509.669436082448,1785.12271547936,1.64958956327911e-07,1.20379793119739e-19,5.67786047452016e-20
CHP,2808.91971962116,10802.0813184298,10.5205393062378,5924.71266925565,3282.1914554745,16709.199582234,240.137156833951
C2orf28,1804.24635488426,1039.52800436727,101.207619920301,16089.2520611399,505.312449008412,0.000516291669979391,24658.0400935014
OCIAD2,3675.51855126007,8.19481424783739e-07,0.000156525580004446,4753.61050654591,300.14934763952,7.60813180489351e-05,2719.47714518071
CPT1A,4200.55167336545,9656.68703259419,3176.84698914057,2.33901067096746,5.27226827980018,5853.89510251083,7.74220980041982
SYNE1,3426.03511862304,0.0266748346416156,2782.88254305632,2.32481219200329e-06,2871.55273968089,1.30499453981061e-06,4.94391784450086e-18
TMEM219,1286.86434193492,14.0788289867648,751.465939608089,10984.0338358771,41.2000703032906,0.00649827684793008,21020.3153586154
ARAP1,1821.60006286919,12347.593157399,3353.6398740586,27.2800470214883,9.70024291584562,1.17614931766338,8.2361826313255
ANKRD13A,3004.68817660757,2972.27876601882,2634.85242820722,248.735507649619,2051.9082230689,4.51802968545675e-08,531.831805184435
EIF5B,2410.2200033742,1956.19359311931,283.146591706302,2089.74731262609,4812.36121682634,3.10112643170692e-05,0.000244964276433899
ZMIZ2,1178.78632328343,3351.46293430756,6443.11124513618,90.9456635787834,4782.41358550268,1.43823682414979e-07,0.02765984907789
CAMK2N1,2582.1474230714,5958.77096490656,2788.75467086262,4501.50188243575,4437.13328611915,5415.38487126059,6262.48599931098
RBM47,5528.60847265782,8385.87332953883,1.55176178992812,0.958416690360621,1450.91692935929,6.37578961954902,4509.65071951675
SELT,2260.63289847622,4033.71013636809,3.04450262514102,9080.02808798152,576.227636312182,3027.91440369537,24673.8065859948
TMEM2,1633.00074617747,2714.73869790093,4104.863183583,1.51893103267749,3225.81590923859,0.0391322729592327,268.482683638388
ATP5F1,3896.81413957725,3532.89093223228,13.1368144556362,8334.32568610799,629.233999438479,2962.81122658009,27760.0595993347
LAP3,2167.47745888651,2132.79747647067,421.30244057277,0.0212453836924538,20.4986894425412,3765.41577080321,3012.86130851754
TALDO1,1834.51499567807,2584.94609042641,28.9018254272471,4322.7403849978,3143.80438523556,6345.32431518929,4539.7392990031
CD4,176.778445277949,0.00281770991218104,379.974286761651,0.00839166764860766,0.01519181734451,0.00972551979277151,0.25526528320834
ITPRIP,817.530790059383,7.89162715495365,10377.2454445433,215.534014912292,1.13522577699438e-06,0.0492734638276844,1012.69855529586
GOT2,3067.28534809393,8954.24747273282,3.13264216109863,509.879440007475,2995.10672877521,11374.4136038097,10518.4126705235
C9orf5,4027.13370746207,6213.65215577506,225.595450164345,260.850791380878,5226.62299879198,0.00398434658405777,2973.99021901386
TSPYL1,5309.93956671271,6191.98423429002,243.097349872368,258.835447174463,3472.98692811772,1501.71428853206,3694.62985057109
SORBS3,522.255550562399,0.000387930086395752,3532.56543420627,5444.82599732587,2579.08102755122,7.57936641526584e-07,6.95481673410454e-09
SDHC,4400.59630111186,1168.04057654414,0.341856039667019,786.306569732879,1961.16454670891,5550.94873289585,27755.2609580534
S100A16,695.433766486725,7.13193802098557e-19,2691.10049690795,6262.95841494413,6932.28502319583,0.000385305108048228,6.59807295088972e-05
CHMP2A,1308.23357800596,2559.41231685174,2314.12838076919,8895.99463036812,38.8361452930319,3406.12728876907,4849.31882493929
VEGFB,2130.61549541135,4101.78972767146,1626.57051000793,7336.80227239246,292.545258662073,691.028864481087,14570.6943566421
PGM1,4140.40990992761,2440.62094999378,0.00154479480354094,57.4661018735725,4285.63540834676,11701.0363865949,6158.20479049024
CCPG1,4425.6412294622,4723.57246819748,8.68587021314644,20.362067952425,664.203900351823,3901.07332406108,7374.7952708682
GTF3A,833.903291705699,0.0534990202625572,0.327514304125353,11568.3486228266,5.78568414717109,7.49730628031446e-06,16160.4495763016
ERAP1,2735.50894420827,1484.54722837564,0.0442453697226588,0.225262666269062,1586.93962500384,2736.71001424848,2242.42962954215
MKNK2,1277.2786742548,7951.24632759191,6961.14535545262,538.768268803106,959.559849804765,1.66542689430792e-06,3404.68857676362
MIDN,1140.9498549912,1063.36136292892,11986.1005180946,634.943876368656,3179.47406467885,7.63629785663809e-05,877.920303558688
HYAL2,760.52312713346,213.292790117093,6689.43411732647,3630.34427161083,0.00286007745507032,23.4647206440162,4941.72541065869
MAN2B1,321.768329436174,1599.27524780426,381.24432955687,712.991541437484,1107.40098156126,2516.8023020556,1228.40729800011
TCEA3,3558.66143044257,2.01463937727702e-10,2252.35821060818,9049.90678461111,2.40779012702651e-06,5072.42747368506,3.626344530784e-08
IGF1R,4354.11349841625,3668.71011690811,2113.14793632218,76.1854146914234,4904.66838765628,5.25302047249046e-06,1.23592020961018e-05
PHB,3396.47107224186,4488.57782467451,27.4852188317556,11303.1820031204,3511.70514834031,1901.88847582847,20554.1919445356
FAM38A,1611.3121206883,2.89154978670007e-07,6873.66780595243,68.8726159877044,4943.13345238093,8.97301330510295e-07,1.22571464333625e-19
SORT1,1899.32832556681,3219.53198801933,20.7105042617224,0.000107774542492108,6438.84522125892,2146.15514881552,1152.95739391032
DERL1,2172.45181338223,2083.29803982192,1409.29087644133,3527.01107885648,3039.54157020407,490.191071754286,3058.85209184262
STAT2,135.310743027707,958.468736963656,4378.63194184991,66.0987941679334,3576.36457318236,3378.82833788897,6.25651645186131e-14
PRKDC,3083.13074801109,3115.90457970168,2.43177779179251,1.01688691679238,3881.24663672866,0.204024992971695,1.62768827244367e-05
TMEM140,3517.23023029283,2335.86640328103,16.9864907032186,4483.13407114605,2.14028658879727,935.063324656115,1148.59339567165
HEXB,3577.94233530161,3527.71396975985,4.20333429681807,6847.1205517963,697.509847020008,5761.29200666781,5197.11762084542
ZNF664,4041.40859339564,9893.83200296024,444.061506184394,61.2592710849222,4033.76649951144,5999.50376116739,5285.46073432797
PALM2-AKAP2,1537.05971846884,4408.65271883247,4198.50288189804,22.9569891224165,2.32922159060685e-07,7.70454096690054e-10,2214.34145173194
KCTD3,2741.42678597971,0.743158877012159,3049.9422170323,3273.47345726552,2822.77940588456,2326.03658074799,45.1205234457423
SNRK,2211.14009587529,2375.98686800343,3802.37548007051,0.128071586923799,0.00669730135754895,521.377531334622,998.441976705522
TOMM70A,4519.2563900033,2453.71308560211,0.00660915529243183,3641.81549706871,1108.78233130955,2755.81723608369,2305.71116600339
ARF5,619.24288502469,1018.04130164013,1942.83824054974,11085.5668409066,2012.9322209169,1.00817697789685,17657.7660174192
SDC3,641.023524862076,0.0125824499008126,1151.06087059106,0.163533685796212,2202.03720642572,0.000280599086938379,0.017284312779975
MDM2,2863.1780314026,1406.03155471366,3911.7949327612,1511.82302352582,3927.59903075492,3693.99618308557,217.005138184238
HSD17B4,3593.22468737465,6183.43022652314,5.77025733518426,2.72595908931312,103.123765529465,10694.2856880466,4910.19574505821
SNRPN,2397.13192167732,3713.09996990567,409.586045939801,9262.90460383523,2261.16213981284,0.000441438729209465,20438.4214012965
CYP17A1,1009.21184529206,2400.85671981658,1.85388814132112e-97,2.25471469110039e-58,1.88252079762461e-17,1222.04001533668,1.84562476391277e-13
FOXI1,1.55290117010718e-79,18069.4875895413,2.18656817665045e-42,1.19792809858358e-37,1.96818810964409e-45,1929.19417588765,12315.0771847125
PADI1,2.40703407505617e-49,8.38026082144682e-83,2.11940188140857e-33,1.37810897871523e-38,17222.0300088078,1.78744247479123e-90,6.13174159825086e-42
AKR1B10,420.13000444914,324.706604504115,2.50743980904942e-41,5.18753553866939e-27,888.677398089352,10076.0317589749,2.71881008506473e-30
STAC2,2.64594683836809e-45,6043.72335698946,0.000812927724102963,0.0909490366942928,15614.8157090312,8.97820277790281e-24,131.090087202454
ERP27,4.41375731237997e-48,17836.5231980885,2.00063270001288e-28,5.52532824049002e-48,3.37703203941394e-35,1.20740485230288e-19,0.00608122558994414
SILV,632.693132594112,1409.29391424006,8.86142187401785e-75,1.15482753087061e-36,569.711405536446,550.652056948433,2.40370677409199e-13
SEMA3C,1.0484263644567e-22,12057.1246492233,4.78887153899544e-21,0.875672818427975,2281.37760584827,5.64130238352755e-19,8079.49013009885
HHATL,374.367326721289,1661.2685802136,7.28573491318763e-37,9.59426902838981e-47,1.1915752870278e-54,2762.44551490662,21381.3401175168
CXCL6,1.72402376464453,2.68093971759559e-12,9.00224870850093e-35,1.0609331961012e-35,0.00188337452559286,3.87903751995435,9.02479919618169e-42
FCGBP,2.05040927579433e-09,0.0185590216449737,1.55269521807123e-16,1.40725588312313e-17,6090.13173419099,7.20503205388839e-17,1.89247571867088e-09
COX7A1,1.75220274545333e-07,3.72978169478909e-28,0.129531703189102,1.06777041306209e-09,1.1083140965897e-27,1.22173315098281e-17,59298.2559519554
ITIH2,9.09951191667094e-95,2.16214133581243e-41,6.70715699063189e-120,4.71659401356416e-51,2.42486051857303e-117,90302.5761483863,1.0361682693724e-20
KCNJ1,88.4416734071157,1061.00642244847,1.09183060374506e-28,1.53598405860682e-49,5343.95802615193,2.31358375563996e-08,5541.16751424263
TTR,1.44867558006718e-84,1.68405114511474e-18,1.64890413188314e-55,1.51681214227594e-42,1.20546005343889e-77,88441.7738870602,4325.11586560128
CFTR,3.51450414971157e-69,16700.6574053079,7.87920827555437e-44,3.9889303315719e-31,6.15294456484665e-39,1.91438276626794e-25,4459.54555375928
CPXM2,1.89904122737788,9619.31591303548,8.29279756513495,4.55631445519176e-19,6353.14109823057,9701.5540131904,17039.4651096939
NEFL,1222.90686560956,145.923718247414,3.29603819400809e-25,6.60076308486658e-09,5400.4353527477,2.27327930025259e-35,2.33472938776459
PTHLH,156.863507712993,7.50408245350121e-21,1202.77418570851,30.1443520701679,1068.44470427405,1.45966063156813e-33,2.38578336290363e-25
CADM3,2.14129742101841e-28,2.36191827252325e-20,7.19892457093402e-27,5.67252560459394e-20,938.829158272528,1.70249115533991e-17,4.69027573330049e-44
ST14,328.921955879994,10376.1224809124,4.76301427765856e-13,8.72014623014463e-17,9018.68561131709,6146.41221682716,17715.6951304115
THBS4,1.86928493036903e-34,1.40080605008457e-40,3.32038422129511e-45,1.23852001158396e-37,9.33471140328147e-92,5.44500596895399e-47,5.47688302608689e-10
ITIH1,2.07603897104099e-62,1.78124280733272e-35,8.62397129412389e-112,2.53121989194136e-46,1.95122548692745e-77,84880.7181922954,1.99157492002476e-19
SCIN,601.141776276316,14655.9448909548,0.00189308542125719,8.63260131943051e-05,8753.94805857337,7.13759809563593e-09,7349.83245309152
INPP5J,1.4722208288404e-63,11189.4549580835,3.9434916276898e-35,1.94390685538655e-58,1.87642702043219e-28,2.87633874931401e-24,18631.0422184875
PPP1R1A,4.17265227769112e-33,192.044817645515,2.65276856336062e-45,3.48160110582119e-27,2123.81628266617,5.63156262784151e-10,6.47943751515528e-23
MRC2,8.35120901678592,2.67490347404116e-25,909.718833448994,1664.27726620356,3593.49525234657,2.13470828675385e-21,3.27027179996811e-27
HMGA1,3.02445938758794e-18,564.448359465003,1.98864813752415e-18,901.273301292933,5243.91437584893,2.4244379015932e-08,1793.224814417
COX7A2,792.081416228143,1.69999122281225e-09,4.41505471115878,8077.79417906629,0.015538136272271,0.155836092444331,52768.5839054073
C12orf75,590.116477329672,5293.66861619964,4.39769794408909e-10,6876.11778234876,16.4443091933805,5329.33050446417,39794.6971769169
STEAP3,1.02912874602968e-22,504.136628658407,9.65705464081516e-18,0.333401256155352,4.92162655932596,2511.052951109,3.19411265786093e-19
ARG2,1102.42255615122,4139.71448014712,2216.46418258497,4.32637041731908e-09,0.145982300119515,7.68722275468111e-07,4299.73140021929
RRAD,5.19545259581315e-08,632.769344120515,6142.78498638375,224.822522442272,4219.94334489325,2.61815864380519e-19,1.06627543267454
MOBKL1A,1320.74800421845,16893.5077137697,19.7986438889295,2.56862887620206e-07,2.37011838979564e-15,1.43385018144248e-05,3.56758712004169e-08
MDK,4.23245226908545e-17,1.19222032891572e-10,1.50926208448064e-17,6425.42747890645,5412.35582969621,7.40122717838344e-17,1.86939696920955e-18
FABP3,2400.71133098259,4240.64114332247,3.77600572202644e-13,3.01733171163208e-07,2.06776786205507e-19,14195.8665124171,13560.0733262917
PPARGC1A,1303.85772361899,15302.6205509937,78.7755819391904,2.4871874061801e-06,2.94552892140305,0.00795245033697755,3680.38652712279
FMO1,4552.96898946372,2.28124009024083e-07,8.17946923721937e-11,8.23235707387326e-06,1.75436793364739e-25,7.06943729856422e-08,1.72377525844468e-12
NDUFA11,716.327719152132,9.67721664842706e-20,33.7894313460952,8741.78847652389,0.000195330454571425,2.42693524348967e-08,47164.2443643531
S100A4,1.4143481393022e-05,6.88164968630651e-27,2.29487248378549,6092.52318527569,5034.68800876211,7.99291802346477e-40,8125.37552536489
CLDN1,1238.62046858143,0.0254235023629485,407.857136539898,5312.89316532567,9788.31129531554,7531.26776902768,4.88298237817145e-21
TSKU,2.07157915025849,814.381147348314,8.83130104659234e-24,1.06896371627632e-14,34.5626986427044,13918.1699727749,1.35839528465653e-08
TMEM130,9.83307862925583e-17,2.24970978984193e-35,3.29492970885032e-09,0.000520999997118117,6639.80224727409,1.02911514892073e-24,1.74482943475604e-29
NDUFA2,673.174179122873,8.96465123084629e-25,0.235219772848291,6204.75262423813,1.61039886449773e-08,2.3567605574633e-07,40846.3238177753
F13A1,6.24423051077423e-07,0.158357708239957,0.0634854111330106,3.94257637587234e-09,0.00598790528068656,6.59547810588182e-11,1.57021861737024e-17
RAP1GAP,777.244355831105,14643.822272841,2089.38292433334,1143.42877940889,2.14602272184784e-18,3918.98365517025,5232.1916634663
SLC7A1,596.172035928348,1199.86321185367,3051.03828930437,48.9672828405436,17276.4853592888,0.000897929327029879,3.98425170151571e-10
ANKS1A,628.591817396545,917.682750436793,1340.65673604564,3.06785864749927e-09,16145.4599733702,8.96230271581249e-09,8.07019172354871e-05
SLC5A1,4109.95556536156,6.07159848093167e-40,2019.31437924806,2.43449439425349e-10,3.16084009519621e-32,2.57609450041761e-40,4.5697076926244e-25
CLEC18B,3262.26518268797,3.14955833063372e-34,6698.01063023422,5.58841057789986,6.87209709131383e-26,7.95840077706406e-22,7.46751905045117e-20
CD248,0.000686231146722943,8.73055186554932e-27,2627.8060621435,10.1026083169041,1.87324480594479e-16,1.75997590464159e-13,1.96904408099093e-21
TRIB3,7.57475721216617e-09,610.103751997508,48.2218810420546,9134.20051341923,6.22004570380962,7.08333125197854e-07,0.0240864227490265
MSC,292.845125944046,29.4575327254171,5.3230364200513e-15,1066.45538969807,2722.14052293123,1.18359370219234e-25,1.31733610587743e-23
ATP5J2,546.649204203912,255.123823735063,0.000832604753985114,7424.73426684015,0.37725639404416,0.00389106124637561,40197.301399263
PILRB,17.6755182678566,1257.01329797599,7208.36006478103,6.15992598537867,0.0104262515174476,1.05743098135937e-19,1.18418407577681e-20
STMN3,964.873227993282,2.73322307768801e-22,2313.04506878849,6628.39980443391,685.364791245957,5.82113209544039e-30,2.54143178054071e-19
ST3GAL1,888.402372478306,10563.2956447482,924.35093469507,1.70381908800048e-06,1898.40255769012,3364.14675673589,1313.95490222619
IFI6,516.659008499969,8.46145190140314,3145.65209152111,3946.71679235982,2463.79902757646,135.61070066185,8677.71871950788
GPD1,2483.73201145486,4.09900828289008e-05,9.6110158769665e-23,1.04071126264742e-19,1.7443707547757e-12,2164.54442630598,1799.36598790355
CRIP1,51.537481493515,3.65818393442367e-34,5226.04518900799,8395.00824144787,1795.74979216128,4.19000852322861e-34,4.7660616630833e-24
APOA1BP,1174.52122599565,1.07173000106935e-19,0.0924277197401569,4279.57565927595,67.138820963249,0.000733881497264072,44986.2195803882
SLC22A11,4572.79141957589,4.93251944435429e-31,3923.15378278425,2.88096457192262e-10,1.56404502616976e-30,2.65910663836789e-34,6.53984664762186e-22
ELF3,1961.62610853634,1789.78518718748,752.693636570617,115.297401390972,15285.6930059309,0.216161582340119,254.167632084533
FAM162A,1042.31821697886,2386.8666045005,49.7939436522088,3642.08791931419,33.6174460555553,0.0235467036096969,31354.2966554432
GRAMD4,302.892215740457,674.324817220525,6477.48709024784,1517.21395527352,1742.86032950602,0.720817478168981,5.80520705837641e-06
HIST1H1C,1345.69571976855,6.41452391185091e-12,884.385971532625,3953.76956445996,0.0025372426681579,1762.31308679892,98.7810050013374
NPEPL1,0.01698304020954,646.777388085654,3058.66207017839,1029.66749901371,7191.79963344377,2.33523330915593e-10,0.942029962165769
HLA-DOA,1594.45794472838,1.67629924329872e-22,0.000125886874511283,2.76788352223927e-12,1.22980229770505e-11,7.36393824540723e-14,3.42253941192124e-21
ILVBL,2144.75413936162,0.514730559952447,1391.64648143814,4421.95284866339,837.56835246347,4.91761961967399,43614.4337677927
FAM102A,802.70387254012,11160.0715237401,1554.80785818222,3.0938682804527e-09,1592.39282174531,16.5639051915906,5690.13357817455
CCDC80,9.12937035501337e-19,1855.76602472918,0.000344606099017388,2.67680747732757e-16,1.04604913107978,3.8952833726985e-06,989.760096040011
C1QTNF1,2.73535522062075e-20,1.50132290845442e-25,683.349735255122,412.274141860606,1439.18737558884,6.82270371632439e-13,3.15328135094439e-19
SYTL2,1246.03390479867,3.13936326080148e-10,323.00494065939,4.9981508573461,13349.0245781361,1.48458676604031e-17,4.11424452764756e-14
INHBB,4.62591205401315e-05,1.43882518605021e-25,5315.67601165918,258.084333381267,7.15460930972929e-22,0.0233817719771318,4.1970305858755e-20
NID2,353.517028820608,0.0181697257913206,1540.13255159688,9.02784603231061,5.09487334623307e-15,6.03607120191952e-08,4.00456012440842e-17
TSPAN33,2900.11290342005,4365.51877237763,1.85679295124191e-14,0.00026706380189726,24.9317245291712,6047.18450779958,10508.2540940573
KIF13B,1538.66492232333,13539.3411082181,394.552915907471,8.60058265294895e-07,1860.10239105353,2.55903001144789e-08,2106.83830840808
NDUFB5,1354.60814207294,2429.31961023811,2.55684206293524e-07,12009.5072625387,0.0422532716674775,1285.26853286788,34009.8373692194
ITGB4,0.000486571672866497,7.4827969835691e-15,15.9000381689685,410.773344185655,7762.26579600541,4.29333521113545e-21,8.53374541072976e-20
SNRPB,381.869285815543,1.71198709697479e-11,1861.86045039394,7365.41705369612,2862.18823637031,1.93761162944382e-12,37070.7119308533
UBL5,755.170901149934,185.518317747154,385.248842745305,7800.93798920964,14.120701141199,1609.58679737722,37447.4426670877
UCP2,5.57600760824686e-06,2334.19116615875,84.8573965186615,0.00145850410374219,3436.31008750433,5.77399037452267e-12,1032.94109553938
SCRN1,1517.78887489749,10928.433967932,1.27500499338456,36.6790816508268,5700.5838747011,3683.57363755824,5.92197071381073
CDK2AP2,732.409433940866,653.790612865359,2393.91237829993,1254.15456487243,622.63700595577,0.00448745004026875,2159.58225053175
NDUFB8,1126.15822287578,5.08390872464495e-06,905.30319315666,6123.44104088089,0.479318840191605,0.000176131749164108,36434.1237912627
ALPK3,1426.55187916004,4775.6148519061,781.16220236683,8.10868861293162e-10,6404.20984983814,1.53568117736454e-07,5.67410777177135e-05
ZNF83,152.689934353884,647.755652035548,6283.56109934154,2807.9914670304,4681.68745985029,3.84100623472313e-07,8.34372499303361e-17
NDUFB2,1318.71763967592,1092.34217667514,0.125260236792428,3481.54701113323,98.0794594197732,2226.77428292154,37919.2134678963
ATP5I,627.483156679194,396.240470794147,775.260469469292,4781.13439135509,13.4369074487895,3428.76968860648,32343.8597628887
PON2,1154.86943855119,2.08864250125981,0.848552420154192,4277.68381159931,6768.7953164028,71.4844311258265,2.25863268197579e-06
MAPK8IP3,0.000279760562183002,728.423395445688,7881.65733607188,9.34386908907171,7097.68196546853,4.39049508121784e-15,1.81103310390447e-22
HHLA2,3733.43287883453,1.49202977623585e-35,15.6498789161784,0.082290420781978,1.14116166170286e-09,5.16666118420017e-26,3.33071247571e-20
HEYL,0.919596996579441,3.35963778228901e-10,2127.26297095996,1.93241164765884,19.3502822455667,4.42594141419989e-06,9.54217314953392e-08
SLIT3,0.0138962762006223,5.6530778492605e-09,463.918851658367,3.284401974996e-08,1587.4335321263,2.30380365342327e-11,0.00013513564600834
UBL3,1018.43628664709,10143.3911350481,32.2339601848675,3751.64504417524,280.428391133323,5.63577588080493e-10,13960.6819896064
MAPT,4322.17343911003,0.0229585381641098,5164.09429676294,34.2889725067391,1.51795338528351e-25,5.22926687063973e-26,1.29790813170471e-20
DKK3,52.2695797470221,0.132421342552402,351.470624984733,80.0533985159631,498.907200196327,2.78265510654242e-05,811.090088531143
CBR1,2062.83176296304,1199.19818233664,5.80456997302698,4.89482585208011,2199.74986723778,7081.65335935772,32058.2634935498
APLNR,358.065989886897,4.97405298154163e-09,1111.09943824969,2.58367403675195e-05,8.53926730280063e-07,2002.46589619115,46.1967261566691
BLOC1S1,388.382383933774,3.02532925039989e-16,958.614874373074,4205.75614461037,0.0210120886497307,3.72758739130496e-06,32106.0907048196
ADSSL1,1952.27303512034,7.38614899312758e-30,4685.77530818503,3738.10612944835,4.84703021282544e-18,1.09724191409832e-11,2.70522879891862e-27
LAPTM4B,1853.76005253174,4517.70192377548,40.1331375465424,4770.43146992519,7267.09899411781,0.17560034700376,5393.33053141088
FILIP1L,37.5507419580038,0.000193026068345895,5186.43605834196,0.00011117625137435,37.1010897593187,2.76863346129512e-08,6.11770782915329e-06
ABR,1869.56195744359,6299.14218180995,357.309992718363,0.310600522808711,3014.03030803181,1.48807022317908e-18,6.39458162049914e-11
ELL2,340.044134536905,1134.89610153072,4933.09096542102,272.283992101217,1567.254747577,467.4788225756,236.584922188982
FIS1,1355.61319921982,1025.00036667476,77.5186570587639,12142.7032725372,1.08570039885812,127.385732892903,32051.4772384836
SUCLG1,3041.08544567602,5107.41694261723,0.00933561737537832,5461.63743078534,566.887867595061,36.8003282546692,17783.4925558293
GBA3,5260.88140457267,3.60154192988854e-30,214.193285922257,0.768630064105853,1.00309555826231e-12,2520.79285777969,2.0285896851656e-15
LGR4,3972.46308551705,8813.64478964115,40.0473744852781,612.844036553618,3031.20408686074,3522.17454494613,5010.910559704
SEZ6L2,1863.52971347568,1.25347723482452e-09,1499.44642251814,2632.25466539723,3563.52461071946,5.02873315735041e-12,2.78781693577697e-20
CYS1,3887.87843589407,1534.29843462711,1755.07743314973,1770.98505681654,7705.87736700858,3.25880286413986e-12,817.266329597641
MYH10,1625.2193581312,1985.674390757,0.0736934913220245,4.35701958581417e-14,2980.21066373147,99.5197834484858,0.000389109938789208
RRAGD,3493.69956400848,7546.5673286486,0.116418182633668,2759.17075457964,7.55473364461818e-08,2851.31215958322,6689.99062968999
CLK1,552.580574516525,1277.39720103185,11474.5235335286,3424.14197729697,0.777411943017872,2.04915258012379e-16,9.01973111789364e-15
TFRC,2150.14156222914,3182.23871660629,4311.63604544992,33.1308549700608,2618.39119560622,356.650054228721,4698.72857665889
DGCR5,2118.20998110951,8.75673902748278e-33,3006.69506020424,3589.28803911825,1.13098173543066,1.10982174295368e-38,3.02602144347752e-22
PNMA2,4091.26158767058,6.00594874319598e-31,17.7806232368674,2826.1485071806,1.45240108190505e-10,5.38046874714556e-23,9.26566318325611e-24
OLFML2B,1.6583977077569e-12,8.3924478465466e-27,12.3745874288438,9.27976042234614e-05,4.65697413998312e-12,2.06841034033647e-16,6.24773703643887e-19
SREBF1,1384.26265190121,3514.14646667593,5990.8650033465,1151.27610172199,2521.97298213709,606.977259968602,2177.33461863869
ANK3,4733.02244089071,1650.60530884474,4.91775900124345,1.7335747685436e-07,17.9999989684374,0.010085864084862,0.0238315772927204
ACO1,3873.86973767515,3063.38837344868,0.00163838575515992,0.965511229183635,35.8957117948703,5547.65396954058,6859.10315439935
PTGFRN,1075.19453593185,13.6424840104216,6.44200513821093e-05,0.0367003909257085,5225.51894509268,0.295504747749151,5.5060207188402e-05
CYBRD1,577.922494499171,1843.92760744655,2.77998413513709,571.005852013707,3906.99253033167,6.17282564484162e-08,4718.73962560315
ARRDC2,801.957270204711,2.17127862371789e-05,5086.68535251134,4001.10923981799,211.456247867647,6.56991666748804e-05,2.0650249325264e-11
CTSF,2640.88535731368,984.141999083109,98.5553469827398,4196.87873763245,4031.79600657029,4897.64586104195,7472.7572152006
GPR124,0.023133092971412,4.7963645278502e-09,2614.65761745906,0.0126396737048874,0.000170388518473784,1.26806848130023e-06,1.87877571808177e-08
PTPRC,857.322329882022,2.05303521682174e-10,11.5565277195289,5.68712174072164e-09,3.54412655808023e-10,1.74397616036302e-09,5.73890907665571e-19
PPP1R3C,2007.65521288182,1372.51236958161,2628.61917786242,25.6994230870671,0.12995070785513,0.649827737507554,5.34397382268585e-05
LHFP,0.00161174848299315,1.59781548143786e-15,2001.94904473101,1.32551254143447,0.0053894967336254,2.83825076677339e-12,0.0372118398421273
LUC7L3,475.403507624748,1409.62047426131,9018.040942822,2296.37969742478,3613.28381456013,1.30967584530121e-11,1.16524507720371e-17
TYROBP,0.00069310407604316,1.10188740054514e-11,10.6344650487854,1070.14028784176,2.19443464657711e-05,1.35331309422112e-09,1362.91612924397
CPM,1744.0426216486,1174.08046515344,1421.57164498701,253.456641036572,4024.47926123899,3370.98300407395,0.00435464627836703
DOCK9,1318.83660007189,764.686707497024,3228.14559655675,0.0284167065739212,1199.50009643935,15.2077904238449,8.62408930405898e-06
TWF1,2219.09443193744,5289.42954613308,0.87169707327414,1273.22757188193,2327.6057756422,3781.09322457401,17315.911318814
CLEC14A,779.777927491309,1.41674964856463e-10,3056.53889948041,299.206853637112,2.46297562354437e-12,1.23494187619307e-05,35.6557533387883
PBLD,4563.21910239292,39.6450968387297,444.4343174844,0.20403438231867,1.38267334203447e-11,3739.28688028754,0.0238387865433303
SORBS1,1615.914644706,3137.38323498462,1381.44473062345,2.747174555337,0.693801846940509,543.516415627874,0.167222067499686
CPEB4,3508.16073955274,8784.70756449022,202.678001828208,167.004441724693,1.64567733265291e-09,0.000271591136587984,546.708898683157
ARGLU1,387.532343333938,1260.52458234924,9579.92551633424,425.671313808428,3238.92071640918,2.55568184315092e-12,4.14463962241094e-16
FAM20C,1692.13846490134,0.339737231856557,2327.68452020944,42.0521666633012,2901.23111789239,1.35960282100874,1.17830525591463e-05
COX7A2L,1932.99943551567,4154.69947350212,0.0101244824123011,16437.6297932996,0.0042373501656449,3351.09398970952,14299.7775761839
ROBO4,717.079327636708,0.000294302698882783,5038.78493054386,19.9580827243814,5.17224966744501e-13,0.0629632978642284,236.262926438633
SLC25A1,1450.97708019348,14.4153971240376,1464.03097434246,3819.96706205973,1509.85746512448,3.5605566918747e-11,17394.8318949652
NDUFA5,2945.09083849995,5998.24152760431,22.4205518752687,6818.38605934367,0.308255335104595,0.935992081818844,16090.3629316413
KIAA1147,3424.70850478937,722.776937545133,1475.67468637965,31.6328301593783,830.088053349083,4.4699253433627,1.2426069473913e-09
PSMA7,1295.02726329851,1733.57063090826,346.77763021272,8184.55908293392,1159.15742151894,4191.83078825618,27975.2340189082
AHR,2281.50996874673,490.752680373683,1524.49922637721,39.2675824859481,3277.75390596682,144.491346466394,1138.21402651345
CDH13,1273.81787194523,4.05071810926455e-07,2580.95019225992,18.1341818109483,2.71937692102618e-09,1.15336576586269e-09,0.000153463961794547
AIM1,2330.64375228632,0.00554295356810942,852.715955337335,1525.07609911487,4212.4214781688,3.97906727166148e-12,1.08823858301231e-15
PPP1R15B,3190.26999607082,758.067153244649,7602.52564125328,9.36499637230666,228.274405747466,658.064920492788,1662.39757085686
NME4,311.474604961138,419.626095164934,963.012859588667,6098.82849445258,740.482164185344,0.000104718830075525,8127.10906140836
HRSP12,3569.53936509136,0.0198045759740256,0.825035409222549,352.707313637802,1.22779532469079e-17,13298.8254591677,1562.28237066172
IRF1,812.215391866072,4.45279458740406e-11,3371.17829314117,7.85809926172523,0.489820920301711,1620.97379209354,0.0357813128823163
RNASE4,2912.34661164085,3.17275793985426e-30,1811.6200329532,6987.88758781763,8.81402507139792,3834.86706660155,7.54122342948724e-24
PPP2R3A,3297.16884993177,1899.90971434177,0.00020772598652501,0.00175843524647266,3764.06620783779,5.84169118596623e-05,1455.88073665571
SHANK3,1066.91067380571,5.0925248382652e-05,6994.1737267696,0.0122980795246501,2.92979059148517e-14,4.4657916186247e-10,3.96321102175167e-18
CKAP4,1218.58794723699,1303.98464571899,26.0042889111185,845.473618264399,3570.89818319609,2818.36056289948,3.23810985023837
EVL,0.11324378808222,1021.98452078942,4818.49431850164,137.537358965791,301.754756588324,0.00424538897897169,0.00138916867056988
ATPIF1,1865.32451688709,978.831916064942,2632.44409019152,3721.60257861692,11.0192663796904,1817.22092261466,5830.26470898921
PEPD,4084.06918670868,2194.08689269171,0.00296081909112819,0.0149842693690055,13.3474296528011,2660.23708276681,5467.06040039865
ATP5J,1642.27738872138,32.0042246155586,29.0392738348568,3749.58175578033,74.7143878112694,45.1861779191051,30117.5761329324
EPB41,1842.38697720253,931.213900867447,2.68164208549726,0.496953428034502,202.822758686138,1201.1110767995,0.00737593218320717
EVC,3585.25566969316,1450.04396044466,397.561582948641,6.18578405322919e-06,5293.51539790922,1.22103522321457e-11,1.61044077823725e-17
FXYD5,7.55555613556282e-08,1.8313018631843e-19,1802.75816509067,3056.95045043786,5061.7179540307,6.31826682446769e-16,2.41454941095292e-12
PIK3R3,2120.4586486383,980.446183262358,2682.00850906502,0.194011049885067,2.18387847935853e-05,769.942113995813,1146.3434196124
ELOVL7,3558.27440382835,5471.10348657352,0.0149392938757682,1056.96679552147,69.9244609401731,2883.19020526351,8775.81637695518
CYP27A1,2849.03886048731,1.76376057370403,1680.97370407317,4986.34178517442,2.37162843312503e-12,9823.73278607929,0.00552118898795797
PIM3,594.572267341517,5156.81915828935,7070.535835643,3529.47057416914,506.320617378657,0.00110855466269742,9018.58648822305
FLT4,446.928082363585,0.00401315855553107,5648.41270514617,0.126392404382613,1.70953642015028e-10,3.31964312700532e-09,0.0650050358721793
COQ9,2400.5659149876,6151.77608888221,30.4193847131017,2469.06209804528,418.142832902023,469.178723776083,13169.2133407739
OAF,1992.59412990508,1515.34113957545,219.514848720752,637.910843874996,2851.13121922046,12071.8135287533,8169.99589990201
OST4,898.341285667824,99.8983679844022,369.666925351539,9296.98458770865,843.637120043447,3210.85861017302,15527.3674523911
HSDL2,4304.33452995169,2455.62384685255,8.65627190572372,587.718064396151,0.00554328782082662,196.825713504209,14498.6966292129
DMGDH,4773.93373198541,3.89915721952098e-07,6.50304675678929,449.028670333675,4.87033024833168e-08,2658.69507344948,5.11937913066567e-12
NDUFB4,1517.16918212084,3036.14327660772,402.366486665438,7858.76301865516,7.68418602661595,313.866426736507,16372.2968161255
DLD,3670.08846767901,8563.52581211909,0.00136348596244854,38.6314650347401,1429.32028788952,2304.3229966161,8748.09137022218
CDK5RAP3,508.170481012055,1224.79064724605,6839.13382543401,2190.21992476295,5076.84419775796,3864.90432811891,1.75195811991495e-08
PABPN1,365.899334419436,2922.36968980299,8172.9407771558,2451.41620460427,3139.72381042535,0.000104421165470961,4.7522494308991
RPL18A,449.446956217194,3.08197612627392e-07,99.3664945322337,21521.8108139471,12.9737984258148,0.0686824651007406,10442.0205931623
TRIM22,1588.1038033122,2.51104523479659,3303.30896500689,0.571979837647465,1470.28592766089,1400.26624403603,8.01183936624715e-06
BCL2,3684.63662635822,1668.32800003028,2708.24473898747,1592.14829597663,68.6288913705448,4.50137832253183e-08,22.2892304546328
C11orf59,1699.38265891602,1370.63206514151,265.250219275441,8087.52750602096,0.0533492495517864,2314.36401683029,26494.4444628685
C13orf15,1350.74515307789,0.501496660887102,5029.0315056983,4310.75262069319,3.03326829451992e-17,8.66583734458325e-12,3884.84174664147
CLCN7,1842.95338179172,4267.01088410071,1016.25948083748,11.7192909791585,2375.42376704196,2708.77677111829,2191.59830386731
PMP22,917.780290446366,2.22067336798289e-13,1260.66479767609,8996.23803878792,563.759910071088,8.38046365655166e-17,3.65706766971301e-20
NEK9,1992.60654336258,3135.94824137661,2793.40779886114,166.11609471664,2394.88413607368,0.186108876283841,4.2233082509598e-05
STX16,515.701430248675,1421.66894536953,6819.84221653286,434.288204044144,4463.99447358298,6.0408845376811e-06,1.22865697442581e-12
SH3BP4,1623.11789575956,8122.58001370201,2439.28377496504,2933.70743046812,497.594801936286,404.604444156546,2759.81509127561
BRP44,3070.40914135372,9.6024404306742e-07,2.36622836758497e-06,3637.23562733614,9.55607662157619,2901.69139099793,15362.9101120485
ARSE,2853.83884271089,609.480762068235,0.319291798442003,5317.27318658119,2.18804438811347e-07,1829.96192310356,0.00559254972030323
TIE1,62.8604533131947,3.7170537569126e-07,3981.76445981155,33.1591055259348,2.72242785708577e-11,0.000182361343253547,6.90149797120692
S100A13,859.113535291962,1.14163839068435e-06,44.5271460244733,8923.54939897329,1762.31703947714,2.64517208016437e-14,8261.26797430955
ODC1,3484.80783187676,1095.08328394633,1887.60494791079,6660.6335850149,3787.65268742039,3107.68401169976,1790.20310005848
FGFR1,1288.33342959647,5149.14477101923,2640.58309334622,4714.79522907986,2807.32886814395,4.42215037639807e-12,0.0248345410926457
CDH2,3844.44905603505,1.22982327557809e-20,93.4537793746235,1762.10970485872,1.38481764633761,3314.06156496795,4.1760654826941e-19
CPEB2,2936.4245324161,2512.52845700279,4929.94746622506,0.0764602195856037,103.230850011533,2.17155600520726e-08,17.8269812632163
MEF2C,1200.23984176845,0.00467127998911932,1666.38066903086,1.89302134441226,3.29167790957399e-09,5.53339500279133e-07,0.0130857415614498
APRT,693.598371474657,788.855099439989,215.328432000416,5618.25608278121,443.773013629985,3009.27028460757,18412.9943126284
EXOC3,2403.36420062696,818.614195122996,2492.26248790068,5667.63004446872,20.3503094398596,0.809730306841034,55.379382184517
TMEM14C,1986.69590473517,187.612645915134,9.40092987385866,13182.4355828349,15.6698979103975,0.550553996619245,19495.5076916171
EMX2OS,3927.57593826237,2340.54125149088,2737.37993301642,1.92966957698828,2259.28398534622,0.0747771890979031,1.36902869394422
ATP6V1G1,2076.35729680567,2628.38907949735,1076.08684965887,8869.61967308664,702.578235298321,8.81971376934994e-06,22917.6000776923
CHD3,202.799533963102,2361.9259757846,2472.70295707744,13.136925699809,7612.37474185622,1.99810281236421e-08,1.22215808755839e-09
PSME2,248.300752764986,1771.19854419452,2117.04239630436,3627.17170459398,19.4569939342049,5818.84304015073,5026.45968742485
SLC1A5,1080.20716478127,792.509092848737,1240.30136370634,3673.07166968916,2397.81197181916,3.92010847999637e-06,1682.43650241338
DBI,2254.16022675175,2749.00809710685,0.284134779586809,3183.97004876525,559.835759610334,6403.84494507642,6630.13945879192
SRI,1450.10031993394,2650.06722172054,3.47440572582343,10595.6514487064,1028.80349058155,6.23092017508882,18241.5063057268
LIMCH1,1984.94383728018,6870.38791929753,1503.9256497504,2.30184668946606e-05,3631.50927768435,0.0135332088942871,3013.12491313522
RHOQ,1845.32008094585,3227.15760460216,75.2684601157436,3134.21804585398,1453.40219933336,0.00761078333883474,13201.9083016288
TLN2,4295.50390875183,3.61003471153959,516.688154584671,0.0489012265969524,38.5810624558574,0.0292700118588851,1.70536772194639e-16
TAX1BP3,731.70875940143,566.095648800862,120.64112269138,1168.00222201255,5083.69597700164,5.41278528321789e-05,2108.81485576707
AKAP2,1412.05702820463,4205.19912275425,1742.29641887062,3.5611297691183e-05,3.70949219298782e-07,6.04328839320035e-07,0.0223593834120147
PDE4DIP,1849.87283632878,2572.99536017816,1.33002244664992,0.120652859879567,3352.76938398327,5716.17801841999,8.09599204233661e-07
FNDC3A,3124.38578358186,3484.29790093183,223.831328191052,40.5057051861579,4495.56515962615,2.35991081433339e-07,66.327429071923
HNMT,3440.81571590069,0.00175588054924845,85.5184286959471,7214.1962551638,1.56657179379411e-07,1410.08013268782,736.429765025018
PHLDB2,3351.07505287798,3271.69556901268,1225.64966465363,12.5349557501905,1410.02063121565,2027.57514483077,3319.22772736142
ENDOD1,3195.63146077877,4799.93061990761,362.681748891925,22.3653247227954,3188.87679710664,4082.86280262421,1157.93485796402
BTN3A1,1611.29593331965,1.37872502667698,2589.30517955171,32.5467091110702,6.50607194992156e-05,1919.19500107846,4.91904353464989e-05
PHLDB1,568.881359910331,0.224926300292051,5569.36263331501,354.555531512115,4053.65784567596,4.15397927338754e-11,2.60022385364565e-14
DOCK6,491.825251587967,592.109286336584,5667.10931779364,14.4888247043115,8.66956415771626,0.00186284479451314,0.00265378523947463
NDUFV2,1505.56559080223,2351.98273228613,458.768175632724,8810.23937037562,0.00265284692196821,4587.60257289667,16817.9066214125
DOCK8,3107.99068842513,5050.01963845159,1398.16744394741,3.72377924206935e-05,5.88196662050052e-07,1.11256129104386e-16,0.000308516492778712
NFAT5,1622.24856836199,6876.65265566799,3662.43781407983,0.706634885952724,3944.72564477381,1.03949126172831e-15,1.51040023199926e-06
ATP6V1C1,4128.35694973004,3830.19155859514,2.0468713529355,64.6317420828034,1546.50558907337,0.00246917357998496,1783.20187951597
HIBADH,3627.13021926068,5567.13881536127,0.000182860948343818,4054.2676004736,0.0165289787182557,3793.10453196921,9908.04198655037
PRKAB1,3043.39659954231,3877.98113727997,98.7389709656078,1360.42668303917,592.418096408776,5.13071934139207e-08,13385.0839246205
NSA2,2162.44319208083,1745.73891070911,103.338572212615,14833.1995149817,7.84356099503573,4789.91742908468,2122.52476554043
C19orf10,901.89035805929,667.973872552634,285.896009394654,6418.93530368023,927.454776288402,3236.43870767661,4915.1689864376
SPIRE1,2590.26352286659,6502.08702087762,2041.27378171005,3896.02980160778,0.000356542395897971,7.9788671210534e-09,0.024230474041544
CHSY1,819.903651341339,0.465375237219488,4721.71108102066,14.8442871771932,2623.1472308439,1.66924843407506e-09,6.72080902952256
PCGF5,3329.25749317366,2588.39971175422,7.86392071147808,277.208443902077,1078.06159268158,3813.89653859152,6711.36927692285
SPG20,3509.08764787146,2101.68549707754,550.91142036995,2859.11675853319,202.37184623535,1.07101410220363e-10,1025.022063875
ARHGAP5,3041.96842387377,5065.41097263698,993.093530009484,0.486272419542487,3099.74069240337,1376.84443127586,1557.46992748544
DRAM1,3409.99700563625,695.331509087306,20.1568639875282,2561.15269870663,954.320461993408,4.93940147382998e-08,542.446515345491
INADL,4446.00707709056,2036.48977398721,2634.07063780413,0.467026957249651,1614.63141812462,11.2782647917761,4.70181073736852e-06
PSMA6,1774.76210471957,0.973312897642093,183.815086481028,7193.98300424109,66.5041304808713,3512.95989486092,16655.8962810798
ACADM,4385.23461823125,1887.43164469254,0.275561314082084,342.248439228517,4.7599524535065,2143.78321057205,4675.63148288062
SH3BP5,1335.75486495205,20.7885738397491,3257.90702079811,1940.08609290868,0.03009301300314,2.69775116076286e-05,5.91887278458768e-07
FNBP1L,3512.39406874457,5103.74903978182,1358.1782537755,557.750974308101,2060.44066349425,6.49079140478176e-05,134.050850103502
ZFP106,3215.80789591649,2963.02586329936,0.0838297398202574,0.001767398300698,1257.77750648883,1.15309290150989,4.03611632480129e-08
SPNS2,2688.55391611275,2.08449030101916e-12,2270.30324237476,1166.25956595866,867.045282567131,5.8588897299609e-20,1.34061954394084e-08
GARS,1636.16775355897,4141.88374006741,3.52143229197581,2580.71083701588,2278.58046735585,4134.54654689781,1502.32541074143
SLC2A4RG,1623.84289415785,494.695765026476,3128.41084624636,3627.92432839586,281.728066769075,4.28590548395759,4897.38802433555
JTB,1210.20856106649,5.0996084103678e-06,246.090984914328,6476.27464249517,1556.13615569202,3596.28623785858,20630.6524321937
SCAMP1,2388.57759041774,6471.2959168929,14.1864397604385,1732.42709716413,169.992094881792,9.24481995092936e-05,7874.27278140466
MYO1D,1085.5171954932,3837.52902918528,10.4255536600171,0.167425725767276,4314.87961193717,1831.01596543946,13.1706575205964
ETFB,1975.05878049614,1702.35732242591,1301.62088807239,4492.96458276074,0.14740164954754,2783.87078569322,8479.99266660419
NDUFB10,1134.69449469034,1899.93735723015,543.394532628287,7466.83912133071,10.833861829099,578.58054440966,17011.3409531589
CCNG2,2720.26499188372,4808.21346006384,247.850782399702,2935.81591837271,2620.14645406457,4.92170099268319e-08,8726.46122767873
NIPSNAP1,4397.92212970148,1802.01539426333,6.66740062362813e-06,3662.28255130705,943.487439975644,4779.86913009641,4491.58714142221
TMCC1,2884.62574347801,2.98727258533432e-07,76.9403470164188,2447.15154941365,0.000945254529950936,7.5638163808297e-10,9.63744259387582e-09
VPS28,1077.92566217679,77.8615578062138,1367.17411958724,6600.7609569944,1450.11003709115,1.88108847097388e-05,13746.2863049758
DAB2IP,1648.33136522421,5993.41962398087,3853.40824135632,78.2962217264799,3039.70159830724,5.10259301834982e-07,1514.79724555043
ARHGEF1,10.1561825355653,13.2784484236789,7056.5314828197,528.64481834595,1101.89573642239,3.97580603063124e-07,4.39182953362088e-14
RHOBTB1,3227.77210037384,0.0789126228754331,0.260592172443312,503.214521857133,0.213703174024444,3.28187783953734e-09,2.51057409744992e-14
GSDMD,705.063272930377,4.19005338483573e-07,2665.24862548554,5432.07046941207,1225.69571476427,159.985727247625,3903.91203154841
PARP10,1414.94219693007,202.589686320118,5316.38113090321,866.317692250518,362.197993095453,2361.88454819248,3.12041328494653e-05
GGA2,2936.50222056329,6594.74961962065,1466.91782758626,67.6753853400474,632.887553669555,2492.3842200316,1609.32024518858
SECISBP2L,2649.34375732929,6763.31880913013,176.038012988269,0.00111543427037979,926.394794663646,2.07888155202346e-06,593.313021606117
CD2AP,3151.07600331145,2644.67360123129,33.0888196194859,753.469121629231,3177.36657560982,0.00133280211685397,916.661323031029
NGFRAP1,2150.2270895747,2748.25654561784,264.755366016239,428.052411438632,3786.63888340612,1171.33800861255,4749.18678476383
LMBRD1,3680.14379960235,2066.95857859281,28.5353924470899,6546.9899467471,1497.37171479171,25.719699086029,5309.31093675615
GABARAPL2,1904.10220000937,2652.31483573927,428.95169237639,6244.79997125387,189.159200291928,2.16844711415657,22805.5594931961
SH2B3,870.513184159144,82.8356143948144,3309.63154739197,0.0868287338993163,0.171467334190976,9.70137062815423,0.000536823385489529
RNF13,3156.15801195103,2154.80437632324,102.946683922894,3924.74267627154,53.0720393481649,1950.64580252887,20174.5353004419
FMNL3,449.545086437706,935.735705223106,2604.18479892381,0.00403742587946582,0.000866587303632548,0.039403814083793,0.000625447293281457
TMEM205,1962.68968881918,44.3620222701771,1520.98438928975,7039.738918282,1109.13045148484,6502.79438777106,10678.304830067
HBXIP,2798.65030184515,6.50241381180418,281.189403502809,7222.6050370348,185.469942423107,0.815430348906889,12902.1394112389
RRM2B,2450.77983330333,2741.06152340401,134.869854120491,187.274554694885,2372.49747033759,1.56762608953946e-07,4192.55787945864
PTPN1,1752.19571091597,1889.11195330936,2546.64841093627,11.0323294252204,4555.82460369865,7.30381822864297e-05,0.00293495088661946
CRY2,3303.29462584449,4202.26508661098,3448.37952454141,5.98525583619543,0.00360876597678827,2266.61644374535,5281.87575897049
C22orf9,874.876126758598,894.918155290229,640.880049748101,2538.43527762733,1445.4868757235,2005.14762806055,0.0177356233864599
GRHPR,3246.87325753297,868.211946302383,291.791013980982,6497.54505164955,0.127520953417422,15486.3758713246,9272.0261305802
CBX7,3178.05435155269,2168.56436974772,3674.25578361375,997.758823244436,146.967611543908,0.0343902722900674,784.490132227836
SMG1,2491.48010316644,3077.60691750807,3798.37106566778,0.300738138300877,2517.96328101412,3.55053162367742e-05,3.84113112438546e-15
FBXW5,1447.80255365746,3733.33538153919,2917.88327785833,4661.76489703801,348.008914466924,7839.41164789014,7999.3094168769
KIAA0664,3736.27789019467,3865.12962141578,1597.33288623594,0.799321182471824,3815.02588635816,4086.02179929876,7.59014034093881
WDR6,1592.56843753574,4251.98381711795,5967.97605140313,547.540718137984,6665.20484703568,2529.84914562588,2.00825812528363
SKAP2,3275.16183701937,2591.40041160123,10.9788777947112,1471.65050632904,44.9410881032649,0.00718478229934646,2731.4593071344
CXCL16,1309.36125688656,1.57777140323358,7.00456594796575,0.0489845660922547,4980.52063755018,9.52013918202186e-05,74.1179280861389
LRRC59,2409.87027607592,1607.5218755885,1181.03486704623,2431.38382349865,3944.91617667181,4911.80940683761,203.572473123278
CTSO,3045.74435856863,1030.67825300312,20.2683408777249,1.55479444484129,59.5090011185401,2183.0642210487,647.430014343249
AUP1,1005.79039365769,967.233498125777,3243.15146414462,8545.44879683027,2506.6113233135,4234.97508248498,7628.00531485317
RAB31,599.493528553509,1806.14333988145,215.103768297301,192.606443051388,886.893908090533,0.0134351248840553,254.384495483504
TOMM7,1540.95015898032,1866.06170317209,508.530992788522,14838.1860599006,1.56009477412829,2498.97922792819,5524.33812097294
SREBF2,1781.55755468263,7642.69033129686,1948.34624866486,870.526616781244,3796.8587674667,2669.67226418843,4500.66780660887
BRI3,1775.95742118571,2528.58605672028,105.595821944094,8263.03630070624,16.1236924793708,4948.81441683543,12129.7514350059
WIPF1,1429.57617204536,1248.71259523626,2340.61689871361,2.56723214628942,0.000471706131864768,2.55562167464066e-08,1.16163537848175
HNRNPAB,1512.34500811895,1346.22699283485,2783.46762377697,1834.81993851891,2502.77445853062,3664.88068706512,2165.13441060531
NBN,2675.11697722267,1349.02599739764,0.895278780706117,300.213817096452,2065.61526036103,1.4197469660743e-06,764.99817259862
SNX29,4116.91252424509,2209.35201854471,256.266382424462,0.815722509211048,11.8355666556344,7.31173950942404e-05,4.09926327536415e-05
AFG3L2,3793.68231437235,6174.23092209193,336.189782573315,978.057713562408,89.9358049083159,2129.17689322518,1071.29658018685
ANKIB1,3992.2017213952,1367.58582067458,133.449713104161,54.7913708268596,1320.60883536183,0.0344288891464288,515.940945433869
SLC15A4,1590.840197165,0.000566432897270868,1659.8455931956,6922.84850567511,6.27016797220729,3.49401354705317e-10,4.53994394682983e-08
FOXN3,2350.80295743076,4931.22649991781,1505.24601797479,26.81454719438,2.89264776681795e-06,3302.15802519211,5.82996880808561
BDH2,3017.28133876434,2439.15700582572,1990.14265964369,1057.31252106617,18.6608626943572,3968.97665007873,4312.89184978631
GFPT1,3698.35785031893,2998.21083006621,334.728302403081,84.8351360741075,3066.24345670114,2406.05612762164,285.848815588431
ADIPOR2,1663.74500213995,7901.08541118027,2129.00215292997,1226.61628597884,1075.05013263212,3071.43829855023,2048.15370683317
MYO6,3694.84685112474,4272.76983710149,1874.31877564929,0.220663266921249,3716.97576739687,1195.71220942507,1548.93230104623
ITFG3,1659.14095771791,2388.98812264171,1293.17374506951,1220.511783715,4538.6941746227,1.0218509445109,2698.45715234945
FKBP4,2012.81725509479,4183.60240100211,251.286131355986,5978.79837617836,3750.66622485214,3418.88838250301,6074.35330588673
DAG1,2137.57508455719,4833.3153148457,24.0751124449366,9.08679979408602,6672.73210425118,5184.95175459385,6393.19192476068
PREX1,1033.69132022539,0.0141140886349501,2841.25584166103,0.000923172172962203,0.334810058689254,0.0484626755986783,1.28659532167209
TUBB6,579.722093021037,1.37613142382207e-05,3268.90076214357,3783.31554735794,3673.68342710472,1.37262403083096e-11,15.9086905716446
CDC42BPA,3224.91402315948,1952.85031990357,1634.59030901307,0.0103213241476719,1071.88966182364,2.37189131541457,3.83406343737876e-06
TGFBR1,2121.66034524628,2880.84234378173,27.2085653210718,45.7284083207978,4544.79731330865,2.39732545827563e-06,3865.95461450826
ACIN1,1116.28792734891,2412.63220925769,7418.20528138162,404.02611845642,2918.13737040945,0.00788299267542394,1.893879239716e-12
FAM127A,977.359591115451,3321.71622940331,2958.07761263723,1718.61044490848,4254.96837403789,2160.04097544213,2086.76099303768
BAAT,918.08496224879,2881.77924566144,1.38157783624929e-103,5.13089625395068e-58,2.94092725133871e-17,44295.6892181366,9.26368363711338e-28
ORM1,2.23049807210477e-123,1.49504767814392e-43,1.93874023111719e-129,3.00632990418176e-52,8.54302128487443e-124,235940.743378302,3.65892804495153e-22
APOB,1.51324142412339e-09,5.49707200373117e-32,9.27380601821864e-38,5.08795113759461e-20,2.09138539647438e-15,211220.850682979,2.66764097510115e-20
UQCRQ,1217.10493785469,6.86020622823692e-34,3.85272437815152e-07,2.31593040802694e-05,1.62214900498539e-15,1.265257693871e-06,145612.917834399
FRZB,210.539802670965,1.10067502192349e-29,13955.4872269336,8305.146181612,2.75326884780556e-11,1.17724797914864e-13,2.29074718414191e-14
REG1A,8.84017998972979e-21,3.70434793574756e-37,1.83219800906078e-30,8.37228246079336e-31,7.03581947705294,7.95300281656186e-21,3.33934293273682e-42
AMBP,7.96219329369423e-67,7.6818513412661e-35,2.6942108952432e-90,1.7670207915407e-44,7.09066705308792e-91,227151.192955427,4.73715547947295e-19
HSD11B2,3.31694593343073e-09,34526.1059803455,4866.99571167127,3.92322941601578e-22,3.27989453333983e-24,7.17942593797138e-10,43802.6167116273
ATP6V0D2,1.01363690989075e-79,35319.8095340326,1.78363510209833e-53,2.35616993928198e-32,1.75567251084057e-52,1.63401822993536e-06,68211.833909472
COL5A1,8.15435165489561,2.50159347478806e-27,2.47587828319385,8.47276010522866e-07,2.08523310873769e-19,4.26930377678694e-14,5.32024853239845e-26
REN,3612.48167954274,3.5920485036738e-50,10730.6083090628,0.323387716572315,6.66404795442379e-46,4.43204624838346e-58,8.11078993282795e-22
PLCG2,6.05631684219076e-21,41033.308897069,2.4209495005407e-08,6091.9369896356,5.92037773757409e-41,5.78316948794713e-12,47.5899172992532
HABP2,3746.97559043253,5325.07236439194,5.02506103251448e-30,1.22907477585252e-24,2.64819313506814,8447.62769320315,1.30865945495043e-20
MMP7,3.67094788372625e-20,1.3365366965682e-11,9.6687039025375e-25,7.18597749299243,37133.8852841066,3.98503802130187e-15,2.20649461350815e-16
APOC1,3.26675003557837e-18,1.53553051850142e-17,3.89044828636307e-25,274.850335439796,0.00120803581184993,135322.321378527,2407.49470387466
HBA2,5.02283100633947e-11,0.00175372448849762,17871.3689513759,52.9440921237139,2.18444633153238e-22,1.49471449355566e-08,6159.94990416953
PLTP,1.92890898546143e-19,52.5552598926337,1.10733764573989e-24,1.03270540041901e-20,7485.87478845411,8.86153348997616e-07,2.58280048897408e-23
IGJ,1.09463132538867e-20,5.03629110034579e-28,24.0276494056768,14.6962531541592,5.08923261270266e-11,1.21414189835045e-07,4.05892650713741e-15
CKB,11.1046152587059,21067.1820847727,5370.29403757382,0.0425872993832779,0.0514158406324762,14089.4964152535,68216.5877423314
RBP4,4362.48301514148,1.06914351370674e-31,8.55609767813747e-23,9.01490018491137e-23,292.994493181578,99194.0910958374,5.2325201025083e-16
GOLM1,3189.78594097325,25895.2914485777,66.6160271021999,3.89316898186249e-11,9039.31265301646,2.94795498022289e-11,38433.0363002568
SERPINE2,2873.07271581632,0.00133141598917122,1.78687497189499,2.47607226164302,6182.08727728136,8.41035710886307e-13,5.47847867824568e-14
PGF,2.87424331979236e-20,5.27786647721593e-37,8462.24278301997,4910.83860781571,7.13131534293571e-21,1.19796945268412e-14,5.15622643371325e-28
ATP6V1A,4289.83263905832,40363.9023597273,0.23464799619417,569.124992726076,1.58080256472883e-06,2470.17972173634,29870.9451031365
LUM,9.09543218321668e-08,5.65190986937259e-19,2.97866139323658e-20,8.35163277608251e-10,1.00414955686017e-12,4.36452631053228e-12,7.32374040036422e-11
SLC6A3,4479.36101394493,1.33518532436892e-38,25343.2638862099,3108.74544264948,2.10189059519536e-28,1.3001769145704e-40,1.19550251793342e-34
ATP6V0B,588.924091650239,2.36382532382864e-05,193.66921613928,6954.59368807915,0.0271944296429315,5.55288967518523e-10,124328.033687365
FKBP5,2204.32995763444,1983.75469924924,6919.166712603,5817.05331359795,4.16764938649212e-08,0.000944141452275037,1.79907961195652e-07
LGMN,5062.11721029719,13130.8074888759,82.3607972577924,0.00291808369107021,1.18616630541289e-07,23.6826922753361,27910.3085150724
ACSM2A,11791.9463447159,343.594090853235,0.0102069388432795,5.57280530216641e-12,4.34505308442447e-20,6507.60895169988,1.03930742607214e-14
LOXL2,1.39297068783582e-08,1.30922091288781e-26,4200.53778786345,2973.17113294143,7416.64092871795,1.81881620325742e-13,1.22831128238078e-22
SEPHS2,7239.47738370403,5767.38596069067,3.80114364735265e-12,7.99672280611647e-05,2.16309799277923e-06,22598.2926331911,5356.95003801835
TSPAN1,5117.35697098756,2.46986231443526e-10,1.59793041362854e-23,4.70882327156885e-09,17573.2767812775,5.82377858374533e-12,5200.37744762825
UGT1A9,10953.0892616874,6.31922585651547e-09,1.00922845337343e-08,0.00825618438929759,2.20686831366808e-24,122.855738975764,7.0735164591242e-16
UGT2B7,9128.46554022389,4.19907729911534e-33,0.000270937017434942,9473.83260035025,1.28424837551921e-08,24662.6743433007,4.84579229551705e-18
RPSA,0.806543591749751,2.1400352493193e-05,3.87137076320177e-05,44510.5325313742,2679.36870400342,6717.92941348398,88204.03059479
LITAF,1844.10419252169,28264.940852397,0.0415715253087218,23402.0114120848,7.55338595974095,9827.04623186257,790.35345090369
CTGF,7.65920386897438e-05,1053.96469826347,7904.2923250241,1627.58756947636,42.440295433724,8.04003528479621e-07,14.3264111993539
THBS2,2.82779681070672e-14,2.93551089106863e-18,2.49203046978625e-08,1.68945699319527e-09,1.42071121095672,5.4689116875721e-17,8.45347253803377e-07
DPP4,11201.9393882495,8.6645672920302e-08,340.31738287798,5.61283429184874e-05,14438.2119397251,0.000103203738432311,2.91873797292703e-15
QSOX1,114.168328544002,5.52150761833242,1.42084270342664,474.758634035674,26512.6313699134,2.7974049615549e-09,24011.2906180459
HLA-DQA1,2441.35827587618,5.20815431093929e-27,0.369577440725456,7.15397195687321e-05,5.22129795473511e-16,0.000731066718111697,3.61300117198092e-11
DSG2,4411.36087217135,28480.6624314238,171.140857205441,6621.04841413611,1161.11930950415,9.38589067320555e-05,18272.3364639709
CSTB,960.106937383395,2717.01898459045,2337.19068049721,36.6033706215046,2677.6238631506,0.21996894446061,9236.56403071906
JUNB,0.292436458753381,12.8441701063587,36808.5378880184,3945.4260762072,4.52270107564433e-07,7.18552788962768e-09,199.273239520483
ACAT1,7638.86315887942,26935.6235025455,1009.04879784119,391.266209400372,1.28404873117654e-16,19511.1550754916,20604.0768561755
IFI30,5.35870795941682,4683.35517196422,1.84365183559544e-08,0.00760370697606084,0.664198151183397,4247.64449615447,9103.89894540291
RBP5,7290.40743467161,4.87478054096218e-29,1.3400818864036e-06,0.0075826935437047,6.80901269214139e-09,7099.6060545148,4.95169222336064e-08
C1QA,5.04367035315467e-06,3.78578179871793e-22,17.1059650067002,120.612920132624,0.000230347178765806,1.85503724811886e-08,0.247759028477877
COX7C,3783.73098655365,8542.74293091488,51.9102409205627,21425.5150270517,2.97546636155261,11570.8391342937,80865.24597801
HLA-DRB5,2522.59177095264,3.24292642819532e-23,33.5703643978624,6.63936910072478e-08,1.53046011862538e-13,3112.84804698324,0.0190618511456881
CDHR5,7628.70631608383,4.04535318823558e-37,3082.21659994367,21.8994177843455,1.69797922618496e-07,8.97019658160397e-08,3.7034419733263e-25
SLC22A2,13051.9279293354,8.47839022241692e-30,0.0861745505767565,0.00610395941538213,1.12614471543754e-11,1.06720317664982e-31,3.28603631255597e-13
SLC4A4,11925.6889600479,1507.70823070583,3.41699191359355e-12,8.75962674267897e-06,216.89103808883,2.87142214322451e-09,4.80175636897026e-11
C7orf68,3570.79988884025,2.0299092871553e-31,12978.2524510713,14422.4927569296,218.945561051125,9.85805571975164e-19,3.13833195169883e-26
ITGB8,7172.98391598953,0.0151338872689358,2.49553762285191e-14,0.000127774916575553,21937.3501400916,1.90968049084325e-11,0.00498503806232778
SERINC2,763.410046903677,2551.38060146031,4.53128108307339,2301.02878541084,22.3237373259302,2545.4547362715,2221.33481239424
PDIA4,3942.89209890214,1728.43722625242,0.0445868838544916,3698.76909120826,5518.98668933449,13482.0112675803,105.830852671276
BBOX1,10493.9223841244,2.11772323909263e-35,2.17109064982807e-05,2817.09246440589,4.02546145242773e-29,2.1000805552887e-24,262.240174843789
BCAM,849.254906600903,4295.80174605499,9589.88990493003,4007.05102092696,27955.2370727294,0.154179801933992,6733.02965477203
C1QC,0.0208927798110893,8.07932786111392e-18,0.0283969415753181,6.87020658030803,0.00496059368811012,2.01286111584733e-05,0.178890472991466
CDH6,7155.87950427463,7.33706811882576e-26,5.07916182494387e-08,5.22592197368699e-07,7029.33184954722,2.69348955130356e-17,3.60656974770127e-17
ZFAND5,4721.90904208073,11780.7059692012,16258.1618870952,7441.08333474724,7921.85940181328,0.219993509633682,4469.59296909495
ACAD11,12051.0127178763,1.901083171062e-24,7830.86615898257,150.475946506374,5.35449403026489e-19,3.73878284677918e-05,1.37639441651801e-19
MYADM,1900.74482445418,9.86234915006347e-16,23543.2685370534,5.9364900557787,7575.79616827396,3.67290661396622e-10,1.54654449574751e-08
EDNRB,4372.42690029381,2.94891357517068e-06,8150.92461888219,0.0495890053937286,2.53781048014848e-16,2.77284486186673e-31,10969.5279030022
ITGA5,3.89983211054388e-06,1.52093262484185e-14,8088.07083130481,937.869657938602,0.502393245828479,0.000378855656800729,1.52474196985164e-12
ENO2,728.217030034092,1.57504017318795e-18,9228.05065640526,13358.1534152469,14788.0688165693,9.93398432760749e-20,5.76698112835e-28
STC1,56.9397788403192,9.90132841532693e-21,16448.0993342661,174.093502161923,2383.23646604025,2.90402359998725e-21,2.74486340029579e-19
ADM,1179.09208681958,4.14648771044407,22183.4731604991,19435.1142653467,4.69246706184349e-07,2.81946950042507e-12,1.24661390221966e-05
SH3BGRL3,1.41378906741432e-05,0.019530108975687,2004.62286608455,3511.45972147013,5480.82121024128,1.39250497909264e-11,2712.01583247197
GPX4,3519.72003475077,1846.15192222859,341.644184509582,17534.9409819994,6.66535302047692e-05,0.770435427241852,51180.3254232906
LAMA5,855.417900873129,2731.48272734065,19507.1764485918,2001.58949902463,14646.1118804921,0.00117841950059951,9.45212137926029e-08
ITGA6,7349.16150760393,21137.4106689402,2649.33652574462,2.43988186085592,2.36893716369738e-10,1.02753662761671e-09,1113.77478130188
ASPH,6389.67946585512,2109.36267184791,0.73549161380661,1452.60784501362,11194.2211242945,0.0217249856013798,6730.36494246903
LIPA,5173.37252871218,3510.98532684518,0.0781408103894164,64.3010273396075,0.0119196882249996,0.0063550712633737,4333.63504517639
B4GALT1,3664.64281509398,3704.79822914653,264.496830400771,28.4354278381156,13424.0827048442,9.38315106133612e-05,987.581935096819
RPS15,1.40986969723298,0.00206868349116793,3405.08938668737,39161.0805254084,3.29504749930934,7.98421726686566e-10,30821.0265838979
CTSA,4643.3591908386,10245.1120337067,0.00779718194317017,2.11769183225938,5901.11423140429,13845.2883396689,12272.2669340441
CD34,2604.80534670664,2.8812273675579e-08,8984.57851607379,273.299042029142,6.9908347018542e-09,4.91912509533098,9.02872483215618
CDKN1A,2257.81711309282,2326.72383577852,22743.8264666031,2757.40506835371,9327.49793303869,4803.02390486667,10125.3219485876
TCN2,9293.82003456942,2.45938481958573e-10,17.8229498282395,723.145642795551,0.0575070067706857,1.50603796703668e-07,0.304345961900057
SLC40A1,7040.08650791148,4284.26472976335,0.00477610696133577,114.81061337261,1.32747023602416e-06,9740.86148961727,7368.42528667554
MYLK,3375.56274771327,8.14339029547772,38.4226895521683,5.15400502561357,7682.78900293906,70.9160692824555,491.827270165067
CXCR4,0.000494454815131412,1.51995671666288e-24,9174.69379584858,11537.1998284612,0.000613057624583129,4.17331316278777e-15,3.750916412792e-22
PFKFB3,3557.00912032292,2.11257897156675e-10,17188.7265926205,130.443210987305,7957.70960239011,1.18897084194778e-15,7.71510004059142e-17
CSRP1,17.3537464661934,134.42457719387,133.987516161878,13.0867177157362,5724.01743024859,5834.42822563039,19224.2169065341
PLXND1,448.318403675792,0.000249520452124732,10152.6756931283,2.42593004450076,0.300445865517092,4.95864731144311e-06,7.75698311274845e-06
NPC2,2211.1161630808,7483.12524973435,1306.51331137821,9347.26222980668,1.50241926890641,3686.26571206475,54688.2778308005
PRSS23,2413.11387820064,743.90721794908,3415.33226224829,7850.01204293797,0.0276387255825182,220.688680946671,3325.77622880705
CSDA,1360.1233107482,117.41151382702,6211.03173200445,26198.5041750615,7217.93019074856,9.47444667317504e-11,0.0143614367226996
RASSF4,2865.22640474628,2.62903528274526e-10,9360.83131289599,61.7204991502603,80.31782936558,5.18593736469408e-11,2.95629066158881e-12
ACO2,10968.2796496243,16495.1523027136,190.386453869996,71.6982227282608,46.8032947356488,8835.23388186403,13465.6824826079
GLS,10365.6586033485,5906.11987536747,17.6182761162746,1466.06402915916,9722.05715706938,1.00997618681915e-09,0.00231163691176253
ERBB3,9730.15931807176,5.81075143427941e-10,0.0393388384972716,32.6858815596469,0.611090687741355,2929.05329344664,9.8696808049642e-07
OGDH,9403.42683494887,18897.9190229809,62.8062410053145,0.992410567338232,1252.42481355981,5374.7058006422,13465.5056634863
IFITM2,0.000314223740130185,1.37048133726926e-14,6287.72563868475,12942.9492988889,1484.30227322327,2789.75420604168,4.03583061641847e-05
EIF5A,2285.11796690261,2008.54956527938,4327.42941301507,18015.877108727,7701.00056746424,8.26297742220709e-05,13270.5839137169
RPS29,2086.52992629728,0.00160681122237637,1172.73609457186,34037.1609088895,2.60455437479621,7100.79871725408,52140.5746963543
SDHA,6248.36722551629,16622.900878887,1363.05935819631,8316.06167313969,6151.09931865166,11218.7495936084,11005.4535352608
C8G,5.97167755039147e-18,1.15007762662746e-06,8.82922505659821e-35,1.35000568329573e-18,2.89274645875348e-29,4941.75317936768,0.040145007197618
SIX2,1.18738618570871e-35,1.00068615735514e-53,3.91879225660563e-50,1.94722718297287e-34,2.89630317420696e-47,2.44005196973396e-37,3.95027144044166e-49
GATA4,5.52899028439903e-60,4.63433261945442e-36,2.94139908064664e-30,8.03461953357157e-08,7.97299118148812e-25,652.147485462377,1.18990221586464e-36
HFE2,22.7027290138135,0.0248322604718535,2.52645658659972e-57,5.14791894062201e-30,4.47901232151635e-47,4202.92592813941,5.60905950753124e-11
RASGRF1,23.8195601057678,82.2939591968279,0.00100054366857224,1.58509868895979e-25,124.62160824284,6.79363546175312e-30,6.11293810447931e-19
BNC1,30.900220513742,258.944810255795,4.52303353721264e-29,5.25895532313938e-21,102.480719750091,248.037778714623,4.15594252667577e-18
HOXB13,6.33520718096288e-10,3.55705440555774,2.13458138352107e-20,0.0647792945265198,246.168840384073,0.000861561989499703,2.47428621960789e-26
CHRM1,9.25786245463031e-48,444.398041006006,5.16562722169731e-31,9.40709116971009e-67,1.2630732537287e-31,1.59639380429106e-05,149.47026998078
RIMBP2,31.7839457734141,116.516451010714,9.66776450224161e-35,1.60355421495917e-28,136.12111187961,7.75137498942869e-20,3.53090175416414e-14
NPHS2,11.9142918789535,56.0392050586858,3.15652530919892e-18,1.02059994228313e-24,295.36083160354,1.58506428622098e-26,1.07590526753704e-19
GRHL2,1.4491680716722e-45,648.684204732659,4.17134372828116e-13,4.41422316494268e-35,583.969809453675,4.51772941158451e-26,378.149733558963
ECEL1,5.20598412475801e-46,3.60262550036522e-46,1.60159291951999e-22,9.02063583238555e-36,891.196977218005,7.07638403757077e-64,1.67742338550891e-40
FAM3B,1.19025242670316e-31,720.373404590218,1.43827031303228e-26,8.44794601274057e-16,278.167825445416,2.81884889165342e-82,21.8769231829977
TCL1A,1.30758072803486e-55,9.32906850250909e-21,125.279200303267,1.12740730001328e-23,6.36001609990662e-28,1.32495146276337e-47,6.86823708094149e-38
APOF,5.36584755572825e-115,9.50367721143587e-40,2.35466560108349e-121,1.90445417049125e-53,8.93866817440104e-127,4962.87019287673,6.66331433783885e-21
CRYBB3,10.8684955233885,5.37248622044811e-66,3.27212604636283e-36,1.96577564282397e-08,3.92833574078237e-37,3.38139258152352e-66,170.849527896361
GPRC6A,1.22936487189742e-81,376.048444385164,1.09373211514605e-46,2.50208799886376e-56,4.56371190326583e-40,4.79050242512642e-67,2131.49600712655
FUT9,1.20054854404187e-27,514.438845697323,8.81220342118781e-23,241.673517567319,3.37715862439716e-62,2.99857740420492e-82,9.40509243733685e-30
CNDP1,63.1108554281656,27.479305673885,6.25444186260624e-25,1.01152907100167e-20,0.00712587847026435,2882.07829943693,7.49457006329318e-18
CCDC78,6.25861459959564e-24,221.468230482019,78.5440865496918,1.04376693144045e-08,152.342577601373,1.70026529904548e-44,205.992667660932
MYO3B,5.17781325047454e-24,264.215054005629,9.42336876173141e-06,1.59521067652311e-26,941.426769087739,5.08144403751479e-08,0.000273087197273861
DPYSL5,8.0875104287173e-36,0.0854564377303065,3.19795874514144e-38,139.675041071925,260.590900242217,8.2575233234431e-65,1.31225769706649e-42
BCO2,1.67460586247859e-13,639.476204982346,57.5070938694849,42.1589383857604,150.250159176196,477.067327728654,41.9279285233857
SLC9A4,1.79500865174584e-47,620.393472710358,4.14217080744332e-42,4.51167249832684e-48,3.6190922187484e-31,3.66200724628875e-57,138.428097188502
LAMB4,1.83235358191487e-18,605.754638327209,35.100416240647,4.88425362554409e-23,1.93532596538394e-16,1.19588365158223e-65,112.728381374824
OLIG2,0.27798172342839,8.44024295257612e-10,167.718370457483,118.472230440347,2.28404371786919e-30,4.29838371776149e-42,7.61581710020217e-40
PI15,2.18726261541944e-22,26.7521108965238,38.807408251695,9.95923853398386,260.686062836455,6.47549532853088e-22,1.24807307457318e-06
PCDHGA5,49.7104972412082,3.83692640398432e-12,1.85712267977149,1.61395997615115e-14,2.87348254934263e-12,47.0909336575601,4.77986300592021e-21
NEURL,2.9030679210196e-18,706.603280678815,0.0250660341324877,80.5129411560516,8.83699182469813e-24,0.000495207547361622,675.30508586451
GPR109A,2.80799848819924e-26,303.102285038971,5.83296959536568e-17,0.144965143163767,5.73488983054707e-09,16.1437984947075,3.14845890671014e-09
SRCRB4D,11.283181622764,110.39743810062,5.7890943403259e-18,147.761259874242,251.987449380631,1016.8537202193,222.063849541885
CEL,8.13773632082564e-22,495.653728219444,19.6636298621646,1.22937974388248e-21,1.45160211774565e-10,710.758076131224,791.102097942533
C20orf56,8.48416446118746e-60,1.7848660443797e-34,5.81926243154882e-66,8.47850280496722e-38,6.37125867576237e-87,4752.81904273706,4.04391962278545e-20
ST6GALNAC5,1.65102053683368e-24,1.84944686550079e-05,6.57832859728935e-55,3.51382328047353e-33,3.11070467312164e-16,2.86379126490012e-52,2.9951268939141e-30
FXYD4,1.47901370760465e-28,581.73608613782,1.38064989322766e-30,2.65027403069036e-40,2.15888827304595e-25,715.445290297054,0.00078003197080045
CYP11A1,7.15481488339106e-22,640.37683695957,1.33718584383836e-24,7.89970212030455e-13,9.51647439240432e-21,473.917608751007,1164.08817955977
D4S234E,18.1274067758147,0.126036052919863,5.20106309907662e-27,9.96632948220346e-19,165.212154387507,6.31270084204047e-13,2.43222014543021e-17
PHACTR3,1.96010108242885e-12,16.6719536456385,12.0120178592407,232.378339326949,249.363627973984,152.447720127924,5.12227458844277e-30
VGF,1.60618009491932e-44,3.14616751357764e-29,2.46491012379061e-30,0.141806168221845,2.0983595371272e-10,9.01552903053488e-64,6.86489172259355e-44
ETV4,1.76477323085996e-42,180.453299449859,1.0912749112077e-32,0.244537576221683,362.142811680073,1.05033635134612e-22,83.1242196730897
C6orf168,44.1521848610809,346.639232368464,2.32454660383602e-46,1.8489984014557e-22,147.82112335997,142.418949120091,141.067125588786
PITX1,6.0554704489711e-15,6.01763043816932e-20,6.80561863476448e-37,6.44571733308996e-17,203.62823215574,1.70816801401469e-33,398.205958538651
POU4F1,8.20899666962039e-39,9.58466315622979e-62,228.040620440261,19.5629488406255,4.85152382093617e-42,3.175591279254e-25,4.56276756513688e-42
ST8SIA3,3.71061788503621e-105,7.12343677396354e-32,60.1777973149439,101.82250514802,1.06217233816785e-14,55.8110378524048,2.43541468989419e-91
TRPM8,2.37016576294313e-33,1.82887543834753e-37,1.32443545787036e-53,1.1086152997779e-31,309.55150221421,282.71857024992,9.88485443964834e-23
PTK6,27.7871538232953,2.41026961217812e-11,0.00158320090690694,5.68109177199327e-13,181.9368211577,1.54516926315062,5.6645605387699e-31
SLC17A7,5.0679470783231e-16,4.54129540924596e-29,5.69805089224422e-07,4.98681684625341e-24,215.752964269828,7.79756753734821e-27,9.50169966764911e-20
ITGAD,37.0984380786719,63.0859863295711,0.0602352596595172,7.37980447684413e-19,2.01717708723458e-16,3.12492863403981e-10,7.95622302643775e-08
C1orf168,7.59770629972245e-07,886.10036405283,18.4532332715757,77.9011311524168,7.14458385081627e-29,52.4643915075936,354.956978882575
TJP3,5.99692012280541e-08,701.791028491543,1.31408405686661e-14,1.66273859726436e-19,305.40317558431,359.666000509186,816.79298565112
LOC255167,1.14556220885723e-09,191.116145545941,5.70506027098333e-18,70.7942558700181,5.85565281742414e-25,4309.20740112196,7.27723926078509e-06
SLC5A2,75.3214618903148,50.5457809890528,2.19226350854719e-19,1.85639598023522e-27,84.1489922383143,1.2601008796803e-27,2.88476057846618e-22
C11orf41,8.77766425056162,87.3340946955553,6.68627534990714e-17,0.000117527943840435,1.19899797889603e-10,1.08379263037796e-13,94.0371393043334
MOG,1.34349107319085e-84,222.256307900252,2.45970663341848e-50,3.81687880220301e-66,1.35396250176159e-49,3.93768472323535e-84,1964.86762579591
BEST4,1.76770779694667e-26,5.47875344690822e-35,119.138773186795,301.174197532836,4.92822298378644e-18,5.4314103532157e-13,1.50443632128113e-35
LPAR3,1.53974239428907e-99,1.57096514606514e-54,1.02610101366753e-47,3.83250353094144e-36,1.07458128430029e-49,1.31903103311826e-80,1.07461575629984e-71
LUZP2,39.7217355318726,48.78536782384,2.44850330504749e-27,2.46202203680917e-28,1.43439240178444e-12,2.29970700271349e-43,6.52386583413669e-12
ASB5,7.42117935781788e-45,758.393837483907,1.31937837071098e-32,3.79698515413015e-37,2.41728138796364e-42,205.243799242185,56.6643366343177
AURKB,1.22970723798229e-19,8.21410643817577e-09,7.57618043366041e-18,200.111994165353,364.690045075088,5.29811642954389,2.85738902293895e-28
ELAVL2,2.15751678347901e-16,610.332535402741,41.9257302637544,3.7154584607488e-24,1.06747805448882e-31,7.16157892031285e-76,970.515950609626
AICDA,1.85445970869851e-15,7.50411589687162e-32,2.98191211621793e-14,113.257725882593,122.743248290762,2.2381761570946e-28,3.63805970359055e-28
ADRB1,9.85873600130368e-54,680.681790214461,8.36026832728464e-46,139.866945099295,6.23452214267128e-64,7.03047360273585e-60,0.0485913730161705
UGT2A1,29.3212164785571,2.5686024217488e-39,9.01667974868291e-36,3.32565637496674e-09,1.71641724294059e-55,68.960212626943,54.5297506431873
CELSR3,0.233100228001964,70.7098165865923,124.70627679736,104.177554144149,0.000325771875158328,6.8730334071321e-16,8.01069675935599e-25
UGT1A3,45.815910186386,3.01039939008836e-29,2.38242969332549e-22,1.10277884800873e-14,11.8626147960402,955.118563106722,4.84152787503535e-22
LY6K,4.54921794104068e-09,364.354305089751,35.6302961447768,0.481879187079429,1.11468450131756e-13,9.87702478860421e-68,0.0382870776318554
C2orf89,15.2940032836049,1.82451326244099,6.31266700848644e-14,170.483759995777,306.502070299309,6.72327923753779e-21,2.81953753378385e-27
CD207,69.8707534006339,21.2511411184731,7.93306144899451e-23,1.32622284676783e-06,0.338171582421384,26.8926828841962,1.01191950804205e-09
OVOL1,78.9015839412162,494.236999479714,56.1395445196904,8.65784149730013e-18,431.27962424336,2.63050865252595e-11,318.323222137534
LY6H,1.23098053487704e-27,1.25715206418252e-33,0.137212723608592,7.12074537248997e-05,3.12298654177527e-36,6.60671474842827e-19,8.93518011736664e-06
SYT10,7.77927480914065e-41,685.028409832112,3.68486610272275e-34,7.35719434988145e-32,2.46033913649656e-43,2.06546492250852e-12,0.000421949499427864
FAM5B,25.514635358281,53.7093140934465,2.85926747362976e-66,3.92488275017658e-35,71.322598066617,4.19128616714706e-22,1.88117046384111e-12
ISM1,72.2241306927678,7.81667667722071e-06,8.27933485721278e-11,1.7487683921223e-11,62.6655085943977,71.2676019002138,39.5114103082704
REEP2,3.52018227501458e-31,160.230202397961,8.55122989420187e-30,263.53154159701,381.398305581214,366.072391962797,205.276239018095
SLC22A1,2.15674726298652e-11,8.62862626761166e-27,1.59831888803614e-13,0.363339260159294,2.87318149905023e-07,4382.42334155981,1.72465769381686e-15
UPP2,27.5460543216509,8.54053330066764,2.60315721920532e-19,2.61168511193613e-12,129.449798371731,19.3350818511031,6.61178394963327
RSPO3,1.98092674542179e-07,372.864203229403,0.397774389085358,9.26194789699429e-15,1.161073412954e-06,8.26389190990637e-56,642.331299224269
UNC5A,2.41328975381075e-24,0.0001013452471267,1.18337086850473e-08,81.6862925840806,44.0460725388626,3.13343842070135e-15,2.31916328226419e-08
PSG9,5.83085347249267,181.684376317698,3.15785970897898e-38,1.32771070765779e-31,6.2786154862297e-22,446.331094040769,621.519940442898
LEAP2,102.834264275231,2.36491293344641e-29,5.81122578000761e-26,4.06477451483421e-18,4.43380417048735e-30,878.309399651614,47.5029468185331
CNGB1,1.45666232738913e-100,2.46492505480486e-58,6.75732317577906e-78,4.895501301202e-54,5.50730879298666e-63,2.09523661039629e-135,2641.56802684744
CNR1,7.20773670662969e-10,28.797509668279,121.542307830847,86.8107158784779,194.798905809028,5.87575756640774e-15,1.21577695532747e-22
CRB2,0.170359191233036,0.292756829114642,87.5051255383898,0.000369040583920192,205.559022538574,0.0173054952628552,3.45610656337315e-20
KCNN1,81.6113881022789,2.96618604911097e-25,207.787771380125,0.832513422199247,1.99645968088291e-11,5.84463892723468e-39,376.228064202367
ACVR1C,5.5893535561696e-20,449.121450232283,0.0153877679068568,4.28748988641787e-20,5.95400188973392e-25,8.28081795746295e-57,900.326617395148
UNC93A,28.4484443743418,1.94883755576727e-28,2.20513289467962e-34,1.43653405154875e-28,6.78695246131143e-06,58.3578545395639,9.60078573971284e-24
WNT11,26.5573614283479,208.092442920319,12.0816899606987,2.0523723584289e-07,4.12341029165629e-19,401.066065653552,44.1795371917894
REEP6,3.19519330905932e-06,89.1228914614538,2.63201410026812e-09,238.344401893897,267.522084310277,3249.85193127583,164.065303587785
SLC25A21,55.7349883559452,0.322353352642309,1.93806566724419e-25,8.85112740638874e-19,1.53664522272156e-26,18.7763160636004,5.96793801606574e-07
NLRP2,1.66490639443729e-09,351.04809531448,2.73491173212451e-09,8.62942714752871e-08,280.983046913362,6.41562357219195e-34,0.000774123009137845
C6orf176,2.10196334812687e-38,3.72931469310857e-55,37.4824156099587,4.79929338981312e-28,857.252183302019,4.07856866244023e-57,2.70551671240457e-38
GFAP,2.97927463405947e-22,150.770165322921,3.43142006847133e-08,328.891947850159,114.903071968555,2.55144038733355,141.041807088193
C9orf140,6.03828086272157e-07,191.535905885938,0.000164472763406574,266.51275193553,405.933116875936,5.4489173652656e-06,170.905883100051
SNCAIP,1.38975855528031e-06,411.230945800024,71.15878957745,2.11537802919679e-13,4.63672578905964e-16,9.02996942183513e-49,173.250014628035
RMRP,3.64271254032916e-05,132.603350439797,0.00026742806670069,488.73322696196,7.07531946625455e-25,3.73808287738066e-18,121.608735581014
FAM155B,2.31841627407469,643.942357846368,1.07847782219069e-07,6.75423226535105,159.827370745354,433.11034279689,307.420235439651
CRHBP,68.7311200143564,0.241115433743354,49.0351146788597,7.25968498330132,244.132233535977,78.1473703653985,21.0899777495441
AGXT2L1,26.2616465131711,2.78944813963271e-20,2.14868459953685e-30,2.02676770451836e-28,2.08590387982773e-33,3981.1185435089,1.01153626390442e-13
ANKRD9,0.090670632674461,718.372449013565,181.603210737935,5.53687839950345e-08,107.710163145417,218.07368724981,805.842831682216
PTH2R,142.154074672243,1.45227424839181,1.68935980610879e-06,1.02220618150885e-06,86.3000606851863,858.08018606612,4.19295756936638e-13
PLIN5,33.269005032206,647.446609618205,0.781614653142351,0.0375748892650276,0.000172277205263993,1034.72795462125,434.289063995712
FLJ42875,3.13582642401299e-29,579.402025568686,5.02758691466618e-12,1.48026477244673e-29,6.94297898824346e-18,1.77535558353966e-22,827.153797967007
GDPD3,61.5558061093526,78.3619857551355,175.281760907418,9.80798512657269,1.67158386424778e-09,4.17760205970291e-09,5.01204569146746e-17
TNFRSF9,0.00118417752105528,2.93164562649978e-27,1.59547859822871e-19,2.038373947896e-21,3.85079289026698e-16,1.62327337736888e-25,9.77992723175123e-27
PON3,18.4854018452603,1.08573628731052e-23,8.64432672910039,1.14751430261871e-14,5.11135270081764e-09,3958.0938967086,3.47962996503905e-14
CDCA3,1.71335380846415e-14,6.1044354451092e-05,2.97105583877671e-14,192.132985487074,344.098916287852,240.691874421467,1.39985721082823e-23
KCNK2,2.09237381062127e-05,5.84116771983485e-27,2.7060747322734e-05,212.806734917398,2.48367586356491e-16,1.53108887244696e-09,3.07995647244011e-26
TROAP,1.07013256986968e-17,10.8435485900039,1.99777067070419e-10,137.391246383488,256.268873733814,213.767821457838,9.23558653918487e-15
LRAT,14.5065999497442,157.537852040672,243.221580096633,1.8735028021575,4.23627152394813e-08,3.77252598737965e-25,0.00401134521584511
NXPH2,3.66987546231563e-67,686.731092220305,7.20443161973969e-64,70.4646352960508,3.16328854967591e-62,2.16442130436567e-80,1.87507196620778e-07
RANBP3L,11.9768611833309,586.175576617257,2.31069614912208e-05,2.24872333930771e-23,1.31095053026931e-13,3.26187807963753e-15,196.898190869107
KRT23,15.0020855343318,47.1020916862814,2.304074392026e-48,1.71999490571561e-41,261.532445576531,216.693573281465,1.99155725753371e-26
MBL2,4.45227561987006e-43,2.18053967282612e-33,1.42590851304132e-74,7.88469090224934e-36,3.14774822284351e-27,4126.77146201231,4.587461499548e-21
DUOX1,37.3494111536742,38.9922792687817,5.71864704018649,7.65374404638892,672.276312486382,0.5387087604803,0.0691578518189983
NKX6-1,7.91310869561564e-85,457.055761960395,4.23532935193062e-37,2.76355760890198e-61,1.11609694310896e-20,1.11342888668845e-133,115.796741360411
GPR81,4.29128153025712e-08,629.984392225662,31.0115152690414,7.57016541578837e-06,5.44369301585177e-20,595.364708723815,0.0262428113182953
CACNB4,6.80299199822214,630.442513430415,2.24843050390106,6.24506890643401e-05,0.0924531054772524,1.85033164086934e-26,190.992699191735
ADAMTS8,24.2949897680251,9.40290261840268e-14,0.512890956314597,1.73708293155174e-07,202.283282720802,6.93586110682024e-18,1.90394573692065e-25
MAPK4,29.7986931215431,239.524254625055,1.1210681011622e-33,2.88043740788823e-35,250.036482331733,3.42160982271905,0.0229622286035595
THPO,44.9638649260786,5.97281754741476e-11,0.150825960628603,3.07154673045992e-15,61.6471273753934,355.144673625467,1.96957382884033e-22
DCHS2,88.2732631794569,64.4115498533699,0.987724167024691,91.8701438240263,1.24189557144638e-07,6.46712477670994e-14,11.8760055970236
LSAMP,1.11958387305559e-59,128.420544005939,6.13897940017951e-24,4.03587001761116e-41,9.73902077139257e-40,381.116533295246,2190.4143407352
IL1RN,1.15596796948048e-12,114.101695117624,133.813307334427,0.102587616360702,139.214386180768,689.735717530064,0.0865107097893097
CPEB1,49.64389781991,249.770152588833,2.57285999671761e-48,8.75697385795886e-16,71.8979169742204,0.0426920508573878,3.70567334083636e-17
C8orf80,77.2292536403822,1.75442522170067e-31,8.59316930527391e-13,3.64635557233895e-19,7.43821796474711e-07,933.139236758775,2.85325534010097e-27
IRX1,27.4218578338266,62.9182948373329,8.27929183905176e-15,6.97826833863183e-16,72.9092169259324,69.3626252728103,2.16192538754261e-26
FCRL1,1.50243958791612e-57,7.25148964867201e-24,103.153065163665,3.12308336398593e-27,1.51117813619582e-33,1.81606135357061e-56,1.14378626831746e-49
PF4V1,10.0163243798046,3.18812016788631e-07,3.16868518531131e-22,7.94912623909382e-24,2.34036801769418e-06,5.94106495342922e-13,1.19881796518489e-20
KIF18B,5.37807498560043e-14,2.43356520096713e-05,9.04373361193698e-11,89.3821222675732,274.974003076147,109.940078886231,3.90689981418935e-26
C10orf41,42.7597541348949,260.855275828391,0.00621730147057173,469.519918179213,50.3500258202452,326.200952529187,1347.55527848327
ADD2,2.15306846367275e-15,2.32767448692895e-10,10.8394940402503,149.064000317185,248.821243540232,3.09470211976728e-32,2.67436937573647e-27
IL2RA,8.69192215700939e-21,0.000766693420591589,11.3321426004258,1.26924534364241e-08,3.22911230785207e-13,4.20785501560958e-17,1.1623034731093e-22
C1orf53,1.50185357054711e-11,3.66104091244656e-24,1.5210553818569e-11,2.41948990080401e-11,0.000857082155802997,7.17062698894967e-17,2632.28532812692
SLC4A11,0.0162614099100084,544.755884177689,121.502592760232,3.8523759086143e-07,237.7138538622,202.234010143372,445.30001697017
DACT2,106.815789358276,8.27690944497189e-14,93.1769039277683,6.0705915490299e-15,25.7859465877098,0.000105715805490383,2.78031877909908e-20
PCDHGA2,54.5772662317549,36.4719176601084,0.307021911233904,33.9897158284478,0.0355876162013198,255.593917938407,5.96012325498791e-14
RTN4RL2,4.9076078938323,306.307463336299,53.40710218263,180.653902825787,3.50014154981018e-16,1215.58476172352,0.03260107687563
FERMT1,133.504142207394,0.000355191025213484,5.68249025958652e-18,0.0241295381931035,283.383963825327,1.18291362540713e-16,1.13700507071787e-22
GABRP,5.45132189446922e-16,3.49592136294566e-12,0.0338053638342946,4.48527368098943e-13,749.095340217294,1.87054680254454e-24,0.00094749460848098
C12orf69,28.4679322932324,71.9418451490286,1.9512781334135e-30,2.50131865536081e-30,52.2132981016883,37.4099575057043,3.51794244577333e-22
GTSE1,10.0195964120155,24.1723694683687,4.45427869626562e-13,104.916638872287,209.436435856734,102.708050727592,2.57525871013104e-19
HR,47.9938968509192,5.66703663322878e-17,73.5953901672196,89.1286201254939,376.705181953536,1.01733153717002e-23,8.78879803330441e-27
MATN3,1.21926731968355e-13,224.947329780895,1.19079931821784e-20,332.404531587089,223.519919107523,0.806419550111311,131.167717550296
TPRG1,1.24393594974683e-20,478.383949845149,2.10374312355105e-06,4.02560227037607e-20,3.93568188567343e-12,1.05314371138546e-60,566.48864544425
LPPR4,1.18914759260942e-15,65.3031882327372,0.0480550422743337,1.82751362513528e-12,33.4079608171651,1.22772130703016e-22,3.90871678443407e-08
HOXD11,2.96671403045278e-21,4.79774172959649e-22,123.018869148501,123.16213817071,463.896716720395,6.07805687026338e-10,1.47528508804154e-20
ELMOD1,98.5977827290264,171.622258541024,0.00378190729763497,2.60691409952101e-22,1.37690014673564e-30,5.06842159919023e-12,1.3895664943109e-08
CD38,5.95002882211485e-20,3.52127527185647e-23,9.68814076307591e-16,3.61215968534899e-18,0.0266074241088038,6.41875162211126e-15,2.48186385470437e-23
LOC441869,4.77801477807678,0.000562048593443302,162.106752307158,133.828859018055,1.10600600155961e-10,1.23253037078379e-22,78.7645455527955
NINJ2,11.2779570534936,205.042188638322,0.00329321442417799,2.09275137219942e-06,4.03248837190881e-06,3.08887025861598e-22,517.939872782285
SLC26A10,7.0074056714649e-26,2.23482129062738e-30,190.014250472526,7.08983000351083e-11,626.824170303025,1.45535209988104e-12,1.87853418573408e-32
DEPDC1,35.7563694903481,0.331356035656894,8.41727879511487e-17,19.2112954028693,98.3433937696875,313.959325939775,2.78335525604974e-19
STX1A,1.40763115664665e-08,0.00133451745216678,150.887861647528,130.959902173399,507.200737021474,2.59181492741572e-18,1.75380134170961e-20
FZD2,9.81782025967244e-14,96.8817381461347,1.66486173721041e-12,143.636225646286,233.458309971699,1.5680569171463e-09,0.00680067225256428
PCDHA11,77.7521516420692,179.889379796654,6.40654820735409e-05,0.107249856227212,80.2194768885987,157.465495261149,55.3144990101659
LOC283174,2.9525697107065e-05,198.809842061721,490.906977527689,55.6436401803248,6.94720468985687,8.50067592390483e-19,6.8139153188943e-06
FLJ40330,1.65302291205012e-24,14.0667751339603,0.000781354134919641,0.18599767528705,77.8783621609758,1.36728171482687e-12,1.0851404589278e-23
LIPH,4.60864970279979e-08,526.888376083334,1.17980889622352e-25,16.9285287408895,423.495096478907,6.82157106621059e-17,0.0779199895481347
FOXD1,1.97711272796149e-05,419.905690531666,7.73681451331135e-05,284.179967764868,0.000390396400056976,113.80204540588,184.034426758671
NCRNA00087,1.85185385220933,483.397466527165,58.4251504905438,51.6709102004188,170.384962351836,3.73265915951603e-09,1117.43915094317
HTR2B,4.81969505276204e-20,5.08899381361771e-19,1.13970940882265e-11,7.98208160317142e-14,0.798825328374189,62.7095196936368,0.0110083196315437
ZDHHC11,31.3366126553097,42.8379652336543,321.944435103087,1.45310713601287,88.2543559077753,1.94637094770186e-16,2.59147187541719e-20
ZNF165,35.5863219185146,518.831514003573,98.3358068826131,0.713358982867751,111.254725616354,242.724483312023,274.465500394197
SDK2,25.8578058383872,219.823471276398,0.00987551100072265,2.95149250329274e-19,7.78257132256905,4.58551076065587e-31,2.21739260179158
GCNT4,130.086467852355,383.17957310701,0.00166956214427762,0.0112771891913223,0.0247318391290105,227.810891482537,49.2903536441979
TUBB2B,18.247167521367,264.62120184202,5.0112801802275e-16,0.000403355575697798,273.795588571978,800.475829490716,183.798585350665
PRSS53,8.72858994816198e-17,1.74055691574317e-23,294.447413681546,53.7064658798782,299.926526057634,6.77929160346287e-16,2.34043365333508e-28
IL17RE,30.8861416778764,141.804806744324,166.748553191164,32.2409070151193,630.166693071937,294.141403954534,74.2282955954943
DTX1,0.00229736814978738,2.26969969544712e-08,152.880804255913,142.39016539196,356.828261997038,204.244387896088,3.03938692825788e-17
RNF150,1.71558323392525,423.814102272342,0.109050384956584,7.56295971039698e-14,430.279939827466,4.2327217004971e-07,0.0351496987933144
FCRL3,2.95284763953943e-16,5.27220622935953e-27,96.2127174432329,8.15290913639837e-21,1.73046837493828e-23,4.84992654060628e-29,7.36924008080181e-30
FBXL21,87.5914620354248,8.39121446341785e-30,142.196256274825,242.815963042545,3.65388748534203e-26,1.40236757731623e-35,3.16372923595368e-25
YBX2,7.97955174785782,98.0697775953541,138.117383572949,8.16558676403878,50.9408304563475,221.221708449426,295.053961223887
THSD7B,48.3251509392774,380.288555778437,167.342630249417,1.67812593401893e-08,2.53470481178939e-28,9.488048127386e-27,391.778678100801
FAM83F,49.0510537356665,479.291116763443,18.2176986135099,3.44455812978218e-05,82.1976967758481,536.072262808778,870.510254254153
STAC,82.6659518482014,145.91268109823,4.41851777739452e-05,0.163566132170569,656.304996069173,91.7487041073771,65.403911879347
FAM135B,49.0797837049892,68.2256854787481,4.68914366244536e-12,0.00175700133849563,99.329542422104,1.25167352316398e-20,2.95507012162873e-08
ASPDH,66.1812517499601,1.62351248638768e-33,5.56862237984834e-17,6.88315421994781e-16,4.86537559181211e-31,198.825749051748,1.12118551054151e-12
LMTK3,4.09168315115142e-19,142.072812317879,90.0106223773807,114.111459643352,633.526924183206,151.689698071308,0.155508076753043
DDX12,1.48519525753224e-06,4.26269782334567,490.990343593245,29.1036263385829,234.81151411899,2.49760827087937e-08,4.66212644753292e-23
STK33,73.117263157379,546.638669946999,1.38050560389417e-12,2.71193980788384e-09,216.353027009578,7.34892960086757e-07,130.381751202118
C13orf18,1.53292685425061e-06,0.0289893088908241,117.971753110191,2.10795367295486e-07,2.58667246968408e-05,1.88999134276799e-09,2.88184700491299e-13
RAC3,1.92142069760049,6.76441480912231e-14,1.14317878230369e-10,273.982279868361,164.102876358054,1822.08359028199,754.958374470286
TLCD1,10.7653760485812,182.571083273144,1.37661456925282e-14,236.926317631277,210.50775045566,299.030320892753,331.845932436725
SLC16A10,36.2170682188842,632.403321838299,63.3695493027029,5.62983868020875,5.23977902115698e-16,1.53869543238252e-13,32.280704567896
FUT3,113.114600927295,8.97319676653465e-21,1.03146686821206e-19,3.01046951414215e-18,198.243515933314,1.11273750446221e-17,2.89876385739578
NKAIN1,22.1364973050503,4.85483311072511e-15,2.77535223575973e-11,197.403056252116,3.14098508463569e-15,1.87622580244027e-18,4.72269379363704e-25
PAX6,106.795088890946,72.1425995947849,118.193442319591,52.2679122088416,4.19592432695057,3.23816638130467,59.6780967141302
TREH,121.185492136624,4.11434918979519e-34,1.10728533196269e-15,8.95929862259112e-22,7.02755973080426e-12,311.05309820668,30.3047650004208
SCNN1D,0.00268593439066045,6.82079637541063e-15,437.961453336417,78.6210584729057,2.30674335455087e-14,2.59374745133421e-09,1.03461672707949e-24
ACTR3C,82.9775129739916,316.011957903365,9.94029809812497e-17,0.00224127103468235,3.06073692326666,316.786050803473,922.354228328164
CYP39A1,89.9199789053248,135.194204219179,81.6099319710803,4.16747089495409e-08,123.43634134566,274.881968781845,331.580327899588
PLGLB2,0.879430883089202,0.000285419721799604,223.012228629308,12.7744745803579,1.69178713024815e-16,3383.41350750895,4.78646672175755e-19
C4orf6,39.7355427798206,1.95507500914633e-37,27.9748039174133,208.704268416159,1.09654548662248e-21,3.79620299826339e-12,9.50543664919164e-27
ASB2,2.55461958151829e-16,1.27538246087637e-28,0.00481122426695874,1.76139466053293e-14,48.7192372873467,9.63146906222092e-26,1.86196319231294e-20
C12orf27,135.642701439723,0.00524887709407456,204.910559849657,0.415829514683855,1.78514992070431e-12,5.81819981830817e-06,5.99129674045945e-23
PYHIN1,0.015473424590361,1.07130080152088e-30,106.900324225873,4.650717577239e-10,4.96988195617606e-17,2.36737942847577e-14,2.02631276510049e-23
ROM1,6.07836496925211e-11,38.167448353529,172.379987636589,301.189274250241,28.7276902309824,0.00203848572748206,95.154035808286
C1orf172,60.0288119893831,236.991003869873,8.17533438065016,6.12538283314476e-10,525.725781841705,355.550101128311,1261.88192433812
CENPE,10.2164879529718,28.3840124190425,2.19384528174556e-08,0.0110697018166601,154.820829528641,185.915575280618,9.65154255171207e-20
MEI1,1.03227472132726e-23,9.88238263666328e-20,0.417799439890897,5.44202141906987e-06,1.32674887312168,3.4580415184922e-13,5.31757771677123e-20
PARD6A,36.7182899975403,159.2675887142,51.220685863918,558.187745192081,39.9029118369101,650.703734741499,1149.93433112115
SPRN,20.2250410352918,62.3867228591925,326.661521195078,75.7188091781544,0.330062566513583,5.85302597577676e-14,4.97687027724376e-05
MYOCD,2.74726850048141e-05,1.72556418193739e-16,0.00559872941657336,1.48956762430968e-15,1.60751919314894,1.54005233249239e-12,3.26332229933437e-08
PCDHA6,54.9927612779496,73.5201149830101,61.9854005986575,8.40814778076311,110.584526710865,2.50017597741316e-11,3.14368217637763e-10
ADAMTS15,116.387358777172,92.3016873606136,7.06312610737027e-08,6.86656222584912e-17,138.541350491386,2.08731135808505,4.50770028676242e-09
MOGAT3,80.1912495534398,4.61429502689294e-32,0.000120841555159859,22.0578207649559,5.19918372910372e-08,194.862908059091,8.17521588201126e-25
DNMT3B,32.1401833126893,15.8809657076036,209.164520329502,17.9078211054722,314.493167816139,9.3931742879706e-12,3.21123989984123e-22
SCN3B,65.2112468617595,41.8489027458878,3.41969312716581e-05,223.614567668962,1.93873882302416,2.22376566769781e-23,1.96437481584568e-18
NELL2,0.0029446055458149,1.2911053698502e-28,39.6760090610271,1.96089697269158e-11,6.41763292729412e-08,1.16521137659903e-11,1.13516861378315e-19
BATF,4.48376095678367e-22,1.55638701812996e-28,6.32954237462137e-05,2.52288014741127e-09,1.13045005161144e-06,6.66510648624716e-16,3.74214414604588e-20
MYCL1,40.8608367440175,45.8568287040666,4.97280066148454e-05,0.107866465475851,0.0067478665325327,2085.56784687188,0.00179422241050553
GPR162,1.91462226297366,154.454554304504,210.487527146613,321.400590396811,118.734973746464,8.60174801722931e-16,243.966865008348
C14orf37,77.0955117779457,440.576916183059,4.44015818307556e-05,2.60830401932419e-18,170.388025247968,543.680171790146,390.914290839814
GRIP1,83.1691471253319,399.217411688448,30.2208664995536,2.53514772966875,155.225683756148,2.43530004140882e-10,138.362170571045
NFKBID,11.3017819414243,1.08897441131864e-10,653.992036176678,1.23350022562614e-06,2.31676463901227e-13,4.76280108650665e-33,1.68126080232085e-18
ZNF541,37.8423022073219,3.63445218759111e-19,3.43448704816189e-18,12.3290610094678,2.29033213161901e-06,199.1025682418,1.07146917352144e-08
NTRK3,3.45667421313039e-06,0.00246932864786263,35.5521203182485,5.01372567142365e-05,3.49494893241776,1.22707585734169e-21,0.00134678220784697
NLRP6,223.673440173457,1.66116970428735e-39,113.123393309033,5.08448925091715e-06,7.1331464573988e-28,1.13656229400582e-06,6.1355531162367e-26
CTXN1,2.97915611445424e-13,17.74902716363,2.81699562196792e-08,4.81828545675365,695.924184997117,4.19841045073344e-10,15.4518536138713
KCNA5,2.09340308258895e-12,1.16906233941962e-25,140.613908587748,181.829567290734,324.466131415966,2.70035641304052e-23,1.91274256836966e-27
RPL39L,3.34683848425995,94.285499774918,6.54498862396985e-09,654.056082610159,103.43463763275,8.30262846432531e-08,163.157343938813
CACNB1,1.35331857236617e-17,1.78103080361639e-06,382.211500748526,231.507706604006,611.622624178166,1.8504329149511e-16,8.99387498961842e-26
CYP2S1,0.0929585297299444,5.027409088013,0.826689269377002,226.240403743477,223.456243296062,2.05301790137146e-12,2.40810865588653e-21
LCA5L,112.301141218091,21.4596450405647,0.000933120316467722,45.51861143994,68.8965988412471,5.07834260486018e-24,129.90879269718
LOC284749,67.7113396379764,35.6775032465544,72.4825316166044,8.11710683557134e-07,79.5343952224196,5.90382345307058e-15,3.72365369990529e-18
KCNF1,124.850789014513,0.00133964068822598,49.9791042329472,82.6103336181741,6.60884889640692e-24,1.17710242027969e-27,5.22350480803482e-13
RGS7BP,44.4248111460773,1.46623458542114e-09,0.167501161489497,3.15349962389478e-12,1.24126634669543,2.37890886822149e-18,8.95678877546985e-11
RBM24,111.78911079178,0.000239426725014598,2.19406064255715e-05,96.9529599117151,0.0102515390095145,2.51258077299482e-05,1.94854044933349e-15
FAM196B,185.733814110248,2.50160830156755e-15,7.61382279901546,0.000728718074313664,9.50426844700032e-23,1.93838268950311e-16,8.028382216264e-27
ADAMTS12,0.00172242097880075,30.8726314382159,0.000110997807237928,1.41091990263092e-09,1.2588530799084e-10,1.74890076744513e-07,1.96461894252688e-13
HIGD1B,4.31015226440011e-05,1.18298316167595e-08,181.757432413629,391.696701306523,3.19243616434524e-21,0.000250505024697713,116.37986107514
NXPH3,6.60485597295628e-05,0.041138194988087,4.03458921343845,247.805824113546,3.72746648297313,2.51980646675529e-14,0.00742089620913252
NDC80,25.3248067983551,0.0494960626970696,39.215178006483,243.669058169852,116.307588085945,228.4313429105,1.69578816147072e-20
C5orf49,68.6831401053188,153.041412432798,73.826464835523,8.20184798371329,128.450661436605,3.31856568747363e-12,0.240538893810475
GLI2,0.00211509228491629,3.22673141284312e-20,182.735911403864,0.0383685923630132,222.441668020904,9.38176788538969e-16,3.7931017405032e-21
RERGL,20.2675490532668,4.82444822131371e-20,247.905687432185,35.2905400950721,1.18882749039445e-12,4.52625248396709e-15,73.2450880368284
LRRC4,32.9507098378496,483.409704541558,0.0490730302529298,8.52706874475066e-11,5.46561370074073e-16,119.575517814772,1.23637905952829
B3GNT7,0.252669165024904,9.39752933143445,60.1291204990525,122.963411910873,676.016636319933,9.94504763404336e-11,1.376070480484e-08
CCL8,0.000190098832963502,0.0226213982632052,226.491407556191,8.05676013840419e-05,1.67682588608136e-09,3.21281975330229e-07,32.9363749911371
RAD51AP1,63.092309594123,56.0867537348531,2.17545727217095e-13,95.4403274367258,172.101896983879,64.2408993525326,4.23114526777909
LRP5L,2.86525546936414,275.459070345455,507.006370250744,8.85907221218605,4.47705306533425,1.54568150184304e-22,44.0505693823067
DIAPH3,91.4682701265206,55.1334842632113,2.48414623776852e-06,9.65297928197841,393.795095061372,73.1718419482713,3.41035382650169e-05
AKR7L,129.137723948899,1.31193338552426e-14,172.295466000664,5.80180804505308,2.15508793449255e-20,275.695741951277,168.704719810141
AKAP5,76.6841109146323,0.00901164238464971,0.0404058272168309,0.0192053032259167,258.680409977531,0.000153394983363016,1.23508612486228e-16
GGT8P,140.340988948514,3.61848135045873e-25,209.345253935553,8.27264790595719e-15,5.49556559040405e-12,1.61952605509803e-11,2.79022467051749e-29
FBF1,0.000629038934534568,105.572483713193,217.038447381882,14.6204050903988,284.174886780364,0.00552829706364941,6.9305433935352e-19
NBPF16,62.608409584254,0.306247591310068,235.761811320063,9.56400743438945,185.547608833311,4.36051600883537e-06,5.87866181532284e-24
CEACAM19,4.43922081032147e-17,4.309984219048,406.532775260936,84.7395169347405,330.861389785655,83.1137519484262,2.04061334858775e-20
APOBEC3B,45.3617027995485,166.853440652725,3.88478519385948e-06,140.322410668313,108.348435533567,929.744017925658,273.7353933595
FAHD2B,1.3531708129794,394.634871095612,1.17210875874144e-07,623.027721594599,90.1666618396433,2.80961116381784e-15,240.779421936906
YJEFN3,0.00346104360838099,125.99208710462,374.995419874627,53.6287120652207,195.127942839126,1.32391112648397e-23,8.32614760879504e-19
HOXB5,0.00391012949871429,251.154056468724,236.677779120787,353.339021897439,502.238386141892,1.01641748514733e-07,144.980607914254
CRABP1,3.12317620176925e-166,8.48514805322659e-142,3.36451671458034e-128,4.0337475987568e-40,4197.34981660289,5.38212017672722e-135,9.53910439342496e-107
PROM2,6.21489093153012e-34,886.73089306666,1.22140130498648e-41,8.98111812909305e-41,8336.81956059096,17.8569035350041,686.716040832855
CRP,6.57930884710187e-42,5.5074760611974e-40,1.9613974916439e-43,4.8893860741788e-44,2.51279058859944e-18,1222.9254226619,1.60888970037602e-63
UMOD,334.570948935648,1041.90680224082,0.00651614112941133,6.31482690926155e-23,2605.54288970715,1.12899180755058e-44,380.137031305914
CD177,3.37217152266892e-53,3.92979786864057e-39,4.10275995205715e-67,6.28501163572116e-51,2864.20556058978,2.54518014675012e-42,1.107627613338e-26
AZGP1,1189.34314086847,786.294711111099,2.03267635657049e-05,2412.9874316307,7.19540951929772e-28,66884.7268933958,0.0410444947011108
FBLN1,189.844073568056,8.66697290195322e-27,1.10352535809032e-10,0.000547340515558947,1.12313577464249,1.03595929344475e-14,1.14344510162468e-11
CYP2A6,1.03125771001716e-160,3.28517183633811e-46,1.17713212814715e-191,3.88396040113502e-61,4.39263199584808e-189,74480.3057057819,1.96394143131916e-21
KLK4,2.50231155210457e-52,5842.52100004614,2.51758239475987e-20,1.09515900326159e-60,3.5486822411615e-28,8362.37613874389,4201.59081696316
CCDC91,2.44816405609988e-14,662.399390902166,1.34793260346762e-16,3359.8811486708,52.0992933721227,9.65003264729096e-14,795.499647948986
AGXT,4.06266483128644e-59,8.23649940134772e-37,2.07653182529417e-74,3.95300724220264e-42,3.01325017530587e-101,72251.7727749191,3.7999831042183e-19
FAM70A,1.49479502973911e-31,12719.676506121,3.92756812478608e-32,1.19477181914787e-23,1.87819225931967e-46,14978.5870254967,5998.57099885967
HBA1,2.57966553686684e-13,0.00141383803805515,5727.98058075332,0.615632206827178,5.07669693477505e-18,1.32272541057695e-12,3199.56930482414
HSPA6,181.431061669926,209.446013460451,2119.01612243627,223.260214829085,5.85994813878926e-06,9.96285735342226e-10,4.48330942670321e-12
CHIT1,1.28116394193714e-24,2677.87392490419,6.32185057567257e-23,2.33973457528445e-21,0.403019360599439,8.10421523366182e-72,625.58150870312
F5,1413.28790847272,356.943357981375,6.5956854747637e-16,3.75853603774559e-22,1.88267141902063,19720.0025393521,9.01254397045368e-17
AKR1C1,1867.01129925207,3859.45597634684,1.2878214217235e-15,3221.27874722709,13.2795811368092,20833.4136345601,9453.73867215791
SLC13A1,2516.61363083853,2.75092139402887e-11,5.31230606384296e-27,2.10517315535873e-23,9.3509561903671e-08,2.67016577518513e-41,1.97107208105052
HEPACAM2,8.75777010019546e-75,8600.42816212395,2.23063763847994e-55,8.23270211505532e-51,6.92282847554386e-44,3341.3693404519,20439.4659100133
LAMB3,1.04905754599277e-19,1.08168251386153e-32,1.8092938917586e-20,5.69227014574302e-19,15298.3971324837,56.6393637927207,2.00605187279409e-20
APOA1,3.91163550956561e-88,1.79976139307189e-41,1.08308913625822e-112,1.24143514684226e-47,9.78709057719588e-117,68335.7599724667,2.75732144062804e-20
FLNC,7.74295444924356e-25,4.31932911650502e-18,2.20180799001968e-27,2095.66381354402,1197.69839949089,3.10342055073145e-37,8.66345363520539e-25
SLC22A6,2315.76234438938,1.1016669444283e-32,3.6635150704543e-14,4.50019382314e-19,1.60626248835405e-47,4.09200018769561e-18,2.9498954579193e-24
EMILIN1,8.35620264676965,5.16555621922309e-21,2.34332504672557,0.00148381255467886,3.67099935906357e-11,6.31767727868092e-09,5.94946641317458e-19
SERPIND1,6.00188887205892e-62,1.69433320599742e-30,2.84770568021448e-100,1.99178903302673e-49,1.10117348561594e-101,66658.0978818935,5.8181288310375e-19
GJB2,380.213627994247,0.0123413139985498,8.16080537653559e-08,5.71380366430334e-19,0.000520904279480906,6.08427786448541e-12,5.47772161537756e-15
DNASE1,3.88791985833825e-72,1.73043229198521e-26,6.78695377151747e-51,3.08183786932029e-45,2.12212661170904e-63,1546.67739187967,41153.9860189789
PCOLCE,0.000231690158655388,6.21057939985639e-26,420.842313554665,0.311348228552212,3.23900885943973e-22,0.00112195388888701,0.928064714012099
SNTB1,423.722254206559,12773.257970935,46.4004602222445,2335.89853835981,7.41135235460454e-11,1.55755837554621e-08,4912.2903980496
HSF4,0.013628202048661,1.16897215158314e-24,8198.73720354094,2101.2095865366,3.20207316482963e-19,3.80234322625091e-26,5.00696864464485e-31
C10orf99,1.82058998298603e-32,2.66999869375572e-43,1.13067403727614e-37,3.21093988257019e-13,0.000145333444439234,6.40653133392923e-53,1.10006045648529e-34
SMOC2,4.37281682728087e-25,2.44360538746862e-18,1151.0633324681,1.37645948708368e-07,103.871417203416,2.02079955472845e-07,0.267254945586303
C1QL1,2.62778025892615e-27,9.85222227382187e-45,1.97535858934673e-21,120.297097397653,5807.33515128888,2.55411315951416e-45,1.33196347656402e-37
SCGN,1937.97452772818,6.70404934855934e-43,4009.27930232625,1003.40605940488,2.84646091667702e-40,6.04516677409203e-43,2.09166890105032e-26
TMEM45A,0.264531201769546,2.97376949399063e-29,3.20196375118161e-06,3.61950244457252e-06,1698.01692479533,166.444477774286,6.40603807997171e-22
PRIMA1,1.14055723016356e-13,4.34188565063838e-20,1421.90352039956,226.065302604732,58.5444849512115,3.0599734266624e-24,4.03457059376456e-24
C1QTNF3,847.07300281394,8.64259245494915e-07,7.04172744980894e-18,2.91588222591152e-16,2.00658972932996,1.32737671600448e-39,3.46189492507818e-19
UPP1,2.41635390091663e-09,2127.89194012069,1476.10749350625,401.948020101327,1067.91586494,5766.87465008063,34589.5030855552
CTHRC1,1.1029311318183e-07,9.78104640130981e-26,5.83928661105758e-25,0.000188857810685478,0.00214750362928567,3.12763389359325e-35,5.96963136089516e-25
C8orf84,756.062595068096,2.97229759346484e-09,3.20835471996227e-07,5.27582617710998e-12,1.97704728089765e-05,1.41072888714987e-39,1.43090618421329e-16
HLA-G,697.885837342624,1.05000575323993e-30,1.97507343864746e-18,2.07810069286189e-21,0.041135148153114,5.04310600075065e-23,2.86174695711436
GOLGA8A,0.00131166423778618,396.633353748214,6086.25799114986,4.76110644844113,2664.07815069214,3.99269191122569e-12,4.3846105926622e-23
SLC23A3,2587.5315169534,1.40605233049369e-51,6.1861378298374e-14,6.10340596089529e-20,2.67793699219022e-37,1.37123337601521e-24,9.06925405551389e-21
CES3,1227.91811973105,6.72084198636726e-33,7696.16914275798,1672.02565705423,3.91823248107296e-24,342.048370744985,1.68263143837381e-33
PRODH,2377.85877684169,0.00264079753147459,2123.67929570226,2.09238093093135e-08,0.000165007651549509,9.06386315266461e-18,5.91330405067578e-16
PHYH,2137.19271303172,1963.58121773907,512.563580527063,641.179156021,0.000176944606593532,17800.3473199683,35684.5315798239
IGFBP2,6.26454301126852e-19,4.11962016828562e-18,940.060263260023,0.0966595907134347,8349.84466156939,1801.92050272381,1.98859566251771e-07
QPRT,1967.88270102975,1732.4271396888,9.08963271516361e-21,0.00346413785487853,770.758665808053,1921.51915593574,5.93840583663119
COL14A1,6.58939969213469e-14,2.16278401549173e-06,5.2379120687857e-05,2.36100538531554e-16,15.3298469693744,514.82546544857,1.29052593080502e-05
FBLN5,0.361674956081037,0.00241366081484782,0.00151211758345024,0.00103995330787725,4.45390435219239,1194.84549865036,8.98226007592534
PRELP,5.60865533412285e-23,1.14199879310523e-15,1.25499139944312e-07,3.06821545543369e-17,973.47266245215,3.05411092565008e-08,0.0192056947782117
MGAM,3318.69267989808,1.42578819520504e-17,1950.91841847286,17.2751551293809,3.9560226652679e-30,4.01241586581573e-34,1.95479503806387e-26
GBAS,873.128329520405,5784.21498102373,0.000267645159079029,7663.52082379674,1711.73012308295,1681.62819150844,26118.6450859855
ALDH1B1,2483.37230779396,2413.30704694394,5.02218346586252e-14,6.17353485592717e-16,0.000594805956299808,1038.13997957482,3.67886887099196e-08
NRBP2,281.349731861291,789.589862090299,3612.05218880204,120.873887305484,4357.35843953733,2663.39176452899,8.47426127103148e-18
CD70,1.65420354472566,1.38993739841359e-40,1.47872026698629e-10,5965.87809318241,337.899640029204,7.52860006635531e-53,2.03217441674514e-26
MYO10,556.148475231338,12161.2926384677,331.432214084565,0.00182187585780145,1754.61799601159,0.0207104694865085,42.7963530390731
SC5DL,1155.02585512057,7233.42971909221,0.9763587506031,5.43220605862281,0.00136084654528,7115.51879575094,25483.5537721901
USMG5,530.007928879399,3.1146347667596e-30,14.5568811503538,3499.70442434241,0.000235447816576778,3.96499355995723e-10,35698.0311431432
CDCP1,1.88672130104863e-19,3906.25561144105,2.67704752070141e-17,0.0221328055940048,7956.45996077694,204.586015025097,0.0627734922370274
CHST3,1.66861980053276e-05,598.716964208788,0.331271529964587,2123.10956427957,5097.9547804406,1.08326265993504e-06,0.00205141230842388
TPD52,1698.87005325515,3776.77542590311,20.3788978219977,1876.96051522007,0.264777501910288,1433.92348574644,4298.48337524801
ACAN,2.64608137898071e-07,1442.64529457245,0.211699107939381,1.16828526487814e-07,6.03972890022182,3.90319188540737e-24,4.40576096545823e-16
NDUFA6,826.961787472982,3368.55460990902,124.236575642908,4732.39895878839,0.15481929369165,3286.97225954738,32595.6940563869
PLA1A,1756.79167286593,1677.56674766518,5.63661504155819e-16,2.3184415359681e-13,5.79770971096959e-07,4.16848140868428,1.05214847476403e-06
SLC25A4,1851.8276928919,5690.87391349263,580.106984517084,79.8443739025163,17.7942282064448,6647.1480203171,27686.5491621468
MACC1,2545.91590121062,465.464466289779,0.00389383497244044,1.33728587501877e-05,9475.88408108165,6.75506496245295,132.542702586677
UQCRFS1,1933.64599261821,6101.07792061527,8.16248494042562,2514.12607029376,650.793719814371,7147.35910038847,27586.1211115708
CERCAM,57.249234815013,2.53906453411973e-27,10.1984173159896,1849.94465409545,4256.1310909968,9.48234756320683e-37,4.83944108380609e-25
SOX9,1665.52097814787,1.8640057338827e-17,7813.31268767208,0.00169287191304694,9337.65210027309,2.41823550225121e-17,1.49382850783959e-09
NPIPL3,2.37132860487736e-14,981.508550156052,5936.56441431413,26.6096232848235,0.221897568208321,1.06383346474014e-29,1.17542684122986e-13
ZDHHC3,882.503854843702,7716.15839390585,110.406430692532,1501.08991710782,1517.346949716,6300.44975373367,11805.2977705351
DCI,1184.25489325217,1118.91954222471,578.969614375307,5824.69242357072,1.54655586565868e-07,337.441051767275,29571.1777298183
EDIL3,1008.76357957669,2.38628597863823e-12,359.15356297151,0.553407365423901,5.10053843720963e-11,4.9022309318605e-07,1.13857254339902e-10
CMTM4,1806.70349013147,10831.8037994933,3.53576890088935,0.000653851718151504,3047.53584213468,0.110236103924078,1518.32391224065
KIF21A,1791.47014289896,11289.8327198825,296.792507401013,0.863610749901622,0.000587387661295865,1.58675661877966e-05,3494.11899552955
CRISPLD2,41.5014008345024,0.00690847883190881,3069.99114870994,28.0417403670863,3931.27628757133,0.20254045837423,3.54823286755034e-08
TEX264,645.216497410706,1344.75327384124,212.468213155799,3033.06938045807,1047.91069757762,1840.10483096175,33947.7963140211
SLC5A10,3856.16803754626,5.8040589774715e-37,3.7706993769239,2.08964767564312e-09,1.69560978963204e-31,9.8283796745655e-36,1.24252171975864e-17
LYPLA1,1430.35076502344,1933.78621400092,1.6894463912777e-09,6254.48886303508,0.0572251053742884,1.48097769590496e-08,24156.0780152494
POLR2L,851.742312202055,2.53001132143812e-21,272.199086732077,26.2689709867256,36.9280250847069,4104.37075928094,31654.601044433
MAL2,845.776701830125,1761.23565198135,1.45037524170156e-08,0.0157991096734909,11946.0388387221,682.121483335746,10670.5231530744
FAM101B,709.549356870157,9.94820440571349e-06,504.419017073672,2924.46171592524,6.71754837215951e-10,0.000161255852419532,0.0548615803379348
SELM,7.49784515640178e-05,5.48836208199816e-15,0.220958468548159,5674.81627845329,675.241367249496,4.1677458611867e-42,25896.5890433975
FRAS1,2780.11108636134,730.202289290555,6.64500128173478,1.17913207917771e-06,536.450936833973,0.000177846512864567,2.03372956048286e-10
ARHGAP18,546.600203785935,8360.89615290697,93.6098869623713,5771.79494990394,3.13097208238544e-09,6.42148383476629e-13,4195.41533181965
ATP5D,295.746464777205,2264.90166060123,1984.86086944981,6369.93606155896,2.05408053372378e-08,3.92882362998655e-10,15398.3596303071
DDC,4205.92698761852,2.37650528431975e-25,0.000120342026820037,6.76910624273847e-07,5.44996463832139e-20,6.74702568025231e-06,3.72878417470029e-18
C19orf70,332.713163196923,6.08517141762326e-21,732.777567025373,4347.92644322752,7.16655688590917e-06,2.04494547340336e-06,30680.364982344
KCNMA1,2885.95584412459,7.98744552045034e-14,1071.07916085489,2414.39291035342,0.0487698352671182,2.46985773939886e-34,0.2901549412341
UQCR10,747.905020654467,1388.10795543561,40.9005861948351,4198.48462526771,13.2336747009573,1933.96999464755,29739.146958401
PLAU,9.65477320542172,0.20337376443559,818.102978891226,170.092718693212,3611.93721332905,1.0037584539072e-17,1.62515183335691e-13
WDR72,3639.19106630414,6135.27257837248,2.93820125768395,0.922393308228483,0.054177280656759,2.43552679670118e-05,6084.52372877752
NPNT,1339.65559789823,6261.20700306186,57.5902573274407,1.14699754357993e-07,2678.68103393265,0.00178126219135448,1107.12163637088
CPVL,1795.94619060741,1731.78247580074,1.43142307504345e-11,4.85215408842983e-06,4042.29264864602,2570.13945127441,1173.61020021791
NPR3,3272.20588188129,1.08432866331002e-24,309.61034984156,2.14984980956028e-08,1.80104032228612e-31,2.77920476869908e-39,4.76603928812684e-26
NQO1,1087.07062067175,554.158346673626,5.5185315809682e-05,2794.40754220913,2789.27840171883,0.904000138094117,5350.43376124735
NCOA7,1392.72284376458,6197.76913347404,4273.75317579339,55.9393752583105,3300.85097244877,1.03000068214831e-07,0.000694759405989258
ITPR2,846.876333316247,10696.4602484898,0.0558366319621004,4.72156832017569e-09,0.083031878563912,0.000248620957367806,0.000275545283262561
PAPLN,2554.83037432091,767.491191185942,1954.5014553807,42.2271443216272,3457.16288329229,3.53229411285178e-15,1.65660320032976e-19
ABCC4,3235.18727476255,6240.74270831982,3.17377141175343e-05,83.8208729430371,649.949634402063,2.89162800476204e-39,5510.23223947181
EGFL7,0.000117604362710541,6.61760660225507e-14,6831.43992858752,1662.49093869119,1.65517174721804e-15,9.98794030775985e-17,0.0312505219517998
MRPS35,1885.3512848103,2680.9090570238,0.0175009290877491,5489.13511792704,50.0590335206223,3850.91493426266,29718.1421139786
EPCAM,1225.25744041203,5349.52174240386,1265.21625522754,34.3747012482695,9293.14297764863,0.525907052147221,7745.65968530786
SLC17A4,1825.92266268927,2.16780571141407e-35,4152.44351437071,8.78723904646036,1.46010936074624e-28,1182.36002196824,1.11862229695197e-31
GPR126,2911.97530689355,0.0471293539491573,0.00939459902315942,1179.88055852409,321.449229896961,1100.7282881626,2.58226901347487e-17
ITPR1,683.935640628719,8545.63163667012,54.1379685181542,180.677523760591,3217.70421923143,3.48345060958484e-13,2077.02750393821
FNIP2,2414.5187072426,8065.10421525353,3.71890687674145,2.98790708640854e-12,2.23420437345856e-07,0.000824920821696072,3.69458834777968e-18
ACSS1,2292.9620571128,6957.48910548645,2878.54757695622,256.460095109699,3.63771782007149e-07,4.25919792296651e-17,2269.24586008044
GLYATL1,4195.77778595425,4.57712610809215e-34,587.624535681618,4.34581684341467,1.07664832966801e-21,4054.92203623055,3.15567143195611e-14
NDUFA9,1525.505626911,2964.6726538115,0.076474124734074,3800.98784349873,348.851142200322,4520.30922426851,28532.3172579097
FHL2,3.60379704982883,8.1877369336708e-31,1502.83245165717,1410.24631454027,7464.97327923202,6.26731767270093e-17,3.56600410379321e-08
PSMB10,3.62331498533711,1.13894060774288e-07,260.916954319511,590.200068723613,0.157660868191868,0.0112137879429142,5476.48271939207
PPP1R12B,204.190415640643,4855.85954447807,1501.90887840437,3.65746774320265e-09,28.8862439909647,0.00110978421452874,1390.03779701504
PIK3AP1,1933.90563682836,0.765003736658003,7.0806288042419e-17,8.60952622620716e-11,0.00687401628012126,1385.61881753592,0.00134374408447733
ERO1L,1780.39102047507,1424.99700012892,684.676426641327,57.218110907254,3447.84211070201,0.00175006912900572,112.090148823767
COBLL1,1743.41651940254,7703.82956141691,221.393798448813,50.3070411207877,5306.49592495422,0.0255815001642821,0.0330144227121416
AOC3,0.0010944965231539,499.63961121739,10.8090934802915,1.1431108315252e-12,0.000468674029613883,0.606954385935167,0.259378389192152
NDUFS8,407.49116932598,1947.33333066692,161.482536695203,2954.39998742365,0.383680068308543,84.4607511092316,23432.196325746
PPP2R5A,907.412264105591,4402.93785468172,574.156770025526,2001.93224605203,685.739397454751,3.89973052028637,25739.0752782042
CCND2,516.939975789297,0.00154886768613467,1838.49286278277,333.05561467365,291.825942390332,8.46916765749272e-06,3.82471762308629e-12
MAN1A1,2178.74028088527,5630.89707352492,0.000197089065077082,0.00016048194874095,5.71363175805408e-07,434.749665292072,5853.64582216494
BAG1,1125.03851213542,3891.3345032135,918.881401136074,3399.50757662385,1168.95952442698,4.81594971146381e-14,25823.5333950984
PCBD1,2163.70112159249,2844.3730232423,4.36646756977334e-06,1120.56766806336,2339.36698146077,6066.17203975639,8961.17717363903
BTNL9,1410.02383581828,135.909647766899,8499.15161920891,33.7989782338909,2.68114982754627e-21,1.33847268732969e-29,0.27001822255097
RUNX1,7.55636432194824e-05,8.17222063130032e-08,115.715306096433,1.20734955424283,3375.66339179881,1.61270263052695e-15,1.92369912273415e-19
MTSS1,1864.26343758874,8901.65656206344,2356.53079494898,0.203027033454904,1.54649736541754e-10,37.4298720245247,4120.57727424213
NPR1,299.75445526167,0.00047919581260668,709.073931834716,2423.45855025226,2042.71081105418,9.38697558706937e-13,2.73057604779206e-13
FAM128B,202.521800338442,9.0461602053084e-11,1545.77766271616,11021.8873320397,285.58563037509,1.16069951645931e-08,5.47110810173757
SLC6A12,1898.55090283108,1743.71341898221,2160.31399040008,3.36142893781786e-14,0.250830513987181,25.9413742044552,1707.21473942629
CSRNP1,583.962793900321,1431.24984874567,11173.8123992431,0.363110716521218,1599.72157493425,1694.16368913331,2821.42292828088
TMEM91,6.75356869915282e-08,3.59159318447424e-34,3293.58200519316,7816.79044983242,5.25223520817339e-05,2.69077035745584e-18,2.2829628012892e-32
GAMT,988.114031632277,5.47858388807606e-30,738.178213902625,4805.52363113986,7.79815504221119e-18,1054.90880669845,8.84276105761765e-05
PHPT1,679.249349862206,5.69405589867203e-17,2971.03933824562,8045.45458483826,0.0861458039113608,4.32038815502387e-19,18849.8999542936
FOLR1,1832.59593447694,2.82132750801968e-17,86.5237590681669,0.139206974018881,5422.96656787394,1.10957915236548e-10,1.23428216883879e-05
CORO1A,0.0589123478182673,7.31373094850902e-25,1500.47152322424,0.00160297351254537,6.53977700835047e-07,4.71166157675603e-11,6.11618351905417e-15
PFKM,1967.4562572553,8723.36597757841,9.05349480369641,18.7776667511371,2441.8959269944,2694.80371795546,7339.06375512239
ATP6V1D,1943.76265116159,7259.80238366537,737.270099177323,968.669986989229,123.796462141858,4228.09584859574,16069.702229356
EDN1,1368.81822097608,5.16341174720696e-30,1411.34247266678,5213.27679470032,0.00413713873355814,6.65139755425208e-25,2.46944585087118e-28
SLC43A3,0.0826199645128628,2.50311827237824e-10,896.572682128698,3345.38833646913,859.805642259386,31599.9174427431,5.35595006838293e-08
TRIB1,431.942061214652,3169.88000163479,5291.49622586877,120.400937077906,1912.9093685028,3020.3967991888,906.84717491556
GPC6,1623.63669884186,676.695497220336,235.810015746261,451.623278846011,1052.57023189531,1.35172107419723e-13,4428.0951522479
C19orf53,11.161478341044,591.630302242597,1254.19813580675,9745.13794015689,290.494898696221,0.132244929888925,16689.8151177622
HSPH1,1159.11567324315,5217.31549454409,1570.62317056993,618.760522907584,2675.0731688624,3.74158782110622e-06,1074.79290320876
RAB11FIP1,1820.06821385451,5215.57509999842,25.8090978221537,32.6374916119655,6351.94758856163,0.000163533070390282,287.572113098855
AGXT2,3765.40696384721,8.93089415727828e-30,3.0214144071541e-08,3.09740403098325e-09,9.11193945872261e-22,907.326735472117,1.56352810370614e-14
PDZD2,2020.97873991498,614.374770293395,1868.51335678023,0.0143320997135923,2.54167851782035e-09,8.30525140338353e-29,1.18632497843381e-05
MALL,249.095484969258,1.06498716014197e-27,922.27735187194,660.821062146496,6014.62993679494,3.748522770389e-12,7.06517233310883e-17
GPRC5B,1118.14873085465,7572.58494670166,561.322255443594,1977.97722206736,93.4420129483017,2493.53170947159,3710.74746808957
EMCN,1839.51794647519,2.09952247451065e-06,2510.04509087835,19.9870492695862,6.37227659596412e-05,5.92875684993797e-12,1641.91104396244
PCDH12,489.458288062073,5.21071450537982e-09,2790.50675150526,0.294928017792786,3.57921629403545e-11,0.00948982320365233,0.0738489449167439
TMEM33,1701.58580686043,5666.7354402427,388.390141837394,0.132854926117552,647.112105891602,4378.45853194254,19689.5671429204
ZNF189,2658.94027258777,119.025930178351,3057.05322736074,337.760684068949,2.0979066379589e-15,1.2919757391351e-07,0.86895079348266
PPIF,1108.74978408202,5610.61544007207,1.18924563586946e-07,0.000145989635163438,1345.95727239566,9053.48661163506,13168.4162573245
C16orf13,89.7626061949957,3.61358709141114e-19,1249.89204607708,7021.4718581505,5.70840767828499e-06,1.15922745267842e-10,2589.67470998762
MX1,891.222775847509,458.066655302858,1379.78689449242,305.699503679641,2470.9396105707,350.801370081786,356.886631300418
GLTP,650.630956665198,7264.11209937074,1464.198304007,1407.21500158324,59.2049169312212,6.15625740379699e-05,14023.4484265171
NIT2,1991.20485324283,5.90298288734205e-07,1.7080961754688e-07,4644.96596930523,0.388140090078607,3.7835949096416e-05,5368.35149361588
PKHD1,3176.88938428225,2.17782690997808e-11,2119.1309203578,0.150626827909732,2419.41681684363,1.6657229031841e-22,8.10438663812759e-19
SCOC,1630.47162903344,3999.20464004797,0.224231942367057,5501.45000812466,605.114987700347,6077.72450754484,17173.7906830473
PARM1,773.697019941639,1992.04917764686,1025.95188070018,2.78583316199994e-05,241.316509801466,1981.22399173567,609.619826725263
ACADS,1615.78670342078,2179.44903477775,350.751993714493,3160.73726545597,2.11865427117037e-06,0.603251469253899,24055.6197394874
KRTCAP2,213.390148182904,0.00478864517740764,1346.21199932556,6462.74803045004,1151.73132714177,4240.28050634786,7659.03723560513
ACE,766.234325386585,0.000203332690376735,1913.10479331577,2.14327672723639,0.0024424400788593,9.72123716945163e-09,4.59222645362377e-08
FGD5,1004.61301902557,1.00651436282511e-06,1921.91517894667,4.94682334706186e-05,3213.08658745383,1.84206118556915e-07,0.00281208666719385
PTGR1,2921.62168356474,2026.65152043275,0.0128655794913772,497.477205212211,2.30891363502376,8996.48646613445,505.524396091695
TSPO,126.282558327905,0.0242629918325868,119.462763661153,6290.58939399986,2773.52204784028,3.08267802936886e-10,15166.2010108795
GLYAT,3454.98112177054,1.15159846430671e-27,1.74454831389698e-09,0.1012208571747,2.13818810845564e-11,3640.32226353686,1.0514457764261e-14
PIK3IP1,1393.00477120732,3631.8046350743,0.00327413992205635,2.55234276355471e-13,0.000649444166329085,2.41721322086742e-06,8361.94316995655
CNN2,3.07370105318059,740.460537171043,1163.75863286752,1108.99564673487,2016.98118077577,1.22330317429185e-07,0.0126572926147577
MARCKSL1,0.109063005840867,0.0688848792371551,2105.72421994688,3068.50647744195,0.054101394882663,3.23093118066748,1.58015405082183
KIF12,1333.96298082062,8.87013590349112,4681.58831940407,4318.17735996706,765.34242644538,1776.89833164255,0.000799071744089621
NRP2,915.618400283348,139.067932025929,345.148335883028,0.000155252649154608,3431.22456046417,1.02738847926841e-06,1.97102455010048e-12
ZNHIT1,110.618635923993,0.0980624162357369,523.154442163861,8524.60676298897,17.6398750324577,0.44223525455719,12716.5032236858
MSR1,800.241824930351,1.38531693380964e-06,2.49342052415759e-10,6.33360295527443e-05,1.07393104635659e-05,7.17056941862399e-06,0.000694486782169221
DUSP23,21.9748076815074,2.62756903543481e-21,2.92845051307145,2395.25262457035,4.62180169302021,592.55647454615,6010.67973836945
S1PR3,243.533456207434,7.30204827136037e-10,3718.55946110038,518.004320917657,1.01164240088369e-08,0.000276309548397931,0.000200559380750992
SLC29A1,762.936425477305,3073.962761311,538.953901764127,1518.18251653775,1879.97639063884,4356.2241214531,984.129201746947
TLR3,3376.36198410387,5.16652810502639e-20,0.0137608478348847,0.00039171866691167,0.00145022383095591,5.39613832750255e-08,1.70675927621717e-19
PDIA5,1478.2674610792,1.23132709696601e-21,175.753446988583,3644.34639990447,2.16512266037129e-05,2.04972936647935,1.62506367155204e-22
CXorf36,361.165709918927,3.52202882972304e-07,4435.95950333755,23.7717053694939,1.23542212611778e-16,3.48755223362826e-06,0.152397803291411
ITPK1,1328.25928117519,4662.09953650941,1518.95745781549,674.436110627495,1038.5875239381,5586.07740767646,6130.8928903122
ALCAM,1602.89901155734,3926.94192464491,747.833946779533,460.647384053465,3131.87401958372,0.000153173045699445,216.099262613859
HNF4A,2686.21811049795,4.86307817597897e-25,2.96013154660861e-11,0.165416299734186,0.00174005663968232,6402.11892427456,2.92533963832006e-24
SLC1A1,4160.17270133448,6.12364092090322e-21,0.000872329960398328,18.7692538962338,566.489729373593,1392.53497123723,1.1832643777672e-08
CELSR2,1788.72361797462,0.000221378614544715,1696.17899322778,0.772835412112346,9631.20584037322,9.37584678604142e-07,2.36290369254883e-15
NDUFS3,1042.95313477839,1621.54390761511,158.874011236298,7216.16740187593,0.407940420367076,0.15288063178852,23641.8571104188
RAMP3,836.026906584839,2.61469348987736e-22,3696.52408382743,2055.33412910008,1.19079920698772e-12,5.54356724106395e-11,2382.66478291284
AKAP9,2082.30881450046,6199.74416801133,1467.14458122969,0.131514711890751,239.483940680509,2268.39190230355,467.591744849969
NPC1,1542.30293633947,4044.21607028572,1037.73980257772,262.236824082981,2680.14550449613,0.212630996402878,2543.61558479246
ISOC2,1905.06081763868,0.00278835273961545,0.413897637359809,4864.70159302346,0.000159633645654528,566.611087900888,6337.47877819258
MICAL2,0.00741216367691196,0.000198763513996477,3.05126744347972,5.53123602077834e-07,1676.8925520641,1879.4359080675,0.0106253066329589
C18orf32,1445.05602677997,1945.46605628893,170.868045011218,7175.95476682826,0.00504735712887865,4278.95545170782,21608.2329778886
MS4A6A,422.189075120465,1.32771848543825e-13,9.74614325393141,473.690091867872,3.79602275580506e-07,0.000647520131506033,116.493613197344
CCDC56,1420.86547595422,2380.42166982074,2.67854461375832,6902.26081375778,315.360588627532,909.956154856435,16707.615647703
C6orf48,627.958854905987,2405.70136972867,83.5616094676562,14661.270473569,42.3651895387408,0.0257856410350343,6457.28888137623
APEH,1499.46544206056,4490.20037059269,0.102582684450359,2233.00987574442,2568.2047647506,6602.47030869466,18314.8325255131
IL4R,103.204303742441,1.08593369301958e-09,6031.50396890264,166.720289908621,4932.87664125457,3123.47121381407,1.86769202838217e-11
LMO7,2285.52885577149,6576.41023186452,427.57250781896,2.1474640324284e-05,5777.18740636964,6.54201290072885e-11,684.879148519397
VASH1,130.340089684801,8.79787103648294e-05,2746.24615249289,5.26304172280727e-05,0.0115125291688965,5.37977736775981e-06,1.73106718129396e-10
NEBL,2721.40301332246,342.510481895228,320.491265872033,7.1488647565564,1707.99226349345,1792.40586409857,7658.92746538059
ST8SIA4,1283.80262812045,2.21623059199031e-17,1548.24311162151,2.05969138205047,1430.0926493516,19.3176649214774,3.41196636821884e-19
BANF1,323.677446532471,1725.7195984222,1007.09315916345,7320.84655248779,1510.95852491698,229.885698974305,14007.0149898281
SFRS18,521.251425035169,1526.99876151845,6852.77688455067,1402.71282061959,2338.49335207612,1.73290598613105e-12,1.10539356957874e-15
NOMO2,1779.87312387198,2274.79661262369,0.088598206747941,2.95656614047013,2654.00191228068,2775.86617392005,746.670524458129
VASN,430.950908256975,968.367491153216,1494.73248544595,1946.97563535887,651.167347582718,0.00182367313175281,0.168527361183994
GBP3,2017.416898303,6.51539194368445e-14,252.905962988117,14.3126005343514,242.318430026853,1306.37863532945,5.40508376178011e-12
TBX2,0.0778632383946749,1582.77082095136,4332.86729474772,162.895839807893,4.36911114253647e-19,1.58424850693798e-14,682.105898238453
RAB3IP,3780.85759250285,1278.67446824329,2071.6429182524,0.241847019287036,627.036360227163,1845.50257676405,1496.6179485042
ATP9A,1680.01595294738,5952.72890984603,1.05221948654528,7.94945486990607e-06,4182.5280209267,2598.52842664231,0.000698849595521259
GJA4,239.128090188108,1.12080562879191e-16,3202.8387462913,2774.44856958521,2.24641201625399e-20,1.1236435892362e-06,173.739788621494
DLC1,990.441103679234,0.0449131252436871,3765.72300320232,0.00968419643442694,1.80970110090149,6.71751536453551,0.0815226283989538
VLDLR,2181.26302964934,5053.88829084517,0.282342408539006,18.1240699755325,2646.5877133026,2.09861017281042e-14,4216.05311854645
IL1R1,909.466722042991,771.474261660142,1171.13159732356,20.983570149438,2488.21865585939,7.11683263729712,1.80523540178799e-11
SIPA1L1,2809.61313462545,479.69125996642,2433.79282936735,163.617627343719,860.19920842713,1982.04552082875,8.08809636298878e-14
SALL1,3484.81246203375,226.75714604805,1608.8248005812,338.309905532684,1143.91786735861,1614.16596457358,105.884995471535
NEURL1B,759.708402347225,0.0477895926513019,75.2744236524092,252.275676443676,5.08590896571012,1868.26016574847,2.627895190017
PTPRG,1740.47695514374,2708.98377981382,56.9230372694484,5.31663578475504e-09,52.7197519516279,8.01763474507069e-05,1.03148161255901
RAPGEF5,1062.0682031076,0.119051766695115,2840.08237080354,0.283461095598714,0.000117221209433546,287.722262113429,4.87196657649589e-06
C7orf59,364.928744672036,4.20910649031057e-05,593.774962991051,8710.87455707259,0.00396369283574333,8.44097440049825e-08,19150.1373892211
POR,1603.56989135508,2274.27900580885,690.454489014623,677.767218735732,1330.11802660167,12733.8134760121,3015.61193885578
PSMB3,567.467569484454,736.396968795346,284.983639967943,7139.50748790417,499.991357412755,3513.74955105654,9468.31521023446
RHBDD2,1468.12433983382,3342.21420575566,1127.97808636925,2413.59722408682,1782.20647268584,1.71877665295577,9809.76619491101
SEPX1,1689.45228898755,2.66002367314328,0.000146302957483387,1994.96409151403,0.344477237149514,4059.03790623512,2444.33176446262
LHFPL2,539.202340299816,889.728538853188,0.0258740953415347,0.0419878851228986,16.1656567814052,2.43553377493923e-09,0.5012904282655
PLSCR1,1605.8386660953,756.676849479252,598.365534978959,4485.56088233858,2175.33340059851,8.62623638967143e-08,1462.12816608867
PHF17,1244.14475759929,5883.35229651194,2126.22079858535,1390.22796648234,2578.77103559292,1.06081822273998e-06,8345.75897509104
PAX2,1749.44513748039,0.217008688348665,3138.30224516101,1.13579702164782e-05,2394.9333589067,2.96836231578394e-12,7.33528801039914e-16
SGK269,810.951769435039,513.809076048335,673.499949455798,0.000156416292472452,1.49813854538452,0.334061036339527,2.23334247649657e-05
ANKRD10,470.693638256465,1076.28762604962,5470.13694152747,651.117496413894,3826.96541888646,4.65904772964486e-07,14.378592880373
NETO2,1497.4197791655,2.62996130043519e-13,1589.12536928447,4513.53699020432,6.43806997805922e-07,1.46629883562172e-15,4.07545710974723e-16
FKBP2,365.328674409657,1657.50536412966,1749.03209549227,2260.63476262434,25.1646658957169,3820.31796395871,2878.49306776915
FCGR2A,396.235206017433,0.287397303520435,711.832875318525,50.3547263432532,0.00272168060632039,853.504861315414,221.25268640045
MPZL2,1572.53833685617,0.779248027639362,1668.85185122529,149.789718607988,4569.3051742296,0.480402468121656,539.072406727575
HIGD2A,367.984110036397,2370.62964681401,92.7185797752864,6948.32370964128,0.398961645088746,2925.51050065737,11620.2582801556
AGPAT6,2507.42330761465,3879.94865639187,1425.49964370101,11.6678965030831,2242.08461838806,0.431782307303598,20.9370007556688
MBP,2189.67603371287,4541.83983340758,0.306500387699063,27.6554774402982,1207.42972367209,2586.89037825479,2318.96727295452
SPTLC2,2382.55443815232,4830.2571965619,75.9725541919634,0.00106374997585765,2486.48611932768,2122.84580971693,0.0898849767439224
GDE1,1205.1371703079,4506.09992611818,0.07592015882017,224.108699642684,1903.17592820785,3460.22928323823,16753.1193672676
NOTCH1,640.068289813668,0.0515319591778629,3412.97916615296,0.00703741008815377,0.234102260235167,0.244989190982828,9.21113193374565e-07
EPB49,2343.49954730123,4810.99975884382,1756.12884487876,824.814146647126,1840.27758117975,3.51836751534974e-09,4797.62771247684
SHFM1,110.332039398963,2014.03637922139,1652.78708184251,5148.25239214905,35.9175149051899,2016.99061485677,4664.98880610186
IDH1,1439.53432737292,1368.03487113836,0.00171073288112624,1419.38164103031,21.9415069743089,11272.5225216786,630.667116899463
FERMT2,1498.97997012728,1590.45388793933,2413.87775033456,69.0684834822411,924.987088372415,563.772764092348,2574.6602063612
EPHA2,1120.18314991286,1.13168980038586e-12,5872.95220095792,485.877122720921,2913.33704870233,5.02455133839029e-07,9.26991773159507e-09
PSMB9,727.640064004116,1.20707116631806e-14,556.224450686261,2540.04945340168,3.06836589458301e-09,0.362274129807862,1759.49071281098
ARSB,2583.1047452329,0.000300415696666897,0.698921364845063,0.000315614231989781,670.054109567096,2.12875775929934e-05,1.09353327873569e-12
C12orf57,453.960996180208,7.72131992436424e-15,462.043987297343,13036.4491792207,3.21077818873637,14.6906642878787,6724.15778077958
SOX4,1104.86197380411,847.757544765,300.021130475519,3938.74476888751,4120.40589108203,3.37953616092142e-05,1.43952439933923e-06
PLXNB1,1571.46522821868,2396.82615394659,2436.38351149747,509.814211301124,7362.12976711931,2995.56865282635,722.273346554597
TNFAIP3,543.92089670262,653.808552248448,5537.67477833092,1.31708490442027,0.0382116510645107,4.3140041590496e-05,0.000175728952914106
SMTN,117.439173657143,394.40766300276,5695.46716430436,122.858584355538,1.05819913845525,1.35475716139085,36.9045461664209
HOOK1,3194.56780354733,730.263106420642,1717.95282514326,59.4033595879441,774.912625316611,638.3014604193,0.0125358131003251
MPEG1,874.178700179787,0.01737210247101,19.5385400997295,8.99926580552777e-07,4.65435062841202e-08,16.4881314968516,1.29688247108432e-06
SEC23A,2096.286738876,878.712486807211,311.188635666264,281.02910395127,0.000864921547226675,1447.44474272862,0.0619676957173819
LDB2,1095.87037241333,1.07477331876051e-05,3928.51104985448,229.46224534297,9.70831223745395e-09,5.1300732205417e-07,49.2141290291146
EMP3,0.0170606253851732,9.297595677061e-07,1730.69116603031,4945.11350282629,1654.27044619044,2.05828249342591e-13,3.9553370682277e-06
TXN2,1397.70779409676,2748.92733138026,252.341561130866,9369.09575654321,13.1443750327778,4699.49339837328,16986.3101809987
NDUFS1,3185.57668099585,5829.94201273652,0.0422936442937866,46.9368040731089,817.806412056923,2053.11441297443,2170.98730096624
TMTC1,1447.05714280726,1043.83872774682,1015.91716299046,0.00102215256917221,7.27920221928862e-05,1.81562836290768e-05,0.000106905111498885
HSPE1,1729.95440607703,1754.26938913867,7.84187132924066,5250.16772102236,169.013756477146,514.558727566081,10098.7803938811
SEMA5A,2262.25397296971,509.404575876408,3.36889919022929,2.00884063227334e-06,952.251294456876,913.438269795495,1.07105302964194e-05
FAM84B,3105.83801580894,1254.88445409819,40.8022312518563,3.30534892898783,5286.25154202124,2.39424247088522e-05,1647.16153708457
EFHD2,176.451966055975,4.23323453452092,2358.48703214295,1340.03459295575,1101.39722826806,5.45932588690143e-11,781.370972154545
TNFSF13,2410.98037060601,1171.68518148901,1021.35164320583,19.66074199328,3709.98336872494,1581.108521657,2420.64830440028
GBE1,2299.14322022923,1876.05061943599,1.33651839330981,102.155709811465,2420.79187320637,15.6194032628271,1941.63437055518
AIG1,2710.53747765378,299.411143589526,13.8744443017569,5906.0102688478,0.0486124644725003,2132.154334294,2213.07747060556
SCPEP1,1527.23523917173,2299.20938383286,39.9290154767932,0.150719453592743,4.19495598177461,2373.46156426996,12609.0517234846
PMPCB,1888.07060431785,5734.20276866128,267.745220190666,8760.86915691931,3.14637083058717,4349.2855536744,10108.6330731679
NDUFC2,1243.35868290209,2037.84990313011,153.960946611042,4307.47385777845,39.5386724780026,6640.81550573706,19569.5617631702
NUTF2,332.18962084969,986.739166003662,1294.19306102994,5547.72041625096,1813.98904937687,0.645696203658661,10302.9437900642
POLD4,135.840561932895,1814.90505004579,434.627562924159,4735.62965519567,517.124494505522,11114.5611001825,5591.33094771193
VAV3,2983.54874651941,2509.8198930599,166.454767156324,223.318488827266,3902.32186583413,7.07624036034949e-08,4242.99678919307
RRAS,0.926575515345577,8.51323693489844e-12,1124.05004647749,6192.52876607686,283.995605027091,2.36535964780608e-15,1704.65116857086
HAX1,1543.88083260931,2.50986964415412e-06,319.320011531515,8798.37750567972,4.2145317723535,0.153208341515212,18490.2128796747
MTUS1,972.4100651703,5718.53037841765,2489.07124055545,398.55984124445,486.078022379382,705.333674834767,154.028285086093
BIN1,2074.06415846545,170.037411329587,716.035830966194,1453.17081929045,3060.07027574986,0.00291186395200192,0.537057995206389
TSPAN31,1233.64690731771,1383.69767605548,6.5700195439134,3902.00966074675,1976.27232339141,0.574133481908552,20577.0578221253
TMX2,2176.82657688852,3702.67403425086,221.060549761431,2847.41985616611,1582.59669810081,5566.43614625655,18933.2117049414
RPS6KA2,1053.23247076646,1084.18071338959,1524.95623196665,1.28646753942141,104.093400875169,1192.40141498707,43.9886559095644
HPS3,1572.04329512388,227.602493193658,784.178282975918,6361.90231577583,1492.09640553303,2318.87146685416,0.636789579339391
WLS,2063.08263152329,4113.21892103406,1481.29634590462,1033.90478760153,1411.23444614328,2428.48814628456,3829.95823090139
FMNL2,1602.4142819675,2916.53102593177,2959.85192150725,428.159518443734,2244.39612913671,3.19977635891669e-14,0.00961448084527688
ABHD12,738.743456308156,3017.60045073301,943.336438433681,1870.41893979292,2560.23842407212,103.807409301766,5993.70284727264
PTPRJ,1614.66786329252,6703.92590217518,40.0548593727772,0.00176457951119944,2400.20448283524,185.322228411789,897.48828503566
OAS3,1260.81170460473,0.834196022651606,967.18295086538,2.02818697931186,1967.20189113557,0.444164325962053,1.68437627404389e-15
GLIS2,1952.19787632548,1394.0590312085,1703.82560371143,980.94905230716,4077.34362811993,7.24018977444816e-07,217.102315687612
DPP9,859.199317571377,798.933676636273,3150.2090029512,132.742094958405,1684.2838677179,1784.19115541214,0.229334547317152
CD53,232.717020470914,0.0135597054067413,348.410079393155,31.0830206766398,0.145326466672523,1.38796892862778e-05,181.393647076189
ABCA3,1733.85193950916,747.932672713286,423.97610681005,73.1313036387789,3690.5159198254,2.17093172380988e-06,217.658269407792
BAG3,1532.27292123459,1686.18280618596,3294.27497567033,277.217864507837,1253.83453682478,1830.82514810428,1808.8085751719
UBA5,2884.81055701034,1747.97707219081,2383.09552215146,1106.73483115804,2.04084157530635e-05,0.00132138578514169,3840.24066735454
PGCP,1645.17119422059,1142.77682682262,336.140513419494,4.64016276254333,214.164283424679,1.37933536317102e-05,20590.6993508211
TP53INP1,1322.4623075624,1726.34343917913,491.514372848648,0.00147835275103963,363.352404581379,1.21684955725038,0.0184074783641562
HCP5,1418.50969196295,3662.58470666863,1260.19790908956,1721.16666816594,1.99545074056443e-09,0.0109985437950226,2911.89695301323
ACVRL1,454.230255032908,1.88763715681889e-06,2634.63462652092,770.139423271177,4.3646387714044e-05,0.000193356890960924,585.64334711658
PLIN3,560.11795072317,355.009026217863,3.32062164419305,2890.54074403439,2793.86472097616,0.00337333313292288,1213.60981950631
CDK10,1005.41331840359,715.269086146159,4511.18686474516,1639.76191994821,642.12689430996,0.396516857785053,243.400586869355
SH3PXD2A,664.278584798471,588.475708884496,1838.23026795164,4.71670216321974,1833.74202206028,51.7603150234246,4.867777707199e-09
DHTKD1,3078.94257196033,544.909617072533,1.41719646864961,1.56022464848959e-07,369.27533085714,6165.49844597323,0.000188326060300676
NFKB2,412.418597045369,3.10293920997894e-07,5065.27167523229,1022.84702948007,2746.0898514986,3.11921873817323e-07,2.2942008583691e-13
CYP4V2,3371.99655126934,738.357977922418,2019.71507282829,632.827490109473,11.2706867380211,2228.47634682476,2158.55644754291
C19orf28,1008.29485603695,896.893884883689,1633.80999352183,11.087747340382,1965.43525642377,0.0298180175447395,656.616607554335
TNFRSF1B,61.3949269266668,3.29202558442203e-06,2515.52998317704,0.216956430626129,0.00882907298187547,1506.20336873479,5.23059229504226e-05
FBXO21,2041.00937329098,3492.00082538122,83.6480576118716,2193.67556702156,987.617903258781,1.06063707980614e-08,1505.69610990078
SVIL,1709.06975497128,905.103671808102,1857.45555404777,0.0662354777550251,2845.92830474651,0.482621513134703,108.462768149638
SLC30A9,2924.22687332585,5743.62398956019,13.7345731770746,0.530697403134077,1181.94788676654,3222.84331351791,5441.16561235258
GIMAP6,1342.08933340744,3.10559674569306e-06,196.000944953951,1.12038321886197,7.38622468682865e-07,0.000537306390791376,705.573238758026
NUCB2,1279.66276809854,2838.91256380506,1442.28272524977,1260.25608320765,13.4743160989859,2023.52859533432,2200.66164472899
SLC39A6,2184.20318736628,1452.89850219598,155.403609570043,3048.55722878074,2590.68962285499,7.09087007209477,1371.61221560195
C1orf85,1910.91352827181,821.063619127918,6.74540529383447e-05,206.907852373498,1640.90432962612,2127.93966953228,2855.06943893272
GOLGA4,2243.65134265029,5965.83554661127,770.485871665761,0.000798956856471628,1776.55757910314,2118.56371704254,2.20065469170353e-05
PLXNA2,1310.68483281474,742.881632784984,2877.18785161764,0.00689883653888969,0.00444465781197542,0.000615877046015464,7.8949605712535
RGNEF,2927.30555942688,3866.22969562921,367.277147897986,723.466162304195,1262.83835007653,1476.73983471882,0.0152443021173874
PYGL,1701.04667524337,1.7979127173557e-22,2641.49654274274,3231.72421640231,2178.84381601903,3779.12867712652,5.13220972100211e-23
BCL6,622.418960085261,115.673698066866,4457.11023984324,2127.95276305591,3561.3944888623,5.61298643848368e-05,2.26882225202839e-17
TMBIM4,1771.37456147109,2202.72787328398,36.2449041323314,7533.48579083185,11.4640290176476,335.944623190769,14713.4506667138
HCLS1,16.6534167123036,4.44846862807999e-13,1935.59843835229,0.122325617042165,2.25532347261031e-05,1.85928078026819e-06,2.33331300963421e-09
CD276,838.263732576143,863.520627800572,807.640730652387,184.74962620995,2561.46032982744,44.826829882621,985.025629264571
NDFIP2,3062.81651373445,1117.8574937677,1.0845291278768,3118.34819049773,1537.60872503287,2.1990674976143e-14,5464.6391895758
PCNX,2015.11188908418,3081.06759109776,778.91557471513,0.0399647928810654,819.042892757073,1324.62132324012,0.00396221380997568
RARA,915.26296485308,5.13787107807515e-06,5142.3642852475,2484.20374441421,329.65933960529,709.658678038707,2.99007174026277e-11
CHMP5,2219.41630307748,2852.3833977251,318.887069966203,8261.89471199353,4.33261215488565,4.27618805159046e-05,11887.5975720887
PLEKHA5,2082.13195395177,307.967744724973,859.630872093696,202.40888914972,1530.86965084145,8.88611957116487e-06,0.00578430922372713
CLIP1,1575.06753973707,6254.28087115389,663.041918737324,0.0273490729089976,2592.21810591455,2272.83534052586,655.845995847457
APBB2,964.005581180998,2125.57762375186,2683.81698471866,59.6107361692954,3548.71345168201,758.096557483747,0.553545623893089
TRIO,1327.59949390182,691.661521478674,3028.53629358661,24.8071765515554,3951.93890144105,758.170324269178,7.67456736587887e-19
AKR7A2,2735.62961391554,2.28843721145775e-07,356.734318673839,6096.48874455982,0.000659884704273697,467.850882608543,4179.14642535335
SEC23B,3095.67649072063,2740.37085334855,0.0496710691378108,52.4157924033666,1989.3886395564,2789.55910880709,2958.68959188065
ARFGEF2,2270.09255699567,7022.70116655742,262.357046346059,0.852373389483305,1807.16611597977,1899.26743410558,157.391772547278
WDR91,1433.79116780636,69.8663861349326,3749.63462741911,1416.17135322731,2816.98475156191,5.59120497038113e-07,8.04467953666673e-15
DNAJC13,2430.32862225374,2739.68303900016,8.03916656917859,2.30274455783462,1665.07606276468,905.63938488668,0.0291944112394429
RNF181,1109.00559802434,0.247150031343621,207.881550867292,9251.8231765684,0.00281245775094893,3271.98436724174,6017.11820738636
PPA1,1533.99092148479,1453.69340372804,0.19775034844137,7162.49611519838,1610.78524076941,5929.97998040703,5543.67264131536
HSD17B12,2134.80180429149,4569.13261588378,39.0703272804415,1778.15428524345,2213.24224099303,4734.27796929825,5933.28703594387
C12orf23,1874.1951687346,3491.15411865698,1015.8915892504,2012.64866649774,1978.66275026617,2329.38523282525,3760.35040346367
RIT1,3211.89109195711,2.70936126411158e-08,1525.17074143405,2891.38869022485,1.04594232227415,6.54377613460858e-10,7.00830838060509e-05
AMOTL1,1965.98383569217,1509.79119305174,95.8699613227445,0.000193384228200576,2472.2080173168,2769.9312765247,6.64854609518381e-06
WWTR1,2061.9140001478,288.335351236798,184.409382276125,0.166623010351718,2229.79833690217,6.70720558609002e-07,2.4251776330984
FAHD1,3344.37602789726,1459.60114971493,229.478101527971,2671.8363659692,0.0934335543519279,1981.83778198534,2670.6871149942
CCND3,645.263790510753,0.0904232499876026,1345.40501587656,3729.6762958793,3446.03953536653,0.000254344877019476,8.21784536292298
NRIP1,2615.84484730525,516.983790926616,113.98433124773,21.8015536278243,2972.19451010822,8.98869729718628e-05,980.207568165332
ABCA2,1121.24825154224,2921.77850634347,3123.48643250939,53.5897896460184,5243.61927047626,3383.81556745419,2327.98986080963
STIM1,1382.46467508892,6259.98214500741,1061.43670696998,190.859612799,759.337911185801,3916.34819009599,6303.34395296382
PPM1A,2464.08703163237,5436.89784227193,1404.55158330187,50.7543361216461,225.246521722188,2802.54089309913,6700.15249317795
CPNE1,782.136516549408,1445.08118139145,2509.039122298,5495.91009535995,2815.35908632024,0.00677646810603958,2078.29174619454
SLC43A2,1566.19927593739,4286.44190561665,513.142861014572,1.3749329584886,0.708602397369482,8.38754861690367e-16,2503.06154812203
TMED3,929.669559684458,1176.91087349357,0.00685827620519799,5526.1577634685,2026.03733082373,1431.65144392211,4127.27553331392
ABCC1,1813.41589467917,1136.61102306144,1120.64265988406,0.101190281163151,1730.02827206525,1.33061081829512e-09,1.02910342785291e-14
PRKAA2,3187.34719335778,1893.02590867229,7.59798740967927,0.68844414690205,2.36616075134379,0.0320662829554726,1240.04064728351
AP3S2,2327.93524568849,2641.96632890951,151.645742041153,586.692186562052,1442.59856370899,2832.18705012756,4392.7315704656
TOB1,2093.65917297763,1733.55356540135,2712.93482090175,210.398503741521,4650.09698263748,6182.82794829902,1203.2075741959
TEX2,2006.60001485692,1017.09744675502,30.7559785001042,0.0373499109175723,4505.65682582979,2921.26877056852,449.144277482829
EHD4,1134.33308208151,994.962309043794,2112.25174905988,158.219674230064,1578.76079804497,1800.01259199954,1479.66612069817
C16orf5,1798.01653458798,3716.29246390537,508.501559957467,2.9349212805945,1321.49843454595,2400.8412932463,6254.54887602008
DAPK1,1907.49543166286,4.8594286018807e-05,3396.32768230549,21.1277577586544,5593.50525331709,1502.90320155748,5.24733777957621e-19
ABHD14B,1808.03828779972,2586.25805533362,198.614373204063,4789.73858180145,3253.91313713346,0.0276540821546755,6917.79312228959
TMEM63A,1878.60588158192,638.552845243931,1153.4237115517,0.000354050813639575,2516.29420010725,1.32727521594387,54.3826387559998
SLK,2930.06374601331,2079.86920264382,511.528336619645,0.00492874169244394,1924.86821935275,252.010545237159,16.3084855591166
TRAPPC1,519.431441600616,1002.95959153928,714.110877116966,3722.76747126188,2110.60365871019,1.37782800040639e-08,2345.08428458941
ATM,2279.84140685268,986.614907722771,3635.8404753898,43.7915390554382,1.39696495762263,8.07093556625623e-07,6.82587257614444e-16
RABAC1,299.540773913949,1424.37685910651,1597.29803394684,6118.24400051991,667.45790685049,3302.4465973891,6528.44346928444
PGPEP1,3084.62941333863,649.435380429035,1115.16361542917,236.800843775065,240.107261951366,2582.654371962,4.90088436037312e-06
IMPDH2,1174.55693059447,2216.18544806704,122.110414105202,11364.7746900066,4052.36725313086,2778.21771191992,1001.47889742291
WWP1,2580.82587701374,3596.93031660347,209.178352427033,0.065782507956214,3.70401678709817,4431.17565565088,1354.92485469406
NOMO3,1289.57065712965,2208.3933150014,105.582368439352,33.6169189643943,2229.49647537631,2275.79158897937,940.625280168484
ASB13,2352.4374002489,2.41017972516068,0.446144764133468,2754.22816682922,0.146873478254649,1486.41440102063,1139.03704905019
HERC1,1743.50919941369,3384.44342109393,1029.30007855453,1.54817639110644e-06,728.026952680011,1.47989305902797,0.00126985693948887
VPS13D,2118.5683618988,3339.72861760259,47.2572400085486,1.95387951144977e-07,2904.55062412655,1965.96781675055,8.01642854563788e-05
ETNK1,1564.68216704182,3964.96224059407,1420.82716618985,142.708163103613,2483.75355770268,1.39987873770273,6735.64317279738
NFIX,1481.64602608222,266.91241648767,1343.52514680163,772.1472289901,2346.48961901493,1995.27827205088,4.64878406558973e-10
SMARCA5,2210.01130439361,2259.13295539572,545.129985414318,2.56669039585831,2168.09251512482,0.0415868942467075,77.506943071469
RAB34,664.147909889244,870.604850737484,147.516456263866,9485.85308588269,2893.05798490011,3.62908702936579e-16,0.0104848886770984
DECR1,2059.64535460832,4915.27246770873,27.5817635048858,1377.16623527803,2.6724209412633,3116.56518790923,8018.83732843651
WDR81,1300.39995874402,1013.1300036465,1191.40135219059,770.902615425209,283.531747934921,0.438220890885303,5.91313454266219e-12
ZNF358,387.109960485163,934.35863278771,1707.04797512798,5227.26834589637,145.636001840206,6.25900902545441e-07,258.411613193534
GNPTG,1266.31194317263,1486.97924121525,1360.6683472179,4063.92589431154,536.705502255306,2177.44043835284,6984.98694636447
RNF14,2583.43315353322,2810.92844580202,0.0321831768745998,3520.07178179944,1.43563793221567,2653.16242967464,9855.85964089721
C10orf54,773.000540905206,6.19249120177539e-11,1980.70981201589,526.664962177676,0.0112928062642264,2.75109901491102e-05,0.346953173791852
GNPDA1,2359.53854179232,1672.5461195306,8.59293373921157e-05,2775.47456054539,4.63900549552455,0.452322271441041,2932.35675722199
DMXL1,2931.04043373789,1843.35547979021,42.1549988286287,0.364141022207702,296.745432299406,0.209380828664104,577.967955304605
RAPGEF2,2154.6714055124,2877.06312803769,1685.14941697912,2.09226545065609e-06,10.0554550031918,1647.59874994266,0.0893832553902462
SLFN11,799.990178524611,6.25182516299714e-14,1837.86776051133,2111.95625045553,18.7458185658051,3.68123164090896e-13,7.04775011290661e-20
JMJD8,1530.47211244685,1203.94596237018,1399.20446027743,442.101656010706,3239.42457474984,1640.89320945368,2100.7013994907
RIN2,2460.06157697822,3547.03949159385,53.6360284571458,291.243742458518,2025.61811848491,0.0262446253941318,588.453469842549
PDK1,2584.51085123959,0.000295629284209776,925.198338955485,1994.54124184499,1733.23939631966,3.47956782970553e-13,399.832316674176
MEGF8,2102.45300689226,3760.54280515743,622.499779957574,1.09168698021276,3717.35696050382,0.157351962635996,48.2186782063025
AGFG1,2127.54569126897,2128.47493688226,98.0163326034765,2201.29755423151,3564.76478544129,0.519412633107766,752.2365138914
BIVM,2419.37930912215,386.050752019561,280.744061994826,2071.8634662136,1239.74276183625,1.72788047352674e-09,0.194392308263522
PNN,993.928584934761,2457.70479473904,6841.21114018448,701.714475270849,2838.25714536869,2.07428471340756e-07,5.4898898403673e-09
MYCBP2,1671.43133110813,1666.47572869602,122.92352336168,7.82842620745511e-07,536.611005589128,1.94544232438836e-08,3.73418920761976e-14
IVD,2934.89709717855,5472.83263847298,1018.64467446887,129.2199590092,1306.15533490302,5039.26305632745,2321.08636172025
ZNF532,447.081066050101,1131.24265793806,3235.54990801959,1765.53447407136,1472.49856064941,5.64168601403136e-09,7.38257345750725e-11
TTC38,2704.08439811663,192.204597107472,851.829510167849,1849.83033548248,0.000116590672262389,3000.08420177027,2158.23368075696
CLCN3,2828.9084988813,3297.34444504608,0.345445679523218,2.78425261242111e-05,1196.07277619558,2896.80346663767,12.8318332714588
ARHGAP24,3050.17927298681,2223.51841584228,359.064951623382,15.6550719037235,776.200459832136,1.02959737502039,426.970578329442
SLC27A5,0.0205749938684024,2.83657806457209e-21,0.0591392103381403,453.29279502443,1.61209773308005e-11,25121.1379725264,1330.14141865658
FGF9,7.78617090682912e-69,4930.27517710941,5.32263038221254e-44,3.01712892181307e-26,3.67303833640992e-50,6.28833079897123e-32,1.82036999064518e-07
RELN,0.000169051676090786,117.830343544149,8.93440841181959e-23,0.249190125988668,912.383745078847,1.06224741537576e-21,5.18482481877565e-18
REG3G,61.8334533548905,63.7188401345086,7.78780028732887e-72,1.74501498763203e-49,730.477190331785,1.50122568289686e-25,1.37823821862947e-19
SV2B,292.368200806898,759.37558912657,1.74130479312604e-50,3.22963315745594e-41,6.43771198768447e-14,0.00651079708450127,2.13225897907935e-19
FAM180A,1.29791421414195e-96,1.04821723227106e-75,634.887710672412,7.76176636044166e-39,5.48955543551299e-59,2.10031714970896e-23,3.35546454543541e-57
KRT13,8.42546375000281e-72,2.49352040145146e-19,1.32449802854158e-33,284.702470887423,1394.45057890844,1.04969590511674e-97,1.18556764337095e-54
TMEM30B,1.37206944295217e-26,3409.44431553708,33.0320137865295,2.28889508920755e-24,1743.62221275742,0.013867838310005,5219.26539097056
C8orf22,1.91514833911155e-25,3.34289728464381e-48,256.09926064373,727.494176328918,2.73888406293085e-30,7.46892503547731e-22,4.81983003885348e-35
HBG1,62.134162142225,5.01535708506105e-47,701.595437300195,5.20368169910596e-06,8.84783324776566e-51,2.31256859087416e-56,188.819686600395
SLC6A18,707.042221119074,5.14705127105548e-57,321.244015993896,9.75989644611418e-12,6.23388626783863e-39,2.00067480187975e-47,3.13197907343262e-28
CHL1,173.198097120968,2228.66387268529,7.36326619347467e-24,3.22563501492535e-22,1370.21538102639,518.45564655427,0.00480862321397365
SLC13A2,214.170347288643,279.129711938748,4.25470189052228e-53,2.29843996617412e-50,2.78990186860626e-12,0.449507135509857,4.69914900137521e-27
UGT2B15,2.22663405267378e-98,1.70602411277249e-40,1.89553551655808e-114,1.43262193551367e-50,4.5118086913528e-114,23637.7265221967,7.11941054133559e-21
CLSTN2,175.766269082311,149.750169485329,4.04453456330992e-42,1.55909984861687e-34,831.467775153631,2.25169617064379e-28,4.65633343042346e-18
GADD45G,2.38884719679595e-26,2349.85094380966,1.10099889638802e-11,1042.13816556038,3.86425315519152e-34,7.96817033765837e-29,9522.08346316044
CFHR1,1.55574462987148e-57,6.2932914034743e-37,2.7086715140123e-45,2.33376144719149e-30,5.61941223814538e-55,23355.487482194,9.09931740793939e-19
CYP8B1,187.51403058313,1.52699175643126e-24,8.19969470045163e-27,4.71319385143412e-18,189.746538834016,17673.1830938757,1.22124659926693e-22
ADAMTSL1,3.36460746377729e-15,2864.54084146418,125.70042290251,5.59445750134768e-18,4.14985850827931e-21,7.62917204238481e-81,3020.67651621981
XAGE1D,4.1345148201e-70,1.21653809398335e-10,7.58569891325484e-46,4.11066779294426e-22,486.385298220431,3166.63518666134,5.69403409827115e-23
PKP1,3.82721022213948e-14,1.12858806107952e-32,0.589695488286518,2.23479640473773,1042.20686956176,1.19862756613469e-37,7.6833277941265e-25
EGF,105.337652342402,3182.37766267654,0.0413185648807495,5.95555379473547e-22,1.08118040520389e-25,980.483724071116,5339.71417903715
C8B,7.96409823311695e-124,9.58031003190663e-46,5.87598453712989e-176,2.72096182287719e-56,6.56768317748639e-188,23184.5255348585,1.45136643383929e-21
CPXM1,8.02607008768215e-36,1.66204702862808e-39,1.42769380558079e-28,9.80835676010927e-13,3.1396890887176e-08,5.32106035235497e-26,2.24510599129432e-37
F3,1.24985608953874e-23,0.0594564856876569,111.126488397576,8.60215849788643e-10,1862.54942431229,2.07300224075209e-31,3.69250028213737e-13
CWH43,5.5082107597106e-50,3379.22377135014,1.69546845535805e-35,4.41758889074187e-34,8.8636752499187e-32,2.43783798668763e-13,2.58985630703134
APOA5,7.07584417008814e-128,6.3731674598386e-46,7.67154408884029e-175,1.92174295959374e-56,3.62587242855066e-162,22831.306418326,1.18685229766505e-21
NTN1,3.34159508980507e-27,4816.31543045048,1.47734960242927e-12,7.49640209977752e-10,3.55276704210113e-26,2.94875653018414e-06,907.870044380051
HAGHL,3.53940912181329e-20,0.0490733517337531,3.47085480223671e-21,4.14417279956533e-17,3.6114617447695e-14,1.05522891874e-39,14401.9069973544
CILP,5.90581416132995e-68,3.6800094069982e-87,2.3170907049261e-72,1.88564012869144e-50,4.46275045611959e-91,9.73008649709986e-61,2.24087841134771e-62
FABP1,60.7536824744142,1.55123687570293e-31,4.54655852118177e-28,4.36231605194851e-20,2.34017478738044e-47,22248.457612092,1.4897607085484e-12
SLC38A4,224.73836025505,315.22449688254,1.19142868091775e-39,1.2855647131717e-31,3.55667282617418e-35,16425.9830775085,906.977086957449
GPR110,9.10302500513976e-50,3757.2925568769,6.38704837553531e-44,5.45206742468251e-33,698.457494592016,1.38273766055692e-13,2578.91223461212
LOXL1,2.25571895436875,2.301274167436,8.80504592508729e-09,0.00605320590084914,475.471649889797,1.7589695290015e-12,5.47425273689533e-10
GRB14,0.00244629011858366,3713.39760571167,1.36143917841477e-05,1814.61921707792,445.89372989491,1.5399111666768e-22,2383.9743300827
FOSL1,1.20121647200793e-13,4.18351957401032e-29,876.184506156132,3.31302738169475,1110.71674162207,2.4846242223279e-37,2.00014860869038e-18
SUCNR1,270.226182808035,325.734299304708,0.00035407472502996,6.78681633664915e-25,304.791659480172,0.000361295741066186,1402.13663389861
RTL1,1.18903043589141e-68,1.10081397478687e-50,2.77090304212973e-60,5.92130201024649e-44,663.132448785138,2.12955392092739e-58,7.98340647254978e-42
KRT20,106.670222659228,318.871138712463,8.73998107637565e-101,4.5149523476925e-85,9.49362568436993e-34,1.13646636451393e-51,5.36384174426293e-42
ANGPTL3,448.599464718266,3.37621826319793e-25,4.69092333619793e-36,5.91166186031883e-23,0.000259817458229785,6348.07186170196,126.222345511154
PDPN,1.3893784870675e-17,173.169141136286,1.66548444773113e-37,7.35930833613564e-10,0.0338942463329829,3.93517430263657e-25,4.43440487703055e-08
MOXD1,2.80881162300585e-18,0.000142132640584268,1.48414944547879e-14,0.000129819944800072,1574.25032740798,9.76750090746722e-09,926.917518558049
SLC9A3,421.389602652878,70.2681764184395,441.67075711756,2.21820529597921e-18,367.66545664212,0.0313996042366761,57.3295991537332
LDHD,566.962743273732,2668.11693520002,4.00427426389555e-07,5.7178219469652e-07,8.58891248896187e-09,4266.67889498577,5038.20558717034
VAT1L,8.10111585726423e-28,2782.5103469924,8.60770606969091e-23,2.09455262939254e-05,9.13001513643516e-47,1449.42829074328,7.25591969128752e-21
FKBP9L,1.49867312520928e-20,1.94606765981813e-25,4.4783386367004e-15,259.798636937352,1023.15008471254,1.2706894716472e-32,2.34472373393224e-17
LEF1,1.39485484560694e-22,793.167529474661,1.51790052828641e-05,0.135493511532054,1549.59622456345,4.42320026025761e-28,705.28310498636
FGL1,5.67633802034583e-80,9.33974552871627e-40,3.78652512123273e-107,4.46218792737911e-46,5.72222969672703e-118,21367.7940555325,1.07267841767338e-19
BAI1,104.404740894311,310.145022105826,3.75794669142887e-12,10.2883953017684,3.39892016046239e-05,299.739530712947,2.82145198502194e-34
ASPN,0.0992396545328202,3.96235080405345e-28,0.099286902660348,1.24231165035225e-05,3.33418593871034e-22,1.61203607539959e-07,0.000302781750317764
TFF3,2.2606140121117e-43,1.08335993276511e-26,1002.37279038517,2.87842212984795e-13,7.99316843420632e-26,236.019264883804,0.00248629177744371
ESRRG,456.572742113531,3247.41158914294,2.29009527327768e-06,2.62609590749636e-07,2.6818763202265e-12,662.945901336094,1730.48103487196
RHBG,1.13537788456311e-71,2308.28745555824,1.31843502349453e-47,6.4958909617371e-50,4.48812930920648e-43,0.00021223929943758,8546.88124682091
SLC34A1,496.66429483369,118.469038785369,0.905991314797283,1.97183778749732e-21,3.00689199162902e-24,2.24503427429635e-41,3.38009433594379e-20
CD79A,1.62067545927441e-39,2.54710041140137e-26,3.58477736829784e-17,3.17867195544805e-19,0.631375441556131,1.20080361754034e-18,9.66681118136307e-35
MAN1C1,201.081452311885,3683.60739302134,0.000777283920062488,0.0514070600877713,2.89309763663003e-09,309.054278017858,6.13300768402196e-05
PODN,6.5980446886681e-25,5.77685523585407e-29,3.66236367510479e-07,6.90250046943283e-13,2.88971996115698,0.0136580527214925,2.74661304142472e-19
IQSEC3,620.434453916932,1.16434894258769e-40,1056.66141873636,1.28994073177375e-24,7.83530788318365e-37,8.91153822447543e-37,3.28886873734362e-33
MACROD2,0.0888051053013963,216.324241374084,4.70983015143662e-25,6.07110837443195e-13,928.211139224284,1.12532840562554e-08,1.71755388734116e-09
IGLON5,151.082453874031,3.06552972262084e-15,0.000783533657377192,1.36487404144461,7.71857826336151,1.70991920087094e-10,1.12339425881093e-28
CDH3,1.21577801474198e-43,1.49479036989568e-18,1.42434079311281e-18,5.11008539452628e-09,4019.45122783932,1043.67852669892,3.49343806973071e-25
COCH,5.06417687577816e-36,1748.47769069633,1.48581107972586e-35,7.64188966384323e-30,0.000377265564894084,1.83076933727678e-08,0.0499388791850362
PADI2,0.499991026004797,90.0625022488153,330.507828513602,188.647038452001,1337.00886794057,4.29385860933932e-09,1.18571677035581e-16
ATP8B3,45.7817956922115,5.15030022667461e-20,4.62256402566592e-14,0.271187410662962,602.807914684123,1.48980738095877e-05,1.44339193175374e-22
WISP2,5.06147938323389e-39,1.48764341962791e-46,2.21027218874511e-24,0.0847655853454088,565.584409911918,7.72918262452626e-42,1.98186800786657e-31
CREB3L1,0.503782133796021,1184.85324103714,2.79060435194889e-23,6.94474007446515e-20,3.14596005419126e-17,730.178789481199,0.0407794293927565
DPEP1,553.501773041215,0.104274807096954,2.25437489700236,194.590198257111,17.6322405511855,1.153589687069e-13,1.52824840193085e-18
RHOF,3.05967216454544e-05,603.716790806159,5.58306913991348e-15,808.003271917736,3078.10575800075,1243.08930831951,575.73370990217
RGS16,2.28805007129785e-10,2971.12071632299,1018.47872237013,0.11312419186474,4.46893111814122e-14,762.815297769205,1603.79602930194
CFD,4.37000477510304e-10,3.80016001165766e-26,0.00229034264849523,883.199256305139,527.641509169508,2.92184659055208e-10,1.76904031610933e-08
TPX2,21.8165039096276,10.9108286607655,6.84047926824812e-15,800.971390901544,1269.94539697898,1289.36554516502,2.8209553909849e-22
KLHL3,1.97493499688638e-16,4269.54679512113,444.963711818,7.36859587693979e-18,9.3278726499691e-16,8.00586039893078e-15,73.7156843314592
EGR2,121.318933773974,161.425339829321,1797.47079296553,6.5676979362516e-10,0.0109586514886394,4.753929197969e-29,1.68278485163531e-06
STAG3L4,172.764997944806,100.785854331037,3.58349624329196e-08,1707.53893190313,4.42604071318806e-06,1.86226196531068e-22,12300.3295831576
CRABP2,5.95581723808006e-25,2.2107388528311e-06,3.67856992046552e-19,251.328001166182,758.613230754259,1.4727226625573e-44,3.56830333659531e-20
S100A9,34.028612192831,85.257555992959,792.072289018516,431.335217290046,0.27960788220755,6.93540103102686e-07,522.310452634709
GPM6A,497.241930463779,0.963016458049234,252.673045959615,185.069822786286,1.43455631416482e-24,318.159718373773,2.45045833061787e-10
ME1,329.300071963941,535.214039916698,4.2371147465844e-13,5.18999918953361e-07,0.534550160794945,1138.07799682421,811.920556571428
TM7SF2,264.147760923789,1868.86130591337,552.268692276351,431.016131876446,11.3896817131877,4212.75382216175,8319.63426788487
PABPC1L,1.72124968994988e-11,60.9175686058635,1699.89796255035,66.4305075991121,1264.78574433395,3.44329977002422e-12,5.34613099586364e-27
LOC728264,2.07522513415375e-05,1.2858635141749e-11,1434.48378407889,0.00188139956156373,1.27723704836744e-17,1.41995055903558e-20,5.74427431690415e-24
UGT8,616.53904982893,3674.03639557895,1.19514545208309e-07,0.00290898223660794,653.068839927523,926.870939005064,1361.37732540389
HSPA2,113.089860739502,1259.96138387047,282.36626252782,0.00328608513277255,3464.23005295312,702.075314796009,2742.77872544147
BAIAP2L1,4.50224065684729e-15,2498.67074795442,1.01558611949839e-08,1233.49253471917,2109.60992638885,2117.74060561547,952.344598209694
PDLIM4,0.0297211175576767,195.205966506922,697.404842800196,0.00269333954879291,3796.14297068911,7.76002515801563e-09,990.005011991856
NEGR1,410.312023832432,5.39090043792056e-31,0.0908291566227277,1484.32522587462,8.0883435755058e-24,5.656699626283e-44,5.58810292733592e-31
WWOX,188.099916624691,301.105527842405,762.639216409792,1426.4582196792,416.250762423135,0.00227233990358912,5.6214165913679e-05
CARD11,1.58870252065201e-16,5.29164865183475e-24,3.60591628186223e-09,347.143749329874,948.458756610934,1.17545379975008e-26,2.86492378631997e-25
PYCR1,6.03737693500518e-14,188.444643449658,1.47295722377467e-22,741.061241009117,979.83186408897,0.00489437373098565,258.50397494645
NKAIN4,44.9178485142239,172.778782613449,2.41900461825181e-27,1.43041701442442e-26,95.3155088920265,1.61060216456838e-22,6.39977666347077e-20
HAPLN1,143.544052274434,5.14704725407992e-14,19.2368148143536,1476.0375593542,0.565530482765292,8.31041020364917e-20,1.51121089551986e-13
LAD1,126.145787622617,136.639632866733,3.39611141655613,271.6745942685,3360.73239484749,451.995279699298,0.000965279907243479
C9orf71,646.707527238757,0.00181329229748241,19.8719816741586,6.3345023263452e-07,1227.6557934983,4.7470754226633e-12,2.02273630928637e-15
LYG1,709.657789988223,2.28073580348336e-34,1.4683169481283e-14,1321.57967167666,6.38375959017595e-08,3.37572803116403e-23,0.000191385932862404
IGF1,2.10639922772724e-05,2164.05754525162,0.000619524257068912,1.73848831488638e-18,6.09979233392961e-21,3170.24315737227,1101.17958892093
LOC162632,43.019950175762,972.6102755666,1325.35109296811,302.322302366676,9.46045356847335e-11,9.08166816505128e-20,5.27504430834535e-23
CMYA5,818.888252998818,681.434803512295,195.776359332443,3.76620816554086e-19,392.800252092093,6.1964612844542e-18,2.59895806349566e-18
TBC1D2,1.22294902422843,1838.36399487605,162.153529944117,24.4065799250154,2053.83521519419,0.00149437609132023,1218.77551011822
DERL3,9.99707394332127e-25,2.48932183125435e-21,1.43399810921987,0.000267701835240602,63.0991772590412,1.18351757103505e-10,1.21647634685941e-21
SVEP1,1.81735046343507e-16,1651.35499769714,0.00107663036254582,2.76869990709243e-18,0.000200995982275601,0.189779960188683,643.828239039118
PIPOX,525.602988090786,8.35788786481362e-25,1.13792149745716e-16,155.495933912057,9.98205844722887e-11,5766.29279248634,1.9904486232116e-13
NAPSB,0.0051039712039204,5.05419216347603e-25,8.05694991387321e-09,1.24728270255213e-06,0.00028264965662813,3.28260393441587e-21,1.55651654789766e-05
EGR3,16.1088391999025,2.37268261464973e-20,2904.60173952351,3.11256186033453e-11,142.545671856966,5.7793377598643e-34,6.94337302500806e-06
CSF3R,27.9719453394865,0.000531953954971493,454.699552748403,6.04419228033397e-08,0.22930035335204,0.000781663308422987,4.42224528697337e-16
CSDC2,633.628603715511,1.1756535303669,604.394783199291,6.0739323566974e-19,3.06480393352806e-25,1.57668931742016e-10,2.29204428745431e-13
PXK,30.6499390280751,3623.24005570256,0.0216018732262308,462.720922405031,2.15618142231969e-16,360.88238812327,2160.31454879152
PLEK2,20.7869822533872,858.2871794427,264.091112973968,175.783210983977,0.885892031811289,1352.16925727416,9864.66801858213
AMY2B,0.00204410990994463,136.698312842625,2175.15358868689,15.510639997348,1205.12059978946,844.381341512673,9.94862422043498e-17
DARC,1.2832989390225e-18,2.98871459210407e-26,85.088092381216,0.0160764289325332,0.159118370407117,1.90161574062172e-18,1.95958348889034e-06
KRT80,144.63352639221,3.68102452037156e-05,4.15956943392326e-14,481.141375123049,2743.8503162327,4.61345094984428e-12,6.95577878286991e-25
PLEKHG4,0.00134172465998649,1.49732771429326e-27,1258.67244134412,901.229006140405,959.794485635416,9.86376886066049e-17,1.32157937762537e-30
GABRB3,1007.16155531721,7.08731910257349e-15,780.693693128319,1.12739123167862,2.70411586654889e-30,180.732239209535,2.01025245979648e-21
VDR,468.028992477841,2841.54563677255,457.131910318389,6.74343275753935e-12,0.00724316339469733,0.000560613919258387,1511.97313712256
KLF5,233.150391058751,5.12410117030159,559.583471983791,1.02744656942623,5303.02055707676,4.93854586970999e-07,61.6767675570769
NR3C2,300.691809987005,3711.62667465698,359.042509337523,0.00341419839897724,0.00806574314547456,652.019612359708,1126.97427567925
NSUN5P2,1.77383051584316e-13,889.653728647443,1181.89544788824,385.755994448242,0.577348021812265,0.000334476714925842,1315.53790125536
LILRB4,6.44709639723641e-05,293.144051465927,1.28798696697369e-12,4.1811914064343e-09,0.35910120473473,4.56871798906391e-11,1.68375722496597
DENND2A,28.2248740074061,10.1024547222587,373.678857727691,57.3589743135147,1534.04417852904,0.128607926079244,206.356550121019
CEBPA,0.00219999452932324,6.23150339388733e-05,1.81877992788629e-14,8.54023568732197e-06,0.000438676483362914,3408.64638541595,219.777059847956
GZMA,0.013311855019064,3.8808540779161e-30,26.483744989845,0.00432119253968647,3.46257915623671e-17,1.16308551235142e-11,6.11397842735769e-07
ATP2B2,563.828330413291,1687.05780760615,802.712263693285,214.75829649734,654.939934818029,5044.47104574404,0.000129398714202587
JPH2,8.57148707165711e-08,135.323424344742,0.0286643701773451,0.0368117526346216,485.622904688669,1.85358974346475e-13,2.57243102561904e-20
CCR5,6.61675879205175,3.77386469715389e-26,0.00316875002394966,8.71489429819291e-12,5.48390795723957e-08,1.07118633616553e-16,3.46204151280796e-22
HRH2,1037.33144639101,1.08585288918466e-21,1.54851132746518e-07,1.11863963052691e-16,8.08793003577069e-16,0.0263637665012797,1.21547393654764e-21
VWCE,145.404842688601,6.22488332438462e-20,48.4035057635434,260.403421647489,0.00798546059293638,3.56851174306613e-20,5.31364854875498e-23
TPSB2,0.415686306870484,1.28850328292857e-14,1456.83410687509,101.451039893751,3.11232912185527,3.21459369998157e-08,17.1581929733165
TPD52L1,274.895876424249,1445.23007570948,6.38163950605665e-14,679.643759918196,1131.73479596345,818.829063287854,4148.65263639861
CD27,1.10217921387821e-17,5.34657958995413e-37,1.22312676122227e-12,2.77242954147055e-17,3.16993109140799e-12,2.89231945682954e-23,6.23902379445769e-24
CLIC5,724.953593427836,57.1373692825173,7.30317482132881,1.10907839846232e-17,323.715828849729,1.16282822376486e-05,108.024685797517
CHST1,8.02255925365774e-24,6.10069416932236e-30,1.91879413500057,1.70543207601195e-07,1.21650753698887e-28,8.08596252721222e-12,1.05071216218295e-20
GABBR1,8.6968364676243e-12,277.912805882963,2319.56561839293,62.1395322678975,1433.34342435239,4.89846759234956e-16,5.99369741695902e-22
CITED4,81.7304203182583,166.190573688822,1354.59019273277,1586.85651518169,288.16459501733,0.00542941929215466,70.3923371949248
GPT,588.860274008574,2.60952312398887e-27,622.350123938994,0.000278362020216039,8.10100513695191e-24,6896.41489691695,1.22679255398842e-18
LRRC19,1119.61897176151,5.32893926967883e-11,1.0956257647125e-19,9.3636412074649e-19,148.553721394656,1.66480252469237e-05,351.919772305443
BAMBI,947.363286044705,418.920650827167,36.1970985006744,9.69929967351485e-07,710.737687337451,5.30814594154221e-09,0.00048935707000025
TRIM55,686.87156645821,5.25710045707763e-31,129.279100425699,1261.45482127949,15.7549274112106,1084.92296371562,3.74642853279472e-23
SLC2A9,926.95676395438,4.88508831773521e-12,3.3655181865768e-08,20.4874277545826,396.079209486108,0.000105680406449368,0.0398913827259078
METRNL,1.88529344085833,2313.15318950335,779.22268277854,110.181339380937,924.952760050848,1.44393491898641e-05,2511.38645876213
FZD7,4.76608204329664,2154.2360016925,0.038885652330128,1954.96056186119,13.8025061182876,2.3998453022743e-14,0.397677912557604
OLR1,456.110636142779,5.4399305151562e-09,0.000237929683946034,0.155831106086454,1178.2164197977,2.79613288489941e-11,0.00237921686006044
MRC1,290.354514632033,106.068633759624,159.258668358237,5.19285939601859e-06,1.24276712728708,350.622406775266,0.00530872932130406
MAPK12,453.443241246811,1.59836770225565e-16,1210.45713347932,1059.42467664645,9.40068141289352e-19,9.77698783168819e-20,1.61270818141745e-21
EXOSC7,83.6621000141082,1979.18131015286,228.375722540407,1176.37174948048,430.58062739287,817.029552059216,7824.46860753144
IL4I1,141.085493146766,0.000183912139034216,695.62920167462,0.0217589260429315,4.06528143017442,2.59185133956471e-16,5.94854149236566e-16
TMC8,2.07399193750339e-10,1.61378705880014e-16,1088.5824039487,2.00793217373165e-07,2.14938010826335e-05,9.70031785454069e-14,1.87336923036609e-22
SGK2,424.950394233359,2781.38421918424,87.9304718721447,3.15950321713278e-12,9.82521962174754,2049.75170869714,1512.68157206327
COL4A3,487.848915800798,2286.46751409217,1446.78895195995,162.410279444054,831.92784942955,8.87171786203172e-25,6.06846242494879e-13
SLC5A9,641.551775969211,8.71982563072169e-22,0.00698509775152033,0.106330805482796,1.27769273030532,1.15570427979327e-11,1.74541086270007e-21
RNLS,593.139233855587,254.151482983064,5.61389008079503e-13,1.73343927471296e-06,0.0228065087743534,328.322450935578,552.164021893666
GLDC,547.897810018514,0.843697911590478,2.69207347808809e-18,0.0037802585415514,1876.36747554095,3576.18159011806,7.93086095284732e-17
CSAD,9.34136220615181e-05,326.356039462019,1949.72535577015,11.0220809333346,969.177994138713,4.23430895393274e-13,1.11897700693266e-18
PGM5,202.732453942084,1242.04191702457,383.121884973223,3.12195570484568e-07,1627.48882948293,3.30677372222298e-20,892.756951259844
FMO3,4.56349300283916e-19,4.33030447982959e-18,0.106533774986237,0.0033309303689743,5.39238372915422e-06,2142.74780206592,1.2140351255962
KIFC2,0.00396943599917517,656.136096817192,1959.69264494907,99.815823427492,1388.33537738346,9.34965398321465e-09,0.00168857929659423
NBEA,659.924830490143,2295.89543568804,4.40959066104786,0.0501130698228879,513.799073975812,2.94877429896538e-24,7.24078929971177
CST7,0.00851808520423458,6.20135646134424e-29,48.7756524204811,3.33930037112124e-09,4.93251313425312e-17,4.70120331171539e-19,1.71082758751568e-10
MAP1A,256.0001879149,370.443703620026,0.157209141291966,1.08296139661633e-07,401.565848372095,0.61445179699176,5.32719140255068e-09
ANGPT1,3.65699783093184,1788.19798966568,28.6780062232543,1.03304723853025e-05,4.36440963355453e-17,7.60595934939696e-17,4642.11029842428
SNHG12,3.0673477104966e-11,2.11487827168359e-12,1001.97156842113,888.649000020855,1826.76002310595,2.50378651013401e-20,6.73821928353364e-27
GPRIN3,512.244422566736,2563.52206112483,2.53009413971629,1.12025373882486e-11,5.22446624546549e-18,0.0255840908532939,1.74094527658537e-12
PLCL2,563.428524897787,3068.12558320931,239.271331962434,6.79679978419218e-09,2.56672325656082e-12,2645.93712024378,3.67084068601243
CENPF,127.794463171731,2.13834163815865,3.38167626995994e-12,166.413041189851,1311.6720762755,827.059030125993,2.78638273416744e-22
NXN,169.457191301364,81.5934015167846,4.2819862383024,665.569455194319,2253.36189338215,0.0147023875001857,5.23885217467271e-05
GLCCI1,252.968905678627,2841.51668820732,515.573656893626,477.453569814162,6.98925300096627e-09,2.24587308067319e-21,0.00707756393995219
ABCG2,597.952652516936,2.88554019594434e-05,838.048926914612,0.12945614238591,6.76007050850607e-27,1376.28794549177,647.688220678053
PRODH2,673.747056049054,6.21772828586977e-19,938.002905662564,327.14808311364,3.50876856533605e-27,1679.94654144439,8.69060688911187e-21
IER5L,7.58380603938165,3.15388605217218e-09,1295.17837643118,1697.72596651874,754.880456813125,2.21029072669648e-33,1.26732383479175e-06
KCNJ2,4.14761503116973,1.75718897853911e-11,919.95965530246,72.5037335636676,5.00965778996209e-18,2.20801881894168e-12,3.51034615447663e-14
PARVG,1.19258043231117e-07,7.73663522570807e-11,1061.46143426959,0.00119799541385275,1.55549577401235e-08,6.36698566312032e-12,5.49611907067755e-20
HSPB2,153.864960876603,1.99640038813026e-10,5.81712955361026,3129.95985955057,1.12001199631084e-06,1.3894941127951e-14,2.99982816537446e-10
RNF144A,297.181919032589,760.824149276387,768.853075002255,91.7947601230493,838.972097153047,0.0942504936930131,39.5229252770437
AGTR1,446.548148593395,8.00527449965579e-23,1352.10982423724,1.24868692212869,1.19592369959407e-32,496.926290685512,1.99367178756485e-05
LRMP,595.131906217304,177.599692111426,677.8495752779,260.1891137613,4.993021622118e-15,5.58612938534962e-13,58.5987576613767
SLC1A3,244.603356882343,4.26586657251307,2.4126347467357,1.70501855912551e-06,9.09603974555436e-08,1.21734507615633e-13,1.16023004047276e-06
SHC2,0.32252209290386,421.4326220492,1638.74148058988,885.490715621969,695.638443013763,1.12988151220621e-15,0.183345316468793
INMT,10.2320176662031,9.96646078906033e-18,23.4740664502364,0.000307244598393308,0.00478429026148305,333.010715330806,947.922725939486
BTG3,1.33957566255989,1578.4588674652,378.013505560287,1060.90610565094,913.065416237665,6.11375192880911e-05,3483.46794741526
GDF6,376.107410449295,2.00210674823482e-08,712.828667567342,113.191186486822,4.74140890633328e-26,2.58703026781639e-34,1.35047340135809e-18
MAPRE3,116.839002527274,2747.68427917623,295.077548702162,1887.56226154897,0.203090209008635,6.13730835927537e-06,0.0101219161920891
NUDT22,254.227662544242,546.015721309683,437.750681332809,1196.81484227927,5.99254732932723,1629.65747812531,8621.66991617454
CCDC85B,3.68577844802813e-11,1.43119536427554e-12,509.153182844727,2022.94893550763,2.53028923003712e-05,5.90262476129763e-13,323.990034812662
RALGAPA2,515.465215099975,2401.16357670442,0.00231612396226066,2.08350953902398e-13,494.370933900198,968.132315971196,3.00506266934913e-10
MMP19,2.73025817279246e-15,157.486215073145,1167.92366702726,0.0323618771622055,115.047916159243,1.76776227015221e-06,0.0391690801513063
CD300A,87.2894376442711,3.32638492981435e-12,533.834203227105,1.39628323795621,1192.5657733503,1.90762817120698e-08,0.00315785865342294
ZNF692,0.000699342385496319,122.130032038896,1778.25651861092,1079.12641143111,158.965011508901,6.04306436589517e-10,7.56130561301331e-20
PYCARD,1.29253146594016e-11,3.05824654197209e-06,3.79590431602289e-06,518.436764119634,462.294405974185,5.65915098154704e-19,2.35962467652593
RNF157,687.428218811558,465.656082290366,140.953225970455,0.000923935815082329,469.63257559853,404.436883390292,7.13775204095945e-15
FAM46C,148.076722922728,944.602960805016,446.462897232375,0.950571667092613,378.455852377291,2.80117862727208e-05,5.65454665344364e-05
HLX,0.00102086591680028,2.92308033593673e-24,1024.43180065761,608.389565689058,1.95465188996899e-17,3.09902242081379e-09,3.1656232784592e-18
FRMD6,553.735025374277,76.7660074363381,506.50114049902,67.0157808763249,4.77218374764067e-10,7.58521773777649e-10,5.33926378171432e-08
SCN9A,459.883547594445,0.458093152280195,767.396289612852,201.091667999942,1.84721931359851e-14,512.821163078436,2.08589379733039e-13
CCDC8,390.435156557734,468.020514798635,260.650193630705,126.753390943788,1118.13309821128,1.64018789476814e-12,135.294177809489
PANK1,1438.81916856444,482.157436080754,0.0295964755427696,0.000226572760653554,7.03356471143069e-11,675.125886258278,1820.27827646081
ARSJ,443.350560991438,2182.32119694747,351.011042747795,183.275524698578,831.734369420245,93.0380606449903,450.842853387077
NFATC4,8.83702763280082e-06,33.1211459358599,1515.45651466139,70.7486197465974,873.00066493264,1.22769859917923e-11,0.00060196248162601
FGGY,649.910631579473,1.45266232240814e-12,2.02138358238257e-06,1683.82859025364,5.29497041813469e-06,6988.28857939837,113.106973089319
TUB,935.624221865935,1480.1669357931,780.321483074203,0.160491611676842,0.00207936342603332,7.402499247245e-16,0.00246777054427666
GPR155,820.430767472817,529.194149680927,544.592816041236,2.36861234824936e-08,2.95178903478449e-11,377.937352102019,347.486508439598
EPHA3,18.4606096192289,1.42765238670904e-13,536.269271941926,0.00113210376044167,4.72722353158981e-19,0.00101494512683716,2.63928530619384e-11
CTNNAL1,302.462775616187,1114.85617386465,142.345690502425,1098.71083624283,1420.61386920771,11.5994399711667,4030.55350432436
PTPRCAP,1.64509653325827e-13,3.26989005927027e-31,16.174307351154,3.71284513551502e-06,3.07671838600002e-14,3.77361409029258e-18,3.78946118430919e-10
MYO1G,4.83042131959939e-05,2.36196142833946e-25,214.690164744877,0.00191477165486098,1.8328393995726e-09,3.46882948400966e-09,4.65345900464066e-22
PAIP2B,1177.43672814572,438.740824514975,1.53731747924347,0.00532704993355587,0.000130326238331819,775.034516248139,8.10613474868238e-14
AUH,804.407386959685,2055.81134753603,250.628250108514,968.104088057736,0.15240714068403,2.76903896519763e-05,5609.32402041189
DBNDD1,675.659612810766,467.877084773208,567.646382665436,136.32170602104,2079.13112499304,2241.06199146464,592.299249442605
CDCA2,915.068619077204,2.38547883485651e-34,19.752322536785,1799.71354547346,3.13604524168663e-23,5.62576279370736e-18,8.0015131129308e-27
PKDCC,131.237257138187,1603.36335813519,717.781782801421,1032.54599570467,221.476613770136,2.62948824515943e-06,585.889101534258
TSTD1,470.107643386599,4.36287061528915e-19,286.135963521327,1795.58276333428,712.030632588547,0.000109382357038767,7564.14377126379
RDH5,317.022706540678,5.93624972060745e-26,565.807599350959,1028.67853368655,2.74157200028558,643.214546276367,8.10624291221391e-21
FAM38B,349.73084575375,0.423432996665377,614.372194830271,2.38131395638597e-06,1.33056874728478,948.565946410412,1.72273115462892e-17
ZNF498,532.33293048769,731.473907669549,276.081425408964,215.305421365698,521.485621437029,406.21640810622,0.0847515112588448
IL17RD,1045.43697221265,508.575943132442,143.351881973194,0.00121923934876051,777.920572128337,0.166524898774498,7.67848980206513
MCM4,578.920861162023,690.415756362519,61.8065201319022,143.229025632409,1586.21728231025,503.492114276202,0.0688485530100855
LDLRAD2,1.39940728484066e-09,5.33945246764732e-08,1156.22186252436,3.22459573010772,7.08957495326238e-11,4.90872202691861e-13,138.763573088722
TP53TG1,153.622225350218,6.03605303206015e-23,3.49959137277808,1576.16573754481,0.00103312011423342,7.27135318245772e-07,8619.76531187936
LFNG,12.5372003318112,1.14764195154746e-20,36.5775608637599,528.694421337679,784.242406855058,1.3264075449192e-17,2.92878921360938e-19
IL1RAP,141.016860656132,0.00332151477573899,252.119943184194,88.5222334095692,1303.53747699678,0.317808179177428,0.00872904315943173
C19orf25,315.276706362326,397.77177613494,518.651895521559,1766.42924296612,1.35463890327798,9.31634236317892e-16,7787.78972252888
ENGASE,4.57002736395852,350.931837763616,2211.81965214645,157.046450387671,772.312947326524,0.31338411611244,4.33115315342887e-19
SLC25A25,255.77262665486,1704.14910760943,1984.93833384752,8.47247953188396e-05,54.4753357510698,6916.04918660161,712.030418601988
RDH13,430.836805925614,598.404900759219,6.40949922006479,985.516099098779,1148.48361789722,4.23429681323405,1149.66129200433
SYNGR1,492.371820983155,805.824459200681,322.4404320054,978.998985886684,1037.82271408611,1.07451479634464e-11,4090.69254748033
DMPK,0.000102239503121952,621.718743824146,1731.17391348611,158.073703214745,827.179158708893,0.00257900905871409,1804.19309556749
LINGO1,1.01309816635456e-07,1.41595411293727e-14,436.118109388604,0.212561255610542,1.85778156447765e-13,3.96688668887173e-05,1.69056818030173e-11
ATP1B2,5.23448958534071,2.38457136277489e-10,1285.52722502132,4.74994146503651,7.71385799630838e-08,4.01917462825267e-07,0.00018529048823496
CDKN1C,219.528730441677,0.115780505813373,581.69663190343,1334.81151073314,969.435272597313,1.01837193623676e-11,2.27953052565915
AK1,50.8607028525566,927.340625121613,867.145917879952,1882.85005812565,54.0822252004596,1026.64824006394,5114.71864091368
C11orf51,165.446816812026,639.56107073355,226.147398884873,1270.50208332382,5.2345861995594,1227.19763746944,8077.1139543749
?|553137,916.147552808419,0.0672708709140146,604.334170311213,1187.42874641861,73.6700572512384,5.44942636707056e-09,2.1101403616231e-13
TMEM44,2.06529300096953e-08,1.95398793317394e-25,426.759554306111,1833.79899437399,895.764274509887,4.00414270262269e-20,2.58089264845719e-26
GGH,720.023663062338,1.44026704281604e-05,2.65256730791209e-07,1290.18891001126,171.950986266892,3901.19087406972,108.950410166269
CEACAM1,876.795012026743,365.814597402297,970.767236830725,0.00146675300344639,0.605757065707035,3313.58829617432,617.525229229897
PDZK1P1,1246.30882858254,1.48332971827439e-21,6.96149972326285,0.274372944285025,1.80151112128474e-05,0.409261199600125,1.15883390052136e-17
SECTM1,106.439126542395,3.0294313225464e-25,564.781288075783,0.00124728609203098,9.59191854526376,531.694462127871,2.85695296591281e-12
HOXD9,45.8741482465407,3.57929703539768e-05,1441.46423927256,1418.20963312758,2.23331574297434,9.85900326383213e-15,4.10959479693289e-16
STEAP2,984.349533015474,690.0152248983,479.050693004042,220.013275787107,7.65796661625309,300.591549163171,317.511227908121
LOC100288778,98.5173679416019,626.201468746618,1519.02269701136,1201.1182389828,524.52121736682,1.39578229767959e-11,1042.91592981681
TC2N,237.135745848539,893.330221520473,574.838413919711,342.859361135617,745.40493726045,686.507047173665,1405.1345625722
EMILIN2,56.317919248677,44.9166908747498,86.4705429543954,598.309749467416,733.15256900613,2.22354154774005e-09,0.000277605047561714
C14orf156,218.909295283243,587.488627783129,728.774006719337,1407.78627133913,0.0210456808291029,1.77930595505755,4328.58188141434
HINT2,573.452515997679,410.542201850877,59.099300939151,1875.87902012133,0.05194889537946,1412.44141041627,7043.74621275288
ADAM19,8.35719471564835e-13,0.000144368042052294,363.179118196239,0.257625942380538,48.0864489428425,8.75095910286301e-07,1.59816271441533e-18
RTEL1,153.717876877703,249.907517675623,2150.22498785846,78.6606062045037,648.892334653117,333.782178626326,2.18362781211786e-14
DLL1,108.23397359362,567.17327511653,2104.76530052069,0.126637753843653,3.45387743827494e-15,3.34115532685183e-13,5.59750209614413
LRRC61,345.240182745717,208.228225338113,1.76768335558765e-06,1477.2628328334,278.303819326595,3.61666250198592e-05,78.7756761317108
IFI27L2,49.4975601052434,0.0520220864865432,808.168931021055,2573.36841452733,2.59710788981856e-09,8.33174693332275e-20,3038.43382317549
MS4A4A,87.8248027091027,1.2956050377557e-05,1.82690294636531,3.54154112392165,1.93380018110047e-08,0.0156930210624163,11.1945895940269
TRAF1,20.1709723627708,2.71023681988826e-06,1816.39267312856,1.7330655540374,0.0066751519422557,3.52041738397194e-08,3.47735443947072e-19
UAP1L1,388.973087652723,1826.27305303458,1517.79877305637,259.949751208107,5.12825041209145e-07,7.6645641567558e-18,188.892190999328
CACNA1C,0.00556042040060599,1.02894328169056e-08,916.370018408126,5.7373594572776e-09,43.9419179060645,1.77466327458321e-08,1.20442539743232e-19
SCN1B,376.394783717207,694.505212481938,433.006725609419,719.158000542488,20.9111899609329,326.474653404668,1300.75901662801
JDP2,251.371805332132,101.208870362493,1735.95941494763,38.2142216100649,22.3316907239423,0.000914678085278982,121.355770532109
KIAA1467,408.398631715157,1908.98704388612,223.303617221039,10.5482691645211,683.952609875724,483.707944700745,1048.78883995597
MICALL2,5.21686293106352e-10,61.1559213858337,1576.20335476923,7.95063500213196,929.206389541107,3.60840171503677e-10,1.90835202369775e-05
SLC27A4,453.942116011795,2166.40312689982,313.167956676714,77.9781253014816,462.227832487396,1705.79731049728,2785.37679039231
FUT8,507.427677837075,361.47540143615,0.0611510295105615,12.0898325180565,1162.18817824766,8.03246388205112e-10,2.4691786920366e-11
RGS10,1.20752023049235e-05,2.46301366879292e-16,1.34777597417527,1733.82169432045,143.808330303273,6.65018261608685e-15,0.000127814715472634
PDE1B,90.8009860468846,1.20038578547711e-16,952.659380334211,209.675982708303,513.827735517939,2.61826766539313e-09,4.21189599877647e-07
RAP1GAP2,353.779588583519,968.920114812371,603.65249592,81.2529391908678,2020.48445503838,3.92813960347354e-05,66.6103645767672
GRAMD1C,770.579252130305,1727.78328170162,34.6793738876011,701.05803544051,269.692629873828,530.682998674645,2113.50706637765
SPN,218.690890523,1.3601220746827e-11,132.354756934591,3.23234394227908e-13,3.35509324925478e-10,1.21197683975218e-14,4.30427814421839e-19
APBB3,31.6284239423922,365.379682225788,2088.5360849305,287.501655046489,0.00728992482653423,2.7424829540023,0.000165728042555159
AFF3,958.752285680645,2.31024758714746e-14,321.718869186868,590.638242113974,5.19733583162285e-20,3.90384403460831e-34,1.39900990609613e-23
H2AFX,5.99568522472636,313.025674475684,480.089889175049,869.406526130677,785.056683707722,676.271446181146,360.46298019903
COMMD10,671.827631356078,673.488522516228,0.111579798159963,2342.21353514447,0.0168398369423346,726.099909298351,5857.64068197586
C4orf32,308.863490220819,309.419125545288,965.338221620557,347.658916550341,2.49433606972816e-16,23.3494398175459,348.636299555051
C11orf75,351.727054370893,125.875225688375,20.6334568537129,2.62407428209796,321.807474174781,1592.87464252301,143.743470154123
FAM167B,87.2009513756258,2.76312798050864e-12,1195.74232637406,772.533107787889,4.30875070193454e-13,7.35356659802925e-11,27.2390487410875
AS3MT,717.662439826587,650.785789909961,73.1493160464444,267.665617053732,11.8447437665227,23.2800769887843,1278.7879869541
ZNF276,8.84557554375586,482.511208299469,2413.11627961633,32.9822914902184,719.86606169519,2.15844793519348e-06,1.20468166008622e-08
LONRF1,307.583038184018,1882.90400694004,1443.8555571546,130.917692225052,360.445214610761,2.200847250137e-17,1970.11119062037
C7orf40,0.000927964132891346,5.97261042672685e-06,1219.69931287692,1508.83969684411,11.3630581144459,7.41345819860731e-30,2585.01704629011
GALK1,261.478581980391,5.07882244279515,13.0718937874473,1273.39918256554,144.084464015052,884.150909590771,961.822794655801
SATB1,331.09789169579,2229.21285071425,413.687798150927,2.63693258042242e-05,543.279248071799,0.00433798587659271,0.862373363043461
FAM59A,1203.29610247584,242.148867028567,21.3049539908188,2.13037507884787e-06,553.473492096711,1.18794613931473e-06,7.30463420759088e-07
HCK,54.9207129373208,157.712122267415,191.253370547675,8.59460791192611,0.174580846633349,0.0113870556064311,182.722733251564
TUSC2,317.011655368838,742.075714555805,169.00374700106,1017.23758680253,704.143380000417,720.453650966955,7632.91647695904
TRIL,516.723718381278,4.11778130069568e-12,81.3922314414966,0.0988769712894085,2.63223702656441e-09,3.34629141362677e-12,0.707483221642854
SMOX,42.1777243298898,2.83831066998655e-12,1689.78589225367,843.338643666874,2019.59199647514,5.05739477367907e-10,1.31723436418167e-13
SOCS2,263.021719429957,547.130874425042,1519.58930858595,11.1516481249413,1.12675729531935e-07,0.000357777405036664,2202.57767370263
SLC39A11,523.276637881959,532.662296371771,6.46211712902061e-08,1.18748228234068,932.563093986218,2243.94123491789,293.874526518344
HDAC11,509.328596480859,1453.65628749538,579.417374587995,263.512632653331,1363.74514515392,499.978487206394,3335.54370327461
SLC37A2,233.811215758711,143.476415685324,0.000117741119107577,1.53391746074201e-05,0.049980208662409,5.81245932806698e-07,88.7465754363099
PLAGL2,319.545410262946,2368.93514671544,717.652783306293,2.92646167859335,701.103924582749,1.04851446469978e-11,598.964300199946
SMUG1,261.29828097992,402.791028297907,390.18779076056,1238.55449269585,389.688883751497,0.00426211068593345,6372.19381325558
DBP,498.367866010771,276.536939157849,281.099290642132,770.457298704159,0.0164468678679026,957.173044408998,313.394198431094
TRPT1,255.663731131354,612.930453644285,143.298975584253,3059.77293554705,0.755634060302591,943.329514699724,3290.67434975643
MRPL52,235.985480165353,13.8337230397916,536.138012233096,1867.71903467459,3.34610622467039,10.4592055006123,5719.12049329497
KCNS3,132.226430857967,7.4387615823616e-17,0.0189911737345249,296.341898481483,1205.04426748018,4.85193310194113e-12,2.02755665396568e-18
EMG1,195.277746419738,398.694113976884,3.02165912960677,4075.817318824,686.369350652065,2.91530884771039,4147.63164064451
HOXA10,517.269886524056,644.701870262875,95.4945609469076,1385.45237103697,273.703758320433,6.75243976340209e-07,1835.75719779857
EPHA4,824.126904704211,6.65020044739052e-05,350.589024467875,1.95774034618836e-07,2.34926587784711e-05,1.40533016805417e-11,4.76816759202183e-13
ZCCHC24,364.033335410188,74.7161405043644,20.7674584495142,0.0301998971346217,110.640920855949,1104.11664088,125.174848938589
TMEM8B,419.80579822415,2298.6244671533,653.789875617828,69.1083165380676,1187.30306262867,2.18268125285748e-08,2161.05285263726
TRUB1,883.013019719202,1117.79790411181,0.00044510109030159,422.039580473462,413.175391577992,582.827627871132,2441.64234185261
ABCB8,533.295744369948,929.672505998969,266.765261909735,109.901991783486,825.365519247576,1886.71784884221,2745.27941894585
MCM2,476.0049851715,493.565525530877,0.0593071066563955,1387.52745015141,1079.96929157777,1022.37823628854,106.988588333791
TRAF5,0.0167904445508441,0.415029564178949,1177.92487461096,2.15562891529353,694.413129104995,5.25671248551749e-12,1.58405983431998e-17
C16orf48,195.633033135466,157.588089623081,841.842883707931,1527.66156858194,654.341611883612,9.24733548230925e-15,16.7770249584423
ROGDI,504.073555468935,682.477795372611,760.434156395304,2.35071291604479,57.0469081372345,1149.76328698304,2447.43482838963
BMP2K,719.896064178494,608.131970986492,0.504024183529423,1.39622663320535e-09,0.0189709629816686,0.0195910117664639,2.2830417321271
APOBEC3C,298.330108494358,1.96003806284037e-15,1.85246914091152,47.7758743779884,460.141811789875,1.86061834831521e-10,1.18884944052398e-19
RAPGEF4,451.60117703585,302.88061791259,1149.99678938052,0.000291823660541698,0.222744408069226,680.298681624773,18.9846250856392
LOC541471,5.0120039634786e-08,2.8611380107204e-05,560.16216812571,1320.904746155,0.718766123798376,0.235202094571335,17.6696417518686
SNRPF,167.509181037776,410.722907853924,670.22102053802,1817.6227505901,814.472452179044,719.048503075329,1224.74050462356
PFDN6,170.264778303855,373.212096465123,591.001430091211,1786.89718363471,208.708778454413,407.421658608962,1231.68661775357
ICAM3,60.2133329915762,3.57600965196834e-24,465.674894014726,566.623906454449,0.000319624800087592,882.088087362901,4135.94539611147
LMTK2,1075.80326806749,971.621770462444,0.072462465901062,5.99702443701586e-06,427.107724623889,0.472789814592764,2.97759614312889e-15
MRPL48,329.271113017513,449.092726966157,0.595914726820899,2121.58962217469,129.404496761036,29.1906781334839,7192.85436026657
IFFO1,2.10601653854192,126.305794688185,1846.1588509908,162.879496549883,323.838215992888,3.56852252657937e-06,2.88210746624375e-19
DOT1L,215.787461217977,646.199777493548,2665.98042566571,6.50437582313886,1330.0274900041,0.000456218331271029,4.63906913071662e-06
DNAJC19,633.488926912945,614.575435046044,58.0874896389954,2379.33975396916,2.33192742558813,813.848146293779,6413.97236254997
PSMG3,70.2741522977814,275.743168604244,412.386197772804,2130.5491893646,31.1654265705007,3.60464584298711,3120.37430041099
ZBTB47,37.4561503210385,1734.20229606835,317.703362375572,0.000421527263398053,1138.15684547308,0.000186526714643128,1100.74204897213
NLGN2,5.56266655581726,15.8551780219343,1381.83038348409,747.331526570584,2116.02281324913,3.44352366654356e-07,3.07637530157726e-20
MXD1,433.451855913877,1165.82978709707,1769.90331192544,100.084235298713,22.2717668079843,0.000807601148539969,282.901094361773
CCDC85C,662.520422248585,1659.06279994648,1097.64214645689,24.6285535675809,226.937808054441,1400.66452319843,1296.81485283462
TMEM150C,685.131268830731,228.249022009073,660.066681004777,2.23970966561482e-07,0.00589316905183634,8.01431674431013e-07,0.000133601270150882
IRF5,434.925793665368,275.813664559078,211.857759028033,783.426990963266,629.89762052295,5.0209236218256e-05,0.37181266942836
CDR2L,116.549370521551,116.142884474066,674.653937363703,213.338637255833,1622.39062423224,0.000348605213021111,0.0296216525068593
MERTK,493.331696455847,2022.0991567904,452.963509170079,0.00908259928373377,4.3532218435751e-10,191.003415998183,894.976969544811
ASPA,1033.81614252018,5.6054043175795e-25,941.755470375037,246.28154961193,8.53130156354965e-24,2.48603662935438e-09,5.38476183538971e-22
PPARG,578.720677641826,1053.43919175644,767.217924073034,613.142640738029,232.077493394311,1.19076008991657e-08,5493.44996456873
ME3,11.4572003477711,1727.9791180928,1220.41423103886,581.355005045581,10.7054477502612,0.148203410035047,3441.92389270726
CRELD2,217.907068374946,415.111988762449,886.605900291503,310.164271091695,20.0528914544247,1354.48083414523,195.502546701684
CTPS,600.460798269042,438.948836780893,611.835047435687,111.148918503286,795.670214422749,2311.29898447198,0.00993274900889152
SFXN4,576.688474247293,816.286572340926,6.6161432324445,3147.23251303472,0.0108596907426686,820.85374264743,4490.13148143402
ARRDC1,50.5350652219229,784.259766659069,1360.00844590562,331.161467322606,1647.17727085582,6.63836982413824e-08,2516.76247147297
ZFAT,905.25163933868,244.334252950578,0.254298020565617,1.52674573708713e-05,14.5254068183604,0.442451891644216,34.2175130921273
EVI2A,204.330879035247,2.65883041014069e-16,0.000946333928428217,623.977289973539,1.40383049867197e-05,8.26322835785603e-09,17.9906383749792
TMC6,7.42322379172415,0.00314593391707349,1307.18771376191,80.3915045299445,948.280057719006,5.15048347034038e-06,72.7617879070353
PRICKLE2,668.591699527853,184.011225208074,912.123144851982,0.764433637632023,745.216387244525,5.64772803559941e-12,1.32724320966951e-14
ANKS3,230.817475420809,427.944168970181,1079.34642756587,714.222021434183,518.366295861734,6.37805747141417e-16,0.00613613881958162
INO80C,559.222850787443,8.71020631594861e-05,207.452510877619,1246.83573894408,1.78182113603863e-11,2.69488811848475e-08,946.357958330432
TRPM4,280.001986187357,1177.33532333588,710.611106962433,6.68298482866853,842.904812309457,1181.10389087553,3415.23056635169
EXOSC5,125.612845484436,4.19227542379831e-12,122.379396509996,3455.78944834876,447.85420584589,1.38464552965386e-06,1844.75504333366
DNAJC22,1009.50100567874,1.53743322180179e-18,401.149195706943,36.0686129946806,0.0901754825731542,129.568706239406,1.93100163114304e-18
C8orf59,223.196499548745,2.02334387543746,54.8855078451847,3584.18746142474,21.9731256555486,2.11282925839791e-10,3641.3421172211
VWA5A,533.76814493663,488.1635274323,0.220112869573231,0.0111182432191618,1968.11698966486,1063.59103785309,604.965505341061
HCG11,474.761013682464,241.654365463638,10.7597622624939,616.029486150133,64.9115475408059,6.02010810648503e-09,0.000518139908798986
FGFR1OP,766.381990018538,5.66045090152736e-05,825.604758399846,1346.22614506204,4.7694843509958e-17,0.0358574305847703,1.05914253488857e-12
CDKN2C,596.908235958138,0.037445864406626,115.741039144295,1433.74003812706,12.2616667468421,1133.57746396073,1.0748955545507e-09
ZNF468,522.364173555115,1779.20993029747,0.011042794861815,1732.47503699353,0.116534279466849,1317.15285367048,2150.36512533613
HEY1,155.580735614395,690.712219753116,627.491162496521,659.19175549204,1.87115772376411e-19,0.00239093039286931,733.294010928573
SATB2,1006.55317589594,2.69966573845126e-09,492.966598358319,0.0673402428408167,343.331177202371,7.74234819483534,1.69199284390378e-16
C21orf63,216.948279433339,7.03136088290134e-29,863.411166821294,1718.20861590071,250.379660667729,1.81889973071409e-16,1.04962955140534e-22
ZNF862,268.425767360033,681.37151451476,1415.04197734203,216.83457676387,1177.29308549102,1.74068970441448e-06,1.6639019265024e-05
CEP290,396.837707234267,495.688291305655,1293.72715429912,115.982612412484,895.993554608552,4.5525630753377e-14,8.25159525529951e-19
NPHP3,187.919106709388,311.096568137863,1895.87568477924,717.827611336642,470.109563193178,3.51987214051974e-09,2.37630153707751e-18
IL27RA,11.2214665326695,5.75047762339979e-15,553.85324562406,1507.21793086226,93.6226403582981,4.43881614777017e-12,3.23480149966943e-23
KIAA1549,1166.95208648435,490.374674760128,262.677233860995,22.537460537659,28.1984713250639,6.43497615720175e-08,1.28203839201574e-06
REEP3,678.811477682037,597.267986587165,4.02227702180595,0.176868982998134,73.0587385578665,1575.50515239003,4585.35887196963
RAB27A,476.28397105354,806.662122933404,119.585652363649,2.69244109605562,457.311313102014,810.743651004909,196.392652039019
SESN2,683.340415637675,510.317035364688,456.612306168726,5.05056604139687,331.497522607312,780.606385908193,115.764598631822
HSPA4L,1014.66216445194,1321.32820010687,89.9075306158367,0.000135486938383788,424.084739056135,0.0304235985582164,649.990235046695
ZNF462,882.513438872094,19.5130450589229,940.750082560024,0.00325321540629762,430.247015937044,9.16085259121005e-10,7.20078254162305e-19
ZNF611,765.673324726073,285.037230309967,341.837282860049,4.85580584995644,742.854268211146,7.7037961256248e-08,1.18464890971903e-13
FBXL7,157.906004418512,0.000116369376444856,743.896806377899,42.2640292494279,0.135250333565509,649.062807254107,4.40874542093259e-09
GIPC3,105.930305478584,5.21962775853875e-08,866.303486207237,1.82556858460521,4.54932319843668e-11,0.000105631539036999,0.0137361227842467
SFRS16,10.1760460925936,370.351279074916,2070.63951190628,871.515496230836,884.992136714593,0.178166091296771,2.03636001812265e-13
SCHIP1,318.004042368735,0.736306673074069,581.506046961638,1280.80620649481,884.311020020506,0.00540624789454772,63.2287343730742
LMBR1L,4.04741238496788,259.334991405734,2027.01211478044,986.837660469013,951.880275431453,0.00517240612064238,5.37581754740401e-06
C9orf125,1038.52419780256,271.309322511738,13.9769288354413,457.461784810702,135.186949654856,8.51327930099392e-12,0.0649103714825346
RIPK2,212.697590273302,214.605846689338,156.753736926868,1399.38357897731,1275.54233895734,4.37033383988738e-08,98.4667528480364
TSC22D2,473.35590659456,1377.82981172161,2245.19540937046,24.7419754063767,657.432013360317,0.00087749433510962,330.83543616723
LPIN1,189.175471041741,2362.47712964581,530.843535463631,3.36588126647929,862.896685646372,548.933709805106,1.17024054737172
PDCD10,528.143203796212,870.984592301556,2.18602174330281,2013.59311086157,415.746531836562,1257.39125917923,5152.27347327648
NT5C,243.989912217789,36.8798706624857,727.645318229042,2660.77619690824,743.53632183951,1.4560077031354e-11,1337.15743088565
BAHCC1,103.332100846402,229.50635451556,1682.83200052266,27.1799860635983,62.1798785262942,459.6078978867,1.59645247796082e-11
GRAP,29.9539867262339,2.38995221118906e-07,921.833055631595,601.323461940832,1.67541581955052e-17,9.90962849036111e-14,0.38080015987693
ACPL2,634.423749614251,12.6369520027351,413.218670149848,331.859367804083,752.862413297983,9.16664513240195,0.0459641171481878
ZNF436,518.28408753207,291.259535105843,89.9965440434783,80.532655534701,464.35147057539,0.000877548886885051,67.602322085002
MRPL53,287.130916633068,166.697469801617,475.496157862685,3185.83151356914,7.24310952089542,917.5376635652,2991.87773765661
SMAD1,288.367128815632,1134.07437819346,173.527475860935,379.969366713623,117.796298617304,233.022350613517,612.587150589446
NBPF10,491.728982497088,93.9743939323806,515.606904356951,1.24070346753337e-06,661.140838342559,38.8211778084517,1.21891940933545e-20
PM20D2,839.764717712287,726.09793862661,685.834622871562,1434.74103555656,666.936123384242,3.33814393443371e-08,0.000277014075520343
C14orf167,1020.74013742246,782.272910514902,289.910485251591,925.984416444097,0.874005685006043,1188.14573907661,1651.46871592975
SELK,305.969703511896,668.469325598462,413.791997553317,2414.29276852642,341.685076298847,817.243777952888,3240.03561123628
GRK5,55.312531396581,5.02992143797231e-05,992.548846777316,2.24169240281366,7.79566648353208e-07,338.296623977127,0.000319917544137785
HDGFRP3,186.415058053052,1218.01737147108,224.487865642639,363.674963219275,593.335390365143,635.347992631702,945.847190093996
PPP1R9A,694.526910438939,1571.54121158655,193.510756322891,150.844544534243,1142.86331401467,1.26938311079871e-07,0.13176427828985
LPXN,132.43706411102,177.866737208998,395.101676684159,59.6209374709601,70.6065181551898,0.0804624399029895,5.24232912641422
MGMT,166.014562546521,12.9320843246028,211.819669181375,2035.11091980236,3.9400506339633,1019.93032922454,1989.84672440844
ITGB7,357.997139896245,265.783297237949,531.857371143529,232.610622360144,0.692726250744337,0.000187725949947008,3187.17248566014
TEAD2,1.57125623751791,654.640925122499,779.215822856176,1248.0513845188,160.366710081173,583.075215086957,3294.22417756932
FANCC,1086.91741106538,310.743363418647,609.572748442216,139.762198192219,18.8469696631285,491.244806688624,1.86052527311446e-05
FDX1,787.604884091644,1125.59244452002,236.060496586204,279.453810212959,207.516826352029,2467.09323889228,4141.73748713411
OSBPL5,87.5171786790083,176.760805578837,763.970369617281,184.121835420483,667.102230162229,4.14546994964051e-10,0.127295221240126
PPAPDC1B,512.177664596644,664.37600275474,131.653118170467,1274.09210516752,877.312340099654,0.0034491508202839,724.511827269185
TOP1MT,163.894652381092,221.574469569581,616.084818853278,2539.03553602374,403.490469572538,0.00259580321687588,2.12412603679078e-13
TMEM65,659.150681700162,1260.25656271341,136.879093335335,58.5002645248104,196.045925991625,1.95881817913307e-14,998.365784196155
SERTAD3,182.909643291125,554.216215770445,2118.27572175505,776.803585911742,476.90232378329,6.95641478838853e-07,2601.48287313765
IFRD2,448.36557082103,1041.3313857511,240.451851558571,1681.60333469842,1132.11029100129,1893.19732515263,2492.40246795595
CHCHD1,288.926262438777,0.0225269681386443,137.817802471643,1375.95021386863,343.155525057888,953.161600378699,5507.09198214809
GTF2A2,463.357315682559,529.621946604718,159.680734061944,2218.11237944963,118.399708786552,672.198474592213,5745.437322211
NHEJ1,926.418974988436,96.9130770183254,546.041921931616,1166.96688834482,0.000235031216972509,0.000460831688904956,171.308338609901
GGTA1,60.611075467208,1.28435031953085e-14,212.488522641393,148.850522496272,8.45199865899121e-14,5.11730126848866e-08,0.589971782718699
NCKAP5L,57.2635166551811,543.250751215732,1055.44133585446,23.6533951458039,881.32694202616,1.30136146850926e-09,4.2157001498256e-07
BPHL,1170.98566449041,335.592309117002,143.957400024153,1061.85415587107,1.43725313760264,1150.73777819013,1060.29594450398
C3orf64,196.363760641702,259.532843497534,763.796600521778,174.549159615664,85.4253936330488,0.000190905937674502,340.857382697996
C7orf28B,619.585067793327,661.19605846771,9.66914652932412,1433.01951730775,404.819946920162,503.828582645661,992.671111741326
LPPR2,29.7937606678992,277.539599876665,950.826417981135,445.758305609595,799.339509968845,83.1661311383166,0.468839970880061
GPR137,342.5812538313,658.020051661497,572.008176692712,286.035073737178,335.407900760653,1310.20721830466,1927.06580671378
C11orf1,633.072226261037,212.765134795554,52.9279683466542,3613.11992041578,0.0640749717231029,0.492371561419224,2419.00456139212
RRP12,487.422930474511,310.303572468851,1065.91677252114,241.779961813651,1700.72000035127,777.93047801553,0.0028657857215328
TMEM209,593.922746104403,648.355057268643,1.68680065845288,884.83996701507,748.993494566311,12.8813609593529,600.596776873637
C9orf3,396.168485845842,790.679410357235,1256.04385301332,1689.55597357539,541.364853172453,3.25822181556796e-09,2258.22848196404
MAPK13,527.961766207923,807.822439771135,5.83734815127639,53.0462325318733,1049.04125158243,0.561928475320144,3196.67318513863
HOOK2,398.547112496166,1266.61517871743,1561.02729174071,3.91755405352917,1125.62689570435,0.00101322968811469,98.5845990278634
ARHGEF35,687.197925387571,819.285952485906,26.1230974707393,0.010033526504365,1328.05329360049,461.02345282988,284.862260817124
PLA2G4C,648.883098150858,382.466328065702,465.56290905498,0.053353547857861,1.18517876987595e-06,693.87162010413,55.4610591649562
GLIPR2,2.39163045072581,0.00412005837188893,129.078371890503,439.896118013659,6.14672080147658,3.29541796863117e-06,79.5239780978054
RHBDF1,125.246880767533,445.487670475261,904.432912900096,200.428588591973,1606.81398373574,0.0331774610295899,0.00880527325440913
POLM,170.688831743881,411.18856877463,1320.86232063303,910.543194365924,1094.83281451485,1.49591008476128e-10,4.70166321695694e-07
ARL4A,186.206542662883,436.196762519791,881.749780637133,868.00292622643,0.00317100768873989,0.00146416077127807,172.253476100847
GCNT2,993.715826476113,835.791882516866,30.3021487479916,6.83495170141322,498.035555150913,603.617455972821,180.701022228883
RRAS2,937.854571876342,403.022579402954,1.21746294168879,1069.7129753371,508.746242205554,701.152360451597,235.80053152504
PVRL1,295.227268541215,190.887545021285,238.759475601979,5.33994518346689,944.915994264122,13.7841828582135,2.76752903391668e-05
RNASE6,180.771371335951,0.100286961349767,6.38287346157115,204.153478851334,0.000119894217022046,6.98665892392131,110.318271453447
RBM43,771.587744320166,0.361398546634626,0.0103530454173306,176.213854813128,637.542070356432,1.88445717141946e-11,3.7469529671917e-17
DHRS4L2,588.655177995861,429.820955479829,770.457466634415,997.65230251515,1.52986106784569e-13,1641.11319929962,1581.71936851604
KLF16,200.951394551837,60.5583388066101,1697.7424784518,257.503531746279,791.263237227303,0.000132912842092691,74.2222559725044
ZDHHC12,228.311356121582,230.759427882735,401.39811645592,1360.4705222996,846.380561373237,780.066383123217,2113.43591783806
FAM21A,755.760558923355,407.074892860086,79.0293403968828,10.2609007235547,449.85279590688,428.203885073391,4.30593231409967e-16
C11orf49,433.271650293438,510.888475110229,24.3499784504116,586.44975563321,1033.7796262685,6.90040665517726e-09,806.808855998466
NUSAP1,497.498994912886,2.51713373534966e-06,0.086014622347022,742.087497965782,501.640072779844,806.176245239095,3.12205649064209e-20
PRKAB2,616.293065740093,1203.41686355343,360.570448003085,596.149832067228,519.762412132244,1133.53165440685,1847.90080019012
GALNT7,278.536212124702,734.428129990982,13.4479822362993,43.6006103190548,1768.33023452903,1.84327714306535e-05,8.52232850864759e-05
PRPF39,182.427471677452,561.359886247024,1898.78020824771,908.977047204256,484.891530172139,1.75811083313147e-09,272.434330655372
STX18,348.961446655821,1583.81818400706,37.9096328392798,1671.11973838874,271.330820220942,0.00248001754467939,2181.68662363444
METT11D1,324.028114210049,1031.2347155233,1722.3823238229,1170.86385516813,434.792490921151,670.250882151114,1615.73206826447
PTPN21,452.566793176718,2064.23129073533,572.714957454491,0.0835737627265622,436.001929614864,0.00726315892209642,28.2537264777349
IL17RC,428.247418455092,707.465634844111,633.946605812456,1300.61746415939,889.869533155589,2067.20351047297,1718.09684922686
ATP7B,916.887565687358,355.696459207155,379.128056557358,81.5960780649187,141.827906142254,0.0160396974314692,4.49993031733429e-06
ZNF274,653.905785391236,492.283861047618,1639.7174882325,634.809571687253,877.978470583127,476.133016922342,1.95961206213091
FAM100B,20.3207434831819,301.698470320478,901.792368071121,1269.01754812236,765.70327950965,0.0906995854099052,1755.90955022284
ICOSLG,666.740669463979,745.704338365983,749.19635553776,8.0685963402742,244.939154224131,251.22167604001,0.121297876298247
SRGAP1,297.35558450164,743.476153209599,846.86635716363,317.420070790783,894.408443832283,2.01635828943828,1.46611212888397e-17
MSTO1,376.011883720348,157.126162969948,982.816447160245,290.280578243208,954.147317549973,379.477752789408,9.44767475745236e-06
DCAF16,451.58167165381,2166.2460672466,1280.96910237671,115.393429230343,879.990181016366,6.13102092896585e-07,7.25710425433301
THOC6,153.717273377312,191.949520722163,994.302219920778,1733.69348261503,725.327959675524,7.92783857299872e-08,915.500286226822
NARFL,370.112478193085,814.816639947874,732.990359996267,1385.794936882,636.211153549864,252.225462998739,1983.23391765491
FAM114A1,482.626515240599,752.787598428462,12.1461804802706,1.8855851994395,483.876094373893,2183.45052916344,1.72260435769169e-05
RWDD4A,820.7634828888,1268.55887123384,66.9967306084589,356.677045360817,22.9271175863399,15.3958986956085,2332.68588351689
TRIM56,611.86883659286,485.075559419513,605.730372779399,0.0759078122156468,428.995749167345,3.18906727791657e-07,6.29650416333286e-18
CCDC88C,161.887132606378,1.63710331124143e-09,1544.47965039687,0.0384653158368442,0.000193603060909393,3.17185743757958e-08,1.61758819351273e-21
HDAC10,363.545666595859,169.857435229247,1499.6504676408,348.623676452104,456.336259379499,1.96619396964385e-06,0.000932734470020955
MICA,262.093126081851,376.844090873546,830.879095460027,2394.11009001848,43.1031436416737,0.0117009053135584,2260.51299124916
IMPA1,684.968631294031,987.995111192347,213.219502541848,1529.25182089851,2.42862349088687,6.83783393354287e-05,1718.09377545339
ARAP2,585.610664071859,354.144550553898,522.834083343495,3.56069041773063e-06,453.234917610139,5.73587650417856,2.13884883724543e-17
ZNF277,542.45690652532,880.219033235394,0.00402755842137015,3051.66583861554,1.34480101947342,1229.68187452936,468.240246669746
RAB3IL1,601.864823159596,96.6089894801433,643.722461885486,849.775315128924,3.14240624743508e-16,0.0114680267035577,8.20849118820637e-13
PHTF2,480.196007676893,624.009638836036,389.271203318246,1002.12856175648,0.0443756537454885,1.23417079669681e-06,540.146589895429
MESDC1,391.119134548262,0.0027593431504978,1624.6423545892,197.749175174977,49.6732275502321,6.4883599019347e-07,20.9564136445387
HEATR7A,201.992862103587,1288.43880758174,1079.48043053214,62.6481943694167,1503.45015348845,0.0108493485971039,734.381437372056
RARG,114.048409802541,0.002416634051796,793.032455373207,744.935222013982,468.378888441464,6.74730280699298e-08,6.70498295252011e-06
ZNF587,346.244514525427,920.405396638994,1391.28757737938,5.68713082614589,888.390408924115,1.4522876247786e-06,3.45835196014273e-13
TAZ,61.9883535715568,378.151679980872,1388.65090383545,1175.75052910964,279.153074300425,36.1983754657002,399.732651350147
HOXA4,583.978062131584,1.00670077358736e-12,630.096878078189,1803.67877107887,4.04754560771159e-11,2.09544809214524e-18,6.81402016348824e-24
ZNF581,181.992891794314,147.850699631069,27.3878327683729,4451.38350147538,238.317829652055,0.193000338226593,597.057157182925
ETV5,271.052513728567,472.260952336313,186.526584942515,278.173381907748,1271.10688649022,0.169700275118925,27.9133999822096
EML2,251.387620590128,1761.64083188361,987.827435951905,336.130072465484,1012.77472625842,0.000222224385896473,927.56986149387
MRPS11,424.957888385951,355.913162504064,24.9378374208089,1282.81146432817,11.3972791809029,2.30666113599561,4524.11205671715
GALNT4,920.547026615013,655.597500829493,8.5385818430773,7.53933326179891,972.738145518754,9.92820021285096,81.5428539910184
MIPEP,888.546427153219,943.016471216443,0.00127636756515773,218.03068694707,763.127570642256,224.214073249504,3384.70386236293
C1GALT1,812.245444539334,825.079678463091,33.2438821906941,548.976836214671,356.829724071804,58.2703203073473,918.207890235097
C12orf32,393.604068113862,347.745009426264,2.65714427541504,1345.74286508633,801.87689433857,635.160310984207,273.07526070337
ZNF428,161.968642969787,600.408014101028,453.378026358543,1235.71686303643,444.087492205601,841.675006176629,399.087731283646
ANGEL1,352.26769414376,1268.39889448033,894.12052125776,163.479601663086,392.610680967237,962.855205903329,1105.82326727364
KIAA0415,254.199994569642,800.441451098432,1228.68659932848,836.2622869213,240.407797365273,0.00794145426679705,53.4362476543691
MIB2,263.392567384132,231.041844235212,1345.08142966973,490.023722320414,827.932750258354,0.00720387077556378,0.000230093031014618
JAK2,453.526499746915,531.395705917108,209.475509402905,1.31854280712255e-05,6.63689210161499e-05,5.13197713541848e-06,0.00451368680819793
PLEKHH3,117.135669738526,100.525983130085,1350.64773449902,703.387189915869,0.565344182252516,0.00171808518836004,0.000122278262599527
MTHFD1L,157.385605801365,625.09123279754,254.299712008355,754.810045900576,1518.72971283016,0.000322473430144179,3.56526765757607e-05
ARL16,356.295356868531,160.991839623079,792.145125134783,2358.51612125371,271.991105182418,77.1679403793643,1198.03334866653
C14orf153,153.553201987425,406.720530513236,471.649449514984,2930.72582087518,0.820446483272848,8.91248131437553,3050.09553513929
C11orf48,116.55961887631,269.245415344435,571.037305879415,1597.01925172113,304.311681533604,1192.4588727568,1443.7453805612
MANSC1,420.720390003339,495.491045273627,484.901285002745,231.60437520371,946.150288093953,525.720518780084,495.005918735926
ADAP2,252.695679127169,0.0642557355161066,105.668339098128,1.07115294741582,1.90856115392924,0.0356560652131201,0.000141613367464582
MGC70857,283.424507384534,462.092014251731,692.221669891722,1663.3400780378,5.10792809142711,1188.66258018253,1297.01663130733
CCDC45,339.545364458768,295.466634938522,1826.55939327349,1515.59952341599,751.410861042406,7.09587842278886e-05,2.88842604572364e-14
LIG1,272.070287867746,1.56120022317331,1145.81474144943,1152.62907745229,1470.16666299068,635.015841161016,2.73723047616944e-17
HIVEP1,485.14682674968,587.979635759005,879.549429131163,0.009805172858362,35.038983221711,474.129414227928,3.35106841531064e-07
OPLAH,605.729015746183,945.159145631216,714.531083767602,73.860252353639,558.577379558643,1437.84656041547,1025.87713374617
COL11A1,2.59578400837633e-49,2.94872153094546e-26,4.69478547263989e-52,7.28931196107935e-36,7.89022443849173e-40,2.55415557678561e-67,2.29964829080555e-48
GPRC5A,6.74929920599878e-49,558.36391009298,4.00474727654945e-25,3.17476048120493e-08,10089.8610227991,1067.68737992519,5.60064260293027e-07
DMRT2,1.17842486434192e-69,8677.53890004902,5.22000259517443e-46,3.35783448772964e-14,8.87347330820043e-49,0.230473945794526,4354.70683058777
STAP1,1.27921187296818e-65,8750.62305755961,7.62182218180031e-51,8.75964396065372e-29,1.5350096614874e-44,1.97755209833385e-30,5.48088992208562
PTGS2,3.46054213868302e-38,425.045113697797,2468.59520228246,5.63290238080196e-17,3.67699237316175e-30,8.60247966920463e-05,0.000430419480468186
SFRP1,370.662950750625,857.13574208095,8.84178796349849e-18,1.01092381186737e-28,3490.2148802306,6.92663969872868e-09,1587.51194337156
B4GALNT1,2.3497698062201e-31,7.08604187922359e-34,907.334288664081,8.70794594299951e-21,7826.47146553548,1.33809854644174e-07,2.18797059712524e-30
CHI3L1,1.5879794209779e-19,2095.5863322726,149.308656216265,16.6551177307271,1556.48729816134,3.55354190080834e-09,39.491460902159
ADH1C,2.54256301372963e-77,413.599237586438,4.44158854332256e-73,6.0507718753804e-42,5.37490807361004e-55,46176.6090542313,0.147051715212299
PTPRN,3.13840695814673e-48,1.31377045004926e-40,1.4408529638863e-24,2.1249817799575e-17,2.14281902127261e-25,9.92146712734223e-41,5.94671385530474e-40
SFRP4,0.00168189414444702,9.80329299374216e-49,1.77316541634334e-27,2.81902440764607e-21,1.06177648758402e-39,2.77472343273417e-44,1.70781503467129e-33
NAPSA,1104.5354694446,7.58632919104471e-12,1.06881975828157e-08,1045.72597165106,373.504898223481,3.42947388465719e-14,0.00243504788196342
AGPAT9,471.835774608053,8172.72520329345,345.940282771519,0.114603069453517,3.31576301335572e-26,9.84169923914319e-05,1877.66706498811
AHSG,9.40649591692164e-66,2.55703416160229e-40,5.2466450974522e-86,5.35318920077555e-43,1.45616866300005e-120,44290.7183789469,8.07464613246433e-20
CRYAA,6.31365710875025e-76,2.37243380333753e-19,636.023944141851,885.065468355485,211.916201846793,3.20351492548548e-05,2.27850378761364e-67
NMB,0.427440312957223,1.57237867855079e-26,939.251041404556,2228.07910230453,2098.24479935681,0.000977049719925544,0.000870949948017199
ST3GAL4,764.117388762789,5411.22446428707,0.0243680091878437,927.496991789214,4.16861718153274e-18,7111.17311972427,5442.15152614891
NCAM1,9.98743044835451e-18,615.881214896485,984.727002001321,1844.30805374212,1.21612427585653e-09,3.1650154609983e-07,7.63072538155539e-28
CACNA1H,5.18914124273353e-11,2.56901815286146e-30,1378.84910713546,0.00191023695067586,8926.44315621074,2.94962997340478e-08,7.73158770670002e-11
PLLP,366.280316746361,3365.35502326696,830.064845139142,0.0120740362655267,88.9435355035863,2.51735608953428e-35,21322.9250207764
PLCB4,866.792707305257,854.428621780658,4.20032128705727e-07,2.79160389106835e-10,1262.803838429,9.43256919772126e-08,376.595820286159
CD7,4.56706033876665e-26,2.16844230049759e-29,0.00099242141761695,7.46394246751704e-06,9.59769028499807e-07,0.000182939902403034,0.0015896908361207
CPN2,1.37593119759478,4.34065420166716e-16,2.32547628567584e-51,8.08222739044177e-40,1.23461041541626e-14,3034.69158555666,3.32371804629533e-30
PRAP1,616.663343439475,3.33396311374286e-33,2.29914590189067e-27,2.37236672898994e-16,4.09499890012818e-21,3992.38316008446,10.0559258758181
BDKRB2,1.29144249317347e-23,3127.08181796967,259.125492414234,1.51383185192232e-09,7233.47495066008,0.205851277757673,2.14389047207016e-08
CCL20,4.46832256577166e-05,2.23071622697922e-37,1312.45664413729,1646.22575165461,861.43241287422,2.19412614741087e-14,1.11878279653259e-24
CXCL5,6.8693242478873e-19,6.34791647905133e-11,1.07512388793684e-26,2.43742286850988,1246.54161575077,8.12873468233406e-21,2.23730208723392e-24
FXYD3,2.08349171798344e-81,3.68014099380969e-49,1.74705944371478e-45,1.77784193527419e-44,9515.59078495357,3.44450091326725e-75,2.08786423803521e-37
LAMC2,5.94426476519797e-16,4.14425892908845e-25,1.56283510319626e-09,4.1978625069174e-07,12455.7951346477,1.95131850547178e-34,2.00495510651214e-20
TUBA3D,1.65665921081651e-14,2.09357549465648e-31,4.01663215575912e-24,0.000751424950089556,2.64063205570072e-20,3.15107381311761e-36,4.00239535838929e-23
CCL18,1.17580558738343e-18,231.676493606636,3.28872332927131e-08,0.403067224257827,19.476860781643,2.26155187908111e-15,132.395672653808
HGF,5.4664287667338e-22,5.70432911533682e-41,1.21760996006299e-18,2.33458419120472e-15,2917.5855547092,4.98357663618769e-47,2.99607275412291e-28
IL6,6.4367036713056e-64,1.01888577650718e-38,1752.46636274306,1.17436717037677e-19,1.54801217813953e-26,2.89196689688805e-20,6.23353822483396e-42
SPINK1,3.88001340196394e-57,2256.97671373878,5.91977640945497e-30,1.29364198673944e-35,4.31260953475039e-36,22433.367462254,13283.9511423695
SCG3,1.92536629705998e-58,3310.64815175578,2.93437457938779e-37,1.77922492600825e-67,7.39520506988301e-24,9.60619177021642e-123,3472.56145322096
C4orf31,6.54825567404316e-18,5.17479339124573e-31,1483.43992861452,322.965948443303,3411.69328039617,8.74387713741264e-33,3.18499535262614e-28
CXCL1,0.00271567117647305,2.52743304221509e-05,1.71517222113751e-17,2.02666839259995e-27,466.720685265446,1.62967999200141e-06,1.6137944359668e-39
PTN,558.437771131196,417.685403696203,208.013915016678,180.148359020241,7.93472132904555e-08,4.72892997177761e-19,7.31122619490297e-17
UCHL1,1.07747244811239e-20,1146.28325655466,3.29996064560644e-31,1.62589889003097e-11,3390.37851231609,2501.41152622402,4392.7614006466
STARD10,297.61820361639,1281.1507040195,498.075585043257,4479.60580639715,2.82186967779176e-05,5229.06163193368,22750.892122871
LIPG,3.36494912944202e-08,0.00514465081725335,405.891095796032,1.9764094852983,1410.43423532265,3674.09766609874,0.0207239298933711
SLCO4A1,2.47405620240855,513.021582721329,2694.27296923578,867.878741596356,5379.72066495915,9.60064782379585e-14,159.365094912546
PDE10A,1.46800853755645e-12,8.40790772217826e-08,1.37547174493859e-06,0.00112997071597509,2177.95895752008,2.30170357806897e-26,5.38998610215898e-17
EPO,5.70517484449935e-29,5.70482710405484e-41,800.777907898191,7.34177120253037,2.86760774506133e-21,2.21422193247249e-18,2.56982823531263e-37
CLEC18C,1392.88933962437,2.79056938503601e-36,2621.03224942023,2.79712449567944e-05,5.95108732134508e-30,3.30318256828613e-35,6.84193901811883e-08
IL17RB,1508.86695184803,2.75539358177522e-22,5.45873715067681e-24,2.04753841972927e-18,0.000124100269777748,585.924659791991,0.000193884791863666
PCDH10,896.434743731865,566.842932319126,0.0139953710128958,0.0676202623234668,0.0868044927095271,1.09989983774671e-30,2.01537103795572e-21
SEMA3B,6.372432442036e-07,289.694257001285,0.000706973428847988,120.57020389668,7752.02633544368,2107.30158142802,5.62464244646032e-11
LDLR,5.82726357933062e-18,3422.46191756687,1475.9875700186,4.37605848579609e-11,252.256548164664,1745.73559591045,7095.34011425815
RCN3,34.799856286386,9.16056525423756e-27,678.745118030649,0.0396472678678391,3.73880595935853e-20,1.1488532633548e-23,1.91479729551934e-24
ARNT2,950.417865689697,6363.82487241991,14.0713960972539,1051.53321339384,2211.46027184241,1200.81245378162,0.106976883725084
EFNA5,6.29096915233477e-21,921.868336609904,8.22407327792795e-09,242.281077914172,4786.62508483738,3.29280156062449e-17,695.099855479545
GBP5,2.26938469467266e-10,8.07387977918262e-29,1.79068901589871e-10,7.35146216008368e-19,1.59083204411571e-09,2.16946820554702e-17,7.66953506344332e-27
LIME1,970.288360940555,4.99986410040456e-40,191.415443522733,1761.58928974473,7.12775406496438e-26,210.897439071775,8.01253807722808e-12
LAMA3,155.093233309771,549.225278490773,184.22910590326,1836.04938701994,7189.93790039294,3180.3826835462,1.29944791910169e-22
CYP3A5,1180.89489503439,771.185871707742,9.02208873405834e-16,7.76168178941581e-12,130.858557095285,1015.18380562338,1.47583123485784e-13
SH3PXD2B,1281.92186041471,1216.27036902417,119.067913066006,0.279759655792524,923.425180719192,0.0003766919762621,4.700380321583e-17
ITGAM,565.646499788618,578.316450483974,1.0545348779644,2.3407702266656e-12,0.0127002128232607,7.92725609680588e-05,5.73125848981448e-14
MT3,1.9930888394147e-17,2.2103303894536e-14,6.4896202295602,7.99471885253675e-11,1.11268381080291e-05,52.3618285470357,3903.04086714223
MYEOV,0.759342618331771,3.21243421679067e-33,770.718593660974,419.747948374491,3009.59393358768,2.73110803657215e-14,8.27645353886046e-26
MVK,509.74893261749,215.364103222533,7.5473525813448e-16,6.74847440417058e-10,1479.41026669484,7.66713601402937e-07,2051.48752780336
DCDC2,1084.30152511879,0.0444416021289169,0.000322363337071888,5.61213806390782e-05,6496.13397367202,1.46818298908654e-12,299.530301056528
CD55,0.634531199690901,2525.23481769403,500.044242920915,2974.91101029283,4733.62196344191,58.1781474975308,1879.15589918199
SCARA3,410.260141224794,6.53292405397452e-10,428.085000481577,11.6617369243719,9141.6357619368,8.39124641612071e-15,1.08620232710098e-23
PCDHGB7,1150.5915580289,7.80752862833964e-11,0.401912136156718,66.6398579053325,262.625536089111,1.31042385450212e-16,1.79246410821186e-15
DOC2A,356.64325642951,8.25094957784241e-28,3412.84608088501,0.33788392531534,1.84656934620377e-28,9.69457493670626e-42,1.9640753429284e-28
MECOM,0.00151804777159364,5498.81842333459,308.253711555314,0.794405239373065,3201.28449648999,1.13407497621252,2181.01093526037
SLC44A4,687.365741796824,8.08327711019073e-20,2.57503417358728e-07,2.94274496940474e-18,5385.21353569808,1.84650220593938e-19,0.0991370733016726
BCAT1,156.028168845069,1136.14692547978,0.143682984853708,35.5666638067633,679.120424466645,5.71415464156529e-13,207.490065649127
C22orf25,664.667184197103,5363.67082270138,44.3483728638159,4.4065370989962,1.60302030548305,3.99936199375044,11391.0146867652
ROMO1,1.42527873260305,3.73061583767667e-20,58.7977269789766,4292.70662672188,0.566911693961819,3.4202072504032e-10,16610.8265617004
MLXIPL,916.882943559534,6.66230034338464e-21,2277.30678932135,1.04489502611143e-05,7.04185959055642e-20,6551.64863309989,9.92519366082233e-22
SLC20A1,222.366512607602,3342.09530114237,2502.88896271649,578.049779342413,1962.33510236008,19.8058290118361,1.01478323834659e-09
MRPL54,322.799347161627,9.19949415783353e-20,204.660562776932,4068.49972101394,5.03492465907972e-06,0.000186315782077109,21917.4418716647
CES8,1.49224707817765e-06,2.98460997217247e-10,2818.64208531381,1600.61787884257,6.70936893068676e-17,435.637891576903,3.41937062708564e-27
SLC4A7,816.943484890304,0.0166614087262192,342.073110531474,0.392518399451929,2669.56225566342,1.79921978977768e-19,1.48130795419555e-13
PHGDH,1146.05699566325,511.206159564094,813.032000376474,2152.38268135652,1008.03343185834,789.960512007989,1.19489723290256
LIPC,1280.38999078342,17.3450599238834,1.29837361369094e-09,212.522555866113,1.14276879616496e-06,975.502810889903,1033.95288919444
QPCT,642.968945280482,568.820010815957,0.0412351138385563,15.94765842644,481.407229189035,1674.80879588238,592.341258535607
KITLG,688.456713853952,3455.66631894401,224.274367574424,8.47462341642816e-06,1147.54650170274,0.000540972615981335,3201.87447606397
SULT1A1,494.397834007238,4.1585783189407e-08,2.76601296056511e-05,1.58985225476524e-05,401.248538091771,4291.45697096565,11184.464146736
PRSS8,1254.93944436541,2755.96883109342,0.274555502475699,1.5403835531574e-12,4921.74280140071,2994.18860392891,4711.87409956988
LOC25845,833.712061857308,436.239935257836,1385.88474885445,458.842472699427,369.923692575229,9.49385532207832e-09,382.754991972876
C14orf2,341.05180697646,886.496892832302,883.941680032007,2506.02781089344,1.58084343411562,1654.08009230324,21528.0443006334
DCXR,260.247526333667,983.791757947261,98.0248117151936,2342.2107422581,0.00263978885410478,26555.4779369907,8132.09410630357
HKDC1,1072.56761017953,1029.36575367555,1.00932479481602e-17,3.0875741199659,2386.03337824257,1623.9672452978,1.90522527567454e-14
PRKCD,71.2560708902428,6285.87976356257,955.364026566739,0.340941452480722,972.028184461602,50.9978008677889,3156.34103714684
SLC5A8,2052.88367545854,9.62153593419103e-35,1442.18925921468,1.88313893583895e-07,9.23847821738432e-26,5.85183841274758e-35,1.30675502316704e-22
HERC2P2,0.0703380365749456,642.712111899426,4352.25364950325,11.2908450552982,861.018948239785,2.12400437508958e-10,1.17703972695845e-20
CCNB1IP1,569.312746319682,882.47348057017,983.989386197574,5719.89662405201,3.06301458876405e-10,12.4142814974252,19266.7523878341
ISG15,4.341757202097e-05,1.97671455926002e-14,1255.89841804628,2502.62969778891,0.000620548944195527,1524.61832275979,0.437160945333063
TNFRSF11B,1110.46453979839,180.483133546519,0.00242669640782731,1762.83050303546,1186.27754048237,5.79253961207053e-19,131.98363440533
NCALD,467.246002648822,5544.76780281645,253.506115868178,26.5163076222292,1.63027913276784e-05,3666.82686572138,4817.52941002377
DNAH11,750.155186755425,8.65105446891605e-28,2255.6630106328,909.38132771023,1510.15904108288,0.000189818524127825,2.42450038203734e-31
CSRP2,652.012133534913,371.292067079198,565.215777808238,0.00340705358247029,1898.38015578283,1040.785544216,580.639288718148
WSCD1,741.223032094547,272.243193895378,13.5180254542804,1671.86794429948,3437.50972763425,7.0537710120124e-14,0.0618696681423085
GOLGA8B,3.06134443051601e-11,688.907115981372,3194.8033849845,3.65054601809062,1243.42384607254,1.24322332952461e-17,6.33538374937625e-25
SULT1C2,1060.95573217405,4867.55479389835,599.397809840757,0.000454280694914721,0.00813668796773239,2.7202361704435e-15,2019.32967259598
NDUFS7,463.53334088554,1357.54035639324,1300.59594717048,2117.05635590871,0.00355622645958862,1.2608896656995e-05,16918.9704987295
LEPRE1,304.922583712714,0.000249622859835403,1130.69527098009,1473.14469632227,566.951894797711,2.37899224942209,4.40100249109412e-13
SCN4B,784.263364884746,0.0491270005178503,2122.15456100907,324.452521691385,4.68310833624895e-20,3.67340742254788e-07,0.0885343763078616
CADM1,1015.6052773268,531.697376353992,2.55023525171058e-06,27.2736461413253,2389.11743679397,3602.15158632402,4.08128705848217e-08
LMOD1,6.36444465277902e-10,1.30764797623074e-07,0.419487964921252,2.9388918869486e-14,0.471833284666188,1.02685146083044e-13,3.98369917430525
ALKBH7,76.3793564528866,0.165594847001653,0.118289039924599,6160.14804354322,1.74242469279244e-05,386.177446430039,17774.37021757
CISH,1507.99428862944,2564.89667408174,2616.1727062555,45.2347075288796,1.05150196436071e-14,1411.81933469542,1735.19113900621
TMEM132A,1.10882610755141e-13,1.4916156073933e-06,35.6440073560425,2006.99628063572,3002.22378717272,4.159279770365e-08,0.00294751777575558
IDO1,384.008309425904,2.57621898592794e-25,2546.26428776993,2018.74742961567,5.64203250173902e-21,1.33836296478975e-18,9.06212322976849e-12
MFAP3L,2389.39622303669,1025.26460605846,0.000428367256809538,3.82244847922765e-12,1313.22142658477,364.763757906075,0.00137675020630986
PCDH17,578.566538596836,2.0412499347639e-10,138.868940159065,2.07308896466796e-07,2.56624731911789e-10,1.47150651574768e-08,5.64961573331427e-12
MAFF,123.026792410973,1815.84809734954,6421.38374323572,418.722607290927,2162.02373912145,2.19663747485573e-06,688.74667954381
ASRGL1,1989.36183889022,7.1865388776908e-05,0.00882114656495373,345.103994876752,86.2513957898083,1.00085765897416e-09,0.000174683038550051
PLCD3,629.791770238923,4.16793132724006,6.41718858682934,302.924855700805,4927.73073813978,3.67781455688381e-19,3.28885841624159e-18
ITGAL,7.28243400989652,1.28355993247698e-22,1129.1926964695,1.39394118535116e-08,6.56377887880839e-08,775.537440546448,2.84913252974971e-21
PCK2,2034.45255038349,644.566941902527,685.008237773915,1736.80749398598,3.14763073203252e-06,20125.9636103655,608.913046718613
RPS27,434.110928544148,3.91065851303703e-20,2.39367739881887,8389.07848763126,1.61039030076075,703.83593627306,3933.2495956357
GALNTL2,461.881796971302,0.734258586453412,918.38893241588,0.765720370448157,1.90077427543861e-24,1.00118155338495e-08,170.205155252077
OLFML3,241.605280028413,2.17563797494726e-11,0.754994797551246,1.15902472722909,1.79532890909002e-08,7.81175162438851e-10,0.045249610747936
ID1,422.619266876616,0.00224672134174131,2038.25970216986,2260.69569996237,1068.19501387549,3.36847993897306e-09,697.503741693349
LPL,726.122020731733,747.200958770532,1739.8349995574,29.9764692303573,5.61979381757167e-19,1.36385963844205e-05,946.42871079709
SLC22A18,1210.8869036216,59.3105895085431,26.111739709899,1761.99663642122,0.00566074808432112,1352.56084419552,789.870449785692
PPA2,1024.26427741395,1526.46551466239,4.66648193856049,1783.83521393511,28.6099303900016,1499.86776946634,18544.3173880965
NGFR,300.92456282146,1524.35844127547,1645.03504833345,2.33738853196776e-05,0.000623112178149512,2.4885586723758e-06,3090.84499847162
COL5A3,1.21196949192846e-07,1.1260539986676e-16,2566.06190492814,3.23852296898479,2.54959831326176e-19,2488.357989306,3.18969800773921e-19
MRPL12,531.854611293435,916.342240530814,0.57222796926597,4414.6959987949,10.8620104561358,1769.82354203877,12022.9914792348
DDT,811.601804021129,6.92274269055302e-08,421.796991064614,4463.02710130886,6.57836667740505e-06,1994.33469360999,16845.4602565985
NAV1,1.41051258304999,0.00620577832830026,967.546084477376,0.0307462935745173,1788.37182613072,1.3274585761331e-09,1.52473676557452e-13
PRKCA,1078.01661034659,2659.2774012865,0.00675599437990875,2.72219932820365,3061.56886059781,0.119472765052179,0.0263036631420155
CCDC64,1601.72214609641,1977.60235100743,5.60538121858476e-10,3.47501273546074e-16,0.575354545213094,1.57501519131531e-13,448.442707508293
TMEM98,1420.25015165524,805.825961717153,4.99270842733537e-07,4209.17020378245,1071.25111263566,10.709458223894,573.85225128376
RDH10,1282.95463570133,3359.17952459176,224.189932149548,1741.47610726735,2273.90680408267,395.407643375615,2249.04652959157
PIM1,33.6358262839061,2483.01808118454,3884.17960139558,1738.17688286739,1067.15279557907,0.221713032275914,836.549519101648
NCRNA00201,10.2951177320052,9.75915556133091,5359.66438710519,316.54880262136,13.9176843023223,1.64785100632302e-12,7.38627570207881e-20
NOX4,1434.09911157077,496.661895148051,4.70658583339632e-09,2.53770386081339e-13,0.0111826600083061,7.092165193383e-27,3298.96407728345
GGT5,1.02788658621644e-06,3.68534823815919e-14,171.037341955845,9.28777803313436e-05,0.0639395625796024,0.000524773997480534,0.0571035205217782
SH3GLB2,251.082244383444,1667.6908749643,2002.43637437681,2568.86113763449,1444.58651595641,1.4857167980669e-16,15787.2003122877
MOCS1,179.337098505596,1410.06796150804,1151.04054935621,2554.11829273416,4.8983634882002e-14,1867.25402633632,0.18733934293987
FLJ45340,88.3748101670578,1172.92196213821,5089.55307008217,89.2552228956181,1511.52536802329,5.35369475470429e-15,1.68340723545603e-21
C21orf7,7.44916311529372e-06,0.000116311482436568,0.00677725196844591,0.436665295062875,0.00273805905715553,2.33063375489943e-16,393.732587801789
RAC2,4.88807028326271e-07,6.5177422931837e-17,339.049872502948,0.829053018420525,108.045731275002,1.20927544988073e-08,5.44138835672587e-09
ITGA2,1025.32355036081,790.757820323074,25.6664357468512,0.648483458121171,3469.35902853799,636.883231001267,0.000666762889574423
TST,1110.25810374506,754.291024470007,6.10984791284686e-05,0.000204216091949009,3.73276625696748e-06,10174.4372167053,6015.91642021165
NDUFA7,416.521174697688,5.93409659244185e-08,377.316553225661,3051.90971735195,0.174540670588517,6.60447782421435e-06,16925.3733350564
ATG16L1,897.600613401126,195.455628072133,682.11061908698,858.224898793184,1301.73803624446,0.0216833707633066,5.30756054752213
METTL7B,1239.64775225887,4.0216824947747e-28,112.335336963989,1528.51776308638,0.0401872513334104,4302.53952129253,1.62411063775535e-18
GJA5,386.079694033491,0.000102791192260874,725.656191226131,1.30354693263429,0.00422334700970151,4.70396294425298e-06,180.871025747442
NDUFA8,719.537631160732,1977.51543218086,294.966195333213,2966.39984195152,0.0246773744554969,1.93836745002396e-07,15296.2361458293
PNPLA8,924.383598848964,5781.76193029075,362.831178341087,1746.11664703737,0.00196950817665738,1559.77153734696,3516.6524688638
PPFIBP2,1154.19314173761,5027.52268150325,241.671199162207,1.57705419011508e-06,5.5705348150904e-06,130.029705418891,1977.35802335218
NDUFB6,868.012530682919,202.836606365957,120.164227009972,3488.11280867969,0.235385858436423,1.72471301347954e-05,18290.4671098432
RBM6,24.3348045266846,1826.24185741983,5299.66987870479,59.4917222977644,1890.43051424036,5.0407419717083e-06,1.12904141105824e-11
NR1D1,833.401593094819,858.351397790469,1515.09927222052,3165.93107926225,1.39366584025206,0.000787128752132687,7.12062420744628e-05
ASL,1352.20444001864,598.240510276853,0.601744939428601,2336.12407685385,146.662824950942,18082.2455353404,2766.89696470951
FAM83H,686.195136771622,466.886730762821,72.0730254299075,18.5809304780225,4505.68198348741,0.0939028384556948,0.790850631635729
MRPS15,364.804396611834,556.497382805139,47.8459262997967,5497.26627701877,0.0130129742431102,2144.97323990521,10227.9575206058
NDUFAB1,1044.03891962572,1205.17298340058,0.675714274676549,3620.8440202839,6.76670226283187,1930.21375853886,16780.9835920513
OBSCN,424.848279000895,0.0131668037332962,3241.80666112374,422.302508586376,3032.8850770608,7.34308809461582e-10,2.90305347843173e-10
GPR160,1337.96906397325,1.22572746402553e-05,0.00290563541821009,911.819196842676,889.114263437709,0.162864300101212,14380.9368986462
LASS4,857.59367860786,2904.14826076448,4.64005786031447,2590.14035917215,0.00094039484719289,2.51088822702764e-08,11775.0421829728
GPX8,537.123898423097,210.956191094537,0.0166278901905989,522.284362338536,2205.1825529208,2.5269735040425e-15,0.018630423630428
ID4,1072.73482519885,1.200634776522e-05,689.252172587238,272.023976545263,53.9085760404417,1.58236429015423e-23,11.8970382594335
RND3,456.088493206337,370.203615185766,2816.29345685285,408.111346097228,2479.91091652327,1.29981653663804e-12,0.0044137322440846
ABCC6,1766.51850330909,1.41492178045696e-17,1.27663308807762e-12,6.31482501357343e-11,2.12486169395033e-08,5077.75061636283,1.22609793222668e-17
NT5E,814.220722308285,6.99134744431486e-13,341.873677318055,573.70974353848,3027.59885245658,1998.34985025367,1.9482437404979e-08
ATP6V1H,1216.63158104005,4886.1950849171,7.62021713805804,55.4670683331072,1004.76597803969,1.01931621859901e-09,9287.36793618776
RASSF7,243.013107272118,28.3052004339739,2096.05461778794,2810.89939883695,3669.81081931884,1594.47368883543,2387.44779350147
FAM128A,7.7339558623631e-05,1.13162051377742e-15,0.09786215842666,5056.68513851034,0.862340545264594,2.68133483389418e-14,3.09648991602143e-05
NRXN2,1460.33085722792,6.5555508155939e-34,2727.69142140037,415.549891882172,2.37875277053353e-26,3.42814753116072e-35,3.78191324799506e-25
PPL,433.680628826785,140.455663909998,86.2123207321177,1008.44342832213,5908.79620244827,1143.33785568637,3.8487572767232e-13
ISYNA1,0.358932169152345,245.006302493043,1902.40082914717,4148.95465643918,2179.52360897685,0.0228966816073646,210.075445013804
LOC339047,17.6463809269313,657.488918774306,4590.59686447526,333.87278155134,1591.43098563949,0.002986057473186,1.32862378738105e-16
ITGA7,0.53738559223075,620.049439643827,2581.4070991991,7.44580555223163,577.621918357991,40.9594822701351,5.83893582199488
FCER1G,0.00180599823152323,0.0993714603654005,0.853893218792123,9.61159412165144,0.00593461883805891,1.79250713708861e-08,30.0990045456661
RAB17,2070.23896077354,1198.62226454489,1213.90288027328,0.0517110331092514,2.3667625291958e-07,1603.04869869657,4006.90188487051
SNHG6,10.2697291193297,23.3398989265621,10.8554151044756,9163.74163069876,1384.79872578836,8.2412831293975e-13,6334.78971508756
TBC1D9,789.400305925998,5654.10599328582,52.6344186549218,5.66445289771118,1391.19044725548,253.732902682952,2416.84439872589
UAP1,955.998205704767,3568.35143529777,1184.9015919743,1148.37010589546,2.39881499196854,1628.40928786424,2901.65541903119
TMEM54,843.228722254549,92.2637411456502,0.054282258813522,849.460348390749,561.000906066889,2.91536545446955e-10,0.366997634655506
RBBP8,1073.39105515563,3317.20587432099,1253.1925696766,2513.26051125521,1991.73554831169,2113.68619569351,4565.81264006927
RAMP2,0.543055984667858,6.29213513390903e-05,1868.19147216078,2200.88375321503,6.18472634280721e-09,1.42275542916945e-08,714.929192992272
TUBGCP6,289.090788768475,1441.65407611877,4918.06008996698,243.250291326929,1752.95507122438,0.0209682121090074,3.52551152242008e-08
HN1,1.06548530553296,231.341454762554,0.00295048541428989,1502.85245384292,2613.66673515055,1082.73671974444,818.404573979054
CISD1,1393.01025513185,1000.80874452625,6.65545189160494e-11,2.88144401154857,0.45765967877367,1.09651633634045,11874.5067109712
PDLIM7,4.63772181235378e-11,0.00369067845808663,1161.27551127627,394.051015714141,1893.09715751967,1.83838098461049e-10,0.000105227698571273
DAAM2,13.4306899945897,31.3221427140929,1567.02942508042,8.25792154911297,0.00104512870329877,477.395621079101,0.000172211698794621
ADAMTS9,788.749648734484,97.6071872685743,2231.43326902604,6.13882794315229,2973.48157671168,0.00373314594897085,879.640460138721
KAT2A,10.6001441117608,422.478164776484,3795.35564246993,2257.39726391765,1451.42222966197,0.00019343003327448,2.6818826718488e-14
LZTS1,0.49084738356189,3.63417111753099e-15,1979.4625430413,5.80623892879749,0.0282240272517061,1.37378129598765e-09,3.01615471410492e-14
PAQR5,2130.7224044442,3140.32676663386,103.171794081838,58.5656304527756,1766.81979291917,3185.81614166393,3793.11992531264
MRPL23,165.868420067384,307.415840233727,466.538782672627,4117.13261722707,0.138312791265137,1.11553044637134e-05,3905.25399328567
ARHGEF37,1939.06342078951,438.587156385476,1017.00105555849,0.526232184029264,18.8647416903066,9.63389682949906e-05,1.80907388041522e-08
FYCO1,976.14887919284,5657.34448034735,12.5391310518475,5.67502866936101e-07,1272.31117681526,1931.3844889284,0.0159435549787193
NFE2L3,299.033115930443,1.78836206734301e-14,4.73391581119825e-05,2730.52704127384,828.82699793547,3.20022054079896e-16,2.25992348743872e-16
TPPP3,1.15351832575851e-05,8.7680889653421e-28,2763.7006743613,1094.9157839793,3.00378679237752e-08,6.79966245605378e-16,4.63224456438938e-06
HMCN1,661.923598790606,2.47856075320016e-11,230.348872760396,6.03853343548059e-09,8.56542235675306e-13,3.88673587500987e-09,2.8112753372032e-20
MFRP,0.0114526053158772,0.00413541238648579,1785.93996936688,771.268972424613,1.8098582250918e-09,9.2186499183665e-08,520.301267569909
DECR2,1249.92550525132,0.000123244080932819,822.535809503644,2522.9990343437,1.57719244498567e-09,80.1756431935328,601.201568989501
MYO9A,2041.00997793059,833.521283555737,147.933685189182,2.39578045295495e-06,826.030129021737,3.39863057136701e-08,1.69379411751225e-20
MTMR4,851.027651131222,1603.24689795457,320.329113980431,47.4712527467211,1992.98805514812,2864.67949737095,0.00304400513157656
FGD4,1386.10221201628,4786.46272958176,202.402592111432,112.436644071104,8.26523612943892,3.75945556371611e-08,0.688252420293568
COL27A1,1110.2047535521,1.71992951315827e-08,3686.54190759471,0.926708082683761,1097.67041480932,1.21397146555001e-11,4.75686798465685e-26
NUDT4,1009.29348416868,1462.17030406979,1466.61495289803,0.151847129466715,986.757372453008,961.228928900293,1250.75093169515
AP1G2,27.8207778615931,945.774342525871,4064.42197931931,191.978358953351,2292.39234308299,1.99436724000302e-07,1.50006297281706e-06
POLR2J,229.741483782554,749.849016048736,390.65862699499,4910.14782366847,42.8301678269591,1.01720970170771,7946.82696283556
CLRN3,1670.94670376424,1.87296123405361e-32,7.59937659427746e-08,48.614408458322,1.56287185318846e-10,2.87475069851192e-08,3.86143673295669e-19
CHPT1,1677.36108851379,2047.63074516879,0.181120938397007,2116.00123634441,0.414496154490084,5077.52280290139,11392.4926945138
SPTLC3,1572.02651290887,1857.72396398069,76.9836100458413,270.605422413822,1369.09745739651,1469.99265667386,0.0897210879135865
C5orf4,1587.49174639096,1710.7873413315,174.842494784607,0.0152049580348619,95.8028248107644,3442.52552504684,182.984623148081
MRPL15,902.801075095803,2042.53406005384,0.028022581998061,3569.76467611066,347.336279385441,0.383704836114771,13124.8107008119
NAPRT1,981.091056881972,3.00215045404333e-18,1567.36143303213,2066.59318283809,3.4206289116252e-10,1925.91684646407,3207.64863140035
MRVI1,0.223242231389582,1621.24565021295,809.302075394452,1.7419318626295e-06,0.0615186967763944,7.37749014070565e-07,142.544339556633
SLC39A8,1919.30895703727,421.650246273288,32.4384512614652,437.906811157457,416.787336776166,2161.98355108979,1870.80538984706
GSTM2,593.699873827349,678.736699240984,1775.54165026986,591.720557061739,1116.42046468444,3538.60685767796,849.797987314058
GALNT10,944.459691220902,2964.06607440051,0.458206513342013,1.38344246150359,604.830957626182,0.000804728456326662,1.23259794569338e-05
PDE7A,679.445062620625,502.877449443066,1893.39388313737,492.288502738361,1074.5253430744,3.03169140234444e-12,1.3003054178678e-09
TMEM200A,2524.92006572142,6.53201940284131e-12,0.600685459745613,16.8583600924129,2.12620688492899e-06,1.29379614507381e-18,6.36153328206586e-17
TANC2,559.92881562537,894.965648140235,792.980600102177,0.00799759438965645,3347.17630063194,3.83006814261183e-08,8.91095946298342e-13
AUTS2,1649.87846635249,43.7540660269223,2155.05050175374,13.5047495476511,967.703054434282,1083.06479683077,1.80643157743092e-08
SEC11C,1041.05730276503,1611.3478194465,138.94415686078,2534.08079876358,0.0544976292362338,3674.29614984459,11202.7094502506
TAF1D,571.79872185742,455.581648749718,542.034273136843,7600.54566826306,0.00161371598847218,2.35145147586984e-07,0.0656109653693763
SIVA1,375.933924630334,1.11694005884574e-12,2436.68749582299,4407.94504485729,7.82946637154436e-05,5.23121644827174e-10,11062.7848857682
ACACB,850.66778761089,5425.72432459373,1761.88694142578,0.0440632307152347,0.112169248814696,2980.99828967433,0.0105982310887978
CCDC72,70.2823582984672,496.361938218395,623.320651496316,3136.04929066594,821.312357328321,1082.22587539577,13973.9801609468
TMEM139,1657.92537113156,0.140152482849687,4.22511629900216e-10,2.55104898441893,953.455276417417,404.5431977696,799.682376339527
PPP1R16A,897.686862017411,287.518093975237,1450.38878821796,1640.22077426528,1552.28172440393,2572.49516976246,861.536471231993
FAM96B,453.766757721619,2.06413111078246,1219.81921921975,5209.20261584352,21.1759501131989,87.8113169015542,11789.0570842142
PAPSS2,1219.33874028414,0.337235978165058,0.183683840189072,1.59245547768532,448.508148310471,2066.77539148943,1.19808572362577e-06
GPR137B,2139.48265727701,667.315390424701,3.43627446111317e-10,2.86729474719875,0.00948220482603638,3.47082324213135e-08,3683.82940391718
ITPKC,384.093445890664,935.353447496539,4003.53179925568,633.227350991326,2341.99105325779,1.72740506710452,653.367780060427
ACADL,2038.91386364159,990.369286327282,1766.38894405455,184.644476409226,1.59669107287185e-23,1.36966683534858e-08,1334.50044641633
IGSF3,1678.17748730758,1413.66387974131,0.0597318860204666,2.02907931515348e-09,4808.848072723,636.255468196889,779.140370247293
MAP3K14,1165.86611282606,3.92881931333006e-22,2532.63991945872,16.3659435867061,1350.44415206957,1695.00414165897,1.13277667231632e-21
ZMYND8,607.102196869476,1257.34125217257,790.992673825212,1772.48310311995,1502.27173726616,0.000152422053266982,1.07439276448507e-09
NDUFA12,481.88988609601,1696.01730816991,244.651654636343,3961.79393901237,11.7156933191779,2608.4439908748,13150.9115329674
TAF10,23.3187240195496,1015.65875100043,10.3830233631606,2402.30512397846,670.673515259663,0.188431714564813,5496.76252137471
MSRB3,75.2190667845905,0.00274012574189202,219.595956544921,19.7628511005225,62.0719748998711,2.51480305375744e-08,0.524194846970222
GLB1L,1998.7654884185,3.32035123912789e-05,634.647644033642,968.429440438534,0.00361275435585951,9.18193328985818e-10,8.34112345626097e-18
GOLT1B,992.983134415754,1379.16046684592,0.632170863809166,2649.67880490521,832.302995313914,1486.04709920121,5157.07243704105
PPP1R13L,403.572465457615,1.09534058599506e-26,2959.24762915745,3356.17190723136,2050.94207413615,4.80960883188752e-19,3.11412289821207e-28
NR1D2,1067.90816450567,3610.97417942596,13.943265072745,0.511835759644724,40.9399156217529,1493.51252510956,245.584104995388
TACC2,1341.86098927361,4098.76976890021,253.703839463648,20.7377365954326,993.172500342389,2967.05118527219,747.204606983016
ERG,389.893092200739,0.00291678965503516,1841.98596012212,6.80108947196947,2.81607367961971e-05,0.00801153485631985,24.7495683022376
BOLA2,244.945291705781,654.447610407774,310.789495869634,3609.42858438988,444.620841153952,0.00750145339119337,11918.5119691169
KIAA0907,167.185089714898,546.368627515609,3683.14215327917,1426.99749965436,1304.16246189739,4.38791147625364e-07,6.13889949748192e-20
NR1H4,1584.05272681368,4.30190868741369e-07,1.056670510516,947.172271713071,1079.90376976785,1539.93176048462,3.78194252699704e-15
TRPM7,2034.54262368034,2382.30129202862,51.9818799033101,2.70299147383116,949.149358859436,827.056566489252,2.51506992068946e-05
QDPR,1925.668350491,1588.89845301837,2.70543406254011,0.0186923831541332,0.00399795596996621,3817.79438821386,2397.66981153321
C11orf31,548.204591932504,8.79295334344133,295.300696898192,5605.5578237977,4.05358398879302,1422.22682897796,12959.7434086566
C6orf108,1201.88498746222,0.00184552248053003,338.754072995703,2847.14920514935,1.00698277356722e-14,0.715581140448052,2619.73875868716
BARX2,1315.4790726823,8.07711379679122e-13,2755.39171927944,271.322007768202,1571.94707767549,2.41726536928238e-15,567.626882460967
PSENEN,307.457552732805,432.969627758234,296.433265695936,3154.51329063627,1527.75734374058,0.190644343450918,3461.20573238359
GSR,1942.36280113414,3248.22294804145,0.000538015075951715,522.891698715248,778.494910029858,318.235700346266,3276.45638403825
HADH,1787.24260066616,2180.69141697614,0.152176798061106,1629.08216320916,481.07127272708,3589.5723283105,8860.77203388778
PLBD1,1034.60999925867,2073.13630400839,0.019106064403506,2168.12706927948,150.825607124077,6.84750759929944e-06,1852.86243608505
PLS1,2153.30664068716,146.246164135822,3.51176128035432e-08,0.692326065235025,1740.5333210523,1358.96002167323,126.455633317957
AKNA,0.286241533243553,46.4174519271173,1859.25618223804,0.00752042967144251,40.1272997768828,0.00298348725136818,3.83401861790741e-11
SMO,1490.28294908341,595.966507091961,0.817296521840351,1045.80944855592,1520.58460211843,1668.04612715242,378.882892933558
NCAPD2,682.921598661332,782.101527306722,307.48438149955,1416.84299232047,2609.55925158745,671.075384284302,5.08396418131422e-09
INPP5D,4.89828596652349,0.00301858739903955,1366.29881741512,1.67447302922519e-05,785.130845829798,1.3385837414067e-08,2.64047164807201e-11
SH2D3C,3.31618589829828,3.48799905809219e-10,2908.57943586495,36.878843753735,2.98799632157876e-13,1.41344678863666e-09,0.245334711228111
NCKAP1L,141.61142868073,2.09667069301926e-06,0.0334833343799529,9.43431910596405e-09,0.000187189124626566,3.19062654549786e-07,1.13569788184773e-09
SLA,72.5541480605967,8.72903463296696e-05,1210.16787730528,0.0737540243347344,1.1022141384751e-05,0.000517482819005217,7.44716601596855e-09
ADAMTS5,601.285898174052,0.0432696758436642,1222.668171735,47.2595533582758,209.504322859783,4.53354521457708e-06,0.0018417535669957
BCL3,1.17471091357104,0.00457502078366068,3181.74273933118,1000.72810545156,954.304760437921,1535.16199978981,8.75785507783135e-09
RBX1,341.079165052,98.0276968558713,450.052726640396,5224.27600982209,21.6825345015784,2.23105914486343,10043.4963159814
KCNE4,99.4452277052172,1.91374262574716e-09,3203.43334315276,278.158998075073,2.23271489309334e-15,4.80457066495036e-10,1.49054255585364e-05
ATP10D,1173.00015915038,4739.72581899894,229.414425393985,1.61506900635442e-07,12.2246478608372,8.70533830185954,725.725922349355
GALE,671.624991055652,224.853848750042,723.26062152708,987.430389452665,1578.72160250402,2467.27355630721,1815.39270190978
TEK,792.282407392046,0.299704165577858,674.317062562474,8.60501755808396e-07,9.62137372549327e-05,0.0376323781307017,246.441495325704
TRAPPC2L,578.202714782725,0.0391951880274874,198.776139629006,5344.13981908459,0.000458874173389428,1335.46476750665,11898.8499181166
C18orf1,974.088701040717,4.11934933459967e-05,376.325866437382,586.05220700575,2.25333542909419e-05,1.66447933198124e-05,1.50845204623397e-09
EMX2,1816.67638302829,917.68093464803,965.662280784501,223.323937902577,1576.88072002041,1023.26056687536,1359.17463073988
C1orf151,961.500128844822,868.330335463211,83.8645805954497,2374.75671592819,74.568736619073,0.369402595817196,11316.6321762306
ANAPC11,318.673082691227,0.000126529478777395,179.797741107364,4658.29570183075,262.218173842683,2925.65248896468,11176.3541387207
LYRM1,814.384072561291,411.783502091288,1.1172585260641e-07,2639.02921595403,66.9046719326939,0.0438137094083867,6339.34083987586
SRM,149.889806928232,223.542723712655,839.105622510343,1945.38856674215,653.940159927691,1.62924713317614,95.0137759075426
FAM195B,303.326359750147,28.2120259857472,425.396326162641,4087.77098558291,1340.77185007366,2.22788010760599e-07,5537.09990984374
PAN2,663.784828574273,775.345348043162,3774.00324219724,716.736346087469,1441.15580951084,7.067114060111,1.99568798868048e-18
SPR,1351.83903746808,994.363483240333,0.00550794915423415,3686.90334649249,66.9776797417609,1720.16385360562,3636.83657112103
YIF1A,790.579152665401,645.277631685462,25.0094879412113,3685.61767586207,121.203888564019,3553.53007518295,10552.1825407
RIPK4,1444.18538688734,0.0149317849791636,1842.51304426388,701.862113434579,1982.10194877351,6.93826447427193e-05,0.000574705536239256
PROCR,203.166787212216,9.15806475765193e-12,139.116582579004,5243.18300821812,8.05352633125496,3.49562003252277e-20,3.58331530253878e-07
SLC15A3,127.915059524366,16.5367909603996,7.27984047871741,0.00762952909298362,7.68029034468343,1097.10186704815,256.203495245535
ANKZF1,571.847124845801,4.79380061212696,2968.07533355074,540.497679864089,1236.03567743862,2.16536227953431e-05,1.59214169732086e-20
MTMR11,1561.4839587823,1.1402502129467e-27,2266.02559197972,1903.77308426651,110.253467944046,2.56799691380633e-15,2.58700238993478e-24
RAB7L1,2155.55081784855,303.829998254632,3.69337639263024e-06,0.123403664129117,31.7214629995807,627.299953964366,387.691116447908
PGLS,202.891188928615,744.329383312209,279.019661796442,5943.8669483587,109.657144702736,0.933263937029955,1942.77409724524
NCRNA00219,320.668040070769,23.1347442920363,1233.94956828446,8190.71465621342,3.09593618576688e-06,6.75149086383484e-14,1862.74057757179
RHEB,1038.82008820518,2280.42113907558,2.3759669626831,4131.4526398471,1251.07130146378,2279.88301990077,6462.441253327
MDM4,352.219551844938,532.445215347723,3794.1201124811,218.290153133513,1092.16241555868,2.16012781589796e-09,1.02929940976645e-13
AFAP1L1,404.546067223104,709.535179573984,1519.90359827296,0.978610080541917,6.28255558228625e-08,0.0306737357003676,8.24926779535672
PDGFA,475.684401418966,0.30449042725928,2416.46947225748,312.938440913638,1096.34520462708,8.56705237236361e-06,1.2133558388021e-08
GJC1,95.0790108066845,0.000392891148933999,1818.21280187052,1.33764838555396,0.000157808616638849,9.31024204513285e-08,9.63287677874404e-13
ITGA4,609.344696084767,5.65097169363947e-11,44.5612434594981,8.61378481769799e-08,6.54608862203251e-09,1.02629718082199e-12,1.83433354730554e-18
MKKS,938.722079216499,3091.61104904372,3.9164135900051,3633.19526991464,7.05532115760338,2023.92166178916,9059.2988585649
RGS14,1139.41811834416,0.00540652353810632,5.82571111765571,1606.42322398265,2.69936032515267e-13,2013.86100286291,1974.21819898005
FAM96A,874.256173079729,1454.24765476363,0.0230530025773504,3188.33108545419,1.4787272441211,1996.70564066168,12680.7227260238
JAG2,50.7024538230791,7.38468950705356e-11,2498.70248829665,24.4702400230917,0.00108976486100672,6.93875527205776e-12,6.11250120841536e-08
ABCB6,1583.60657189059,3.56382635881252e-18,1021.09905550551,1716.43710615343,0.000192997106877385,2674.25935208417,1.66832503292957e-15
CARD10,693.681895494403,3.49551737579677e-12,816.929150417536,904.435563475671,2012.50926774013,0.000255269564442496,4.00069992210891e-21
DLAT,1722.61145766599,3771.75906956164,3.43711064171272,680.657869843276,258.952676173033,1742.52496117399,7045.89387305161
BAD,469.12626573038,334.275321858764,450.894119719618,4700.31480383611,0.494385527450793,412.463044498738,6785.92988932124
TRAM2,151.306982216757,38.1358809721896,625.22871871039,0.0249821579455009,887.234633862575,8.34975543606266,1.5445779596239e-12
FZD5,2099.4138484286,0.44247074804884,1102.82165058595,0.00137215786859201,0.416858565891224,1566.31150975621,9.47302816545404e-11
NAGLU,1619.88810056685,2056.62703615357,60.6746928495659,256.795484519471,835.87475019798,1907.75073656617,3646.56519258818
HMHA1,1.83989838913756,0.226777799670136,1835.07099490204,0.00081120542933847,0.546850305095615,2.95678825860742e-09,0.0071787377590016
TMEM19,1821.35001733708,1114.82526077113,1.08900871073905e-05,8.01010060229563,0.334751362063547,1317.82350024777,2789.9650699251
DMTF1,480.182880707978,616.821124641818,3782.13463865716,988.184674883595,1471.42347447598,2.86233709307685e-09,1.09765782104404e-15
C14orf135,888.610393356728,4671.42893613921,1387.45404458408,482.302841829646,1.65811480723573,128.155273704055,748.195911217168
SYK,516.619409540879,2713.28881672073,524.29465520594,9.83465623667202e-06,603.302681708313,1.93685460528428e-10,998.467632005781
PER2,1191.58028637043,9.8064662391937e-10,3574.79016418144,28.2355853140709,1428.88157478488,3.84700140073516e-09,3.33566152756482e-19
PIGQ,771.757571395309,2230.23170643925,1816.40754836421,104.716381185056,1740.86489608051,0.00289103126603163,5536.41479297098
LARP4,1476.74065857226,3942.68383162689,207.144270926009,0.192944648061978,1008.14880044356,1609.2364466355,921.210449219461
POLR2J3,324.789480853841,1134.29155282676,2752.35983168275,1843.88825717827,1715.25525100125,2.95324696260529e-05,0.020560871815064
CREB5,1514.04074757282,4.39496786557007e-05,1536.62369989149,467.940556310524,1478.73458152772,2.05997014395236e-12,1.65822990088868e-17
ECHDC3,1792.9312236174,778.156117209167,437.677156275557,2515.556823917,4.39966639625309e-15,2045.37029592252,3159.31948810767
SPATA18,2195.69376548151,0.19676160714712,979.626361454536,266.607966223448,537.334411882503,1595.2807661513,567.194761313454
FNBP4,218.572725235541,864.844152810267,4371.9603754959,453.93676917466,1869.11210642244,5.35165560593129e-06,4.99679926108721e-17
MANBAL,870.565757170646,834.637740979543,106.267958126717,3776.98278932084,1853.56498865807,5.07810105077701e-06,12245.3595775663
ABHD10,1352.50749810292,2968.5590187844,3.23467166875364,3349.5451955922,0.000675412222284453,4296.61087480943,5822.20995033338
BOK,1219.84356114897,1999.08266367321,283.452238515384,2088.11520540884,247.859979758691,210.332918069246,2348.41352620711
RAB24,604.174766006627,214.271254677378,1615.60947624252,2709.21818183683,0.000840932920251702,6.5847415398625e-11,498.926725550564
PAG1,1025.81419550394,0.0133135759391684,1595.25284382205,2.41521157019862,3.90324123021268e-05,5.96568618892262e-19,3.05447505424564e-13
VAMP5,74.7603511291665,1.35828793806312e-22,1077.12916953612,5664.04037327813,1.75025069537028e-05,1970.15950970566,1226.51804498011
AGTRAP,841.273591301797,8.41897839659107e-05,229.294967085763,2672.17861872984,1011.07192668953,1.08862504741267e-10,1022.25298270389
ENPP4,1899.45376073746,2442.0785764026,122.08665601201,92.9743706373338,1071.75584918388,4.73167968661601e-07,1287.69859696061
ATP2A3,26.1371106688951,1.0554170636366,1674.6641105533,0.000896211505349963,21.4926298535561,6.03595675683425e-05,7.20144090277673e-08
ARHGEF15,333.055184522785,4.84666380373712e-08,2202.33389410812,0.232703024431988,1.77297860825149e-13,0.000200282669114197,0.00159020993678833
ENOSF1,1381.37747635721,1144.72396027145,2956.97961185635,914.503045878155,2.24465947885462e-08,350.207153494657,282.082139919723
OAT,1403.74836433325,2990.93836112787,12.2531780365652,657.379537103057,1140.81812960313,3330.38732804709,2650.27672879017
MEGF9,1582.63715069195,4209.07482069084,38.6988277974844,26.571282751076,52.7474301936641,1266.2834983749,744.462562723112
ARAP3,30.7526313899373,0.00139564581627659,3197.96705581766,14.436561747848,3.13020616957848e-09,5.60530029680495e-07,1.7497261174218e-09
MOBKL2B,2173.2207430006,1051.44983698469,85.8479184287343,541.404899249571,0.318238332027915,4.31051484494739,791.847971827659
CDK19,1549.24640813703,3.19241010406077e-06,321.124336225462,423.819826243011,2427.46440659136,1.35168683853922e-10,1.71844992134017e-18
PER3,1470.54915153448,858.616974763027,1561.69035784555,21.5235189026581,0.000118188270242643,240.84718780639,9.02522740673273e-06
PCCB,1132.38720081152,3811.69087731092,9.31556423812378,1652.43824139017,374.066363643033,3292.31351004185,5925.39912746717
LIMS2,167.835785549995,0.00205131661049831,1934.26186461276,272.630830467956,0.257014744537541,3.47079408512692e-09,218.869167047711
SGSM2,532.931038061844,1929.95766199585,3371.96631395625,130.110953731698,2446.02282582648,2.06958601235582e-11,2.73777243916909e-05
DUS1L,483.258868127525,903.777948398798,1474.55063487318,1751.34898921954,1832.09192991271,4469.86150622991,1092.85454717289
TIMM13,630.116026766023,895.455858569136,682.728607547535,2909.78850732702,0.179306464305834,1.62773591434752e-05,10119.6265550211
DDX60,1498.00192722604,193.347165754819,266.220219944309,0.00325507415966301,141.30972780937,633.94692336636,1.28275155309744e-06
MITF,1536.71199141935,2932.20312770835,42.5986534310402,430.93620343115,2707.85379352038,1.77955014011522e-07,2746.28306058839
SHARPIN,294.295702245138,574.062556071581,1305.32924994988,3258.28965067819,1235.75372869733,0.00125248786296506,3612.07809886669
SOX13,986.55204803068,0.000705442697118395,2637.76083772089,74.7582780432908,0.00155044651846628,886.318972246628,4.52784363468256e-16
FAM111A,475.565657046087,1078.72312022245,3186.72742211798,99.0484729626325,46.4866900167162,2.80910681192149,5.71014354284553e-06
PDE4D,1725.69632884834,1631.36327739834,231.769619476461,2.80704017507157,3250.12771057602,2.75560948975471e-05,1479.98101583271
NUDT16,980.916369003985,3450.39445354318,825.598224973053,17.1215649672678,19.5666765103164,2508.65741264502,2475.39788467087
ADCY3,153.464008434003,80.4645641729214,1906.58049579888,301.008440085932,2243.292761973,5.61338732964033e-07,0.0661801833666641
SLFN13,1427.80795912762,3.15611778465602e-07,1815.85106595221,90.9763774350922,609.11107722977,1.81750796981594,1.83247520291395e-18
SRP54,1708.83066259155,1508.06863006791,814.435514453253,436.158147867882,952.771253203767,1830.5148439816,489.325560667921
EEA1,1123.74643506048,1264.50578382265,41.5654314355946,0.1026208469068,39.3614280589228,0.0331937506034326,520.761379117041
ARL2,441.339910340422,1218.20207303462,1252.29643898967,5825.59164053751,66.8630657907227,0.46388293941352,5154.55691468343
PRKCH,574.580203899983,701.118065420145,1534.30203481375,0.00196634137405446,1.35944245346367e-07,3.21297981821185e-08,604.812637381825
AFAP1,900.380111274963,9.19933204639913e-07,871.85802993277,0.789401362672741,1840.22157684853,5.61170814016446e-11,2.99421286341023e-16
RANGAP1,754.199640726176,1433.66228815429,1322.90384153895,655.126269993267,2918.14049967487,2693.32528983815,188.551631529381
MGST2,784.516879606984,877.430004526354,447.723749137847,1561.33510822844,0.000465798109206675,3515.11758961564,11137.3721312214
PTPN6,183.291280740877,487.550415462565,1349.3854713606,104.892704628097,376.752700159611,0.0343888556225752,124.678445429929
MRAS,848.000284173698,710.543087736729,0.174565302158994,0.819249614621884,3150.02297345334,1274.32963312711,375.824712030061
MRPS34,722.576746705282,564.191885427572,313.416012624779,3720.08062565613,209.817178390221,636.038488082709,6307.09816458897
NF2,1294.47154597895,2198.94853435437,90.4821387378594,26.7993958143075,2081.77953859059,0.0579670190263536,8.52389276212947
SMPD1,1272.7640895295,2576.9089669862,48.1062175440918,0.000932640210884343,1044.63995977889,4810.14730460726,2119.74477165341
TMEM51,649.803008655615,3083.24572086867,1353.81918860253,20.9378383055902,2218.01496507275,8.47341355981154e-09,3685.84873495505
TMEM111,691.870668707073,1542.60963664213,49.7786066396366,2566.89250709749,940.638795251467,3414.89631394484,11873.1155782972
JUB,1533.07244049564,9.66946735011762e-06,1213.13906136268,1765.54749763235,82.7210379299086,1061.87542720661,8.01635078386173e-19
MOCS2,1341.25302288782,2123.40269914871,22.4861481116961,3457.71442603855,2.46138204071671,2497.8855458211,8498.15362017251
ST5,313.638228402533,2660.60646136111,345.744506660751,1.95605354351351,1456.43002985418,268.726917281806,1356.37547962305
TSHZ1,1610.75785710885,222.385768631362,2003.65992050834,203.926873181293,830.808622937931,1030.22839774055,6.16599848029326e-11
RALA,852.032563222566,3643.82538527872,346.569448200967,2763.42358742717,2.04759122436156,1213.12593028665,4396.5771748979
MRPL28,722.627013753689,1099.77885244014,767.177323443812,3552.60352445971,337.864044964582,845.856125423035,3748.48219359152
TMEM173,0.899983223612037,79.1224943872088,552.160765199894,195.168242767121,951.934376640298,8.76234057439935e-07,12.8213180690449
KIAA1715,1589.35624690524,1100.36110393317,0.385190645158225,43.7947414739273,5.87303669779441,1.20108783930585e-05,30.4648812310905
TRIM47,644.570465421046,114.178532789749,1741.1447990268,471.636365387174,1357.79255940674,0.00328594665021694,27.3273203801806
CCM2,234.272437727069,739.197214761164,1101.33123037983,1134.50714546947,2.25012477755142,1296.35595738218,686.788926264518
PDGFC,1216.35392500023,809.455999858561,45.5694779781788,553.873523516673,2992.76083046454,3.62206444272252e-08,338.824394756147
SF3A2,46.9773666298799,535.634883134795,1770.33832807564,4106.35042039941,778.613539524148,7.76858931933111e-11,0.000279772668639557
YIPF2,534.567974423751,820.934436918999,222.042619927363,2735.04502859337,1751.96018967595,450.324441294353,8257.63124274221
ULK3,704.090625120677,1248.5017428288,2766.14903670452,160.405915631199,0.0568581786659263,3.1815202202041e-06,2124.39552445056
C10orf72,920.625254012378,991.163156819163,641.010897900009,0.000530932527121887,42.8061451993939,0.0030425655105061,0.265087563073527
OSBPL3,159.544216142038,2664.45038886997,1228.15738047101,12.9200106122512,1596.81145090204,2.61999490850754e-13,199.666275207497
CDK14,1711.89424552683,1073.7450255992,25.1377051400571,646.300746125065,0.0165496100356029,0.638335786098192,301.692954309658
ROCK2,1353.21436731706,789.701720348011,143.883509529979,8.88924877185269e-08,17.7826459055876,384.788972570688,9.04081988053977e-18
MRPL40,482.969547843407,782.598939511379,281.301997065773,5298.56105897899,0.234382361317532,1392.41904018144,4021.74185109337
TGFBR3,1283.09403233607,558.311587558837,1210.25049136634,0.185905919014707,1.91786261837905,0.00221496656928244,18.1066280273285
SPPL2B,517.404962687288,973.249058657976,2850.76626659673,284.012469569417,1112.34491195455,6.69511789587471e-11,2.509959376912
TGIF1,815.28075931726,682.054092625845,1954.59986274872,3170.88271541065,3641.53231305295,865.975071693027,0.17801883060751
SEC24D,852.206442625077,814.088845694809,13.2071013652597,0.0199503469973807,198.742434978175,3587.27265825077,69.9139954495807
RAPH1,607.065240047696,768.056877533745,1491.36198759954,0.00421340261480336,669.758710950284,2612.53744840975,3.10630036955226
GTF3C6,1202.4377754172,309.780301992662,116.308001090719,2685.55389161477,16.5820507127662,4.55802747448393e-06,617.232017384388
ITPKB,421.528123592597,810.677675528254,1933.87429293874,0.00168529941794196,15.6897308529323,1229.94947733822,371.179052358903
ATP2B1,756.899321999902,1578.61280239137,373.581137325513,7.25704434586199,3214.81206851592,0.192834280193102,959.146564583305
C8orf33,926.027571864442,1395.6088705573,101.50358599545,2573.80607351635,1488.31450236186,0.132110608822634,4756.33190654216
SFRS14,1024.57905335305,2540.8349953129,3267.11374893529,53.2761513519374,1980.00048285513,0.377972517310495,1.19844664033339e-06
SUMF1,958.252272826561,3065.38258203058,1.14255470781238,409.350177716621,2796.54953413823,2325.18983758622,5057.18094414542
DHRS4,1559.66539415316,1118.44579611623,1501.18687530854,1169.26094828738,4.76375743583197e-10,3440.42883540615,1952.85668537963
LRIG1,773.897184249935,1703.94433924217,1870.76287111811,138.47243073804,29.3282443534015,1773.99792749831,84.321503536621
CCNC,1257.78099541543,2203.23290000105,0.384944704374322,3660.77221286539,295.361872491435,389.956295147037,5675.60312460688
TSC1,1086.9275329642,2594.31222364915,3032.99037721115,125.233333613707,22.3876555601145,2.02638538417478e-09,6.00962574320021e-05
CD200,386.75571997374,2.28317727781555e-16,1077.49577008335,1716.59450575244,0.000973031996963642,5.29095535589728e-14,5.42562797709037e-13
PTPN13,1460.74594696711,1624.72226301385,523.335864914851,0.00477373043637495,1998.67158147203,3.42145497163001e-15,5.34379608955068e-10
NOP10,670.260892714985,772.569533955207,209.785630677606,5021.85904838304,46.1953035354885,1609.91731681528,9237.34898423343
DGKZ,567.601196972015,83.3859593254117,2156.0309698476,8.81017174635141,0.22463245178625,4.88535072955588e-09,0.128148187728116
TMEM50B,936.186459576674,269.484532794432,892.643018252405,1259.87411774796,932.903408906854,0.000116009832270196,12143.5848962867
CSF1,97.0885993853291,0.0484333680008171,910.897150349293,100.994665149324,660.438546234298,6.71245799448222e-05,1.11359232689155e-05
MRPS21,453.857526004942,281.223561444873,1217.29685980554,3675.97624590159,1152.71104194106,1.18520112362238e-05,3598.11955616227
CLIP2,856.914174031278,91.2903851350774,1493.02854137248,2367.36453516941,2311.98880118391,0.0060684332430149,1.51105782800685e-16
FGFRL1,701.510331491604,1432.01111229288,1901.71120274343,538.605793183708,3671.48366767729,2023.1705853623,1004.93367237545
NDUFAF3,369.774763091545,1951.70462019455,828.863418306646,2657.66851537095,1409.25436709486,890.038430617547,2863.69450119535
MUT,1929.32560843759,2842.52647431831,14.8326783619987,225.334106539844,161.835498215376,5280.42458893003,204.114476128381
TMEM120A,1166.58497940142,305.625087063664,25.9546768140517,5473.75035184936,0.0893208484942982,1406.78335140016,3023.14534642648
SMAD7,420.762698275101,528.06458034797,2492.41254414122,1570.20493676118,0.00905827142716505,2.81861942980902e-08,3.2490938156677
LIMK2,501.193791578278,959.588287101323,332.561775580803,0.00063657182349528,2022.26392406584,0.00229890660540285,0.637014166724022
C8orf83,1418.32136388192,457.910883661505,2.94165529873964,3999.83486801512,75.8042286125527,845.251866142966,799.747577091372
MIB1,1272.06209553666,2539.91975881451,157.408289230572,27.6427344485971,1229.81833585828,922.537833567729,418.293858964497
ORAI2,756.766412620362,1.15593053522936,746.33532126971,160.416065662493,2408.08446919751,8.82189016091167e-11,0.000309181144676442
C11orf10,545.465427635848,441.56814596533,444.420955485975,5398.79183344881,149.799642198908,2162.04503568132,4823.69854204925
MYL6B,660.022149883378,7.30185139961943,1044.97475917233,5890.1285679648,0.000665437365532702,6.95615616309524e-11,0.00149413669089051
DOCK4,1103.87932613037,569.331341610468,378.184970000343,1.58299077322124e-05,0.00269060322419186,0.000312154403993468,4.77036519540287e-06
SH2B1,533.381448399978,2754.79645433959,2723.5889638471,677.106232590437,1767.3505087002,0.00107597651402219,1549.28584077065
RBM42,399.890374979075,1325.48858914484,1576.70891691611,2837.19523409331,1027.62199055242,7.40339061906867,2600.39446337811
DVL1,434.872377514026,770.895943842455,2572.36807241041,2287.68826543002,2053.38363848017,0.0606976878309823,1.90929042921709
HAAO,1080.01777859903,3.21735796891295e-25,1626.13122747432,2244.27199034029,4.07301324054056e-19,2254.39976268118,8.77984435610207e-16
PQLC1,813.656353160708,556.551657862342,1815.02250863266,453.194384315926,624.296232998286,3552.6368751987,2107.66836046689
TLR4,1013.4981551736,832.68247403426,330.061795338604,0.000102004319686701,2.87610998679557e-05,3.19599369371791e-05,390.496035741296
TCOF1,468.91334832794,739.685125957439,1085.07468430832,1266.54748363777,2329.6243712747,0.000290396826578018,8.62338150719916e-11
LRP6,1535.87715012771,1535.42088685062,718.936360903053,0.278509707284515,402.840396734634,1889.1940223153,2.28862513229416e-11
PCGF2,168.439797058472,623.143870271389,2359.19190506881,2378.41094844184,1138.01837307122,1.79022501508637e-14,0.00756184283292795
ERI3,1033.13778846838,298.826225104597,20.3633180498173,1383.58582667968,1263.92205884777,822.395786312474,2541.57785333152
GALM,1836.22979209735,741.045795581601,90.2498761431914,237.374402821916,0.510068668702006,2237.1583904571,1095.17463060488
NRSN2,792.666032452064,629.261161685886,776.406016954147,1410.94351609405,1686.98483336726,8.43127697929513e-11,841.436330299844
IRF3,42.3307149931473,538.680592254813,3127.35315848369,1536.59903843895,1968.85881048294,1238.11799368309,25.6529100741671
SMURF1,611.169545874955,4047.41888047018,1508.40779325573,665.982583734442,1625.46612827585,5.08519955843184,2.43725845349682e-06
ACBD5,2170.34558467719,1559.11134648298,2.06351883561818,117.393975937355,827.502038884077,3152.57433545189,2479.84104779404
PHACTR2,1079.80167152086,899.078656511225,176.670748951001,1.14263912034929e-06,3.03041596268726,0.0132525621256347,1.45172156604568e-07
ANKRD12,1375.20230954778,2034.44546755154,1797.36224314612,9.02462281272777,36.9269368394633,0.00578673587375921,0.0113341140239982
PMM2,647.927938223767,792.296358902537,598.964140212417,1291.03061191251,767.953888277234,0.0928169911755152,720.98958142385
RAB8B,1147.94954031562,531.606989558924,130.044131357669,124.188257004452,830.13572766052,0.0063577369781269,540.658344817564
CNKSR3,1537.72885462797,0.170760369464429,1531.09584263632,733.098745902672,1255.49341327953,6.92118362781535e-05,1.1474999269315e-12
TRIM25,1277.51548000372,547.023206807186,1117.58152987801,270.820814402284,2226.15777652303,1104.0016163244,4.98744508556741e-08
SIPA1,0.164925518316872,2.1278352075457e-08,1853.19853649841,269.575029743669,97.0318196633004,0.0795082015674579,1614.13607154407
CD302,644.44520298847,0.00963856989533525,2.12883542794396,3.18558621741821,0.703902232697246,1229.01074836304,231.880980914648
BCL2L2,1384.2044200023,3109.33165808391,2190.82470909857,11.1737922011601,274.465424296662,2.58497948898414e-06,32.3717190452611
FAM113A,284.516393912082,1394.14799862308,2564.47671720874,2522.64497030229,1244.11450533991,1.34414613331631e-07,1283.73930134125
STK17B,454.122177900588,9.61257539441706e-05,510.720622133312,46.1952441628287,605.474826557385,6.60355792237008e-07,0.0217165081117282
SLC31A1,1560.10652790455,2399.64372835767,0.248104174628563,0.123596432392041,219.04262678194,5960.07832080157,4160.47380670162
GALNTL4,962.335767417619,1.85957934026241e-08,1512.82666852433,4.54961561587179,1695.80683562263,2.20397876775386e-09,0.000432354595341522
DNAJB11,776.285030510702,1242.9199457538,1135.18939647351,1053.85695812701,1101.37987795075,2799.78506983865,959.735409399895
MYO5A,815.411495118756,3043.88870584422,126.019369492259,1.23869818352366e-05,1.64020386446943,788.079238045185,613.804400775893
RAP2B,610.060172644676,1185.84104036167,700.955451940057,3.76097704886624,3386.15360602054,0.153314713572654,403.668266837943
C19orf22,43.7016051697549,816.78304752398,2063.6201101076,1685.75309180375,2361.21685433014,5.38997829116724e-06,1945.26017643304
ANAPC13,1169.58603421854,2400.12987408652,192.141549468316,3511.01413358211,12.5352108939603,3021.95253857511,6636.00281935023
MALT1,1182.83024968146,15.290460136681,1625.7974457663,1015.48732143231,1650.89995713016,1.35090019656304e-05,2.16915744819198e-12
CASP4,262.720347644772,10.1000596990292,357.474354307824,3031.28114976815,1132.59315675836,1010.97131079357,416.29320970027
SIN3B,425.456134859169,1246.50947087602,4126.29316582523,424.477588772858,1725.51249005466,0.00825363306502195,1.01579140867554e-08
BTAF1,613.411107003619,834.127970824077,3151.35778674474,57.8781504170831,2279.40586427308,0.000183618885606446,2.0678911929885e-17
SUCLA2,1757.26007906375,2133.0446164743,11.6062982857979,950.439758313221,706.040514894639,2.9279626524074e-06,4201.315068536
FLJ10357,1164.57859860065,846.340105464946,2305.80869646626,28.7691656092165,788.014316125025,3493.43750106445,358.983891027895
B3GNT2,1398.46681225795,1758.67012984781,1233.45646595319,639.038146274979,0.127983323853164,0.0028048807125786,929.605992074557
ELMO1,404.643883112043,1.06356119020773e-08,1543.38384401501,15.8558182345531,1.30992450313584e-10,428.806664069876,1.41021151914931e-09
DZIP1,823.218992686197,2.38018954708651e-15,1393.42579729398,1599.48942534226,231.376609176337,1.45287631290832e-19,9.26021469661902e-23
C12orf10,543.469414771394,676.46697930014,325.021118161806,6540.93619542129,159.875609988765,7.06769918544054,3873.40670137406
TBCB,272.335337564607,616.16480384442,1091.85522662257,4539.0065656766,1495.2081691185,19.7827964697754,2521.44953107937
ZYG11B,1705.32538026535,2843.80419673889,57.9485441755832,2.27445056009068,39.9569199310292,2.76855529527349,3063.2467478981
SNW1,1164.00832815271,1319.82781848413,1515.7865199539,2080.30037004954,1257.65884916553,1042.02704629615,77.9037201530248
PDDC1,1147.94910952797,2302.41908741175,2356.3745136721,398.54646466578,1688.21964700242,0.00955502630644858,1011.4505180285
RASAL2,914.13534774386,337.636395294063,1222.24893467951,0.101999228283348,768.575160123054,0.00112635864000946,4.80304751982557e-08
IFIT2,1015.84082356029,37.6062850305905,0.967753227135805,13.7837361256398,36.2318295128602,554.713542874073,2.28895118581081e-06
DENND3,368.761397438683,91.8621405633757,3321.80368317673,35.5554592241697,1907.85025838561,1.652557855774e-11,5.95489589304288e-11
SOS2,1504.77868592285,3175.20637514803,1013.32144516327,13.7246110079571,192.584065135626,1.13413419039084,1789.08029023837
MYLIP,1259.81259961043,232.471721526142,1631.29708190878,714.993569030352,10.9314741554251,5.02374747859346e-08,166.83570211788
EEF2K,1136.211604654,450.394338370186,798.079363582937,147.965088531477,1121.20386025455,921.371110060746,2.0745398028413e-14
ECSIT,863.978137013966,1633.31353778119,138.349348901831,5769.65862283333,20.6492100624074,1441.37409019606,7235.44014840435
PLA2G12A,1514.27481430528,3079.05957310001,15.8747900313984,0.560942450543995,1055.27824615356,1952.28204059379,1046.03943321455
C1orf93,1258.04328635148,234.976221601906,1029.93653182848,176.766256338898,1122.98325027609,1.08604851467929e-06,483.246538719349
FAM127B,461.562415919273,833.405112972173,1651.0417252224,3530.19804608765,2158.60070221913,0.00715432371458599,533.825699645876
ANKRD52,1177.91139582768,1236.91616048443,1894.97647105255,0.543802354392815,3028.7085746085,927.866107819757,1.19719234928062e-08
AP1S1,1314.57765801509,219.453200369822,4.08282275704018,3472.01184603434,794.124910256418,336.259821054867,5756.20977302735
CCDC124,344.394543032896,1057.99858677813,1568.7263587566,2844.96804926422,886.996678916524,936.782155717866,919.08542460227
FRMD4A,360.960820696239,0.0292344989763848,1528.35742124552,0.0895366340998521,1084.16995414285,0.0013723343586831,1.21755251921118e-08
RPS6KA1,875.66700370509,940.242863183609,28.662372620638,80.6317077708149,1488.64390196522,2.05036273917581,1882.64979387587
DNAJC1,1548.93822389637,99.3428915935099,1208.8515171466,1549.1140208971,8.53770052271502,1839.72314826866,2090.58168904307
CLDN12,1731.84115382923,1858.93158119315,3.09148525114102,1940.78338907298,1373.82398771738,321.498521241242,1548.47272247756
CCDC88A,1037.24583392325,400.424864667385,1342.69167992181,29.607260842053,36.2743123619048,0.0339593761963876,5.48123020618954e-18
THRA,1586.60940852735,895.711393360005,1741.41226458887,2490.24011048653,277.162205727394,1.11920413384666e-05,671.25383899096
NACC1,545.138851700099,1414.31607408352,1094.40421727082,20.8193411799727,2501.31944830878,1549.34480332969,791.781615218988
GNAI1,890.183784624338,463.341676990382,717.620993150437,352.656323235517,1621.20642105956,21.7467452589821,2434.20656880721
CISD2,1790.05188231626,734.809161007629,10.2111803584392,685.744102768985,0.478963491970035,1383.53790603391,3044.98877005875
RGS12,931.19346693394,1.37668648508451,1991.58896875205,124.46632441923,680.742572460645,28.3614263911684,1.75852841665999e-11
SESTD1,1652.19286003662,1842.70706599048,1184.98658238464,11.4453531083513,1999.58054835564,1.08652822022894e-05,160.929800132878
UBR3,1723.2274745161,2574.59290595401,971.473171607666,29.5497335699857,27.7989739498573,23.282170203739,0.0014090220774316
ISCA1,1380.24338156075,1905.34587168507,34.4069613529809,3742.6479487031,10.0738816581861,2.20221405082847e-09,5883.10643080974
MAEA,959.991604239339,3295.09611284854,2177.70587246007,213.483463721816,1168.26037841967,7.53144836380242,3205.50970610082
SFTPB,4.30174071840914e-103,3732.02032526438,5.16635609661565e-67,2.73414651559166e-12,1.59267457889468e-80,0.164147852362415,8621.10839425935
SDCBP2,8.20894864777246e-29,3870.06627861064,225.031115581065,3.90232361884149e-24,1.70742392743119e-07,1846.95641367207,9046.14941803083
SLC38A3,2.82126874109965e-72,1.86765479131843e-24,3.17941402470624e-80,7.74992281285569e-38,3.88604556599544e-09,31462.4099717183,5.4423252704513e-08
ADH1A,3.71535646178139e-98,1.7608587724543e-38,1.0364739088558e-108,1.37300166489494e-50,2.1481147898217e-110,31450.2315097823,4.91375994241107e-20
PRG4,3.53563044572088e-108,3.62360636290834e-59,1.08526178309082e-93,4.05976205258141e-55,3.44066101669041e-93,15268.4163066009,2.35392467541732e-35
C4BPA,1.4578541761897e-18,9.25569555865173e-32,5.55184003938856e-17,3.26724684430342e-21,4.08424859383443e-29,28701.9063139676,8.50872747306058e-20
C6,613.113182209641,3.16833834073384e-13,124.924930870407,1.69119423317363e-10,3.92960996727084e-14,23422.5109808713,496.84935481229
UGT2B4,9.16946418271775e-86,5.04502910247814e-38,3.02619840999852e-111,9.20373137686549e-50,4.57455557077524e-121,29899.9161692808,1.96262635904686e-18
SFN,2.36343088540876e-42,8.19644093215837e-57,2.87719107175316e-09,1.67259164744268e-12,6655.14266494659,3.95531766673331e-09,6.65831674714884e-37
C4orf7,2.79461473984153e-46,3.61693842339522e-26,5.46529388277371e-39,1.58928903436541e-29,9.58758988494493e-19,1.22513828756173e-31,5.47583847383552e-60
FAM151A,567.95425356301,120.972589412988,1.95435497957474e-29,4.51321030809519e-21,1.20427383387071e-22,0.00113038265596117,1.14354231944776e-13
IL8,7.90303128831547e-08,167.258313075437,405.688886925152,1.42919292535323e-05,641.860470599295,0.0425685791840278,1.37129408669003e-09
SLC12A1,422.326257280594,495.934909566846,124.351158545396,1.47725111490116e-16,1322.22229445713,5.88905110499025e-30,171.270262377097
GPR64,2.32395325099041e-22,1.70606849503558e-11,0.0122679510921597,28.0038866886376,1931.91009856767,0.196454917445278,1.57691251628397e-25
?|729884,1.47299646986997e-14,1857.25141099693,104.721073767721,1.82078552694865e-29,1.14350564969478e-31,2.13792148099823e-84,7.74373059329572e-05
BMPR1B,2.39963605451648e-35,4495.42912317196,1.49543273778907e-08,9.60637989191574e-26,1.69116489439404e-24,4.76290614146413e-09,1846.80531952127
AQP2,158.818581178136,431.4739895313,2.16746156098542e-07,1.91754771601233e-20,613.892931865061,4.85073408177222e-37,2.42620887280013e-16
PRAME,2.92907936185584e-15,7.21189681951849,5.43929522931811e-17,4.32529279302447,1743.23524849743,2.81064408087403e-05,1.29570500010278e-21
WBSCR17,6.35854723869731e-50,5447.47125395872,4.13268983282624e-32,9.54358545468854e-26,6.93592678391076e-21,3.04882040314108e-12,2133.22829114676
BAALC,3.00904376428849e-41,2579.60057449143,1.06226527409452e-34,1750.28731684736,1.2843994290379e-43,4.46237758226866e-84,7216.65634884629
IL1RL1,300.06709952154,9.49059368859928e-36,1324.61429213979,1.18935264752001e-22,517.251034300327,6.36810951037242e-39,6.21826254673357e-25
GRIN2A,5.83020487033605e-14,2.37001645265902e-19,2.37046670737257e-05,1.85617809701055,1.11664333043818e-25,6.92359088209858e-23,5.34353964630491e-25
PAPPA2,191.359506550879,773.147700724269,3.51276425272166e-09,1.73268083493593e-32,553.933076892535,8.65373118535433e-13,1606.35066089112
AKR1C2,409.498717690299,425.17508854583,7.04455408679226e-13,1.21712748117303,983.645331069271,12660.5585351844,1010.12500116972
SORCS2,7.48651134316861e-14,1432.97864174908,0.0067985081818684,1.16383798247439,2442.27556300182,7.1446622998531e-10,2.21918387081163
RARRES1,2.4316979537866e-27,0.592467582178729,2.15113601300894e-30,5.7890867935103e-15,1454.72738400639,1.82570991137052e-06,476.745322939642
CKMT2,5.85278012246334e-07,4525.72422588837,5.76095526757342e-08,1.23373549546212e-14,2.34246491517433e-27,358.450919569323,6117.21782067411
MLANA,132.236673558453,298.110936643021,2.80096730114703e-64,7.67481113729791e-45,3.21383605225225e-21,1.23740436185846e-88,5.10940319018076e-44
BIRC7,139.36587185693,5.91765799412656e-14,557.981842244463,4.67476098748098e-19,0.000460176259645172,3.76100356134139e-45,1225.39151360469
SCUBE1,5.60077230245661e-45,469.587157285885,1031.78349682571,7.33542542547170e-11,6.62675791082703e-26,1.64507247322885e-32,2.10949761388111e-33
MEST,141.656327268043,2.6678033075242,0.000675920979461818,1396.74819327262,1694.76977059171,1175.53407101866,1.45968276883831e-05
KIAA1199,3.96235661187007e-29,0.000707365986657924,1.78942436553169e-43,1.74314920615976e-31,5.70976664801845e-22,1.29240942297339e-55,1.4526980919094e-38
SSC5D,5.45352364855666e-12,2.37170772936002e-27,179.360590673212,910.071538594091,1997.12246739221,2.44697218878022e-16,3.78398435634255e-29
TUBB3,2.72155752429442e-25,217.836623353158,2.11259395659352e-19,916.112299757124,2820.25583299844,6449.0720992966,1373.91712831826
FLJ23867,1.0572197332432e-17,1336.08800912984,2.21585823135546e-06,0.000196721731976957,3919.55111779237,0.0250522295885925,2747.67421812911
LCN2,3.11930811116857e-16,1061.50135349196,2.73773552871858e-47,0.0393349177749724,2494.9740784034,1312.80988894281,0.0528866345391099
DUSP15,3.31196480795168e-44,2542.62639933219,7.03345517947739e-30,5.67204105942101e-22,2.42534624441331e-33,955.683483349975,13167.5185400957
FCAMR,664.044588052868,226.308912836667,2.08825706720706e-21,2.28113172832892e-21,6.92149253624437e-05,1.00282921157057e-08,1.31173229759377e-18
C5,165.823137103708,0.319691335037303,0.27041371309164,51.0711324769108,0.00155837123399054,26809.4794825096,4.56355202420984e-13
GCOM1,3.20341736915905e-38,4398.55105008587,3.37949448713224e-23,4.65619161884251e-39,1.81235207132333e-27,9.30144970103986e-34,3569.19116647844
LRG1,98.9067060585727,7.58101985954292e-24,4.73737242215745e-18,6.70002900583347e-06,0.000764594089965639,14021.328051426,1.0745568155972e-19
FABP6,5.03655322603483e-05,3.40820372298331e-30,3.00537437989027e-19,319.597856253586,5.06394642365413e-10,2.35915186557345e-29,4.50076966700286e-05
PLA2G4F,4.69989864943266e-71,4618.30362209059,7.66385821388563e-39,6.34139004573827e-56,8.84892477433486e-36,641.977737987686,2547.0901760418
C12orf36,91.0610346171225,5.56473674009904e-27,1.11219207662069e-38,1.85938434640957e-25,0.382698135629834,1.57290565412843e-08,1.03147317211302e-29
BASP1,1.48504939427639e-11,213.029294026774,2.3987262067139e-14,0.000294065721831546,591.435138461323,6.94697501372326e-25,1.25517461311487e-05
MCHR1,2.92229200126853e-11,8.7410193865224e-20,1567.32074230661,3.57394343036447e-05,804.684400983123,0.0456211213186065,3.62958994737986e-21
FABP4,394.086794536358,1.18939879244634e-16,1869.62723747972,0.0225584406422338,9.16921867447152e-36,4.44355818116546e-06,578.913233938557
HPD,134.869712810771,83.5058684741653,3.20855547687451e-27,4.67487790910276e-19,412.095561096407,5412.53408275867,1.11713219906896e-17
SORCS3,0.00265118563620777,5.40298796249713e-29,669.517984772001,639.782724262488,473.598318869238,2.14631788024379e-26,9.37757512834853e-28
TM4SF4,1.56804917557351e-43,4.08671728400133e-30,7.12667578894414e-47,4.19024498923459e-25,674.566048991948,19054.7114327993,1.34882201954405e-10
ADAM12,8.25004659260168e-22,4.24066606884796e-14,6.07931630699165e-16,1.05586344553861e-11,4.2616772550788e-05,1.69365474384036e-30,8.90038430765228e-25
FZD8,172.063646316986,0.482884457852414,1559.67472448943,1226.04827275389,1910.81587734405,0.00272627568117578,295.665520458073
ATP1A3,88.0533863273162,484.863529437484,2.5503205270267e-23,7.54847698333988e-26,554.572488232851,5968.44073587141,1482.074857479
CPA4,5.58131148070865e-29,8.9751711216315e-37,1.55441563018197e-29,2.77456827059004e-22,1194.04047945747,4.50689882461529e-60,5.05974394678316e-25
GLDN,1.05226466469941e-37,2920.38758811317,1.41907322346627e-25,3.62275074026255e-34,8.23243619817781e-21,0.266620256342986,1236.66805191048
CDA,4.39006779194302e-16,719.195286970199,0.000111059597998959,0.900558387148,1206.89431362126,1263.64733368805,991.85811780906
SHISA3,0.000823321673874491,1.21625376566985e-11,0.800933937353329,222.130476995,3513.19271876275,1.05364618081314e-06,0.693231250134746
PTGES,7.97892660917207e-26,1.43813492905782e-22,3.94090777513015e-29,1.56964931966643e-18,985.138406649424,1.9657511904671e-77,13371.8128931643
NFKBIZ,6.06497040760882e-15,2.32057904446113e-09,2180.7465881121,0.0659689174882292,4148.00732905303,1.0784011764561e-11,8.36884350204681e-24
FOXM1,74.6055316369249,70.1819900524265,1.93281128965306e-16,174.173993465575,1203.12425959025,975.558807607591,2.37637268090124e-23
COL7A1,4.55634732521096e-48,1.86389378309671e-05,2.41154651480662e-25,1.17855764696431e-13,3286.35711513011,2.25274911214888e-55,2.2842511955835e-34
F10,423.082759275427,344.336325021978,7.93974491121191e-25,2.42513152892933e-20,3.62935157713006e-06,4290.84274934055,2.63375056097458e-16
COL16A1,3.16633079824801,0.0191722423507458,4.25908428306905,9.67103666329236e-07,0.123182208556735,2.77833449723649e-09,5.2511864552525e-12
THSD4,82.7904511296756,2769.48418645066,0.00160125006065019,1.72290354946503e-12,1840.62734192063,1.56671560237793,918.570776359338
PTH1R,1044.62429305067,320.543414092554,199.305094723652,2.37481252254103e-12,2384.79565346505,1.07306327470359e-09,896.889047424979
TMEM119,2.7476590368497e-10,1.360199630058e-11,3.6258374714218e-06,2.61026267662555e-10,0.000533483627113163,5.71016783660097e-21,7.55793805323133e-12
TMC4,50.4512942095138,2701.10118558312,32.7055828363524,1.11206294314913e-17,4024.8311714714,736.867565969027,6365.45612750007
SCG2,1.84908183062333,1.04156420156775e-11,12.1007230653468,22.9280052669295,90.7301509155806,6.32478680134082e-40,1.63855861704528e-25
TMPRSS3,1.52405131745002e-20,7.99358070834884e-29,0.0085332758845337,2.60350626191852e-18,6356.16179169888,5.35363460669644e-25,0.000511299082858773
IGFBP6,208.161720472639,1.42110488465615e-25,8.37350796377805e-05,2030.84794305176,1963.94117784313,4.91817820351656e-42,1.60159799837994e-06
RNF186,534.879391373705,7.51286494781335e-18,1102.00412265555,1403.56983948368,6.85206740926459e-18,3.74369129189134e-11,3.23366977003233e-24
TMEM174,1324.55221771797,1.190000164928e-40,0.0244428030957464,2.07963795241068e-15,6.71185727500498e-46,5.42139494588703e-35,1.23743425826307e-17
GFPT2,7.60398280496152e-27,1.15084037644182e-23,7.40708460185371e-22,1.26098766757363,1500.69530684877,1.53080913676324e-15,2.82599143919872e-23
GGT3P,353.94002810152,2.76080221427599e-13,809.931733449169,2.28680409239288e-19,1.05062181506585e-08,6.58342097433263e-15,9.91800312806844e-20
PDE1A,2.05215703342566e-17,1609.57201254301,6.61823621034228e-07,1618.63516711679,1124.09881846664,0.0521773302927535,7503.17088954532
CPT1B,2.07225845310461e-10,4077.06933564662,1340.44825387852,0.233574150071711,5.80098717035305e-14,1.66021361149947,2966.8938967588
LRRC25,469.346741180771,2.04787276316041e-07,0.0795664831427673,312.828762853761,1.84086492208881e-06,1.38965321985559e-14,517.694315256875
GPHN,875.13943387309,2464.3201955221,290.480572981466,4.85558531664611,1.68306883225453e-05,861.367896474324,886.59421889188
DNAJA4,434.333605320359,3551.01237589392,666.550397130469,0.567097251380334,534.470992818498,1181.81968675591,599.059127853026
SLC19A2,314.07683122024,4273.73404147022,550.465833619807,76.0912781270543,1.58094654833827e-07,9.80395830258656e-16,1753.48523571754
KCNQ1,9.36504166148625e-08,4083.69055315464,432.889455580847,46.1992224150883,15.9888479542881,1.80655929461574e-10,4543.13901749719
MIAT,3.06605811567298e-32,6.18818950178828e-27,1196.31466291308,1.61482214748221e-12,3.0107639574562e-22,9.32550999245454e-09,1.15993320532237e-30
MKI67,221.959430843386,3.07565724145127,3.44974873554114e-07,4.88297193936741,1481.68118565426,1230.54455092632,8.07656180618413e-22
GULP1,461.653882295789,2695.52367562769,9.27076517698752e-14,2494.52592246463,263.472723030173,1956.18840956846,3704.26518292165
KCNIP3,244.746134491356,1752.58791884832,4.19240726512901e-17,0.00011937561939899,1509.97727123453,1.53824737550325e-12,451.244855246687
SPAG5,1064.78813950184,15.6447391404278,0.204846404311721,3.80197923531352e-05,5.31811566126391e-07,2005.77811940476,5.53090044767161e-19
NR4A3,103.650825738008,410.393578327851,3523.65571759588,1.77059557021196e-13,792.509644122317,1.26457605040135e-14,201.895396450881
IL18,1.64201177357791e-05,2986.09424278924,3.95813559429988e-05,3521.80130577595,511.690846040319,1.81111743672644e-53,5384.37629629336
FAM65C,249.859194183816,257.516932555827,2156.22741672415,456.963114324617,4.73584712872834e-08,9.32207879781647e-15,2.27115767312217e-19
C9orf16,3.62743532841863e-08,531.445219324652,3.25005201599318,3094.86680242544,1275.22905402923,2.35741721662741e-11,4719.20392413962
PREX2,1.4671798473584e-05,5.95200783801206e-17,310.670811779174,0.163260058114601,379.399866948952,1.83798178395274e-15,4.95628084961106e-25
RAB40B,474.080824013897,4487.21862705533,13.7806271865488,2511.13263163523,9.36452775871989e-06,1.96515226567052,138.26184841839
FER1L4,5.66849460916754e-05,1.74373933694829e-27,2589.20459534109,9.18904798687768,325.497441320798,9.67897412666637e-22,3.76557603828763e-32
THSD7A,139.562588510525,4643.00527503568,0.593469853370197,6.0528412015187e-12,1.04251210318303e-22,3.7659726450988e-16,6.2751891525689e-08
GRIA4,725.166290549152,3.25109412345716e-34,987.914671350619,792.726279202686,429.395330892784,7.02524994842843e-37,1.27210013776261e-22
SEC14L2,73.4242328718758,1.49930159144575e-08,557.32569557947,1170.05273079847,1449.58520119255,10532.4158731985,0.0655312211093563
TGFB3,117.631377197892,9.72156304200453e-08,658.570914163684,110.276010563034,1.72558828919192e-07,8.53494000141442e-10,3.65141471884491e-07
TNFRSF6B,1.47378287198403e-05,3.14321880942391e-34,379.56291354634,173.731165965994,1443.45940243415,1.92210181647786e-42,6.12582866840165e-25
MT1F,1.81418304333561e-15,8.22782267898291e-24,4.29815238064809e-09,1809.37986044352,0.385933056806162,1.84778939586401e-09,5.65288913817535e-21
ITGA11,2.64904970808768e-10,5.30291300616391e-08,0.000319572967129715,2.09244837558918e-11,9.81573917595891e-07,1.28513657463931e-09,4.01982386513934e-16
MST1,530.550471645576,1.29822553800026e-09,1095.3205587739,17.3174256089476,179.416422176432,2887.74382220285,2.90643447656517e-19
VIL1,1285.54979896645,3.11511683209615e-38,324.56739176905,7.99676809204813e-19,8.48021544909164e-14,889.576792217222,2.16288124049123e-21
GPT2,428.423793944981,2407.10650532393,9.675757183612e-10,2.62331986295666e-16,0.0622568582722746,4751.0188349409,91.0241142525288
PPM1H,487.58964094249,2902.07475085168,5.3028110830186e-06,1.54359496617653e-17,1134.87070215735,20.1488869830847,1418.53887673223
FAM20A,123.983363686752,230.799503739605,8.57413169761867e-11,1.20448477138199e-18,630.652071276696,2374.00960888086,1.78247456849968e-16
PLCL1,532.826379660763,3277.80088723292,243.872096475721,0.34459118968597,1.79133880924064e-24,2.59811571977796e-12,2.70501175825455e-05
TPPP,1107.74929169677,1142.29599035486,1747.64780346817,2.07304931633647e-05,309.933597343144,400.133599118919,0.00509220446895598
TK1,158.331142076683,0.611084883481463,3.46811946991288e-10,1031.69761643042,1306.31692071232,1398.17690631977,3.49740309827086e-15
CX3CR1,468.831454368518,7.23280800957783e-07,4.99306856127841e-11,8.00416214041399e-10,0.00017973302451617,0.000914992938314572,2.99568153390519e-09
CLEC2B,28.0328775481442,4.21013597089666e-08,372.515287634516,14.2941774600341,0.72106560376044,3.23634137866376e-18,7.26468759479585e-06
FGF2,465.667502275507,162.458691880565,3.4423598215534,44.4018542960268,1623.78394332277,1.44696875289892e-28,4.6576997814064e-05
TUBB2A,613.924992258002,1681.42471964975,254.587922766919,9.55641087510589,1091.5600243135,8849.43988052491,947.035790568174
POU5F1,0.0260170198898526,1.37936253970507e-28,1240.41903301095,1216.08101714924,72.1327703321128,1.18567382870053e-22,5.45717488734102e-26
DHCR7,462.800728242572,2841.63721593806,277.266962505689,876.468705855784,18.8537996389446,7267.17664611061,6983.21753482703
KLF15,672.283803192329,1142.90245903787,463.034804090741,995.344303425935,1.0361554422777e-25,2207.76934633202,1758.89835676522
LOC91316,298.465929976901,449.841368124584,3146.38618597045,0.0197456438494901,4.62249231870204e-14,1.91123126005507e-20,1.18784926129347e-11
CHKB-CPT1B,5.41006709715564e-05,385.800967769169,2663.84231066024,10.5550431874902,1313.26683487209,1.81601689926417e-16,1.30070589187316e-10
FKBP11,0.00626858804932859,91.3680301871545,0.00111111593041402,755.330698311663,1062.84803922482,630.92693513397,2.03985944794897
LIMS1,371.366167999307,2907.12722307641,2.32074581689872,181.826783050391,3.21184836188885e-07,8.81318992788927e-11,2.66957385458118e-15
ODZ1,688.732597659536,2.1149483233446e-15,1994.5352632061,3.92529061367964,0.0002977685528856,6.76743590634443e-15,5.89627572577453e-25
PLN,0.863135396066875,4.58629613807712e-09,5.28560424601873,970.350353186221,2.19341511814986,6.73124575163964e-13,44.1265864370291
TREM2,1.00592269084089e-05,0.339441757000941,8.72072610156565e-18,64.7153728776889,0.0162938630346632,8.33744239466846e-14,754.414973888855
SLC17A1,1159.40320753515,3.82458328851041e-14,971.116786477235,0.00680416858385057,1.40520396852345e-22,4.60939528696457e-11,3.4136682987091e-16
MMRN1,0.0948557141630226,3.12018978275793e-08,905.081056488297,51.1679614251326,1.08899891919585e-25,2.18600208026162e-12,0.000453103719647881
SLAMF7,2.50925643066598e-11,1.29859457022831e-15,5.07539490584619e-07,1.08905534786373e-06,0.0110947255344111,3.02923925513416e-10,3.0048978100048e-13
RGL3,59.1558293674801,2513.19862893337,2462.46032032835,0.125874774330764,1497.23482148033,5.96383894166996e-18,1007.49692769756
MRPS12,147.483355053116,387.069076247291,0.0550552189716084,2849.70680197636,234.634454247165,76.7816457349969,11492.1272557322
BAIAP2L2,792.939367425716,3.86724407928441e-05,1285.07219909569,1.94774663873252,2.9336664858969e-11,1.03279092531834e-21,5.3673010358848e-21
CTTNBP2,823.534920393997,2502.09247503069,775.411111153698,15.2575533400219,4.97629014068697,1.40174508078619e-21,0.00117051378490903
IRS1,112.766797723125,2436.43170968556,598.822864878118,247.457402218484,2145.10813188201,1603.10767826469,1.31164535369765e-06
CD2,0.000123160048500048,3.27345855650533e-32,5.29251887441083,5.73752823056903e-07,6.4925387475553e-12,2.83401083831255e-15,3.89174561955465e-20
PGBD5,1004.15459644881,0.00345695092658165,0.0690247170828175,6.90758390462035,960.243130149619,0.000945694275559909,4.8859114977512e-13
NPY1R,218.803589320198,58.8191486497545,192.175214819506,655.992977582764,41.4466884667143,1.19370615739993e-12,294.271067047938
CHST9,710.100289880651,8.99292639997332e-06,4.76791090315117,500.648203871469,797.702086801363,2.31667025030992e-10,1.64598552528485e-19
SHISA9,1011.97602540024,1.4932541786776e-05,188.873793315321,305.02977479939,1392.06327174553,1.78014954115227e-17,6.38610793057854e-10
ATOH8,584.897335050794,0.373863957053416,893.295684412805,1090.95854923428,2.12777831426361e-26,1.65811479953839e-32,0.001728992745998
SDHAP3,103.996576143432,148.293257335716,2150.32447461958,1083.4094897396,0.0383632847821283,1.71517542764623e-14,6.06933660744143e-15
C1orf186,302.634205315363,3.15556899664811e-28,7.13666072678969e-05,0.00432077974397412,763.003327851909,1.52416196766596e-20,2.89972374202694e-23
SLC25A29,0.000400027208776272,571.361650880827,1929.52978711385,571.573253519664,3935.21526887143,7.12542211161018e-07,340.482275712776
MFNG,256.851084585893,240.65044651679,844.171325169331,63.3390751597151,2.03688713215864e-05,2.10627075670717e-09,0.0250598240212911
C1orf21,0.00715849398317028,879.702792636628,0.0342997914252569,2.59038597216359,434.092937076167,1675.168401838,0.275053355367788
MTHFD2,75.2528479599304,625.527012894557,256.84980811961,3307.35916052155,132.855124411775,0.01453593647117,0.00529019233821575
FAM43A,4.54955548360056e-05,0.00422449696406529,1744.43532328709,395.638505197473,1.8233414172577e-05,0.000399713604987566,0.924692478740388
PCDHB16,505.55193390586,0.0430501221772947,4.6945421031712,683.362802215696,62.8448817537529,185.933588643684,3.78465253621107e-13
FUT6,1445.51872491873,6.98250407323669e-33,3.08441925276318e-13,5.04775686000055e-16,2.37174416960055e-05,0.00121781577390464,7.12660246102331e-18
FCN3,219.94256859456,6.71767846472656e-28,1288.41800930234,1074.19031508526,1.86839404657011e-19,2.43775489081846e-10,112.538812398227
COL4A4,897.737928353897,3257.82324028441,54.2748600775393,0.012219464865668,1432.66156279003,0.000194462092954327,0.93222782483969
MYO7A,852.703260418486,250.187990049227,1026.61858934405,8.73593525327903,145.909156195244,1207.19186477277,1.40262522128717e-20
IL2RB,0.10587785177246,3.46319848114632e-20,589.834960096148,2.62475155497171e-05,1.00552676845296e-06,0.00167743943988068,3.03293994223738e-20
RPL22L1,4.29317737483904e-05,32.4308613728223,1.48429267089808e-05,4269.9156101165,1446.12149290976,2.19484251909714e-18,1029.55227564983
IRF7,6.83878279236429e-05,1.17953466642766e-14,1098.4372088376,1696.27309196022,443.106463071513,0.000175294284111438,4.61777075283346e-15
SIGLEC1,0.0199400590055243,7.36690487048134,600.256077556514,4.10404087521246e-07,0.0459385521043011,3.85613326401318e-07,4.04062468937772e-10
CD37,0.00275410662623766,0.000206996924219728,859.656003661874,0.0010886443835072,1.08447006478875e-06,2.61010729126617e-09,3.40966672838618e-07
SERTAD1,206.106416738962,0.0159860529942096,3822.36411909473,884.116610898109,918.466040303013,0.000191555080860454,1449.88478752383
PCYT2,738.828257895614,695.829057658204,8.32960304876774e-05,6.57845663773897,0.0203369342458083,5664.11342049979,3728.91460273678
LRP3,389.016133374248,89.2649351221494,404.758034354623,747.618346292735,1474.59647138041,847.102012555975,340.422786653246
LIMD2,3.38009110788089e-12,3.19785253245551e-23,886.750724928597,0.112083325176635,5.93982140421954e-05,1.45624589964011e-14,1.12204021353487e-14
LOC388955,479.004101788412,0.653510924386783,0.00249170806540244,2446.21574089546,0.000154109031572667,1.76284652927599,1806.59761815718
SNRNP25,309.942812898142,450.216730881188,24.130784109809,2053.84764078321,6.76933071484677,1896.02997879716,11118.5881546211
C1orf63,0.0275935574513034,908.167799962844,2582.38780300218,931.170359453904,6.55746642516831,1.89150344020773e-12,0.00120658920894036
RAPGEF3,163.087850866128,701.574425962963,2758.18726146727,31.932326152563,916.269775165905,2.24264008365406e-22,1011.4072623792
IFI44,104.339153393034,3.3193151041315e-06,1966.00685397349,766.310880276084,260.177748650128,0.202788809295035,1.83758479107386e-19
ATG16L2,1.00932735305439,127.165303617784,3137.74535004185,21.0295245752774,6.67302160267998e-07,1.64863390368979e-08,1.18833255166684e-19
NCS1,507.145413763628,0.000608807583971605,3.66378537120782e-06,194.631086195402,3454.94798670598,4.90688646917744e-13,1.02923564663075e-12
GNPNAT1,485.489797923662,3022.87143042244,65.1208225889367,1719.01944209726,125.203026812387,2647.84833523376,2078.95425543669
TIMM10,366.736953780248,2.66975800977898e-05,199.038022049944,1856.05422770012,0.000411903871917759,10.2907409366168,11805.7357777567
CLDN3,585.026274086086,2.1067597529779e-09,605.459327668071,334.379567029658,3166.00710571438,918.878930369958,89.1796109181398
D2HGDH,496.072110178648,393.923336725354,2444.79161561925,16.9071904884088,0.527362555806647,0.0024721895957401,1.7234250620546e-07
SOX18,3.28029008964613e-06,1.22274222720712e-17,889.96714332845,529.36509690661,3.16259249913814e-22,6.9090204447555e-12,0.00655051071213039
PDP1,772.190672844008,3317.65203673246,333.970723124327,47.9309944628321,1014.36945519261,1442.16525449487,870.023837694062
GHR,1052.52221438763,693.855800302068,734.276414875449,0.001107304259685,2.27177778367999e-24,1295.24227285589,0.00186606173707992
SNHG1,1.30225790721069,596.600836922923,1558.60831853216,5096.68716647575,1365.93385628448,2.35093066507238e-11,0.529740083421251
ENPP5,1461.36554303991,1437.24758241986,0.0192020524116317,1.01179677133287e-08,1218.63674182661,3.44104901621134e-07,1573.39175224427
ZNF385A,0.0278338048033416,622.246378109489,53.9158413550215,0.0149001798875896,770.692612812606,7.06404726695862e-11,457.534918102189
CDS1,1057.35656368704,3102.29715049724,108.097822093804,5.08700018045746e-05,1207.1823487145,1827.38732371609,2173.95932703775
CLDN10,1550.96351932951,1.99676720089279e-24,107.115033540982,635.935666271542,1660.96684850177,3.53082462857727e-21,0.0101970901838113
CLIP3,372.084522184824,324.033401056415,273.119352734368,2.13365509559145,653.872456197644,1.06368018484782e-12,1.87241733165745e-16
AFMID,1071.87135449422,393.700241680352,410.054641456151,783.313814104958,680.82862657906,2342.47738007079,7.52196302186498e-07
FBXO25,424.288650147261,1157.08544134254,0.195231879130035,1699.60053776986,14.7400063315805,632.96443447204,2982.3748702678
KIRREL,160.139901410685,6.16464043331675e-06,3.25676951365806,6.32030056376832e-06,974.655841705536,1.26137812664873e-13,1.26433276608672e-17
KCNJ8,10.0658410615102,6.28461297816683e-08,1198.01339682684,1563.73401036385,5.59414857408975e-18,2885.41886985172,0.00845297913113251
C19orf24,113.604115195802,429.748570983068,379.697920317047,2410.39751635265,2.24514398357625,0.000165304158093749,3363.34071795445
NUAK2,500.517656770713,718.323728151508,2455.11322419713,511.087503005147,0.000678361570492835,1.52828891912227e-15,0.00023352271575817
MRPS25,372.086287035119,3080.75414220021,1129.81510322476,534.768134504028,1295.13406751021,247.783124196446,4183.34546545927
ENTPD5,1403.42373102978,419.176179480672,0.283784674007724,3.04938584497831e-10,0.0873652195661831,6441.81349339616,3.31399975459862e-14
ZNF331,246.000524968232,1415.81235876803,1865.58400563536,17.4506137887596,485.688228723575,4.1163818579944,1.85898325719345
DFNA5,290.151478437991,270.437196650551,5.28701393267082e-12,53.6069130666207,270.273752407518,0.000766703559611313,0.000180966206353209
SULT1A3,0.783548159486501,929.792508310201,2730.39245693338,455.57736770755,1197.79998796877,8.04229066367962e-10,0.00015868314741345
CCDC107,114.680791598279,3.80424954647706e-05,1516.43200822664,2988.008824551,0.536405004269255,1509.82925817869,1902.38019404181
SEMA4G,939.012754737008,0.00953882954837981,6.38160605442247e-07,6.47001804800558,1054.87491376749,3016.17308655016,3.37375133289233e-15
LSMD1,123.2301922332,5.13256154454838e-18,202.709482372425,3475.3375611384,0.105162942302583,3.32421919078003e-17,6485.23209932232
SORD,1138.06443364104,608.671178279465,1.13391524589113e-13,4.95400581593753e-07,400.962001400932,9166.63452889827,753.82372021349
OPN3,264.429615470742,95.7446753691959,149.743994808202,1725.65906457438,1508.83745307574,624.167396421257,2469.82259370472
SEPT5,2.6692217533687e-07,2.4256355252792e-22,1108.19133551124,675.818721178966,713.38603399442,4.42530240487113e-15,1.28122787168766e-21
ZNF117,134.399639121257,378.028152367745,1541.16417363487,275.454343074673,492.900439271033,5.45969966556191e-14,3.13315211973591e-13
?|653553,41.6307619621173,301.132163871252,578.413919139968,1016.36046522274,4.43582480701114,2.14947994435649e-05,2149.19507024425
ACSM3,1282.37747804586,1132.09085227532,5.12317779290779e-06,1566.26499282699,2.91737055176572,1227.6407474736,93.3929400738962
FAM171A1,1142.84826592862,953.966071371387,302.359930392384,211.046928515909,1228.53336157903,332.278072755657,368.936510291506
MRPL55,162.800570769846,1.02774978106659e-07,560.244321322778,1869.94736964861,0.372222604289467,0.000510674132234959,2700.94512250986
ZNF266,24.4209902650287,910.998382897407,2789.13358988798,722.906144755378,468.140431320151,0.0338032629125446,114.749684610922
LOC283314,763.511337941994,1.42619072269301e-25,2102.82414347161,19.2017324600157,5.7897070582869e-14,4.04814641216542e-07,5.4197365415153e-26
SIGIRR,226.432426850418,0.000865502691675791,1289.71007787437,429.153030401956,1.55645680969689,0.164714440588082,8216.75993289449
CLN8,716.991413884465,3417.47915914283,814.196289284392,0.00021750492822842,16.2462647340551,9.20128616366817e-17,55.5982120460798
NR2F1,342.886993816079,8.79505217858884e-10,607.06800958559,0.697554283736363,570.186440411498,604.697900591567,6.13215752903475e-15
FERMT3,0.0077551764290174,0.202128836451494,460.398332743709,0.00337894147230055,0.108331670278793,2.1787380389347e-05,5.73719672304724
STON2,792.007248996072,0.260385216688605,1215.92585023686,342.961747793646,0.00414054112022968,2.9823911988376e-13,1.14378016359846e-16
PRF1,169.408790898894,6.33243316430303e-27,653.424903675997,105.369230125647,2.31838959426063e-13,1.6397025764482e-12,1.06564173975646e-08
PEAR1,202.442326768294,2.0349646534722e-05,1882.38333366829,0.0322185692140729,9.08834203104681e-11,1.20616074752472e-07,2.42837562068847e-07
RASGRP1,613.14926365159,7.88561124244273,15.5699673506246,1.33342140715058e-05,1170.57696739581,1.18611561485033e-06,0.000187561801101727
CD52,1.61358284637917e-08,3.22112173066728e-08,229.437036045626,986.67071284434,2.19603228035529e-09,5.3097350880763e-10,269.333345503903
GLRX5,544.437382761648,1995.98007227509,675.911499794312,714.61101794278,744.405312558075,5966.3040060079,7157.73621500752
THBS3,97.246302898939,0.0948540290151836,1692.229629384,1053.20990153634,2160.17424714142,2.95315757655656e-10,5.75296248367239e-22
RPS26,398.884371390248,137.80560405719,196.190850940112,2157.70894706349,615.083966734185,861.767150608678,6017.2708026308
C5AR1,108.207652874167,274.71031296181,1550.2860329358,0.0286607105361036,0.0197272279184792,3.78080631583136e-06,7.60009399253594
ASNS,123.944999488103,1636.70350635741,292.248645262436,2931.06246842077,409.30494120047,1527.98697087711,1353.24606228087
CENPT,7.29826698216399,541.892122328812,2868.32418553706,1068.76854583768,1063.19366570629,2.39484527198762e-05,72.3432497669562
BNC2,828.245559726925,206.54935850788,16.9515969308038,616.320463650405,469.116867384274,6.78741712628959e-23,1.47515612604573e-09
FOLR2,0.199300534922377,6.56282578476563e-08,28.7963948350347,11.0404214566283,4.99501977509144e-08,134.275085481553,148.403355830032
NRARP,2.12124354516826,8.34707050130071e-09,1263.06987726637,206.655107017484,6.54786166618412e-14,3.46374332787228e-13,9.26816210173802e-10
SLC9A9,266.374878361111,1.48989331469037e-07,0.00109949930352216,0.000211029968106964,2.45065927291695e-05,1.16662685508114e-12,4.00079420639592e-05
PLCB2,0.000969368569225012,4.33865256909829e-06,1277.58527547694,1.56380693075711e-05,0.00263341705302805,1.47259491286859e-12,1.76439396681311e-21
MUDENG,963.137106630082,2659.96425529111,151.845548006521,0.218611552081083,200.945952694612,2975.10193005654,5663.15447033641
SSX2IP,1153.78156826122,339.762948117536,3.55387972406213e-08,0.00152983390492653,150.085816884083,936.600727114183,0.000280581905625028
C6orf125,61.7037092735728,351.911827063839,434.040957891963,3050.58780979539,1179.45800777304,1.4912786453763e-06,4031.35583081179
CIITA,160.481610812269,4.77597108776059e-07,837.782162054721,4.85800001941256e-10,1.02158149481202e-06,4.12605858450296e-10,1.01284965884568e-20
PDZD8,1156.28080775233,1967.45275563956,5.97380219986819,0.00158907325048655,961.373562308551,1330.92311461057,3.04673922935369e-11
NLRP1,0.000582840420702264,7.95155942781379e-10,2364.74946619697,0.0157037199869474,0.902736026584303,0.0834399372671303,2.37122554434438e-23
C1QTNF6,19.4818142805054,3.06281512747895e-17,929.567953991563,1118.705060095,2.37328905303046e-05,8.44992146814148e-16,2.83073487718978e-25
SEC16B,819.417634285278,1.11403109167067e-14,2102.10954504069,3.66502497799197,0.000294021436460436,1344.06349076387,3.74325266155354e-21
UNC5CL,717.867406180732,1.29457781434875e-17,1043.32750822769,0.982579813663329,1115.70215968563,0.234101786105623,2.77444564641795e-20
MYCT1,432.788519996223,2.6765480328102e-05,1141.06756693152,41.2562128551927,2.36165321024067e-13,5.46314826058023e-06,169.126345199941
ABHD11,440.775337059496,1322.74673692983,700.260329211722,631.448273157563,2199.99482257801,893.416320356589,4204.02900287016
TIMM8B,515.743363325189,2.02287062846855e-05,19.4079382445808,3484.12985528822,0.000859743615384049,1311.24263434368,7694.5511369147
NDN,249.743121954834,5.57462082829878e-08,9.83250314707239,1638.45030539721,685.668922339551,5.64590042817559e-08,1.99934770111963e-10
ZBTB10,989.053883657659,1313.34351454371,1155.2123905929,1.30141977404107e-06,0.000482942938796762,8.08761079412428e-11,0.547975815083094
RUNX3,156.171099262219,5.74630643964316e-20,465.31018982605,7.69045618324649e-09,16.8764210522505,3.32552410811906e-13,3.81076614594966e-20
COBL,1340.89781728954,1679.83758561923,15.2822637289547,0.0107661530440995,829.474044526259,1423.35065324064,1497.71128785822
IL6R,1269.90181228523,0.170594770692389,857.311030074929,0.0847172634136144,0.163405967629318,1547.77478373202,1.31491393359872e-16
TBC1D16,679.506879093754,757.758740243328,6.74455221378463,99.3193981106841,1299.59191249969,422.875387029919,1.51445826122752e-10
MYEOV2,245.957433276108,1.95398646341981e-17,83.7378953037596,2376.97947841517,0.000471429929600947,1.33836194872181e-07,9106.13793410625
ADCY7,135.776430826423,4.33057881394072,696.943627960535,0.0194756223619121,952.674298391754,8.81502994993807e-09,3.22106144140766e-07
SLC36A1,817.30971983714,372.172379449838,358.466187097461,1.43090159784686e-05,0.00102291563068278,0.35117672749112,1.23378862091194e-13
DNTTIP1,1.77790314471265,250.764335303114,406.471646683647,2170.92088628064,1158.23785837757,0.000386838665715558,654.696607717012
COX17,233.943087112063,897.989954298484,400.463818965062,1292.55821878197,35.6295120978045,1029.63480531414,7474.42091749743
GBAP1,550.607600753955,127.824398433948,499.129700807029,331.405423317754,447.725094435198,1200.97060227586,1271.29262573135
PALM,264.609026508723,553.808405639929,1124.03294440563,820.189531253008,188.083595151287,0.00706906506610335,867.186563322628
BBS4,751.449574814025,574.535279475385,40.3848519949603,975.970220620544,935.468822511666,302.340134663017,347.802944020595
EHD3,603.297779122492,1.89825740377884e-06,540.534583096482,0.360060561504597,1039.63035607574,0.000238992823863373,7.52491768863766e-05
PFKFB4,564.806726912294,6.11937292026931e-25,605.996788363331,512.167985848278,2083.20128532647,2.95242759430623e-17,5.08590190003936e-23
UHMK1,780.334650018004,1968.31955448688,2.3354419019727e-07,1.28085269102207e-11,1.45537492292551,5.95593872704001e-08,9.95160824535811e-11
C7orf44,663.894484629203,786.339124891099,40.2339532602953,3310.22817365271,42.7912199925376,2.45570324541983e-06,8182.96148978209
TLR2,252.533957503103,412.046744351142,286.381905387037,0.00542683391438611,2.21420358260405,805.81995654915,113.954426024217
C17orf61,340.494337252972,2.18068707361932,1.22141015141649,4546.43533152998,0.0158263804020398,0.00109115569264888,3229.41637920539
NYNRIN,133.945336023234,155.142897129838,372.693265552091,0.134607228488354,1243.52873006003,227.344816743143,6.67499536980299e-05
NUAK1,253.908473815688,240.267956621948,203.330094477141,0.239501477194167,3.82330591501749,693.045452462622,0.00152397440065207
NUDT16L1,589.233729038239,502.668754643347,143.319775236599,2460.11071339575,2.55585478577145,1.16314224040312e-13,8931.31672729052
NPAS2,518.556347100466,1.07171163402556e-09,520.803469323309,147.209297301172,3008.11990322052,4.72461674514651e-06,3.17932024351214e-21
CMKLR1,17.5116224323343,555.643400239803,0.016647154912232,6.72242725089559e-06,5.9923141189273e-05,1.09750257849534e-08,7.76939080232489e-06
FAM176A,890.172086522597,3.14163095057896e-05,0.170706311325781,787.825174286393,1134.38966836335,0.538825259016407,330.357195745428
EMB,213.834770373404,0.00085474250608042,122.615270503564,0.00634207438840197,0.00021783695349215,1555.95790017148,7.04764866550987e-12
IRF8,386.86424280713,1.43681763683899e-06,384.11564002599,7.48109120119759,0.0094738705610503,0.0830319355804297,0.00132882716040204
TMEM70,611.314648992553,668.789742383003,0.0120286491205646,532.031866255903,245.641425005686,0.000973865587639265,3544.06736563691
DCTPP1,864.653936317443,13.7416532025671,0.000910527420029436,2846.30388085338,669.015588573554,600.861715393003,8387.64258867054
GPR172A,227.069544820681,484.629090562986,661.333943578862,1129.6533686204,1495.56528128792,3.02527679388296e-07,3039.16305426136
FBXO44,419.07861274412,1562.49143160082,1020.9480073145,1151.38699050754,1051.83232850217,0.185966348006273,2418.80325434421
TRABD,59.1642713128941,561.141881995948,1463.47956115201,687.613482389518,1717.33070466061,5.45034196535512,649.380953389805
DENND1C,881.980790459486,172.656099305875,1254.62294775006,853.321269869277,9.43338261053144e-08,1.45033233382517e-05,1.21228445924107e-07
PDE4B,6.06853196789935,8.76022696053159e-07,1419.38648717052,0.038699149100115,1.73831974198749e-06,0.300958706811101,2.4605787860407e-05
MTCP1NB,40.4153404635061,0.0598354361002612,842.026139015376,3359.99454015644,0.000113956975108645,800.827317943371,895.437423655129
IKZF1,122.750994879501,2.47092507718571e-14,200.474603008953,3.7985213060777e-08,1.14513057666571e-07,1.37037196300066e-08,5.32115336668402e-19
NR2F6,494.599165328452,917.765316445234,490.063350447238,1127.88057538879,1005.1330155117,1250.48492634843,2217.97388758331
ELMO3,615.862273425651,76.0922646008714,413.402450462402,1761.14355739625,1222.50002556539,0.0274292307968648,2907.80946039297
RASIP1,181.414857643104,4.81808709816007e-10,1883.39981747116,66.2455696546899,8.15553814210483e-14,360.626714658555,116.935459447023
HBEGF,10.4721116707141,0.00219333824044546,2739.51563784803,9.50526022197867,19.5069848248584,0.00102459329724682,13.018516277654
MSRA,1210.36634789007,0.000976755938200687,699.631640827081,0.00361598242782793,7.48801848188015e-19,2.52395610081429e-05,563.45389765728
GIYD2,57.0465140428547,208.511787157439,757.494724699333,2019.42553676274,463.693513467839,1907.6287187898,1164.65201849764
NLGN1,1187.98360441576,2.13568934101372e-15,2.56480347094161e-05,15.1067728728233,382.437769001783,1.21393733024527e-20,3.74545100547083e-15
BMP2,694.618036148268,0.00825298803130793,1382.189241064,323.72737453724,799.781014645104,33.6323930483306,0.0686906783048194
CD48,6.24496377725473,4.49021242751496e-26,51.1811584952511,1209.66537419453,3.06423887306034e-13,6.24733031875483e-11,213.038258642101
NT5DC2,119.073409489138,1.67391366511112,600.421327529753,1224.93031936347,1277.88338506525,8.4411979497844e-07,0.0190926696850875
USP53,855.3761111642,2419.06607633948,451.699196496417,0.0503191618705578,1481.61105221948,5.46087982356302e-07,1458.70001556846
ALG3,369.161585079977,650.310326632626,38.138146827337,1150.09727814531,1492.53254006002,2667.69593653813,713.824185992962
FAM46A,286.718901056965,201.617101340257,1148.31586938042,72.5851420985271,2325.70656660263,1202.01874864521,50.6705471802504
DTX3,51.0024789961369,1213.36665911684,1357.76992450766,408.082156498445,1817.80313142682,1.47072991145906e-08,532.74330144545
SCO2,97.5170836157712,0.00198033917030727,1101.99860411581,1894.31598819086,471.342237209844,386.135382411511,4279.27820721714
IMPDH1,0.761736164800447,212.303259856808,441.715635208473,746.259129908786,1418.18353886223,5.48178032423939e-10,0.0553246078117163
ZNF337,116.864405330425,490.673577421867,2496.51448868565,879.993056642353,1457.99049027132,1.06138001912632e-12,6.99293809431424e-14
ECM2,412.906928688434,1.9331548224403e-07,102.286085444033,4.50148256033303e-07,0.00035308892942958,533.265767853707,1.59974276721128e-05
PECR,1363.11309592215,357.208999516282,4.77204758069189,1639.35319340254,132.582036881622,4436.21000935226,58.5237600099677
C14orf1,506.552696901223,1325.09128078502,953.333998848592,1372.47792014795,699.223028952544,2357.58048507897,4915.99458674904
C1orf162,0.00380533356872985,2.82307297631999e-29,587.051043485367,9.7668014841654,1.61259165293713e-07,2.40800304728181e-15,2.18874464064955e-16
DGCR6,363.950177197148,191.375867379186,380.227624920659,2050.65597819317,0.311293000944253,0.000322758204308064,2186.55561132977
SCARF1,166.757514463645,168.869738235587,2182.82173864602,7.2623229885596,7.33093598744318e-11,2.00018928286503e-06,6.2401631882579
ARL15,535.439194529336,1280.10380175363,363.225229178434,18.5521359108185,2.4191944230686e-12,2.55597065498667e-06,794.214106019731
SPRY2,442.440533510623,332.538687335734,2628.42367293664,664.092194380752,287.944099279542,8.93565176541064e-07,104.143304902606
PEX6,733.634518720447,688.917217974583,390.928957872122,1637.30623188564,893.187943837049,1001.91695190483,215.621258320791
FADS3,176.553430352271,0.000644149811848573,1277.30799408567,638.817359470751,1253.67547194105,706.096538566888,4.93993768887438e-08
SLC31A2,679.387622337494,266.73516361871,357.426286779646,183.714042449753,0.0394033931495608,2.66418407486581e-08,2075.46224513637
PALMD,348.935045087351,0.0278169094744065,1460.22588285807,14.7013824210386,7.28340288746696e-08,1889.51626840854,153.71550478311
DPCD,481.161037304569,1.12192989096577e-13,0.0317628042395762,2278.18244125511,1304.76314593537,1.0073915097916e-12,1333.16347286799
IL16,86.4493252761735,2.76579463409303e-12,579.174080662934,3.55450444283377e-05,5.4231964706694e-08,1.54743325934796e-05,1.47746712690277e-11
EIF1B,663.270751667171,2303.22434747813,375.111873646002,1899.99410846934,877.101393578449,2876.14027792912,3250.18191201451
RCBTB1,1153.34435668628,1762.64733336341,233.891801097337,44.1385837873925,16.299649891101,6.15935979405551e-06,869.065614122373
FAM135A,668.237259414768,2238.8335220592,684.183154028122,1.48817444049249,878.196492519424,1.03916106449678,0.00486999599873126
SLC27A3,26.5990545187684,5.33059054502792e-05,1342.19774854881,2171.47614701657,505.142564704083,2981.76329615944,4.86439950780817e-10
NAV2,502.425684229701,1611.67676914505,895.670761890615,1.41032914078298,2162.77289330596,746.321152573659,3.5747952297275
WDR90,334.718619390132,5.9060039359894,2012.38926468604,241.946644060959,1370.24586455734,4.90217154175825e-09,1.3520909371831e-17
BET1,733.34656663904,1066.34900851279,0.428121535096037,1852.49753779065,656.653901079549,17.9092709200946,2358.13751112165
PFDN2,142.485196460341,231.844340953293,960.947664242925,1818.34337409201,981.208585762918,0.0352873121141889,1437.65184192629
PTK2B,305.00257760658,1736.3484656939,820.619511956945,1.66612936774042,273.184338286529,139.031337984449,220.612335684795
C3AR1,346.3075116171,0.475529260913387,0.0648784947708377,0.00912745119167662,0.00361062578805809,1.74829046634835e-06,39.9377742213029
GLTPD1,366.975663890356,1044.04570848547,761.37812454905,332.638586316829,239.460413918014,1381.22006451639,1583.35652232193
FAAH,903.690386929736,8.97231521040488,1340.46903631767,517.912684693046,0.000121560716904967,1575.58754554977,951.456655541543
MCC,664.719647512797,1016.59831954418,1200.62923505336,0.113281866431413,1.54051404945247e-05,314.117271213394,501.701635147614
CLK2,170.494322410394,184.16163079419,2751.32863511856,1008.4809527697,1039.43645325677,3.35293104933051e-05,6.5529269158637e-19
CREM,139.642856758341,916.517907378721,1466.4126902604,2456.32590618356,879.634053647299,5.86295055383481,1447.03762363478
TTC14,343.323731867746,915.935101847304,2136.71971347543,68.5626910038431,1116.99298771494,6.90409334039031e-12,3.2123180796061e-10
GNG2,309.719540547129,1.99825040170451e-05,342.650130503798,61.1076040423017,1.88215951890223e-09,4.23538413980288e-05,61.1541246988285
PGM2L1,393.954243564655,79.4186942164181,437.220480862779,0.367233753344362,242.003352374914,5.27451353172168e-12,2.95604802688337e-06
STK36,497.993951884758,313.511578013339,1809.6490305337,305.553805878039,1196.85227900467,3.178703574498e-06,2.43211543562336e-18
EBF1,40.0648788703708,6.51458855441335e-09,1135.63237628342,0.330139501533698,2.77400004174042e-10,6.21712672255791e-09,9.18358356048324e-08
MTHFS,1023.81359694938,206.2307726382,167.983899886432,2471.74114400169,7.0249054338177e-07,2559.06118811386,2116.51155506038
SAMD9,416.806699897656,5.15067735430026,4.27821389339013,3.9913684284968e-06,613.887121360132,1.12002626227867e-06,1.97214512067637e-12
UBE2W,1072.07463247236,1184.12432392141,2.41213099107954,535.454290952296,91.2222213508606,2.1152845580351e-08,2155.72509124683
LYPLAL1,823.718239025935,581.342600774266,15.9820365792161,2115.17936475861,0.0359179457845093,4.35657185972204e-11,7225.05528942324
NOS3,186.533092812856,4.98361396134009e-06,1312.47923472736,0.024112730168535,0.00671818224581737,566.925523582914,0.0013872159484212
LEPR,838.851539810394,131.301715822492,0.239698475236692,59.1218568870558,785.692587716638,3735.0034607663,264.410513686898
NOP2,155.267876464035,398.585560719089,1414.86070786501,808.055349742319,1494.6538095043,141.227930599927,1.21340145158328e-10
LRRK1,498.763029361195,4.154391987623e-18,534.078229514639,0.0291781107810479,783.621545962843,8.80249220148195e-14,1.91061868259653e-24
TNFRSF10D,768.856008137602,0.232737368604192,1442.26273706102,707.972217271191,1055.14893071469,4.34331882754538e-07,11.9362852201596
ACAP3,234.875156968365,282.045136057701,2094.45832595529,0.854526917375975,328.973652521832,0.00213245195325007,1.28962332003803e-06
FAM57A,839.936834335408,1.89337287027076e-19,678.284714110948,0.807161796669484,2018.81907075684,2.800411404737e-14,1.33198655437568e-07
COX16,605.011215053202,763.276480732982,436.446098458562,1933.56381694468,230.913770380749,1322.59523709076,6770.56434691003
DPYD,484.256312286514,818.467368792496,9.66722473356493,0.00174313055603924,1.33655378089018,1419.03950605345,122.201912937771
TMUB1,152.074378151915,497.198976123911,956.342164899712,1537.44868251639,970.46865027497,731.020710441098,1431.15908396113
TTC7B,853.98662208435,1963.07324300956,810.40186109894,184.311215702787,404.25014340111,1073.6908488473,577.490869866463
RAG1AP1,374.704531220319,290.707331922084,192.168081040474,1638.53812322047,691.876034322479,994.748289330617,5713.07034188841
ATP8B1,24.1053219946126,771.796926357189,343.326141299373,0.00882999875215047,2077.80684048259,2014.78296371028,1214.10838982862
SCYL2,910.891754779772,2025.29154453416,1.4940909053915,0.000363408754321723,1040.23665419707,3344.83453554769,499.113916838299
ALG5,810.629215718201,0.0993917519661796,47.8223003186879,2789.96590511675,298.358624746618,3.08419613514053e-07,8209.96117679609
PPRC1,451.77047490029,559.848549497466,2590.40857668042,204.991597542063,1792.17320773548,828.515070986082,2.75297008526778e-05
STRADB,1203.27628477494,619.57781527242,2.14543091143976,1206.76465538356,0.000723959065120874,727.439266473806,330.819115625523
UROS,675.139312959644,290.395601670498,0.000947439791139096,1918.07377996732,422.181683711341,819.332706623211,4945.18098640567
ACACA,777.903460486625,1727.25526828433,56.7001507379607,75.71092253483,1529.52753010012,1249.42821531742,0.00467220943172715
ABCA5,633.432573266109,2181.58578175013,1599.34234552011,84.653591862297,226.576770833863,1421.12317161739,6.36754084986709
SLC41A2,1188.88883960593,492.139135514089,0.000144072755350444,0.00108959022773477,317.383091195909,1925.21465440528,1.65245747994273e-06
VPS37B,361.506019906717,1522.97465454125,1867.78263692707,133.912985849486,2313.48340164659,2.26571688683027e-07,1907.29647826191
SPATA13,710.460782997367,1783.90114826455,225.170310916777,1.13655048764893e-06,594.297827658826,2.07479443646299e-12,7.72200868178212e-22
MRPL13,640.803932997396,661.482604123944,0.0032820934827718,2382.13481480082,19.5440785966502,4.48112409583676e-05,6345.48362887267
KCTD15,214.304434187046,9.97299216925385e-07,1194.71451535009,584.156509067416,28.7807879840808,6.82315072317422e-12,5.12101165189638e-13
TRMT1,49.0699271921477,597.023721224934,1975.76122207131,2115.86203518592,1207.59048317619,0.00348347147185046,516.11920556057
CYTH4,0.780290874782357,0.000247246099855692,379.963949593256,0.0004462775430425,0.045611129135232,1.44155182947041e-05,2.85470856317724e-08
PITPNM2,216.034106064598,164.30530915999,1939.58562939683,33.7365761240256,1264.85581689689,1889.6314175716,5.24607893680481e-11
GALNS,556.238013531843,649.100297777221,565.034254324558,81.4883185892723,1025.84255295219,287.006530590201,99.3619920435926
TMEM184C,848.503774008446,3005.57631989364,8.72463372598029,12.7494481326172,79.5457157967753,1772.3423743666,26.3855370161798
CBX6,1028.31217793995,568.179304970029,87.8841156645882,0.0288623567283311,1314.93473194002,136.469189340894,1.43638663707963e-08
RAB32,667.462012658678,134.297614601024,0.000251168649317782,2703.00979766525,0.0744907202130364,548.85259735017,3771.97593907925
NUDT14,337.428400458946,833.692238201827,1564.24232665585,1494.51566968252,5.72198912200336e-12,0.223627089163116,1685.36276512316
PIK3CD,298.568046407798,2.45336740764767,805.124413929104,0.00904308542567111,475.446860802884,7.16504069172173e-09,1.34211067993622e-13
ZNF219,252.815607112154,1373.62385949896,1177.37893756316,1166.58621458507,54.113396308742,646.838318709017,2164.90505565573
SOX12,365.364122244893,753.550289390046,957.884640171893,1177.73157939793,892.531020107075,0.0016233229717913,0.000898158947044352
ORMDL2,478.221462937307,327.508019595783,120.011622757044,1189.96570623694,813.592652737704,2146.07673434609,6892.45042942429
HSPBP1,216.980368936504,671.360622413623,800.406031977423,2593.94596203444,853.393426863304,6.08920177788569,2762.03606892295
TPCN2,984.609772996461,195.57556526241,1586.90558004276,13.0225623900089,0.247206272299082,0.00828481200176994,9.13320378033952e-08
SHE,475.145633113221,235.884023480119,576.573744594665,3.759746283692e-07,3.68081777991708e-11,0.0813766484363612,18.5305112973561
FAM115C,492.589273954535,2.23634347028217e-07,1117.41723332008,801.496841696433,55.6132267836755,1.49253897647811e-14,0.122209738941117
LPP,695.852073200284,452.044224452812,0.0102118998817785,3.98700931154994e-10,57.5067067324649,1.23474010339677e-06,1.37527171068538e-08
UGCG,987.277007535972,595.20208151852,448.373282291944,5.3543436458757,564.663313562731,0.00357576346634294,79.8065062456089
TUFT1,1057.540397423,534.370129539363,1089.88292467152,211.218300325561,1076.25770203522,199.81312506818,396.600912231414
KALRN,470.947898254795,196.416113938462,697.690031620154,48.6459723002604,0.00552680837109542,925.747257644638,8.16022813640669
SLC22A23,408.41920789105,1761.28945666943,1609.31783514723,0.0924112885065569,0.00189801039541534,171.123257254783,0.00078970032336806
ERO1LB,1000.44932329308,559.729334627701,365.249213229042,31.5052037152122,0.000600635156928748,5.26847712381867e-10,4614.22132316228
PDLIM2,305.330025502495,1.23052785367076e-25,694.29658266039,2353.37591546299,1.2299770362194e-06,1.77063086712584e-11,6.95327011948458e-14
HRAS,184.802453126032,282.208345761096,1219.01433931088,2213.74661871474,19.4983939779996,3.20495323692201,1859.90570029924
CBWD1,1192.87138958959,1198.43759734665,275.531371930845,1148.82998575834,0.863820029797824,0.00045314493439904,2965.78768555419
POLR2F,260.866681970368,370.111538990722,526.105700106902,3051.71823732696,21.0469494084162,780.188343043575,6325.90941727672
CDC42EP3,136.672773304902,271.692213899424,1401.46518211593,89.7285372717468,300.738484426817,0.000747561297321289,141.844561391933
SNRPG,364.29806697512,212.576974760459,73.8700471990928,3986.2268878555,178.632894130745,0.0428888317885271,4404.92100454446
PITPNC1,637.193933679389,1.23530136369696e-09,1511.5494656783,1513.13682664462,1.85377777367521,265.144092081605,0.00217574500115898
SSBP4,1.76198296001576,1.14951681342768e-08,1156.88500561652,2470.50687886451,753.101087002469,2.89643686246299e-10,1.42101033069458
KIAA0391,1073.19929941213,589.672493292661,279.926795659088,349.201277413474,379.426655386138,1211.71924998224,1831.52419329961
PDE9A,511.458519304004,393.084999225567,1335.04061971925,2512.15563364484,1441.94903463718,4.53318127554478e-13,0.0244258387328831
RMND1,991.487456414472,0.607447159240603,17.7391093647172,2671.77184528696,0.00329416412946449,0.000372200165292012,7.47338127436087
RRP7A,315.759377723148,825.579199733165,726.758468400078,3100.43451920744,74.7084723317486,1349.4700419079,3130.22765084609
HYI,396.394324024851,10.2164482527976,1141.66741857877,3470.96362367844,0.0179635895870103,703.809096699071,0.691779690655995
NUDT5,696.939000066151,411.872541340266,20.846081573238,753.135769898733,894.808207638066,1848.60012828428,750.850276161816
SKIL,363.834701649656,350.530508755359,865.040591383952,5.33297158853766e-06,641.125251230134,4.26017821378404e-05,2.82703879080651e-05
HOXD8,479.692772595124,574.208180338576,699.889276221878,2071.17999347357,1045.02238165679,600.82977443675,1560.09229040942
ACBD4,920.980718419568,0.00799561848019758,934.044079083766,2137.31785373227,0.0109737237621494,647.769510749249,0.480356257266473
RASSF8,1055.43443713057,1144.0961204433,4.40371216322565,4.49755511579141,728.087221055676,0.0298936574972015,2.99759445679536
ETFDH,1396.43459164626,2132.66426305565,554.900134984237,15.7709586346167,0.0380123943152001,1423.01877886085,1353.91795500706
DEPDC6,575.737093009918,943.832673748187,7.92666320765318,1161.60783831237,34.6067337626619,206.171411394699,379.557869737028
TRANK1,159.534644744355,84.692146601371,436.706490335002,0.000440089646224121,816.286613923949,1465.24553292854,2.12059273412088e-15
GNA11,671.44755339448,2617.63479759197,272.401264455886,0.358396765413903,57.2864334093586,431.588489934995,737.547450527604
THOC7,589.982743589169,455.752909336939,28.7179969249513,3226.76194733916,431.008484357222,664.378719323367,4191.00175313386
MCTP2,581.387564981852,1.02337303697139e-11,1126.70710856195,525.145025698842,786.471688593296,8.26700821106975e-11,1.00283371804896e-22
LMCD1,64.5662349985899,0.677586390345441,633.227944521827,581.075379698419,97.7107539083949,1.0287909933179e-05,7.13116765754544
PAQR7,888.959254506614,335.486780419773,419.563693891591,547.05576202917,2243.1653305917,940.474825770394,14.4760407455462
ZBTB41,1035.16249931625,621.0306536394,0.590263342110224,39.1787271814042,719.178556941035,9.15548680585168e-06,567.079006516269
TRIP11,1000.73051426368,1609.68733758643,294.388372790212,6.51747252668855e-05,470.453309043751,225.529510314657,0.000460283686424
JMJD6,224.112579938611,365.333347100729,2172.76818813468,955.947458212429,687.159810919565,0.000588973932156749,53.8597875377607
LRCH4,14.8273586591615,1664.71649228221,1952.16735671433,52.9866556210831,757.707887528634,0.405590811317031,851.107141987332
RAB11FIP2,1225.31801348033,938.574995654429,21.3236793333908,2.26112541269302,1273.86672226837,4.90446967712726,295.004622867546
RAB36,1010.57067817369,158.524724129559,26.5563858327618,124.16310378884,1335.93457038405,3.34880856770136e-11,2.6526669934026
TPRA1,132.869864904726,1080.78842730934,511.038690062307,1803.27586088177,857.237948185314,867.000936095345,4655.30112561208
RCSD1,280.293152133699,1.31482497325071e-07,217.800696617387,0.00162931454865372,8.12879362534032e-05,6.32126493599673e-06,4.00277998668827e-05
EIF2B2,562.78380044089,744.28110794593,973.00644411058,1777.72165818875,1.41680404873803,1262.74745230325,1787.58428069161
MAST2,376.709542980562,622.898327130364,1279.37549235647,253.421961676903,1337.64974214555,592.672907218334,6.78784334828155e-10
SNED1,299.818365394932,173.4043161139,1496.71264417189,0.00235738315775883,512.030924040208,0.0241245072199285,9.33092691256148e-05
TMEM134,292.451292596514,130.174630713371,581.772359137361,1774.21750609573,385.752442222772,741.563148331838,4464.12844591777
CHML,840.214125093413,84.8309552902684,668.742037777951,65.8635768683313,1333.78870883647,4.32508944341355,625.966245373226
HDHD3,769.474909741723,355.871607596726,850.802196067199,568.635827213024,0.0533277177453281,1837.22561545017,1911.142076184
BCAT2,572.667236447927,1537.09107239348,640.295267494486,1281.50045519674,741.01907156138,2740.78213155661,1935.45911728104
KIAA1804,686.505726006055,534.178079013115,788.632723902875,470.030264094815,979.890179090255,0.00149180836714073,1.75847231216172e-05
ZFC3H1,522.887916771727,878.648485599017,1822.09271230112,10.658650359457,1372.08045036757,5.2955678518267e-06,5.63580607369912e-13
MRPS36,757.676405135913,745.778894377637,30.342823840467,2565.69480278791,0.0132960912587449,912.297245168487,5767.11577174231
MIOS,776.693406580859,1451.98983800933,266.797800760349,901.691197074179,19.7471195811785,154.055677418051,1276.12743895905
GFM2,951.462212709881,2313.78356291184,211.485672629269,1782.59797556265,7.67720274404398,1244.90416059995,2895.03539464952
SDR39U1,241.350828075197,1503.06444379867,1975.19422067939,802.109902698336,782.807169830642,10.2554117810946,2583.55495564551
UBN2,650.08990192966,1016.51314127491,1716.76115578646,33.1851265902609,787.811257051034,2.74507560372368e-09,5.07281689663034e-17
MARCH2,245.818326419699,491.944774080696,598.990057575973,1781.12898991427,0.0371183864822285,1799.28103123735,5742.82023982929
EPB41L5,1214.14474042446,1099.87659907918,435.392218719652,8.97849505580511,1204.96155888384,1268.92883945054,0.0387860352364763
SAV1,718.941517037512,2343.37772232407,808.031123396994,890.415029359239,656.509971692025,1160.60334593205,1191.4658123357
MAP3K2,993.064711772014,748.020369046329,37.8821849029573,1.35825394393461e-05,11.7029325136659,0.000814068726920033,9.70514192550539e-12
TMTC2,1068.78293649187,0.0106554688007207,257.793314928617,0.00116251804910807,914.026608025128,2.88548746493904e-11,6.04266331082391e-10
FDXR,413.985537074316,0.18706895961606,676.938422463472,2114.92732575708,672.442670982159,1512.64852241834,324.124064812915
PPID,681.47557897435,1362.35398535169,8.21189443724633,810.865034571379,594.91750990054,10.914355374169,1610.16027254314
UNC93B1,251.139800401447,0.339103764245064,273.540258700604,674.71542399619,1454.51303010518,8.89092974509554e-05,245.397235874068
AFAP1L2,150.958513016767,0.0011749075620967,1031.56027527767,5.97631774008594,1.85667103907977,1.25879174498381e-07,1.79519094568759e-08
NDUFB3,821.395706836744,874.592511511129,0.925817209957348,1867.14177577232,242.381521127389,744.0139864657,5517.3742378071
C11orf24,443.332294148396,351.456740041521,1120.65212287841,70.8234628144738,718.758993815156,1577.81967144044,79.3264361832981
GCFC1,319.417627210381,220.267654086195,2168.4854906404,879.046852675965,1025.34221716635,0.00115523874507811,1.39010515106513e-18
COMMD3,626.424431617802,5.45033421775288,313.87810100072,3441.77295970716,0.975964840044497,1166.37076428284,6243.01599304127
MOSC2,1336.65948885683,446.893082273604,663.625056168413,95.3378899515197,2.42544717076329e-05,2076.65029483444,1919.67860806664
KIAA1797,977.852480281338,1473.99035824873,51.4999876260818,305.072149208031,541.02597668725,1210.99480483848,362.108566347486
FOXP4,598.980610117713,828.427366423256,169.853536627501,56.4915976490942,2050.10825874411,673.047973518324,81.8704626452905
KIAA0564,1173.62848458396,2071.78323279153,122.497175278962,1.9621858036704,232.108391641111,56.4143513452495,1168.32033032611
FAM125A,373.51965127038,229.492998495327,907.485316754492,3438.49088623732,47.7238541878221,7.47772066035286e-08,352.806239141019
SETBP1,618.87640612096,1029.79566907503,808.191290147119,0.0194396386783495,1208.93513611661,0.0427079249331101,3.6274683173482e-05
MRPL14,472.112528286425,0.11202252504055,85.6874006142597,2538.66241493788,119.36091631701,948.872550531652,3946.76296497696
DENND4A,974.558333344548,1225.44581076241,150.754240558169,0.000579498925812078,528.397699720607,3.88372145164599,3.61197953221744
THAP5,1020.35743097347,1197.75139285767,6.27629256411657,2184.89419880409,0.79310584101472,30.2545538584059,1402.89613561228
TDRD3,491.218014536409,350.519731066489,237.308472754809,1656.78892061053,0.711986642378953,6.89811471763003e-09,70.9706147566023
LOC388789,454.720518916218,518.077302070124,109.579210685547,4874.59086886374,6.32881028384985,233.915660875723,4089.65600066027
RGPD6,317.097713466308,1855.60756281369,1641.77955260759,96.0447565288468,983.654384476346,1.23901112822449e-16,0.00342970973296413
SLC25A28,314.470225136336,195.091391970453,1487.09465103569,732.956217830729,889.199950433636,1.35105361507396,1128.56168825923
HSPC159,925.458849266395,654.768548144115,1073.43051367932,331.463829709813,0.00483548986723393,344.387249176366,324.855167108787
MYEF2,1008.83607900863,1328.89947173742,1662.22912905426,844.6501563928,936.616459192559,5.62926279013735e-08,0.000173301418048767
REXO1,220.45042447032,721.768618606147,2256.50348822386,158.177328321576,344.097525682775,3.23136706048544e-10,0.00201758454710816
ZNRF3,1133.45478879715,1561.16067511409,685.937222597745,544.36437981354,613.210642110239,0.0276114429033227,2.89169414015249
TMEM87B,560.286376946896,667.68934266226,297.434364106975,775.860386149484,1238.74675418995,1.43625488036817,613.581434040619
UBAC1,407.811647054593,1375.47706041335,824.476371987012,2365.53110677797,798.075255043986,0.503609797725279,5268.86501050297
POLR2I,251.207023094978,162.839126303608,493.332552570361,3241.02157398332,21.5055784437558,649.63458691584,2583.65866947176
FAM108A1,82.1880756930913,378.504142216076,883.476318122959,2328.1174846801,0.0333713114782592,1.22033844633959e-09,2122.88029828939
PIN1,537.460751741034,615.071551348814,684.93565645041,2827.47358932375,68.2786543857795,0.437403457111431,5861.84620163124
CCS,483.824557826112,249.632107751568,1602.70401466764,2131.47459534965,0.0969726720008516,1463.29439248,3.67057570871887
DPP3,712.442944633786,1017.47050442953,12.272801597984,0.0738912499108828,917.729015693231,3751.41392398501,1495.20039650505
NAPEPLD,1193.0504204133,790.857414437146,25.1271770759001,19.2520482781991,591.173732441335,628.80419273542,521.872363410029
MTA1,260.886248049774,643.164991466859,2175.2389706407,1306.45742626417,973.466158959381,9.00590848428067e-08,6.57087093254264e-08
B4GALT4,931.784065577861,466.390777571293,0.78427601971389,1.32773839154421,1330.54128647844,57.7791236866673,31.665256042793
CHD1L,469.255629341677,341.85427271734,1067.31504088627,494.811820640098,931.275680077297,791.34085714742,115.095680688083
MYO19,449.861458455705,2073.43324293429,1161.50971686035,584.117581737343,916.352981214772,58.6536604703194,595.490893994288
ZFYVE1,755.775573684425,2542.84753003239,614.314285825059,24.0867005777271,313.992201154907,1221.65967091586,606.628192679909
CDC14B,1289.25682226629,1194.40261296405,535.86607011427,291.03452085627,98.1137432653507,992.353435143984,394.921793438698
TOMM34,843.76348290161,1224.00290212608,303.857953340938,945.548579467772,1784.98130962384,348.270144130998,1035.8421336444
OBFC2B,621.727682390732,190.622423393758,7.88757931272644,2462.60990698605,447.785701771577,950.032607813814,1166.46003207529
KIAA0317,648.139994569532,2595.71486606431,652.708795142601,0.874831116993789,1310.24036901411,995.630247390179,34.6709574305966
ZNF248,522.187857236433,201.810603172334,1268.58951227042,38.8154125378035,1150.49651204205,8.68411287334573e-06,7.36212882648279e-09
TRMT2A,221.25140429602,370.272136577037,1625.14149391594,1806.4432197014,805.975248264734,16.5761475641328,450.045583460827
TBXAS1,230.113913808028,177.119490313753,24.2287395618197,71.8035921716446,0.119304268094927,3.08182082753275e-07,207.361196127311
PRKRIP1,168.070004594593,536.67052006732,1675.57800350137,956.682085651306,892.147948163493,4.10393385670079e-07,307.615041300462
TSPYL4,945.607854956171,1446.60431033748,685.65898496461,32.6783368956026,1219.80928598748,7.55037562789527e-05,365.695566118817
POT1,868.172038774264,921.972137781425,1.51070603160494,2779.59318686872,0.548896121594798,0.328894581521283,1592.33216338636
IPW,578.451274995747,1145.76324422128,1176.6332848022,340.902145752668,1304.29527150859,2.69546571685615e-13,0.0769107406177839
PLEKHF2,993.988261677298,982.924772699488,13.047037029921,1357.93178842763,2.72790795873888,2.88832301672455e-05,1937.35391611698
PHC1,554.095397612716,160.721595101906,1965.94367789137,1721.31409062275,1140.70334166191,1.5598825052123e-09,7.37803673953737e-20
ZGPAT,229.840023892642,478.911482460056,1633.57930620278,470.465843764724,884.809788344338,222.42074258975,0.731884403272698
IQCE,741.350585044131,440.189555701577,661.621593512445,104.719776166991,1151.91024602335,1.35708974592294e-06,1.67725921480478e-07
ZNF295,670.266741281646,931.901356464649,1770.26625536454,0.225397155968788,493.174057298313,564.154354055572,370.353893183916
DENND5B,1200.75017259229,773.431179943391,17.4837901104178,0.0196046849561451,468.873172041525,623.705149994567,6.60798540227062e-07
LMO4,295.926047380847,699.758665543089,323.369764231907,320.16671066246,1567.93467088473,720.41273246999,1007.57338914655
MRPL21,424.520887583714,524.437261481911,192.388735649439,3233.40362766702,1.901521203198,1259.65088637036,5315.02240384999
TERF1,777.284530565383,513.377806477912,196.728153840214,137.77241668557,718.764395902127,0.276118620490463,298.607908603214
ZNRF2,1169.99584150862,584.241289167002,20.2773300313418,491.006973624268,1.70253462907432,842.774169177684,2850.10878889305
C1orf212,736.580994195957,340.883477713431,701.150501033112,1737.02562437404,340.011848269134,1321.75080056984,6275.14340964739
CLEC16A,463.051181187841,2205.29834701432,525.576407511148,0.0663419602925298,1887.61873756203,1269.92121638627,82.1375523848997
C9orf7,731.324981441872,1080.5730636655,690.150020906578,38.7692394064955,962.012273347512,3193.34191102221,1907.96711809777
SAR1B,1010.85800535854,787.747093926291,2.51797889682203,1368.26342675209,0.0395420112199952,3379.49716320407,3199.34473818609
WDR54,521.040738373298,1.75134372860405e-28,774.528894656585,2739.90157317939,524.466626896919,8.4981307748813e-21,2.88590234746e-22
SEPSECS,1147.66100925329,277.80610219598,579.615911673818,165.746115610489,3.46793719565133,1044.86150450797,0.0491951703705385
MYBBP1A,465.311448580831,537.930376303591,1186.52859334732,436.493969486986,1949.28896749314,17.4868553451997,3.93596517519785e-12
FAM189B,416.93227971734,26.5774708294234,602.296570108144,1949.03288087063,1613.8090277635,20.7272196279624,474.145481237566
DYNC2H1,1039.48301334104,188.257909026571,263.545566264801,11.0212406610057,727.482770346019,5.49737061477959e-11,1.96963393405029e-17
ORMDL1,450.222977986315,824.67406249203,1608.58973752498,1485.27463798345,728.231683530574,1.75931929834834e-09,267.674584631119
PGC,34.0532430781361,4.22195956155915e-61,2.15325646545692e-41,2.56882162534159e-07,4.45064258776025e-67,116.119194266443,31.9100309861686
SYT1,0.0124520982220536,23.2124577605565,5.03888301162105e-25,1.35774692204189e-20,1.06272690783635e-17,404.608809379919,9.17655647278015e-31
CYP7A1,1.89103894211148e-72,1.48851384315029e-38,1.43918485418204e-81,5.17006899387934e-44,4.20301538130783e-109,6351.28986321612,5.90958237275055e-21
CYP1A2,1.95883651506359e-69,249.545071302744,8.2670741182115e-55,4.32404385113176e-42,6.8386003164494e-47,5278.81140782895,0.000536858250756752
F13B,8.69603164801867e-139,1.00783932561377e-44,4.22833400347547e-171,2.25049951066354e-57,2.93451404142058e-157,6286.84648363172,5.27834855135371e-22
C12orf53,3.46420516609087e-34,3.06688309501768e-07,3.46401649418936e-31,160.888993827136,343.004325960794,7.39607863661924e-63,3.67045845641888e-35
ASAM,2.82715675205637e-23,54.4157626328593,4.95142879726793e-35,4.21934846702283e-06,53.3753744619838,1.16866075809618e-41,2.6957290290561e-26
ADAM7,25.3258572973617,8.36041334114816,1.36668144280647e-133,2.24947809482308e-31,6.62174958222765e-52,42.7889316985253,40.5530396124111
CTNNA2,3.46274244498328e-65,984.286307080349,3.75924517060506e-52,2.00818755479215e-56,1.49250970124348e-49,2.87639101897485e-71,1.76139645494624e-07
NEFH,0.0940927763427868,0.000827780846232635,1.93326691405952e-17,1.74844765931939e-10,2.32155323564404e-22,6.95618361599877e-36,2.43746641500236e-20
SLC10A1,1.72224687805939e-96,1.60901009699761e-40,5.44414956860313e-110,4.29992699699045e-51,4.6774462927889e-138,6131.33067151568,2.66430566088288e-21
APOA4,2.14654690225891e-12,1.05246438032442e-70,5.45853263716356e-70,3.15806608819031e-25,4.28025825487799e-46,68.965443760483,1.95565874266025e-32
C1orf161,37.3628083738303,498.327289930419,2.71012315029995e-25,4.02622165520249e-29,197.490863461046,4.94035093891148e-10,0.24089147933282
EPN3,3.52244286525054e-28,850.340087141221,2.96866450078059e-18,1.25085724320194e-34,129.060109703603,4.03036040265218,909.119072375269
DPYSL4,1.49432243924283,20.0663527040061,3.15397176023344e-10,9.02549056416066e-20,36.3589115627043,3.18595928520276e-09,5.46127685960539e-14
TMEM145,5.87912582314064e-36,3.39632613464922e-23,126.665949267847,0.0257624234013095,5.77917547144232e-21,5.27802613536356e-19,1.80257660337668e-28
ARSI,20.7251627938493,120.988590080407,5.2756273506027e-37,2.26242625631836e-19,5.30444521400372e-11,4.3681803818989e-56,1.14920370929122e-27
LEFTY2,1.51920405041822e-11,0.000115782480984616,1.38416574700764e-35,2.1751552505085e-24,4.05712411327613e-24,1.37851560848831e-64,2.26697864639909e-45
PCBP3,8.59505522838454e-46,26.7509306390819,1.79584004557906e-15,0.00134736006917142,2.9202245960128e-18,151.822565889905,0.0304322685920209
PODNL1,9.20152291144846e-30,1.116205345118e-15,36.4959937401626,118.084594541477,0.135996048534056,69.4886471318156,1.76190764926229e-22
CYP2B7P1,1.81216191079087e-38,1.21122432197143e-30,4.98554157217756e-18,1.18666696315911e-19,8.19275390749326e-52,6071.23949445113,1.49539815233839e-18
TMEM61,1.25028145413384e-56,845.017264287344,5.53032580794178e-38,68.2431381716727,5.08079350030001e-10,265.247131408406,1806.83219062786
ANKRD2,6.52349605724601,0.485114668603736,4.70533884924369e-39,1.14606735262571e-08,221.520712764273,1.89320605513813e-11,167.797981932747
TCL6,85.6407477030517,353.148201318397,144.911598484987,6.76172661794528e-05,7.33964969615053e-41,4400.89415590689,487.266745401129
RGS7,124.054699720966,61.1910756371071,78.0960710096325,2.25135596243173e-06,2.29186094134271e-24,87.7714966450168,224.075667954039
SCUBE3,0.00159020709395093,3.43305755875342e-06,1.74567905205754e-06,4.51339394017525e-19,6.32807906830442e-09,1.06444938995726e-38,8.80061925988959e-22
WNT10A,1.05366526560709e-15,5.82918494350458e-05,7.23340657628642e-12,190.245747835649,317.363824864672,1.74081145678054e-29,1.78757243582814e-36
C9orf84,2.61184139759766e-61,901.029533138313,6.40667406057987e-28,1.12570229524393e-27,5.73829571939014e-38,221.635703363477,63.6175337449757
KCNK17,2.82336220739913e-37,1.09481039715766e-37,2.84452140759836e-33,5.68918564216598e-17,0.000344161067169826,2.42935578679285e-14,1.43886911560157e-26
ACCN2,9.493755428805e-36,674.168824909406,3.93773722378851e-31,316.733914396509,1.11125573647324e-20,1.54338443929881e-32,0.000124152135238228
MUC5B,2.2896666943573e-32,2.07417054014187e-21,47.7501121005841,0.00280525848636521,121.043198139998,208.102618737755,6.6277924029084e-15
AADAC,2.51981936810077e-58,4.5633952450597e-36,1.3638797075041e-62,3.54463639194443e-36,5.38054931083046e-75,5914.99902854977,9.57487948371451e-20
ARC,22.7458759174154,2.8958500667732e-14,566.047639787581,1.44926229658825e-05,8.79242832633255e-18,1.79844369444633e-31,58.8661297694907
LPPR1,0.822114840940582,637.862538598826,5.20262191415087e-29,164.064087857439,8.80340550489244e-45,1.2289854902916e-11,1000.59075546727
NOX5,34.2950186049067,100.362498478504,5.78657817238934e-35,2.02745698682119e-41,3.24511641649477e-06,4.64012312393757e-73,1.08183344214298e-34
STAG3,7.81554888883189e-08,58.7125989353017,1.89888355353563,3.15726234484353e-20,9.24380476100335e-22,2.82977607612875e-07,82.6578986129211
CRHR1,5.95409456384204e-65,6.22863230658735e-44,8.90519980906294e-12,405.512836698159,153.447838833737,3.83909297707424e-60,3.06608740753808e-56
KIAA0125,1.54481832292318e-39,7.25006846020988e-25,4.3373555910242e-15,7.48398317998578e-20,49.3910164863788,1.72021646389753e-08,2.2885849742949e-42
SLC1A7,24.9097514266838,2.1641841503932e-22,3.5542318201167e-17,225.60838922489,8.95132516693675e-12,5.4800672641563e-05,1.32375758036744e-33
EPYC,2.49544681086018e-116,1.57295205721679e-126,7.98598251524395e-117,7.88221237203886e-62,1.04322100622867e-127,2.25241045488956e-115,1.62510233262128e-76
B4GALNT4,6.51801458717526e-35,1.06894835447912e-38,54.2190750733479,7.14086636329054,1117.02850197989,5.83237302766605e-15,2.24155304115095e-31
PLEKHG4B,2.00748993348745e-23,45.6934888737191,29.2282968710671,334.375842344628,442.180521530705,1.72887163676984e-46,4.58879671517592e-33
OLIG1,0.00102398536384131,456.367918237895,85.0796987246781,186.015270671432,9.55039627724445e-27,3.24925797647185e-18,417.020857459009
LRRN1,52.0087527429348,150.244851622148,6.36478971162795e-57,3.14028706489084e-34,7.10885581818698,9.24245264499555e-21,1.15892297656971e-13
LHX9,1.28124305999242e-87,180.798273690172,1.6632667721127e-50,7.38749205963901e-57,6.68357519017345e-31,8.52585320958937e-10,2939.61588877204
AKR1D1,2.32539541089971e-40,3.12273604838881e-34,2.60283854744077e-68,4.28156864559673e-34,1.1806372056662e-42,5679.68577701379,6.61986060882537e-20
C20orf54,8.81833376329116e-19,578.88577316618,5.69815904889167,1.55051288288523e-12,367.205816704525,7.8674609374403e-40,1003.74558411407
C1QL3,120.929423198505,0.00188650087526877,8.37489533898231e-21,7.65074961151628e-11,122.890586996331,22.5489307424514,77.498716980031
CYP2B6,11.0610252836465,2.38750853740952e-13,6.02827815383336e-30,8.30359563891873e-22,7.4937393570453e-10,5559.67716457001,1.92380812111831e-15
PVRL4,4.68335110654969e-45,1.20921935590622e-06,1.3232416249942e-18,1.54183684941409e-29,1362.43212598788,5.5805696292066e-06,5.48520340415313e-07
KIF26B,96.7318653969688,137.328912202274,3.03189681160984e-18,0.000409766618557776,243.613754905294,3.30447050339945e-22,6.62950067586203e-21
MEG3,0.00393917831018479,4.62114521093577e-06,180.768767972802,1.16596909622357e-16,2.80667281844065e-11,6.16734641959958e-35,5.52403021112248e-28
PTPN20B,127.560656580409,164.006215191402,2.30069714501055e-09,0.656105544053678,5.07942814602234e-10,754.06513295339,2539.25627236312
CCNE1,0.00802128862944942,30.6267613346693,0.0113991841847687,64.3580958764872,102.059179536448,5418.68636860457,0.0124189316889768
HBD,8.99602997900485e-27,5.09939527890267e-29,194.321922199168,3.23723789388518e-20,2.56693690024524e-40,2.16367521054926e-42,0.150181335484351
LCN10,6.13677729203884e-23,488.780367446727,4.81911528178761e-36,347.894865552476,6.46984889440115e-42,1.74919879429412e-63,412.02287388816
DEFA1B,19.3384277550172,4.28430871160687e-31,168.787469624934,4.73538059255329e-09,5.44437297660679e-37,3.17266983532159e-41,54.6008953261532
CA8,1.41872089319867e-10,324.354959279254,8.23592875263942e-06,5.98477451169352e-06,2.56322146471398,5.47093226709263e-22,6.3489003385456e-05
PRPH,7.68281151377544e-24,2.07945397720457e-23,169.449264143486,349.118462712069,163.409775423288,2.67009841908081e-18,2.16560041145354e-37
PLIN1,0.0716062953409223,1.18212750824005e-16,209.970777683602,3.44298894799434e-09,2.05178713508757e-07,9.94592376591805e-06,6.44703812204977e-22
C12orf34,67.4147274111245,694.55245675028,1.80911704791516,1.41539392221867e-15,6.97731786564473,662.837146032252,905.084435311084
BAI2,39.3420856592646,53.8829390196123,4.81697185759111e-12,0.164564416120106,388.87134637203,3.21622394106817e-14,5.9146236299023e-20
MCOLN2,9.37094250741866e-23,539.12340896955,1.78470058022658e-16,419.877523625522,2.22981432953808e-29,1.53129403651775e-58,0.000922965289461585
PCDHGA4,51.8524066410385,0.977855548024674,0.0851524660200723,4.78303241562736e-13,129.937838137979,1.8895225926502e-32,8.35215318664508e-20
SCN2A,0.0200755290698848,471.258092673767,2.71450712044157e-05,6.82968892400819e-07,473.751203460319,1.53496540918109e-25,178.527025124531
C20orf26,51.9186127563825,121.787518785134,4.20755822118483e-78,5.91834902046623e-47,0.0339673809223329,57.3102113179434,8.97389868758819e-19
PRSS38,19.2033727176887,67.8064825917524,1.19027770170056e-145,9.16098629254947e-81,1.86319801310705e-18,105.915729549099,9.46203530088784e-39
CARD14,1.54843508668638e-15,0.000134288119321732,41.659071071205,1.17524240276377e-11,130.969664362905,3.04787338592341e-15,6.17754973632435e-31
RIC3,4.87047539909496e-07,413.641322307524,326.669200119168,0.0448888622206483,804.541175661015,2.39221152325204e-09,0.0532541119039539
MMP16,4.53302798382053e-06,1.3163529464059e-06,1.6015455603007e-06,1.01119751428195e-22,1.9348062341622e-23,4.26809731707406e-35,5.12948692230553e-20
EFR3B,132.925238866626,297.653937859515,30.3941931928101,6.12873487444781e-07,108.824125264877,28.0510822466531,0.00241933002868391
RNF183,45.9449037688644,4.62374183720142e-41,118.920427256185,2.79554460096967e-05,925.082005022057,1.90977510449297e-25,2.904146798583e-28
KCNN4,3.27491331910021e-24,0.0122262536246567,79.3351063237871,6.66977462371278,390.856621939458,5.0688512045823e-33,3.83158937252306e-21
IYD,119.127153031906,348.7389854045,2.20295588764324e-17,9.44554930952425e-18,19.5146883341206,1277.39200310212,0.348840105269946
FCRL2,3.36197483372937e-68,1.41907773420425e-21,122.444480744713,4.99349068966031e-27,2.21671179238692e-25,1.46680048655933e-47,7.66773402907086e-57
UNC13A,3.82423530475455e-12,1.02730847824601e-21,4.17901928723157e-15,15.7932079600398,182.180095509268,7.50944567929047e-18,1.36970393627517e-18
PIGZ,82.7294749625605,103.494847022951,0.00170447112281541,1.99545046273222e-05,315.720567362217,113.435113013168,1.52965008987663e-16
GLRB,87.9614598481522,280.060240534106,2.2265134537831e-22,15.4429634583365,487.092334990902,3.36783988744077e-10,140.633978419595
CPLX1,4.98694315878567e-06,641.765624189481,196.370936481365,408.679187926497,7.19270343181077e-08,380.674607045589,344.413518256257
PGA3,44.1003758914624,3.51684498326727e-48,2.78592146729655,635.734265311674,2.90733301397283e-37,4.83170311519147e-49,1.90424750395917e-29
GRIK5,1.35037995683474e-09,474.09440423128,80.2523248345329,5.57860832823092e-22,528.791493178216,775.61723641207,175.658627134481
MELK,30.4775259424387,0.019964955537943,4.80130715032668e-14,102.550531698104,295.751604275759,233.489114577015,5.35889892941623e-20
AHRR,22.18306302276,0.000558448699303024,242.788748016204,61.9229383427302,68.6347091404229,2.67237928888267e-19,1.90375932202813e-21
KBTBD12,9.35127725998035e-59,1046.48295977205,2.42114058082592e-38,2.88513746040301e-28,1.49783002642115e-46,1.6386718266925e-32,0.00150040870960506
FAM124A,163.915671428176,90.6242057674523,1.78119682380334e-13,1.3053370051518e-13,68.217586751895,3.09539762465462e-09,1.52993616048836e-15
GRAMD1B,22.9412843159017,99.1999485983454,121.127857995405,2.47522475698461e-05,169.963740127724,0.00245182217238468,6.93735870453368e-16
F2RL2,36.9172931427117,4.16218775354128e-31,30.3885946060121,0.0267226337048603,2.9564028605391e-27,2.56549877438257e-10,4.40124781562987e-27
PRSS35,45.3218367998204,52.9445916337232,1.50576381346697e-06,6.68127012089379e-09,4.9261488099548e-18,40.939219371186,8.52706759836864e-12
LOC121838,2.49067038271084e-60,1.10467023149449e-44,1.02325722029046e-28,1.1767010744428e-38,1137.15972808327,265.304100739233,1.60040389865578e-28
SLC24A3,3.1280819939313e-16,45.0921159657422,3.50943719578335e-08,1.36593807185479e-14,190.3708803729,8.92099865029593e-14,0.0164948877677399
GNAO1,67.5263840407686,123.222829853587,5.15158687625471,1.45700505893287e-12,0.000122276054217734,104.974776793754,6.88409838441995e-16
HOMER2,26.2295195092796,180.249945945273,8.94873287556628e-07,0.00149653484654947,1189.8228680618,1591.06872850806,118.15538136742
ELOVL4,20.1569183411598,95.3841860503191,12.6164185690926,1.11537443571176e-18,2.96496089707169e-16,2.84172386727372e-46,3129.02018922757
HJURP,2.3699852873501e-11,1.1281187675949e-09,2.71664803995754e-14,212.309279223741,341.297544047106,73.8409238158625,5.14599296992317e-27
LRFN5,1.72512573393454e-21,341.246120367322,0.000104259799318509,1.18774891259021e-25,218.198675912787,1.38459469790001e-55,846.914367274441
DIRAS3,41.067219291383,151.204697128203,8.09905898409336e-20,5.9411928324716e-12,331.732618071494,2.01160859327625e-14,144.223581780018
PKIB,52.9989656062359,410.693265308128,3.22580836171161e-17,219.057013130769,0.0240706579716769,0.00013625912086862,1651.47756362174
psiTPTE22,0.0605886471838732,336.398335630042,22.4498595992828,140.52110167083,553.225390792149,6.41394646189981e-55,377.284088786507
FCER2,2.88107195683842e-64,5.56123516414566e-22,127.135844507275,2.73198337541998e-26,1.30630080049753e-33,4.36085393104855e-36,4.80426211038525e-50
EPHA5,38.1088543464102,84.1622972508411,1.92667469651346e-108,5.7705362053045e-44,7.45202987454258e-18,43.2711415043754,1.05224804560845e-16
TARP,1.67928977165591e-18,505.102637821593,47.2489621545177,7.61664414681196e-22,4.77120391990848e-18,4.33312837975361e-32,253.010387069389
GJB6,8.21532068283763e-23,17.3906580616582,1.74056979480773e-21,1.8336818610707e-29,3.04693550395767e-12,0.000155359779330439,7.23297727234038e-17
B3GAT1,9.2249113054115e-05,130.872000721162,126.523413354683,45.601207707262,223.363664499631,4.39769632916842e-28,9.5554612122371e-16
LOC100130872,67.1444198461163,21.4717480436742,6.51146498608886e-09,1.6363611197362e-06,119.078583759071,319.415679777293,4.61882841554064e-15
OXGR1,1.88046444095223e-49,677.671872162525,5.42633900379351e-26,4.91866962179565e-42,3.96508881991823e-28,2.85483268658824e-46,799.274740456787
HSH2D,1.09378009862219e-23,20.0529928511819,186.970579869702,2.93226008275016e-08,11.8761538822643,178.82725743418,1.75028749370236e-21
CCBE1,1.48090066781081e-16,770.978456538974,7.85424189656424e-09,0.000319336231445161,2.43761399217399e-18,115.341541117784,163.959158724445
C1orf226,19.8267789623211,795.713985487987,93.3056789860496,79.7201502590604,275.729189419728,635.932655002373,434.207171180619
SLC17A2,266.764800805935,5.53120756502792e-06,5.70446580677664e-06,77.1812094639437,2.51317482667589e-14,710.605839172359,1.5478349345863e-17
MIR155HG,7.00369020609006e-21,1.07863705933842e-32,203.813993768209,0.0384682702001553,199.391629493746,1.09742295124509e-27,2.88823780116324e-25
HSD17B13,49.3361932216825,5.19867121678687e-31,34.6177062934525,1.58945198560722e-11,5.44518143470918e-34,4318.86818919061,3.01862184173656e-20
DNAH17,40.8876636403304,102.830641230438,58.0604570700938,1.76806193448461e-06,160.070486943074,67.6688598488581,4.06898047838115e-23
CLDN19,58.8931307374699,62.7401532393317,3.034933916503e-09,1.58029631252477e-23,553.54755869392,1.04212979602136e-10,187.635758738633
OCA2,54.800165936174,60.8032956831102,20.1890796539497,0.0643915509220939,140.355403975637,81.5195716969921,6.8646469736021e-25
PCDHGA3,41.862354139253,31.3908010326855,0.564994902347393,0.000165380001663742,3.63540238939541e-08,0.216561561654001,5.36607490351302e-25
HSD17B2,40.3426059045885,0.0697572905321893,35.4486072709962,370.891896131628,4.32955221495614e-18,2746.30716668608,4.9134994488638e-15
CR1,1.02095117761208e-10,59.5345132016437,1.45120911758524e-06,8.91525910218171e-10,0.000227100107360543,4.55187209999078e-16,3.11268107172538e-10
CCDC28B,0.0248034817045773,671.583024329595,160.287157381247,1.30475457179881e-06,0.00696961936627015,241.626489800688,1161.79844316203
FAM167A,1.80198332698362,32.7371703310441,8.45830944449759,0.00330113564752649,1135.52937102168,2.80258193496555e-08,24.040534774484
RUNDC3A,8.2838304071461e-27,259.828726074739,6.05685844011984e-27,468.370713642695,164.082906246475,5.65102788676167e-20,507.718413870659
ST8SIA5,2.28813593827602e-25,767.116300522609,41.5658682235329,1.71111216734304e-24,1.53799855558389e-18,497.604809459457,520.287204369551
EYA2,74.6354258356157,26.4488982271933,0.0284922984685588,0.262252550801826,0.187105106387301,9.29285339047151e-20,2.12237057154004e-09
CCDC151,4.77438170191235e-23,637.266573407755,72.5233877425994,2.18169830545179e-15,86.6573398106974,1.66570744602247e-20,1560.1628256909
FAT3,38.9811098927404,143.536199899953,21.3007488514978,0.0121651849977788,163.23968733504,1.96224454047931e-08,3.47050326044576e-23
TSHZ2,5.99869157629232e-05,2.36954091828019e-06,71.0104424041694,0.0414530473426607,0.983982515443439,4.6171648515774e-09,3.02677658695853e-20
OXTR,8.51980009697883e-13,3.65541490384042e-10,0.0921562550815777,179.023747067248,203.809484928296,7.30959721973057e-27,1.21209345582119e-24
STEAP1,212.852024442921,4.90522458558613,3.38169800449341e-14,27.2913851897698,2.92128619059778e-22,423.820124185094,77.1238582401335
ACTN2,0.0789058368007353,0.162167508358841,1.89083040634363e-07,6.15339122423613e-15,0.0207960030857929,2.58917658745889e-14,7.87936311872695e-20
MRGPRF,5.57145787772164e-18,0.000779818229409193,8.53734214014522e-09,4.04616339109592e-14,118.180842070741,3.66584778173969e-13,0.218684018246695
TRPC2,1.10643047280613e-23,7.57750938591624e-32,9.05519431026537e-11,3.74546306655416,8.90878123322936e-11,1.03285268437709e-31,5.63906548309314e-27
CHAC1,1.08513524093092e-16,407.880023557997,84.6970841384349,1.42644567378105e-08,0.297126878357201,90.5987581411947,314.620416053035
MMP28,4.66458547804216e-11,3.81122014053568e-05,44.675342927051,87.3768494743349,137.440677044336,4.65714933460148e-21,2.18627373887473e-06
GFRA2,1.13938328935653e-08,6.36161104553627e-17,86.7831465172728,0.485388975006788,4.00906755188407e-09,4.74758023314192e-09,1.14385897658642e-17
GRID1,16.1896118326497,27.4782563876871,47.3630839175305,2.40089852614303,224.430075312093,5.4270224938476e-17,2.06619676051289e-08
CD300LG,99.2022715928104,1.07621013103028,326.256616215626,7.66740717493802e-08,4.34742389735649e-22,2.15332510820214e-28,299.979894751168
NAGS,0.000558644258559926,610.961654836539,127.670061946638,278.161501936162,8.346706419481,334.000490758569,1.69212491163647e-14
DLGAP5,21.2751271439037,23.8331714290609,7.19574274272901e-15,30.0360805053847,170.438077941532,162.866334581287,9.85957014880192e-21
RASL10B,7.11855434720085e-12,1.23486139642167e-15,0.087920755959805,194.859320280253,244.449513349232,4.91809553621219e-15,1.93047038400306e-15
TMEM45B,67.1541811879761,6.93524503787912e-08,1.05172300920582e-09,0.000527306491277875,797.676101128414,3193.58036273563,0.00215292299041739
SPEG,6.53634850634434e-19,4.15907401409813e-07,110.376121292966,8.43932849676252,372.62558417556,2.52708075070296e-22,1.30804994444117e-20
PRDM16,5.56807334173094e-16,931.361839832838,1.67652140044837,6.58798111065506e-19,230.800104693186,2.19502466444865e-20,1.61779337136026
MYL3,221.434538016573,38.230246277071,13.4988245689213,0.00326928903261287,254.103798712383,3.34213936505871e-14,282.830210068882
EDARADD,109.185899639598,361.063043207043,94.2931772215617,2.26129162726503,22.1297259998957,432.682419225087,663.280102895292
APBA2,8.04680169282069e-09,2.95134595897624e-07,5.78615658677076e-13,1.68371803576021e-05,430.434813435248,3.67984817820089e-20,7.35896614701628e-21
HMMR,21.314011428671,3.58683240630434,3.35667749641338e-17,220.141962916376,286.751314782534,697.849266283606,4.86942602484304e-19
WFIKKN1,23.7469500996158,54.4653686571919,240.093541570133,135.983092423598,0.000530916825954352,8.3326452192755e-28,1.02268910925437e-18
RLTPR,1.0512973238463e-24,4.55505303139495e-24,123.727548910061,0.61209082590327,163.404033824946,7.10381433473528e-15,5.9348143405825e-30
ZNF365,3.33495707679992e-17,7.14189213954412e-10,3.91800962803489e-19,6.91147214437338e-07,365.924291831385,3.81277199172234e-22,6.57027693973336e-21
EPR1,8.76471957500967,0.0616165124404941,1.46352841780898e-16,173.324182811954,201.626943523991,625.562010784171,1.0866466060116
ADAMTS16,133.800335990335,116.529867228795,0.0960490687267859,4.95243780717485e-13,254.713805831232,130.027201278371,141.2126727498
UHRF1,23.2166822109172,2.91415633121044e-06,0.207446300889459,27.7028348728268,253.318368068969,2.10545178944591e-06,1.09792000130269e-20
ST6GAL2,62.5046886515268,4.00888064696775e-20,8.20827717317285e-09,0.00173361278046272,171.387333260242,3.39619011769435e-10,1.6856652609959e-22
AMDHD1,271.50692914714,3.54852301228593e-24,185.904332434293,69.8701143006668,6.09274104533145e-26,3297.9078770464,1.61094946318516e-18
TIGIT,4.11229832539761e-08,5.40118817394888e-27,9.4892859005024,7.44020988291671e-09,3.69598437691902e-05,1.6971065159411e-19,9.66635599167109e-23
IHH,128.943303321165,0.000805144038869905,3.64919236581143e-15,2.38018934615496e-15,4.18241713386247e-07,100.006594755469,105.314193008676
MS4A14,8.24728458406912e-16,83.3154973184614,291.183748221684,2.07283809285067e-08,2.15680169822669e-09,1.50482493829138e-22,6.58272202165378e-09
AQP4,129.185049478503,2.89392494119165e-15,1.59622532988214,145.309971204073,223.099445822472,7.85185337069402e-21,2.07662682639255e-24
ABCB9,65.3053690051209,249.413018148451,29.6175773188711,7.2960244045594,459.982179817054,206.156697904431,257.131104635355
HOMER1,169.703207563157,316.370590534001,1.01811279133786e-05,1.92271892056636e-10,312.687478354962,191.170885849523,0.0175258231900479
NECAB2,120.824001778143,63.8493002920645,7.81885358525043e-05,9.37170656200272e-06,1.95514134552991e-26,231.271485612123,1.89087252123683e-16
CDCA7,0.000307543668149115,1.14002756293233e-12,8.56919284422972e-05,425.371564939716,331.734302413194,9.21114135300125e-20,9.39411525640492e-31
C1QTNF7,20.5418405749335,73.7791705976056,8.30909043543138,1.46600154043284e-15,19.6877703358928,1.42552816592606e-18,1.13243145857599e-10
OSM,8.8177424843259e-08,0.000155146985144716,302.111875353741,2.22598963344126,0.00622326166004925,1.82476360959035e-20,2.78740638216194e-08
ANKRD13B,0.000334448990638804,1.40010751103544e-07,362.107601010493,414.540937368137,356.185762021862,2.9411739713349e-22,1.34140327825724e-29
FOXL1,6.82964430204235e-06,4.10281753835701e-28,280.469142871105,126.757373835576,188.158285119281,7.08866891477995e-31,1.56056507790404e-21
RIMS3,64.4091124057433,100.224869742726,2.61231249839931e-06,4.82584259141284e-06,111.487009229027,1.54011724534902e-11,0.439824069448883
KCNK9,126.843961488312,1.01544970221528e-30,0.00105412040179624,14.0695932373268,0.0845677194537984,262.910353644553,7.86872944146155e-21
RYR1,29.2309665919966,81.3718940706808,66.5327451982015,7.60794432408278e-10,9.07422779554524,1.05554996345207e-08,3.00646101100347e-20
PIP5K1B,75.1825976224053,633.392274988298,172.710151944262,0.70395991174574,187.004354528992,2.86959643570135e-12,617.2794261526
PYGM,9.96553273789341,1.00319534952809,105.396019115836,6.22500081516581e-06,29.8797709117989,6.26474797637856e-05,2.5141324728588e-10
PDCD1LG2,41.5932910200716,0.00155412707568012,8.97514554998944,0.00306036078456863,9.87706097298221e-07,2.53130665858314e-14,7.86738966955409e-06
CDCA8,22.2003004265244,2.71601115925819,4.7296928772582e-14,96.8275483106938,247.221074371898,329.764190618095,3.59277753716478e-14
AGAP6,6.3671875030047e-08,67.5538635135308,604.242382795342,0.249994035124844,296.904847750665,1.03654511502836e-13,8.60201632210776e-20
RECQL4,0.185349139256175,108.666259060931,178.653674557359,96.8187578214606,370.031621603636,177.871644208447,44.0033406716667
CCR7,9.75493753611731e-19,1.84327077936703e-20,146.0117743411,1.71360501403326e-10,2.9682112434603e-09,5.96537109172318e-12,7.8484912319027e-15
EBF2,2.81374747995755,419.955830984408,185.831509333707,1.38729447091067e-13,5.93744516858943e-24,1.66715724417318e-22,54.6470143336568
LGI2,2.465296603299e-10,219.375725610894,0.0647949118222994,1.40627454312496e-06,272.245158066316,5.07597986352252,1.36328065870481e-16
SIRPG,1.1952033542369e-15,2.17580872072405e-32,1.50166356778336e-07,2.71544278901054e-15,8.71978138758622e-10,9.16951999845631e-23,2.5507965811881e-23
HIST1H2BC,235.984151422342,46.597390026275,57.0386342691407,9.50330137333137,1.97170028514543e-08,104.560240957993,2.04777999670388
CBR3,3.95636293713072e-07,5.13850065630691e-10,0.1140023004752,483.837951902993,155.984958707073,4.52385130901003e-20,796.018854491393
AGER,1.81041143485785e-09,0.000428305588301884,613.196364917818,1.79569606866058,1.81017583481806e-09,7.19229866319296e-21,5.14240813981687e-21
PPIEL,0.0263788070701732,82.25722170458,552.38658276285,17.0503331381712,0.0193703059941965,1.09017015980739e-21,1.81483779705744e-20
KCTD16,213.080788567079,8.34784292805031e-16,58.9504188813484,1.07995674300345e-06,0.323003520659031,4.23329361322649e-31,7.19339745192737e-18
KIAA0101,68.0587552817639,0.000205387922599658,6.97466327921829e-10,487.827274304467,143.705966877774,47.8366980057528,5.6398863661952e-19
FHIT,31.9773444862262,156.793518467535,226.782840607937,304.161172614665,128.795107788096,2.79537565246281e-07,389.803295900017
KIAA1324,1.16507163018063e-07,4.31329329630783e-05,23.7262999869502,133.477824330565,71.9692172181515,85.6932109853219,1.12786411490161e-16
SPIRE2,12.582215662443,581.08581666116,147.384513127303,387.186167847431,270.074540542244,6.53423873977529e-11,265.193694877195
EMR1,1.18357000955567e-16,3.89013851551045e-05,3.94908940590779e-17,1.35092555678688e-07,109.838360635478,6.25985482716902e-21,3.3675273110684e-14
CDHR3,117.503806758645,3.57996495528158e-24,443.194105326418,160.055877917959,1.27870728743874e-17,4.41110176788116e-17,3.81561830285824e-27
GATA6,0.0105681524952425,0.000241541489556499,116.676408400732,44.4119848796173,122.380943247723,456.166249463311,0.0126837059850753
ANXA9,175.14090470013,135.165894805309,6.4027164709921e-14,3.02409408163163e-06,274.257297729245,922.597061793029,0.0200779870161945
HK3,3.81209239343221e-05,80.3088511980281,199.365924250446,0.0128271227974566,26.7836308529078,1.01516197000084e-13,0.00067010962632214
SLA2,2.82444628523615e-05,2.43383405158825e-27,89.0357145256856,3.80257504302423e-07,7.06987807255672e-08,1.78999908179449e-09,1.64342500851487e-19
MUSTN1,1.30069791489295e-21,3.04200574284959e-12,2.68783821561718,5.97977158507422e-05,127.133882675179,3.82094724853718e-15,36.7201387019613
EBI3,3.40354346653489e-06,6.67924094811244e-20,9.82258187864759,6.70575603359426,0.0160534527879831,8.33826324929942e-15,5.32486644749266e-10
ZNF853,47.4459301354977,104.995938153519,48.4643073519309,13.4831833529409,625.57180406363,8.49135173379345e-11,7.14308666505667
COL25A1,96.8500398513984,5.67329948930317,313.497793107193,1.61525328446096e-07,1.56597848444062e-13,1.59625959520966e-11,8.63436796799138e-20
C1orf175,15.0710178732583,531.39838261718,384.394517619456,0.00557040529121406,138.055604447173,9.0965154623224e-13,5.49106252831e-09
BDNF,150.219126229873,6.22530538936628e-27,350.526227534939,268.507116610766,1.88481930331659e-16,4.96788746099509e-39,2.88735972555501e-25
CYorf15A,0.544342876715576,79.5671873670014,0.0170027785482801,258.731248148343,3.39012493030237,262.968821786764,288.111883764032
SIGLEC7,57.1105424254518,65.3863044119839,0.000115149477158462,0.000360105391811185,5.45376167548563e-05,1.14747371074287e-09,1.45280096912804e-12
RAD54B,36.3595783794445,26.2976164796785,16.6157540499348,114.876628601245,165.345994719439,3.69816414384878e-05,1.63474663532471e-10
EBF3,27.693234437938,2.40279316403823e-06,327.137262383394,1.39199518626663e-07,6.80539753326198e-23,2.9349003843607e-10,2.23966985775937e-06
RPS6KL1,0.0193411658237318,208.162441106389,455.380965127759,75.9655721801184,1.96865250275274e-15,182.454929622739,27.8763640228881
BUB1B,37.5463293362704,40.1731739698696,4.66264955619728e-12,75.1785440477415,253.926138308367,142.211789223828,2.45821713662609e-20
LOC401093,7.70221442493748,3.88029341683593,33.2442632852419,1.85703854314442e-07,0.319075407734688,3.95804400580717e-10,84.6886759525735
FAM19A5,49.0967602258308,23.0643800714877,21.9751480642546,1.70304465631785,195.323719911816,74.3648939507148,21.1675129335
PRICKLE4,9.02589767384858,0.603848759581051,719.955224829803,21.1833101001261,0.0011563026238914,1.14046812447683e-10,2.52811494852765e-23
SLC22A15,16.753851965627,649.193060595191,111.745210702827,3.00198894711231e-07,199.133986566756,392.373664063631,850.065973180167
PID1,50.79339427323,0.0327366805341226,0.408853266516619,22.2324874559919,0.150068413045443,947.830232897201,0.000371753020687894
BMP8B,117.403467888181,4.83933281554124e-21,74.1539776238887,26.1810613489344,156.609334202139,3.70099257118009e-24,1.38364961355488e-23
DNLZ,0.0168580363221169,66.4065630977045,178.902302065424,513.668330723268,18.4715264880718,8.83727650199869,1730.84472469651
C11orf93,89.3123657202934,521.782589746795,370.364826214465,263.298266493246,1.49542573993859e-18,0.244243358411254,284.194356365713
GSDMB,1.70682541226927e-20,0.000890159498450545,394.305256516054,0.944322490730351,212.958467320637,308.512698047893,9.78666790208709e-25
SIT1,1.28553191664209e-06,1.81695231502891e-35,0.0035344179398659,1.12574483184341e-08,5.20202786047514e-15,1.76919125777259e-13,1.08742007468418e-18
KCNT2,21.9792581334946,1.50830539758547e-06,150.221020163024,38.6229109128582,219.613201613482,367.905881367159,1.88929426268354e-18
CCDC113,108.79444016789,303.299285264546,5.91996485692363e-19,0.0160358689140172,493.948964008035,0.00460636777539704,11.4428294792813
TMEFF1,121.006059335871,142.650193081695,9.18992350328855e-10,299.598293950598,164.052170688222,1.07351059503728,1.29680685059834e-07
PLEKHG6,112.019974090672,6.83120744653815e-19,27.591691144421,289.883037611592,239.62182875146,284.838599334348,1.8742543565708e-24
NT5M,55.976905519271,175.990975681865,4.61019970688836e-10,502.510684640656,152.014817340525,9.15712502504706e-15,602.889457869603
DGKG,8.19442588163328,2.27257222489228e-08,6.51575034982224e-06,2.43999416191856,218.444988893454,2.78602359897228e-14,4.24006806126677e-17
RNF208,78.4031150996639,173.076058047571,274.959160377512,36.2517899798242,87.6410120509205,6.81436294227305e-08,217.744481149824
TNFRSF25,1.98695885641247e-10,9.29026793030954e-20,523.167828147474,0.000413412638454951,5.21172053831167e-06,0.00138613741047471,5.183104761993e-26
KIAA1683,0.112272402223012,182.676907850746,657.286946221876,1.29911303128875,147.900164927082,165.480650555221,3.21244432159123e-05
C5orf55,103.163055618743,149.809491169864,135.646656091551,630.909395483929,0.000396049604570517,7.61995856797994,567.572510683305
PUSL1,3.68390103263202,62.7892161571879,87.1846770242776,288.343429014566,219.747829550241,63.7935541314297,183.787827172791
TMEM117,43.0845991221494,701.709932192102,2.31165790457928,4.94771779940595,1.61747140244328,5.94245326577933e-11,1072.33243251597
C6orf138,54.7992012372024,326.037086522656,30.8046455935632,7.29937162137282e-07,237.701036922666,133.855022730548,444.681644259174
P2RY6,9.39603886200088e-05,7.43941101369437e-11,91.9334912019359,8.89177485907294,408.197771260488,6.24924115755165e-15,3.60065090586938e-16
PTGIR,1.9574044015407e-12,9.85829912454897e-22,119.795813408431,0.274033772044288,1.56992280690999,1.76864344054159e-11,2.35436831649352e-10
LOC283392,205.052918224435,265.915429121903,188.888296850086,8.98905363420589,1.04870163534222e-10,0.266857028006078,657.962527327057
ZNF880,106.410884996283,438.489878750629,99.4419905942784,3.50873157208107,232.240263935972,5.30851408628801e-14,684.333274681494
SLC7A11,26.2585475009976,229.215573712252,39.8016415936359,152.977853663419,106.692955325403,113.807241169175,1.04533523069698e-09
PCDHB8,98.817064161055,34.133309956105,0.00124836324122534,44.983357575192,95.7491135890455,134.191451710557,2.38573097987589e-13
SP140,4.7101151664963e-14,1.13169137167727e-20,69.6765014933231,3.45482580209716e-08,0.340836355195731,2.03347304202293e-11,9.19344503166319e-23
PDP2,176.692618775181,745.675849144738,0.0592909526335771,0.000717742025797789,38.8152858376523,213.910679558428,206.665510462681
NFATC2,53.9075310185669,83.7111402949024,34.4420617086868,1.30081427802564e-18,1.06063462251763e-08,2.39903640379904e-10,6.03418621226962e-15
NOD2,0.00851574349290552,1.89813772824577e-20,39.6118060353521,0.00179824280631479,185.9245329623,1.73193446905687e-15,5.00271413180989e-24
FABP5,0.00190870109526062,2.45474727906977e-09,209.806247908917,284.184046628777,20.4189699993452,2.99170512402484e-05,3.52662721811135e-05
DBF4,56.3633467929447,670.888344058638,80.1445858958149,331.90671638498,28.5129029307284,23.0874840504381,62.2875050194774
BEST1,14.8062862964849,57.2968243541769,301.642510549666,69.1830987308401,3.45935106071238e-06,157.554722638995,1.18157007160265e-11
KIF7,0.000282368517820269,3.51488779362759,224.510223165213,4.79643251675218,255.346437545988,3.76997956431865e-14,1.44017058808718e-19
REEP1,83.9118556848725,26.0844056348665,33.0325330976751,0.0244036518152567,85.766490020546,2.25869864140793e-26,1068.11129935422
P2RY11,0.00336030491256276,90.1661549398081,363.034014063054,10.207424778565,164.223579427929,2.60917817669237e-13,0.0530177780592637
SLC2A6,0.00032288181385155,0.840024637351452,168.716620861304,35.8415617497631,0.314360713504833,6.34607259913384e-13,143.708417532421
CENPV,159.198062036194,75.1297909767868,142.367274393031,516.03556410857,1.21870395939598e-22,436.816885436382,0.00191254151342372
PTPN22,1.29441409777067,7.81881512542923e-15,129.963301071577,1.52753089513184e-05,0.00354120857367905,2.15305943480275e-10,4.30753968709749e-20
CDYL2,200.082224293155,305.5489406504,47.1208061319681,5.01426923832415e-13,1.78691988674315e-11,3.06934957679229e-10,2.22209629289257e-19
COQ3,86.6043842821582,522.855820522057,9.12396833321364,521.64031909176,0.000297716433230283,236.766699278152,1463.09454492959
THEMIS,13.5369106298762,6.38050059688204e-26,0.0633128708196816,2.44668064288592e-10,2.64576775086908e-14,2.25882311198874e-19,2.87593634161585e-19
RAPGEFL1,0.000864491235453936,4.49068637845671,351.384768451619,176.663190855223,228.625808452241,3.90171803916269e-11,3.25305782799163e-22
LOC150381,34.2930449332131,88.9910387636985,92.5268221766154,187.885632451442,0.000223400338225939,3.97243582026385e-05,1508.91259975548
POU5F1B,1.38126265926993,0.000245536601073991,306.417687577835,255.503421778021,83.9229104928359,5.89559829642373e-22,3.21492023962193e-05
ANO3,87.2348355795144,1.64636563458584e-09,58.5697284601181,2.07365757148215e-11,0.000968405275416288,346.658508618843,5.6612086272479e-10
DYNC1I1,75.2891932345769,68.6923241628304,7.11820564087686,1.86829508494868e-07,47.0925993602793,15.060627774046,2.06363160728613e-08
RUNDC3B,259.37921687749,4.12980035481687e-25,0.00132038997957972,226.252829890429,1.01467045529532e-12,168.231752916118,3.28517466079299e-22
WDR17,268.046106230033,120.274167510589,120.987713854687,241.494183457204,7.00489395803495e-19,3.88177116106185e-15,1.95103125050817e-06
NFKBIL2,32.9885466185357,4.8998975004665,169.113185355675,178.990383649795,392.454872156497,200.02428470456,1.29182707474048e-19
SPTB,34.043672091891,254.762972321812,285.498778941453,0.000938457728345336,143.340549680808,1.0995515494179e-10,2.54341890590992e-07
GINS1,122.260432686449,49.5604538231751,0.000286247174882841,251.293809075271,268.700045025691,207.183492056928,1.29052101321131e-09
ECE2,36.5596487074256,41.6712198620427,0.882780100437361,212.5643603124,124.542675659171,564.793814397435,116.740632318015
ZNF662,2.12526606459204,179.464644460645,355.004118292086,0.00970396752898838,528.445500117841,3.99879938796271e-05,0.0411659573151691
TTC18,76.0471568464193,74.0421520831008,334.429241324587,0.822203141785856,66.5132040698317,5.13590871751521e-10,6.39731819013333e-17
ADCK1,82.6040189667621,505.77456613634,160.657479477815,0.0406605721832063,76.6930744886647,330.092886444903,410.847750735308
LOC723809,208.822927877849,3.8111658979791e-30,204.59843704809,238.085126443131,1.08724543610445e-16,1.24262461404963e-06,1.98760046904377e-23
CDC42EP5,1.62297193789844e-12,2.92371597673272e-21,185.480489197297,347.882788775199,1.19321562169508e-12,1.68763473387254e-18,0.000172063907278562
LRRC15,5.33137987476083e-70,3.49539365678377e-60,1.00705276161218e-74,1.09532912480152e-47,3.27102505454054e-70,3.00625883246909e-61,2.34521719787221e-63
NDRG4,260.819818795165,782.966696104646,3.39532083206452e-21,1.13998962876336e-28,9.41122657698822e-25,804.027847632069,7.09613353170268e-10
MUC17,1.68298991413882e-23,3.93757174732269e-51,4.43603995563083e-61,8.77851218825437e-28,471.485283526817,4.02546843177527e-104,6.00055891315763e-36
C5orf27,2.56490014312415e-26,8.60486829095319e-23,5.65942337984211e-21,2.05175708063145e-16,4.43368131816198,2882.36635146504,3.57932872475722e-30
TMPRSS2,3.85555241589467e-39,7277.1293268585,9.3922677853347e-37,2.21889012331206e-41,2.49013516302857e-34,2313.95619309342,6055.72073258789
SCNN1B,1.87920825358852e-72,2.35373895215548e-40,1328.39135584057,1.27350791544853e-20,1.05238374754109e-20,1.36384782239479e-36,1.2851543463376e-44
CLCNKA,6.58084292558373e-64,3985.84613780768,5.44551663589877e-33,4.71561699064187e-44,7.54187537997763e-41,3529.78675754538,16416.6139433488
SERPINA5,5.59937717011501e-09,3543.6283212292,5.58830788420242e-06,2.04319821351267e-21,1628.32889377352,19902.5537490427,32.1039134926834
EEF1A2,438.536364730447,505.050449405857,5.27469575606999e-39,1.0320012247199e-17,2130.94447077634,251.594841526172,1.10450494139172e-13
PAEP,4.04502337337648e-54,9.25473831466805e-49,1.52114585548309e-58,7.11068808417243e-35,1915.3370284755,2.12149141599577e-45,7.58284199688619e-36
CALCA,7.12491469068263e-97,4.81633016902936e-36,6.38873712850135e-79,6.18069758330739e-55,2.78713108514687e-78,14974.0835137703,19784.3639251728
ALDH1A2,2.51256844222454e-14,2208.20512552092,0.757086585531538,6.40292983579263e-23,7188.77197070026,2316.52393962114,1762.61594389981
APOA2,3.61861451972275e-45,3.05320948881906e-38,8.54608723740369e-83,2.68607049867975e-37,1.80582628469126e-104,37021.8329813968,4.1571627580469e-18
HSD17B6,8.72070034158395e-57,8.42352543883425e-33,2.70046773918858e-59,2.20163821720376e-32,2.35658560156624e-59,37352.4428217192,2.71354272409011e-18
ALPI,503.354113123909,7.64658084725418e-47,3.39230906389291e-33,9.34037255414068e-27,6.11486361576374e-21,1.77979126040212e-06,3.50648311875119e-26
CYSLTR2,402.201535895587,15.1043350718724,3.12453168001557e-35,7.52418903998956e-37,1.40812580297329e-07,3.1907920564383e-19,1.19893278528219e-20
PSAT1,238.858597972915,1152.81394008262,7.22056391659183e-30,3.25708142462724,1909.42567374505,5293.15567171996,979.937321226579
PRLR,682.656239838945,6591.79002897992,2.15291289443413e-25,7.24015791366319e-21,3.83015844663405e-28,3.55955256482545e-12,1.95664107577439e-05
PDGFRA,35.2611106133686,579.027062290281,2.78719011468424e-13,9.06793493496359e-14,8.92608755128893e-16,6.85384953841186e-14,2.25702993714589e-23
IGFN1,113.45719944781,464.017820522279,2.05250526557045e-28,4.1211181382436e-08,851.569677970979,1.05951594207736e-34,1.65482471906347e-28
COL8A2,94.303993954408,0.202255221288791,3.07201486483949e-22,3.68048139408301e-07,700.948142737927,1.4176157136191e-33,3.99495158719589e-23
NRN1,4.53503467803229e-05,112.020859848121,3.08574168296285e-07,859.647067349819,55.1401347350419,1.08558464076603e-07,0.178392775923909
TUBB4,935.990302146002,1170.56669533412,1.20853847524252e-21,3.03970438547527e-07,5.12440557352932e-11,0.0314587013236083,5.19482256690425e-11
COLEC12,1.0869736545234e-10,3355.90113694587,7.80614462067136e-10,62.3331896268973,2.72446909829758e-27,1.1340523611584e-10,973.572761188835
ATP6V1G3,1.44953550175949e-100,1443.51845556732,1.83327129001525e-70,3.12282758151928e-30,4.43397858961091e-69,3.02677128006682e-28,20477.3510313511
AQP9,3.04054181889288e-25,0.000809905620493308,4.20537410326143e-27,6.37834654970963e-19,1.59261026035232e-13,8997.03269768258,3.97806200907442e-18
ATP6V1C2,9.6997927244027e-28,5636.02757381887,4.62676205521142e-08,4.10287010257675e-29,1.65808331268089e-23,1.35406756883902e-50,1903.21088763958
DNER,2.04272090123743e-16,298.753418318958,3.18314567097534e-45,1.46117597920915e-20,1921.99539228464,1.39642107733426e-07,587.202757703172
HSPB6,1.53681104940363e-17,7.063455051562e-19,0.00355528386918598,5.01627418430797e-12,780.196352199597,0.000516636095912857,0.000411855982090682
SYBU,1.39638657436325e-15,650.730105054887,1.28212753792452e-07,1146.2749166906,1114.24499600877,3.79510335737264,987.299536284158
PRRX1,4.47427439061836e-06,2.66676819505019e-37,5.57665719398894e-19,7.44079885540776e-19,3.62606674474824e-31,4.6066808632285e-29,4.39812543990524e-29
SLC10A2,1633.12372527044,333.799492108446,0.00303677695764157,2.28426345420052e-06,5.02290540480393e-27,7.24172125675273e-40,1.29254350604631e-17
CLIC6,1.58012050424566e-18,390.496818973626,1.8633638841722e-24,2.43851346867744e-12,1287.66308508796,2.83228480789074e-43,5.27204373333136e-06
MRPL41,66.9075450545739,4.33271627469576,560.386299694802,1238.33462265016,0.254471210216929,0.0171441905214563,19687.9690237632
UGT2B10,4.52541424363763e-39,3.37897942508575e-35,5.39714642359212e-52,1.09363785380964e-33,4.29899549027308e-68,33653.0028099602,5.35546638533534e-19
INHA,1.04837826836162e-62,2.27263922736561e-38,8.45594068047197,2.09576806798981e-21,4866.01022130644,5.53922500699191e-22,1.654525874857e-38
CDHR2,1251.3521465837,3.03411801360316e-26,1.73817547417404,8.16406365932755e-19,409.83500105262,1.70191029783866e-10,6.94641266767677e-23
DHRS2,1.7438353043646e-35,3208.44658765496,4.19737760523122e-29,6.33539290145329e-38,3.94323228532766e-35,9020.79723003186,0.261707542866383
SNCG,9.33655198129306e-06,3.40196674065535e-06,539.587060896964,706.64698407513,991.938403484609,2.25705461968906e-14,658.800834822904
SPTBN2,3.10728859237922e-20,6279.65808083962,5.29545637751293e-19,1.01181755854667e-08,1826.08914464963,720.417849526997,46.1615406194266
MGC29506,1.10456773701165e-40,1.15521369332663e-29,1.25831899576424e-24,8.22810442445894e-20,316.550634411934,8.82740430496898e-18,2.20782356130913e-40
SOSTDC1,204.324226545399,2.01611682555665e-18,8.42408797350115e-38,3.3158675445744e-27,2298.57198136983,0.011935782124249,1.03273306690415
C12orf59,6.26484562435092e-21,3252.91727023293,3.19687814062607e-20,8.62407085687192e-31,2263.39296762922,0.00779473190674766,2642.30143059264
REG1B,3.39285991398045e-76,4.21186894302625e-81,7.50863748933188e-86,4.34253831321467e-75,9.59864693306188e-05,1.07171091600041e-38,1.71821249266386e-93
SEMA4A,213.298356677133,664.074236130573,591.123660436156,7.21754473928174e-05,462.584559138238,6.92495579868009e-18,3.71627948002322e-15
MYH14,670.320403985612,4607.23192049255,1.94596199351879e-05,1.70422198700988e-07,2528.19610444836,4899.84311020045,3.66637915073545
CYP24A1,195.8044362335,184.593094407991,1.44224523939373e-12,738.722100110099,853.313671413467,3.30240581259147e-07,8.89919692436623e-18
USP2,1453.7339311645,1235.94845122352,853.382792944444,1.71924587301458e-08,1.39002434107383e-17,2714.95589480175,1910.94955778371
SLIT2,2.29082286625501e-17,5951.33223034769,0.0152125155971587,4.57242633782256e-09,1.54872495967322e-26,4.80443139086704e-12,4.88737689770903e-20
CREB3L3,556.906637227728,2.71838878769755e-40,894.681938952046,1.53824215578251e-08,1.51233941093856e-32,6668.63612048541,1.63161097022652e-28
LEPREL2,1.2499479419217e-25,2.14214335302256e-24,1.59998369521778e-15,261.628917442792,2856.53457487401,6.81477544252999e-12,8.84295033165266e-26
CCL21,4.72580931998249e-32,815.256298256557,3.18276513210165e-08,8.69573468299966e-20,294.397469209193,425.454234000364,460.138801045013
DNM1,1010.76208166472,514.711218218579,1175.03455028735,256.961096445047,1779.74928444028,9.29533522734968e-19,2.89336907176983e-20
FIBIN,1000.86008323279,466.051590873064,5.38001556912629e-08,2.16367736022169e-07,1536.19981179214,4.27946206476416e-10,1447.84357350004
LOC388387,568.786961319844,1.20273851118186e-43,2173.42861188324,2.58395048133485e-18,2.35539430954064e-47,3.54308493159279e-48,1.47815158756382e-32
DDIT3,42.2291694785477,4392.10346979562,1088.71281929608,2731.2880761882,24.4885047935068,9.03913187880794e-06,5438.85711853705
SACS,601.160956078554,72.3495162282011,866.111484980892,19.5026519561677,1081.05254864622,8.90156378836986e-17,7.18438754556647e-21
SERPINA6,1300.88232536935,1.63614271199787,83.8676009703408,0.0539600929875146,1.96728413417041e-18,14615.0527428612,1.5743695286664e-15
F2RL3,2.51280833873372,0.00602627282442298,4179.6244062199,0.00364703719066535,2.32823104724408,6.59615126217347e-18,8.43446070085859e-05
FTCD,1219.4606806707,1.21075615742e-19,666.83705215167,9.19610339270839e-16,6.22747146885901e-15,563.780871518859,3.53076221173604e-14
NR4A2,0.00125287424628969,248.777667027034,4293.12223500944,2.2992969522906e-06,4.54172173183493e-13,9.55000128397764e-08,74.895648193102
PKLR,1692.70886014387,1.70905874706323e-26,8.14998109950206e-15,3.57254482239492e-20,9.66474020046372e-17,1504.49430431007,3.06411906191461e-19
DCLK1,599.236455150193,1596.01222999267,2.03348134181014e-09,1.89679866223016,4.07866441349586e-10,1.20459687371373e-11,3.16343771069238e-33
MGAT3,39.3652422995864,3.98222707028206e-25,63.6639154193505,3.03295851481299,89.2284559753578,9.84501223878785e-14,2.81391516547423e-24
SULT1C4,1908.62266263734,623.201291455741,161.327078454722,4.37120471024699e-07,39.8552427836719,1.3620863703342e-12,3.99765155304696e-18
C5orf46,1.26777662881766e-30,1.71505462226342e-44,5.69798374234498e-13,1529.04479900289,4.2663689382566e-07,4.31050757840764e-21,3.38255959861654e-36
ANXA13,1270.59866263154,0.00863215036877678,348.804751122737,0.617015452204523,338.61471073715,573.135482572612,7.34551784469181e-12
RHOBTB2,1216.35548616362,1887.32873413514,155.39040541803,2.50405302756345e-06,342.428406058168,0.00282621596681783,7.45799177075318e-05
SDK1,567.556628515864,269.508220119421,2.62296146056622e-11,0.0163845376896758,1508.56365030893,1.65450175830147e-20,5.08567017956652e-18
APOM,1354.65806188772,1.7132740616829e-34,696.830346083313,89.1708049846926,1.15652090695261e-33,9341.80180069077,0.00313265582452713
PPFIA4,179.805309291523,9.34596162305052e-31,3525.13959477795,129.719240945423,1305.19497018872,1.20734729912247e-19,4.22283385758212e-33
TNXB,4.5266027136167e-06,1.03996545148201e-07,3.59813918000789,2.55603317704978e-16,657.094724443243,682.796700540281,1.43544884299015e-05
FREM2,1812.81432628574,373.114302998455,59.7139657995682,1.49304500986353e-17,1117.74342601717,6.05771608647936e-10,1107.31598719337
NXPH4,160.192926302747,5.91541385149737e-13,798.997006369281,1006.24325257932,4186.05380918134,26.0603129303255,0.0476944736830859
CD82,0.0149043818789671,2481.09546239534,0.402044587550943,2.38571109953534e-12,1906.15659644968,1287.73278564357,2296.73361254674
SHROOM3,369.864393958212,4780.04054237315,32.3397911982218,0.00346226983370082,2859.50730311277,2186.50795530646,1840.22332745936
ALDH1A3,478.022565182155,2318.13852600839,5.9241199477856e-14,0.0123031184868526,753.800702830071,4.04210633799129e-05,2103.31794484205
KIF2A,422.327994197662,339.521683068279,1.03273859046952e-13,1.67001656251593,458.145328788961,4.71992538774498e-13,4.1631064575081e-11
ABAT,1505.08144150409,822.912670963536,8.7180075123974e-12,8.9282810453033e-12,3.73092723203372,18374.0767431188,25.9739698147491
LAMA1,1326.66202842638,906.051778614655,675.119591206897,75.5836884107556,1475.03691113356,1366.14250518799,9.43826177869827e-07
NKG7,1.28399971569357e-05,8.15421969222652e-32,12.9130920127589,0.00168410707491565,3.68161748064475e-12,9.75829215182688e-19,0.000492726264583893
PARVB,1.04007721553539,3184.52650490136,11.1196487230536,1218.23269349902,6.22278954796976,0.000218183870451432,9632.72286138034
DHDPSL,1149.32313066616,432.700608907335,1.95329674387375e-18,3.72214004758898,802.96902979179,2.19854471872701,355.666839748158
GGTLC2,597.588535209263,1.44974415235299e-35,978.337174209087,5.08699606628391e-05,7.74474562550448e-22,5.35179378029919e-34,3.70897629896441e-17
ETNK2,1377.06978454947,1.10728437820847e-15,0.0355330172600596,3283.88255029593,9.63092431426757e-08,8324.60609260629,1.82168231438155e-07
TSPAN13,44.5337206943415,334.325187557911,1086.05752855973,1265.24997054345,1431.81297437176,580.95121315257,545.264663892694
RBP7,454.150859692875,1.67316235725962e-21,2238.13173309088,2030.5004160231,7.39533343207138e-27,6.75952057145622e-15,1496.68557777873
IDI1,715.572057052722,4.04744233955587e-07,779.950774164602,21.9349572086663,2.06543976608594,2557.43386372952,17812.8478316139
RAB6B,426.271643315766,875.430866519011,2.33790682412553e-10,2.44481782199363e-09,2304.35246053481,1196.04206708734,7364.22934813394
CCDC3,2.83115096442367e-12,1.217265764986e-07,0.440565452245929,0.122565824296753,120.651835511728,0.00208767973883017,44.5786763589252
MAP2,221.211399349394,1505.59111956288,766.750905231754,1640.06712413332,1669.92468638867,1071.77321205616,0.0039838578478383
ITGAX,0.373661637821177,734.241810328926,1310.86638260411,4.45110557218615e-05,0.536736203840355,8.05490747082876e-09,2.24014372453231e-08
DUSP5,18.7245734110646,1.1842842642728,4266.82828270666,213.719605489331,2395.06929097051,8.49878221149726e-06,0.00438775700469949
SLAMF8,6.25932543126816e-17,0.386679627690905,2.79433166013885e-12,2.74763172427341e-13,0.0117842176115575,3.16718790988753e-13,2.50259288396376e-06
TTLL3,1.48326080128155e-06,409.651012741685,3322.20343816291,97.6211245858821,2583.41222925431,1.15386998732119e-15,1.69192054521227e-18
GRIK3,179.428647083571,1.12396362099845e-19,1743.68608664673,1.24617606981997e-06,4.82823419994897e-17,3.08806239549236e-18,1.50456788127106e-23
CCL14,3.74726423097964e-10,5.13258527145056e-19,1484.41208131168,6.67825292429951,4.97390690284518e-28,0.000511898167403502,1.57992633820711
HIST2H2AA3,43.3350089809452,1.05985877421717e-14,322.266068337271,1901.60841730158,415.775028336655,9.00788549038336e-05,1700.79470760036
HNF4G,1218.67829721664,5.60627777807466e-17,7.22159322228835e-14,22.0780608742732,1.15726383488475e-08,4.35372817649263e-06,1.41732347666323e-15
GZMK,0.000171997278600325,7.95792365286248e-37,0.000308879638999757,6.52584495610543e-11,1.12226264419111e-20,1.31865966782537e-14,8.64583798258704e-20
ITGB3,384.870169802657,1353.2645175584,0.0608960624366967,0.00385638741884302,3058.03763918762,3.17215115811107e-13,4.29978796401371e-15
KCNAB2,611.991985703927,501.537609553126,0.112185976668461,2.32810079885491e-09,408.18114875423,0.00114856337017934,6.60745570112918e-13
KLF4,578.883207480675,0.519522728127716,5292.54035493762,2.33180805826547e-06,1460.5075972415,2.70009457786782e-07,143.392491669713
TOP2A,330.341022744616,0.878206458062308,3.07213367775019e-15,455.417621806161,1407.15935413886,1147.2329211847,1.40850809536708e-20
HAO2,1695.0826587735,2.11536370348162e-29,0.0534515709326133,1.12458057444173e-14,1.1182240252224e-34,7692.33213081288,2.88357913068493e-18
ATP6V0E2,727.784593147664,2434.17444409126,1.85578979010573e-05,108.934321155021,1479.48295945038,4162.14877479895,7201.24130102258
GSTM1,451.706548598147,318.114809555993,757.081850239212,393.54279346758,622.924162151276,5398.69212851054,1093.93359512038
GPER,1282.10737439011,3.63048820244566,1349.60174470161,297.060451647704,2.04119900405685e-08,8.58960790556765e-06,1.067181758083e-12
SPAG4,298.876236435284,8.647280236266e-25,540.27619709032,2689.19526978622,419.368474084667,3.5528315952098e-20,818.73072257271
LPCAT2,183.018064525354,3481.17266142121,0.0262140369769037,0.539285060577237,289.538204485558,1373.39007826762,2839.53376111518
CD3E,1.65052126233812e-08,5.39348000882992e-33,47.6308740169473,2.86910887660865e-09,4.39963198684242e-11,1.77557177524582e-16,1.98924111131553e-21
AKR7A3,1165.56862771789,7.0011189168025e-33,4.2796801190514e-12,0.0176731040384808,3.04543636879842e-30,2373.52313539291,5727.14687182093
FOLH1,108.741847038121,1.28818801387286e-17,1183.44509891096,590.746618682042,0.000351865417415664,288.448519833155,4.44184006716445e-18
ABCC5,107.252466967526,4943.40957819094,2140.96876663787,13.0806217839411,1224.14039716718,1.26646394743114e-05,997.003475627939
KDELR3,160.422756339362,0.000412147468300359,3.87974407461759e-23,580.332648662731,1336.14313748032,0.000384652331352754,1.20863667372718
DSEL,1620.99730019019,1.86617996864859e-20,4.40989648556953,22.4705169637122,2.73972122377028,1.75212276864097e-07,1.89779720977699e-18
HLA-DRB6,365.791248788602,1.88713977869789e-23,95.0658068206537,676.625976037232,4.1778296479475e-09,1.32820041776428e-15,4.98011486560609
MMP11,7.56602409205376,2.86951475231737e-29,136.318829127259,1273.61649800112,1.16147124482661e-07,3.94697411037698e-15,1.2423143075286e-19
AHSA2,13.8278550818591,615.706736265224,3392.20724863744,309.212469995306,1003.22991712882,1.72141705204447e-17,2.45755352913547e-23
CHST2,0.0155902041965609,1547.70664554214,1206.89844361559,6.65454481795006,15.6499862513336,3133.77157053184,2338.44147979771
LOC100131551,427.021256721547,3.49408597279377e-33,2997.58079393687,2264.46125756833,6.61704446561319e-21,5.90829741500316e-23,6.86928029784488e-33
PLAUR,0.000779815345637315,0.00232011439600579,792.926065408428,113.029352380878,2020.10607350069,1.29401744938658e-12,1.39709438687798e-06
LAMC3,134.464968230613,0.000350652975622199,861.792546000065,103.590132328894,0.000386048918216689,1344.88728327672,5.3552071547771e-12
ECM1,2.10367730467281e-18,8.48659029051086e-19,201.894134218412,0.691311940811919,997.644572529672,5.60469738600926e-12,5.94829105519298e-10
PC,1154.50485077195,327.290986192569,1.49464731884236e-14,6.2215664246614e-17,493.567408248941,8328.89360552237,6.14719565705254e-11
ABCC2,1190.8358911284,1.40185049984353e-08,1.62160934051424e-15,0.751918021370357,1.3262652843986,1785.20012360976,1.65224293621521e-20
C7orf41,1074.99250519835,2809.73994742503,666.487626454832,0.0149169506500379,3876.1136045189,543.519511330938,3418.32344770153
PHYHIPL,1935.08220223517,3.84646082055338e-06,3.39143591331479e-12,0.00324556183369272,4.20236049117715,2.34404534116825e-20,2728.84055153882
KIAA1737,609.093108709599,5335.27871220376,714.112928992173,0.443525227801742,0.0007250879154767,312.072815421297,1891.69553160174
LACTB2,1394.4528067094,1092.67633899081,1.31236981420873e-18,791.942991880246,0.301933087657251,7.63272829038686e-06,3126.27414856955
AMPD3,73.0337570569353,5230.9915106911,346.459212913775,0.128655282122666,14.7762102726089,9.12510796626838e-05,64.1900078822981
NFASC,0.0526766854112177,0.0323209413749936,742.216101569953,4.20588299241545e-10,853.15674470518,9.45795576092242e-05,2.92121074108015e-09
TINAG,1979.8716152072,5.02094422758761e-28,141.637146992115,0.000229974049916208,5.35167933977116e-12,7.25041602811718e-33,1673.87586234651
SOD3,5.89753207404031,5.56994649062093e-18,147.622627798076,5.97188289145759e-08,2111.8359639965,4.89343493538707e-20,8.27162627158819e-07
PTPRD,1115.9867726517,1245.1583431791,94.2058155401075,13.9239136544548,1086.80230571635,6.54441014314027,0.00137870740166998
C22orf32,502.723172532484,475.132144722726,342.827188702062,3882.80837297538,5.53000520709087e-06,331.355159450101,14984.4892319884
LIMK1,83.4682583126527,959.981123867742,2.89550766590462e-06,140.145063076064,1734.6975035987,5.41355261517411e-09,762.169699884213
WEE1,444.576594309698,120.826056785064,3524.19310049067,18.1277811951637,3743.90441674979,907.106400077854,0.375288727431709
KPNA2,553.348497583475,402.926279283109,64.5985550999824,1229.76915503443,2210.14592548136,3674.37028039337,0.00626434204734174
NUP210,459.956970945279,1296.306337433,100.232989921746,1.15769450829014,1385.68833464398,942.325775622373,1.58034152556783e-07
CSGALNACT1,0.000186075979525247,3443.48904024809,488.599406159238,100.543579483711,1779.81670724032,2.02212286002727e-47,1058.41331931051
CLDN5,1.09129289249407e-14,1.15458421603746e-19,1309.59346989814,772.442446526004,2.54225110688824e-19,2.49873313638633e-11,476.364092746168
CDON,1379.51647625745,3.40459465640074e-11,1387.5426523697,418.380857427979,3.57853392116754e-20,6.46451472335248e-13,3.77250196842031e-20
CD320,316.260358605649,0.00594712800985475,682.000898535887,3601.21020642478,185.675436323985,7.77373840436339e-07,12386.2210467138
NOV,0.382491896586832,0.00628172702189257,125.875804658259,554.932759547659,1320.20746892009,1.74141925600197e-10,424.143116477768
PDE2A,443.244588332431,46.4305104487758,1869.69701208698,9.2141350728672e-06,6.74994110757601e-16,9.10854252257013e-07,290.173607480758
TRAPPC5,0.0281778134985712,2.20582422943395e-11,559.638535128627,3133.70465120932,0.000167143102571123,9.00980871912092e-12,8524.0928630969
TPST2,1.17172110213012e-09,1958.07751127734,13.6699806230487,708.658432018363,2.05501961056533,4142.97162753324,5895.33948377064
NPL,537.757568331765,401.492866679208,2.05327644733042e-12,1.20943685516655e-15,2.06232872048626e-14,1.50488875874556e-05,4.22156537372467e-07
SCAND1,32.5544161927251,6.75592089144256,1342.22099054916,3818.05802751553,0.768291555161933,5.33119899881652e-07,6582.26155407362
ALAS1,805.928579418838,4720.49624910033,76.9030480629798,232.456441217612,721.087954470484,6271.66708745274,4074.49907050893
C9orf123,626.012764580017,819.553103307472,12.6345071286498,3591.34974670515,16.9934510405214,7.51380543120106e-13,14796.6996140111
PLEK,133.97992766346,228.21803484008,0.777509145440751,3.16544029379188e-06,0.0658556044902115,1.80310102849296e-06,13.8439192222455
ACOT1,836.543445837562,2334.32783207756,819.743353188985,272.692293029068,1.65016068686399e-15,3086.66815198629,8256.88004727313
CAPN5,1052.78203703794,396.299345388992,327.790706599655,0.535842959353681,1422.52585014315,5751.10714486852,11.4077177143752
SUSD2,795.527249938044,3.67357082043575e-29,538.541060083897,12.8595633948387,4.40313888476603e-09,1.12971908230710e-12,8.44174621880272e-22
HIST1H2BK,781.078997594113,0.071831164266537,0.712453170933506,3757.46280850019,0.00649352373629331,1417.13286413698,4.12932217591404e-09
RPS28,18.8642084410965,470.342253094308,716.239807790818,4416.98117189206,0.671288759183614,1082.86492337848,1071.82513132087
ADAMTSL4,11.6126242207726,2.50613857242466e-07,827.170142013926,1348.46179991263,955.89556665615,1036.70775194725,1.65413214764873e-25
PLEKHJ1,469.041844551277,1718.98451924446,767.713543907789,1564.67538190701,211.909088819896,1.66707673882201e-05,13073.2983145911
ADAMTSL3,634.093518392675,4.29611561811857e-09,0.182294846370221,0.00285191898606797,429.026406069691,925.452579744203,2.7753101518292e-14
PDLIM3,1.69088242909139e-05,1.01086608913422e-15,396.64720580036,15.4899670731337,8.94564641175959,6.4681367531181e-13,0.185208424174361
TCF19,452.405082908089,5.70530148151532e-07,478.416743031842,933.059816624451,559.451745516093,0.754792742151497,2.7166231050507e-20
NME3,2.49554349310225,8.21238858187784e-05,1212.68797929058,3835.5338450957,563.875215785153,5.5897525871783e-10,2689.86986031814
MEGF6,535.124457604779,9.65790033384325e-10,457.98267819455,3.94764392868749e-09,512.560871359679,2.65165965529115e-16,2.45271455706038e-21
FPR3,544.534732693578,2.1767483315066e-10,0.00656610502939648,9.44642192308548e-06,7.12794959141152e-10,4.35311795648167e-08,9.48868045732283e-09
LOC654342,372.05008915253,1.25475699129157e-21,536.166325635174,2852.57638635066,0.828342944252117,2.66115221722689e-21,2.17442724576348e-05
CGREF1,1038.11231018294,4.21137008991898e-34,786.42375384862,1945.47164632944,3.35606569316173e-13,6.96501409667582e-14,3.44621885454454e-28
FN3K,1393.53224723328,2037.54457460646,8.86095428685538,1.61819877755366,0.903735044646347,1019.8383531348,694.197635239205
DTX4,865.384025939906,0.000594237519466317,3.84231661816951e-10,2.14938816252133e-05,2724.2476406994,1803.7311218121,3.23082685381345e-16
HSD17B14,898.415635579164,440.896365896262,810.079537612245,2573.77630670599,6.95553139584473e-19,0.0881856194097353,1072.94629824118
ZDHHC2,675.322918177609,2011.71490232702,0.115673293783813,1194.50909324122,1318.46859930415,3.04351276688175e-05,6156.32183611623
JAK3,4.34470442476454e-15,5.20251123610797e-21,975.552853205973,1.18686902432241,575.621636718778,5.21232353266694e-16,9.1043457113077e-24
HYAL1,1210.6741384555,2796.18924221506,511.07501872581,104.990913629734,386.481004758303,8971.65902513209,4425.75949388356
ALDH6A1,1604.41030322198,1974.94775459886,24.1468967351011,9.90935073516145e-06,4.98681680661005e-11,5385.74844548209,0.00849735511879681
SELENBP1,612.656956835022,2135.61040360049,1159.43905874569,0.12314228332679,3.25978974676294,7429.19987129275,5901.24476154143
TNK2,48.6221103044679,427.146263450625,3057.75054834041,640.28404753407,106.476576590224,5.73365229062779e-10,4.518417423686e-15
DOCK2,134.32708153044,1.68382563360506e-10,0.858116527390592,6.99899052264281e-11,0.0179234417091631,3.93255238690287e-12,5.50735617711914e-20
FGFR2,1216.80934579687,1008.17048500695,2.46090060904118,75.8486314764433,1955.97472471172,1225.61612435461,6.64606262181648e-09
HECW2,551.540319235548,8.44048257582463e-07,587.527564742162,5.10764894521203e-09,5.65044382471047e-05,0.00168153614841428,6.32408282111761e-13
SERPINI1,523.020828769546,760.307769437258,1078.7290938589,420.538880266299,2.36330216345189e-12,8.08245495928976e-05,10159.0306890381
NT5C3,887.896500254882,270.624986876088,0.0570158130869373,3545.73194038266,0.0196073971520332,4.16599200693228e-06,5.70868754983048
TNFRSF19,1686.10703083909,0.17316615374166,97.8824459271339,80.3005441650555,1084.62329741774,2.30230424114385e-19,2.88662490751591e-06
LAIR1,1.60310681278578,6.21420600836526e-07,85.2239328962673,0.00980988719798372,0.00172187196880801,2.07189792484025e-09,2.36306708825417e-07
KIAA0802,570.236231087027,1.68254320472006e-17,2384.22862868086,953.573128994354,741.650517777727,5.24599493831811e-16,5.57039507236468e-28
C17orf37,382.215961448255,1059.22093548323,1.70747055677961,3964.0298812292,1.48506763007781,0.276176753850899,7789.38912537126
MAGI1,288.707017336563,3714.72468515608,1455.27593570288,2.11460563713023e-06,1.02445166141073e-06,0.39070824851908,1.74233634815402e-08
SOX6,1624.24378689508,1744.31214167244,0.0144071187534252,5.05305491394186e-09,1424.85500236662,4.89049299890323,0.0644229658633342
ADARB1,241.84850426602,0.36382246823528,965.940576587701,0.013425417023897,28.6214309785028,1.45605874811937,2.34449408405873e-10
PLEKHH2,534.474336458546,23.7611610545812,2196.99233428632,111.176703785966,1375.43666417334,8.26472900329148e-33,7.56854657903313e-19
ALDH5A1,1946.95605420702,1678.45397781279,12.5424250206484,10.2273215554743,4.26813014655667,3912.50298789266,2.63256626966488e-10
TNFAIP8,888.766892405389,0.00399228571626816,0.00176668783112562,1424.71627039956,14.7673472488174,1.64846859776639e-14,7.80049684800387e-08
EDNRA,61.8697517131986,2.4355065561333e-07,762.355679288891,27.3815702627926,2.24436753732007e-14,1.73813561985439e-07,0.198733626511612
OSBPL11,948.088824985216,797.711061664693,0.0253572104476752,115.605160912463,294.260476954657,536.027215413667,19.1418954538827
ROBO1,117.158816572565,233.732697945804,1468.28962516514,9.13967532888475e-05,0.703616413992361,4.66305197287742e-08,3.05541226949008e-05
ARHGEF16,1210.91190674203,6.4151846411732e-05,2005.47883415083,363.083904141824,764.044317776549,2.50131645615177e-10,0.0512447174927551
DIRAS2,1919.8962040481,1.85782674017053e-05,84.0512831598675,50.9037722451305,4.96878569364769e-14,3.87273912767053e-16,1.27139819104047e-14
RIMKLA,1740.8264391414,2.19816149553096e-23,41.3767750075853,0.273415389922446,945.087662472761,5.0941768916286e-14,1.43021270128593e-15
SLC45A4,885.302995437129,780.15425265444,972.626272491621,9.45214479121717e-05,1718.57340002676,0.000189272764103651,4.9113389475159e-11
NUDT12,1370.21795027296,953.534815424767,2.89049356107826,1543.5512661006,6.46792742252555e-05,1014.1761176207,10177.6483111401
ACSM5,1747.37846674867,3.34972590389007e-13,15.0867316337059,45.0233708571548,6.83803705856058e-06,2225.70550324864,9.20442649592906e-19
DOPEY2,584.23464627284,816.750644775032,0.018152025283038,0.000377104279867522,1136.93963434572,1412.08486646224,131.789141131263
CLEC2D,1.72238514900418,74.4419961974099,2041.76728319051,2225.89808786176,0.012553660942031,4.40044735401883e-06,0.00194652551424459
SLC25A37,16.6812702712783,154.524577408256,2944.921927019,2125.35409098971,1224.59656181095,3.99658789204828e-10,7.90427708080615e-19
C19orf48,144.629511277005,2040.81264053944,677.74214368786,3859.59466284304,1038.16145134737,108.849595231471,3872.15116996413
PLAGL1,450.058845180756,1.22113453739665e-07,2411.18636254649,15.1833525905407,1559.22138738004,1.22251519846097e-21,1.45985370935831e-19
ADM2,1736.08452408679,456.634979013481,588.268576328955,0.242977054218042,1.8860004005627e-06,1.58070500596206e-14,0.0342813634239827
NUBP2,379.657334259715,30.1365756951654,284.950133148375,4150.67359878673,51.0999893040397,353.474637418047,11716.5368419457
SLC46A3,867.675027812375,1532.49898300736,58.3620443723189,57.2798567767762,0.0873650884877937,1762.64153431048,1176.50955403412
KLF2,378.122170048494,5.86166177289955e-15,3586.38334813012,8.89425347393897,1.1192293962406e-13,3.40571459945922e-12,53.100135091195
FAM107A,527.625649458978,113.132693549067,3034.49132009368,646.859309882821,0.240324836402299,7.2370750838285e-05,789.485510495647
TMEM38B,1852.30748807928,771.318763439612,120.844313306462,2011.93127351708,5.11766131807581e-22,702.949068869809,1934.96366957171
UBXN11,109.686486140691,1.26923390177615e-09,2315.97867369562,190.657264947077,1134.50898823393,3.8487498134039e-15,2.96067758578121e-17
GIPC2,2120.21455271851,4.98217567121098e-26,321.443324068536,358.436550311924,1.53269212295995e-18,0.0037518808773543,1.50665313637731e-14
SEPT4,1.37340812804316e-08,1.68985187871311e-09,1285.38431605317,138.561092058581,3.67990895355009e-08,0.0572962929272864,0.0174013710249521
C12orf49,1701.51634179176,1740.53712271937,4.05530495869843,0.096173492612986,647.26275572355,2260.56009164218,2585.10905541117
PPP1R16B,427.453777395988,4.75959562748252e-07,689.689714242437,6.01097926994875e-08,1.8813132648182e-05,3.95620500696481e-08,6.40373821780138e-07
EIF4EBP3,519.366149670714,522.6656267314,2.78554548856441,3716.1156218703,0.267714933612536,0.0626046514013233,3409.928733343
AGMAT,1945.68360934291,8.26986603721856e-25,3.9750006912019,436.984629553844,2.27027755105052e-25,795.140613851846,3.67059851163298e-12
CELF2,274.492451542309,1793.87102472654,244.667674952293,0.00841936727565002,730.369899249784,3.09293399604461e-15,1.5000458975894e-06
PCCA,1688.22972980612,2942.27592604059,177.985374604129,212.652437740393,2536.43262097453,1473.11578824583,1820.17254581308
SEMA6B,1.51933982709248e-06,275.708798739667,1585.89552705503,51.0222679107029,1.20248163173322e-08,2.52266375035659e-12,457.148145838231
SEMA3G,456.032411172981,160.164396382167,1300.2641630158,1.1363917466693e-07,0.429773362814237,2.74840211603754e-05,332.204585904692
SLC8A1,384.411174485222,0.0018546099135293,0.199034964020398,0.000501140880090452,0.0609681972323617,3.52484093327878e-20,1084.64720952634
UTP20,729.094425080983,1491.7864173325,318.948565183103,719.602242057895,250.225800473147,2168.41698562898,11543.718034264
FHOD3,915.656825285964,3000.69060353096,0.29366378205811,336.146349430548,1030.34290653296,0.122683636487254,86.8522004479966
HIST1H2BD,1053.9452293189,1.14883805856187e-18,569.333856837747,1762.63532163673,6.45623733670553e-07,19.5704168557458,6.53092847591234e-16
ARHGAP30,226.289445142373,1.38920232531003e-09,564.976494056225,4.20433228923954e-07,0.00116474070183761,6.93136603176572e-07,2.54677924524661e-17
SLC25A42,1615.56786014659,31.7582957315263,1362.74132819753,149.963436928115,3.16873841653631e-12,930.143254306495,477.286644360318
LY75,370.53101309749,2.45813518386619e-11,0.566439567879583,2.41527853613659e-05,2215.46205708595,5.90829365501722e-17,1.19348113133894e-15
FOXO1,465.593052424097,4052.11109551262,560.500174023825,1271.56920179819,0.00450551395383159,1.58467513999812e-18,0.504626394670196
ABCC9,222.432281175489,1.07904835259233e-05,645.214180506588,0.00523115782369053,5.40423065742758e-09,1560.32203272792,3.12269363755849e-07
STAP2,982.648657888752,0.00537748278213642,421.83356598461,2396.01864206886,1.05946716356493e-08,2238.36798745652,704.284897205848
SLC25A10,887.539000483515,633.087758634846,0.00128181073629441,9.04666412593537e-05,55.2828623984525,6388.07933154378,2468.11964359282
FAT4,1536.58237381254,3.61863410739243e-08,289.442909838812,4.64482637232353e-08,0.000218307208520151,1.33647610083852e-07,1.95428035066039e-18
ADCY5,1380.41245863457,779.322971245264,1087.90517278605,0.108065308223321,948.317613804682,5.02781901585182e-11,1.19716779503039e-17
FOXP1,128.248853821533,3967.02557803081,725.093927403,29.976094611225,98.0878764425068,73.9229460965019,0.481258972778701
CHDH,1922.69104167587,3.74260248170729,1.64541271717923e-06,0.000135673057254613,1538.92521091681,1254.92770150001,3.34972249012103e-08
FRY,424.019645077589,1728.43268080891,791.342844109733,5.82814676748718e-06,803.422913341265,28.1178895711627,1.39618791460444
C22orf36,575.264870696232,1.80842214310777e-27,1832.26205808831,1560.05786917262,182.962650644084,3.208687118617e-07,4.54673272706e-24
MANF,340.316487737795,1698.20866870367,437.063724817158,974.456157212221,559.916460082074,2823.76575103541,5078.4570147753
TRPV4,1673.72363568247,469.189331026,2.36822592384427,5.14284811900652e-05,0.00290388395769085,7.07076551817644e-10,229.019111126395
ANO10,631.194790409928,749.463713854109,231.771980332316,11.1253594230419,877.072675855964,1024.89299841813,12918.8640373114
KIAA0895L,108.778106896316,445.341958834492,3940.3354425688,274.213026686237,3.48866451169797e-06,1.26129002586105e-13,4.34864159990675e-17
LUC7L,0.265339933403945,929.345954649547,3242.34763750878,228.594386516684,1268.8166898137,6.41653579225085e-14,1.98992892242722e-08
TAF1C,74.4720206088595,749.694542732282,3873.4117980125,559.216411509518,1416.94824273134,2.2716731703515e-08,2.2527900908432e-09
B4GALT7,381.290374846092,844.500592421503,16.5138404826554,105.06915730733,1281.65737614172,381.53672453111,2838.35985995609
C14orf147,813.639310212178,1069.33915714695,449.714871128967,216.707564973568,2079.63850920928,2623.46243940711,5688.99860487393
RASSF6,1656.90174682024,688.771526797725,0.752496614979479,0.744683584036438,0.0163223550408718,3.72669656345101e-27,2.93865104365129e-05
ACY3,1049.6628404132,3.15308817120756e-34,182.747135772232,568.018269301079,2.62103143468765e-09,3.46281891215491e-05,1.27717298499662e-20
CLK4,584.450883085887,285.541674774729,2885.25261781327,927.06621547528,3.71281248225737e-07,2.87957939906213e-13,1.82121368345523e-06
DNAJB4,1061.90759434151,485.715178094098,1470.63049410126,65.6669071708779,5.14224932433107,1.80975837035038e-06,82.4585500853349
SFRS17A,55.8995502642859,653.101998116022,4280.13790308721,27.5166265563589,1503.19673092091,3.32682522766152e-06,7.17575222437102e-10
DNALI1,883.120647647801,1.42106301234899e-07,407.801764324781,2494.41516463445,495.476868025252,0.219543578221741,0.0244275463196442
UPB1,1411.81969603661,3.77638610098037e-35,1325.24886365752,55.4752897350967,1.1479015476748e-24,8171.25006917873,9.47943560895354e-20
C12orf62,625.665970977666,493.551372368636,49.3215967558135,3044.96273946352,1.21488377090948,574.731621455652,11641.876366429
NPIP,155.766801272536,643.368737841548,3512.14111225035,164.877556400658,1376.39852203799,1.08867460834022e-06,5.36194747399309e-18
CDCA7L,415.092504267024,0.00286795929569443,265.975825518761,3255.07609489991,658.343378789825,1.61008310151964e-11,1.39769219146774e-18
PEX2,901.162562756155,1143.56606221305,1.04378665728118,3821.62789976982,105.671962378838,5.99456718672306e-10,10302.5888319374
SYT11,712.568160569513,293.243040996863,50.8981376811749,0.0101458347196921,799.449638664383,269.567208507831,26.4873317053546
SCAMP5,596.240505361498,2201.90419238183,360.127801030974,14.7374278019708,271.496995045691,1514.08497432286,5328.46722402837
POLR2K,617.289024732566,1326.1617042175,10.343102027181,4496.36191960886,15.3735096461409,0.000113814441055254,8388.44393942038
C1orf38,14.9959032540657,128.790715377506,1194.58783514292,0.0124873083630996,2363.43624951192,0.000560146549201423,0.0313824548242182
ELK3,460.731102100823,0.431622287123564,309.251459724398,0.000155473903056245,202.765163822288,0.000435462144246001,5.98992622737283e-06
PDE5A,191.063765325749,1032.00416384447,96.8556415234336,0.938246326759017,111.730806659278,0.00507279849922254,220.633800466156
TUSC3,817.658748922868,103.808578372163,0.0516873046306514,1252.99246179331,2518.90975645249,0.000296149661576985,2.82163684921085e-08
SNHG7,133.530388641634,607.852644488004,1164.56159041099,5841.83594910058,257.485001774203,9.17090328651155e-17,3983.50183689301
MTFR1,1630.65490649812,390.85233533352,8.70817791086224e-07,38.3695168233227,8.16089353336195,0.00960342588195283,2438.02109446754
MANEA,1417.43041043189,1257.85142261776,18.470269276807,1253.74541522682,5.80399434855669e-09,1.87501521139923e-05,909.236063164572
ACSL5,359.040930783602,410.05051235662,1.26683304090851,3.67016189687062e-05,549.67410579602,1627.47824859901,2.62044723929651
ATP8A1,960.785489288248,2509.94018160896,499.494097010554,0.0039966298571,789.027109356079,2.58183663464089e-15,6.13159163789721
SPI1,0.000297927216920497,0.00222353652384918,103.319912067792,0.0009492423421371,0.00581762152949108,4.05835935041443e-11,0.0852093353667577
HNF1A,1832.73156367086,2.02248641743882e-13,17.171086595392,364.121953869331,2.92134155855265e-08,1028.9265667955,9.73022304152618e-16
HLF,1616.62101696893,169.09415313923,91.9540085810331,3.38031984566674,1445.67646231532,2890.23429720246,231.002926664915
MICAL1,2.9600118998877,334.294112076812,2239.21627857934,3.51609969305062,419.336721332705,1.36774510175011e-10,6.79918451817783e-10
SLC22A17,550.933935886801,0.139362272281967,387.489160839871,62.5751348644824,1892.08030135238,1.75298492876215e-14,8.40939294678684e-18
ICAM2,43.308085662744,2.59909739585425e-07,1594.79962350658,2916.93010256878,1.41784833399645e-09,1.17946714839937e-09,345.004436910533
FGFR3,947.060103603792,2.35742347368418e-12,1485.74749171324,2.37645563277169,2391.82306531493,48.012361074002,1.18112412652128e-18
MYO1F,3.58995904506901,6.71563884997774e-06,1031.00321999722,1.26593442400839e-05,0.000256052468277828,1.3347410149342e-08,1.05058459971261e-14
?|57714,1107.52106210338,353.573475591066,6.08873791370559,6.47461347253174e-10,1403.02613664547,1110.66850644605,8.44434897573122e-19
SLC44A3,1713.02751283621,409.371351802144,7.99707771677044,1862.63360697813,1644.76965278097,0.00038629653801838,2296.87341430793
FZD6,748.711695815987,1786.15153520234,36.1186847926539,526.625813075287,2202.19813863293,2.12762623179994e-15,1939.93370727552
GLB1L2,1452.00633402237,11.1565798640511,188.43521209474,346.601481298442,1342.19628089206,3.68456898583517e-13,6.65533486013914e-12
PLEKHG1,416.291226197201,5.0681026136689,1594.80487601258,0.00133555094162863,412.635122143991,0.757414388365589,0.00916676060448282
MMP15,177.742365787,1157.4443698299,794.708825458223,287.772856632779,2396.45284976779,4929.60259978137,2794.81726970844
BCAS4,17.6440265403997,896.115777840891,447.147738730515,2591.98688916248,0.119233402051412,371.395435261757,7716.34297365736
AIF1,1.8265892992143,7.46212589376006e-13,144.029310814429,410.237854982306,0.000161805073361904,4.00689929411992e-05,3.71397413443882
TMOD2,319.671148068582,778.7800041425,1162.91941997201,6.25796529326996e-08,0.0746118563347018,0.00137724216938131,57.0318674119348
DSC2,1193.74574013571,733.517718370216,356.601247384348,0.00318401157791147,919.468479442322,9.22854826890141,346.340799024443
EXOC3L2,466.202586520456,1.08364488241778e-14,1925.77385946528,0.698897933074707,7.17316038431837e-11,9.19591511882227e-12,0.0289914699701016
CCDC14,169.95936250067,313.746641603817,2824.04315867901,418.59299544109,1397.62657169119,2.38180884508271e-07,6.42395107191269e-20
GIMAP7,417.09477572338,5.97250167558098e-11,1143.08699743268,27.418568346362,1.15799548974705e-08,7.60376785240885e-06,7.63802332183038
NRIP2,143.203611308598,1.45367622379418e-08,1255.80168458288,5.7417197890786,0.000232522573238525,1.99151802088308e-11,0.0105608919510398
FMNL1,0.0584399813236419,7.92177459106754e-12,1059.56345535387,0.121328444163389,518.147519680558,3.95771818938107e-09,4.43933759780113e-20
KIAA0284,724.930407322969,1584.16429284657,3243.11369525094,0.461235385704469,3288.92854955789,1387.80009712878,0.215548033496385
B3GNT5,303.918399551791,336.130026904732,2189.84484167925,760.477553662239,152.805045336384,3.96736158390332e-12,469.486051726247
FAM63A,918.256094203661,2995.74507751678,4.60592750470897,5.77169650034643,49.1980315473078,2134.07654112662,6297.87467799503
BPGM,946.532217412898,3605.9012611268,138.187330478559,1725.60374730262,0.0275327046264971,2168.93846641154,2390.61634072767
LCP2,28.5512917083663,2.502485082038e-08,1135.85309365788,0.000591396760246844,1.01495964918049e-05,3.62057960909391e-05,8.02395322441877e-09
LRIG3,1356.32640117792,213.648062906403,777.08794408748,420.130124061952,488.102511770399,0.00340921796189268,9.75793422654367e-12
B3GNT9,921.705983911576,0.000642757019703787,1428.06073896692,1863.39872389963,1.22836181501147e-13,7.81599820307175e-12,2.51310407613888e-12
HOMER3,608.306959757558,384.354069361331,672.126580459538,1486.06730397993,466.318852324114,2.04471406652202e-07,2250.67357293099
RAB40C,414.484096506439,491.434754882241,1696.02675147265,2054.67322275276,0.00710728931350941,1.97294169885055e-06,0.00376216040151084
MTSS1L,312.109849518811,2502.67238755474,1340.13772115273,544.494499782781,140.461012047667,80.1317605741854,1.58816109080606e-06
MLYCD,1375.49185456374,690.234994600343,971.892732476877,341.003620672483,0.0746361390332491,1108.60969041363,429.610404432983
LRP11,950.542162099294,3318.04238033239,701.318584139801,1113.33852233182,821.237200521516,4.34098176377875e-06,1584.63262506796
CABLES1,1711.80032052102,727.929504174562,1051.36484936419,763.037230915749,154.112442675583,3.12700136266579e-05,4.51622266368899e-07
HS6ST1,888.253981660348,1293.82160515822,613.750775835014,529.955445581544,1604.24076939393,0.0348540450611632,156.462984050917
STK32B,1775.37279239361,0.00215075480629498,1038.31757456581,137.367809646241,0.000162381427696235,1.52625063729391e-12,3.15899060572208e-15
OTUD1,1205.51551229347,1658.99707564704,128.066226091572,826.13490664015,370.963699237053,19.0431684133357,3027.08318057538
TGFB1I1,7.77961319818407e-05,6.03989703612909e-06,978.681871769731,391.794253947572,497.033300328099,7.96401948259953e-12,0.0280449976395914
WFS1,699.616049486915,1665.06472166566,417.363194933149,5.27011922599388,466.145075154462,1959.35635678416,0.0423857841357613
FBXL17,1263.25684796238,2882.48338699227,0.898793259711283,34.2375801394574,1.45618278997847,668.171149548969,6202.99711959669
NBEAL2,0.75959560641576,1846.33228398047,2655.44483804855,0.16490028270113,2208.66679841717,7.17425032565945e-06,8.80383898973309e-05
MAP4K3,731.116734549747,3191.22730684839,29.1568161995942,3022.26056858727,7.76095206544462,1.15449461133797e-09,272.271155451343
SLC12A2,624.874300197998,1548.42396246859,764.94918407849,5.70319020160365e-06,1.9201102172224,6.11561872250553,1379.98287717521
FADS1,639.415866746528,344.930183387635,849.881382197569,2169.862866408,1058.1401286364,4029.48636895511,4.00033240431019e-18
RHOU,969.362541762594,822.446529072284,1096.26655586017,0.761847370669446,913.257615802898,1971.64402171688,1883.50448010165
PTGES2,549.699754530861,1984.93899091138,548.992882424661,1777.80032690388,205.516793552302,0.000481595476287527,7442.82825120374
SCRN2,904.642744252433,290.250556334508,1485.56132343661,1365.07525829573,9.60598319948249,985.373497241755,1037.74480534539
TMEM208,407.082588137053,748.543753609463,450.530178456402,2653.08744255743,103.023662981581,1749.69259133286,4904.19074357579
ARID5A,0.0048142481125305,8.06116540376183e-11,2987.64074395508,10.9535467547678,258.767283074045,4.56658040680722e-15,0.000143616551222613
BAIAP2,856.1209657855,302.244706896894,1992.1940160708,567.882624397527,1825.09461681784,1136.52615050441,0.495556340708038
APOBEC3G,68.9488689996295,5.25903588561627e-23,378.443127784233,1696.02299936037,0.000247717379007587,3.15528792707434e-12,8.93875782393953e-17
MAML2,1539.62002293042,0.0155939450454495,402.949637370825,0.00123435437805521,153.105094842779,1.9944912037265e-08,2.97826445221324e-17
DDX39,195.643857431084,484.991603657294,1569.72040064682,3207.97233287408,868.365585344515,0.00308986949487715,219.906886090898
DCTN3,835.973234636639,454.922958391277,127.297529376261,5074.15473009492,21.4431699453445,1337.21482967064,9292.0732416405
C17orf79,492.417325833733,1946.16011397152,16.4618583803677,3182.05014743469,0.124939957756658,3563.78965481141,7930.7419653288
ZDHHC8,192.720387899475,307.790020953465,1431.17345803173,1218.54736081453,2170.83635300987,9.11665268816965e-11,1.46140333510438e-07
PDCD5,217.135240264544,428.792830495033,1136.60189524754,3799.7380925694,1287.34337759503,22.5640662217984,2222.58254963381
PLSCR4,1028.99951861819,5.99194018440681e-18,1063.85466542581,619.709524651594,1.51639865044672e-08,0.923910675687236,8.07885597483609e-19
OSGIN2,1078.24223257785,1628.58839258477,127.389169322338,346.589922793001,1709.76544831079,0.000819182938430013,719.881083417688
SC65,442.143873344676,0.000659705156453886,594.458394561475,2100.17099206718,1103.43364301356,2.51410990471947e-15,3.13776912360931e-14
SLC2A13,1251.86105279227,1219.52880683553,0.0570184148799951,0.0478396077082028,1000.43564098669,52.3896111353447,113.780489185321
ARHGAP23,61.6380595179803,0.0110988746196029,1258.90675903173,202.37939280131,1521.16640616325,0.00177857859056043,9.43531067512679e-08
SSNA1,293.71379532834,288.609904528764,873.150657063159,3061.14134782726,51.580008431825,1.02761775012897e-06,5324.5952017926
KCNK5,1222.8317257297,4.4610881361332e-08,1032.69524473014,0.341352823869298,434.642110345621,0.0024812481718466,5.01683792220865e-10
MAST4,1522.22109434693,58.2980958686682,1024.04917755515,2.0372878135897e-06,6.48287686206788e-06,308.295858461468,3.08173739391641e-17
POFUT2,389.744708991687,698.295017128479,2189.77963857602,1048.73567265068,1718.66911435044,3.58348020211083e-07,1.27252710882645e-08
MPG,192.970167396101,191.812920486738,187.771115574734,5202.8299350126,254.528653529573,0.0707873296497438,6295.96916389286
C20orf111,483.817138356786,1688.90949928342,677.072168695776,4669.24717763498,467.129639733507,1136.78893367665,6458.81557858512
RIF1,1374.45769800342,461.047626294048,37.1497794673136,0.000847729065723005,324.771184845597,9.31822875710972e-15,3.9269293971211e-18
STK17A,111.859535999288,2340.87884817605,3.1894073531618,2537.43099222702,28.9164572651196,654.100474556646,1782.30045745758
B3GALNT1,1543.27151937213,328.697333182962,2.19508101173436,2708.12499827847,0.00127544669168985,0.00955955050019468,378.955587057746
IL18BP,1.49977834840966,0.0878938339972567,957.472276212964,0.0205110578780361,5.26673022820573,1.81603417215397e-06,0.00135203013476358
PLEKHA4,137.99398642276,2.76468232906618e-07,581.409860498647,1148.95407474008,2511.23911804284,0.0001383496401185,5.32379078875674e-08
EVI2B,358.588504315533,7.42138973858093e-13,8.8984869410082,0.000438376567225436,3.5548930536685e-06,6.10369529973252e-09,1.11361531551174e-10
NFKBIE,558.880176017212,1.44172456285705e-09,1232.34046550709,1811.85194717324,0.0155323752750293,2.27621323925881e-06,8.39168068295566
SNHG8,660.706917509297,410.260537358974,861.75826440677,6165.83069725838,3.33848468277032,0.0242271739913933,3230.22532628161
IFFO2,737.674335789665,0.000165505255664177,896.069965651218,0.0268700888842198,83.2951237778966,7.39505513179963e-09,4.51649303700322e-12
SGCE,834.46762885008,303.460105702101,538.818190633381,3120.53603800164,1295.09933411239,0.00297043924178898,3.26362255723262
SAMD4A,426.311575354037,2642.47976342877,2277.51571875922,0.974885745972325,829.570578777482,2.33400104944092e-15,106.019086652052
ANKRD57,1549.78105447412,689.32698980024,1413.34650409262,10.3126259584937,544.632896892335,790.538747191423,754.510520149894
HABP4,1300.63614358943,871.162172644011,947.66478873005,404.173940369562,611.022821933862,0.0147224799033517,3.76801091972257
C1orf106,905.688425647545,3.36853413015723e-26,11.0975208778943,329.194709357771,2109.83464257083,0.000260780495151566,3.86634023101524e-22
TMEM14B,879.222982765422,633.332279267804,1.59283044975531,4839.24768614814,12.248392321095,1245.90493965944,8295.00451278904
NDUFS6,507.39851066542,1125.27127350141,302.215357607876,1740.00162656071,400.412942101907,2027.30184155479,5085.87944375371
SURF1,790.54957034126,960.141927665003,382.799940198771,3953.25089104087,0.659396678932183,2502.69477041627,8256.00625406556
TSPAN15,15.3737316628691,74.0909181678829,821.973615678886,823.763931629194,1091.58259341772,327.499193418341,696.219847642673
SLC26A2,700.967140071608,515.913900535083,407.066246228795,319.455048965373,1633.92346985071,0.000510471654112491,2.19955784430042e-11
NAB2,226.843501597904,375.391021768543,2233.71768937213,2036.69454787363,1701.56536193842,5.84654959077975e-05,0.137800631076106
ROBLD3,332.639278640085,0.157026235933812,319.476533383468,2547.13581120475,40.8985247596277,0.0583557856492936,3795.39056323938
ZNF608,498.647927691793,1.11309589711196e-09,861.187176838943,424.286806550624,1404.18315345314,1.38777668768587e-12,6.9326560539946e-23
LLGL2,1054.59608769549,1748.39790909246,1794.05142996638,239.424830892541,1916.73136570474,2284.65399798456,4473.15992813235
RAB3D,872.71870847121,0.00184391421692936,306.325475687706,1051.39827285114,2023.88155621821,1.18299643686688e-12,3.27476678791122e-14
DGCR6L,474.940988059169,252.026267627407,326.299023226266,4502.35787282107,0.0643431758080284,1462.00060874374,6463.95931250146
HIBCH,1928.99551553522,1395.70546941694,665.65839795112,21.3234782895265,0.00105559846914229,1152.34716715197,826.893958128039
RPL7L1,1160.54547088557,937.022405202304,222.995959040483,334.769308271444,915.276414816463,1140.35093408528,0.000115104451756321
PARD6B,1408.65507025256,1330.2120649589,0.0835331349403059,2096.80394849094,1415.2629718,0.342947783710505,731.169997334578
DZIP3,1520.48080220656,670.847596503799,915.886399839725,278.863319384427,0.0034841313731488,190.625261416158,26.654289818978
ENC1,445.604262222545,173.936448245244,288.613671754151,7.49194025315899,1814.77839711185,640.058547430341,0.000192920747183123
UBA6,830.227977715965,1478.76029232921,998.944759085505,9.05347730507577,1661.36108832658,0.000457439610731088,852.175885196802
TMCO4,385.779973167137,1686.61487778,1119.73276078714,1089.61744063658,3596.78566123287,101.150935743648,1086.09609012762
HAGH,1177.14873116451,1330.53331536058,694.477204089407,843.889367366143,0.270052689169944,3047.03682605057,3566.23382246398
RNASEH2C,230.560009079547,9.80689675756014,1275.92620784835,3149.56606765416,1.15935216130596,2.73600351962312e-09,7414.15536967819
ARHGAP42,1459.06536877944,340.572678369231,303.348663797082,2.69330037232278,8.31656361518373e-09,7.19444638536268e-06,2.72311838492362e-14
ASXL2,1191.60224291991,1710.88783366987,0.0276838672999063,4.46976275022279e-10,12.77501479186,6.1856101532541e-06,6.77389605872612e-21
LMO2,423.614993657599,0.0119211858813169,926.796673841538,528.184644237165,7.77661160162417e-06,0.000274617994565305,378.088330244939
TMEM189,38.8824227971307,650.359170710277,1191.47315846875,495.625044258659,1457.77349424047,9.06725839332754e-07,509.634650133796
NCOA2,1151.46123213508,2008.79598276643,1.92970062401262e-05,4.60501346820883e-12,9.85483052597632,0.00420605977207135,1.3288561492933e-15
TOMM40,444.272493834419,1466.82138022864,1407.4881636589,1890.48847193503,1570.8200404655,651.748338245901,1802.51996873928
MRPS26,343.140930742473,870.712542482388,337.432398258531,2738.37812474342,442.23218366909,8.89322373311193e-05,4972.72465864082
NMRAL1,321.164478394417,527.233072438631,297.036532573684,1838.72748286431,655.791396303536,2167.73677186087,1156.84496020378
PPTC7,1135.99221133261,2477.52613670046,162.845867106866,5.2065806676552e-05,26.7780168997824,0.0196028004126604,0.0143662133152209
GAB2,931.700503583025,3178.54579954052,560.402514942317,14.2228550681643,0.027176879897154,1146.34542220982,16.5181797073785
BCL7C,11.1985053333114,2.53441893192716e-09,589.001963392598,3887.67284325585,106.010759480526,1.04995495044877e-08,5378.60011910569
DSE,394.420051442574,358.624780760205,2.07918859956638,6.61551119823086,1458.3943051706,1.00765369071686e-08,1586.14323126162
PITPNM1,791.463484601498,393.400274167678,1490.30437971464,9.1449989693587,3784.47987231223,1219.74740816109,0.0414342027127782
SGPP1,1388.75637932432,1294.1267852014,14.9011841643685,133.975800609626,0.166043993743024,2116.66972735995,1520.57812817082
C1orf9,1093.90928753513,2072.93159446187,432.982612597146,14.5462959708637,2149.22198592419,11.474890835684,3481.66899055972
OSBPL10,1134.74960767803,518.632999628032,41.6787431897726,222.5208782098,2858.66719845595,94.297030717246,0.00385471382549024
MPDZ,937.154959491907,1276.6256895802,128.654793516072,2.67091278252006e-05,8.49844300861153,2068.80699656506,3.44133106873738e-08
C7orf23,905.437885630408,38.8661942563461,186.973388163721,4336.7336543904,1.71314105526181e-06,2.08761882846679e-10,2474.93012368514
QTRT1,90.7882004186673,439.178546091799,2257.77263316923,3092.6891534079,22.5083294031808,9.39326963714094e-05,614.807446021399
TIMM50,508.960504133665,566.494359367032,507.658776677059,3059.15968034814,802.01303159174,517.645961865847,8960.63158378135
MRPS33,586.0836373651,1006.85180725314,0.00140825108913103,4168.17249531939,2.91242657659281,2349.22428003807,7931.77707726952
PIK3C2B,600.877047725523,0.291728149047365,1419.43594333859,0.0111255700313063,0.0878614430870781,9.39254910755964,2.98963877331764e-11
MRPL27,592.697229136088,888.086108558779,677.007605797164,3923.39320456137,8.0075156406129,697.978105435374,3571.2973069338
TXNDC17,466.368571964101,298.88168510377,0.000240343548847363,2318.95854190981,391.825264094193,32.3488087649417,4863.25483492534
STON1,1027.86454201813,0.00034653625115582,47.2346390739911,441.163866147856,0.578053410901512,7.36473194303107e-11,5.91200545361357e-08
ABHD4,763.939502612106,1506.4227641767,659.080767457798,933.541442718967,1107.76406750762,950.358677064711,455.282533887326
PLA2G15,850.24390646243,1888.33832231499,5.39417365431859,22.0540736550628,1126.92168121251,3.96693444033966,1986.16335527164
SMC4,776.24468380811,702.896951681857,483.224733814121,533.090021362261,1306.02328396388,1160.83721827463,249.254328211841
MARVELD1,463.792311733125,3.87162731642777e-06,39.2207442686842,403.794947483072,1774.02814231953,5.16449482432434e-13,3.2996899080108e-16
NT5C3L,659.619603872923,507.047881580839,710.562364888021,6236.32826082009,0.0001785979903652,0.136402548626932,3734.82974263874
SLC35D1,1578.29978137578,21.5383776772631,0.0994506444931861,3.51944934864115e-06,488.011269380113,3546.41749768245,1.6157645285226e-06
SCRIB,451.004571707504,1812.28597587007,1751.13481699774,290.547837662412,2524.31659177365,53.3317654718542,7.04917417888754
GPSM3,0.00360564161175805,7.8718911488724e-10,798.769949404048,6.43346606116344,0.108072482607326,4.50517639882179e-09,0.150678435234821
TSTA3,256.6383581913,64.7416946333573,539.52819426883,1741.77858780788,1074.54544531495,0.0155587368449045,5144.17051365049
SFRS8,228.703266778536,748.854556405686,3146.18835488412,671.129577165466,1384.84493823589,6.76121118354274e-07,2.73524576322918e-09
DOCK10,212.790969005977,2105.25178757726,282.020889690874,4.31054290645635e-07,3.63406102960153e-07,1.28155163989741e-15,5.90380362801823e-12
ST7,1234.54081073048,2515.89031748915,467.253234556479,1757.05675370948,7.1475875201933e-05,1898.09191253318,5480.99233199459
FAM73A,1607.99891527636,633.100280560549,9.39100847489226,0.00480157514459015,202.375770464326,0.00168989719787357,5.96801702783073e-08
LRRC8C,573.857139492139,0.00145367778474759,564.055753793835,0.0206101613922889,1.15497709838177e-06,3.14895869055669e-07,0.0234951338309954
GTPBP2,470.645091253524,864.821765589075,2447.65324459736,1040.82631602254,1532.61725798831,0.0226487318671775,1.5321597022044
PION,561.287814185854,717.479248302924,2128.96166512403,310.370185344203,0.0600726444390113,0.000201285303293039,520.430716723066
CDR2,1080.49616727168,818.464867525002,253.96279945095,519.808982719379,1237.03679571523,1358.68033579115,144.484948535082
AGL,1437.87635379467,1787.19684390024,0.379168301194979,0.00402987065731934,753.112306595041,1446.37965401052,1609.2410595811
MPP5,1711.14949380326,2188.88834087371,21.5101053198609,5.82268033320574,936.338209376187,1020.51272146755,2485.65326521786
STBD1,1389.93107751822,0.0465519164006719,529.278114801072,439.679257295312,958.297834465897,4332.8169509541,531.509987993428
B3GAT3,74.7975552081707,749.600140295238,1189.6869370208,1529.89902689175,1320.60629044927,2701.41414638286,2391.5298645667
EFHA1,1336.48553919008,1729.06865541724,57.1418386047862,2156.84457788188,449.673091582001,8.75111451828629e-10,5225.8790413536
TYMS,1473.25221367096,7.27994207760845e-13,493.951355432837,1701.50581148932,199.844160694929,855.696962406347,8.91280446187944e-17
C5orf41,1296.46125640104,1860.2867119477,22.7019338986879,0.253531045096713,0.0652905439780829,2.40188791059021e-09,0.800573442814513
ACAD10,1279.52698144234,2467.17144109607,305.224147779306,0.0199974490227346,935.697501982466,26.1980700587848,160.901777684126
ARSA,549.602869947581,848.027374126058,1389.56289688994,203.551065741363,871.886745949831,2621.36991737366,1240.90647154554
TMED1,519.474975982549,991.67795588662,395.274262737326,3410.435653856,86.5836653118469,6.15424754418991,7667.93370734319
MRPL38,681.700003960045,694.471012916715,420.698386084399,3746.4644696982,1092.93715597473,845.918280060288,4120.03440950232
SEPT6,65.7393929632427,2124.9952765515,1334.60853320318,0.618898652474633,886.406222757052,2039.24393747074,0.74269375661348
PRDM1,126.100286221179,0.000221494082453864,1583.86542898553,0.00164902277355906,1.04939706931181e-10,2.47085584377981e-08,9.79078449017435e-09
DBNDD2,0.230427945291848,1.62211830568482,613.677248176112,2741.70805096908,2224.21540748257,1.50398458225751e-13,377.313350291606
ABHD6,1655.03984846741,858.946224503814,206.763007879416,167.09587437478,3.64731255009518e-08,1375.42599708598,3198.33856017758
KIAA1274,0.0149034726679236,3.01386387666951e-05,1152.63444344703,0.0108632487077092,1.16937864365625e-06,6.57235632352515e-07,5.03715577711025e-08
LMNB2,608.339914635455,606.744343328207,1039.55909349279,495.423101451696,1884.09496849871,3.48147126246651e-07,1.49442135169588e-06
ETV6,169.316496004325,506.223375913146,1051.53535711084,4.54413897976838,2334.82362032629,0.861601481219333,0.00264317195092981
RASSF5,238.581483954866,1.57973242364244e-13,1047.6987768922,0.00143565527199341,3.12988705532408e-05,0.000588069385633181,2.62725290682418e-18
NEDD4,1171.93189747945,6.17452000016996,72.1055071542421,39.4449350958583,0.0372957862496323,655.756134309772,2.69474811430916e-14
SH3BGRL2,1605.32469106524,268.892169043715,141.150764424684,23.1783367392896,44.9202456144122,1902.31878343137,748.223951052825
SLFN5,635.885435783333,164.379791977374,2.12115618223486,3.49298957195437e-07,79.8482943040975,6.0725298344547e-07,4.11301215851375e-15
TMEM135,1779.15579981095,719.900851902407,99.0006720946891,1274.50097536716,3.31543456965485e-06,1471.51802378095,3732.2784316195
NOSTRIN,957.214550130047,1.59151159611695e-16,1899.88315255502,1557.37370476761,6.72783921008535e-10,2.41021362521216e-13,0.00339129283338014
CARS2,434.578612772215,837.642595490751,169.288514663864,2600.93873495956,85.9468245507939,0.117708032567966,1189.86240240062
PIP4K2C,1129.34854059678,3192.49967681355,341.929439536232,4.41699522185729,2243.4262537254,2897.37984188012,2212.55691618383
CEP250,541.617598700402,420.575143218839,1747.58920588381,239.495407051732,1963.88345306896,46.1994692440979,4.83939144922525e-19
TP53I3,690.005897266125,175.37227109367,930.307046841725,1666.74648720094,267.057511904642,1828.96667649771,857.869179572594
FAM89B,143.335364721355,1.06698194665435e-05,1079.03605559834,4381.20160993833,29.8941105554947,413.111248728823,1927.32590086807
PLEKHA7,1521.13879277271,1438.31037304474,744.798015511687,0.00172807280513486,1033.98785430986,163.260109698922,3.94009294323822e-06
TOMM5,779.96826668826,608.688292875202,57.5074898927317,3468.9510371602,33.7313417319819,0.00412781754220317,5377.46705626618
C6orf211,1494.1372002568,761.009306685948,0.000217798294889514,81.0375762114245,103.696016948971,0.810667918644098,575.936072191485
LASS6,1108.50402195686,940.177762339099,0.520788558716947,0.0203170186836734,728.498775305435,4.22340608225178e-09,3.31712744641477e-05
C10orf32,1340.28350537439,701.290116657446,34.789873543219,1620.73745954447,5.07303484969306,286.878279563382,4887.00524163921
MAN1A2,1210.81529852447,841.973997647607,0.0836994223212567,3.68134971576515e-08,19.4852585556544,995.156049671325,4.69811427143332e-12
TP53I13,239.39570774221,197.825828226409,1119.17125897042,3008.5375741429,566.845865848251,0.0545697503539994,1044.8671925171
PLXDC2,971.939633249587,155.926521568529,9.89908782888124e-05,0.000403557032534715,118.451947479811,2.15933598233915e-11,25.8837919729619
FGD6,752.967651288299,0.012288408554003,48.129819091017,91.8615126157491,1544.57223184364,2.85204831188455e-06,6.39867315319173e-17
SRA1,331.757914044091,719.496826684278,775.296199396587,1411.9035423337,22.9120576653409,2144.21478530082,4762.73724367453
FXC1,835.747619864058,2526.08164090607,124.78175122742,1650.92816270351,687.837885376407,1260.70218365621,6596.94712699769
ATP8B2,106.249263612998,0.00202924320459019,933.248712473068,0.159465102558587,874.776004975889,0.194592012709685,1.82840939088292e-12
P2RX4,905.727860765822,357.627452807024,99.4681074201244,3163.87620147954,34.8894525392357,0.0637034219442553,17.8641939645834
C1orf57,613.182499572011,2.86219427438349e-11,4.54967192092625,2976.82809656948,188.788725197645,2.14626890774015e-06,7180.02107781464
GLIS3,1192.04004456757,675.155991456668,353.42270401149,380.933342799958,2834.60700369816,4.15948709080816e-13,1.06445625394041e-20
SLC9A1,390.441475686165,1965.17535499773,647.141536527934,0.0325802411279362,1004.84158836553,9.09611364666001,1027.94846945181
PPIC,402.293803333697,1369.79177369038,0.0473458930339408,135.591556111738,1267.06924526188,1234.5150866517,2315.1048772561
DENND2D,498.792385676342,1328.61437054076,3.0021761906745,4.29591955343861e-05,120.356538166959,765.398492022426,1673.32314417683
KREMEN1,1037.40235911543,2053.797543473,393.12016695961,518.936723371826,644.280877978762,0.0630467991355682,400.277839493463
PISD,372.853695537633,2109.34428857531,1875.85797211516,622.757865495195,1001.2543253092,0.0158663152468058,1321.79097190932
MRP63,623.943971883274,47.9574341663093,705.916716817658,4333.280550507,0.00856731595300913,0.0181963643098177,5127.87214183257
XPO5,1164.30385403365,719.156766457842,231.296835128629,635.920816576243,1533.60781167717,907.600656874911,5.32687299862113e-12
COMMD4,408.517481781127,1056.49135789692,1133.38884525602,1459.56245293339,519.950022545822,1235.78405952648,4401.69592932928
KIAA1632,1209.10803854293,1893.29631847376,917.993380163736,1.72215429699666,698.72350870041,1045.52094376259,8.09177921344277e-10
PLEKHG3,1049.71600811242,1597.26830698822,1520.86687537272,102.459621388244,1437.50480446551,950.235610252352,0.00189347098405009
TLE1,41.318699893108,1902.46939614939,1617.55526565657,1526.97365441884,1571.8555501605,999.607240584434,2280.19789332397
ZKSCAN1,978.283137102899,1862.96621596801,308.313813579397,0.00654186072070941,841.974808025528,903.764622624985,8.35569807230736e-16
SELPLG,9.75662497784841,2.49588332199375e-07,131.407902714758,0.228522269259815,0.00550445215806954,7.76400144230112e-06,0.0601336596876612
RASA3,326.178879419856,1.02959369117717e-06,1349.92878232333,250.563156992681,1110.58489655111,6.35487999327333e-10,1.0503624595768e-12
RFXANK,328.712704408316,433.790508942859,983.511223881552,4069.33880761049,3.16086482114846,2.77973110135685e-05,2395.05156779388
SESN1,881.069360264203,871.3668091813,323.101728010633,1680.68422489746,370.954223966246,6.93617450700265e-08,2016.89307899943
POLR2H,302.907153529492,362.06363844338,1277.88617778438,3701.13581910623,1193.84739493272,0.252583783423447,2928.75233378727
AHDC1,497.396377549826,0.0185947742590632,2387.53873024716,51.3832601756038,1188.88868645075,3.94953318835796e-05,2.488554638599e-16
SIGMAR1,700.414022780545,564.415644197543,951.523242624806,2305.15299027393,1401.31900053386,8716.66142318446,1745.90709137309
CCHCR1,555.326189182825,0.013826616779147,1857.69268694052,2632.70172314135,0.000661009243880611,7.583762546197,4.40810555169391e-22
C19orf66,86.5937143966593,243.809999471878,1707.8173865574,863.084934365417,1312.30723857153,2468.80592156716,0.0569727206950902
SHB,728.517300752978,748.127195893249,2128.74189815041,998.596198385554,1457.15143074278,1095.08930914694,171.672428557195
DNAJC4,202.396362156154,1362.56844572182,879.953070036735,3492.94200077018,0.194148885137544,1046.98802902729,2722.64288591653
ANKRD50,574.122850386698,811.470849355601,124.466712861521,0.000701705226584127,0.997763440628079,0.055575392642574,0.00130055376734062
DEXI,620.435175161413,1734.54623127309,806.064579299705,842.540866078422,15.9105919097595,2104.66883557633,2873.70689362771
LYSMD3,1426.11006548787,1366.77523238655,423.403883367497,121.373203187218,6.93965250745662,378.888582853484,1017.58233341186
CHMP2B,1118.94269845223,1403.97671459325,32.3984128696001,1384.90764874096,534.084144418795,1539.97099142068,4695.69540613033
SPSB3,382.62714851368,747.492328005545,2270.77979607449,2095.25442674312,1307.21247350177,148.408792099525,1693.79766470753
MRPS23,792.206614859938,542.230278267623,1.36671326701451e-06,3719.06366671011,760.288424895848,537.213106478704,4494.65844377272
GRAMD3,1083.26821433995,1326.21176655764,745.878526858921,1190.60191444633,482.719032744677,1.86344250784113e-05,636.748595006601
CXXC1,572.22991754734,356.80838381775,2545.8933172077,1000.71569517059,2314.2749255166,42.2955971156375,0.496300510269984
GMFG,0.0776779568849075,5.18734117735968e-23,1176.63959978793,1908.72491178731,3.13548694288541e-14,1.85539092414745e-11,328.699800926283
DPM2,519.579948414949,1122.32553445787,792.749032952371,1681.35382328518,1246.82573551864,9.40192919083116e-07,2617.76762833103
IFRD1,447.411183373627,1843.39249763091,1728.86084647492,2046.37011910543,523.253955800873,0.00108445451178443,861.272065439775
TM2D3,721.572883428665,851.498787450455,1744.24533819411,3135.72962564997,764.414470922237,83.3181101112973,1048.96075600416
RIMKLB,380.698823667124,2468.0489447919,1885.70296007789,149.053037976517,1264.33510970899,0.000278794772488444,77.9012466808276
ELOF1,274.479431931295,984.840499339601,850.117178635959,2787.91188018671,1111.33292924897,1079.68136046094,1500.22195598902
FKBP3,793.633755333997,1001.05790244665,1126.3205099004,2545.6871507276,225.852953918854,1193.91424436869,3960.96858367677
SLC46A1,1610.33181724109,530.25942643439,75.6776284474227,3.10613839650655,1047.09075273479,2219.33392313407,15.663856158254
MMAB,768.029446785784,681.557542729329,20.3713586913474,2904.85064728332,34.9560260710354,334.568557808394,6903.37842967435
MCCC1,1288.68348812226,2016.02543295598,2.93848646754877,195.342629891573,628.798703846743,1375.99990684195,386.380604168908
PRPF3,371.763805175569,313.265225218229,2869.64868212825,1029.94865410641,679.778181283295,0.00686658967120261,1.88649648906505e-15
MTX1,555.218004400539,16.4788243697057,309.438982255082,2383.28517017552,331.276679108651,1404.98047261385,4042.71539846695
SLC12A6,1422.04537847995,995.272164215568,479.165375362045,0.000118199860669294,285.461404450709,0.00419762708804457,7.08786663279274e-06
RCN2,926.130346353491,1859.50592116222,64.6077890503926,2487.65900590918,493.361560640934,12.1337234299993,2846.94106176168
IFI35,599.672934762495,0.0724930042605551,519.433814282397,1656.83702530849,3.07633692455903,507.319241336769,566.687086584034
VPS18,1026.15182184035,2665.63884122284,86.8403689582351,0.983132746847653,795.848982518346,2300.27279844453,1563.73517855908
MAP3K6,69.0726994372513,197.61686511033,2590.07491801656,474.376856006391,1017.23836393761,1.3562288664161e-06,97.5623913095808
C3orf58,888.01556949711,1.06548666129766,262.300348434994,9.22997575555314,275.489347746304,0.00156125982136779,606.250154834601
CADPS2,1112.02398025468,1686.0202014405,73.7979201201958,0.194856744095805,1154.22317829815,6.95535921573505,1118.76291548795
TRAF3IP2,858.647129219248,2.90860135650912e-09,460.864099286966,3035.70887769445,134.816062590683,9.89490197563161e-10,1.65820806015691e-07
SGMS1,997.613022087121,722.583284013359,100.034194024508,10.8400887857984,1012.08980581208,1093.55230748955,7342.0369041055
PARP6,417.088623029146,559.541859208765,2607.99387693192,2129.40225791145,597.201226763431,1.9399312516504e-05,5.60789575315344e-10
MFSD6,775.756861683729,1967.63866772113,636.423987495033,0.0545683635105838,1538.68371233336,2.14299314402516e-05,396.813382678812
VPS37A,1051.92421153145,1266.71744606043,380.056799641695,1492.13335723052,14.0296649903792,5.39426196685077e-05,2276.95301104002
HMGCR,904.741120175231,1693.32526344161,282.48961168521,32.4811934956465,1092.44448715087,1895.4863536661,6040.12126972887
LYST,439.683628263159,219.140117229873,1224.53068304823,0.00021795137440703,80.1974188992287,0.0028212841022878,5.31595834658983e-10
STARD13,569.366550296937,1.40134200865995,1419.06839221856,55.2833971135716,553.281526902942,4.85505845221692e-05,0.000711081149044716
QSER1,1260.06962480839,726.035687794723,74.1811668644692,201.998380068111,1385.1227417783,7.58460421864641e-07,3.2447718567158e-07
PSD4,614.595555396338,444.485556218599,1734.3581139711,164.494182509231,1166.46207307209,1922.70360306813,0.0916651809215614
TMEM192,1717.87562044163,1907.19555996613,0.804347615133287,1.59756652306623,105.505909692806,1923.11215993763,1006.37169481743
ITSN1,890.954309437904,425.742864106835,294.56496332217,95.2718325163953,1314.08698396362,846.541007317532,9.16237132559808e-11
FHOD1,1.72929772988225,0.491285300397577,2306.15541431837,171.051925182257,3.09985948868173,0.000201816236575645,1.1887254263822e-06
SLC37A3,1019.84445332569,1786.05837075886,167.726721534728,1691.86835754765,1261.86007397284,969.185570452452,975.771985369723
MLST8,698.030918515425,1028.83588989117,86.1705974395342,3850.91804822306,525.690595715607,997.464293591056,4054.10184376309
B4GALT2,401.771132116209,427.249082317482,267.948462196359,1526.27307326729,1345.55641382479,678.934817467233,1650.38201977433
PRKCI,1072.79102159114,1645.90670045721,419.32185495939,816.667812916288,1697.71022506208,74.9156909773177,488.175461060141
VKORC1L1,916.520817226772,1108.44511552542,1.41356200089343,1700.3340372523,945.518791739012,1684.66766305112,555.980190991155
GSTM4,898.746359165835,741.772120467544,253.839433395201,33.7753317495102,751.25013357532,1052.5190641885,1730.12833907997
TSPAN17,824.244979686245,624.533667004894,17.8258943817874,583.009592933862,1431.11659249879,2067.78326611564,4434.86540228109
PLD1,1147.59424555795,571.495040897144,787.514767072227,190.285322364131,0.00786647450684838,1551.12860795151,0.0011973181971153
SLC48A1,577.290961346579,1988.79957786462,504.958572693186,622.347342412281,1128.1778377828,1312.74322218278,2344.89944267511
SNX18,902.403507922708,1373.58215664771,7.54357045894294,0.814808873811299,58.2784733711185,1.62899112918961,1863.78997258374
SHANK2,1021.6980896646,836.635953602588,564.764590091659,150.175098464359,2277.96556162655,1352.26473854749,0.0157064785119096
C8orf55,990.172410272395,695.114964802861,352.10510214997,1277.26980930766,501.003623083624,2.16202737611473,6209.15107983465
AKIRIN1,1108.6367746804,1403.22784897204,1679.38229582615,0.511769463478439,1360.53084689222,991.371706629126,1322.97399181941
RNF19B,1353.56692341364,324.871846312252,1144.05768084031,977.738993977224,39.3830974278472,943.205585519889,7.32691028755303
NDUFS4,909.859086966146,938.94213390812,4.64047928653516,3399.19553836977,126.940076978062,2456.72461672396,6478.86236422385
TCERG1,378.64874172502,774.769688321469,2636.13349626964,547.111222560314,1626.18785725472,0.000211288854131618,0.00714779541734264
CORO7,218.611638679113,2265.67777880695,1299.70761752734,1.77712817203443,258.453209045549,1.20793274765798e-05,911.736227851817
RIN3,62.1374998942508,0.0053438051268773,889.183762969208,29.0059205702935,0.761308516702685,1043.63663253705,1.7877182306557e-06
GPR125,903.145697960285,319.385872249057,291.024372318299,51.6293992505505,3405.68334560041,2947.1070576976,0.000361169726798055
ATG4B,462.732024162949,980.649347558947,2519.76539348252,1113.3018991731,1016.98939388637,0.0176776389922227,685.094839761422
CAMK1,445.292782087444,283.965434806952,120.860368689667,3483.5279293079,4.73753107899887,7.10167994547705e-06,12.5259591859469
WRB,1366.5908657559,241.380850601538,33.0884333969987,2168.72532770235,167.405823072118,731.148652359037,1039.31981932156
PRIC285,773.654261509786,12.4494526215467,1662.69950954936,1.94403768943886,1492.08278411502,769.680355928018,2.04618728689117e-13
CEP68,889.314318302962,643.604870267285,1051.63064660801,94.1504360763566,70.8260175372678,0.00314068033200475,22.8840286325161
GCLC,1201.15186311516,1990.92620106059,435.507420722043,463.623360481864,9.30550963495269e-06,3700.31827120112,975.854108705689
KIF13A,1032.12056384715,1073.6449255295,145.415681179679,0.00220552114841984,77.9104519856797,589.656409784945,1.80973236474237e-11
SERPINB9,292.374533500832,7.03834722052607e-06,1450.51968014659,1.90831173373398,837.801998446128,3.68464322529802e-05,1.83591080748564e-15
GET4,574.695480656998,1103.9152911984,1214.15544009292,1398.13887115961,1229.14885053058,22.921158696566,2865.64238304136
KIAA1598,1420.03337561221,1070.40162553151,39.7649941395509,39.0923622878542,1919.60335336595,2154.31979530367,136.993488643816
HLTF,1065.12606464869,1823.37717291811,35.4798045999857,215.226163755406,1038.60527549533,828.139296946718,1414.14935802353
CISD3,1049.9596105763,222.028806220419,267.867830834095,3761.13878924224,1.51229172260241,2607.81498582206,3357.57683413791
NOSIP,268.43376876632,419.413216508475,654.171642015197,4651.6878900653,1.79789499441867,0.000155054236115597,4670.41705640827
MRPL11,565.351248522075,67.9716188342281,3.79465225148989,4790.08048537306,2.05832579065827,1862.03706906189,6985.08669326746
PIGO,1207.58092173945,2199.61659699982,912.085300574557,332.027792970953,1358.53621510161,2163.72188822538,3893.26004454011
BDP1,1103.37974428752,1189.26134072504,1291.01792770538,5.62568573846564,885.48282237921,8.51051399245511e-08,3.44252717258775
C6orf120,1274.82359602086,1472.28380864569,6.82132881016252,2103.22142841114,204.322699125476,1.24859474635497,1405.57355573423
CHGB,3.48144057597611e-31,572.888598155936,2.27243293180337e-27,262.095706606189,1.42791958275793e-26,2.32963405906094e-74,317.165311973716
ABCB5,149.213200633989,375.937437947758,3.49055224995079e-58,8.24451271582173e-59,8.6342256305147e-36,1.08581137896203e-51,9.36704380783872e-25
PI3,6.06204464369255e-54,1.17793582224921e-29,1.72328948569769e-36,182.044646331991,1194.68966978057,1.00694172230893e-46,5.46740007660494e-45
TDO2,1.33917186453298e-09,1.28218109647453e-24,0.158423141783247,118.082939384728,4.46233190096264e-30,15013.0302861627,7.25931435686839e-12
PADI3,1.83608157814707e-33,3.85783372057683e-37,1.36671665168309e-36,5.42984738533353,756.867976480662,5.27681284135669e-64,2.20173299298398e-28
CGA,1.76283056715471e-96,934.599682625683,1.82699400730524e-58,7.33815623265554e-53,9.66150901032503e-29,5.69296107765614e-90,19.4486021710797
GAS1,3.39181505763424e-17,1.43323556391961e-32,2.65233902330447e-37,2.18780093398752e-29,5.40086665987745e-45,7.43939873231198e-50,1.15557757264083e-32
NMNAT2,307.732299828315,1.40379684496361e-25,1.5333574878462e-06,353.993889727373,2.31050739878964e-16,9.26856984972661e-30,3.342749509301e-36
MYH8,272.640106438281,5.71028763382639e-34,489.451086787383,1.50808488529725e-17,5.81225630108846e-07,4.71939096767295e-08,6.31832213623585e-18
FAM24B,2.14765405946427e-55,1571.65310414563,6.72126201207976e-46,769.491335590835,3.36108853569731e-56,0.000621069719195245,2870.20249741022
SLC16A7,85.8179501006476,3053.55505490557,7.43026786979441e-14,2.44662302689259e-22,6.89194585409676e-21,67.3915971053896,0.412393539243779
PACRG,1.79145442486797e-49,1205.69565107812,2.75740017515379e-37,0.00663926932453439,9.10812899616615e-38,6.63732450622301e-11,7627.91029614172
CASP14,3.00647038265962e-117,1.27511016509023e-67,2.08554615574107e-61,1.18641087875626e-58,2652.77975638341,3.72620532816053e-96,4.15185926625121e-45
FBN3,5.77587876609738e-66,2506.99972919131,9.07687707394567e-35,1.3183766732314e-62,3.85640206299017e-31,1.37658434520443e-32,934.931262218856
PAX9,101.692122151462,6.65624978894009e-60,5.49918052822148e-79,1.19668571310008e-34,1.84575494438262e-42,50.9014152346754,6.31129638539988e-38
STXBP6,6.18418181274358e-12,1916.66476131824,170.844355571261,1.05681070907098e-06,1.643469044625e-13,2.03925622000083e-26,770.846225469927
PRND,3.63849929857299e-29,6.13415457818614e-39,2.84563197654341e-06,4.58636245529985e-20,1.21614095979342e-46,1.53738047844431e-14,1.80824817345141e-25
CHI3L2,1.06051322117862e-18,2.63151290958893e-07,6.06448163866447e-29,5.25599592123676e-25,332.614087560429,1.72230951639022e-22,8.57689895099867e-17
PCP4,1.2660491526467e-13,1161.96370086005,2.14846422703616e-35,1.06412011136459e-37,338.528234447427,3.98129355710036e-85,3374.76594758763
LIX1,176.940377045664,4.87628387542551e-18,6.13789774050461e-08,0.00906539239514375,2075.90562057781,2.31339311149337e-51,9.62614196683919e-25
LIMS3,1.97286501995558e-65,2022.76324348302,2.50215329574968e-40,494.094318867339,2.21246264326034e-71,1.07654513938315e-41,6.128941066474e-05
TMEM158,1.3831900751162e-62,6.7580904975665e-36,7.11688300097338e-52,1.38528112862847e-34,2.12667357602331e-32,6.47863395848942e-63,3.51441734382148e-38
AGR2,9.61703010802034e-103,1.38975622769575e-56,6.03192478062446e-56,9.30523988374728e-52,3154.29919937498,7.19727580959429e-58,9.19285537392982e-45
MMP13,1.41357123697974e-103,1.93164475567841e-78,5.2744217014613e-93,5.74488947189358e-54,5.93599873925695e-70,1.033715215573e-98,1.6401636260469e-63
FOXI2,1.29105224685193e-54,2766.55125762108,9.16160265548656e-34,5.75456809849998e-24,9.66368934442299e-36,4.55606760965968e-11,0.242936236941275
SLC6A15,99.1786097076489,252.041823148598,8.20738304628822e-76,3.7725327882354e-35,141.051385746273,205.939050119282,1.00513265568413e-26
PART1,1.10878414869678e-64,770.132409148853,5.99263519202385e-52,5.77255230788875e-41,2.05639587302211e-44,5.09741609622723e-22,7970.58526990282
BCAN,1.38934157279743e-27,207.628705203715,3.97218940512991e-56,3.18850005186087e-31,591.08064452831,1.06360540412793e-21,5.80825375058956e-15
TSPAN10,139.996196775078,325.379943151442,3.67555614331142e-45,2.07619333163733e-29,0.0114521498055413,3.78383531974925e-10,1.63613745265112e-13
APLP1,6.484144844194e-25,2.72511469505173e-05,1.05828438513463e-11,0.000356478003352011,543.135208925519,3.77052154911992e-16,100.833188624315
PAPPA,277.436900974331,203.891982431127,1.20535821634473e-25,2.0028972541981e-05,1397.85377556736,2.54153809040888e-11,0.000432871052308541
ENO3,185.994869978048,493.50732279528,1.51725362032285e-18,2.94242615445765e-20,2.28979347429325e-08,421.40493497043,96.538062677656
VSTM2L,7.93390492361634e-55,7.72732418731715e-52,3.10519011241162e-55,8.02701677914968e-11,1421.24375740448,3.95595375543702e-58,2.25479566183525e-52
TCHH,9.51588641331226e-64,5.68871468217995e-50,1.60207033935131e-49,3.54698408817451e-42,196.208117061547,4.1051723982234e-09,1.15532219294097e-49
VNN2,2.32347924144074e-07,5.9634118257356e-35,407.46528469101,2.5535082007809e-12,1855.00672914306,309.743160165441,3.50453738930755e-13
APOD,0.00691834754832949,2.01124058644224e-21,406.918222104041,365.799512815582,206.287862219961,7.85604156021844e-18,1.07198624970631e-05
UBE2C,2.29968080008524e-25,16.3762184970074,8.32255865572965e-18,328.09988794179,807.908008458678,1319.58720364792,4.98723091248576e-17
ZBTB7C,4.16665778631367e-24,0.135069383481993,3.57853588160067e-22,2.55109730875486e-06,343.918477304515,1.86711562359206e-19,4.83965437960675e-21
UPK1B,55.2014838742327,8.43616485645408e-27,9.26585000526519e-31,3.66434702416051e-18,825.380123980399,1.79018271441213e-12,0.000129359786590956
SLC16A6,27.6049000864236,83.0458837427114,1.35038326469519e-11,9.47932109162649e-23,7.82996740062925e-25,3.22990055903458e-45,4.51481907827023e-16
CAPS,2.23942287363668e-22,697.260334894206,215.531467335108,1.16213985265385e-12,1398.70469475583,5.18483699873468e-63,5373.87969708296
EPS8L1,9.28765584550318e-19,1.02946585095658e-12,3.01269717380447e-08,2.75082935646828e-10,3004.58216024894,9.47970502120931e-07,0.0195838465207298
ST3GAL6,1.82891410377464e-05,1818.26418149131,154.751410914545,3.23154246070257e-06,2.21694556660575e-15,1513.16189295201,5196.11235501535
TMEM100,0.00012780360367854,326.367489279518,13.4498740933017,80.5982731883905,1.69865273609485e-22,2.68142403288279e-18,2.11175636474058e-22
ENAM,379.191576909186,2280.96122712996,0.138625326841677,2.80551826058207e-18,1.30539151773276e-28,8.65407350228694e-07,3.63404168581924e-30
MTTP,2.5717103884194e-11,3.59595037132292e-06,7.00390367316533e-34,177.751135752065,1.02435519967274e-07,9407.33351843031,1.02752094180055e-19
KCNS1,9.87230303747896e-37,5.97210667365646e-13,6.75607870691987e-30,2.03018014371161e-30,966.001622517352,3.77564192393509e-15,6.79008284728482e-20
SLC22A7,176.365841366058,5.81931989235931e-34,1.78702440123003e-24,3.16086273282109e-27,2.32983172971935e-44,8219.07391027075,9.89622272546982e-21
FGF1,124.349492791163,328.292525705341,3.3672525525759,4.03351709544232e-14,521.641541886518,238.585636680423,99.6062644393366
COMTD1,0.0958962671476635,3.68429840872941e-14,113.000583080459,858.347842832551,0.0789905651360834,8.50253458063486e-08,8369.24550594549
PITX2,35.7374226900737,33.057723740495,1.85165316503872e-29,4.22664959445463e-08,112.688672759054,1.68814842084685e-37,8.09082004951003e-37
SYT12,4.72041529973943e-23,2.99701320946674e-41,3.71676878481685e-17,493.777573863202,1540.97255356527,1.03222842550777e-07,5.66550523056337e-32
ALS2CL,1.8168734071876e-18,1997.65878745652,602.995065893885,2.61798162780269,1578.3068207883,0.0351662323282449,0.114901565376045
TMEM132E,303.87923859532,0.000107990098901627,9.08589815469655e-06,1.04903006406812e-10,71.4272441521112,1.26153243331324e-15,1.17711133917818e-17
SYNC,3.65402826613296e-26,62.5284197308015,132.278232002193,0.267396569013598,0.000452471745140231,3.36281915682844e-40,286.650595602848
C16orf74,3.94241442852422e-25,3.05244464697772e-19,1.39038967059125e-27,3.61714994702918e-19,12.9500852234692,4.41771207538291e-44,1.52140668494765e-06
PPP1R14D,2.58088323983409e-16,6.8527803366074e-39,6.54771463846687e-33,6.820992973959e-19,1.89431959833354e-07,6.42197680210889e-15,3.31275826360469e-26
TCF7,8.37383555926977e-09,600.798505155313,199.112725364257,168.178784426767,1172.82144313645,0.000138764784544306,793.10938659082
MT1H,1.05857918218811e-15,2.81697994996179e-30,4.20154802458212e-23,362.558469180606,3.84896745388418e-16,1.14264299478285e-18,2.69226353853676e-32
CCL19,3.31883130197289e-34,9.45513287777453e-40,1.27077137859415e-07,9.91002168643096e-17,49.9765753783489,107.295812775198,7.10742001751911e-15
BSND,1.72680263874618e-77,2073.79322057764,1.70051723417022e-56,5.90241559040416e-35,6.97554677856344e-60,733.390415698346,2898.14618126808
MUC16,1.47543543978798e-94,2.61961936619232e-112,2.22246723336864e-93,2.4885071626469e-37,739.012719271637,3.52863225932391e-87,6.98702886807237e-90
FST,1.00603065800486e-23,225.066613174642,9.16516986762437e-33,4.55841727792201e-28,1.46802243142085e-24,1376.45323803123,2.95516375834609e-14
BCHE,22.5789690066104,43.1346866759895,0.00827627924335318,300.371047768023,590.821912284224,2919.16690320981,1.34046418152658e-25
PCSK1,9.52690553172751e-46,3.83378185026966e-29,2.7240403084551e-30,6.95240561463121e-09,8.66584002880242e-18,3.83966300395251e-53,8.34960210021431e-44
FAM57B,1.53055419261599e-70,9.41379465505524e-29,99.9720509320013,312.270941748495,5.88751355900415e-12,4.518940087817e-84,5.58662892663086e-73
POU2AF1,3.34966281853473e-35,1.5310642033944e-23,14.0989156220686,1.85798011339502e-15,29.143487115689,7.33955197485205e-14,1.81085503391979e-36
HSPA7,1.52041932324747e-11,6.47595434062654e-11,856.559794331788,3.03885318703426e-05,2.49791277543191e-08,2.26083486476668e-18,1.14958717721162e-25
MPP7,217.177609693943,1669.73852313194,4.85641503836372e-05,17.0681929476323,8.22193392807918e-11,1535.79517169293,5289.9573859813
HBG2,43.6199308631513,2.85561067284458e-45,346.156054139389,0.0134216859475001,1.91765091201238e-41,5.30216254144437e-51,140.432254955823
CYP2C9,24.4932806048451,9.54646871696249e-14,1.63425768326608e-34,4.1744886211237e-17,114.221707207449,11639.0648843897,0.00284654848089981
CDH17,152.49415208867,387.490719200306,9.9283038486649e-52,5.46086578882491e-40,122.932625360106,2.04599121327042e-05,7.28604145747601e-17
PSD3,52.3921841618004,2177.73113378404,1.6399728053321,7.00370721935715,499.501674832814,540.234595776473,0.000117264886849569
FNDC1,5.48147719618024e-19,9.13566865066824e-27,2.11087987256582e-11,1.9949735956449e-14,2.53672573215354e-05,1.46776573115715e-17,1.76756562749714e-14
GREM1,6.20196339346553e-24,0.231333728615538,6.99997394766323e-13,1.01346484269309e-13,166.384934148234,7.74563546936169e-30,3.17263200611126
CDKN2A,14.7747848235877,1.0267224526156e-23,6.87808064892995e-12,481.695885291731,0.00105251498932339,365.822796600042,149.564427581553
CCRL2,0.00226874551058188,1543.86254738217,300.40681744306,1.50446212064268e-07,3.78395929288337e-18,3118.86828109398,639.393668738807
CTSE,0.00558746392548221,5.90999283636846e-33,4.67248397736982e-32,4.47245553686272e-23,227.30191885576,5.32580071496704e-12,3.05552829886126e-36
TSPAN8,5.65040062125564e-17,8.89670218416969e-19,8.62565640637727e-07,0.000312478516124799,1006.36639467561,2803.25760362149,5.98304975390168e-21
PKP3,3.01086031931341e-46,1.0596103939083e-18,1.76128465876501e-34,0.225405373560961,2169.53913932579,5.66331048010485e-21,64.0185894449291
ARL4D,0.035910628656075,1391.13179552642,0.0742658169788628,911.668015875691,933.21697712448,999.421727447697,3005.85414313661
SYT7,1.38241606954677e-27,1029.0274749182,2.88218802801417e-17,8.81020333770881e-23,4.75757797415477e-28,7405.51391325986,1690.51696381448
SERPINA4,4.99109360805979e-24,8.68745363865143e-24,6.07763962564948e-40,8.57188702945136e-27,474.604543234371,12570.8682532067,1.27144910428479e-12
CXCL2,2.92164762795673e-16,1.85232741522047e-19,1472.12043381318,1.12455399886206e-05,2.10904600747351e-12,1385.03430290924,2.97214467187264e-24
SLC43A1,1.7207430921005e-07,1419.05574471845,73.7733358792682,36.2232430270439,4.38178687927709e-25,5433.99917580702,1336.93574737446
ZDHHC23,280.816298985894,2473.17714578299,0.0235122368038255,1.17949555468022e-14,569.731080877987,4.39413486670876e-06,825.214386684777
PODXL2,1.48303449253774e-06,335.257774304708,9.15242374339155e-11,507.926196414029,851.95377405527,6.83532811593742e-14,916.574537030985
PCDHGA9,309.708499404562,1.11379487460485e-08,240.926677185611,8.46960278618784e-12,0.310370418818021,195.899587762822,1.44587917301338e-17
C15orf59,7.47998339204325e-30,2094.9959609016,0.053972462053044,6.41571577140204e-24,2.03799307329726e-28,644.718642146722,2269.05713050122
WNT5B,45.1837488631691,32.7759645316425,3.20726331951451e-11,42.2198012491774,397.160021421542,1162.78548583751,1.3449449936169e-21
WNK2,1.50860923984286e-34,2.77647157040767e-05,624.154568544516,1.69681928277422e-07,532.722089848184,0.55819504178478,1.52656711219425e-35
LOC643008,9.02470590807989e-36,1731.0610830047,3.99225029408567e-23,307.912836166591,9.44260347461482e-29,4.50326632137381e-19,3249.17373303167
TGM1,1.52252914771625e-46,2.24878272561115e-34,242.405723878688,112.278925359763,1365.6991330379,1.10341455949114e-28,5.67059215533129e-28
GMPR,56.7932168761621,2122.93325408554,0.193960715314838,242.116103334422,488.265257283319,6.51974529201352e-10,2000.31451430056
HS3ST2,54.2905108990386,244.316690548315,4.05913700678288,5.86161307849771e-08,1.63356087470632e-15,1.34880129711586e-09,3.75229490365044e-05
RGS4,0.000332802176259424,68.2135770237042,0.229809044634615,6.18645786209079,2.3180782880671e-06,0.195618423188121,205.892337644848
MLPH,58.9726750993899,388.396254869365,1.717449368979,263.572515848859,1276.3316399436,316.582159355079,9.36427948745167e-14
IGDCC4,5.97457123044156e-18,4.69962731100512e-06,5.25293262671683e-17,0.174324301779847,957.193656715536,1.50500518222147e-30,1.34130728556171e-24
EPHB2,0.000443885249734634,102.697729364194,5.71091134226913e-21,0.000258992035112866,875.7474034605,3.62867005087248e-17,1.58603043010943e-19
METRN,0.198289937305691,3.34185313562061e-05,243.299739486316,830.806896172643,324.593161248666,682.400381616048,4027.53837900846
SLC12A8,3.01994390330846e-11,303.461881632275,3.00735686643774e-22,1.41930657223692e-11,784.100898944894,464.332613838018,0.000754335351965036
FGF7,3.15709357452199e-25,899.292691464942,0.000106061560017488,3.96770201391684e-18,0.00579751179615555,4.23063158567742e-62,2679.60162556061
SLC22A3,348.007195642711,1.77193476536996e-12,11.1322513523276,804.529904279748,132.151190788355,5643.68334773675,0.011544890258203
GPR35,72.2045640661009,5.77026747132708e-14,1.15511564794186e-20,434.148087050743,49.9043286582789,2.30100992248128e-26,1.3109677156459e-15
ENPP1,346.672736068029,579.2361856648,5.43283326783811e-23,3.96790718881966e-11,41.4917274654296,1136.62280178002,8.42924733904009e-16
ROR2,0.000412194778604999,116.567125074589,3.0534223676534e-17,0.00144837163548585,372.238482668455,1.09394427270699e-09,1.16091395482752e-18
ANO4,394.46022302639,1353.95440152451,322.216158520581,3.42490686502825e-06,5.29566442850203e-19,366.903358884907,656.887362320024
IRX6,187.405974797083,264.982169405797,3.76738437513104e-18,0.00562212351074387,102.525405528642,8.83886550587212e-12,2.47628187706262e-14
KIAA1377,222.673739691985,6.73684880574431e-13,534.769066318825,141.225490664384,1353.63344133128,1.3354922175565e-22,9.32025161138253e-27
LAT,8.43796215260525e-18,4.60574302409123e-13,235.326774689076,208.650204086777,578.385102214884,5.42222597884349e-16,5.0281351962534e-22
PXDNL,95.8188561362246,309.327711289114,151.571089874099,1.3016036002533e-10,4.99066669302104e-13,0.0330165143051732,536.602288349003
PCDHGB2,282.845152819526,4.29229775489642e-29,339.066608737955,0.00611487455574738,1.51202264226431e-21,7.80023402918641e-15,1.90239825309476e-24
CXCL13,2.18506159594095e-31,2.63102049352416e-25,2.44293234246091e-20,7.58183845615016e-07,177.426236589812,872.233004268062,1.07023336854598e-21
PCDHGB5,239.655326520688,204.907980306809,0.0718186523387167,233.927735261668,1.02947322644748,137.36536003094,0.107719640892577
KCP,347.529097584166,138.571170502454,353.791875006654,7.64672254177398e-06,851.743080990069,5.73453172089909e-12,9.9370561901471e-14
TEX15,185.196335633197,1.3742899516684e-35,461.042817978758,498.270430385045,1.16597315809956e-35,3.81317717970199e-17,1.57837767525028e-32
FAM13C,6.13053526164624e-16,1436.8685438489,61.1701498858418,6.31696633859921e-11,5.57930541765856e-22,2.59444010367379e-52,4227.30511877573
MFSD7,16.1896392613426,3.46815200951772e-11,107.594631590841,1.65369839215143e-13,251.183978672326,4.74602541068626e-41,7323.93096513959
MFSD4,381.325381091837,1.80236923656047e-09,118.714386914469,103.462549590829,334.44943017014,9.75181297852918e-05,7269.2945218766
CDH4,424.290090364332,9.57076416103382e-36,284.21806219296,0.00573823556791359,3.61744940333721,5.15561131418651e-09,1.96564180481899e-25
C2orf88,215.656809650046,2082.06172245414,8.34776199414732,257.572790930206,1.63873599455288e-19,691.982670318154,2221.85458916751
LIN7A,358.172241591368,1738.67690540927,299.944805070532,4.34417616005837e-06,2.68126427436002e-24,0.0929888394991843,2863.73918436271
LRRC17,105.480269601286,1.06643521042335e-18,261.046924522076,3.69157142177403,4.0983091826014e-25,6.54745930131123e-30,2.2687807457326e-21
SGIP1,3.4362036432128,7.04444303097963e-20,1008.38552861822,21.5858025434736,65.5841136202875,1.16666082407175e-30,3.95484755530371e-20
FBXO32,229.499806114305,696.215873137802,0.00422374451847079,0.0071559732172053,371.833747682899,2.97760360819129e-18,721.966054625921
CALCR,0.0110133363508404,23.4861123794382,308.894084872806,120.986680278066,3.25558005156164,2.10735869652232e-30,2.42036628889384e-06
CACNA1D,236.167550976131,1458.34248229411,400.056975652375,2.70055799171947e-10,896.106034311949,792.152350498353,64.8265499362137
SEMA6D,205.932352367048,742.544107080186,114.466731767689,8.75654710570281e-06,899.488123350363,3.60807839967879e-08,63.2028568282269
CBS,167.94916267391,70.9953520075394,2.44162296311235e-08,325.276988455662,1644.43450557836,5733.8646507248,5.11107677337386e-09
EXPH5,386.132022065658,1884.84143839743,155.746397663798,1.15386519343976e-08,104.731558499908,7.11487377260769e-09,908.6908093751
GSTZ1,220.283120143045,709.397200510423,224.574660001024,637.084436787736,0.00247444818967214,1186.61027917171,5688.13834470536
GALNT9,122.672929216525,8.29057541186874e-32,880.047804935672,0.69800996869308,18.0644055861304,2.5275940371424e-14,7.38564124933327e-24
GCNT1,0.000389207929232705,1438.3702388907,0.000290588500484994,1.20746221729074e-07,882.836094144724,4.5628485507687e-38,663.014361840034
B3GNT3,336.525576547932,4.72894043511156e-26,1.82370235274436e-20,0.000332321489986019,752.429885913438,7.98756054136467e-11,0.000930954822313411
LOC100132247,0.000207027674825765,225.263589992622,1349.34102367103,0.141587833716192,6.59539649197038e-05,2.06976381731662e-17,1.30109733887348e-21
SETMAR,0.0317496910142082,1817.40816492518,173.259703658149,82.0268978435703,6.91913462690516,1562.88847709181,3607.71101023934
GRM8,223.069848110234,1.34941104383136e-25,763.393942478554,0.000736473809401389,113.0553224681,1.88262387466238e-06,1.85932009887045e-13
LAMA2,0.00234740826806256,663.351947873691,2.60590671979338e-07,6.72889940351792e-17,127.225743590485,2038.31048482208,1.29931059949109e-12
LYNX1,129.722574732515,1188.92940105352,128.813170461843,1.92543003941504e-05,1155.7979506069,3201.59139795118,760.347012135088
CXCL11,58.709208566397,4.37065772630782e-31,0.396329434706284,4.00233120048628e-07,4.15758038341417e-27,262.625175290266,1.13671248648584e-13
CD8B,3.5880830089475e-06,3.15556422600106e-36,6.24413003125774e-10,5.28860576017032e-16,8.68232251415993e-18,7.04774727235822e-27,5.3446688560552e-20
MST1P2,68.5350092386,90.8366930466887,893.371615718177,95.8683057615603,988.528994477605,510.48699724929,5.42834718361734e-15
PTPN7,2.16491118920269e-11,4.70004657879905e-25,191.427547471272,8.07275560389383e-10,5.37070003031169e-06,5.31345102662507e-13,4.24463321866712e-23
SCARF2,40.5476378674389,1.77314281804424e-05,85.714233949334,12.9477236382042,24.914096528689,6.17813781052529e-21,2.5108190238216e-16
PCDHB5,190.84573012974,51.5259520551457,228.362226693189,721.229270647549,468.694604128508,371.340550987846,5.66752354072876e-19
CCDC64B,14.6673718757628,0.000972164481793106,1.73214302793688,496.60303024468,652.705991222396,3.221865804948e-28,0.675695846699892
GPIHBP1,5.07574699079898,9.74780492849907e-06,798.1072346315,0.00123411772938792,6.30368444962587e-29,1.40832716795691e-13,349.449472372115
PAQR4,94.1992111196709,101.586768126291,243.090575456998,693.137433891285,815.707961711671,475.170342066179,0.00617732440323547
SLC11A1,0.0126526362673082,18.6134525445522,562.115036614844,6.93610138648635,32.4072772307895,1.01346657011276e-06,3.98965253781226e-06
PDE3A,159.82889284802,1.9136271534187,0.170506036825822,1.23572004372532e-11,0.183895678482191,1.10345716775363e-12,8.32882065312284e-16
SH2D4A,394.882800091778,1866.16563312441,1.43122314576178,499.307767369813,503.037615663915,1.38922850942715e-11,733.78884507208
HLA-DQB2,154.429931215305,5.49284601537378e-20,0.00558783698742475,9.24370490498812e-05,1.3190831687898e-08,2.63029719684168e-08,3.0300728561427e-11
LOC338799,4.2570335626513e-05,654.51769290607,1295.92369355898,21.8626442400694,543.503743445803,1.22898206063607e-15,208.383465676554
CABP1,266.086728334329,3.01103465575146e-33,914.914935651706,72.7726630032643,1.00996004139646e-27,2.57990631644322e-27,5.30694616245018e-22
BMP4,245.036709810731,122.836538606918,378.36366055889,111.759982359848,49.3505598087854,0.000401055945991897,0.451507473781659
KIAA0754,278.105106008646,248.195548509386,0.000134457556425515,1.02675754015318e-19,802.731686892213,0.000329240861514385,1.92790858602051e-19
SLC14A1,51.5899077444551,21.9499928078544,354.794906251689,91.098536486649,525.625405534321,4.61469498171885e-20,241.421363606876
ARHGAP9,3.33569710899189e-07,3.95087537932123e-16,579.781044143463,3.26556326845661e-07,8.34432985500867e-08,1.4131001412778e-12,1.30619495927906e-21
C15orf52,0.232216685718285,1438.58149754812,587.210065824762,0.0325679260358011,843.639617124809,1.03990666217797e-11,0.0723494105689666
SNAI1,4.14838728173467e-19,1.13950738140131e-14,940.404218848154,3.50890769364773e-06,5.39833904722948e-08,6.92523249106858e-11,6.93834503530088e-08
LOC399959,66.2278062570037,586.930442601993,134.824586144909,545.185153494993,5.39595198864073,8.86526816291055e-11,28.8096100281769
SNAI2,42.8381423845194,0.00465247347881332,153.778085358826,225.566340898013,1.32680405680194e-06,6.28228314470703e-07,0.00573849544066237
C6orf174,217.249785415818,1.66829869843762e-11,807.783628668527,224.895524059858,351.973143168692,2.64523710812276e-34,1.50125300686627e-27
PPAP2C,0.468107269799155,2.03127255140909e-09,0.963435213255104,1046.29337211746,1146.44314451196,276.244128938588,1.91681551073557
FOXRED2,507.552729412319,701.854743320985,0.00368421233634505,0.00137722613747143,150.035282106323,973.639378422419,5.82277184724343e-10
C9orf89,80.6131105191533,1.0131994166841e-11,409.669130177779,1321.43867624009,14.2145943061357,7.79452103576612e-18,6209.62294409129
CLCF1,182.478092739822,0.0783207585561742,1696.35225467179,45.0265305294799,1312.69165761261,0.219174320828927,1.06057118619271
FAM58A,74.4919760583839,239.634569335981,68.4719938559936,1154.12072028347,1.32241198539333,654.32930567555,5978.4541626676
COL21A1,40.3429542784291,1.02811999850482e-07,514.595914229377,0.000108470862739536,1.73673207637565,2.81091986002683e-11,2.03227201381354e-09
NCRNA00116,20.4665405314564,3.20326007733216e-15,17.6462473759001,1284.84994178718,7.41980698305676e-06,1.60252295832317e-12,3647.66306603163
MAMDC4,6.57740324038527,169.089749631115,1248.3759112176,0.382754301131623,229.724737453617,3.09662515883174e-07,65.320585535097
PLXNC1,296.528007149596,8.49083966223122,1.40739504484394e-16,9.33920960655815e-20,4.77414462381417e-09,5.73539040567865,4.24545231729826e-18
DKFZp686O24166,591.038976889921,1445.32941696714,76.0651889549705,2.21715991524386e-16,4.17645802004727e-12,6.79445266931976e-11,0.03405104360109
DACT1,0.623530584597674,813.264990817081,0.237851601978433,3.17501131590042e-07,0.000144187382206253,1.55503703474511e-16,0.394653946978724
NGEF,435.021488423574,2.28630124470686e-34,1.52847881152011e-09,0.106669218079848,611.572848833987,453.36746998366,3.04777451561369e-22
NEXN,2.5326926525654e-07,787.346177913775,43.5266344012747,8.60557375045925e-09,2.27292936117392,3.59144953652493e-06,9.64169808572283
SLC25A15,196.060811636454,1138.15391508972,1.17937414465161,684.805872665553,441.462013906971,4492.15805088254,845.269286784892
KIF26A,242.114680968498,3.41715996989616e-20,652.157362683188,23.4090557587785,7.11385883396899e-20,1.13281482342439e-14,4.92837133084182e-23
TPSAB1,3.35971975688968,8.87471795995585e-13,711.34717684954,15.9326121098059,6.96804258652998,1.4671695054669e-07,4.16997130530657
CD84,135.618910943711,68.0949732331557,1.66830469476996e-10,5.40052671823863e-19,4.99670155921204e-11,1.34187102076584e-14,9.1309957660893e-15
SARDH,310.38757522593,5.31784835358518,0.00862499314206039,0.00357509720568467,201.536489536639,4121.17324990882,8.49863782862251e-10
CACNB3,4.82851293951671e-05,534.390432537482,461.14444687094,781.258751817078,1595.22100967975,908.132632105085,405.926257124135
KIAA0114,146.137219285107,638.629652107394,4.98403695697746,1528.54029997729,894.893149575093,1258.35931783315,2204.66794433843
C10orf125,310.35678710032,1.96862440076353e-33,2.43319147740517e-06,832.471141525448,1.42223100774248e-14,958.525129010367,1010.69449387234
ENTPD2,403.14496293424,144.078398610045,811.199766119702,195.017289969037,20.200528884342,4.30372618611861e-27,441.189446497993
FAIM3,0.00232796378145177,20.0625263699042,558.641971657534,0.00594855159361074,2.97832754000419e-08,5.10288952910052e-07,43.326477876098
GPAM,366.144417654393,933.182377651756,2.22015512388221,0.00810068255779949,518.04232632328,1482.9171162209,2399.54928240267
GPSM2,107.623016160033,1937.46277399294,271.082096820315,107.793696886095,185.920733980341,562.703839907086,447.133170130488
C1orf113,48.1202635841186,3.5684647604398e-27,951.183562502328,383.941993355202,1221.04984073516,1.28902227923304e-17,4.57122603520188e-28
C17orf28,86.8996537862214,293.021452186171,750.530083658291,174.349637186568,656.554329016229,0.000216422123292952,2.11362298141015
KCNJ3,611.327949047353,0.00286401583342688,441.37941254287,1.23526239948178,5.32593256239566e-22,1.49655119542618e-12,8.50157340528999e-20
ALOX5AP,150.629312862895,271.529238890453,9.81217276577773e-07,41.543335054915,479.30807839795,339.211769059734,643.627135346413
HOXB6,63.8907360568841,859.671339257129,508.779626631678,931.153284576005,1886.99596387512,3.68876917491247e-18,860.108727837546
OSGIN1,188.144364364677,356.460295175154,465.502292868612,103.180213085587,173.671449092983,3616.5257558644,0.0408445020258674
LOXL4,251.87872281298,138.417389211751,0.00889856904243622,297.226694671054,363.629947840116,3.124548693061e-13,5.94272305137999e-10
CCL3,0.203870830155762,77.3615786976942,782.703729034573,0.0016175207969951,0.00989826114232351,3.1157934525398e-19,99.6657992857238
PALM3,312.722001440782,80.4453204901,248.818097150638,2.95597435734805e-06,0.0466741363095753,316.595182018631,4.69522363986432e-12
CAB39L,444.880064746215,1658.79257809702,0.702178028622614,450.194275484524,604.114543534257,1.89838934695891e-21,1131.93268446635
RNF207,29.8050329367854,271.638541818375,1012.94476621104,2.06678733474612,610.026304573328,6.6012433895515e-08,2.14583504904469e-15
SELL,0.0108913107491838,3.79539554144973e-08,340.241057878243,4.86159305252422e-06,1.47910051518903e-05,4.82454523162793e-05,0.000232093127458436
SLC2A10,267.170798820333,163.091075243985,0.291580789161757,0.000236419980311571,446.400502594389,1382.58944545163,1.44366850127392e-13
LOC100132288,3.22062215789519,788.662128696715,919.638617394201,217.721910064101,185.285910934046,3.31035616738092e-11,0.322880394363934
PCBP4,5.74101027773301,587.652612426984,698.820575554422,304.98226695757,658.292673501294,861.232639303039,3944.37005566851
ITGA8,249.088109425744,5.24174162682529e-09,0.41316394294662,8.60247044844101e-17,168.615970840906,3.26923232974552e-20,6.41564683783483e-09
CD3D,2.93388614933957e-10,1.77404606904645e-35,0.0732911936620493,6.44213942038919e-08,1.33147756003384e-14,5.60301748453471e-13,1.58695828943702e-12
TAGAP,31.1114380987965,708.935211248615,200.321037674394,3.97544480102863e-11,8.44463833260516e-07,8.38735994466568e-42,939.67303997622
GEFT,2.43084063183264e-09,0.0258115385689416,355.254588891313,318.81631549661,820.786223381509,9.00925200153793e-12,0.000187883891753194
ISG20,4.566034951315e-08,7.37027634471834e-22,580.644785795069,154.877887093574,588.087104441127,408.091796048675,1.36813007270626e-06
NUMBL,1.27790113313172e-10,9.46965299683285e-15,505.151800235644,551.453412541331,988.088323946254,2.71242001478475e-13,3.85399927001599e-27
KLHL6,0.109739271611877,0.456370930575433,638.015762074493,9.36242362131336e-08,1.83223280827943e-06,3.49828469924625e-11,2.51844813607472e-17
SYTL3,158.769543126394,2.1481906717769e-09,520.789893211835,710.863039711358,1240.38166942493,1.96271502718335,7.99208387716851e-13
FGD2,0.298837794912692,2.66925635363408e-05,700.44134021162,6.26542614722116e-06,2.26675292093262e-09,1.59615291797417e-09,3.30081888123423e-16
DFNB31,37.4578401025627,198.867218423009,922.737628667087,118.316487998366,1124.25574303851,145.556715853243,1.30889923000818e-19
OASL,9.25068201208401,8.62681661452022e-18,271.26904316677,84.6506381474517,276.301526225908,2138.72950560149,1.45756881733096e-16
ITGA9,157.228223987232,304.390273675594,1.0379549268584,2.61461437437194e-16,1.43466548102555e-11,0.000238115713546249,0.0746970139404262
GCHFR,397.461620626989,2.73644660352152e-24,8.01312110185098e-11,691.414195393476,2.85637104302054e-05,1173.39669009567,2047.58611293334
SLC22A4,654.061348005769,1.79354575684165e-32,562.901503031614,140.687621452257,4.58838223112141e-16,5.45133010289693e-33,5.46093695292907e-20
C8orf79,250.072590662332,1129.52989513989,575.590044927156,0.000154971980663809,275.385172726563,7.1713542322619e-30,470.784144279434
C7orf55,161.310933221523,334.556836971202,91.7529123869518,1641.15765802346,6.60012497813791e-06,0.000554637952525929,4635.99017856688
MX2,1.50630476890462,12.2779658216795,409.68898940566,0.139788997956321,197.404600316604,0.00318347354469937,3.15017312253921e-08
FAM165B,163.082721410284,361.798257495913,57.9285799989747,1424.5799831356,0.035889406298884,1.13214790594906e-12,5507.27656946855
FHL5,132.600027837943,2.58617599725722e-11,185.637103190266,0.0677117617802285,6.70029731905858e-06,1.07690798106313e-12,0.211187717837276
NCAPG2,361.978443013138,408.888494199177,29.3488976510984,139.772715190952,452.800452210825,479.927672956079,8.02137504012108e-18
ARHGAP33,8.5577248529245,5.07846671555919,1485.11389365487,251.871280938752,5.04305937924386e-12,9.73246055961053e-06,1.18776305116589e-23
CPA3,135.89870432452,8.34257184847314e-05,408.444198525571,0.623781114452383,37.3874218184397,1.56951191740735,94.8170631978583
TMEM184A,121.851581239915,441.592956160953,496.117120499452,6.55889425644646,746.174445587619,436.870087592721,0.0088785209378971
BCMO1,491.958572510736,129.812790281719,1.93969517657106e-17,9.36225308547676e-08,225.399262408257,0.0874322108537108,1.25910799672094e-15
GOLGA2B,85.9453406337505,10.2868587870347,1271.97646493909,0.763003343959597,0.47025917249612,0.00045940267260032,1.67341494673203e-22
COPZ2,91.4982922767795,100.975376499699,11.9055473581607,534.125638172633,243.411465923687,8.39206353509711,23.2950328182406
CRIPAK,92.1646084904247,283.856876107509,1233.33418192263,18.2438354754002,673.116506991514,0.0272023839712522,2.36919196283919e-18
LNX1,239.159768976998,1459.50147007056,270.053408708325,0.205670407717017,272.552043770035,302.058975007459,1154.92197124549
ABCA7,3.38766183292461e-06,382.445591260834,712.003856851216,5.29604318003917e-05,323.631564093835,2.17867436026182e-05,2.05154050556944e-09
FCGR1A,4.09297043562925e-16,1.44871113191731e-18,4.9297826186969e-11,0.000164847665758032,0.000500514077348519,5.23855564981699e-17,0.00133929193453314
C4orf19,629.264051295139,1150.41164660554,98.7259878106031,0.153754092510436,501.16548932632,2113.06181523331,564.36244149205
KRT10,121.443933909798,175.599459182909,313.796901093596,1043.07612523385,342.147251294567,138.420512137822,981.583895545174
ADAMTS2,27.1728264692321,0.153726054274201,2.86339422863333,1.76304786352254e-09,0.000145927706405909,228.260776686206,5.56249151364001e-16
PLD4,143.557215098553,9.09688692087102e-17,7.17166035757521e-06,7.02569574096637e-09,3.7583020806911e-08,1.40073752199565e-16,0.00202743563707368
LTB4R,0.0831640257305466,25.5413239676158,1372.91932342888,238.442197812684,0.000733564418620037,7.61444406649328e-14,6.86813060896877e-22
PAMR1,58.9731822064245,0.156814284107855,564.316263134717,366.264817014051,0.268011942235273,5.68990562114139,71.2422823123241
DNAH1,17.6833607050981,86.6980893064902,1317.7717266765,0.24697371298426,381.482443642334,0.0117646229275635,1.34583820765285e-23
RSAD2,261.371850294197,1.10533042148069,146.944128119123,0.0173302168386758,375.527015278351,225.89616532459,0.0419088556247307
CCDC74A,15.9510326441834,1.07102958103381e-21,224.135286588132,1002.99608847194,536.242779443299,9.28587605222079e-22,4.05920777911042e-26
TBC1D24,291.740696491281,1514.63640782894,759.73956810235,4.4889749850328,7.36531011328252,453.833057239979,4.74537437966314
MR1,283.99181136794,946.391968005229,6.32439021303814e-05,5.71056830538757e-05,243.447058021659,0.095254581026213,3332.36413007718
LRDD,0.00306246868564935,303.498407337511,1099.10871833499,144.860925799175,573.075576033346,7.3600751943198,3.60855872802516
METTL11A,205.359859079934,335.311770831652,290.769990580541,1005.26930357847,415.153794943469,259.862503748313,5196.22190271979
TMEM86A,150.908572365962,577.065097813416,4.84641499088876e-06,1.7134043308157e-08,51.164940209838,654.563449024992,418.521161232748
C11orf83,130.768961735538,0.641296021790963,342.414154812479,1470.54974339517,0.00111254040665963,569.785824376409,3865.45835840121
FAM110B,184.705270385475,1242.23653836625,230.418578827545,477.215493266306,1115.0189196546,0.0118512450310611,329.579090203826
EBF4,0.128903726858506,196.173796961799,409.403906753076,924.101531710717,774.939208502524,3.02638017613806e-09,0.000455517381895571
NLN,671.962573959013,989.348796807617,1.58919281747952e-09,10.0604155466385,326.98769598217,979.001972334581,2.42860223156415e-06
PRKCB,90.1249143768461,0.379138388749568,53.6225703707395,1.7268803145225e-10,4.99757957826871e-06,8.93320343695465e-06,1.97462736532096e-15
ADAMTS7,0.00381211409189081,4.24183193381502e-12,569.933570403419,0.00283350137023279,3.31333526817619e-05,3.86472158050958e-06,7.06050197850486e-18
FBXO27,265.970898867221,289.183943790354,1.3859325340955e-09,19.0936622644664,585.926486499108,250.540515299853,139.701885615812
FILIP1,58.8513589505823,277.524844993875,296.039067842424,1.66634085671748e-11,7.00263328632626e-17,1.91627004293038e-06,77.3109618407856
PCLO,556.613683264511,585.37726338381,550.531517748174,1.31438328969148,535.762222659408,9.8816164354136e-15,2.21962612713371e-10
PDXDC2,5.0214608301795,356.230583464453,1301.46750567367,2.41682951452752,692.402577669009,1.3312126892462e-05,1.26278154725895e-12
HOXA7,234.731853313645,1176.5722584563,226.336082616215,1106.36582249715,295.763863543452,3.19059683992482e-06,371.411217604316
CHKB,131.253563485158,203.815615298046,97.0418176981336,1154.97912001301,85.1163662609977,5.59572605801653e-05,5190.80277675358
ATAD2,229.331882953901,202.712929539722,150.500927936804,136.981549147349,688.249232165624,476.953271027991,1.25068429054947e-14
RAB15,297.952462696917,756.370567513958,12.5482656498735,0.357993448845784,345.657390434715,515.892290374502,184.980059193574
DEF6,7.68961640117996e-08,8.29435696888824e-18,412.641732783227,2.68668687942272e-06,0.00172680115242458,6.77616843649603e-11,1.00907997666903e-19
PDE6B,444.516618575286,0.00160068092005267,126.177124857775,84.5211113159002,406.571586738494,5.03647411216996e-19,73.0762535719816
FAM118A,25.9885598592705,207.504241228863,1131.44884615815,239.251243564037,312.873103637906,1.49644271440545e-05,6.12901990471176e-15
RFX2,210.841584938511,6.94354417663672e-23,1299.52640764458,301.589924142797,41.773272124136,1.39911484205046e-15,4.11812234120093e-22
EPHB6,111.23520437492,0.000197762578838589,652.559771169648,938.934595842938,440.889552113266,7.92854854114259e-09,3.37941262676332e-15
ZNF323,379.524562412555,505.156330218371,39.0781710640863,882.002604048942,4.21015515646065e-09,428.517147906143,186.27378318228
SALL2,428.565976608381,148.612797053347,21.712663495558,261.593259332076,539.783963752977,2.3451884232895e-07,1.32051208923345e-16
GALNT12,597.177489586296,148.931327272552,194.273025867766,602.436115365957,849.191751375887,4.9999773363446e-13,7.52408449201599e-14
LST1,0.000634720405529418,1.13047620276284e-24,61.4898519816651,660.367835847924,2.68163365155633e-10,3.78557313585191e-15,171.502104359365
CMAH,84.9346137405231,1.01870353333575e-05,983.631443360892,0.0568905412171302,8.79976512989884e-07,0.000174895132413859,3.56201496796006e-15
C6orf1,22.8885166177949,332.308835854915,149.778837650356,1477.21894989308,29.1121980742426,4.75613012915653e-08,2179.45293501147
C17orf56,1.57013035375247,257.918990896653,1438.01468630386,111.973271175265,677.757984373881,343.749451180722,5.03251647368739e-07
AKAP6,411.763973220309,1427.100657601,329.885103941798,0.424713441097254,6.05387597429264e-09,363.057937671028,2.16639664269314
C1orf31,216.326508861117,1.45037378180527e-13,12.7100007652234,1199.8892138232,0.0928344078435476,0.000361768093826894,4291.20320004227
HIST2H4A,347.398552143078,1.03522650669863,4.60025141649694e-07,622.01825920448,184.323575753088,143.426650508357,569.805494313314
SFXN5,449.435097502263,368.812034888093,342.402037238272,0.00322299925429246,492.231223136244,2126.21786202083,6.75673382587266
RBPMS2,315.663300854985,856.158908820581,678.218702854123,0.00174990098412183,2.68731514624168e-17,616.853639007422,1826.04946863436
HCST,3.94617482985859e-09,3.09321650679712e-18,15.2726444741638,0.348353436817785,5.05070560500815e-08,1.12306798002432e-10,140.67262791257
CHST13,360.025251786717,2.46193509933786e-16,0.000105181482075628,4.17083593274403,1.60869271014503e-11,522.654935490247,1.05483277436756e-16
SGPP2,509.475714998452,668.339386528347,7.93773191616143e-05,0.0860254390250439,681.47151055984,1.5026305795693,7.6064000331539e-07
OBFC2A,164.70700092883,268.289600916243,588.54527833769,8.35120615071359,546.925915908664,0.0955448633879101,1.51786371620844e-11
SNORA8,8.47318209213219,418.020697295382,1327.83239379095,337.827756536518,692.929560424908,2.3746646965156e-11,4.89850899641869e-05
ADAP1,161.784359156123,559.463515081656,79.9696676876405,4.48721404366965e-10,55.1604110743822,1.7851443566534,2830.44765859235
CCL28,256.520390679338,7.42909865727072e-30,473.620493737239,1014.93511177872,10.2823296305805,6.14684711178329e-18,2.62593262915835e-27
HMBS,159.930740731216,393.369512503471,26.2555971398611,972.431546685546,307.871868667094,1564.75601880901,3430.54632184348
AMT,410.910604074728,663.543406145743,455.627016221343,6.58836172271887,1034.60584175996,1639.15460260927,1535.83305636872
FAM100A,201.844671755355,763.11624970107,1120.17629007572,325.468324981341,443.758746983941,6.73747246833918,304.030759986245
PFDN4,132.762530848769,123.260301323558,0.0715734174246209,2594.44380061785,13.1534458164197,1.98554108625092e-10,3231.60429397687
ZNF702P,243.559275866264,399.302679088046,1.36271799135219e-15,680.996561625584,46.2780058663106,4.62713275315976e-05,771.24668720671
CRYBG3,138.374909332991,1393.32100145252,287.940507252497,0.000713836523159878,548.182233250057,0.000693757462067267,1.85022530335631e-07
PRSS16,322.89942789658,131.396356501391,208.118013613006,453.111545238026,676.275154370457,208.18745818696,5.9724750109268e-09
LOC388692,3.57271816078695e-06,383.526179791468,680.412469034886,23.6828309193638,617.223626699594,2.05468758703121e-15,2.20811168566273e-05
FAM116B,163.675540442183,1.85251448293403e-19,765.798226065824,1130.73827710698,563.081331326617,1.57524703767102e-19,7.89144066624316e-19
ORC5L,442.841908259995,556.209606328331,2.4697726886952e-05,647.079228787054,337.544853033291,3.79544688173962,524.712098772567
ST7L,289.164668276484,63.0485800346528,199.113890369072,491.733091980019,395.23973359992,83.1180960391512,4.33421366857377
MFHAS1,461.864981841,202.395295900351,50.5665876055972,1.86935333134606e-08,1401.26871873408,411.410912732441,1.4169126141909e-11
AMIGO1,654.545845574408,85.7433487940697,1.91293887357206e-13,0.000112616815883286,161.447987117886,134.116131493578,86.4821410457296
ARHGAP28,556.593676560511,299.525310698502,164.271216300729,17.9741411536097,3.50660905289782e-14,280.551386655694,100.438413311999
ZDHHC24,90.1648721177235,254.68099639403,114.70192537224,743.270113842816,86.3491959773234,4.0129673908952e-05,3178.55873683751
XYLT1,134.213349598698,64.9413104730773,3.80072944754415,2.81708001318206e-09,13.2783372426854,5.18026401083237e-10,9.05283596129171e-15
TMEM88,127.907016904893,5.37503595265714e-16,974.012119176113,277.889573114437,1.43430799479897e-22,6.8469451419338e-14,416.1066056743
PAFAH1B3,10.2840281095293,72.7358790034823,326.024754717299,1623.2098562844,401.505053940536,504.44018501799,349.138639022991
MEIS2,244.435576561594,0.000210868534885307,186.301439659568,162.948309861721,320.033872719196,155.49390323009,8.04372461424431e-07
EXOC3L,81.2377956334604,2.21011714434499e-11,1401.46672867164,110.266803915472,1.67334362610715e-16,1.89032125030806e-10,9.72902275886173e-07
FAM69B,0.0165346295743886,463.80651208194,443.849570445675,1025.73273637138,0.000116774942146248,1.55317997110049e-10,801.758144679424
PBX3,188.816524193195,987.525797829641,18.7789396128725,249.44379828455,481.318589395713,732.85039311778,884.678819492999
CD96,0.0660545788926943,5.86222330774916e-26,147.15814672774,7.32323591379496e-06,2.24451663888149e-07,4.50460117938602e-10,1.16733124848685e-19
PYCRL,202.258498809055,175.351414139911,33.3092717580085,671.673627678418,518.263517405167,275.999066749046,1068.72171388924
PCDHB14,295.80685437424,2.89767255313108e-05,231.329574198939,313.602348365163,40.0799762529401,0.000416627854796899,2.63881069782714e-17
KNTC1,84.0588467887107,770.998856417905,756.576915430032,516.115048478673,751.806969917051,496.392172152383,0.0507277408168683
CLEC7A,144.601878737029,3.99253656562206e-07,404.640006851361,0.00140818587479359,3.81437515115393e-08,6.76695193252314e-11,6.44705461417413e-16
UQCRHL,337.830817833151,487.544412755293,196.68887170146,770.117882527847,319.511434438832,1225.6915823619,2480.54786737837
C17orf89,129.556280437324,162.715243299177,77.378216300601,824.887550422175,51.4617697238134,1251.54646803453,1174.4685519956
MSI2,460.253901056722,1742.62292619532,4.61921496406672,0.00123213558260995,434.921340954813,4.20598078073175e-06,29.8389652314614
CEMP1,305.540175298165,209.950411025017,633.984238784368,16.5390119920334,1.02065757013285,1.37660909522489e-09,7.74312972635873e-11
APOB48R,53.6171828974202,0.0412710357911738,269.589530592036,6.01435273744791e-08,5.19248089405849e-05,1.06964856083912e-09,8.76631518844688e-10
C9orf142,0.00301672833203907,201.214212243089,569.194732746317,1021.50693022887,108.847777626479,4.38735291677459e-07,1410.39876520693
MRPS28,285.493609905997,429.356547509645,28.9463280034087,1056.32019699908,9.87770386892719,5.05126164085226,4615.77791622219
FANCI,250.197451647275,165.271670126957,270.480301881033,429.204455032149,536.606649358692,386.568150421314,1.70148437164345e-10
GTF2F2,316.233272201252,414.976345000526,167.020821024994,1123.62170933518,528.492986100525,1.42513810239239e-05,400.620836500157
PTS,193.308106347069,547.288365440923,173.977426357706,1133.54559429527,16.0022758154953,739.547602574169,4160.26322130669
DOK3,1.15473136876405e-09,0.000668884217477197,415.163072046996,3.38019069506004e-05,0.000233063585760439,2.83292078100557e-11,1.94295522571374e-12
ELOVL6,308.381473841903,360.687853167799,2.94739794552314,5.65538590772755e-09,587.218497834957,1872.90104080095,723.244359090664
PDE7B,339.635170872709,370.829216358841,422.213876614919,0.00299131664098436,0.0398818192381869,6.69227433304536e-13,0.00450004697947193
LOC80154,190.353096231035,369.436225741626,647.826231261434,420.803059098952,1215.05334844274,4.30783959178151e-09,1.96563298888951e-13
GATS,511.277570796344,131.824097279569,8.71902216767715,7.80979314003985e-08,364.749547944637,16.8129816493116,49.6349455703077
SYNJ2,152.379617051318,139.640599073996,219.429834282088,0.00362967584497762,601.543177794708,383.30014757052,1.57808553194397e-15
PGP,110.011127013473,504.629117150725,426.456120057765,69.7004826419341,271.353408750056,693.962086383538,3875.87985757608
THAP3,81.8107951000748,100.490284400224,188.335045625925,1582.77052010309,8.76823209112488,9.55137478961048e-12,515.455178036641
LAT2,104.906961449717,2.09430468781667e-08,32.1569229014778,9.30064455300675,0.0119138985862033,0.0573550613936736,4.32804820859035
EPOR,1.010665802392,765.552276208348,1245.07609798938,501.817064351402,380.194378289033,3.13559373224587e-19,5.15547922061467
CARD6,285.042338751755,545.673424000835,17.8179712981414,0.00522197052421617,71.483614351738,2.61380398773225,140.065909745447
TMEM97,347.865576817562,213.761311612111,123.979325461563,1352.84445909561,709.091534936729,3437.51711899307,1.95191535985454e-08
STK11IP,210.319132140439,288.981468996224,705.903228928372,181.681339451184,853.334231712797,133.664275492205,19.321538487856
DHRS13,207.398290792756,16.8648531623352,225.462651111679,554.89405666625,630.436778072754,99.8889103248897,3.04834482862799
C2orf55,96.9903015931979,0.00799156344403441,781.822063325986,121.114980099634,344.406624339028,2.28881385909453e-08,57.5301195098778
HOXA3,212.837139486142,54.6372960785049,294.333533716126,497.995338134849,605.094853861776,2.05895033967486e-20,1.38653736079971e-21
NBPF14,212.773695053246,1.83397626994142,748.775060742726,0.3892777532725,486.013569375163,0.0178328365233734,3.70672551998877e-22
LOC84856,140.694817290741,5.04148197011346e-10,463.345470647431,1033.34726867819,4.17133142887992,5.41279984632417e-16,0.00239295672749025
LOC388796,0.00565855926297617,218.296046681544,796.832047619714,1020.77126528941,656.098749112225,8.67972061207505e-08,538.946564274022
ST6GALNAC4,100.863180282975,296.198573570474,36.9269943581289,1503.92279636725,574.545754810019,3.77057406396398e-13,715.862532708299
HSPA12B,161.171473182926,1.84883171811899e-08,706.68395525838,0.202716658493464,1.48514656031606e-12,0.00021318843648045,41.0931692044927
FJX1,62.2063877522453,0.205884839870277,553.762701981289,355.602369006633,43.2040577570929,1.66372337462476e-13,0.000781316178647396
MGAT5,408.66166204727,414.556471150162,0.0943289118541255,2.68903302939288e-10,1.15121589221334,0.00831589075202955,2.08326196237201e-15
SPEF2,414.39975499278,157.854788448289,783.551887451537,330.533075366465,91.2762240278348,4.09503259174322e-12,4.18223041790673e-08
RILP,163.689881553444,1080.09947802339,33.3224768891844,984.8037150545,1.40596692188612e-05,0.0203923779812146,1759.49032062923
TARBP2,103.858905009634,269.130925410926,185.398845185474,1389.06088003865,656.583265600328,535.119199434595,1433.89732999551
SYNGAP1,28.7458029162857,150.590832032303,1367.13589256446,90.4571561254861,562.112007193814,1.3132087080968e-09,1.35104524573715e-19
FTHL3,254.446698407573,67.9786169363113,408.98243555667,566.91546343423,0.0462292846167578,20.2798787529712,1406.88604944438
THAP7,80.8698940077892,310.945482292397,498.99029534392,1494.78457137993,12.3956507493042,203.722306883515,1264.05102420948
MYO5C,298.851716726131,1189.04810853053,621.001240401838,0.0124064850185,583.571470196135,201.424735484238,0.0091226485376681
RGPD1,194.107164199428,393.012067701028,734.974365213291,1.1489695486721,220.446643412161,3.11918917794448e-07,2.55924343820369e-16
LILRB1,3.1913466945704,5.13513171439563e-07,449.667310256571,0.157518162780696,0.000512442978453241,1.82824735028083e-09,8.03869399175038e-15
NBEAL1,472.373114813822,349.465538981686,1.10095818872971,7.26751570896049e-18,1.73977446009168,1.80026389280198e-11,6.44925720357994e-19
CLYBL,489.66251110334,1013.38131194253,19.2829757049064,876.999441677071,0.0958695136910719,193.323376344466,2095.83271910239
HEY2,138.52211240371,7.6753252891803e-08,484.300462378036,152.797053302589,104.127105334921,0.123659733737068,1.00344613790456e-08
LRP12,306.148395456488,720.893941854536,137.549481715037,65.8240593364064,571.684053965156,1.47217355872638e-08,437.135325566974
BOLA3,222.150724035163,399.64582328195,0.00424081120666064,1289.74916352327,0.000615054781764677,615.361204238632,2134.12526010162
SDSL,297.340584024867,435.872220031368,1.47208367150902e-05,518.012668126202,476.50658709235,1980.68825919834,2302.47614773928
FAM115A,489.823360792263,340.883425354943,0.0304033377603818,0.0018156060022792,383.104442678084,0.00180271245091859,1.309119631882e-11
LY86,28.9517963343174,1.83495134735456e-10,0.0511594686429561,349.471325902749,6.15242045807491e-08,2.3171728052188e-07,167.974832044624
PRR5,156.230225400901,635.656945698407,256.788411372798,611.628574830885,360.013408655899,0.00537631489009558,1220.33972409928
LDLRAD3,384.940889108449,126.811055850555,200.91074332171,117.347270400987,110.04586392056,1.18398739255445e-10,6.6049374957591e-14
VAV1,6.63133392607474,1.94931896516338e-10,78.1041604183317,1.53360268635468e-05,0.123469748760069,1.25204742749421e-06,5.75802273067075e-13
B9D1,351.773218852706,18.8012497010266,4.1905470769959,1868.72633809358,329.561057904142,0.0120042317612542,503.292023532217
CDKN2B,183.552657417711,0.0490198813615915,690.321671246389,27.1596609821813,888.387148550536,435.849511883887,20.6528663855929
ADAM28,153.81786920395,1.50362171586904e-09,219.823367713465,0.000291458632415003,0.747430101087809,1.45055631567542e-15,2.25852909498899e-18
RALGPS2,404.032237913196,1086.39753981584,81.2530651114448,13.8848590595222,622.577479349558,374.278948393294,120.508705498141
FBXL6,0.0903481054620576,137.319009515884,818.02686842316,315.956909575922,578.743181178443,14.8888891367138,285.474423469775
FAM78A,2.52616394082877,1.2070828156195e-11,292.351966627571,2.9562754995233e-05,3.25818722862915e-06,2.04661965633605e-12,3.1079862168283e-12
UBXN10,504.150529319715,165.387785374355,78.8170753795733,55.921463584942,1033.95774770843,160.204773560504,0.257951027358023
SMAGP,381.668131109147,280.40435740381,0.0164624941320489,1005.84808922365,723.82315579236,342.856224273199,307.11783077757
SHROOM1,156.477089824307,142.559131497569,1004.62076792163,390.583168662982,0.26766665522468,956.460066711622,0.000471445619657873
SLC25A22,160.968171939784,300.223454845806,462.696695086909,18.866940978352,638.368343254799,985.644458178145,0.183382867791791
GNG7,176.691793932397,1193.02272256928,272.046083924988,160.832113034276,33.2912178180473,1.171264740183e-05,2.04804687102202
SS18L1,326.320620844226,802.617984135676,1011.38682538581,235.432652298129,755.84049784971,347.966098341758,0.967843313372202
SFI1,107.322234822774,353.079680543054,1277.23416677186,170.150994576761,792.217337821167,0.00213359694086481,6.45556181238705e-05
CYB561D2,151.124296142329,296.227621037377,68.21667552442,327.655649080217,468.839961398523,1048.81237765081,4318.71803261761
TRIM52,194.175915526265,352.749105518867,1164.69213349218,108.253942653786,33.0311199088445,4.6709095659631e-13,9.66116475690447e-16
LILRB2,1.03219409741586,4.76668143385827e-11,518.449114508574,0.173947612953683,4.94627809839096e-05,4.32900528007969e-07,2.7243684962457e-12
SLC25A16,470.983300710755,412.613244357785,276.529998898542,258.416645774546,564.72294410392,655.906567636622,400.58733353887
TLR1,273.533036594509,83.5812086857604,7.89188719802117e-06,6.69029845100732e-07,0.0593143406404115,0.00200061945462102,8.04564824332456e-07
C17orf90,79.3847181284037,285.700644785854,382.947861164076,951.419616868237,289.829910540594,0.260857393776143,1199.33542383541
SIX5,60.9570654274269,265.718843102212,614.177855177622,910.036588140134,658.574754007153,193.335018982871,2.70526423658126e-07
GPR176,252.644660405353,0.000215766200314977,105.190924812584,3.45098672665692,7.72562278460883e-06,0.00505086036928448,3.08758338649694e-09
CHST11,125.380465355619,95.5783138771545,26.8423577961255,5.85720227335402e-06,187.204753089381,1.37444224135624e-13,9.04074750193524e-15
RAB23,214.894992103387,134.580579221865,0.22108104178175,161.576214434153,106.7075358256,0.0269037906859221,42.2642461407844
PTCH1,309.25214055233,1130.70941124949,83.2748703800049,4.76871817162518,360.854865040592,0.000405414286684305,0.0654422344565907
GPX7,261.037562581598,38.9207447138482,23.7734949889549,970.878733892434,35.7331410986955,0.00173309977118249,355.22984299542
GIMAP2,225.076744778855,2.86060506307476e-14,5.95013528896706,294.752729044423,3.48093397080642e-08,382.770847888626,0.82385330880018
ZNF841,50.7210256795566,348.639216457043,1298.94238529848,207.11218367725,514.302902365144,4.79097456135072e-09,1.44527385920823e-17
DOM3Z,117.903035016618,313.29784107884,1211.54251769387,927.588340175947,197.956219555345,0.062342790679422,45.3659458902377
EIF3C,471.892440236065,273.777526759275,60.8667349622049,72.5467581719353,217.495579182442,0.00239844567288554,0.00147257903535754
CMTM7,5.17011597623755,0.346513147357299,294.642729280498,358.037968251978,609.019214691583,9.94805063299347e-10,0.00944885896156584
C11orf52,524.578077022639,331.791719503336,0.0496777511647158,133.50202255771,331.156984023491,440.58143018457,876.538930441124
CHCHD5,192.158670673406,73.5892442217758,12.1290473376077,1726.14494499487,54.8481869419981,0.0147874766644174,3255.24618017936
CNRIP1,30.410068014085,6.32960872845125e-08,464.100292809952,1023.20302950856,2.44408284322421e-15,7.54692410131161e-09,0.0387924105051602
FAM73B,136.157557442644,951.992803980884,1190.31926211463,193.423680889434,517.722434247887,54.8202258272732,401.176678061689
ZNF281,295.944676752248,149.551713558636,392.126058519728,0.00165622139418263,17.6150205569617,340.200901141491,1.10153330830396e-09
PPPDE2,124.501877563144,500.862189424968,95.6055404894168,971.287851885566,26.473546729651,941.01287727232,1597.08216817925
ST3GAL3,144.495987699578,330.036913886022,28.9599940780603,837.664238773199,298.022900588266,415.132179310961,556.329727380322
PVRL3,645.268470713142,568.021132559716,0.759454251472845,5.46472798866027e-06,250.519065984663,391.273020438901,346.072507230162
CARD16,0.170565946789327,1.0121280329552e-24,338.254814821334,386.583323353592,0.0129838955384415,54.9524499502359,8.18050393338558e-09
RAB37,214.75171189662,1.72396916814234e-19,196.247340806995,594.088424016081,0.102905813214252,2.32131541806266e-09,3.29944110360889e-21
LOC100271836,197.180745452027,319.479457815602,993.488278275984,0.0993279925728511,276.304090501352,5.3281628116463e-08,1.5972290430751e-19
DIRC2,411.707563759405,1018.00205526989,0.052180620338149,8.49134359657096e-05,502.711822889225,833.015748616541,1678.81182146474
NPR2,204.03710245952,732.786027794413,293.517311233464,68.1958989916437,555.943500574392,1.3023554492008e-06,2.69561680581236
CCDC102B,1.54722419576735,5.56889972900919e-11,535.989114307854,27.0921236386081,2.01403754582223e-17,5.30501812917315e-12,2.11944287528664e-10
JOSD2,63.7875420312413,94.931150899298,288.962398975259,1302.66855149908,101.700548490505,0.000480568711301044,908.398692444158
C20orf160,88.6346740526507,4.41575439555458e-08,867.279235030136,71.9646881004096,6.34345659861976e-17,2.93508445547955e-10,10.2931682058919
C2orf79,109.33161757142,162.910362078795,0.0478162411407451,1851.74474466889,44.4828943619665,1023.58605702514,2053.88071072281
ZNF688,164.354090342804,1.79775498199355,296.640294198831,1751.42587671833,2.75942613004967e-05,1.72573554337589e-07,1651.36858692777
FAM109A,240.317966980577,150.388981158503,202.256049402205,262.216279844292,576.563946802265,161.571821129918,0.0944890991956792
NDOR1,125.607325880485,717.80904299724,896.127210970459,169.787381290777,607.290322080612,0.00159921773275355,335.693704770837
ECSCR,3.49730903439641,1.72533002857877e-15,545.512837764144,752.068496708848,7.6415621771876e-17,4.98970718236065e-06,106.878050029383
TSNARE1,174.536390263382,172.237546775777,1036.13528115421,260.235606028846,581.162586103208,6.93589219497437e-09,6.58711170502385e-09
ZNF814,62.9810239683244,494.300620655946,1110.05721671074,68.4343720757522,349.467135200992,2.55470754146689e-09,83.8998411039981
FAM164A,448.596658444373,623.61426211936,345.876432653921,784.257146152357,86.1912146736294,3.73798620343879e-08,1327.47262966256
CAMKK1,197.15167882419,106.401384228162,765.174028812943,454.465719743371,349.966993194861,1.92473588421635e-14,2.11975408687292e-11
TRMT61A,192.832773864338,518.534035033435,944.719503589958,619.910227544064,517.741893643113,214.905545242984,651.856526178659
KIF3C,271.631153317775,143.870086735646,185.2022122,28.1869049458028,716.540594881308,0.000150521097380136,2.69806957262712e-12
ZBTB46,154.186311899151,75.4482128343259,880.00477069319,0.00450175307777306,0.00351049150137152,0.000866326118968086,5.46059914693905
TBKBP1,52.0267830824052,367.714660299455,641.835634233297,74.1725379882698,803.562150007058,2.49971190145019e-10,142.319793419915
MRPL36,184.812156039261,106.466989055047,44.3648050875715,1422.75305386639,299.519422679514,624.893136079188,2343.06780758856
RGAG4,239.124509103983,910.733912715473,254.587454635292,0.0133268256726398,131.219143751381,519.122302633444,227.442192760621
CHORDC1,234.349059290682,605.379098196228,948.741067184162,341.859522256385,463.442153323887,0.00378607860624249,0.473136282470029
MLF1,364.513878939318,321.577600938574,149.588543824467,1053.70442639818,668.462888386873,0.173772325374583,565.529184045217
C2orf74,383.012268862299,128.481015777993,165.148390684618,764.676326429857,0.0167048700578636,400.115346328394,60.6964953064151
CEP70,348.86133133181,783.363137731563,1.040911572801,832.798565722542,633.463595056382,1181.35236192093,527.157015624113
PRR5L,90.2917163854305,2.31907249379163,169.924308335345,11.1312160404078,344.606464146156,1.50614863547749e-06,5.29270665540411e-08
UBXN7,444.26321007722,491.820723034471,2.57251229184898,2.63107456682719e-06,337.805710000774,1.6930300859575e-06,6.5215561109678e-14
CDK5,249.443540825227,167.217556810395,0.0220523616135314,860.022530769731,292.42737209834,447.046535788824,1013.15699780228
ABHD14A,123.063605585228,137.164731546217,65.7870367347102,861.969606503594,282.931682507562,293.196125354231,2171.1501602836
MAP3K12,0.13624602612963,0.32625292134911,983.30739047194,186.074888173704,532.670603879596,3.0770604925502e-10,3.40478209487467e-21
SEMA6C,240.78267503184,9.470801014084e-09,565.810849150771,151.52705864068,0.0957084648834678,5.14599615962676e-06,1.01766501961709e-18
REST,426.332982707756,662.470039584297,0.174051806051602,2.55033194644911e-11,174.560295156664,35.9260507721179,2.79041980823087e-13
TOP3B,116.374232479385,423.219369810131,1089.21556111147,204.42951055922,569.393039894131,1.72095285898394,4.63906436142336
ODF2L,106.782044163486,74.93188835848,898.083225172232,8.95093398587913,589.126691841881,0.000122396216407856,2.15390595774022e-12
CFHR5,3.48919374548547e-94,5.24180634756141e-47,5.24047195620897e-148,2.45399616065623e-51,4.27101324909058e-193,20124.615854766,4.06034178322251e-21
MUC13,1.60081334072736e-15,3.35753134306638,5.41248076920433e-32,1.4203359366813e-23,576.32754984456,5284.2855820538,2.94665416862524e-21
MAT1A,4.25607922015561e-16,4.90557615797685e-06,5.22263269534355e-40,1.15075941457803e-14,367.829422311723,17594.0704908826,1.69502352163167e-16
SULT2A1,3.03883425114296e-74,2.28320790219613e-44,2.61561239704361e-120,1.0944653311269e-46,2.95461191834066e-166,19560.1828150896,3.73593887307342e-20
HS6ST3,1.34409825056892e-36,3186.58356417565,6.75064765611163e-26,5.87512123175646e-48,9.6496564046084e-35,0.031424538261794,1017.63516184547
C8A,6.31081192202823e-112,1.14161108102238e-44,1.56352597007007e-159,3.76401689464554e-54,6.36052443347936e-174,19539.3375235337,2.01684062481037e-21
C16orf89,50.0087546815207,1548.64890488239,3.44118541940156e-26,3.26298694529114e-28,6.29943225042505e-23,1.00228923119454e-39,5126.80941295868
SLC18A2,8.41728750374189e-29,2047.83184440719,2.21841992092844e-35,176.272919146812,4.34487055486997e-61,1.48688982926915e-73,2.03931810054031e-55
SLC36A2,175.825248704609,393.094591666353,2.56771347237347e-43,5.62684520076935e-60,7.73826887527169e-30,3.62673894890421e-25,1.17659857697621e-23
ADCYAP1,4.63501482343088e-37,1524.74803215897,201.722565268446,6.04968064808388e-36,1.40493835480911e-19,1.10149516308946e-29,772.69278287301
SLC18A3,5.19177561833926e-50,3.58846314642064e-17,4.1948190503092e-17,5.60013079263385,1.17060970835313e-09,2.05097033964075e-50,5.88716483523634e-24
ITGA2B,1.81893198295577e-58,2.31899991137068e-34,1.16722154040967e-26,3.61862034372536e-17,6.2054489097377e-38,3.52495581984559e-72,4.4932240653295e-45
HMGA2,3.23250206409757e-66,7.12851428914264e-35,5.10538035335763e-37,0.00145565211506601,1681.84545019094,8.18666799225623e-60,9.60821261961329e-50
LEFTY1,1.29333579278017e-31,1.43529393980901e-28,1.93231573326993e-19,159.097802945273,2901.40324712744,6.31317798924882e-53,1.74823961345681e-43
G6PC,683.563471686142,2.98839554277865e-28,6.75635591861996e-09,1.42987630181949e-20,4.39130729127183e-40,8002.36527240292,2.94524739992846e-23
TNNT3,4.63556179743708e-83,1.63922144520006e-53,542.709149045152,3.40002699516183e-09,1.62214651660248e-55,7.37919524111276e-30,6.65915358898383e-71
DAPL1,0.138123560626501,5.77018779480326e-34,3.05414468674935e-38,1.35296506020727e-37,1.22821366102359e-46,2.72864388254692e-82,8569.93552908427
TMED6,481.459759750411,471.734214353167,5.92841462043528e-29,1.28891399279048e-24,4.25512989870689e-20,0.000773317090086484,2.56369532336005e-14
PON1,6.39035452743584e-113,9.39728686202047e-42,1.92072774616302e-115,6.57970036731557e-52,1.41960375536082e-127,18719.0111111051,1.46149384835433e-21
LOC55908,6.12732554903494e-42,8.58809691358804e-32,2.38787073794173e-46,7.14953169131363e-42,0.130517083019404,307.375927860854,8.23391297529816e-55
PDE3B,351.916576769977,778.619993688495,2.06667296913513e-22,4.90630812765711e-23,8.91645464505991e-15,1046.52089747806,621.916561262251
C2CD4A,6.1177083713741e-14,267.338896758407,1.44446494840226e-16,7.98476421238784e-06,286.393268745436,5.6763683034551e-30,2.75921468633264e-07
CKMT1B,3.59061228419452e-26,2811.05906299616,1.12375389439641e-26,2.68081469860194e-30,360.686118284297,3.94042619435295e-08,4353.28091563681
VTCN1,7.48734413508369e-29,0.0279881655195378,6.68436163480564e-29,1.80705916776961e-41,3614.70159087057,7.60600582825221e-25,0.000107476828887413
LOXL3,10.7285495293349,6.85402805228417e-26,207.616542054616,0.390080896866502,6.86258026150567e-20,6.1820312452045e-40,4.89430267562583e-25
C4orf49,446.330919210584,2.10689615633959e-30,539.950853283941,14.0722495326055,1.76658299463528e-11,1.45148312599351e-31,5.89686071640873e-23
ADAM33,1.34510368079804e-68,8.0168167051177e-13,272.743503418325,403.239280373395,148.546727919469,1.71604203569556e-65,2.28287879435685e-57
DIO2,18.5701020206115,225.329871150686,2.85957027866076e-18,0.0399466171045591,4.90776927832371,2.15235524432448e-49,1.3029701550082e-10
GCGR,3.05099631298755e-83,1253.20700925199,2.20586240180161e-58,9.48169225461414e-20,1.73204269589193e-57,2.11075639676059e-19,8712.07327176863
GLS2,2.27296514050217,210.452402137325,0.0142198445053863,334.638835477845,2.27231610682362,17947.9281410486,271.10806458702
APCS,3.84513239873011e-11,8.5270623035788e-30,2.13028957806623e-28,4.33305330406443e-22,1.24409411943897e-19,16078.3476914425,9.39720103737303e-20
STMN2,2.42507071543727e-74,7.34501881413342e-63,6.09206160041209e-42,4.55025671181184e-30,1.5888264195289e-38,2.65496903489394e-54,8.30775720025667e-54
PKIA,4.08986119218576e-06,1623.17918097043,36.6565614047395,2.59229748774029e-13,0.877432753112229,6.80386841275765e-38,6630.44587585372
MFI2,4.7682591751885e-14,94.2541274231579,9.69184817828951e-29,0.00117831099826811,1673.69617133248,243.09952645504,3.26656672240864e-23
NEFM,157.542747880079,265.916272804118,1.09110207367797e-30,4.75086796122284e-22,227.04507114,1.32394017207128e-37,3.40951381795798e-25
TMEM229B,116.352659206064,249.773466366682,7.7921103281872,0.0972214816470485,0.00611122188243881,3.24793131191952e-12,6.70578760801259e-06
FAM40B,247.672736354663,174.507714131622,3.49667128034146e-32,3.61466562036837e-23,2.09088265830472e-07,142.095809246,9.10700483764237e-07
MFAP2,1.14005424089999e-43,8.10499232376723e-34,4.10126488171169e-41,5.53032183509558e-29,2.43723824308703e-32,3.71786165092644e-54,5.80741768599755e-38
IL12RB2,298.806755452007,2.83584564289042e-23,6.43575193372208e-30,4.55533381876204e-22,279.112263805696,1.73223896971059e-22,9.24144175524066e-22
UGT1A10,3.1129136581503e-22,1.74051695116434e-24,3.93640485931186e-34,0.40664061536935,196.584637490844,2.88462332437749e-49,1.56006880913967e-29
LOC389332,457.117913169218,9.86514578313738e-29,9.05115347597199e-24,6.08139400879711e-12,2.80295750940783e-09,1.19648384808881e-17,5.09175564086878e-10
SLC22A8,354.103966697818,225.976415247449,3.95648668041821e-07,2.10718028829047e-25,3.10821754175642e-16,1.06972427471945e-35,8.56146207888595e-21
LRRN2,1.45125755137187e-19,1750.62325786098,273.453897642669,8.7657921364818e-06,1004.43429694266,1033.19197450654,2567.98422448688
OLFM4,26.1232588014245,123.7636720854,6.1697536714151e-64,1.06592817881025e-31,632.935408760367,84.1118059561384,1.12951235136364e-32
LOC100302650,3.09042182832561e-13,1519.70749368213,1622.41200066215,4.90110061204103,0.511304825096242,4.83551125811698e-62,1.21377976765763e-30
ZNF114,55.5091010506187,198.548354378018,2.08651289607675e-29,6.78588472812299,270.6418086339,290.874158016769,3.02677944874556e-28
DGAT2,66.4378462645298,1.32730578174358e-07,1.11703692266796e-19,3.64191256753794e-13,0.192905693565228,17091.1365876841,0.000849149221529261
PTGFR,73.6155533132264,483.160340190237,0.189526963229078,1.41460238462925e-21,1200.26119263717,16.9082908766355,892.457808353927
HPR,1.02956459467612e-42,9.55830133448673e-32,1.45326776349496e-75,5.86502462030923e-47,3.99494853027303e-27,16180.414639351,3.36309806674465e-24
TMEM38A,2.69063122635183e-20,2862.50712583644,1.05581367702061e-13,7.17907426578435e-22,2.51221593859336e-30,844.743344571184,4404.13543388607
EDN2,149.708430880792,4.47451376215491e-32,658.159865386388,407.513072599953,4.75414610686115e-13,3.79103660596635e-38,4.39843230626383e-23
PTPRO,120.051601042268,0.0083930099288804,1.76024067323273e-06,0.00106825003950393,979.176295877816,9.24627315149171e-29,0.00159315382839072
OGN,3.07086988324352e-07,4.00092113589951e-46,1.91347228155998e-09,1.79148351693933e-26,3.71238425271997e-44,8.48777274167185e-48,2.33343909341385e-27
TUBA3E,9.97214226079236e-11,4.29740925799729e-21,1.98238829722895e-24,6.34080950445367e-06,3.16074218152844e-16,3.97575661689176e-47,4.91170820518507e-25
TFR2,4.75769505778267,8.00895416630725e-06,0.00745600781712926,0.215466245153426,229.818127102539,15992.3183293474,6.0915052356191e-16
COMP,2.76695687176078e-17,5.90893781201615e-38,1.96950362721698e-15,2.44645380756613e-16,1.9654695410323e-20,4.27267629610827e-15,2.96630008665287e-29
FXYD1,1.42353120645952e-09,2.52773163189945e-25,567.493285216442,160.300011598459,692.792975496331,384.487958880733,4.33516910009246e-21
ANLN,75.5619373225339,0.00172231277872843,4.76511293931387e-16,15.7514315109581,952.866623008897,3.40760651707213e-10,2.8428370585775e-23
ITGBL1,2.32920357020845e-11,0.0013332345225472,1.7819949520973e-05,1.83392295803658e-10,31.9234687717089,810.236385854416,378.996815121269
F12,112.709486567071,2.74509749509099e-12,5.00623249968109e-16,176.973131411473,1.30054141596233e-19,15428.8564070989,5.9528627969249e-08
ADAM8,1.67247864924699e-20,5.49341333729625e-07,1.38490846228959,0.0049178494705417,839.325621072935,2.38373661147838e-11,6.01341933466805e-14
OLFM1,35.4923794742488,6.22383191339022e-30,857.122138369031,187.883852867549,4.30106760803575e-20,0.00157838210970794,3.36196704019232e-14
MST1P9,190.434159861583,214.554623307367,905.888915163406,15.7954235605078,2661.87060383428,373.449690999051,0.00686549259286397
PLCH2,405.423310015262,7.60763352134457e-29,1336.4824678921,8.24278369242284e-13,1.64347695493362e-10,7.94077710266787e-35,4.47062813706554e-28
TRIM50,2.46135048865875e-69,2323.27236051697,5.52653014933945e-41,5.41973665571436e-53,4.0792206937462e-49,2478.96014235382,3060.63345329364
MYRIP,83.9734739929203,3003.9286485139,38.4810326860775,1.17860146540359e-18,6.40323742981399e-25,1789.60578327562,3.82963571147943
SLC19A3,294.128693480568,526.291134712381,2.44167814395644e-17,9.46848762396766e-17,1.02854422779177e-18,645.916638159964,2.18189833307907e-10
PSCA,7.33403853543903e-82,1145.0631835114,4.38997764894028e-60,3.17801896359098e-56,1.06171019035125e-50,8.86774179465397e-129,3489.4087269391
A1BG,6.95587060017828e-21,1.61268352041899e-17,1.71801826685918e-05,542.803640128004,0.0128216359035468,16271.9332704179,344.769621876706
AP1M2,247.368538952962,1353.89175686218,7.3430406283063e-10,1.04934297576108e-09,737.373171754781,1411.19828111117,6463.97106243981
TMEM171,779.949894336017,1151.30421629869,1.35404254261091e-15,9.8811135221296e-05,8.69525532950418e-14,372.033498236681,140.131682872122
MDFI,22.2139390414491,6.22664437430557e-12,0.000158032773260586,0.000104995773697384,1.32504026330398e-24,3.43759365005118e-25,1.55587763951257e-26
COL17A1,1.35016814696846e-17,7.53532671674705e-35,1.52812807090717e-12,5.93561275412977e-28,1243.2588365507,1.96151667292822e-40,1.28835816595217e-38
CFHR2,2.181836870075e-93,5.83931608758117e-42,3.63050359223312e-141,3.54572548632317e-51,4.39141108135842e-185,16374.6696380435,1.23242034900869e-20
MMP12,1.89643435888113e-51,647.350517339497,1.47957174709037e-50,7.1491906431472e-28,1.54361199477048e-18,2.39087560673522e-61,2.79117222750464
FAM101A,9.21857034233408e-43,1.37571196172392e-24,188.884543789732,100.298078646991,353.833464256213,7.05717728094735e-42,1.42779672451366e-35
TMEM116,197.128738337589,1616.44144230158,45.3831980504104,232.930766986989,0.20837206904481,2.42390976228209e-05,8596.87551485997
APCDD1L,1.50174453163731e-42,2.34353694838223e-28,3.31790727329413e-06,4.42650551738541e-14,772.885059923076,5.65134958075542e-42,1.94320371234353e-21
RAB42,146.678107974981,71.9830218427914,1.20312611544827e-18,0.594764392378476,643.179503297347,3.90247150798054e-10,5.49583604537432e-19
ASTN2,303.542916666607,2563.78431857226,283.41973747914,124.603435301243,3.1603266729378e-12,3.22131920166179e-12,3517.98157403273
IRF6,267.44653969321,1990.03704409092,1.8024489915902,1.53959910286855e-20,543.241979504092,609.281531450935,3741.73173771539
PRR15L,4.53189143961037e-10,114.397880894865,4.80663317219834e-06,3.84448514445452e-24,2693.81487180444,380.275558494515,4865.9070321036
RRM2,80.505914220364,0.000705249927121834,7.21229439193387e-14,249.382125928826,927.796673172282,1128.12378689367,5.35244342285968e-19
ANKRD22,6.03504427411663e-26,1473.21527959588,1.27749958582883e-30,1138.22910092567,1.55604728588079e-25,1.91698188688653e-60,6.2423218190483
LOC254559,163.258250054396,467.258705255901,1.07390654469034,582.013765598757,5.25442760863726,1.42513711180053e-10,1.74994611930139e-09
TNFAIP8L3,5.35670322961248e-24,2060.99124052227,0.0904589545682476,1.03920422700824e-17,3.89799319565167e-22,2942.63532859038,5768.46918558948
UBE2QL1,0.368892471068602,2334.26815536593,54.3126812602301,1059.52462759855,5.82668987782932e-24,755.036288828714,1675.27881274782
DMKN,0.896477624112596,658.927981810187,191.149364299026,2373.51471795872,2158.45531202895,1338.48235324682,0.0144447356361764
NTM,7.40433209784032e-16,1.87853746809686e-26,408.412023574538,372.790503426129,6.94650190660794,3.77592355197137e-29,4.76441916830453e-27
CDH23,61.5563492224065,75.3305248066215,780.602184529073,3.41279175291863,434.786443083919,788.388314989873,2.3125498348223e-21
ZNF385B,554.582232508938,1004.41312887838,1.01708499199075e-23,2.33697176246361e-06,144.296051914854,3.65223159014919,878.355684892296
ODZ3,1.1363569616746e-10,468.059111032693,4.13144129979696e-20,3.27803185720793,6.17833826726295,2.08921606904426e-43,9.80621365754539e-12
SAMD11,17.7443636914287,5.32557117250136e-30,400.125021206435,501.605545869816,987.080056463636,1.44633002686393e-51,7.18718227674061e-12
GCNT3,608.902608448987,424.933593674748,1.12928938722386e-21,1.85675615579896e-09,93.3320119350108,861.494696603757,2.4449282709552e-07
P4HA3,3.45054521379913e-06,0.000129254015654284,6.64221056250294e-10,0.00124242070996601,0.00103012148316113,9.75424720359756e-18,3.24015646335269e-22
COLEC11,260.901962427719,169.25672474939,529.997989897046,75.7558906439915,2.94049761235443e-17,2088.38619863931,2.05389150738823e-18
CGN,623.275623476545,695.164220267203,457.24602057762,9.01743333731944e-07,2097.60872639718,6468.50411250528,433.360987086186
SLC23A1,517.087363526737,2.72698604505923e-25,4.78688526973692e-24,2.95080661547516e-18,4.24829990737415,858.256929601007,1.11353701731563e-22
DPM3,35.5166073919683,9.46433903683952e-36,340.245179700225,1205.11581174826,0.345807961117388,3.47716550744408e-19,8087.07036451462
ASPG,547.981358888032,1.80838252587483e-38,825.786294089672,146.138754868041,1.5539340475621e-30,2.9323905794794e-12,6.59531725005675e-26
BDH1,49.4981686662503,1871.8252729758,41.2894277094917,1.53717409321887e-09,294.065711306159,5045.64963045414,4338.04343207183
S100A8,0.319393951103384,9.06310029591305e-09,627.022549290876,234.87020940616,1.50913799469907e-05,1.20719670684492e-16,357.076394078144
SLC17A9,5.38466499749026e-18,2.28358222863294e-25,2.43780147794362e-07,177.012785863859,1710.42949097035,1302.11219012104,1.76204724282647e-29
HTRA3,2.23573145030064,1.85870064197028e-28,200.115323632195,0.00168201483792704,1.35888378086689e-09,1.41891193434702e-23,3.75940027438872e-21
CYP4F11,160.243803267127,170.33816050313,2.76038291710126e-09,0.000514198842706098,306.027219776217,10918.4744037413,1.3495866215205e-10
FAM150B,465.949752752007,2.45716132729754e-34,55.036190585828,1537.09080078206,5.373612322775e-22,5.98741172352205e-41,7.72743142965621e-29
TPK1,411.203382278151,0.231336252560623,4.73849862247667e-05,713.765603682848,801.930118917215,23.0548152901567,209.596885598722
C1QL4,132.893775273946,6.01000391727428e-44,1025.59486858369,642.451195887105,9.98545194160204e-34,1.0072772455491e-48,5.73172280758538e-33
COX4I2,4.32363049694708e-08,7.65299764661426e-31,559.395429100875,358.949923012368,2072.07332830678,6.05944069331532e-15,0.00320185284512417
ACOT11,446.067675577492,1647.25519695599,1.09040889685339e-15,4.42101247123577e-12,545.173973350548,2.94259826210889e-05,645.720938599673
GATA2,0.336066155627326,2048.79402142905,772.775191324531,5.95189367766741e-08,3.63008930845247e-12,2.5231007826954e-10,1172.62146578567
LOC339535,591.74091895966,9.9192637821409e-13,472.098680911283,1094.00326972886,3.34167478853263,1.44701187893569e-13,1.06705510442067e-25
OPCML,195.055716107656,1.65325330104511e-08,626.929553827455,0.127919428070595,1.69766384168441e-23,9.10310358212453e-43,1.52654293970048e-27
PNPLA7,246.733454707027,313.330949022336,1997.38669704419,3.96908767802057,3.00827809061276e-16,3.08634466134172e-11,1.09893794340903e-16
SEMA3D,714.841108621491,4.91462147372838e-32,1.69238702324844e-12,1.31179498721247e-05,6.23466726231175e-28,1.22039488729164e-28,1.9670555086429e-23
RICH2,1.72118044348356e-06,1325.72676426423,89.1512937051957,523.421643697196,6.69779052704365,0.000328207574178335,217.435572084683
ADA,6.46304430827183e-15,1.83478813610956e-21,350.284449955359,333.28867237161,6.41418220256612,2.08275938811447e-07,5.60162021765863e-16
ABHD3,82.458388345381,2549.81469628035,333.314472128698,15.8238815501917,0.0367352044555163,1520.7092206124,3707.37614463461
LAG3,2.9900990386545e-23,1.79330014359334e-32,3.39413796164777e-17,3.63410819123556e-18,5.62717634123524e-08,3.96214177559147e-14,3.15429975130236e-23
SLC26A9,553.36556851577,4.08032144623153e-30,4.51517136591922e-17,1.24668309261565e-09,2.75460167291902e-30,7.27467221495245e-20,174.313489010959
ODZ4,99.2615593492639,160.344404182046,2.12185740767591e-09,179.466068633893,774.125563828215,2.65265336883952e-18,6.325785291089e-17
ANXA3,97.8109735714566,896.97090445145,5.36681279204726e-09,1454.00693331894,1886.65115091816,2006.70146281555,449.329458273406
ANO9,306.302184469393,2.7295793162745,1113.9732146086,3.53828134298711,2.27450809776831e-09,3.80490650007246e-37,9.39306481404297e-17
PCDH18,48.1334344459531,577.78638972718,198.106854397571,0.00066051697354105,7.00435546884043e-17,3.32528811412561e-19,0.0271100739457178
TNFSF12-TNFSF13,6.11815649498975e-13,1.4989536787422e-26,25.316983030424,237.141776461578,5.00604827448243e-05,1.08411625119001e-39,5.47358624312833e-05
RBP1,5.05333923865014e-08,1119.15962816138,183.580315632315,295.363836664646,0.000816115163555348,0.298995998904309,661.226651152198
NRXN3,0.124617179917856,1509.23183347965,285.490752988873,8.14139144880574e-09,376.659050913989,2.77113202849365e-10,2482.75683091923
RHPN1,1.37412753269408,458.755725760119,746.542175140908,9.53443891918451,1217.52027333804,1.27629530802715e-26,297.870384136956
ADCY1,1.18617646762885e-07,1993.4777344616,45.4000503374725,4.73944469036689e-18,5.89289020159852e-19,1576.74362484279,1881.30277016296
ProSAPiP1,668.841815377237,1775.35230531704,2.78455953900426,71.1447742267834,814.399075782145,554.456080840473,1385.13930020459
CKS2,69.1853822737855,270.220971378579,7.5439012010364e-11,623.842389950376,383.612996957067,0.632846046867667,6330.07727704759
ZNF503,282.285899845795,1133.73268987837,30.8534652069436,98.7703139348345,817.660316154892,450.728291015976,1365.56315149492
TESC,176.675780931609,5.01175038686299e-18,727.422118390959,45.7914924027348,3316.37526269675,1.16614483429751e-14,13.238137420739
C14orf132,0.054038253133814,980.575037156824,0.0073267731142009,0.0747076949066648,1944.98567129924,1.39323470094126e-14,7.50090989158813e-16
CHRD,0.0158010429769095,2.64816919434679e-17,980.932761980121,9.57721972243057,478.037764143204,9.70580832360964e-05,3.01951042119111e-24
C16orf61,242.855832258039,465.113010824443,233.359130279672,1178.55502313249,1.60082038613399,1642.6213957604,8240.61256941424
AMIGO2,0.0020164471658466,1637.83743546769,108.925981923764,412.413158794201,1029.71265708414,4.07229878945815e-07,67.1677689019929
ZBTB16,180.036505707054,287.532489858782,773.434855269308,0.101954982052521,141.652440087445,199.053695838342,2.82005173197546e-07
CCDC88B,2.3701687127543e-10,2.4375109153939e-07,793.971144970295,6.63590557499514e-05,3.29236773391077e-05,4.31165370891144e-09,465.337823337291
PPP1R14C,380.44800354651,3.63271279865826,5.98127850874551,38.2145292025704,532.079800776083,9.99006603527681e-28,1.21187575548973e-11
TLL1,666.051649942759,3.70149949144682e-12,753.248924292898,0.0230209874000151,2.04242589477944e-24,5.98579659234851e-33,1.56382704776744e-19
CADM4,188.150893826151,1283.3629637837,0.0538565217933128,1.11712640280934,1454.30937990892,1349.25436554184,1934.82158552869
SLC2A8,320.751517117486,977.22774375639,232.203860658974,0.0647444637977616,545.429560291138,0.44172477536312,3863.0677138576
PNMAL1,358.906518007972,337.154814939965,2.52447258659852e-19,0.82706616960265,1277.05427560948,4.32047167059613e-11,1.06632286919071e-05
CRYM,788.709404961048,26.6998444893104,0.000699299458436469,260.733289572022,2.60189988940671e-11,1108.27873798319,301.647692174204
FAM174B,224.550992811193,1540.8262568957,113.803408898263,0.00116675186372987,0.0175717076721443,2.13350943896966e-21,1193.44913453961
ABTB2,382.104356106605,1619.05678373246,279.395667955829,3.24276094787889,629.472189475279,523.348314823185,874.006195183377
NECAB3,119.397621783795,1166.08273463688,0.0537704119688868,1871.19205567574,0.882910108737411,74.67306616811,5176.26200436494
RGMB,220.541468176092,327.663365556033,348.394056349696,299.524892645622,1254.99913586845,0.00117076466111482,4.02841281343134
TRHDE,879.89898433438,973.473762516188,195.044455761564,0.0067366716000717,6.23546345470494e-12,383.805268027512,452.821855983967
SLC39A4,69.6332553045086,261.125741168771,190.599125599115,470.968846147808,1052.16070750118,4.56516755599393e-10,1042.84029129751
MN1,155.032409794818,1.0817959108156e-21,558.868702871991,352.884458582876,8.17113039268773e-15,236.601248922043,1.93867413962927e-21
KCNC3,335.900595859159,227.79286957567,320.315216218547,0.0497070525438102,373.878058845538,3.62990680625513e-12,1.13791845640965e-20
SLC7A9,995.431194514536,3.02953100835934e-28,9.24094796366065e-09,8.90674112526694e-08,1.34970082679968e-23,348.511911742346,0.00706351799603758
PEMT,138.861202736076,165.024027954135,2.20459267207048,1186.178547178,1214.47456185201,0.0321987334398994,1093.44424954136
ETV1,30.410034432775,143.931684912137,0.000109118983144657,892.892840214981,116.473346902789,1.1156350875642e-17,0.000669684770408879
KIAA1244,151.165895883206,437.2329442104,189.36841769844,2.03024515870427e-06,769.152334198424,0.000385040613387277,1.03161091133274e-12
MAP1LC3A,0.93744856386889,1678.41567176699,498.444399580468,1337.44602565943,3.91630349673915,9.38920719883211,2504.27306268268
PLEKHH1,429.631805101203,1786.16619206694,1256.26684734548,0.0119615605915251,705.283604240967,1.41116276627863e-14,0.0179545285376339
ESPN,485.197432623109,0.00144538059225235,792.772191720536,0.00602598225445483,1009.43765126057,1542.29799801403,3.10319111480042
CCR1,207.324778971707,173.291839919378,3.18229089609593e-10,1.70781903462757e-11,0.0113396800303927,1.90836287140371e-08,3.70645397592866e-07
NCRNA00086,556.970618747082,703.354223490941,9.09461001242587e-05,1.89656939728905e-09,1010.26631543052,810.652145116738,0.00820065501745926
ANK1,354.033289862822,2.90179957268484e-29,334.7942289765,0.125227201617153,320.18915522275,1.06807123414109e-22,4.81252156944206e-23
EPPK1,383.042876313551,3.17676230758029e-24,81.8589564928311,6.32575766299604e-08,633.09815206779,1.6925215485112e-16,6.20998034290963e-26
RFX1,129.530184531353,351.091310864712,738.909181619193,93.1982168064412,496.667531902791,5.70173586674817,0.0150056734925069
HS3ST1,234.661055908771,414.346009049345,412.105739976015,1.2157253382839,2566.60327222883,7.53871911119151e-10,744.764044224152
CTSW,4.39855449672317,9.31222345111934e-32,259.815601193545,2.85535717157158e-06,9.19335611741259e-13,5.24375288982595e-11,1.65432741822002e-18
EMR2,23.2983654270531,0.105744029127655,396.949428161281,0.000651804044648126,1319.98253533855,5.4199533655054e-11,1.27374392945092e-18
ZNF826,511.369286107679,0.00355232341795633,316.546264319349,286.021612550794,1.68631891290379e-19,7.7333190474437e-23,4.2461005840868e-10
DPY19L2,39.8162676208872,936.886274669259,1611.36277875078,761.743329524512,2.89921584474942e-17,3.15910733227025e-33,52.2790329890334
THRB,278.08472577532,2405.95136878754,133.183324775725,16.2434391592008,53.1380246755075,772.222897369118,1608.52289609183
SIGLEC10,0.00251722518277721,1.59588574076533e-06,270.160719640937,6.24189518508708e-05,1.10025895269775e-08,3.42258260269773e-11,8.5593326925732e-14
LOC150776,2.18310043994608e-05,65.852784998361,1838.11036237043,282.641195530494,884.861917994111,1.30241634655176e-15,1.17254627960016e-22
ADAMTSL2,72.5189666830563,214.876752325262,375.132772179468,1.43428584239608e-07,684.750726057234,420.645674240805,231.657464792664
FOXC1,521.400419348366,180.301940601819,51.9246280675183,0.00012639869490655,927.598744227453,0.00144644796917063,228.853638946247
DGKA,4.2289623276723e-13,1.05600221416746e-14,1180.22975648811,2.85408631176356,1135.14512057678,6.03787160827687e-13,1.45970892541834e-22
HIST2H2BE,379.439044935589,969.517790750092,579.211671633249,104.807880463104,9.27781292779442,0.0535980307147677,349.284272505792
CCL4,0.0256600790828855,3.88738977490951e-11,697.906628985655,0.000985732496807301,7.93901954331142e-05,1.57852157502068e-14,0.000609370038929628
ACSF2,263.557408167547,521.251726975904,6.51092906917572e-10,0.74618178338202,946.453682012042,2182.66454536057,100.150925387715
FAM26F,1.70406527903573e-07,5.15572317687748e-31,8.67572335956854e-10,3.70252242863102e-05,2.42030868474392e-08,8.44136887469945e-15,2.73162353472888e-13
SFXN2,634.801046806703,366.340198960397,35.0114908301224,0.00709221584144318,207.01304804136,1106.77299811546,664.270083742007
LPHN1,0.0225176001067762,1450.02813576448,413.696267881508,1.10945744806162,1909.37160403073,2.28433987823654e-08,1038.81867664603
UNC13D,3.39374219403168e-09,7.92941202846552e-12,595.985205983328,32.2369689553977,839.816239436509,1.60358752922391e-13,2.09406272543528e-21
C15orf38,421.458081788857,205.359300921816,86.6264442380518,5.34289804795293,308.137820470749,19.4447446291929,1.91814637986777
RASAL1,399.829423800402,2.6373678191625e-21,573.605296716283,134.470749475599,2285.13318307748,2.47341331032833e-15,6.46114373794365e-22
CCNB1,48.2493513532687,196.515102401959,1.98946602085807e-16,1226.94168094437,985.467496417582,1390.24940710924,210.904898368508
HSD17B7,260.708461626078,16.2548835274139,1274.07420534339,599.128675987504,2.20788562758101e-06,0.0242501363583348,663.895233137033
CLIP4,221.046810010001,1205.65568620434,1.50615134669081e-10,50.1903090873183,1415.57421068105,286.684565795983,0.231695650636869
TSPYL5,249.515810931392,1455.53378956564,1.17922710390845,28.4662576712066,761.145719409385,0.001365974639866,22.7314864563586
KCTD1,79.8060880591187,1751.40190070121,116.768424116647,142.327730024825,2104.29977971628,1073.77135481302,1700.73237733128
ZNF521,246.257588032979,0.552030913030779,19.0919463663271,9.23342665878682e-05,3.12113046918914e-10,5.68099395602488e-11,4.34045841627331e-05
SMARCD3,1.03945723136427e-05,541.099471731412,575.862110274945,850.859544980408,1384.90952091342,8.48427669496219e-05,1967.8539973277
BCKDHB,561.907172576463,1765.18340819768,0.993489156133488,346.145787627524,245.698540532317,920.316967096833,2938.77369893436
NAT14,1.52768980584064e-07,0.00104192519344173,234.068566192559,2038.7845452631,1367.93509463051,3.53059419366047e-18,21.9222212453886
KDELC1,377.108227666136,0.000406831189380097,0.0305499545606349,1005.79931179035,654.717290989906,1.29873887938653e-10,5.03024898623042e-19
HRH1,124.2676356211,4.8579587404069e-10,175.871249301698,735.888747425409,1912.80619620119,3.50490467666076e-17,1.97836608574722e-15
CCDC57,22.2272636602349,94.624376871707,1742.66771397825,25.3092215795112,944.52189873557,6.85768321716601e-07,286.015236533742
GPR183,39.8741359785141,78.3970836435333,1175.91955099844,0.22174237411991,9.77161646603853e-05,7.31986992557625e-12,158.48167326878
FCGR2B,0.000174189057324943,2.14926598916098e-09,1.85771968775708e-09,120.622262731403,49.7850217371948,5.63499967834819,52.8908275522833
PARK2,531.810711182966,450.159635843821,0.00337143904717716,540.537335851827,8.03785696520505e-08,4.80359757232939e-15,361.887021412631
ASAP3,296.379276295074,1511.61361764259,33.4487416316275,2.36692001613582e-05,339.364106091369,1272.05025472937,759.938559111601
FGR,30.7662178345084,289.252358854805,931.069583192697,1.46240844365072,9.74200091419684e-07,1.83387302015384e-15,1.27685134409803
GABRD,4.54282484317516e-05,1.49043179131479e-27,714.806320536066,85.2156124315659,4.65068921390735e-05,2.64436385140124e-11,3.25757722257621e-16
TPRN,512.784363491205,438.092749702975,251.410959313379,1123.87822306545,552.565753199191,529.812869673954,649.273121364497
SMTNL2,1002.67527032717,170.332798693929,33.2360447698672,1.36077395883171,1.36904997371223e-07,1.85726486699498e-14,1.23401654101681e-10
OTUD3,385.919565324949,115.820517156002,1924.58664693637,2.42690915248387,1172.14457962345,3.92556496293526e-05,7.32957278835148e-17
SUSD1,262.223374711603,2277.47312340507,0.311085125216534,1.1453620301819e-06,760.494754992591,0.033899189763258,1504.30463034068
PKP2,703.088315949127,345.729933114832,0.0622919668415699,508.272060720896,3.65455830790554e-06,1609.11348828378,240.260759813704
LRP4,328.170360916849,0.0086692835754204,0.602211752360773,5.82872736218381e-08,531.647270927129,5.89275357333891e-15,3.40605951724165e-14
RCC1,27.8675220112938,0.000321086322559679,0.000155196746064693,1406.56111924212,1095.03759328547,25.1927054532718,3.29494661193642e-11
RCL1,262.397988367996,597.606918937437,253.63508667748,924.640483148284,43.4938864496545,565.520544222017,520.400759267776
GLYCTK,284.410604643245,243.286136848812,231.280818196386,413.201886729576,6.95335007680925,10005.5682641171,1304.1190935737
C7orf29,188.006654693273,523.815279920312,2.27176982522902e-05,1218.03614057901,30.0579052103211,0.0938004199277132,0.840920935627035
LYVE1,234.217602161529,6.17862051994559e-05,615.363776398941,188.346463800392,321.043262407312,3.90554904079924e-08,64.9926464370991
AP1S3,467.771205404814,333.528539232026,302.48712289709,751.771806654481,1405.31743245399,2.99818602524063e-15,1.63892830964742e-08
ODF3B,5.71467622386594,3.67874981709252e-32,580.767795221861,1132.51037363474,400.71176344474,6.97376533631703e-12,9.26566520978477e-25
TMEM223,162.704797756799,278.310788039626,70.2496850509342,2177.2070781138,0.00745721977048033,0.000192165069511736,5731.41400681137
IL33,4.1070711380666,0.0083507181231752,81.8610414015441,242.971090581005,6.27770645144244e-08,0.00709098381400388,465.996938117399
PI4KAP1,77.6515572330504,486.182572809295,1817.02013451366,194.280504928185,573.216891835966,3.52671371728489e-08,1.23632140772595e-06
DDX11,10.2507645102174,113.065962597578,1319.69186886921,515.257910036118,922.043793916596,9.75785232629574e-10,6.67215528486694e-19
PIK3R5,107.152657361107,1.60497762312931,338.310733371515,0.00669539986387131,0.000178361941699191,2.04774924980549e-05,2.83636572145314e-07
TRIM9,285.642153348338,3.83265726032158e-24,834.311438735125,935.377282902788,31.9504035780882,3.92473981873314e-26,1.07623585041167e-26
SKAP1,0.000129170689881088,828.795463836324,0.903204513036894,1577.43126941774,1114.32575999451,504.332649393832,1088.49388117252
FPR1,35.719697983617,1.04760895359516e-05,308.449661520281,0.0552773624957541,0.0067676398679524,9.07447621930294e-05,0.0411736923403142
CNTNAP1,1.13507178096338,10.7392305826567,703.775745517869,29.184394284706,37.9886046349094,6.23550606459194e-11,9.8888354441102e-17
ACCS,163.655309980456,399.84007514952,1697.88905209691,225.832675474492,3.45109640600591e-07,0.000172987104493836,9.98574098975332e-05
GAS7,139.719546905045,18.7544910002671,0.0485481088215107,2.81252540568211e-11,31.1379932289273,2.17381468339359,9.80688275947417e-12
ANKRD37,236.478989933568,5.73733764700334e-08,1682.71054870267,1104.93840151105,680.450302723207,1.78985999393225e-12,273.960042423355
APCDD1,7.70434668934795e-05,205.408096866262,489.856159960271,786.401052914495,55.8380946259592,1.89878888710366e-14,0.123254971831297
TMEM55A,307.58180770794,1570.09914031216,3.10808087112653,2154.51435516517,6.42190850531069e-08,8.624278606602e-12,1800.97337511188
RASL11A,73.9626509747041,250.813467856287,31.927551090822,1269.0058799313,5.09743286729791,1172.57745381281,104.462633373396
TBC1D3,8.34797966104866,203.264797126164,1500.48937918191,76.6618391326802,1135.16847641003,3.19539650362057e-13,3.53713912385485e-20
EVI5L,167.61476571354,2171.77542244073,497.015548162015,4.13230253928741e-08,26.1182617841058,2.3261762862323e-07,1082.72261222899
EGFLAM,160.951181927877,0.00147366283590429,635.060314394888,631.563425238877,9.89410598486124e-17,0.744029480286701,0.0173351060967407
KCNAB1,210.227220251994,9.25617976718684e-11,672.856639118615,21.5220320110462,1.3148175113974e-20,6.34509213897046e-13,0.00693712644597996
EFCAB4A,5.11208427750625,360.753113753852,840.185496038648,57.844663535705,558.765697049951,1.07101808072673e-08,609.396600934749
LARS2,460.451769063239,2469.36393129173,3.64007646461057,0.0436073162555273,649.084295803619,1327.81884203525,527.581281856166
WDFY4,71.5613415289724,2.95862111794359e-06,69.4925615575395,3.00756958190251e-16,1.61225846367553e-05,6.96437105788867e-14,1.21934998515662e-16
BLNK,212.875452057857,1934.10908542334,2.84856251320922,510.85033442049,127.490714852359,591.780049580932,1099.91885137631
HSD17B8,452.252870747041,169.53925034179,318.482959664861,2294.658724023,0.08490605955287,1279.98783364121,5928.31121419574
MINA,97.443374206206,2202.36854038987,222.167105003305,842.456062906413,659.201090413972,1104.35219574075,2129.57517255548
POLR2J2,161.308760514833,394.342982024123,661.670862880456,1134.4450602379,23.6968716216899,1.72251640065838e-17,54.1803190202664
PXMP2,835.554578130692,4.09175670655612e-23,0.000779517169055436,1211.28896175516,7.78650482476436e-13,4810.22161800118,3228.06320121213
MSH5,123.107689358156,0.00446153288507871,1477.44943891207,149.269299127389,8.00714417504278,9.53631704071223e-06,2.56236871118597e-24
C19orf60,0.0344814629603873,134.018269309313,772.955003011345,1344.12731499409,43.6689108611142,74.1586055376863,3596.65023392753
FAM105A,327.403314155899,675.835375639461,9.31013561922995e-05,217.473962069028,7.00043059399581e-09,7.7530066057583e-05,340.843951872607
FAM63B,496.233994684678,1886.50660627562,0.212167888738342,5.97484891918945e-09,369.766642952748,3.44683143848826e-11,0.000312988838255716
SOX7,0.000265365406256715,9.08739251183905e-07,1250.65693963169,0.000134955799944798,2.26445427827023e-11,1.76404153733263e-08,0.240692866309262
TMEM56,483.278829873648,551.369058634541,7.00922908536981e-09,76.0266982379259,385.457205999675,3801.11980443979,951.974901437174
DCPS,183.748140139182,2189.79602312207,419.928367641127,542.446308773621,1.42872578155038e-07,388.657231021528,1078.08898632982
LCK,0.00164688223463177,7.25649734667423e-29,337.769873728051,4.03789766771707e-05,1.27051903285219e-09,3.99914443836234e-10,1.86132870575611e-19
RAB11FIP4,350.999098380541,1813.3978816364,16.3842635031232,1.79221070579303,994.666997482253,1418.62091370501,462.459275720617
RASL12,3.21033812556915,3.51584071138008e-10,250.778807982898,746.568953145721,2.5166963303665e-08,1.19913307450458e-07,0.21174635299956
CYTSB,93.4092558640742,1568.86577597936,136.156399543062,291.960217420898,967.991385574228,259.887168239258,279.395273691566
QRFPR,723.191922226542,4.15462871294066e-33,578.421802436539,782.790273035688,2.59078464612849e-15,9.09837430997919e-32,4.59201652575729e-25
VEPH1,890.965492859175,705.487152592042,0.000169416773837219,0.0848892332226324,332.822923227285,351.213245726838,909.784212852191
C2orf7,189.457576837012,120.855788076533,0.0225076492340774,937.674329612687,1.79431566467823e-05,536.022201534667,5570.15603621547
RNF180,437.807455618871,634.529975803725,86.9418033825672,0.0259721311465913,167.330408596957,989.014820782686,2162.05093829161
SQLE,351.769209282768,833.010241523979,299.467142445448,265.881643652644,1046.45257025355,1924.03458259434,1396.27648268314
FLJ36031,120.25195516245,150.610381152915,243.516903618761,689.231438152008,560.647312091384,0.0054493095092589,236.82384698047
YDJC,82.8577942563716,278.267146631739,202.312777445251,1353.8402757468,295.507888589296,1.16302657838721e-09,1824.16869091931
TNIK,775.298846515976,794.777129778274,90.6761728748506,0.00083805626706505,1043.78674530689,3.00527566226976e-11,6.41147041005103e-13
TAOK1,627.654015195584,607.838857879014,0.0106287719611195,1.04296429850499e-13,298.146176515868,4.19089117975845e-06,5.37616565208081e-20
CD83,330.930957989673,976.154231913418,1140.82392072381,4.55469315346862,108.163277352441,9.78323722087307e-07,283.849458132089
EPSTI1,482.573463056644,5.21984952928815e-10,2.18114716566347,8.16289452658113e-06,0.326497610994027,0.0018187605700343,2.84662859178563e-18
NCRNA00152,1.99549763328564e-15,6.78849995098551e-26,537.513152885714,1315.79134265598,532.321436339948,1.62238204880405e-08,0.114708739134164
ADAMTS10,4.69017833983202e-11,5.9704600318006e-22,850.822124406493,61.7083736984154,0.203083886042487,1.60694685591317e-09,2.79110729969318e-26
RASGRF2,330.40896881492,976.814411156959,406.555502471102,2.05249192655681,6.60292039724592e-12,752.485509313688,6.50469897947083e-07
SDF2L1,149.622659105034,289.355413387252,206.676373822733,604.568465135693,0.0108448438890157,1785.27807506473,948.11252780889
LOC115110,257.318977371024,812.525884930058,1171.71471387104,0.0708338381472867,1.3107078427023e-15,8.27082486465061e-09,717.563102029621
LOC146880,0.0110825494719334,63.3075366184207,1900.74675429353,1.36063877291096,0.252470084773358,2.62430659571245e-08,4.23316756973003e-20
PAQR8,117.092376018437,637.363736417713,3.13738458809354,141.554496704453,387.783279038179,3.16162129832553e-06,922.45018308297
TACC3,1.24266313437944,101.861534376788,469.401267752257,257.613496675985,706.792083411473,934.555304313257,5.26465442897535e-12
NPY6R,785.073776322837,922.917960044147,0.210377424887608,0.0162542854187025,1.3060014532108e-18,2.39287818673355e-39,0.000291507865823721
PLA2G6,21.1402204727771,501.304137916121,1480.99814557304,71.0536356702671,725.287516447499,4.43350472133429e-14,3.11701672913434e-15
GAS2L3,738.65002069672,8.61373076510361e-12,293.320062275078,0.00389763112270606,0.00160953855211277,8.55389306128178e-17,2.55389703523881e-21
INPP4B,85.226792817542,957.998594000669,31.0822601705731,4.34394455143816e-11,0.00115643268594625,804.178955773547,642.795136314812
ECT2,261.829482154516,565.682745384766,0.000826494873673707,477.04678274041,1244.2442207166,676.648107038475,585.592738563722
C1orf122,183.413314330445,245.520482220949,74.8933799440134,501.561805763372,416.023483162073,0.128981780827422,3398.6389579012
GAL3ST4,0.944081289980211,1.34226454338403e-06,0.087577069935107,0.00321146905454723,0.017361761965023,1.42496791867783e-06,0.000397889761769056
ADCY4,0.163182764974711,0.00272499046002091,1575.36310784125,0.069727429720509,1.10289427493985e-13,7.79422529004118e-09,7.35179279923504e-06
PSPH,600.720953648698,252.842665542284,9.81628299255685e-10,1019.18867934756,544.924396258913,398.791973686228,134.392205572296
ISCA2,373.822851542359,667.607648828419,244.52974059773,1094.87846248926,2.82531262556563,798.562401590672,6433.68597461162
C7orf58,151.121990982651,5.99174749627278e-07,0.430821450222951,0.00311252743885693,0.243120607562465,586.078190911476,0.0458862173059769
DSCAML1,410.06575087417,187.050136858992,1084.48974514111,250.29493705787,125.461072944426,1.86113605554885e-22,7.89285916689371e-10
FAM126A,226.517666906967,335.703884523279,104.03142743322,5.37370762722965,25.2792233375191,1.62135170734721e-06,0.0255473097075916
KCNK1,385.699416746615,537.968952058115,381.753723870199,481.913607693448,878.869924335842,1.75839353857664e-06,473.070618435454
AOAH,194.02073645438,3.3931491184914e-16,0.0115749895988488,1.46162510138618e-05,1.52413595899437e-10,4.30597594937906e-11,2.07223087952738e-13
ADORA2A,116.526891935099,0.000393147444784892,1269.0397899866,379.665915894605,3.03238149119998e-05,1.43071048577048e-05,0.0457827727639692
CRB3,675.049822824142,330.145686258792,153.7517622268,724.306044463885,332.094322981663,734.851858195405,5806.16081029934
TPBG,281.614531164049,362.116460823406,546.139123419624,14.7274553276645,2170.4997593603,4.45120037881731e-09,309.501603955606
ANKS4B,919.595269060461,1.74857166114817e-26,66.7821006537821,0.0436130258576986,1.07012848805594e-13,1247.91367945211,8.49054414607821e-17
LMNB1,171.702832220813,2.36022677173611e-07,262.239203249401,407.352409454293,722.238940371457,708.949342188711,2.52722034093441e-20
C14orf129,376.526155280266,440.802052677402,3.97525569936186,775.502233254063,530.100096797761,1472.04328317759,5843.5805872648
HOXA9,372.591001828541,547.755543457906,267.355786216232,1126.61148830071,827.382416615494,2.44596840605852e-14,357.615298700206
CYTIP,0.011909902425218,1068.45688383735,455.708270509414,0.000132022230920688,5.8646159694331e-07,1.89550004949733e-16,1016.60519793268
ZNF37B,115.605206849063,263.125245355725,1756.50893140187,23.2107556790119,326.085125075494,6.42734101978051e-11,2.98473150850081e-22
LHPP,326.995414632472,236.92740437001,0.262364417549353,0.877371326278352,646.870248243963,1.46774284406428e-08,673.911838827449
NCF2,284.393775937318,264.23230715603,3.26426689462323,0.0109601608771185,0.482934215190769,5.67301066288096,60.367791143576
TIAF1,2.88168366427825,315.72615642297,1125.92305027466,547.880041176628,1.13374156329956,950.629997177605,0.612060052296788
C9orf150,197.628951095992,263.339179165272,1102.51852627967,833.250359621449,838.408143453381,691.91481894443,0.47322946469917
FBXO30,356.840423605134,1722.16934205822,241.079490867173,159.656070960329,0.0461649387923726,1.26156235711943e-11,1059.92709375687
BZRAP1,136.30210705617,170.095260551087,1495.90675322402,16.2395086961308,913.228129000633,8.78854802748684e-09,3.92386657907759e-19
ADORA3,136.286634752263,3.03593721592382e-09,0.000728343139850857,1.88752710379983,0.0473401034238493,2.59611050956713e-07,0.0107615531175332
PLCE1,124.923866258342,475.203999458531,0.976889415520954,6.26004746687691,845.587479524262,469.439650947724,0.00183818652677911
PRC1,199.865266858046,167.033824746581,195.931054704979,660.62751643967,688.624734254097,783.582686866971,1.8452062004959e-18
FHL3,6.92247158654861e-08,6.97775199947683e-13,242.560060608423,777.921022440401,159.893770705969,2.93885091268407e-11,1.74316612861863e-11
HOXB3,14.1628868537077,1142.55693908761,1296.52659288595,1068.69746502113,1077.50171422878,4.76461111063601e-24,0.00170861965809409
RHOJ,1.25577336800926,0.00100042418521566,862.942276270823,23.2927040564503,3.06322951532115e-12,0.00027338507027536,0.0176371468637122
RASA4,232.955453093146,126.360351120154,1089.02117849209,9.06175430923552,27.5827163384031,0.000186179283133452,1.55688187973129e-05
BMF,69.7403726601994,675.081019196249,256.949527361123,79.983325589305,0.000245441902224006,4.90002947637041e-15,11.5413857323923
C9orf23,264.131771796828,457.965084809697,320.155459758696,2141.19020891924,0.149363405500349,55.1494840463989,5553.9521898771
TMEM120B,161.23690917022,1320.71968779708,1029.71002030749,94.073112462178,1021.14223382671,8.50862330240935,1494.62858306042
LNPEP,472.86103227972,601.082027234528,0.000106271019600394,1.1541018421415e-09,1066.76613443752,1.56993758697692e-05,0.000167298430252792
LYRM5,480.610802435458,674.019262920572,5.1176284300017,1655.40600280684,0.00210118844695724,2.20334358002777,4655.12279687785
ASB1,506.262728303432,1492.71046050205,307.38299116551,387.033459620601,578.896390598092,1.76241284055388e-13,5.14252753349846e-11
RASD2,0.000312548977143691,419.406338241896,486.376754298555,141.291365249659,264.918682191206,4.84276450850454e-09,54.3460376896267
ATG4D,298.136249584063,1324.71673638624,586.232352212407,671.499859877117,97.5758155478709,6.25657559513436e-14,3655.33737454477
AASS,391.822674584074,547.101264921183,1318.2440917966,16.754942175825,4.46218728876215e-05,1605.4525095978,8.41489311254928e-18
KCTD14,485.278223594726,324.96842326745,48.7925244941825,913.724158706194,182.005261542641,0.000604650813642581,0.0210501453750585
CRMP1,352.465458951738,162.950689491139,266.073392701752,11.0922820563014,656.901078544099,4.96850418003410e-12,5.36585850074843e-18
ANKRD13D,0.000130309032511876,211.157387255284,1361.31482923922,148.958215321427,819.81396905894,0.000112696827863434,2.74258270523364
TLE2,1.29831937491717e-06,1226.38705414884,759.335526439832,141.680036355181,577.782196540482,465.128468855311,1698.12591505879
TRPM2,0.000208546374240602,0.0724243715817231,20.3481591876641,1.51889704821413e-08,38.4869048631714,3.75624857178197e-13,6.67751749620843e-09
C9orf82,472.328641787163,1349.06570814504,237.691177867055,958.252177050699,189.770082856172,7.29182405560028e-13,3813.2181104794
LSM7,8.64872758729943,152.323599166044,404.750925638748,1736.86999022978,62.1015649537501,3.38612746386904e-08,2154.02039360977
FRMD3,727.405148882052,1.39734449608232e-05,149.331097495134,9.83923439813446e-08,4.57764721373499e-18,1.0793155707345e-22,2.59979112299323e-15
ST3GAL5,203.911893530991,538.121096393843,250.945549244048,249.926520024289,712.756440915463,535.564771353889,108.15214104827
CD86,105.702821381506,2.02432519026775e-06,2.95882281460527,2.52344509970134,0.00201067225196354,3.02142811775739e-06,1.38789206775031
OLFML1,112.630682614864,0.0110621547922885,20.9702030149486,6.76864357124149,0.0142104845539943,0.000108512504910589,9.21479809138804e-07
RACGAP1,254.092877804708,1041.72006396492,7.0247792923354e-05,1125.06985746348,244.66990537101,660.678624374068,790.90633376157
ACOT2,553.599189293318,1080.96531905793,339.177046576115,293.886365703676,1.29604076315888e-07,1525.54577955023,2920.10135417703
RNF215,190.359383926835,110.884193625088,751.826935633416,1358.74240520668,1145.16705035855,0.00146351893448849,51.9333400624151
FAM176B,0.00143805344463333,3.00509359695162e-22,432.404513406923,1543.11652126994,0.474132967641438,5.29999029614113e-20,0.0490660334183042
COMMD8,485.060163047798,787.653299176182,0.0012896530060382,1223.08764629866,0.140703849873159,503.180929024045,3996.19645880704
FCHSD1,0.00089364586371332,81.5171587134554,881.387279285675,347.88029218639,840.755185208407,4.78968355096268e-10,1.15142781680318e-10
C5orf45,184.21254898911,0.180268278793026,595.672186895098,1927.39282841645,1.55978192494434e-06,7.2060349933126e-15,300.837887335921
SVIP,339.320773008291,1000.94209198882,140.335087786157,759.391321989523,379.322650718185,1271.36145484321,4964.44603384713
MAP9,415.566882672802,201.940486897161,8.53745224427319e-07,3.37193970025897e-09,1111.51149950053,4.76892435688953e-09,175.689005184341
MAD2L2,63.2958118696739,212.732510275124,243.43748585053,1265.62032961718,509.513218896411,646.036065304084,4797.19012518534
LYSMD2,142.490552662944,991.800337096923,371.705309807089,694.595815499209,1.38977118830305e-05,12.35641445115,3550.40580553471
OCEL1,208.17327583154,240.516118973193,227.957814305837,1356.28337128475,66.1999286307798,979.214192931851,811.999835861542
TRIM6,793.755134546075,0.00206992458068079,0.135340573956103,1.85518164221328,2.55616365191431e-06,1.6647321874931e-12,3.08255445676605e-17
RBKS,498.09412177463,9.70365443456414e-05,3.057388808595e-11,636.689166163068,105.910392325633,62.0753778479995,355.796579523868
JMY,373.5106424385,1689.82374476031,69.4428595425292,0.10311641941551,944.433747672195,0.0225530773244176,8.5854403578241
PIGH,454.780975959864,490.686963096542,486.891367685673,1289.36189089148,1.51597689511399,589.495637295293,5577.23194120124
ZNF704,664.599020363649,139.978981102928,63.9550429513581,0.000149073641786502,1.58581292487835e-18,1.78166614720797e-05,5.08020225666044e-17
UNC119,248.854584739218,738.012522392284,0.39863142438501,254.879520064882,706.219149481955,0.00237867276185462,2772.82581927846
RABEP2,52.5345614630344,948.03335305545,788.313878551595,11.2801637726587,529.111416911733,5.99235525420401e-07,600.926177600028
FBXO6,139.424292090032,0.0169149087762516,0.662730800333147,1153.47388288787,87.6304382148779,0.00109795375362425,58.8573708029279
SNX21,82.2092422438057,844.876326943835,611.348320980397,889.233302187857,934.55672751444,1155.33999310448,694.82305332113
BOC,328.421570488692,0.0783037225560047,1187.54713395692,3.90989129933121,48.8241458302393,3.0777328141705e-13,6.13984238280539
ZFAND2A,155.801490965278,3.99618655859506e-05,298.246834781,2002.0291790992,1.06017626257839,1.84837648601774e-06,3967.95363634839
KANK3,259.360389532129,5.32143304524568e-07,1386.63194138088,321.726570996186,1.08839552042537e-19,1.85986632063832e-08,87.706057115543
SH3RF3,489.301392479165,169.686166317019,636.951777941824,3.64883945772264,106.677367861928,1.2251782547919e-14,4.50478598682394e-15
BIN2,0.526184066652245,451.65100282511,603.602669946849,0.00123031111787311,4.43141320940684e-09,1978.38763406413,1.74871280937621e-05
RTP4,314.420920336883,290.617530829739,33.268742886047,522.753329001228,226.170272473534,368.402966126483,129.783165957796
FAM175A,566.937764539945,411.613728704248,0.869433530951496,1904.78366314441,7.34918905972109e-11,354.426788184956,375.139170016007
FLVCR2,446.729078589143,490.282700611846,340.415507955165,0.090846962664094,0.693913919466,158.156428520748,239.965701414747
C6orf115,399.781303821869,217.346053594998,1.21638156015256e-06,517.840851997962,5.84750013920642,45.703604074013,973.303677584497
C1orf86,48.7620831311934,0.957125589074063,701.333950027358,1394.65432912035,145.142867196447,4.54436755604049e-10,1976.77258660404
TRIM66,249.80333591512,186.877117515615,1293.47218266965,26.5505848376095,360.06778193731,0.00257596425822325,7.29879613930952e-21
RALGAPA1,606.960004542723,818.771121355111,878.605536332554,36.0458087501054,487.212552424631,0.00618041546294026,15.9533908080013
CDK11A,73.9573745866899,254.033751227358,1477.60381448117,1.987508491732,457.19996308082,2.89341523634148,7.41897402771226e-14
NOTCH2NL,256.226054572212,38.0712226119145,383.755984180344,577.501517581765,1128.67977106186,379.839508617702,1011.13192021581
SAMD5,806.939306687408,497.953698238831,421.643997213742,12.5246992686295,1.96921355516231e-07,251.296738938994,235.077329068313
WASH3P,138.663950511153,632.023438019883,1333.08918839893,725.681386276288,369.432752696723,0.000185226808942876,1006.99808550743
TMTC4,423.284271231516,533.629741281268,406.873588486718,492.353576640223,620.795029887509,0.00414888651559392,76.5969414829308
MNDA,233.752381960641,8.02280943066480e-12,0.0977859974846032,5.07347135464317e-06,4.24803538238634e-06,5.08655190473802e-08,1.26843153352238e-10
VEGFC,6.25576120520358,303.703938390231,578.523173557898,90.4539325766245,169.651967273688,1.47733659334176e-13,352.472187586157
DDTL,287.395011874984,471.898939269025,629.406109540334,1322.25700930912,0.00680817745701718,1.18155560036894,3804.07445270354
IL15RA,1.09332770972591e-05,3.29595760427583e-11,713.350172489718,523.205893465715,79.3924187658313,0.000308096230408821,1.16929161616546e-07
SRD5A1,420.516686288068,492.86524359997,0.000915150449516201,153.12225233058,696.965526539973,1637.1969621253,552.935526430389
EVPL,261.423834582083,164.391606024496,408.0632420179,276.706582735415,1762.95766605238,0.000390962167372281,1.15394936843027e-14
IRAK3,183.812986946697,12.3074989321605,847.376073675709,0.000409553965951872,3.70559207965237,1.88750225249664e-06,2.54487365154521e-10
SIRPB1,448.51887498276,0.000438209699814155,3.34942407137418e-07,0.0338540166490582,48.5739755032401,4.35802740615502e-13,7.20753068044444e-16
LMF1,201.198673760262,870.691176895839,396.55676761923,121.133355069753,555.89792496954,653.859885951473,3643.81314686215
SLC30A1,744.067742208482,130.567516970278,0.0345926816844483,0.000254727883923282,316.189023456024,740.413360593253,33.8858237675077
GCLM,778.914005409349,302.012583412454,3.73928071160773,12.0793330050607,0.0229567624952775,1177.59578524367,381.507745914423
FAM65B,388.181203612974,2.46393719105832e-21,609.032654183903,2.69997803106801e-07,3.98100140467098e-10,2.85865721526604e-11,1.4668165882285e-18
CHRNB1,359.737317020703,129.979167767007,532.065707207119,1096.5755220057,875.988457373738,0.361308331667068,1.12139390531197e-06
NBPF9,308.381048160484,13.9549368403531,852.738326703118,0.897767573796758,483.511795036135,431.63015925247,1.12123663612429e-21
GRB7,502.080013066006,463.834774164316,310.091489337927,439.144533331754,1570.15190590392,0.157411095809076,583.644418350609
MAPK8IP1,638.304655757542,476.156792919679,690.221014392098,437.606230403277,43.6288703980836,663.169595906685,361.672322430569
NHSL1,544.504164999532,118.974604530661,312.835191815138,4.76724994611466e-06,404.782452929865,1078.62996702472,1.64341559319657e-10
ATAD3A,272.369946985064,387.172899411207,576.072125127092,145.371996305809,769.392980965449,934.027608943391,120.984685478567
C10orf118,758.4328155798,1052.41779182774,11.0168078954596,2.74443555600213e-07,272.646386171056,9.71270235298328e-05,0.130384436600807
YAF2,421.714820660902,1279.71893044151,169.851593421756,1202.48046217341,0.00439043794825036,326.325487071306,1910.16410523731
RASAL3,3.46296491192633e-06,3.47339406848405e-20,796.66762380236,0.000404380515307008,7.3616577750131e-11,5.86720530835615e-11,6.4541868507525e-20
JMJD7-PLA2G4B,3.77295150622848,475.008037298171,1609.61996220206,152.07714786279,25.1859886822811,1.04271391017514e-11,1861.37676137422
LRRC37A,63.7038055358445,338.116268258446,1282.05926663835,345.850792749193,234.902449763079,1.58573276515213e-10,6.20990455570315e-20
FAM84A,280.896005841998,278.157727162991,647.027065102599,0.00563532257751864,1131.74508810899,2.54542482142096e-09,0.000596530627719868
NRM,59.7782683557917,1.79113754177799e-17,744.388001148863,2071.71215415116,410.100755590147,8.71523199063761e-07,6.7660283077495e-23
C4orf52,423.561740201627,677.827947411579,0.887555353432025,1516.2770827019,68.0116039168023,724.898889087378,5118.77890293495
STRBP,463.936319775795,1717.35235673778,113.340392559095,202.645654096007,440.488009562853,0.177548335477761,2352.1208408605
TMEM106A,983.217073168572,0.132317530842951,234.215290696204,3.7874050681561,0.0134067691154657,1.4502021182685e-08,3.62691056830623e-16
CROCCL1,79.8800140349427,336.588522331145,1537.7756220533,29.9411454333695,425.335918699178,0.000166389478574417,2.47452920487644e-10
LOC253039,256.872838275413,519.849877202431,714.752769468584,302.27416884792,408.485714217558,0.127962229860762,1.71316130727579e-07
PTPN14,380.404003564442,94.232332568781,1.42937605113719,3.55770724119613e-12,845.824380982909,3.81697964426316e-11,1.03387118347013e-10
PLEKHG5,32.8075839461505,6.99853284881029e-05,1493.84566486211,0.288705097369556,17.3459283030125,0.00827275179217067,4.47365701339749e-19
UBE2D1,353.7351273846,490.615068168446,13.1875982500698,734.4983147216,312.218118878576,522.409128678011,2098.46016017089
GRASP,4.70695378810914,1.38009551619237e-11,1553.52887235935,80.2359983168517,0.000968659273927345,1.26907043835572e-12,120.188920774
LAYN,149.884744246619,1.20253193033623e-06,448.49136972884,1077.81668913161,0.0576049822785715,5.59958267143176e-14,0.000605995063586363
OGFRL1,579.348170470981,7.34603000014177,0.0687241467488196,543.379713829255,401.750050095386,1.93361772802947e-09,0.000170630040790956
NINL,464.913439657502,1447.91069082261,649.851413365708,0.434149417938465,662.724487995509,0.276796126332777,5.23240065785882e-06
CALHM2,2.46642844132918,2.20650321186131e-08,249.745654094472,105.899966815533,0.0314620738974094,2.89853598451865e-07,28.1021245048173
DOCK5,334.633567457054,563.086089393619,739.371021217934,8.09050236701186,109.706826871146,2.49186287052026e-09,4.32974218240365e-20
POP7,178.067105774545,322.508163304039,215.173163078158,1994.35320378387,170.363312365449,148.446179602038,2008.84831771827
AMICA1,56.5205621011685,3.50544256029457e-13,395.478143768439,2.85104818359935,2.62593917442381e-06,4.30486999148509e-12,7.94146812253598e-07
ACER3,545.237775205561,425.57264218651,0.0110875608292799,0.000125951234819719,5.63786363092749,2.72743033660429,248.234171831961
TRIM16,306.996684657729,338.539740391116,250.316419776885,1416.08389736604,537.678041262015,359.821508990571,1.61097913815845e-07
STYXL1,185.919946028968,734.242849347726,9.26450645741904,2037.72558040571,18.9490069539876,771.267903961466,2543.97374058559
SLC35F2,500.217868970964,460.671536355923,239.112338250988,1140.65755830247,1040.59429746073,0.367154984216744,1.32920800541792
SLC5A6,347.64116412399,494.017422692477,533.890270016446,620.250982773087,756.816968923069,2343.63599493787,6.35158805298913
ZSWIM5,811.875876455531,47.8367461227595,390.306870108329,2.34898269874708,0.862232957822675,3.80466244306461,8.85100436250373e-13
MZF1,39.0878351126797,368.155538678327,1482.19256600487,211.179611535598,730.948995423865,3.66420790039727e-11,1.98175280737577e-11
GMIP,7.61396363179707,53.5370094672097,392.292895920534,0.0160081368731041,423.928551345495,5.29859834260975e-05,0.00567284979202794
RAPGEF6,624.932137874636,353.766189956264,13.5422247309405,2.13827746229525e-05,0.466525145724469,0.00912973452375216,4.44188289270792e-12
ARVCF,137.979975094229,250.150534566389,825.157435124786,0.0194995403081485,1.60277280723876,74.4008099252455,0.0345392824722115
CCDC130,41.9203164401991,421.312624239024,1424.19450706204,976.069467732132,701.25602395128,0.000167209999498604,335.417429366589
PLK3,4.57493947635939,2.21922185516389e-11,2083.23261905731,20.2090409690365,1027.7518474132,4.04420704271582e-07,0.000850651841088214
PRKAR1B,383.228735046707,633.623694856202,0.347273704088172,200.522645277473,583.190407572,6.45734580885269e-07,921.020674117242
C17orf106,162.586943718736,220.401186285604,127.150363455452,2452.89303324796,0.865707203726654,881.586876738127,2189.5193917344
CROCC,45.9699929339708,125.245562477234,1474.62266656818,46.8262383365554,428.518630112991,1.00433025438014e-12,1.56248921616137e-15
IFT27,155.964433415958,680.948683288112,787.054157954188,1002.2547468085,510.709369498729,11.2221030221973,2280.55566074512
PHKG2,164.04099439044,575.084858600691,859.512824414884,561.217087365233,642.884517334501,702.415017966349,1580.2008916949
RAB4B,7.27401311930615,461.884604324601,850.091205220869,596.932306498269,1.71222063428636,1.59071749501722e-05,1731.49362057624
CSF2RB,65.6467920483292,0.000131728072560179,284.766710524719,5.77970774065911e-09,0.0127736730202002,3.70979602243693e-08,6.92971225804192e-12
RC3H2,543.398931186374,882.395425093172,82.4157372091404,3.67184790807051e-07,69.5084628696799,377.242266542398,3.02588122673113
NAT9,188.749679651784,530.261591674467,860.511607035188,1263.6997432486,1134.49675950768,0.000262884809876118,1.12962831764502
WASH2P,161.267540134708,628.494873293712,1039.44133788004,563.384510560016,506.633759003249,0.0226144920237472,926.428086259936
PHF19,22.0282136378196,46.2097924836422,573.025326943536,721.723368060946,750.878208315993,310.917842293961,0.00679438006557324
TMEM25,496.908506709247,447.739784511872,388.879317275174,3.79323071721763,1057.88855555389,949.207339385092,1305.15104422332
TMEM200B,483.344642830956,3.39641674540405e-25,259.799590172693,246.52033312264,344.153260864028,3.16891065111748e-14,1.05457389181984e-19
RINL,260.087649961631,273.472538050159,429.673879163169,2592.11317948776,1.40230287604884e-08,1.98762540101838e-14,1461.62020070366
C16orf7,184.280678109436,887.543747695666,964.07898260195,124.181252705789,690.811909515437,618.311419305638,1318.1156860907
PDXP,744.429534591204,24.3639499679393,41.5715560148195,1.52959681160253,80.0766443834029,1644.60329899098,258.956792419242
USP12,727.355130319621,673.014040733138,6.88156039866807,0.000454887138326667,26.9547304321237,47.6391662757423,0.78423469868025
BICD1,278.36739110395,0.225656631379048,483.09077862006,0.657119652729158,1232.67693258474,8.98473248517509e-12,8.12315155548041e-18
CHKA,152.703981668985,1250.74922821442,1193.33789112261,199.646473445016,1.63913814623993e-09,1036.61747613343,1479.63967212062
SCLY,736.308460133885,243.281013665178,221.084622450849,60.96119863913,1.66123599279866,958.891384362894,0.070435231227793
ACOT8,146.012961821921,523.06111798836,317.922009874993,1416.75997937084,5.38483469481827,704.071263154449,4061.52188217019
DNAJB5,255.177606288335,144.161108713864,1397.01915011412,19.0308464659527,3.70748776407548,0.00021364788321954,157.518730000018
GMCL1,654.209034753956,404.531743322218,1.07493943785425,235.760640581727,19.9792702559492,1.01915530979599,4.10173121382477
FBRSL1,215.644253641685,983.01802714037,1049.19494290122,139.017640217174,923.983562593854,0.171112955291303,23.034556277814
B3GALTL,484.083784244299,746.419841839717,290.653826834928,1112.12303684439,0.00116908792339406,0.0303481928760722,830.154268382916
C12orf29,517.683378434926,362.246254532249,3.54405199395106,2346.11623623991,10.4937977480113,55.3870570085332,3280.214135533
MMD,256.249567298966,348.257406002022,25.4575188082352,444.546147802225,123.563175131901,722.86073833211,72.1375025411406
PRKCE,747.201301645777,846.034173408436,454.523007368552,0.235445077078577,0.0104972777046887,0.0422008991508295,290.98647959049
CHCHD7,317.249663842908,1243.98457429477,319.556472857498,737.420307944209,783.244536860131,420.048912043907,3364.64978271839
YIF1B,125.940260027168,174.66412188529,323.693025986126,999.108528950007,719.793932020953,1414.31000310558,1718.74494816689
CCDC12,33.7419751239843,799.056258971534,679.539479965922,924.548998462393,738.616280512855,78.3466691859255,1909.31911301122
INO80B,153.347891555473,1.3710712814671e-05,906.715425191787,1757.08242090207,5.38245404483374,5.89741811996051e-05,4.33439189899273e-10
MAPK11,23.0543763723576,0.000679744430399672,1115.81852294489,821.072752044083,0.00109137796909392,0.000116236453553805,0.00722472954666679
PRKD1,726.599752840872,404.330241533398,719.750699778078,236.526032857655,209.334452451356,199.868896210846,0.00693487443694214
SMURF2,418.85604615059,331.767041417782,611.17051453229,19.2454923094796,682.796722503142,2.74221293924776e-06,0.00192119606546989
RBM38,86.6647774666983,549.329760058635,561.748291320031,431.168386873718,527.692764636045,0.0381921885024604,119.879884868753
ZBTB42,369.925719646531,181.101407433874,697.018272275466,690.266449404671,584.452753041435,650.127179195785,11.1704049170121
GGT7,349.929410922379,778.731881355645,1102.12030212052,1252.97026479193,1207.65499382368,870.019828239663,709.355725043376
TCF7L1,35.7002285060437,232.291779487998,900.881548390172,13.4276036581095,391.513698537814,251.303327727441,0.154494815528848
PARP3,384.890741624461,1222.75325181345,39.2397623818339,238.412765905834,856.168244408394,653.623846533241,1163.36987730041
NBPF15,276.909677315638,0.00466089816195963,1061.39886834024,73.2668871994476,538.030965982528,0.167927730714576,1.15781669268528e-21
PDE12,601.989058223345,1433.07725659558,270.439560187722,0.056161527460688,598.58058860545,1095.93398894246,1805.17368450588
PTPRN2,271.383120594111,1.53007304152124,300.518548155467,131.305926159231,653.246762287624,4.49680150527312e-05,299.350030483344
C19orf61,69.107462327118,617.265627993133,637.652650059182,281.113293434765,776.98401070056,0.125792769414933,268.203731375706
FOXRED1,373.969742792926,1166.85311769404,477.786286093159,444.275552272697,7.25862931143939,1508.94029708604,3042.44725732296
ZMAT5,161.461076357804,2.12125898347574,105.196878326393,1854.43233848033,4.21882080085356,0.00615954609048619,4172.90481076796
ESRP2,303.471537565487,1214.06325149667,467.642356213315,0.85402158502691,1004.45220607168,1977.82459465612,300.062754498952
LOC151534,635.453246747709,8.75975474914981e-09,289.14722362873,475.818899620662,0.007935393381678,781.507557724298,2.16719698019647e-17
IDE,691.278679362582,589.097717621333,0.00161963764944772,3.50685591821101e-06,343.925395158456,706.417820032073,168.615662507591
TEAD4,57.3707972258318,12.8138106100671,604.53552085661,1090.09587665671,816.922293810678,4.11861051825697e-07,3.04635379837512e-13
STRA13,234.96838034656,3.09875466438031,181.204916993504,2110.91823714351,13.8308396343428,947.133502957219,1708.88558708957
TOR1AIP2,671.161948384432,487.915663158187,0.115906570315697,2.76002560171819e-05,571.985142581746,786.895727539379,1.67158320756488
POU3F3,672.787775240243,0.0307008931353995,878.79732193437,68.4441713841314,920.52338101534,1.3443727846618e-12,4.01513102384008e-16
DPP8,629.402627658011,964.355425355257,4.36412258309824,6.94684841249286e-08,1.43958382613184,0.00257256989558748,1.11229896438217e-06
CLOCK,558.29785068206,561.273034130944,0.0034960454866514,6.34903511444392e-13,106.494951533723,23.7423757128239,1.84769848155223e-14
ETHE1,182.958283158085,183.577665194464,114.390547090315,1473.81536558711,1036.25701513199,2109.66039429434,2763.69610948079
DDX60L,323.306359992646,425.553652467455,788.42923654003,7.90038616232,755.22383792802,4.22050846892463,0.000363345651381565
DTYMK,213.551808156453,143.95903093306,0.667097050168417,1799.70661783384,75.1076670052038,35.3074882127698,1444.39074424813
TRAPPC6A,337.392316615254,200.002098981337,257.838775346908,1804.65858480424,338.011946414862,2.79255273057307e-09,3818.84534021326
TNFAIP8L1,188.270044474739,1.44066434830194e-07,356.778806309467,0.944531327014785,4.79866829501233e-07,396.565583621917,2.80456760903155e-08
SERGEF,235.315505083426,339.705790836692,330.491127626422,1404.75991446147,37.637967075104,0.00202645177608298,3900.73505391966
ZNF697,795.054993988383,352.779438465437,325.574632896447,0.00821041084606088,0.000184653187894266,354.530055411521,1.27966997022159e-08
HOXB7,151.718795790395,472.334032873881,55.4682315995887,1574.65590858014,877.615748787324,2.13272486981487e-06,1228.0253481501
ENTPD7,483.174235175389,88.7233119233435,0.102364764209558,9.80707085067684e-05,643.644393439671,0.865203509819136,2.33563376537988e-11
TTLL5,489.196728236183,457.413912235244,582.215424481474,138.163399766228,734.822367839361,18.8909574869271,9.41126863567599e-06
NFAM1,107.018390595406,0.0125076503172003,232.955517143009,0.0310213709350457,0.150996138499804,6.11945979565287e-09,1.40994219815067e-09
EBPL,103.795686057789,58.1536812532624,148.698022042101,2825.57186779877,332.192523852033,0.3125586594691,2689.9798104781
RDH16,5.55675788183422e-45,2.61471862331016e-31,3.15658426841374e-23,7.67199527533178e-19,1.55805245382498e-51,10255.862763324,2.34119868170973e-17
LRRTM1,6.68681678515243e-63,1394.81526900079,3.82257876680809e-30,4.72679743621808e-65,6.49382272001741e-31,395.335891535066,497.492265734984
CALB1,19.5415713363948,148.743261930674,2.10308960397888e-16,1.91367238966624e-32,248.156411956169,8.44813789692658e-17,165.718565538059
SPOCK3,49.1245725913685,105.44595128021,1.65959975659304e-91,1.75953563193682e-39,0.274192876488895,319.040241837657,1.28045361940562e-09
PLXNA4,1.40926590949508e-06,146.800306318826,304.658633494552,3.35758709635123e-17,0.250721833578762,2.05140650422362,1.66835522939085e-09
LYPD6B,39.0192735738221,233.321015003584,1.67121445300714e-51,9.84470229357732e-44,285.701625634343,7.66353587873573e-18,2055.10313980952
CA1,9.17127450346801e-24,5.8178909563574e-33,392.151236686964,6.93096602824963e-21,8.39486482823891e-42,1.7595182053667e-48,1.20248020968737e-10
TCN1,4.34065551088279e-52,2.39704439186632e-53,4.10124384744702e-57,3.09634750380296e-42,652.140222600554,2.06829124281834e-42,1.25258959900292e-30
FLJ16779,15.5336788472962,64.6326528580563,181.736501701223,2.61032255651759e-17,213.999371099243,2.30829103772144e-54,5.26461788431358e-29
ARG1,3.25220636983175e-74,3.25904428390783e-39,5.02611565665532e-79,2.32425077203772e-44,1.83873205405388e-118,9805.63291133529,2.61183542141745e-19
PLA2G2D,3.70741592164257e-32,76.9474401444653,1.19725742791352e-31,1.22148929019523e-24,3.06926386934497e-18,1.56744194671904e-46,0.0028921850774122
B4GALNT3,3.2133226791722e-10,1640.19885252613,4.07962551196385e-05,7.78636794485254e-21,271.407751509753,3.54892350887212e-23,316.632886792264
DGKI,0.0292870101769095,1121.47179074999,29.6503001591715,2.01464294118548e-24,3.67507220632055e-21,7.0761680274262e-80,0.00825797081155075
CTXN3,229.407263377229,2.86015318849251e-36,1.05405861824151e-23,9.66144364951063e-18,1.62040243908354e-50,27.824154891142,1.19999357815365
AKR1C4,9.17163410282552e-28,1.14337607872503e-33,2.45789490459965e-53,2.22503835132336e-33,1.70929137215743e-70,9723.8701706013,1.07459999468408e-17
ANXA8,2.89992077857748e-58,2.35131241730393e-44,1.43846407544031e-60,1.63852979998865e-30,638.8488665841,3.16293474689481e-49,9.60156753431299e-69
SHISA2,7.5987342217355e-11,838.429893151575,0.162622365479881,1.27364799715539e-11,236.594881182801,6.79230128069304e-86,309.816420960469
SH3GL2,94.1369663585009,1027.26656448586,8.08340854691609e-29,1.95061619717756e-22,4.17290350004744e-27,702.308165982566,901.61727244001
PROC,175.198581250546,1.48233039987421e-11,7.6849650515566e-32,2.06060276432442e-20,268.762797559605,5558.33348040966,4.56549917372551e-08
PTPRH,9.95825445252922e-39,1.41790591676661e-30,3.38374888696917e-28,1.69545756472226e-16,631.860288802658,622.794998314097,6.4626644433388e-30
EYA1,2.24018314741375e-25,1.63892276535161e-35,7.15592352825418e-37,1.96796096933792e-31,6.1801161582347e-45,4.85737781912438e-51,5.58452247984899e-34
EREG,3.67344820008404e-48,6.24498559910266e-33,6.31328779995331e-13,59.9860614016227,232.200380515575,1.0074274669243e-38,0.00129249467935401
ANGPTL1,8.27713684291387e-07,989.540211362072,6.06221172568193e-08,4.34807910890976e-06,9.23695234157456e-15,8.12277093693857e-14,3436.29283895663
TNNT1,7.10988321856013e-54,6.9026359418958e-26,2.77695016126789e-29,6.09110726647467,367.098470567655,2.12468769441408e-08,5.14683930753414e-35
KCNE1L,37.2411095076313,119.807179803175,5.29020320275836e-76,4.84838759084233e-55,6.58160138229717e-09,196.942942853855,2.98714119421559e-36
NPTX1,58.8267610156594,122.994337629503,2.65683961597946e-19,1.9771622082064e-23,1.26943189206717e-06,9.60933816416509e-09,2.04922747389682e-29
ESRP1,3.67565450416465e-30,1132.52887191236,5.0535959402303e-19,5.58446525633134e-31,1335.5091577065,913.516136886767,1292.81884615132
PPP2R2C,1.47282556505827e-25,7.09086447508794e-24,7.07398128708613e-23,6.21641432562231,1106.88823851191,4.78686172949927e-28,9.36195917949897e-35
OVGP1,104.118435057503,250.014585286425,5.3495231619994e-16,1.2720782190894e-19,142.187976939947,287.179693192576,392.583955651068
CKMT1A,1.67601011831518e-28,1550.96123339048,1.94410052305252e-23,1.27450232048215e-24,7.76286493036851,0.000155674868056433,1186.91192781025
SEPT3,69.5918334598087,155.235531088912,8.26731364729793e-33,0.00687329395937056,374.157510018798,499.151093139767,94.8429008923282
GREB1,218.597233052134,192.33862837755,9.36861856411588e-22,1.13388312844388e-09,103.276913448806,741.852467182108,1.69150892344056e-18
HSD11B1,6.93781942538093e-25,1.13944735723453e-21,2.60798443025098e-07,151.590683246859,40.4786737561323,7152.24850601688,1.81733762101014
RDH12,132.560226237922,29.7523517275256,3.46509627397485e-22,3.48036622308112e-18,292.029660190959,49.9599901670516,3.15507695609965e-09
ANO5,98.2171075437459,1613.63231444326,1.22846918844193e-17,6.12770616001841e-11,0.0823835353631448,613.422922928988,1040.67799211385
SEMA3A,6.57365437607773e-21,3.71630740091983,6.17258282390603e-18,5.34322720426489e-11,211.003962138994,6.49570559643113e-37,3.2653905017385e-19
FCRL5,1.82553114529859e-40,1.23273118042979e-21,99.6087293355868,1.07335088522176e-17,11.3335127048776,7.24165073740692e-13,4.39179252835541e-38
SCEL,35.5777814252557,29.7718633647294,1.16644224224199e-75,5.49755441615907e-36,634.07946562732,77.8804465508526,1.39110619619426e-08
TRIM29,2.24404598320335e-27,1.84581794033771e-33,1.1554753692759e-30,7.30305377341882e-23,1355.78695951984,2.36989176241453e-48,3.08198096861292e-25
RAMP1,0.0744840892182102,8.51703503074217e-05,33.1088016907949,3.54812718098906e-13,24.5030230589558,2179.21140780873,6.60700531175356e-12
TMPRSS4,4.36207017824371e-59,1.44622982176191e-11,7.80527937185886e-37,7.10862711514174e-46,2021.1266535968,8.28944761917715e-67,2.36329019709301e-12
CIDEC,2.75222009079933e-48,1.78466169778789e-39,6.85691121688046e-40,8.45583711964653e-32,2.14140896211802e-11,7.00148213815076e-16,3.47662085006749e-44
KIAA1644,2.44307283239871e-20,213.944267110656,138.245124679923,1.76276180631782e-11,1.29599123149348e-17,0.000251932123227238,0.541852152219267
COL22A1,1.02156757207052e-19,8.94523675135238e-20,1.01522828503735e-20,3.90244508095274e-05,74.6787455629867,2.93114132871579e-14,1.78675896085395e-28
ITPKA,3.46438990662451e-49,39.4680514978536,2.37627165407615e-27,3.06586564290714e-12,0.399330417582874,5.17514593773931e-17,0.000234090527190155
MEOX2,13.4653305344271,49.6417161879714,6.40661892535632e-09,414.456648235199,1.11849216958e-17,2.97174435137916e-18,8.7224413529775e-26
CACNA1E,167.353653719543,141.71741023835,4.20347118477013e-10,3.07506220027582e-15,11.7881692694243,144.132012625241,2.61161912368497e-20
TDGF1,4.82342281790451e-15,430.396181578045,1.77429301737881e-18,210.686538742877,143.213203944971,704.311002101604,0.229756376311639
ADCY2,236.777064833836,57.9013215098821,1.44159783292717e-08,0.206534872595538,256.316632436549,3.44380465285256e-38,1.56270173675212e-21
CYP2D6,7.34719366976858e-06,4.53132668125685e-24,64.9747785512682,24.8642708554731,7.90201549899029e-32,8807.60348769235,2.17604873810868e-10
C20orf103,6.01623117959817e-42,2.88574673554067e-43,2.45938658338046e-46,8.29843642220276e-30,2.19879768806586e-47,7.76439190382889e-63,2.86616656852457e-36
NSUN7,74.1331103739138,1487.86043759603,312.128674790365,0.157587409740165,1.38230379533779,2.4335741340991e-05,571.272030235256
LRRC39,62.7720165836077,131.150044567072,2.21468042315316e-30,1.60113790136937e-33,1.49540595907978e-26,169.979045901529,194.194805837311
MARCO,0.00161689320510531,2.32452862870735e-16,2.0337244606439e-24,6.55038020932457,217.955512103313,5.78798986646034e-23,7.72832444269515e-19
MT1L,1.31841303003523e-08,228.756156188021,3.63447848653728,357.188215147498,94.4898112229185,3146.67854569468,139.849497557844
SEMA3E,5.59967684314599e-20,75.4744557535201,127.830850423388,2.70884843423848e-30,3.15694179633398e-20,247.196838902191,1.28443748065451e-30
SCRG1,2.82264597002436e-25,4.06570654061038e-20,1.03879951758398e-31,1.0742286728785e-21,7.435405547217e-23,1.27744111595775e-59,2.04064765051988e-39
LGALS12,4.62042054592972e-12,2.73608416205851e-07,6.82851346458195e-08,314.536473584347,3.45190477821743e-10,5.68609048790187e-14,2.88366890868147e-24
GOLGA7B,23.6909195407209,17.2883563579777,79.6051040808376,244.683379046376,1.06803854440874e-12,3.70970452989593e-38,1.51180815562067e-14
ELFN2,92.227539478267,1.07672437433608e-23,3.13998717056402e-09,0.038426949627926,1427.57641985015,1.30343522640626e-17,8.80914660701104e-25
RND1,5.27084707152107e-07,0.000538853145256984,690.209444004157,0.0355512453225158,0.00704762780314151,6964.29836144845,0.00381175265045984
GALNT3,38.4215476187334,131.518597212587,379.837269786132,0.0362125999901478,2196.85430821337,1.2693591467017e-14,0.388309267645037
NOS2,59.0469517967911,42.4250995740242,256.793518829574,2.35130198615342e-07,200.49488758226,93.6230578701427,5.46397403169711e-16
CNTNAP5,56.4558529915004,938.721307502819,2.34714207120791e-18,1.05737274157598e-28,1.38927174555918e-31,7.81886249825552e-41,2.7482238546191e-11
LYPD1,1.63522550585064e-19,197.843241184843,1.7030153708388e-18,237.366719578294,272.219516291251,2.59552370830002e-13,8.84137665341967
KCNJ13,30.2518786337558,202.823798042835,1.62429874012057e-37,8.2371220968246e-15,3.36393716505447e-07,1.0438669005931e-40,198.68448885073
MGC4473,8.32602624413061e-30,4.7984485786549e-35,6.24468631564079e-24,0.000256797329462583,7.82151217615343e-27,132.023006306481,55.9939377965048
FBN2,41.1625297278182,64.2410281728427,9.43861624647022e-30,2.69985727050989e-15,4.62940038111242e-12,5.5796844116551,1.58943319992972e-10
SERPINA10,4.15420366168163e-65,5.5163699739438e-36,1.60950427771236e-72,1.41892418950487e-41,2.3628719928637e-99,8611.66608565916,1.3585708903884e-21
FIBCD1,2.66577775585943e-26,2.20175239340251e-30,392.378647881378,4.54522858693964,409.167375134655,41.7962069928056,8.38202581783199e-30
TMPRSS6,1.24463778154875e-26,4.72722241574627e-30,3.69244195818879e-33,8.24912999395975e-19,0.300160166419265,8405.40483073052,5.38005876567206e-20
KIF1A,13.1140548115537,51.2071094692021,1.22833057119604e-61,1.54624034628046e-09,511.463397850206,1881.42450033305,6.05222417510912e-13
NRIP3,2.39773207936308e-17,651.560587583436,31.0060067944002,1.46510974809415e-16,4.73502626032173e-10,6.69837556172037e-15,3778.02639143284
FREM1,116.698502900963,1687.50327215101,4.2811514554733,7.80367464351227e-17,4.14856442176944e-05,2.44347247218303e-30,4.0149292341546e-05
CASR,147.668627277193,380.529342878448,28.9092141557537,1.8789476189378e-27,153.028845927137,9.07346007329499e-18,286.338431330319
SYTL1,3.60206380304663e-24,2.6378480416352e-35,232.295622232129,0.00174723729820708,1104.42682309885,1.16396755058476e-22,1.58847002699477e-30
LONRF2,43.7657890806799,1357.62292232317,121.182375032518,117.917505235834,167.694281756539,7.96007277917651e-21,7.21491200651558e-21
SLC1A6,2.03509923669508e-117,1.4011464724587e-83,3.91796251748658e-47,2.35882446188421e-52,1556.26679600985,1.71515100919751e-82,1.03127446548119e-45
EML6,134.592031668985,0.00731520217478241,406.638936166953,4.88530365860207e-09,3.00748578320387,5.64809488124065e-15,1.36952108589438e-15
ZMAT4,197.354584779158,2.61928611064551e-39,4.73407898502493e-05,0.000446828245814149,5.50261722641015e-17,2.69891761807316e-28,1.60685465878227e-21
CPNE7,8.01681999246708e-29,2.98009930455925e-07,7.13673901997129e-23,8.3886040728056,706.086872048894,2.45307054643081e-22,1.31604309095078e-28
RPPH1,1.03389883626495,96.6318861146736,0.00930533935644833,862.00561413984,1.16507046910952e-30,1.18643050403504e-29,135.486019381392
NAT8B,441.634699123447,4.1699448199746e-46,5.90789598574515,1.77617539527033e-14,2.16193760516826e-39,4.66846691091911e-35,6.84866695634102e-21
C21orf62,301.122104158413,80.1241661039886,3.60315796640621e-23,7.23452937730489e-21,412.329912340961,2.1620532834359e-10,9.98141152881283e-13
TIMD4,92.3177745602833,1088.95471709328,138.893965884393,1.17201126783839,3.9873073909592e-16,4.67160350035247e-13,2210.30902071525
ABCA8,161.126641221311,687.948621487678,0.505252326549071,2.15107058629357e-17,0.000216979127728092,1077.61084576251,3.74013035786318e-21
SLC26A4,3.93674888739473e-13,712.085502052799,0.757138985026739,1.02000663413476e-24,35.0479797354117,1014.35151425221,304.753557139542
BSPRY,156.922457578903,244.478186850575,225.245912169774,5.75614672528259e-18,547.224059124023,7.6580294352659e-12,4341.76362840044
FA2H,1.84672670096052e-15,1380.42487137294,1.239455309039e-20,4.18908341301741e-22,146.263427208139,4.8979842285908e-06,1332.04277518514
APOC4,9.25947386599313e-66,4.12716511522055e-36,3.14518944529648e-86,1.63933096747153e-40,1.49090636663545e-97,8336.45329577459,1.20626736082496e-11
HOXB8,105.656928040502,520.201248730627,215.032521617572,379.714968878679,1593.93352667593,0.0103390155299207,334.118094231821
DACH1,172.518104079624,155.935566765943,40.7552240900022,6.79686266393894e-07,246.682576320248,222.353815127322,342.330434436653
OLFM2,8.29080639849492,0.00412306454143622,44.5989297069037,625.150881368332,107.573727960349,524.48656557739,1.03870192583624e-12
CLNK,4.80543016123897e-65,1613.57162815795,1.66744214575395e-38,5.51492112000975e-39,3.83684355261279e-44,1.11281678888058e-07,757.785964138951
UNC5D,190.143395671878,566.413462753272,1.6534577093886e-14,1.78631618669427e-27,0.17698976909968,1.77807723429675e-46,1.01822054594821e-11
CDC20,6.44292304589251e-08,6.9771496566209,4.49995612921494e-17,200.353689824537,487.805480443217,544.996262424896,2.93920208409283e-15
GAD1,1.03805032514588e-35,590.345222417249,1.3817176497883e-06,544.197882221993,229.830239954761,2.28173453122815e-08,0.0313372533772432
CPZ,0.00620051043894051,5.80353238865543e-13,0.000192190676322075,239.571225129292,104.572985562167,1.02348758308832e-18,2.09891648037279e-18
SNCB,42.9433812625034,110.328740903643,3.22722023152549e-55,24.0095356778401,8.97519919020203e-05,1.34438455871314e-08,2.2790938486981e-15
SIM1,63.1055136709775,1377.07355966534,0.00929244823779107,5.67494130638248e-15,511.377279310345,1.26277693251411e-08,0.0108451589639207
EPHB1,146.510946543284,201.789985274481,5.9263549894929,0.00012727407068714,0.024249608161807,3.40120024384973e-11,1.89855613867077e-11
LOC349114,4.27937775883865e-16,1261.66154903578,376.671594219536,1.67979730123573e-10,3.81047278701258e-07,5.07191669376328e-33,13.8796525117173
SH3RF2,226.701609815546,2.00780564704313e-08,0.0794880156365234,4.95434614994622e-06,592.734451212725,609.465032657213,1.81567487146621e-07
ASGR1,2.64375755244488e-15,4.27121627695456e-27,0.156981523217075,4.3068670181768,3.18252512729747e-21,8181.54445546912,2.14139750700303e-15
NPTXR,42.2023142616359,295.959198562473,0.112038572700822,0.00462531371722067,784.197600385571,4.38577753830242e-15,3.93630078386409e-12
KRTCAP3,3.45663346833329e-05,5.20251325483611e-23,0.122613298409366,478.843477751451,847.17856861688,5.89505848856947e-07,2745.17521018977
CMC1,77.398141450513,1.10070900515749e-07,5.37341073974893,496.056192175591,0.253819615194579,6.87871589611133,5399.97574755463
NCRNA00105,1.58430944682444e-11,422.141884396035,730.647451693886,9.78051824115916e-13,2.05035788691586e-10,6.40156868831647e-31,0.0311390108464843
C9orf24,7.43804248380362e-47,5.27672053818208e-34,3.83556265430279e-40,7.40554254789825e-32,1.02692208729611e-43,3.38767542764404e-40,5246.61528869512
C14orf180,80.2407234765505,3.60673723162745e-38,304.357035398647,0.645097941790751,2.91608515908685e-23,4.62932200245106e-40,8.86352117645444e-36
DAPK2,3.84498013947685e-19,225.230032752284,21.362671945606,17.3065529559293,1560.67836549854,357.521070263398,0.00546903157220214
DAO,286.514671868458,2.83095753779303e-06,1.99705137922884e-16,1.72463162304923e-21,3.00654165375807e-18,2900.07016273221,5.60389760136561e-16
SCN4A,202.885164297724,1.21059906922161e-16,728.063043308871,2.54139724472249e-12,1.75918494206246e-24,2.5454922838722e-12,1.58686743231692e-11
PPM1E,9.27393311315877e-26,1293.10108952132,9.77534899960744e-31,212.66226653198,8.9533639304306e-37,1023.95552852055,0.00235848182701577
RASL11B,2.76970173165523e-28,4.24876388548328e-23,7.32251787614633e-44,5.19729288820943e-29,2.67379124876456e-25,4.13581129409512e-28,8.32680477009982e-30
ZNF208,43.9083591786395,397.534413275688,313.562677800542,0.133826372745888,16.7693094343236,150.093383907724,430.71484163616
COL10A1,3.55282220912365e-16,4.02240425954379e-06,2.69321245296324e-13,36.1326933800402,43.7629635115638,5.58071805047583e-29,9.81713995720849e-29
SLC2A12,83.1798239023213,1128.502840633,0.0826188431263308,7.01853234023591,3.61352151934759e-11,0.000361708861298909,780.229501181895
CYP2C8,102.819726883611,2.97380539234899e-31,287.355992704045,0.000154203446288069,5.13352338486113e-29,4599.49133496777,4.69178198973205e-20
CNNM1,398.777869626975,1.54313968634215,5.60282364149393e-16,5.89664184157403,197.368192678012,2.31366424168231e-09,1.25228813166314e-14
NPC1L1,31.3868092312344,67.0588575572344,2.91468325271295e-30,6.62405089642315e-16,398.838808841939,0.000283363894658721,1.39552268614053e-18
CORO2B,41.7088088694929,173.410601102484,63.7342908279216,17.7595396459542,250.087743342832,5.61541588530064e-23,9.53977542499221e-17
ABO,303.59611130426,209.996742562637,402.824652166415,5.78033874910385e-15,1.73969332990278e-19,7.23780014047575e-11,8.66217385220759e-18
MT1M,1.44985645415864e-18,1.05591778740635e-05,107.308990774318,52.2149739506401,172.578836422682,11.5544880615476,2.12206732574676e-11
ASPHD2,7.96270068820301e-07,650.286807567957,170.286949095783,6.30821212859343e-06,5.83346816060268e-07,12.0787124231757,426.947889628021
FAM131C,34.1952220493012,292.569335070369,188.717579547627,431.246621545706,0.000356704281350382,4.07645111173437e-08,181.128816665531
PDCD1,1.13618724298273e-21,9.73269537018491e-36,8.44497779682881e-16,1.48114725965268e-17,9.81952139077295e-13,4.90965004798843e-32,3.42477342457101e-26
SLITRK5,211.417388465648,7.00231817494796e-32,221.362407457153,17.2141958469564,2.34587781237341e-07,1.69426564346152e-34,2.00615090611987e-24
TTLL6,67.0933546925807,109.788750244057,1.74347639159704e-10,45.1091968961754,254.396194622659,3.6896944832903e-29,5.45103303800745e-24
SCUBE2,4.33910267813183e-05,949.667812499053,65.9344242608245,0.00257309812475504,2.00268911654476e-09,2.77560484372115e-13,145.596311626441
CLEC4E,4.81748624980435,50.7447964169556,124.5386414194,47.1774633810827,0.495297634666819,1.34278185033719e-21,227.602174360426
RALGPS1,84.2513851813828,1596.07987359553,194.529396930717,4.49294248304206e-13,432.275175884111,1.06816185934092e-18,797.772368679971
ZFHX4,5.9712698463375e-15,36.1927915990175,7.62891597587019e-19,91.4488078652588,567.72168811667,279.535073467991,2.92127627495437e-20
CYP21A2,0.000117950363676734,1.09356278019982e-26,471.303379214251,3.82657902643581e-07,1.20698495320503e-16,275.537260967888,3.54533817605299e-24
PTGER2,31.5626670119347,4.14680285222983e-06,256.342853684309,40.1332533874914,466.251884546227,3.21365668388963e-09,1.61126999770294e-18
C1orf95,267.822144349587,672.448834523664,68.1469163262043,6.52390541851104e-21,3.6372873077595e-29,7.93389368367544e-16,8.83048762014558e-06
MUM1L1,172.148009335839,52.6888838703638,1.72182628448558e-05,254.036603781697,2.5342217442828e-27,24.4826025708605,1.9786210547868e-14
PMAIP1,3.87749760695699e-10,522.64187161363,4.74304170757475e-06,1.1794545135972,203.029378777631,2.32220869355118e-47,1373.42335482716
ASPM,71.0871376017068,0.0701575018741479,7.67052263554547e-14,1.06321851533954,348.877316448709,865.511325650175,1.68904137106288e-22
USP43,66.3183820545315,2.41232464772844e-13,300.442871520783,2.02672137237118,1687.1826368294,0.000139740776887866,133.952080809714
WFDC1,2.27051901520596e-15,1.38808542924447e-11,0.047940246530263,4.6839252968358e-07,266.67055132276,1.83460334552712e-18,6.49011647566223
IGF2BP1,203.197603500465,3.90981230135855e-08,3.96197645914565e-13,416.73425120089,223.019522278477,2.58352995755746e-19,2.49427502933767e-29
SPINK13,3.56175884240212e-26,2.95366210719548e-29,3.78136219496724e-21,476.226910896194,32.9450073851167,1.9425533085082e-23,2.35190357096907e-28
DOK5,24.465280077049,28.4064998021958,194.815244558786,274.855274221855,384.262588652403,0.000201518174754969,150.086891672442
SCG5,2.31343322341353e-08,1.83896893885291e-08,1.59229338676438e-07,338.045523060799,614.260862395845,98.2014230012157,3.21189806570756e-25
PIK3R6,1.1746363707803,45.8347795784843,22.2835518327154,3.48629925554553e-17,1.17566671322441e-05,78.9735459721264,6.70716276556762e-20
SMPDL3B,128.656465265288,7.30113523532625e-06,5.12793911663507e-05,259.205347499239,910.886295026813,5.75271377563904e-06,6.88089305209186e-15
PPM1L,145.68134063292,1251.68071924839,2.61171654675494,0.000443573114767536,1.25838575826242e-21,360.613302372381,0.045020157621068
ADRA2C,5.31414131469167,5.96657903159947e-15,417.247327873522,273.141611709326,41.0610024776934,6.29671805851533e-20,4.51079283410561e-21
MYBL1,35.5022412194116,90.8611499645721,145.989164624501,7.05359436285511,570.210418386703,158.082801261528,1.4089297824184e-08
PLK1,3.14525304362338e-11,0.00362097274848971,1.49930410261203e-16,268.906472950147,590.976913186602,515.42527241235,8.75555523172855e-24
LPHN3,3.08848826086248e-07,1.57848406165104e-28,0.00365029460301003,5.35193305532274e-15,9.74087793512103,1.10116074298026e-27,1.5629299476609e-05
SEC31B,0.000856982085066826,212.745689569364,815.755323673972,1.00045284303123,291.018918691911,2.05971808159603e-19,2.35218873340012e-20
ATP8B4,53.2489508660557,948.728821522168,3.44741263600531,2.65813124678668e-15,2.57753589906974e-09,3.45913121687086e-20,1205.24782748886
RTN4RL1,21.4946429367443,43.6248904093859,101.294518746199,4.24650677684667,426.119332072028,214.908714535309,0.109706517413925
B3GNT4,121.97356172132,9.83263748663478e-26,8.52511391848037e-08,1.44350390333689e-10,220.830804056692,8.37767567405274e-31,1.13119894632527e-21
PCDHB6,152.741882350117,2.3393955451286e-26,8.64610824138582,414.167557411897,3.18061132958853e-18,4.14939137021553e-17,1.67009078557789e-18
PDE11A,113.779601384495,190.118859782833,9.65182675800387e-11,4.6210671571993e-18,2.72837056034634,151.752798774108,45.5236324904008
OR2A4,2.11964856833221e-08,3.71519103005636e-06,655.275226786348,21.4487245679103,2.96221476003359e-13,2.09880230512556e-11,9.67539871738329e-29
FNDC4,6.71366615181159e-12,0.000328802598718162,19.3151858262265,112.036855727362,929.354833091176,2216.39165806723,155.980484382975
TOX,27.7833898972042,6.47417915627397e-18,7.45066154009384e-08,1.78030313507608e-15,3.80069344609473e-12,4.2917596935536e-13,3.49672973375478e-21
GALNTL1,0.032082402897546,802.178879347364,0.370810676223031,4.6333143197303e-11,321.288751716005,6.50764385197379e-16,494.945564395119
DNASE1L3,90.746798843795,0.00271558170422769,474.060401035268,4.65340372012092e-11,2.7593543232996e-12,542.258876842144,979.041387130185
DTNA,170.01211178112,836.264151067994,0.0793125399845834,3.90934149139938e-05,453.698192755256,340.995265185875,720.678055319695
TRPA1,430.966004434082,1.00944128947253e-16,0.0454860319314609,47.1160016612192,9.11091579569793e-07,9.47353579304707e-32,1.12325453397131e-20
GPR37,115.933191775072,789.321743570786,0.245839553329517,75.5108761848204,280.520130673925,1857.11166202383,227.13461876461
PEG3,130.659855284233,423.49361139955,7.13532760950519,6.99599580183035e-15,164.173328920168,3.27515269902764e-07,5.22738650656179e-07
MOCOS,1.34363390366198e-19,142.702738834589,1.69447129553877e-27,0.000548019419282139,240.243813905913,935.086436092932,20.3315894283219
FLRT2,26.0964538544808,0.0917812148636638,0.00152931886714565,2.93677985806497e-09,8.15308418873957e-08,8.30349417795677e-05,1.64763612468149e-05
ATP1A2,2.44779240138674,1.99332071326323,108.8700268078,0.0113459777258772,400.800947590059,0.000131716819726026,0.00235902049248669
PCDH7,1.13148000318853,1.81375766218e-10,0.000253191740763246,1.62654655181111e-09,282.493860413114,4.68674316384325e-40,0.00659251513262682
LOC220594,1.67431642797923e-08,187.600920622553,490.8590369169,475.722356220087,9.81060765361025e-13,4.88223188468621e-21,1.50557674157962e-18
WDR66,167.919804868482,8.10376980330758e-14,97.9581351453657,27.8258170419949,456.905154789539,7.06157350920123e-33,2.19757975379205e-19
KLRK1,0.0001738994628792,1.22951170684281e-25,273.353046900763,4.93104810898991e-05,4.1284007846917e-13,6.5595916967807e-15,1.40518727423683e-20
C15orf48,18.7117533733342,24.6207060666059,141.319481694284,177.707613563244,387.084275622993,7.95345856377336e-06,0.000132877393117611
NUDT8,80.9676503251457,4.59136579844314,146.164537126228,130.345294777328,4.74300533311624e-14,544.571276857076,2322.51462488138
GLI4,0.00664946625424414,132.845829159809,374.653168186716,210.70377747511,0.0162791030625429,2.61107804801198e-19,473.907172293787
MTMR9L,1.02573826384561e-05,103.763883083426,1233.46690541721,131.968057736712,4.43957536189136e-07,2.50717758252675e-12,1.75272130661286e-07
IP6K3,214.809019579537,302.479875903159,101.815222061591,156.246478395311,5.48802397030419e-24,1.14302023065759e-24,2.04313939608167e-14
LOC728743,0.000650953509463938,973.276633912426,289.632513368695,306.688702185711,1.53428062263844,0.135714118591476,421.093098509651
UPK3BL,18.416541224539,275.509978222464,754.644276082329,84.0464836212141,391.878135571358,0.648427272578137,4.8041633043353e-05
ARHGAP8,107.62551760447,1095.58515585423,276.879625803842,100.961628578283,442.896198539289,2.53742046668154e-07,839.225670967678
FAM189A1,206.732402249849,0.000964876794985032,8.05810846496854e-05,60.7933168266845,518.503503021925,1.22161271089697e-23,7.93000344931001e-14
PPP1R14A,1.0591263948271e-22,1.33295855208525e-22,1.1671136385956,110.473405525715,5.16416716840574,2.58650578460599e-20,142.70993148524
CCL15,277.363427918552,3.53085154579561e-14,1.60571185987943e-22,5.8595530860144e-08,2.25374865026217e-20,1889.87828920303,0.40072671469401
INHBA,1.72326250324427e-11,3.7243866097232e-21,0.0957869867380126,5.23144813620187e-10,1.42208838810151e-09,6.26393498223819e-14,1.20010839029713e-14
CD72,5.58438194479661e-16,1.34330739118021e-22,199.295869932682,0.0961092089737637,2.94443158478292e-08,1.58344801053054e-12,3.49052841280306e-20
CHN2,238.435197518835,203.488891201317,2.31042117077499e-06,0.00940450878553028,266.879585753688,1061.94781281449,1.90465406247159e-07
SLC16A5,2.74525583881285e-09,700.520319935809,34.4686413729951,410.155313325158,1243.64159548377,1.34314604345322e-17,351.527093998302
CEP55,9.22260894818204e-05,5.96756513709372e-06,1.06933401337588e-15,197.290877027749,489.92639235059,3.65580000057528e-11,2.39504852750107e-21
CYP26B1,127.718936199835,101.065962323931,107.310268563244,0.285489780916494,163.510042729373,1.4861397198509e-14,4.93415161771508e-15
FCN1,73.2708094611278,1.53599301401202e-05,319.791511781988,68.616840991271,2.80211313723465e-12,0.00019560452702962,1.64781267843642e-05
NSUN5P1,6.14711329391274e-11,430.031946325662,448.930079444158,56.9471839704245,0.00138293989246658,145.405788671427,1553.72753580121
ZP3,20.1746301153938,2.0482791396374,1.84889895344199e-06,1101.17450900971,6.15652993209327,1.45289584681533e-21,22.2323425932086
TTC9,141.622922457624,939.18943640074,69.2841763323232,140.480066107935,482.524132446407,762.786048910958,0.000618649579502152
HLA-DOB,0.100510650380144,5.38329668467162e-33,9.14873197114063,5.28250651943534e-18,2.38974187001095e-22,7.624278157217e-13,1.69277288581056e-25
AQP7,331.156493986906,296.233358551181,259.662735704437,3.59582805030079e-09,8.92401856600517e-28,287.455305670055,1326.04507301885
CCDC150,337.906972964138,0.561591018313639,239.226248522747,0.0263125564784078,4.97277491936903e-24,1.32664061929778e-05,3.23404389394555e-17
ILDR1,176.884540696495,913.012660715595,4.94570068976315e-08,9.45108842093669e-16,699.493320609434,460.432503004715,1273.72611822484
TRPM3,477.873352374973,2.53251571449094e-14,196.543506725644,8.05700309407178e-19,3.949267866897e-27,2.8888739552735e-34,6.54746416175094e-22
SLC45A3,175.030323358696,1.39002835095863e-11,24.9781390393224,54.2791428203931,544.582089156523,7.59565507267569e-07,0.0302254261098786
B4GALT6,206.358693053116,1177.40136371356,71.5219030220668,206.387543074398,1.77819272435457e-17,1.15225754445189e-12,626.989421714886
C7orf10,481.245434799274,57.5997806208671,163.533043752367,87.0552728379864,1.25931353542238e-11,150.310044793607,2.77608605710882e-14
C8orf47,396.795584730289,2.46787102887785e-05,130.288145846404,295.794223351541,9.94820335452152e-10,1492.53006626003,1.14460354265929e-18
CD209,10.0795967310465,58.5136505629963,78.4736601755878,3.62035720025016e-07,0.00854383656542837,171.564027662116,3.04238684385215e-10
CACNA2D4,4.10079348381023e-05,3.57233489502484e-14,3.05608805558619e-09,220.163263218307,204.63114511957,5.00707157282644e-17,1.17254631440933e-19
GZMB,4.15392173489035e-11,1.23329855163247e-26,187.43406380194,464.966337977087,5.50021080132209,5.64516437904519e-19,4.25279005999931e-05
PCDHB3,166.811151048082,0.000127227122269142,48.2802783721921,16.2235856276224,7.72535321472421e-10,1.37902898936284e-20,3.01338421502607e-19
BAIAP3,151.612055808946,225.575819732605,368.727604162286,7.18662529912061e-06,205.239641019701,988.595055189244,298.326684171447
ABCB4,150.748267884759,2.94466809808253e-24,52.7463641879401,1.15068915997791,0.755540581641656,4727.9854957892,1.21463044669949e-21
FOXS1,8.60221585262974e-20,1.28084313995541e-19,0.216834679690282,5.587638203941,2.15270370468245e-06,1.79727385155831e-18,0.000430332534598231
ZNF90,45.8491760694302,106.0664060623,328.637945765626,1448.30028622254,318.188417612625,20.7689835072153,286.41151648554
HYDIN,308.857278821173,0.687900407442451,8.19581127978228,3.73475969394747e-05,675.56007382876,1.94550759183735e-05,1.63599136052103e-18
MAPK15,95.6343940040512,6.89114277308594e-29,452.36699418117,24.2308379145591,246.257735138197,6.49685117198494e-33,2.79538630750405e-23
SMAD9,309.900745826786,0.000543937704342119,3.34481812592024,0.0347427199853865,26.290970199125,3.91340050803364e-09,2.33577159654465e-17
IL22RA1,148.68875338134,3.45852956922343e-28,4.12859483568416e-12,0.000290062476912823,0.00229865327006809,284.173067286097,2.15451487958857e-26
MFSD3,131.881897702231,510.249681373033,10.4981085788671,1.69721603853745,134.203800379295,1307.41168542168,2723.26313421223
OXNAD1,157.033690205566,925.101544358613,38.3514505610218,0.477315086460809,260.815883248583,881.559268750512,2314.36733838967
FRRS1,100.97333545859,2.55411449016632e-05,6.46051015190671e-19,461.645886876278,6.06706884312037e-05,500.504034701251,6.98281017611605e-16
DPY19L2P2,264.116774370839,236.821401990884,588.045648022665,374.009783688851,1.12419086261298e-16,8.68440905176568e-07,3.65876619142323e-20
SNHG3-RCC1,29.4350756114603,0.000104855811437052,193.719538639991,1096.16915369064,224.67733544433,3.08983970119073e-11,6.760578249455e-24
EFS,1.72970684505045e-07,0.00878978426812571,195.81015431039,0.011638633637234,381.376829324976,2.07106688718892e-17,8.77844848089595e-13
RTN1,97.1851914148646,86.9927767465673,20.6733769030797,3.08705264940284e-05,4.19665858920219e-07,2.69235627760479e-12,94.1356162732372
C20orf46,3.06034072875895e-08,74.0787676012815,596.692780606846,11.2345565095479,253.844206554078,1.28359979710258e-08,40.4468327131082
TMEM26,276.012790839279,1.71439864716433e-12,19.4441020959764,0.0273522787054237,2.59363302164066e-13,6.81758173897886e-15,2.23319239482411e-18
PCDHB2,152.246582546128,42.7109350303665,21.0726290987668,92.8648758184057,210.625708014734,2.01844363557554e-13,5.3299806080446e-17
ITK,0.0941358015500095,8.06122287599282e-22,356.99905201309,2.02566219469463e-08,1.64274128176114e-10,7.42832181545081e-09,1.30569638856168e-21
LRFN4,0.00496573137261643,348.124682771781,125.540384574268,470.725230106959,454.191400084056,1.81629761865883e-07,227.209527147863
GPRIN2,136.481124951384,4.05877748428594e-25,43.9715142633117,0.51055350266903,599.235791979216,5.35254560355856e-37,1.50327874270597e-21
SNAP25,169.061074989237,1.43135684198308e-08,324.697585284301,482.186732402262,67.9978440903088,2.86372191776022e-24,1.53099105214528e-24
UBE2S,0.00777586165745722,205.255346479875,0.165301613058417,592.486935044638,335.258204310253,538.251592831512,306.18230805251
NCAPG,47.7851915134886,1.30818902421187,2.20932631471449e-09,207.984936195082,362.776856242758,539.104864515986,1.09474656853259e-18
ABCC6P1,146.674374544956,8.66576313594016e-22,3.18850602469909e-17,5.25047338082034e-16,2.93071667735412e-10,325.279402210791,6.39193463157369e-20
FAM171B,193.635662081542,182.658965549953,15.3497645415203,9.67958645389205,0.000258099632715646,8.82579492226133e-07,2.12823056673381e-08
TIMM16,0.0704480213934777,7.48175757306927e-05,17.4179808297836,1385.38752623679,0.000196767187301809,1.03110075825799e-06,2574.6580992231
A1CF,490.578564196677,1.04755594223857e-31,5.79460351826706,2.9462855650549e-08,8.55724766628436e-24,1451.97173675297,5.94149014671158e-25
LY96,0.0672419258438005,59.8043929809141,8.3427703712308e-08,0.00675793437883674,0.0809650128666432,3.78249830388565e-10,157.774559608512
CHTF18,1.54689297751958e-07,102.658937719641,617.182191888598,108.283228177622,537.016134449859,0.000322696853727126,8.98551825853935e-17
LCAT,0.0265482765395474,43.3900847666584,1033.13793541578,32.7502680905618,0.254177355889965,3.70511090179223e-20,1.69046526697948e-15
CYP7B1,415.139773551183,273.277796895633,3.74817242264378e-05,2.00458697594264e-12,2.81133905744722e-08,177.711063403502,46.6383705174706
OR51E1,1.40308910757608e-06,4.90323986553694e-18,0.488038312621681,72.0350969927084,8.42173606822845e-07,2.03176796381609e-11,0.0807506594555302
GCAT,142.435172130184,336.332954932625,106.449400745076,869.444456345747,0.0165422678351652,1030.15434234274,399.297100136407
AURKA,53.0284221991063,305.407324190116,3.02136552130421e-15,155.515145688517,424.82843544814,878.767910604903,281.42932131994
NRG1,397.501423988853,96.170777271183,0.000100656788164821,30.5248650278257,246.242418604468,18.0398284231503,5.09771036423707e-15
NCF1,4.16836685906932,2.31147578990044e-09,1.32934865292703,7.58517712099022e-07,0.000930959771465205,2.36520740871613e-17,2.40796308152706e-10
NGF,1.00456307091421e-07,1.82552739336462e-31,407.382269824917,129.796666772191,1.31129201617915e-15,9.79297666384518e-24,1.83372474531721e-18
CD163L1,0.000177079745667342,42.0748626892705,97.0802609285213,0.00641104390170108,37.7487860012287,296.376091157586,3.58627989365546e-06
IL1B,6.08387782957314,0.226444474382722,590.626503533393,0.00203050467789428,0.00245145675525312,1.46471628680839e-11,1.07172035974259e-07
MBOAT1,31.0121310593179,852.913453681224,495.305753229253,40.6238468840156,266.428339243705,1160.38079327128,151.823307685696
GZMH,1.05216164362806e-07,1.57199761249413e-29,146.74849200266,311.921379411827,1.66110054954015e-12,9.77353824358256e-20,0.012155740113193
TSHZ3,12.9443230850189,190.280105826956,286.622953608709,7.5756254598078,214.129224056187,9.93548996636278e-06,0.087525371374931
MARVELD2,274.413960742065,800.58148670995,0.0021699065741212,1.47039421395604e-09,759.551724634141,1172.44729309768,483.148023228696
KYNU,144.676239253659,242.320973002498,0.00700172953392058,232.255539815263,0.00182750940115874,151.04291120126,0.64696467345483
CNTN4,140.284970001203,6.22960833282259e-08,64.3819487272646,28.569490579799,207.72291178742,4.84518623185701e-07,4.86434480744973
FAM108C1,191.922414321605,991.745006777681,3.94297684729614,7.45844999966265,407.133269699577,484.19100830454,899.24803327211
FAM69A,176.474414605748,303.415591946499,0.0313853565054456,0.00138658732154767,0.643678676560587,457.642888014324,136.598665777875
SLC26A1,399.415846956905,45.841226274712,238.744757463435,5.50344229962811e-09,4.01478393812791e-10,772.42271383998,9.33938539047042
FLJ43663,7.98985756975557e-08,555.726084000656,685.560776293189,503.18786447051,197.791581023511,1.97480744568901e-20,723.044673696101
ZNF579,0.425092865722713,27.912568588107,501.582257840443,793.928060670049,362.841722116762,1.56017161544769e-09,5.02414761729467e-13
CCNA2,62.9160981491937,7.15348845199102,0.000307956572474699,229.014930900895,336.772448905825,617.648805918309,2.64650182479776e-15
ZNF577,106.998417800174,67.6213597634424,888.766351357425,55.8137392770089,659.77212694825,9.00079641241107e-09,73.7518683896785
CD5,1.20246703734083e-06,1.70725662457969e-30,164.543030586273,3.14279757887592e-08,8.5402731394851e-09,1.2643318234778e-06,3.33499708929214e-22
PRKCQ,83.4871730841933,16.518978670506,23.8334786836395,177.529897125399,955.805304214537,150.972299535858,1.20665667137065
CA11,72.5354852018943,439.143701831371,437.961234594532,720.723324545871,357.228723787387,2.8610172836578e-05,422.18722188261
CXCR6,0.000251407252659205,1.2789970255902e-26,0.123891546448263,0.345432584787929,3.41185940470902e-05,3.23100770183596e-08,1.06395376308227e-10
PIK3CG,122.213077660794,4.41204674217856e-07,1.04375225036079e-05,3.79652445919068e-16,1.79583367973892e-10,3.94713991028056e-11,4.8177668643179e-19
FANCA,9.55501835663128,0.12740208463685,208.323584945691,86.1460860679875,432.999073486237,1148.20315721334,1.53778314089198e-20
DUSP4,0.102678744255993,325.044669621961,392.705768655971,5.34721052087959e-06,183.27836839439,2.63383711947946e-18,122.099512213387
PRR24,3.30871531464335e-11,87.6689298377419,494.669473034232,640.46825916287,242.282864082297,2.5363689669065,72.9212333662722
NME5,281.374552970832,64.140302599525,7.16510522900271e-15,40.9251975000694,182.987649566728,1.73597824746123e-12,191.425201799004
TRAF3IP3,0.0126694892190748,8.13776541592735e-13,245.614897667061,6.81325290599473e-06,1.2572368484453e-09,4.07668319428113e-13,1.9950637042337e-15
GPR39,129.123935315047,1.06437027855098e-13,0.0685418067436017,36.533344221632,693.967015270605,300.246260384126,4.08120760027978e-10
CCR2,126.620151210728,5.90211468258002e-21,5.33519859496671e-06,4.81144499029844e-06,1.3415807309093e-07,9.66629970147576e-08,2.99479755791309e-18
CLDN15,22.574572660937,85.6086418012534,797.120322828944,423.925218118835,12.6951021656155,2.81139884191172e-10,2.74296959951152e-10
MPV17L2,22.7009128497701,741.498384429679,164.703357284977,259.808028829858,157.544390388957,515.275014888272,1859.27644064861
TOX2,55.6291411429156,25.8355171121286,564.582828904707,9.75660178821498,6.53344151209048e-10,378.426932506013,2.27130911041134
PTAFR,58.176319551849,0.00133556287453319,1.03988509236264e-10,3.38549509977373e-16,333.472211522114,3.35783510299474e-09,3.45836999705036e-08
WDR27,10.8238396436285,77.831691621439,930.638049325985,166.802044462405,355.340431478923,2.14267901816995e-16,1.82870435703495e-23
C10orf108,270.323397625165,3.81308339349153e-05,716.603538890293,1.38574660570592,3.4573252530685e-15,1.04739328272284e-06,3.52983324011879e-10
KIF21B,0.0323934278409463,3.7553448055376e-15,462.034803977364,5.73421197186173e-09,0.00236241482515551,28.9618534021113,5.14497784024604e-22
ETV7,140.939641211135,3.44813180495478e-30,57.5256551305837,74.1130586459265,2.20718198789642e-10,6.46787059980275e-11,2.08643868087275e-21
FOXF1,69.9210288170465,57.4700663363186,604.188025506422,75.2130855192096,3.5790941767479e-13,9.56602153779133e-05,11.2335576750916
BOP1,111.3712140102,31.6062339712408,251.693199190258,545.604438223932,357.504356795447,404.511552957359,2.90812203752028e-08
CORO2A,124.56190793271,0.000424838658562614,9.37438482398616e-09,3.18208430083979,768.023211811939,210.448438713387,3.74677732940588e-07
WBSCR27,238.038937245411,13.9418320719013,60.2858365604388,539.512918318486,0.990188393563343,4.12989708722095e-24,804.077445849476
PVT1,3.03950538584784,4.42355715518928e-27,498.220256589451,759.323588275131,349.374940276842,1.19391950048649e-28,1.49592892826805e-15
TRPV1,91.8966629105209,0.0277653258887113,818.56495423723,26.1686231275816,71.5080549811337,2.03797729407646e-05,6.46628476334327e-22
ST6GALNAC3,226.447020948435,0.0171887161856118,222.734830111652,15.8161638514707,1.0955612179139e-14,3.17734047754282e-10,85.6763469993042
WASF3,151.194078643159,549.607862108425,181.578964557011,0.590908921737427,148.204562039283,1.53161880285208e-07,619.828682701644
FDX1L,115.071853669123,231.098715348378,220.610448448166,632.150585134697,0.892883227099892,400.600955294364,2298.92552044938
LNP1,283.417014860098,0.0345542810167223,0.00457190677640234,247.316297832204,127.629776633347,240.881169246153,5.032613055394
ZDBF2,226.160525089428,329.495198294105,82.8816822393954,0.0641214002449075,433.529277256092,1.58640014012273e-08,1.04939366286508
IQCA1,216.973509684571,40.590934733691,2.08798912148133,0.621643909156612,294.722052318825,2.23667253652941e-06,9.92122631298307e-13
HRC,3.95934507770368,2.20727617075751e-17,536.367444670678,1.35802922957303,6.03345329125104e-13,4.65681654256678e-10,5.62515250144856e-13
P2RX7,244.175814950417,2.09473394911142e-09,60.5885903826176,0.198345002530632,1.33644408065963e-10,2.7134419105559e-09,8.61664714099713e-23
CLTCL1,99.6917580308138,0.617760584533471,207.690755042382,0.164732632468406,260.228336019584,552.383056977625,2066.01883779292
P2RY13,156.461155800284,2.63125775231488e-09,0.000784759816869868,1.17830706269706e-06,8.83683791621385e-08,1.76625067279403e-06,5.12460524710329e-13
ZNF334,50.1627017180255,143.84336939987,465.621522440634,112.21189833908,365.078643926181,3.11875322895795e-17,2.20301174163513e-19
STAG3L3,103.713115378637,375.845503577492,699.151898500018,18.7523584783809,195.779507237136,3.23816460776106e-08,65.3281128863047
IPCEF1,139.129891728524,300.571777338515,106.883784370408,1.80433890694213e-08,0.688656351928924,8.93963508351743e-11,1.30283884657966e-18
TCFL5,104.819759540957,899.249132760338,55.521263023006,893.898253269036,123.694194411943,3.30253678136441e-05,551.013755699016
BBC3,20.4553884140828,153.70721334454,430.366043893781,840.573306915459,308.27340703756,0.0866190126994593,260.263826340535
ARHGAP11A,154.035772764692,79.7956960564632,3.76440321407374e-06,37.1064469658705,281.172143162887,354.791199587551,1.59370379437868e-17
FBXL2,261.43638798001,621.039379855083,0.00244222941202898,171.965241466015,704.71125619102,7.98476553509017e-05,397.870267203976
ASF1B,88.9186715018023,2.28454196507497,1.25621684059277e-05,354.464894425216,331.705366833522,107.046733749177,0.00314817001359294
ANKRD56,431.319432858385,565.613614322459,15.1815682871917,3.78059989170748e-07,0.986504330403148,649.908978035824,155.851272590874
C17orf97,302.82094096854,211.908375724507,35.9404194657231,302.532793231837,497.440422067525,1.49115236763454e-14,87.5237034250207
SLC19A1,170.93488533893,61.4390765991359,1.60194475419345e-05,92.0012091167816,427.684976100369,214.113614950037,4.21497339425768e-15
CBLN3,55.8132769637128,1.04958789535384e-09,567.235861634853,227.161201341853,0.000103268906224841,4.66071886670956e-13,1.2951414012583e-21
APBA1,209.342954263991,75.3738548409564,46.4056125266042,87.7973997481331,205.154342280783,1231.00666501046,3.87461464918426e-16
SLC25A40,271.125248559753,864.571118146144,0.000312581681177489,72.1041356519,0.342118075845901,268.11868910566,764.490316540209
CCDC24,70.7448718729148,134.549368391348,156.695057755678,135.938436973006,366.815594330482,5.93124909234647e-14,735.446307885125
FAM158A,51.8394491628661,164.821376733048,340.294894157943,435.428091377841,0.00837967213917968,135.515381470956,1232.19264711641
CCDC109B,68.8847422860431,1.85481318947829e-09,3.82814295063817e-07,19.7801008835711,546.056028468649,0.00105808826215485,92.3009058852041
MAP3K8,0.0011794713049563,108.050510496888,668.967702213521,1.32171753107611,299.557524060514,0.00200895320744001,20.9483192714957
PSTPIP2,69.0923377695378,0.04765293365387,316.7529225025,275.260589519427,219.878195319991,0.0477525782286849,3.11123211988323e-09
EXD3,63.8307413341177,193.20630361469,985.557625918349,332.360915286269,313.197497705376,1.21040106141281e-05,241.436736325732
C3orf15,229.605563351497,0.000331079952504359,510.920984954917,87.2130366041037,496.381063807451,1.33978788096749e-12,1.90921951797369e-21
BCL11B,0.0346666190143634,6.05607091916665e-24,216.621041599583,8.84792162963259e-05,1.76109685611229e-06,1.32361073329043e-13,3.78548242310875e-23
DUSP10,45.4067985312263,7.81398382980112,299.086356033198,0.0776416053879864,332.528532780572,1762.02253342603,21.5374401199225
LOC728855,0.037025753921164,128.055010467994,210.196440050375,604.04066471516,99.356370609233,3.97778389400083,203.18397013574
FKBP14,178.589203308209,308.252297804011,1.07862712183432,0.765959074150359,0.0411469871297483,2.38658165434453e-06,3.2962047859058
AVPI1,114.16355641944,188.539983844516,216.09955505769,350.06684092095,548.849188292651,528.189461133387,310.184597379262
WTIP,23.144849134335,27.5313936403154,332.225938993238,343.136665699515,523.571786437569,6.49977454349635e-14,0.022263014158877
THSD1,0.706295044995922,0.000284397360765181,333.711167945061,16.1098870208794,2.38658637485354e-11,9.17466775607432e-06,1.90133627525414
PRKG1,44.8863868249866,153.414747409618,5.78729195183734,5.18950954967072e-11,0.0166733502862258,0.0426392181935426,0.0020595225638764
DAAM1,268.140562155273,498.499367033541,82.2573443398774,1.57182422030738e-06,312.550079994103,481.262741311327,3.06469941335342e-10
LOC388152,197.680693400869,293.903508723055,187.877495673912,538.254876427687,830.862445276344,7.86187024290507e-07,9.93619997227387e-07
C14orf118,174.123355163957,651.963354920654,329.63900005001,0.0304367346002608,168.478201889872,264.770644466291,316.456621549343
C1orf96,93.7893547908449,125.127100944953,109.616027540442,0.420064881140241,311.135494144476,0.337937991168085,119.050350169863
MNS1,247.282103326365,5.08558564424006e-11,57.223208776001,282.072254617046,882.514875366764,1117.47387200261,6.26009637551269e-21
KLF7,252.771717642965,263.531414514227,329.913545265755,0.16979740691245,0.00326526866646827,4.68920793193623e-10,1.18529930576588e-17
LPAR5,17.2106212337984,0.000689170150080366,0.000300988985827546,0.000175602258515637,36.8357757122004,9.47345774104767e-06,0.241468651374542
TRIM16L,200.670271030124,108.695820155835,44.8565807562774,806.898159022607,193.744640260297,140.99579443988,3.60060879990723e-07
C17orf107,238.675009789018,3.82238590507385e-17,540.456265989166,372.473583063201,153.885373458632,0.00501821467237472,9.08526960944184e-21
SPSB2,120.801720659306,163.808077961896,86.9328302556699,408.605788723882,364.038244915455,280.923816020377,762.107130193074
FEZ1,56.1451123426023,47.0548359815695,92.6000166847595,80.0634052924384,34.9222729163299,361.893149166577,92.9923164011091
CCRN4L,194.096197446181,181.198425081047,732.834112060811,0.000491777213943653,0.116526316334417,314.560053782962,7.02758698388136
TF,1.04377952415993e-48,6.07330051568979e-25,1.02934257986088e-27,3.10718951513423e-25,1.01425394184001e-29,240812.266668564,3.49534387212684e-12
COX6A1,1398.19020879729,6.6037929168768e-26,89.2216128197064,43.8872581071125,0.000202119328903129,2.74809820503506e-12,190860.0023472
MUC20,4.04167172695574e-16,39056.1347027071,4955.85760096741,1.82616795287782e-25,9.44462241797216e-15,21403.4414897367,26573.4267508251
HBB,0.641483550706754,1.0387574449617e-30,21460.6399642496,50.2089687990197,5.71752867477649e-25,1.44294780732944e-25,35277.1386081248
NUPR1,2.12691448058943e-05,7657.21359410628,2.06415907095946e-05,3.79936637738131e-13,2.77799200291633e-17,0.014881940276532,19663.5537622762
PTGDS,880.138538594453,4430.92198134148,9.42032997277411e-12,4.5333932921829e-28,5.87738639639063e-40,3.5677087464444e-08,1.08197665881653e-12
LTF,3.50503161642419e-16,266.51114659762,9.23746373466844e-39,4.04257570791825e-29,8810.00203100436,0.576438174553151,2.60663796693587e-27
ATP6V0A4,9.80622418077041e-82,44795.1686934816,9.23500254503481e-64,4858.04516622704,3.5661375989938e-61,67.6731526435962,21563.8890193609
CD44,5.57774840720519e-11,3908.17882393571,0.272711817995016,0.250129512497648,47099.5185268595,3.89952865906252e-17,4020.74813365851
LBP,1.95502263814449e-49,2.40258610091749e-27,8.55874882604605e-55,2.85901153188759e-49,7.74467910796946e-20,9217.55237470636,2.19544281239036e-38
APOC3,2.83242189678852e-101,1.17150855365047e-45,6.20026202699571e-179,1.28029577794813e-54,2.93426000579796e-138,262429.183503451,3.64105670630717e-20
UGT1A6,7383.51544111483,0.000478649550039412,1.2299318893474e-11,3.33045538733338e-08,2.84773708818804e-12,3796.03893002335,2.29876376068577e-11
GPR116,1269.24840906238,38587.316735504,4508.56763684057,70.3346277937464,1.23396864421206e-24,6.87843709912627e-54,1.15450358394073e-16
CDH16,8635.09098071413,20295.7437366517,4761.68423931803,67.0626987646339,6542.01805820563,26665.3104901088,87090.3903341838
PCK1,7958.45908729434,6101.41903758816,8759.30911895322,154.142765632477,1.21045541625672e-39,23862.7508482148,55.9752695437847
SERPINF2,1195.57187211952,1.77620337587925e-14,229.565063758945,8199.61864070518,3.87446266751017,16877.0687491336,1.37038759878881e-18
AHNAK2,2000.63781393564,2.27542517562537e-19,10175.7232296,6477.35094040784,27800.7311346657,2.76670685893743e-23,9.55481679553896e-30
LGALS1,2.92131909061669e-07,1.03616904136208e-18,1331.14614937692,27333.7651738328,8763.42953902658,2.2991329704233e-07,0.186392846498053
MYL9,0.000109108819496085,0.00529340141656075,79.5948658987735,0.579012447249611,120.934931616951,2.07966889121972e-15,772.393544108739
SLC17A3,14038.3511529989,2.05488692276166e-37,1.80593207698157,9380.06320379977,3.1308087356307e-27,1.92554789753056e-24,7.94571247024258e-19
ERRFI1,3677.99326260095,8.59112372844382e-22,30878.1718644006,659.581339107428,8998.83707804085,4737.25671991482,2.3623513990099e-21
SDC1,4018.94841706098,2.04712099674179e-05,0.000461388519233812,0.278023787923891,42526.8642651626,96361.4078033344,0.626329784080521
RPS3A,2484.21610226042,4145.48458780982,0.0836820093248955,70984.3875563582,4.15424008534389e-06,0.0709448565873283,74075.6158605036
MMP14,7683.00637177731,2333.99786300665,492.648064306435,307.213243424328,135.677933010794,3.86301953482985e-13,3.27932394287121e-16
RPSAP58,14.5156344277277,3439.84753602985,4.85635121426071e-05,62189.8854513155,2605.35187525847,206.161155677633,92583.0527897712
APOLD1,5118.43074866288,1.92172619159244e-08,26914.2187450367,1.36747391921976e-06,7.28109329166696e-24,8.38225364092569e-13,0.0393964112928125
RARRES2,0.000459058138729068,0.837586982328466,0.0523069489324868,21546.9542842514,5760.28775529548,22436.476143036,9553.18038267018
ESM1,4802.36451819498,3.27444642706001e-07,12618.3217575169,7805.30924093334,3.54152451223709e-20,1.80162593744026e-14,1.61431350315669e-13
GPX1,0.62539215775241,7.00452580368449e-18,0.00430924156778107,19129.7835576638,530.946280966022,0.846788260853506,110460.880453074
ASAH1,15042.7871389515,10117.8799660162,0.000244310619861439,0.000431620406844034,18.2134878470002,1.31159410187769e-05,21000.455250529
BHMT,14888.1272678434,1.64362527791806e-08,5133.73087194459,3098.79396527267,6.89174101576389e-05,25801.1357077754,3.55398721972147e-18
TFPI,3431.38613740527,1.19467527043658e-24,2973.88631522193,14711.0518689371,0.885203983599655,0.217897093788131,1.48481519168535e-19
HLA-DQB1,3042.17729910897,6.40469719844237e-28,4133.66770193281,3740.20839294947,2.19206851167757e-11,0.55034718869435,0.000247944974060233
AKAP12,9596.51672729539,2.71651409909215e-13,3652.64526747959,939.955369725217,3505.26870215769,8.40873087434611e-15,1.0554727430185e-18
FKBP10,0.0804780834043313,3.67393269339839e-13,4384.18296860787,14157.1727874855,9942.36183409394,4.087898558815e-21,7.33539147181717e-26
SCARB1,4195.88832969579,3.14023860595894e-18,11970.7126473544,2602.2975790145,2.574031578934e-07,8370.76885032777,2.93231078398925e-22
C1QB,6.89917033441966e-05,7.33280370294995e-21,0.00241078478691425,6.53945428603572,0.00302210499918811,1.28074508869847e-07,0.000936524697480924
STAT1,4192.19525369237,78.1631402992545,0.149206392457389,0.719069396110891,6272.17580633711,1.33170244195408,1.56638368380718e-08
RPS21,244.935270552158,2.73191065862246e-18,183.507020251901,67433.5242131017,1.68021473297286,1.63840220187696e-05,69806.1420052837
MXRA7,1876.91430708339,18.5782838759316,940.810843644089,21930.3959534352,2935.84308835845,2.87082574965361e-10,9011.84194065481
CST3,36.4070844018874,2262.11068566271,29.1597918880463,0.716979537731223,8520.87302762627,0.00105051318918962,41892.0254086198
TIMP2,4161.52214251601,2825.71847399422,387.768042337582,66.6419481531951,8434.88496372046,7.37260858137039e-08,2434.69421798373
ENPP3,9171.61420327981,2.65832848846305e-32,9783.4865829014,11334.7819398052,1.18705148236389e-22,2.96704350169543e-19,1.29799658799121e-24
CD93,1001.97275975162,0.000635390822157933,5848.05702532544,0.00189792599867258,4.24144555075612e-08,0.0124757366627931,0.251988001524565
HTRA1,1.38331687123922,3.86346141568939e-12,2393.39465896208,18533.2307122562,46.6588072868038,2.34232388590702e-11,1.03568172030159e-13
SERPINH1,744.805537810034,0.0272037415661378,7100.51287796302,8065.79127973934,0.189249930991705,3.47414075958363e-09,0.00326921220329067
ACSL1,12420.1422023542,27536.763644522,4889.70738397227,139.154426402223,3.07873291169208e-13,32064.591430552,3298.61817290745
GSTP1,3223.29921782425,4049.57551987698,64.1208415228188,17643.6654323685,7735.55825546632,57.3928356032117,27721.5923079907
ARRDC3,4305.62693735394,2.40522357619356e-12,11311.0990442724,8903.90298733938,4879.86042114493,7.07001700696679e-10,1.16731216083435e-14
LPCAT1,4519.50871413462,1.10100489256248e-18,5122.82877284207,1753.09110985391,9405.4195970027,1.27982442535048e-25,9.05179221936079e-23
ATP11A,13144.5964344237,4.73766888436451e-05,7429.81763505606,0.131382122109734,11962.7786749542,1.31449804002783e-18,8.72556725844338e-22
NME2,1258.36471598965,1825.44546069498,0.0806535153990103,43027.8141453024,6038.64147406908,213.941351435601,50064.9474432308
PDGFRB,2.78450286533207,4.00318554769907e-13,8242.07080923372,0.698740178976305,4.5966509728545e-05,0.017367473897128,1.02253164887084e-07
SLC47A1,14940.9867650894,2.08256057615324e-13,5138.18131144854,33.2083337799426,1.00476774962335e-21,6477.80001432918,1.31376236801423e-13
TNFSF10,8493.11473615261,1.64759690263264e-17,0.457258198543243,1810.66031854832,3884.80411640623,9936.09871909375,0.0317172595445034
PRUNE2,14956.2671765209,0.00204372459316835,0.00271185514969309,0.647366294606718,0.0103517022071636,6.62772971754582e-13,3.46143321212198e-19
CAV1,471.004339935544,442.948368644366,1040.47972039502,18339.3299309035,308.662802751177,1.83927331729629e-14,5906.76007041541
KDR,6680.54493757258,3.67371593625606e-09,4210.51290821892,9.60854671120388e-06,5.10704851517357e-13,1.5538410901086e-07,0.00448553878177428
CES2,11618.6096770546,1350.39641943902,0.0146939034577911,15.2677627022571,0.274317439140165,23102.6712786913,4503.91679097697
SLC38A1,9591.60587586067,16903.5883025952,0.0829657917411981,373.825343820603,14002.5116845878,0.000170350982818509,980.363571236649
FAT1,9242.09442730954,0.156877287287814,0.00128171812382517,1.08734532531372e-05,20797.9956188652,7325.29162606116,2.99024262303105e-12
RPL17,4035.58162583195,76.1660892813233,596.364783615333,66267.3543192153,0.562682356546794,4134.64764777117,59172.2964032664
RPS10,1607.37784327536,3.98470155578176,4.12505997410861,64672.0470622498,0.017818991166529,4.43771112678721e-08,52415.7702657159
CA9,4103.44507218103,3.14788519142281e-42,10749.286916427,22463.0132345697,6090.3998863534,9.86187977096218e-33,7.44369010949474e-28
TTYH3,7438.88273266371,3.68071943859655e-19,6991.59672941584,0.454781404094903,2.31722448823432,7.21100356964894e-16,3.94155757923448e-21
CMBL,12927.8185399386,3.01734476798771e-12,5860.49181390218,13766.4426299585,7.33310304174766e-20,11558.120824519,2552.49324295202
RPL14,147.131752871306,5891.50684184157,1354.68824641737,57761.6399919391,9177.71009252738,9947.99962488729,27719.6029594709
ETS1,5569.84436745737,1.22985021788315e-07,11769.5781851356,0.069636297368104,0.00176264480552676,3.73697100216971e-07,4.97788333390992e-08
HSPB8,9134.85202282576,2522.48213442774,50.464549763525,1.07922458090773e-06,1.38176105864996,190.935087558432,0.010358942043828
LAMB1,3639.58987011373,9427.65385286634,4877.72159120198,7486.36614597829,7836.01728677017,64.9131518884354,6.58462902288441e-07
TGFBR2,6756.18142378223,5278.93515910662,5411.67865642439,0.786075189662429,14.4731020956786,3534.98575981102,3402.99824439773
PPAP2B,11133.0879368353,3943.39825053337,7540.76359565965,0.751807514411532,0.0262463271937078,94.6695288054982,4821.68485218299
CD46,8068.36074350073,4860.01311410976,2848.21873652873,1334.54553613593,8488.4446359225,8.04718839761739e-06,82498.3693616895
GLTSCR2,1826.59896978329,4634.56173129663,7391.0933325948,49206.6088261569,34.6089639487841,0.0103252287912343,2.20492421379587
NID1,2865.60430199863,1.59954876179827,3157.32603370599,0.184939234071973,6.5708916670461e-09,2422.01061639244,9.40237236268424e-14
CALM2,4888.25580150265,8937.19567740707,59.0948626887719,27572.3280301076,9460.4631482596,3054.73368842084,61885.7855855022
ACAA2,14587.8415681652,1819.9878227973,3544.78882844477,9870.13103013031,5.9706084731074e-06,20035.1117401636,12123.3725143783
KLK1,9.85965754982536e-81,42827.4784099121,1.91579733543805e-37,4.0070489213591e-69,1.67868930082262e-64,90734.2893859356,14556.2048684633
HRG,1.13715349356867e-127,1.06834696638072e-38,9.01280557254761e-187,4.46484085678462e-60,3.95697442724665e-132,400571.354121236,2.54521274986443e-19
SAA1,3.42334108501458e-45,1.82880188806382e-49,2.33429948387225e-62,6.65730049236003e-47,1.163076441969e-09,3783.1715947604,1.15836802322498e-53
CA2,3949.31148868841,284.528351196404,10.0423009207948,2.68087643895569e-17,0.000669404313708163,1.29889237054275e-14,214695.804992181
CTSK,2088.71123370417,8488.59233723582,2.35113146705697e-37,6.09788223951712e-46,1.13860611926248e-33,8.23336225148748e-45,9.07381106263173e-25
LGALS3,0.0245481146697655,15226.8511909749,2184.34400371865,11304.485178514,7113.01773338538,18972.6428978376,164918.40384975
NDUFA4,492.815718188478,3.37305010330532e-18,1.54384792242435e-05,13176.290516386,2.183024495192e-09,7.10261972439195e-05,228480.402615473
NR4A1,17.0321026741343,6323.85746647203,60393.0317800236,1.70590847980296e-12,9.83801464529202e-26,4.92603095610873e-13,4839.22573102276
APOH,4.00625821320616e-97,2.05733150782228e-41,2.15667755863793e-120,4.38656679347835e-49,1.83737734552715e-116,338133.525086495,4.80379123423983e-20
NPTX2,1.98514430831696e-15,5.11469354134073e-35,6281.03198347189,11008.1519704929,1.75374303720295e-16,7.07016098026074e-11,2.63393665826065e-34
AKR1B1,5511.37846787118,3048.26451839822,0.739832357416031,0.0071999581317954,42329.6259377542,6.22006795508167e-12,6363.53829876198
FOSB,1.13258320142498e-05,2.77041029974939e-40,53108.974398999,1.65516751998353e-27,1.08449807874917e-28,3.19614941741689e-45,1.15271482212977e-24
CFB,904.81563551104,4.33276471298009e-27,0.0745248154965962,81.3842906377815,2808.34300343275,269601.678831566,2.59072448181171e-19
COL6A1,741.458678071832,5726.0342622875,11133.4289873512,2935.94265798202,469.043434215471,4.46454190667597e-07,478.461823934971
MT2A,3.14000581106346e-26,0.0658701381389766,2796.04262757524,12652.9139506575,15.7589296852892,12649.8910360324,1.85656082079934e-07
MALAT1,8.9094503057211,15621.1084939537,45303.7051328479,1.21328813501267,1.58836949071896e-09,1.40579564609109e-17,2.37706829637292e-15
MYH11,1.25166539182295e-12,3.68658740476619e-22,0.247105987947562,7.58300619458052e-16,4425.67406162371,1.66204775558276e-20,4.36792534493443e-08
GSTA1,15793.3331035314,2.38650902655798e-41,0.010363845885584,0.0134184369515661,2.44991603123618e-28,49904.5418245182,5.575285750541e-07
CD9,1044.15585374291,34067.265512854,4541.32410189562,14227.8615277248,11582.921659974,8.79891619258987e-12,83463.3592000937
RPL35,0.168970049858037,3.73360401917739e-16,485.136651694509,86368.1790632653,0.0453219022556258,3.8855501104008e-20,86628.6994596003
LYZ,4167.39310994778,0.00378209513355577,7.0930609629343e-08,34.5694219972426,4.37760543990447e-07,6.73474998760918e-09,1183.88675675214
OAZ1,2491.04922955258,9.55096462236251,1314.36786186887,14917.7453216217,1779.57044840844,1.25014047661642e-09,158023.122845131
ITGA3,2116.27247714117,3.02429818573469e-18,430.847143231344,2839.76330805468,52274.1033901903,5.45846526388348e-27,6.28638403746317e-18
FLNB,4087.66208135,12094.9451894402,6830.76015630313,1189.95195779209,53008.4502575273,15440.6573827086,1142.30213262523
RNASET2,1.96866448877619e-08,1.89383715432642e-32,23.7198403392971,20436.5779690891,0.00643036773957887,2.80581860645457e-25,7.69057988087549e-27
MGP,2.27664742642304e-07,8.14542687148152e-08,38.5560506478283,6582.798541897,2709.30527444803,2.00733034620941e-17,639.646620046377
GATM,19281.5082946637,0.000184869285124565,0.0982433016914226,17414.6904615846,6.32939005518192e-16,28683.1178540829,0.000486670592515187
NAT8,16289.1869839781,7.15283795413475e-38,6.83933066566053,2.44867764915516e-08,7.3529339490796e-30,2.71170805601017e-27,1.76865164780451e-17
CYR61,2926.72817488377,1.17137028035427e-21,46328.047789191,755.900001037744,9.91347137037532e-07,3.79531476463455e-16,1.74686103345031e-16
TRAM1,10192.2896801469,6639.39574176271,0.000398411405187731,9698.28113100442,3642.44990270798,2.44416643382045e-08,42122.4227598222
FAU,587.035925596695,2.67713839128423e-17,7628.59242669048,64075.9127403953,0.000245735824502568,0.00758518127506801,94623.6206750078
RPL29,0.369468891625882,267.937217390638,62.7971510456968,85974.4067642146,2622.22129567877,2.22215957815273,74814.8011442277
S100A11,8.33052290257313,892.010935466596,0.971575530394168,4269.80523519794,27306.7590391852,2.85372194289147e-14,12880.055070412
RTN4,10512.1832655924,19259.4008889691,258.154777185128,41123.0117590823,861.920245233775,1.03271127703816e-10,63873.0480240019
LY6E,3291.89469742248,5.50424576708011e-30,3217.78860446177,16848.4180178458,679.504768772304,9.41184130872575e-19,1.74544836982696e-23
GPR56,9684.55881577475,24821.4516141116,3282.16002622597,29.3531604082384,9464.81286846689,10503.6409931875,15096.191004295
SLC2A1,1908.65326513179,4.97758819287523e-26,8347.70647531594,19811.4343568701,35212.1915040631,1.21978563102437e-20,4.64421503460676e-20
RPL36,14.8281835381089,1.22948609751791e-11,4625.78848315287,82367.479667095,0.423010772719187,1.36758671533982e-08,59215.7198128696
SDC4,7319.14625523556,30599.6939851723,9620.50617668054,1502.58032146247,21158.7629054827,4.15277704458729,43373.8049085157
PLOD1,3963.6905071159,6.70965845353521e-17,1117.58923244542,1206.53103994819,10010.8554794177,0.666514364003674,2.09929173062709e-15
ITGAV,11051.0985531194,10617.3670415275,0.0519899391674422,0.0399272753580299,2.0155848615348,1.6615362360588e-10,5522.07306438047
LRP1,4916.06819999331,9.38626708415038e-13,372.672176468016,41.6589122706783,14977.5123811203,5252.90343335586,2.49780389079771e-16
NOTCH3,0.00376138955559611,6.78837613668166e-14,7832.74486623268,0.00466204183160777,138.869724321506,3.9308701013302e-06,3.37145033152462e-09
THY1,10.5278852676646,4.96516168641091e-05,5571.98452628407,4722.78213598828,9.15806302096355e-14,2.20782056837207e-09,1.75844052947329
MET,10144.1106342086,11181.7766590746,1.08973098176638e-07,988.857805625226,26556.218467196,2.19624350723598,5696.57859282725
CD68,5100.0644281889,6.46004088535576,4.69982880099677e-05,690.641330961316,235.56914462203,2.25716430558603e-09,1.30738152537302
CTSZ,1053.07599835396,4762.86150175273,5.52350848597726,1.69201109693737,8525.23904663308,1.755312312812e-05,2888.47875755061
HMOX1,6157.70598344606,2.43728955970851e-12,898.237509970981,1100.62161786558,7.19737922350087e-09,8.22468380767608e-11,5.86707601268644e-05
TPM4,0.330234408430347,0.0243468955128626,3835.87287060695,4220.17392113451,15739.2850215984,4.282775132909e-08,0.848331837088247
PLEC,307.920299057658,0.0247611127307839,15279.4927143534,204.653525195117,31842.5427242462,0.0104504528084459,6.87068277916599e-13
PODXL,7453.55552212956,0.0114733453085947,5698.46132390242,3.51704372731198e-06,14.0844088712842,0.000361514650042455,2.05798168766464
LAPTM5,49.5277599530527,0.00282876407852555,40.3039712293422,6.75995487927896,0.0926210180326299,8.22300280085499e-06,166.720466583607
LMNA,1960.89039529994,1.70005185821194e-05,29759.7220107392,2877.27839124046,13289.2294884771,1119.69435538587,117.754462171457
GNS,12617.9585596944,12989.5330878602,0.000950284699005445,0.0695401078935035,13807.868764061,2963.26697753911,10366.3370099055
RPL34,2630.15457391306,1955.1343992602,3851.03855939943,72305.1372911755,0.0239723113617721,8711.7374878624,41872.942906695
ROS1,2.02056385418493e-58,3.26213780026544e-25,2.664600797923e-39,1.07646570708753e-29,0.0126049557563086,1.07937790942962e-12,1.07411085507099e-46
RORB,1.00188813832167e-40,17.7919695346466,6.40115294065772e-60,8.73695194191029e-35,176.752286021252,1.53761338755747e-79,27.6339755703786
FER1L6,2.16771152892707e-34,568.800415287939,8.08412158008957e-50,3.80652264907032e-33,3.6776113802079e-67,4.5259556464981e-73,1.06210289786073e-44
C9,7.40185126559377e-07,76.7295253329801,4.71764043587981e-20,96.798403696422,3.2166826697796e-34,3496.87494316176,9.98540753567659
C10orf81,1.58926797474571e-47,5.80192713190244e-08,2.02805738142174e-24,2.0627656437089e-20,360.628678465999,82.0094967362844,1.2858926658718e-25
CHRNB2,7.12203868545894e-07,8.41609321987939e-21,1.85567166581128e-19,0.000245098273341216,3.3270412942656e-18,7.46079706801317e-46,2.74893786226761e-28
BLK,1.73415747496661e-44,7.20158008073443e-27,113.970198191743,2.53510382454622e-20,1.45108992057495e-21,1.09360188671144e-32,3.35632948596011e-37
CR2,22.9583082850121,45.1176658557178,3.62224584854049e-38,4.48781225323526e-17,35.9781706261637,4.03935724895678e-06,8.27286418348324e-07
FAT2,48.6558081009533,109.511559464578,2.60964158728651e-19,0.497393677606483,146.250774833446,95.9509351387053,1.2364907561432e-22
PI16,4.46683875847434e-20,2.72128187009946e-31,0.112998813756815,3.34946799399359e-20,8.8488770444534e-16,1.87950198642248e-13,2.0356726285806e-09
TBX5,1.35938458038929e-39,1.00445565050394e-47,95.7736310933695,6.80921414732567e-05,0.924580693421745,1.11546692850211e-43,1.46576420411825e-38
C22orf34,37.2062720981879,49.5579013369196,3.46660075795726e-28,7.51874503914433e-29,2.68593433849965e-05,13.1452154551266,5.02972650595823e-31
ACSBG1,6.56015316589442e-09,137.108096190107,4.27585766340242e-09,54.4593200728547,85.6435105086503,1.78113783451478e-07,148.230056693441
KCNIP1,1.00678014484198e-30,98.2735923964048,1.50951348226169e-14,6.74043741127577e-27,761.833182338856,306.592304168576,0.000977594881218198
CD19,2.81262358236458e-52,2.30918272971625e-22,80.7424923300632,2.40691264750444e-21,1.66412050137261e-16,1.86894893186993e-15,6.54622127218698e-42
PPAPDC1A,3.95794239614734e-13,186.215615224994,4.30297482097415e-45,4.58522205475634e-23,3.51935943655379e-33,0.178643356404789,779.257586835058
ANXA8L2,2.24133726704926e-43,2.42502855914249e-31,6.56756577888761e-56,5.05827870720506e-25,254.600087708535,8.00408230278884e-12,7.92142391407437e-57
PTPRZ1,2.52998728043546e-29,2.35505773821816e-22,7.89377978292081e-18,8.73334561688354e-21,5.27579026956835e-28,8.07860679570053e-15,1.49313001023553e-30
ZDHHC8P1,16.4704531623607,6.6853824937134,2.03540908741228e-14,51.1454522671545,279.660603616406,43.1971884569358,21.3345183242467
SIX4,3.74156462668817e-42,446.54031052157,9.7706116160618e-43,1.68402138129542e-34,1.63381110734572e-19,4.73494742251087e-65,0.00403137449515405
RET,9.53381241523826e-13,46.2936764990744,60.7160333019916,10.3137009479787,8.85543353249692e-10,1.40764247653408e-08,23.0492036663581
GJB3,5.02452784596094e-58,2.10444385593872e-59,1.26720271057857e-44,1.93464349692887e-34,850.942904495265,1.11160482101677e-71,5.278031671991e-41
BMP3,5.83183427095227e-09,66.5412289954989,59.864903435554,5.06744860017327e-21,2.02113910926546e-14,1.82118063961915e-12,109.776198168864
SLC45A2,31.6646687527662,58.5879316046303,1.77152980747702e-24,8.81631873524276e-22,64.0905033813864,70.0878187639267,2.79615553547819e-25
CPLX2,4.2921008800678e-38,8.89514481029805e-22,4.05808976158569e-40,2.29860764544618e-25,2.00227456960492e-20,5.36286406201838e-53,8.62475395737246e-54
KLK3,4.67686979778314e-59,452.410818153902,4.64505104755985e-30,3.41608418647484e-60,2.57816372564013e-32,4.06567403517131e-14,695.404764539637
RPTN,1.89625521127924e-55,1.44459916240612e-70,1.61889397184212e-28,6.95058974741036e-06,256.406904201865,7.69158579969286e-72,1.1250710720358e-94
LRRC14B,9.71083239679094e-20,696.977493219596,0.381139109792379,6.1726064103928e-15,2.07553888553205e-25,146.441985107051,1.21960628951562e-05
SCN3A,1.43233790368279e-12,68.6709368523433,6.0531591887779e-05,3.28122638376394e-14,104.789011200073,7.91808442280625e-28,4.41446927680009e-08
SIX1,17.7832906447356,368.026198455393,45.1186086719513,0.00109785519936579,2.22815630064285e-10,1.18755099905476e-47,89.9423947528485
LMX1B,22.0142630549512,49.1931824101675,8.30852062952335e-33,3.15021557268989e-09,66.2337083082601,3.25248458363646e-36,2.54332739439199e-09
MUC12,8.28918193264935e-26,2.17191395634241e-33,9.6428612475796e-18,5.39788682227871e-10,163.7077961972,2.05582443417379e-12,3.91423565295344e-37
LOC100130238,2.2334607098048e-15,207.443675520738,255.659040108043,16.8244171593705,122.618562865329,5.83179705378209e-09,97.4675679079231
CST5,24.4706958820698,70.6164655363728,6.13464679258309e-56,4.61777141585057e-45,4.99298495763349e-08,18.1169051906728,1.86646721363986e-22
RSPO4,1.39019731045417e-25,5.01452919612785e-24,1.05891369008816e-25,94.8652790000438,397.709271219983,2.59093130386497e-37,5.23101144812214e-38
GRIA1,16.5862824320926,21.1045082467499,0.0176016826663785,0.00334974628012666,0.00112853014269578,1.43200942427763e-39,1.02686167841509e-10
CDH22,6.18864641943562e-14,242.166099932306,70.3547439882699,44.1588019930345,2.70280261043327e-07,2.87093075096232,0.000134059646649003
NAV3,1.80951831030894e-05,3.00949711952188e-05,6.78007335477819,20.041963241846,270.468455636828,181.398328833923,3.90764011407509e-22
LRRC2,0.00387132928345204,381.205043005278,1.01002037453432e-05,0.000419073904115819,144.957743109865,780.929094537664,8.85743325055925e-27
MMP17,6.610094013021,32.244462934099,2.65570504345558,62.5909557631311,204.763985276309,1.77823403354359e-06,5.00018428235301e-27
TUBA3C,2.34913434201389e-15,3.79335451842388e-27,9.78865760373796e-26,93.9598367744922,52.9212095261804,91.8162174852943,7.62321246097502e-27
GLB1L3,32.6176590831667,0.27220452995174,122.843258993389,2.95687383453192e-05,0.152474043709238,82.1494606054241,8.58148918891804e-29
WSCD2,12.8594149808675,226.519929891269,3.0630305541198e-07,1.10740381208891e-27,18.9111364015207,4.14980488779635e-31,397.221943916621
GPR109B,6.98250110349383e-27,86.1044083781242,4.72523215729278e-06,12.3360589281412,7.36815374029085e-07,135.439396124755,0.00331767448612566
NUF2,1.27651539585028e-08,1.7572827074497e-08,2.61873782065625e-14,155.663620086617,228.821402781908,113.838279332542,1.55448916050319e-24
CNFN,3.0576234477413e-31,8.95563854368658e-05,9.11623823386048e-23,1.94901982213244e-20,51.1313046810313,1.51463514095927e-13,76.1169366980423
C3P1,5.59992164092615e-68,5.74951794526844e-33,6.80380307529644e-121,2.4508317492549e-44,4.0855947245205e-85,3523.14271236176,4.31335893178143e-20
CDKN3,11.3847560457756,36.9076060899752,5.38330508153453e-14,141.209090154743,22.0832702630341,428.596858577642,7.60447952438889e-11
KRT5,6.41638639676684e-28,75.9745316853357,39.5451257907107,200.461270273215,6.29518630259294e-20,2.10793467787013e-40,2.80049126069446e-15
SERHL2,9.71300869047815e-21,189.612702041012,1.57078905168195e-09,422.847670672773,3.138282702262e-12,212.192068927366,1085.63157362658
ZFP57,7.48683323196147e-30,284.764998989915,30.4947549212538,1.50453499431669e-26,2.0108316482641e-13,1.06512516357767e-52,198.61047628672
C15orf27,51.7584816623953,120.552774673631,1.13929027618725e-19,3.2114900125813e-15,4.10790372870215e-11,2.41395015092123,3.8344217909503e-07
VWA3A,3.87130940396861e-61,1.62935088974758e-24,45.5769330824439,64.7934279583066,59.2014188146899,5.67884665447022e-33,2.9904940434627e-60
TYR,17.5964221277816,33.2536743787889,1.10915327862016e-54,2.51050470658998e-35,1.57788850929582e-17,1.17175329106643e-71,1.79234842248819e-44
TFAP2C,2.53063451585987e-36,247.278854918896,3.94830508293032e-25,1.92027715982409e-25,243.148019987442,2.08905729743582e-56,114.879932309603
DUOX2,6.2894706501903e-11,170.874871523475,26.4486690429618,4.09953809167528e-07,202.662604673045,379.510335242794,1.77084244471687e-29
HAO1,1.24345130701172e-53,8.40574317644694e-33,1.83841333629974e-56,1.34896851611377e-34,4.00376141040098e-105,3422.53595326267,7.62740056347367e-20
PCDHA12,56.1759687482404,173.431311733311,6.44882015389427e-05,2.12642868224274e-06,179.724161734115,263.069411586556,34.9867545900467
LHCGR,45.1199057711297,37.7190995071785,1.93353154007423e-67,7.35989413333313e-37,5.06513792126639e-14,3.84507409218996e-56,2.076307173212e-18
LOC283663,9.07942657067056e-23,5.26564969512703,246.464064329812,4.70537113238508e-07,5.19564007213173e-13,7.50125782506758e-12,3.95502065560222e-21
ANKRD1,41.2696000068046,70.7212342789152,5.63658264433744e-18,1.1582485396576e-19,18.9494385747091,65.3123677746438,1.13297758729795e-15
CA10,3.53772879543135e-42,467.973369298401,1.08619614156065e-28,3.49880480274831e-45,1.71787524716899e-36,48.859962319925,1.01061210571477e-11
DOCK3,1.39949085115156e-20,318.413130946372,7.16371157505744e-10,52.2458523169175,299.507186565093,2.16510379078089e-16,9.52378651102939e-06
TTBK1,111.373562355892,4.03364390940571e-26,2.44032915355068,1.10301206167519e-08,3.91155097435778e-10,62.8652067366043,1.16717296317292e-21
NTSR2,11.3995664622439,42.0536967557386,4.75044234966338e-67,2.29257961240283e-40,1.84353177190904e-10,5.18867063496128e-43,0.000228023585851831
ST8SIA6,78.9539984897791,2.56268573525745e-07,0.000199025828876123,4.15793499743027e-12,1.95871043578642e-09,131.036251971854,1.28409347036944e-18
CYP2A7,9.07819482047954e-118,6.80513929636952e-40,3.49448808814294e-117,9.63078963344464e-55,2.52270424433819e-147,3364.96178494487,7.15680536740587e-22
SLC7A13,36.0381148190669,4.31883448809043e-10,3.1022880220218e-05,4.73075998538662e-23,3.41953581636769e-05,13.9264667720303,7.30320362235181e-27
DEPDC1B,34.8484027116143,70.7173237584805,5.16138159476126e-15,29.7372858435318,188.972047698771,115.584332302354,175.241061545532
AIM2,2.44813377742053e-25,7.23361052765709e-23,2.81942704381346e-22,1.55554575370665e-12,1.34631851601401,3.01266320611998e-34,1.54531608230985e-28
SOX8,39.5744584656844,249.390166924123,0.147560522490707,6.39149936623949e-06,8.66111501846764e-10,5.31729933347027,26.4539516440305
PRDM8,5.2942746186995e-09,4.59076067491247e-23,67.2421399649633,11.4633946387578,9.0878030313244e-05,2.29997006688152e-06,1.98088581366219e-21
MT1A,5.04406832247543e-26,4.32773880091517e-14,72.6922379263041,58.2390277909215,93.115950003735,720.540579964076,1.88661751445868e-19
LCN12,2.07561402744042,92.4725177001468,126.777771336684,1.36495666742289e-06,703.545191353642,75.3305676147867,98.5143624274508
CAPN8,1.5249893053687e-61,15.0118781926847,9.63697467069184e-45,5.18613713934482e-49,503.782292382617,4.41612336747412e-17,10.7547218564333
RHOV,10.7759654326485,0.00024763259981739,42.7176307769181,225.383329865948,451.323811021866,2.84869626767472e-08,4.47717732345027e-16
FLT3,53.0960902759308,3.42298561201959e-31,81.9284512866892,4.25917961928815e-08,0.14293481793653,3.03115378581697e-27,1.76316441489943e-16
AFM,57.1848852595142,1.55700471074804e-28,35.7918169349722,5.00939714925513e-16,7.60054015701975e-41,2366.47710911798,2.52822149935555e-21
CDH7,7.21347244509474,194.015104911711,1.20174964830976e-34,9.23391515604186e-32,2.74048318987948e-15,9.78143015187725e-81,5.28199332420301e-12
CHRNA1,1.04202973161748,0.130118053444149,8.1874900271478e-28,3.87950943479228e-19,4.70740836947139e-21,3.10574139896987e-49,0.000492696301478547
MYOZ3,3.35704517099738e-20,1.03394983628888e-10,0.555258811185234,200.304147906898,4.72312050840275e-16,6.21137152950619e-26,1.12237240267959e-32
ATP13A4,55.7156327395874,1.7455519580221e-06,68.5410431216759,1.37641210200323e-08,392.206345628768,1.97772162471377e-40,6.65680409423647e-23
ART5,1.2489056595024e-13,140.457707821102,1.10839438934944e-12,1.04383605247963e-15,4.66978453404026e-06,2.51397201804896,1495.98827015711
ABCA17P,9.54389825133333e-09,5.05082838745658e-19,0.0729058214931551,146.085895518759,79.7509556793537,5.87989612593672e-21,6.84706290415612e-22
HRASLS5,11.9961190766681,397.436395170807,6.16414448851276e-15,156.576468313428,4.66124801670594e-10,539.512751468835,460.795231464613
CCDC136,35.9297454660536,45.4071803156098,5.35622268419336e-17,2.15110787917885e-08,54.468618400411,3.19467346680547e-20,3.53277727118528e-11
NR1I3,9.49118192444132,4.43382398668362e-23,3.99643272882739e-14,2.6282650700675e-19,5.29098762477405e-28,2863.68344468092,6.7101031246333e-06
CRLF1,3.21238096880755e-24,7.52618434624209e-18,2.80681764054358e-05,1.52080723576977e-16,212.446405639238,7.762727816821e-40,528.934148862457
PIK3C2G,2.6752159430298e-63,247.586896303441,2.4619158906797e-46,1.44657548120566e-55,1.18850657798633e-25,225.480335035396,1043.9799864477
NAT8L,1.39414498633219e-20,457.958331747391,3.10060153038366e-09,4.55614852939491e-29,107.488144428289,237.237514386925,390.703760737801
IBSP,1.20511914799896e-23,3.64583112571053e-31,4.49950309850146e-09,1.11859984876582e-06,222.374486165048,3.13660601494263e-41,7.21183686121795e-19
TWIST1,3.89061094211254e-11,0.00736753342787819,1.04422370895703e-13,1.11429113630836e-15,8.03593184621372e-30,3.42337597678051e-44,1.32217376366693e-07
WISP3,5.00033757249537e-11,2.55581083191309e-49,3.46007425780157e-08,3.77447625775016e-20,496.262610800362,1.05612070667531e-51,2.89627227842398e-22
E2F7,3.27139079028247,0.638007983067951,1.54017364478904e-11,0.369311291657949,148.133133972677,1.30421474107209e-05,1.4800191312727e-23
B3GNT8,2.616994743449e-18,479.33032544301,36.7108203926839,130.977876268084,164.843232991646,201.713837276733,522.385522903424
NPAS3,6.24269355410844e-12,127.62209439407,103.214391688727,145.747309524759,68.4128169673786,5.9328052322264e-21,1.35570411910207
TG,6.62166589835432,244.907962715798,3.42208026233724e-08,3.84482702394668e-19,0.0530177855862282,1.26416336456182e-48,216.543938687964
CXCR2,39.5063091471034,13.7976842042227,49.9477104639667,3.82841496283748e-14,1.02816499393702,42.1874546609488,5.16353044638166e-11
LOC554202,1.14038784941123e-30,9.2737252112564e-16,3.32123888434152e-24,3.82359015889822e-16,669.58602898609,1.45019961841145e-45,1.35074498478846e-08
NPHS1,34.6036723131609,42.3753892596481,4.99061654288924e-05,3.08090689546412e-18,166.857078890604,2.50434285061294e-20,6.81926992422702e-14
TMEM178,1.82551937271801e-05,188.840550306106,176.75780667869,3.16809848266902,390.706377584422,1.00832646247382e-31,1.23003415430087e-14
PLAG1,9.84665681202723e-10,504.920234588489,6.58664100324128e-08,166.475962848754,93.7639321632255,1.76377529436565e-41,195.339004780259
CCL3L1,14.1994903644574,50.6987089782365,248.766954478654,4.10020210730825e-09,9.51252540009433e-07,1.20540266461723e-19,1.68028153507961
FAM81A,77.419483127911,135.184650109929,3.38667361992258e-05,49.9758031347529,161.818751465367,198.725902124637,1426.66584944501
FGF12,31.8487075400554,438.754531242266,47.3658545766372,136.794722901177,59.2517412434533,1.17975063036449e-12,2.41658142398748e-11
LRRC16B,31.9315630865493,0.0334240420067054,250.317919900202,0.019077480026127,4.05037321327805e-25,2.95544322983281e-25,1.28599683835057e-20
PCDHA3,45.9351112930594,49.2191185030122,39.6862894311103,85.06215181676,5.1256228422621e-06,0.000240945820259115,0.426806823428839
ZNF683,1.53100041670091e-18,1.26371748136568e-26,9.71756762239667,6.97586740072202e-08,2.66078884585315e-07,2.94017115372262e-14,3.82310463766525e-24
CNTN1,7.99250345072713e-08,7.18334224879885,1.55858405753189e-16,6.45049370460168e-23,170.396488593448,1055.50005021468,1.27751160181276e-05
PAQR6,0.0994255999291929,8.21057129191917e-09,392.450112864273,91.0077595067233,1.16628550128155e-10,2.75848432532704e-22,2.85019197454071e-27
HIST2H2BF,23.2587810034487,107.757133523039,175.822711290468,2.8360745412373,3.57539597771643e-07,1.08311980105968e-11,3.89586806740987e-10
NEK2,16.3976357251847,0.00362825316757897,5.97274370136122e-18,87.0126752883577,230.312311782341,335.194620847717,1.0613078415026e-21
PAK6,2.32866486369416e-16,503.802885208161,7.88628479922366e-05,4.50733998827526e-16,308.063077286441,168.603733889077,183.110177832892
ANKRD43,38.6121642272627,158.72657689455,5.69882549421076e-22,0.0818088429253799,19.0655027923093,408.307261332315,799.43524088964
SLC35F3,2.56561527166197e-14,288.82351459419,8.04775517878301e-08,32.9745862011526,115.455505088933,1.92861628847723e-09,193.112830369266
MASP2,20.2919761562044,7.96815494890342e-06,80.8708720761803,7.17264719166771e-05,6.86499427136042e-11,2985.74344201174,2.69509147277893e-15
CSMD1,60.5163457036494,3.72327517392633e-24,18.5334236115838,6.48104759782051e-16,3.94660637276469e-08,146.405119743324,5.6925101288906e-19
RNF182,10.3596978504639,8.85943834619167e-06,0.0319378934033745,1.50193676757365,591.322148999682,9.97346929374163e-30,7.66493198384481e-18
KIAA0319,51.8438937809133,2.53473242641102e-15,3.10010563185533,56.5056842020915,0.0816765631649785,1.05919475030889e-19,7.89627773242122e-27
KIAA1211,57.8628532560529,52.9687805551481,3.75848953414595e-16,4.05476427585207e-13,164.301895526015,0.0775182941547584,1.26611531255397e-16
PCDH20,46.4136006378802,93.8734867853251,3.91750019711258e-15,0.0791466603373949,349.838348751757,1.79425758458979e-23,89.842313573232
FAM155A,20.654841107866,7.9285018876499,88.0231876560242,0.322346736909165,10.443444383715,3.59142387533895e-12,113.081208664103
HTR6,0.000311046098810276,5.47016359959833e-33,186.189794059069,58.1399596197533,2.52085273480545e-19,1.09350192632108e-31,5.01023099711077e-32
GRM5,52.6545774165875,0.000653678186776356,64.3814777733416,162.649323643223,69.5339654016499,2.17432709367825e-28,2.58495176900265e-27
KCNH6,115.274392200762,22.6414539372564,5.1217523072223e-11,3.54142696096448e-14,17.0872427574839,50.3206388277073,2.99577670304293e-20
BACH2,12.6187431427175,283.85623141281,81.8006109703961,1.65372762755545e-08,102.477874171456,0.000584623490699418,2.9698503856686e-19
PBK,53.8008568262147,39.6022845567081,8.53473395358213e-16,173.985581631648,142.909942046096,198.622293258752,0.000238687000244685
EPHA10,0.0343805568138469,3.23977541939573e-21,1.00765295894823e-15,7.93180144227153e-16,243.517412248841,72.6959534356444,5.57752654380655e-26
NALCN,6.25423829940776e-20,16.6012964428175,1.0920523316155,3.00559845934903,152.072010888812,72.9334100532374,1.67779833767787e-05
FASLG,0.00526456113350753,1.16641171552217e-29,3.542673958444e-05,3.15593727112769e-13,3.39171668772761e-14,3.68152581131424e-18,1.7940128939544e-23
SPESP1,17.8391207752448,70.9164755788506,57.0660096760551,14.269593250416,38.8655636301773,1.50106261700029e-14,0.00269024286632668
EPHA1,0.00175771926667284,169.793009915737,23.0804039844078,3.68892232550363e-08,411.754954192697,1725.94991155506,80.944418442723
KIAA1755,3.23748584741777,20.8823387888321,19.245655313149,0.0575579109651942,1.44500286808121e-08,4.56462069428366e-08,9.29537173150124e-15
VIPR1,29.0820054018205,67.3700217261051,217.969157947349,0.399206060514115,2.92649668939208e-12,119.230709073208,25.0996415137751
CH25H,12.3962027807768,1.425247798346e-25,149.091028531905,0.00631614788141283,1.80640179712583e-25,1.72104617215821e-18,2.70620325629397e-10
CAPN13,36.1213466103307,197.883364674163,288.039141143257,0.218339988614348,6.15269272892971e-22,1.75660344662278e-49,0.000638490017841583
ZNF404,4.15041855490408,65.3242804349906,149.065548498673,0.216625553610891,176.815552927943,3.20752755266784e-15,214.101291965644
SBK1,29.1834136427809,63.5421513167194,91.399445706893,168.473431049526,318.452833864709,1.14723924084487e-09,6.28273442554048e-17
LOC284276,20.97474824406,2.12381352440849e-27,0.0155203656583734,1.0953640806253e-17,61.8564557470846,4.83313164214177e-16,6.89730494808941e-23
LRP8,5.21548726401861e-16,0.475507028914533,4.82405175057178e-08,3.53322195595401e-05,287.075665696303,6.05379923403782e-11,3.4870691659875e-16
C7orf46,13.4452779501788,425.997169818906,129.199206897549,404.833437784403,26.2568528954777,61.4138334323477,276.361274730075
NCRNA00173,12.6720836448004,4.59041177768543e-23,333.195467844211,122.633889035836,5.46995663714001e-15,2.21862793067325e-28,3.62351257734225e-33
MGC16121,0.0035149883739992,17.4294375299711,327.846841524382,0.00167619995442826,111.47293087585,1.0224138211186e-16,1.76256971130874e-05
SPTBN4,23.147955997318,414.032431983399,52.7345214205592,4.11165149915479e-06,0.0732735554261348,2.31106152369927,236.314367203172
FAM46B,9.80603500356795e-19,100.192989907881,0.0528412012871501,6.97255124140206e-05,161.505617335529,3.60153328771595,63.2627970528685
NEURL3,113.917240035924,60.578816764454,0.0176757704021996,140.872094732278,8.94508721812618e-18,6.7301481086859e-16,1.24260838524784e-13
CLDN11,1.4158091481031e-16,81.8922448898513,0.00489962075416316,4.61947037393911,90.6662138673388,55.8910513568408,27.3625588068878
GSTM5,2.31207235599913,1.48432307952138e-25,4.87077109175717,5.76381992318089e-11,4.00176621674139e-09,4.49668280365742e-13,40.8087421268716
CKAP2L,21.9692540125018,6.11198067526309,8.77004241235399e-15,0.379094364338325,105.197123676866,134.534845875225,1.29993325701005e-19
MAMDC2,12.6423573875878,55.1858353756295,29.8251032154828,0.000315768859022883,224.289726227222,4.7315728035021e-10,1.52138025834045e-12
NTNG2,1.28207838359749e-19,1.76936056312414e-26,65.7441432228659,78.6198420198977,2.3742685397798e-13,1.67129906883872e-13,1.66009024100784e-25
PRR7,1.97014161831285,7.09880954311159e-23,55.1092288901708,82.7326780598763,98.5020023956352,1.06155041796914e-15,9.39253932328308e-07
ZMYND10,52.7715835064381,8.14582360036513e-16,4.03998606625249e-11,88.9144209579257,324.826223820883,4.98816147787411e-21,0.000191977242129303
C9orf110,0.14020318525092,19.463717849164,0.044050151595254,6.25905809062144,124.612088130805,0.00661093397093265,3.5998911229392e-10
CYP3A7,95.1105924810507,232.875651914698,1.55360198139164e-15,166.612033493499,1.92055307887411e-29,450.592249060133,210.231781251001
SNHG3,3.07374587732072e-21,9.61239847042239e-05,156.2600209993,10.6642260519005,249.148085406828,6.62183560077503e-17,1.69066076881799e-19
CENPM,0.0207805208942825,103.814444272435,1.81349439583208e-10,180.237344677456,120.312304840413,215.692530300421,168.660801936015
OIT3,101.274185413009,5.96413623440246e-29,0.190046341891143,0.00522890218024676,8.52975840584559e-14,210.233273097222,2.43022926067414e-08
TMEM233,31.7760249278318,237.855272654787,119.944550947677,0.0393953743304114,7.30416176521805e-17,1387.22866308963,116.703400066739
C6orf155,112.577744884188,423.343680375501,176.344577925093,0.00837038241329048,106.042781459699,1.379170506664e-19,0.0695036772077227
SYCP2,0.0111862317004255,315.019600334275,172.791473686353,16.9492391118627,5.11308087130219e-11,5.22437746855828e-27,125.44954729649
PITPNM3,8.70999704592573,164.086833469408,134.014337742318,185.865180012476,500.242071560167,2.27231513809462e-27,9.67998041712679e-16
SGEF,8.27365343963895e-10,50.6803611058579,49.7186112731653,8.62150853151058e-08,20.4588283659383,514.335680163528,8.83219864189913
ZNF883,48.5651446246808,8.08915813951673e-08,5.65303454342705,128.492142330857,152.56069349496,61.681975125761,1.86406420004872e-15
DNA2,27.2785673750202,1.73433179609854,193.9484484939,43.5288794873141,204.942038303036,97.2171627691089,9.10539536341169e-19
TTK,19.3507014239092,53.8985131791752,1.192090524623e-16,105.562706236876,135.512365706691,160.534062044184,6.64703466938233e-10
FAM83G,38.8749077685836,217.618163522171,62.3114948054616,2.41497198598815,331.44499367472,248.949976392037,0.00850017382095897
GLI1,2.67847848419525,1.91896644308265e-11,48.6622484004418,4.63983519945893,46.4082079925572,3.90119308219784e-23,4.1630309168435e-22
TMEM169,97.298530916843,0.632429023257454,8.25606086759164e-13,26.3690399641218,318.703809066418,102.35204781979,8.36113446569689e-18
LOC100131434,0.0411250147616896,126.614272466318,319.807237173146,0.0147288140012132,118.90134775873,3.99958626460126e-20,2.59371843807285e-09
CRTAM,0.0247612031135823,4.95359632934996e-25,0.0018971460881709,2.06732999428859e-08,2.9030375383008e-09,7.10796527300533e-18,4.68631880276256e-15
WDR62,9.67080819149188,26.1386241834796,0.5456987733885,95.1546703990624,186.949512896413,108.402923444322,1.03397324844433e-22
CDC45,17.2178340856337,5.05718458832589e-07,4.62845929821616e-09,122.447886823223,147.399447734298,285.456938610286,2.19449526046362e-22
LOC221442,0.147507910780878,1.09890859236553e-07,306.773535739959,0.0434802368633421,165.253295742766,3.03296049616416e-11,1.20352179776374e-25
RPL19P12,55.5759858070249,22.7818330830385,42.3076376640364,389.557488937786,40.3635547719043,5.08624774134848e-10,111.078568234839
LAX1,1.8566658922618e-08,8.61102542511822e-18,48.5529406509654,5.8663143371495e-12,0.152906210549416,4.88732322343613e-14,7.26236271902153e-27
TTC21A,0.518301054679095,47.2952647486293,325.87868594237,98.4417711832574,155.422335197925,1.04650808044932e-13,4.97144808635448e-23
EPHX3,1.58306301415756e-12,22.9991686217596,0.248258464884544,126.183183987656,340.435284185239,8.35851480734526e-05,7.60865941856889e-06
PKMYT1,0.0110130264915973,0.000241087983475927,1.70534554245819e-07,137.869153680506,171.421122435118,149.415217158775,1.49718012548874e-20
UBE2T,24.8552195459168,26.0813730564408,2.66724965100754e-12,157.547713697961,179.746849882682,265.315367633463,84.2856321218244
CYB5R2,6.12661659446371,210.815770138381,2.334636492574e-08,134.908231371046,168.223143103969,1.5550625576027e-20,107.824303621932
ANKRD24,24.2494383062642,0.180623139012073,285.474504154178,89.9933542666718,2.39837948630199e-13,1.5799294781735e-13,1.13169171868514e-20
PCDHAC2,54.4775385239721,37.4086199933575,39.9494865346926,0.0387424585996848,3.98347283776305,150.55408893598,1.08297837630617
STX1B,54.8041084232441,0.00214426486079143,212.849310915869,22.4965386677211,64.1482338756818,5.58539559657371e-07,9.54567685424573e-25
RSPH1,86.2624450368925,2.68739712501182e-20,15.5362563045535,66.8101575851002,400.469523442765,4.52423154172661e-17,3.53403592795458e-20
CASC5,48.3751015265284,52.0429289288215,1.06290110991936e-11,6.86896035689673e-08,0.0971022885315923,330.298618166241,1.439708147976e-13
SLC22A18AS,61.5371553839584,7.38686686245471e-26,2.81652264012717e-08,4.48842780369964,0.00418042391859321,58.4648494168996,0.00130322861017618
KCNJ12,75.5559887799107,57.8795326053508,0.00203840725336983,1.136143875559e-12,84.401462483853,4.25262877948569e-11,8.97777087851604e-14
GFI1,2.0609953277636e-06,2.46578213296022e-11,94.0811207586493,3.15656672801115e-07,4.46330762188854e-06,1.80636395219894e-06,7.7071658004178e-22
DEGS2,49.1113451023914,35.8202883491426,129.505400876703,201.931188622271,149.215947608184,5.19925120560748e-30,414.279853409982
ZNF831,0.034355064536086,8.47536291993798e-28,111.19070771227,1.13518544249244e-13,2.73329458445789e-15,5.65071877698839e-14,5.61285124181106e-24
GRHL1,59.0835265771591,198.774538410921,76.8166785052379,1.29106448548294e-13,400.352433194882,113.637962804922,74.0431782229906
UBASH3A,1.01743914434404e-07,6.46169192235735e-33,18.0558644452418,8.4927007040072e-14,3.47515295270333e-11,6.97185621859186e-17,2.28745598882804e-24
GPR68,5.36343437871145e-09,23.3990050804517,24.3354041700612,0.0810281245297629,16.4409749746282,6.75756761187706e-10,4.76038845657553e-05
BCL11A,25.8377430527419,9.77840341477473e-13,139.926723712971,313.583907097382,1.3313688242227e-10,2.30767368048413e-20,4.07149645121543e-27
GPR3,1.20133472701062,47.5468084906803,363.311044559066,10.192659295226,7.37676786638817e-08,0.000104886953185551,59.5601841426072
HCG27,15.9257164375744,4.65161221372736e-21,292.794170524366,31.7360372917589,2.00093830979974e-18,3.68363857491997e-19,2.3388668624288e-28
C1orf213,0.00268676507561948,27.6770469124944,242.01018090783,53.7784485019953,132.911655367059,1.05301565385117e-06,0.000184848369015922
ADAMTS13,12.0617300593923,151.562716455995,224.540655911079,23.4676754825642,277.636844173291,0.443888551281749,3.96323873631497e-13
FAM124B,1.69764264037293e-06,2.25220060006504e-09,4.38421489304431,0.00047710075356929,5.6176172749814e-19,173.897841005811,41.0066724628882
SERTAD4,110.159760022307,49.4121838665048,0.0234409945890064,1.53875843380632,98.9448570338628,0.000227526012071652,0.0847587761110208
RRN3P1,19.993478593557,61.507746021882,347.996649140699,300.145382914187,2.08251335422456e-17,8.51570603772028e-15,0.0338258103818899
BVES,41.4258066512954,51.6219635608724,2.30781100641089,1.04578095879535,0.110259694085909,6.76797308007029e-14,5.01317615336187
NACA2,17.836326773537,0.287482864175694,128.540220555619,277.151996427206,0.0461811192555877,2.59887420983943e-08,169.415456980713
LOC728875,1.98795724748442e-10,2.58820602979209e-13,0.273899110154025,124.347721749883,0.00736138569374872,134.96295856711,255.366525785265
NCF1C,0.368197695730098,4.28575450626028e-17,1.61555521412317,4.21407464148704e-07,0.000331448572096585,2.05417664634327e-16,1.61807523060625e-15
GPR89C,128.490466032471,48.9668498436675,120.287810651001,39.6482420907962,0.000359544992796606,0.00162758351337615,67.5684938608962
ZMYND12,120.539323902223,4.18828740635252e-11,0.226488196121842,362.946121061261,0.00363549654186429,9.98033529522762,355.831964715404
HOXD1,41.4585072586775,70.9525009139616,149.232803384818,10.8680413160941,461.432909687587,1.07730296897867e-08,168.072786060747
LTC4S,38.1789087897789,6.87904308458344e-26,18.6928525717238,17.7775966153934,6.82781365194969e-11,5.81121217370137e-20,1.49246543554361
CG030,0.0815285382014022,29.5354333007916,384.938137800499,26.8438496927698,3.68444655980642e-07,6.34168318729415e-18,1.95737964815776e-22
NME1-NME2,0.799601237571748,0.101644827858072,39.1839093354716,300.169578346482,142.056229512818,0.228870459657154,105.936362248895
FANCE,17.5936404121194,103.053182074343,110.880399183039,197.377864437876,33.4470986080283,0.462299929702165,56.7380217154593
LRRC34,76.0302147639859,135.613734148994,12.2989825542402,270.472761701844,66.8873585392939,6.15017350499085e-07,153.060123884463
SAA4,5.68401205642388e-33,6.26723828338444e-35,1.22710307780743e-55,1.21221244926517e-45,3.15284431441177e-15,2953.74182236995,4.86344675438503e-31
KCNJ10,48.2900804975004,188.726434848774,1.65428286182955e-26,1.8008707161345e-28,295.131805434245,1.44587052913296e-09,449.898924667101
UGT3A2,1.94917784444227e-26,0.036102498591437,1.42821471894989e-36,155.79215218202,614.854190256916,1.3525475860991e-42,9.94514393113003e-51
CNTN6,60.5311302106868,128.542728857814,2.32607453068158e-43,5.25146474951765e-28,401.942201893401,8.10597869139173e-49,4.73920737574157e-21
PRSS3,1.86721571448606e-46,2.58218564514746e-28,7.31466523616374e-28,0.379466859584169,235.172427383838,832.203021276353,2.24117345906999e-23
CYP3A4,59.549019523628,1.1857898812484e-11,3.36150458582564e-33,0.0243239723722875,1.29741276389749e-61,1220.77053062875,146.852487610756
NOG,6.6179660510622e-24,2.34495002682063e-37,109.22730986153,463.673803846519,4.20005551871164e-31,1.09620605255762e-46,2.2581145881811e-39
SLC4A9,1.4102091638826e-79,1422.04681792717,9.88108975784594e-57,8.45968955058439e-18,2.57916414955388e-60,6.87214271584957e-94,1.07167020049938e-09
GNG4,1.75125813681e-18,4.71326346434028e-35,1.49272727757973e-13,0.149400401554853,2.74297884969981e-17,1.30374982123869e-47,2.03398235359032e-39
FAM19A2,6.93131336214603e-14,1.80479239775292e-20,1.51317453017396e-15,0.0345798359879821,6.9236764214621e-27,1.84971057348869e-43,0.083637031595714
SEZ6L,2.75247906630621e-65,188.623864210024,2.07268217128459e-42,1.91655370249994e-34,3.1090101584331e-43,171.316379338248,3.58354923529432e-11
WNT7B,3.31132964304227e-51,4.14847764216123e-27,6.82370696776304e-32,0.000515797974661984,605.579613835029,2.82970295334198e-57,2.26485662572507e-49
EPB41L4B,3.15745948577612e-23,1168.88881115949,6.44860011086828e-23,9.25101860572568e-28,7.36398300432236e-06,0.77157026701663,1859.5523104418
SLC30A2,59.5882728230563,149.776134784219,3.13290362578101e-31,1.46733554980302e-28,0.000141500889780043,1.3775735082305e-19,175.41325295492
GPX2,3.29479310272214e-25,71.5885244165063,1.68004654403899e-27,4.01383031070413e-16,3.90058076076811e-09,6671.7344722123,99.0401541868886
XDH,6.79171941478411e-27,3.96882229756348e-32,2.25519058240974e-37,4.09182643075774e-27,560.423837209248,7075.66453756464,1.8671963181256e-20
CA3,3.53854297597705e-18,4.952660420706e-32,1.14634996444346e-08,194.22912725352,6.96531124543145e-17,4.76474560063633e-49,1.21589750399595
KRTAP5-8,1.66420188056726e-84,1047.04392858754,2.97585175141723e-35,26.3549428531863,9.20068289609892e-46,2.10435565524219e-76,597.696265774717
TMC5,1.96249468220408e-42,811.747062242158,1.0418146448198e-13,1.08673455127242e-26,1.10925986842974e-11,0.836116651949133,1084.24245667381
SHH,2.94440292708425e-17,5.9898851476044e-25,5.29888816201723e-34,626.606291287833,0.000605321835840907,3.49401501660392e-20,2.18575456593296e-50
GLT25D2,1.90724490889401e-09,20.6749972619221,6.16689765123552e-11,0.000302954019285405,177.633131255293,5.71521729938426e-37,1.95789192924404e-14
PLA2G2A,1.61918128993404e-48,1.56748322718415e-46,115.845761581944,8.37718978943069e-19,4.74682814048527e-33,246.363205272775,4.8754720642667e-29
BMPER,1.81708199589149e-27,3.35000555941356e-16,122.539726451615,259.769485808124,1.08416532041457e-16,2.07205804430505e-19,1.33730738479353e-45
SLC8A3,1.84084216042351e-15,17.2477132343428,6.60292679380989e-47,2.91778748150306e-34,2.95869918676166e-17,7.79792959812612e-57,6.59650310292505e-38
DPT,4.2617248991549e-24,1.49751078673082e-33,147.522986156831,2.02588628562555e-19,3.10490618678917e-27,648.479688250812,107.023732481591
MCCD1,2.45153738643347e-26,574.801593201688,1.09220360140012e-74,323.311390579604,1.01620558674795e-68,8.12443374706021e-06,477.955594638378
NTSR1,1.68898776154191e-25,2.42531825733882e-21,68.8935402738599,4.59414819356769e-21,942.744270725798,5.24156139347044e-53,7.94570446175065e-24
LOC389493,3.11527813845775e-110,2.75845803579475,1.24673485088119e-75,2.69124993812143e-06,3.03246617266675e-43,4.48900456227875e-45,4147.4984452775
DKK1,1.80281995362619e-16,1.68875120914852e-15,2.89840289457412e-13,106.106073682313,362.798504344642,2.44696424705045e-66,7.04214959152939e-25
SRRM3,3.4662217539476e-18,540.173744632041,2.75181596815447e-11,396.07189502917,2.45738501611823e-08,779.287128841459,2027.08840495351
DIRAS1,4.40029290547313e-16,1260.84337267778,9.81011491550392e-23,5.89807919956552e-19,1.53945044218469e-12,1814.94022499572,382.527431252253
CACNA1B,2.3323673975871e-80,6.09763293969604e-66,1.56384971718868e-97,8.64382935884024e-32,118.521098969046,1.41535332319341e-96,2.18430605805945e-49
MSMP,25.8776194230486,58.6061634075441,0.00676126134923299,3.78383833410927e-08,357.183206591849,2.84807077090363e-10,85.920120251195
SBSN,2.69575556471873e-57,1.71265000978718e-61,5.88303786529318e-55,4.99891083131062e-37,5.422072279389e-32,3.03633251686021e-49,7.91949517974736e-38
C6orf105,2.21842925117333e-13,567.980187184559,0.00509045085055418,5.92757667641954e-05,39.314512897174,1120.3611420092,229.323091204809
TDRD9,86.93801969171,99.4712667857523,266.380598998109,0.645955171869927,0.000338652669070863,0.161364965468376,4.94250113010774e-27
CDO1,0.000331358754477402,36.2510718180124,2.74207632983358e-05,1.73195780912121e-16,5.26087380173025e-33,7105.11237682175,5.19079363741711e-07
SLN,5.34588433346096e-31,1.63067797133959e-29,5.11531193445444,5.61522537869308e-12,42.6365123545492,2.42689600888258e-29,7.19963458612921e-25
WT1,27.454072046301,0.0426228494748328,8.69365534325196e-26,0.00260459328179288,9.17867925874604,6.74029904753953e-37,0.0292098347151405
DLG2,0.877553411203609,1007.00306425597,0.0151701228971368,402.820496350021,8.45230998245539e-37,1.72488269559924e-29,0.577838643461683
SLC16A11,4.58536589463702e-20,396.783905802207,54.6695872463618,7.92193200113709e-27,1.04516897633311e-21,1.20126897282842e-10,3783.61121080849
GAS2,0.00491244346299732,898.946119847931,0.0235043237900375,2.5313047163307,9.79732863645423e-26,96.6467865618414,1963.26275284216
UGT1A8,52.8527336791182,1.66881559582713e-09,4.53935981587736e-19,132.684177674745,0.00144409887161578,1.23299443709323e-23,1.32510632603375e-26
TM4SF19,8.61242063418785e-28,324.809564040801,1.55503938061718e-37,0.00882434977936352,107.161731177438,1.02309096511417e-31,0.0297236408846965
LRRN4CL,93.7098926247437,106.508544674804,9.63093000916508e-11,5.11272435906607e-22,1.96283273090562e-11,5.20202865697407e-21,4.32296919320171e-18
ADIPOQ,3.26154860237297e-33,7.44486740985816e-36,96.7731461108196,8.63827999751391e-28,1.75173884828298e-22,5.69586985811436e-16,4.69275890211106e-30
BSN,15.6369451928651,575.095184203624,32.6921555327692,5.70609571960242e-14,85.2830017317224,6.16485368021152e-46,147.33950832373
BCAS1,1.4847493438673e-26,1.18199779211962e-11,3.65669301026095,6.96316523245147e-21,662.623304796548,108.494817943331,2.32401369151209e-27
PCDHGB4,122.701981156296,182.513425609831,37.7585547617259,197.026811955035,0.0146239479681504,8.14917121604054,1.4524312459361e-20
HHIP,64.8846744817656,8.50467937163019e-23,195.798314544713,2.84255763935028e-10,7.20623079652849e-13,5.06032557334998e-34,1.0808273543672e-33
PCDHA10,131.83417514124,165.416840327878,81.4948074943141,3.70387924422844e-06,138.375376889344,120.208927916105,260.219097303246
SLC29A2,4.88201253228114e-11,1108.12132522513,199.596989448406,1.3783218307675e-10,493.646073319138,174.330997957747,931.72852745698
S100A14,32.4285226224813,249.756036477983,127.753006230789,2.08808113474827,535.62896007475,3190.85244984373,362.279221985676
WNT2B,38.0142832218217,4.98878296839001e-26,1.56685813227967e-14,41.8201654893338,201.665377496931,3.69861381550452e-33,4.54841295515916e-25
LIMS3-LOC440895,7.71284851985674e-17,1066.52616861297,65.7400847909085,36.4325369513995,6.61765186801773e-32,1.35598152476184e-10,2.95555339307818e-15
GUCA2B,55.4971757353321,9.83704982250594e-43,7.87288665799505e-23,1.2039803190887e-13,6.50905956649395e-41,7.6737747845496e-15,69.3366754875659
KLK15,1.60965662870548e-49,675.994980114,1.9899633334814e-44,3.16052416116061e-63,6.35259436319882e-43,512.169549227675,2566.46579888532
CHD5,4.5897855942253e-46,578.357510632594,104.251090425072,0.0115705686467496,8.92790865332368,2.81608666482816e-18,0.0918942072359882
AMZ1,4.06025195482957e-26,49.5233167243186,1.13438179161273e-21,4.77783339811761e-28,7.94092060782498e-15,9.65043782799101e-42,7.98718911840365e-10
TREM1,1.78055146356142e-08,2.80779103382851e-19,2.18713621285797e-05,5.06543179952214,406.790768214992,3.36712046531708e-13,3.79733033000858e-16
PDIA2,4.04423161351301e-06,3.8428438000123e-29,100.136606351192,1.24586587820834e-08,63.8956191045422,1587.34789913732,1.63223226427828e-19
UGT1A4,2.24169877618331e-27,6.46319237042161e-35,2.71146743865887e-43,5.72598356191496e-24,68.0177071927509,6360.14321370042,1.57037665041739e-19
CXCR2P1,7.80065228331088e-11,4.19361529684217e-29,2.11397653043515e-20,2.13885663062587e-25,2.04317982621907e-29,8.82821052597339e-42,6.15978188822291e-29
MCOLN3,87.6272604335673,795.831831669202,45.2169138379851,1.83515304189421e-06,2.37673176900079e-33,3.73908194525234e-08,1590.97614179911
PANX2,3.66795670997658e-33,5.61449120244342e-26,9.01735335053375e-40,3.03189071617548e-27,375.455976742327,140.877742753659,9.06055141472364e-37
ABCA4,8.44740586011189e-60,6.13380266428761e-54,7.17878326172044e-25,5.84401320311956e-46,1476.75484740715,1.50579879148986e-48,1.36817593507769e-42
C4BPB,5.26467831266175e-60,18.60720104441,2.76680103100735e-58,1.33486899965626e-34,6.06044893592381e-54,6536.91186306437,641.776035164972
PCDHGA6,96.5018214360509,38.4718132827788,97.1634590518064,87.9728468411694,1.77253611655513e-14,6.91435425472667e-09,1.24082046910594e-19
PSG5,3.13517343254881e-60,766.255402020455,1.04432142732209e-31,3.2263618040403e-59,1.25590839939174e-51,1074.45421370053,666.009208731197
DPP6,71.4901070291134,186.632086135588,1.71933670727941e-31,3.18268150732072e-32,70.5411966338432,71.7353368449434,1.6207283824141e-20
CYP4F2,15.3894356954673,7.6514458563227e-25,5.81269024111941e-30,9.50267308844773e-23,4.33019258668819e-18,5850.47633027131,4.02017069689072e-20
UGT1A7,8.22752509884714e-11,1.23478939783535e-14,9.25261660771484e-31,295.913352900178,2.92935659703093e-22,8.05902616172762e-19,9.6866993813172e-37
SLC4A3,4.39204585427324e-20,316.974225383945,29.6241047339289,21.5733485002673,1095.38283611541,141.835332704058,159.707779503408
SPINK5,40.004503021795,251.709249066607,431.620051333252,2.59038880161286,3.99156560307236e-25,3.84639869371094e-27,8.21339978599492e-07
CRISPLD1,126.640066370729,0.387109654183106,9.8214030080983e-08,0.259318428668567,143.454989643676,3.5539540870193e-18,5.78271494654e-16
MS4A1,1.26764094448751e-30,1.54146146310963e-26,223.520835943648,8.12773965145991e-17,1.56863390722318e-17,8.43485151484381e-14,3.54109354577732e-27
COL9A2,1.68358746800913e-10,108.18063004694,336.283573759462,202.379728558925,798.175955429056,0.00860032484314691,1.30003179724042e-23
CTSL2,3.78700587568789e-18,8.8927199525478e-24,1.57088450137029e-19,2.69889994466035e-06,1175.70700162215,1.35846018714251e-20,1.01958516194174e-26
PCDHGA11,133.565873419752,56.9920384852097,15.8054035583374,115.387468305139,0.000597339092742639,5.27754555485176e-20,1.18816161382976e-10
HS3ST3A1,2.95855746151336e-26,4.82224731048656e-07,1.88011079481139e-28,1.54041073346257e-05,323.728012580365,7.41399801942332e-34,2.0888490403092e-32
FAM153A,24.8378110364826,44.8899550854677,668.411542062015,125.275526233199,1.59807634926681e-12,1.47329712455269e-23,2.47224889935389e-15
EHF,2.7614604908672e-30,248.910927457535,1.74860473229003e-17,2.69563645548582e-32,1354.63722511218,656.620843680497,6.96490839523554e-24
SV2A,107.057989685084,144.038634627969,28.3894109985546,21.6553415345845,328.522949705568,0.00032696124295649,1.33426342228078e-06
SYT8,1.57227236936362e-62,1.2084660587008e-48,1.3119939202225e-36,1.66686745435563e-10,1201.87782455417,2.17554502023115e-60,5.68559461388662e-29
ALOX15B,0.00297978369385971,81.5005881978899,16.4668052772493,8.10118464282275e-06,2.16482219565552e-10,5.03702413779036e-23,0.537456649192465
ASTN1,58.8507548771289,125.644985971934,7.98723329027776e-60,1.0485032822618e-40,50.4672884600107,0.4421025363246,3.30424112711868e-22
SGCD,11.548429461478,187.644670526659,9.24132053800386e-05,8.06016764030834e-18,156.850160159744,3.64395212694117e-09,488.978333378561
TMEM72,315.661215717531,569.590677747573,7.27304428944941,3.06880386917824e-15,4.85571660594185e-21,550.467557083863,879.787407932206
KCNJ11,4.80864654638551e-08,1139.18917577593,101.751077878351,2.41085065648806,4.36347607028628e-11,485.404083833883,1077.3722090244
KCNH2,35.0120663715517,534.363504506836,6.9419525247189e-13,89.5959078011176,233.607435571093,1.83018441144255e-11,5.74429550481644e-06
VWA5B1,5.7545028497628e-68,989.489819330132,6.98040588199297e-57,4.76300134242732e-37,2.13208698608594e-48,3.83583201697803e-101,2.61016136566039e-17
C12orf39,161.368206015789,451.819809884344,9.5213721030137e-14,260.428388865288,36.193064541632,1.01034617326078e-11,718.462676422614
PLAC8,0.149282812482081,3.1831854769602e-19,0.0592476463871095,0.0398357137019353,4.62114228305308e-12,4.28004686543507e-15,56.9158473001847
ADRA2A,2.57810038356441e-08,4.6645371591895e-16,9.39469897926109e-07,5.85838264312154e-16,0.678719411108338,2.20943874527775e-07,1.05504757530879e-06
GLT8D2,28.6920565593371,7.18113824145735e-05,11.3618113518173,0.214250532268641,1.4409982705873e-09,1.71082027177607e-19,7.78029045291068e-06
PCDHB11,211.746490175256,7.92153925311447,104.532466328999,32.0323584086726,9.51542106469621e-05,5.43981328488052e-08,7.50699512524148e-20
BCL2A1,2.70435229834984e-12,49.8302424002364,6.2611439342693e-07,0.828177086298926,0.00281197902107517,8.64524643300108e-14,74.234125059512
CYorf15B,1.66967350358207e-21,71.3898244047927,316.960807622152,3.57662672380122,162.200000832334,2.48604559696439e-13,2.05679211870908e-23
CD5L,28.0595934491403,9.80048546047293e-27,105.687930000247,2.95145568781096e-16,4.72889678529784e-29,78.9977896197079,9.50127925191639e-13
RNF212,52.1490471447066,198.582206373708,108.342882752611,661.881476352705,1.45164090763383e-10,0.000115514757576391,3.9316369852242e-12
KCNMB2,4.29554452816906e-27,440.007616426285,5.03487253330982e-21,701.591518473389,1.14471406259803e-41,1.40406466663947e-80,170.513168316455
ATRNL1,95.2343274442605,534.918123797629,2.88046842205976e-19,1.70338938661316e-24,147.802793134127,7.18376807058536e-24,93.7435407726579
PCDHGA12,8.87053988932734,6.36426427917654e-13,0.00270438284714283,9.15407431689935e-17,1.08948589624815e-05,0.149088297480271,2.11165955582707e-18
GSTO2,89.8682763402105,184.324069168446,14.5508302042002,654.93634982037,589.360775723662,520.142758068424,2121.68251283075
MAPK8IP2,4.40537705882928,46.3165305264128,1.04242358768721e-15,385.715647165674,17.0227509013405,0.680714032592011,0.00214565366739393
PCDHGB1,153.208808608409,3.21035818009259e-10,284.509511874379,1.02408911219338,7.01531740601381e-17,0.00302111009226138,2.42580272248747e-22
SGK494,232.323562788368,0.0510242443523704,242.943470673341,3.6626768856526e-10,5.5152606128501e-21,0.00538849021732287,1.38847168218858e-18
C2orf40,3.01187219260099,5.3545524596438,74.9662377893811,9.21592452727698e-16,13.2577310180949,0.00072714906805487,105.741560143225
BUB1,27.5096004517144,109.001009492772,1.16268890374843e-16,24.0203827422652,312.486728071189,409.737368354987,1.332592534205e-16
RGS9,209.899680498734,6.37481918706404e-33,398.794955776124,486.025493014774,1.70620451754147e-24,1.38191844468741e-27,1.61067373092167e-31
MMP25,14.2282936069445,24.1086418064511,153.33669913733,3.64686959254552e-11,0.102669525205997,0.139502400201008,0.00043295323357218
EOMES,0.0853239384212969,1.53857581740456e-33,1.68184486735172e-10,4.2235639663721e-20,1.76465160769915e-22,2.94080737550815e-35,1.04962653646596e-27
ELOVL2,1.15813226659396e-05,0.0585688205310541,238.017475098092,405.811795615796,2.43702285487632e-17,576.685038280109,1.47712050004679e-10
CD22,0.000534808423231905,574.678063967029,228.515871664596,1.89900361618984e-11,33.757258135267,5.4886670461072e-31,135.875850981669
MEIS3,9.30541891747253e-06,3.3674830594261e-22,165.600837633938,358.394503207057,251.932839177838,9.66673240485194e-25,7.81564538244377e-27
MPPED2,1.86237168978541e-11,1193.29915698878,98.2630954347918,5.35181762249117e-12,2.42323393686087e-19,2.42291905337364e-25,813.081048369158
CAMK2B,41.6052823178762,589.002641763783,8.18651760056303,2.98271734266602e-17,3.6861471382493,1.64346215660881e-18,386.485420778374
OSTalpha,235.856034438455,5.0654667450038e-33,200.258501639658,1.10228161806029e-06,4.21570880073106e-24,2115.06221799857,2.95088374281501e-14
RYR2,2.63865162016116e-16,2.90630426918503e-07,8.07707610552847e-19,83.7114170034699,171.356650476479,1.84011380029735e-15,1.7431703033371e-26
SUSD4,1.1208832976411e-18,127.508934244529,0.000183550580672707,2.26642294081539e-16,1663.53184199402,2.43444640051015e-09,0.00928515855129947
GALNT5,62.7808075941028,0.118899225328655,5.52245379705727e-25,2.32512141392737e-21,307.019018229468,2.92436063211549e-18,3.07307752555855e-24
KCNJ5,17.7805476843854,42.7224907853157,177.162657317665,7.42300116375319e-10,330.228686215722,8.31978005713665e-06,1.59772791502235e-05
LOC654433,3.12494600252368e-13,4.43595584500824e-22,104.317780838274,445.445593361876,66.3522268405725,9.55565899935702e-31,5.91370299542904e-26
SNCA,53.3857636835357,911.017771061969,14.4687145926669,248.906871005615,3.31034516443023e-21,2.84098769799142e-25,0.0202725928611753
PDE8B,0.0214819394810842,191.781895849492,250.0594621241,1.81443736778636e-06,725.492798098167,6.5938250149253e-10,21.964090220595
ENPP7,159.374955066441,5.98360961012226e-44,4.25484260610048e-20,3.15756478189442e-16,9.60017913957096e-27,111.980436079046,1.73176570055575e-15
DNAJB13,2.51022367405064e-13,4.19151356690059e-34,1.93213943248203e-18,110.128182831495,266.867456989502,1.3480814462216e-29,1.15109127508926e-29
AREG,9.17683049419468e-08,32.1537796665902,570.297163463112,39.0104516648145,188.683092332013,1.83105037543286e-13,7.54157474276753e-06
PPFIA3,15.177987020548,98.9872628517175,243.529956671534,190.418461617534,5.74650990808593e-11,2.86404042218589e-05,263.614060625265
TM6SF2,172.12422450587,3.39883588270792e-36,8.98366795003088e-19,8.30312379124439e-20,5.02519339756675e-21,345.312507188645,1.21114627618788e-15
MFAP5,5.02549772325912e-10,7.16448810558744e-08,0.00142728104312858,8.09001641464649e-14,4.64139584435632e-12,1.30818686272188e-35,0.000500916671137359
PCDHA4,89.108886971084,22.5184519414468,4.26145508960415e-07,237.080805324271,112.919077052055,5.14508690128806e-36,3.82642414810636e-09
FCER1A,95.2837335548491,3.6530789217754e-15,2.25891717514055e-09,525.821844923741,0.000115288994327538,1.02010885893375e-09,74.9589046243373
CLGN,0.000473498032281774,643.450246220745,1.61254152243814e-28,341.765883376181,5.27416709312745e-20,52.776578489879,179.637349582862
ADAMTS14,1.22445993747406e-29,11.9864839844015,29.0899338997637,1.11977320069869e-12,68.4518045109597,2.08599658581284e-18,1.11241981917889e-22
SUSD5,3.19484377423658,152.807451666355,0.00022039718875886,1.05815822368872e-12,193.064514294892,89.5627673230235,234.741357634586
CACNB2,39.4604428897969,894.67655035016,389.711141790469,0.000154846369487458,1.10793152911786e-17,2.73397182359328e-11,57.8823845454331
PLA2G12B,185.168213265907,6.2054306243286e-34,1.04410377913782e-24,0.000300808636751151,2.8329070572455e-13,407.716524952697,0.0123345253651001
PCDHGA7,104.869092947099,52.0331346257605,3.55653119412479,24.0681059190357,74.3395519048738,25.1260039307098,9.15590494636806e-19
LOC100130933,29.4287552159469,727.824890055203,4.71834691082905e-05,793.497718145205,0.000684678174513755,1019.95353661349,1166.18187344556
RBM20,119.560186032817,214.007220198099,0.0463074923971097,6.73450067504694e-07,0.663160877376022,123.010514727624,9.40824500441864e-15
TCF21,17.9964239292535,59.8387805344256,228.506398838667,0.000756723118424375,169.541364994361,8.81023156786519e-09,2.57767405163737
CBLN4,11.7747813034549,5.2747937183242e-15,43.0074455887362,0.000212843913481368,1.06111078865557e-09,7.48218235687605e-21,5.60538133408471e-18
C3orf52,17.1889259200408,420.56029185098,223.678464916469,8.30174146206582e-08,1105.292370622,1202.98752036014,398.804556251749
LOC285768,342.14780755807,2.18654159306307e-25,2.55435174560483,1.96456247458487,3.01555989099063e-28,2.26735175785366e-37,4.14946414810409e-25
BIRC5,4.36478625581556e-17,0.00019235762063783,6.45447007583608e-17,209.21238044532,307.804395379544,223.377572676431,8.03003589894513e-12
KIF23,42.4144119822399,51.1315232003976,1.72413981712937e-09,37.9465484148271,418.89386760472,136.865978613321,8.10872192693501e-20
TRIM7,66.6484411508174,159.186289797096,418.153847048589,466.458458076154,1.23923585487268e-16,8.14070408591643e-07,0.686384824019446
TMEM82,232.937298280811,5.54536361045875e-44,4.03329294104435e-06,5.96448733461332e-15,4.28896131063005e-32,492.834901061884,8.32862872474461e-18
DNAJC12,52.1030628795622,68.2274560226546,62.83150836721,5.8167105615388,48.7078054551136,126.949974447682,7.12748385654307e-14
KATNAL2,48.273720438035,1007.93758666407,100.144105254941,0.000436378181868581,0.00477917514276178,1.5899974220057e-20,498.952502525152
HIST1H4H,222.135733900918,0.00193515454583263,28.1235947911,133.873973316537,5.92362423504984e-19,4.72356906332899,7.50711587631986
SPTBN5,2.74505812377019e-10,0.00702330147984347,725.746638309636,0.000989930918793091,263.897023515609,3.79741275189675e-22,2.23129245495242e-20
CCNB2,3.02544486668705,33.8230527493024,3.19260277207397e-16,223.791197885049,308.820489444098,479.106521119745,1.86218565232182e-14
KIF2C,0.0117130530712124,30.8916264868631,2.3085963839076e-13,162.457366498601,325.712853771955,217.149661543496,2.81804436978334e-19
LOC440957,45.7666056732561,6.93271238965153e-05,7.32891993046377,367.013030993158,59.9233325992986,0.000510119057559201,3531.84482435834
AGAP11,63.2343534937694,1.02886216209163e-08,875.423980421946,11.554341144374,2.18676770441895e-13,1.42984473505588e-19,2.78187671939056e-21
IRF4,6.36606402683403e-21,1.48529554872409e-15,0.297282154122086,5.72480205964618e-11,55.9291130350681,3.3348829996221e-12,7.22586584849712e-27
SHCBP1,63.0488152631559,84.9802205143431,5.52336543892173e-16,0.0223978355357264,284.411289282801,201.82089356557,166.13898790834
GXYLT2,9.47409098092709e-11,4.17257497876736,7.56370542926505e-19,389.116973405323,84.9183929128407,2.92836892914545e-39,1.18387600180166e-15
FUT1,51.7381560819746,722.37603301544,299.993130598256,1.85773906021655e-05,1.26503139131796e-15,0.0830773699424767,588.578321076795
DPF3,198.687090819131,3.43296197050741e-10,465.120166109733,6.39669633660044,7.08004248354995e-22,1.74251717187134e-10,3.46182481648351e-21
MREG,87.2476494558851,588.364859027512,199.619913853887,33.9630712145432,902.928962111524,8.07452155284435e-20,1440.94005815814
HLA-J,45.0774851480766,9.94412131583133e-25,199.553876168468,4.78891363144613e-07,2.61636951209865e-06,1.5509963391945e-34,4.22483820607742e-21
SLC25A34,285.817317589323,4.29718395315715e-13,122.333379582308,1.81219349530287e-12,4.57464841524857e-21,1.61269211498988,2.52261962140178e-07
ZNF471,129.861084949003,187.189472373159,534.423432260395,0.0649134460468718,223.282028798156,150.154501698421,1.72010536542151e-18
HRCT1,60.6731320263389,8.79326360557269e-23,2.46130174928733,154.55258958077,145.125433441306,1.61694489836183e-08,6.73477677956739e-08
CELF6,28.1479217435159,151.212390610537,691.920026163353,0.273109615901433,3.3852211923872e-12,1.33115459563627e-17,1.72564040156266e-21
ATAD3C,42.0349434945566,45.9657166881688,211.239646093099,8.62532659009933,270.128224681161,6.35819133230721e-08,0.000192679723256857
SSTR1,199.463457750167,38.0177217525966,7.40746285589226,66.2818791932982,7.14600508980361e-05,286.361291855827,1.38371604048517e-09
FOXC2,13.4214068143357,2.24155027820379e-29,557.27026476315,0.003458916337699,4.97137662802665e-09,3.19800778664127e-17,3.85692252742043e-18
NCKAP5,254.726717924091,875.206467968746,0.723504244648505,36.6132108337772,3.61726866904645e-12,1.67711095536479e-22,0.0224967728256974
GSTT2,9.75177998156154,219.197355935887,245.387799469724,694.240995875952,19.750888205769,1.79377933992055e-20,335.293795445074
CCDC74B,34.8605520063962,3.19321256723744e-11,111.651730859584,597.807572689764,277.307425520276,1.12008570841418e-22,5.20174441476642e-21
LOC100126784,0.0154308381802106,105.777546194156,84.2975868096469,4.23280584704675,199.109563096236,1.25363832418879e-06,12.7205173479497
MYLK4,221.014834975477,35.5928267017295,64.5070329748881,9.92993797592105e-08,0.465478355628094,2.84806397030146e-06,3.60216795220843e-11
DHDH,177.605101926017,6.9123913733986e-39,244.387523130553,85.3213745947529,8.321586836068e-24,1.37256664707174e-34,1.10354864744509e-18
ZNF486,148.336204903581,128.210582755505,1.44450765317343e-06,0.431750020197622,520.934347110665,8.01621489912676e-18,3.58780618981129e-12
LOC145820,1.59845278952704e-12,2.24342697071784e-08,1.88229084607919e-05,1.7905770218395e-08,45.3740897977602,9.98561047250112e-07,45.7130734143228
CDCA5,39.7807295716849,42.4629066962238,1.54765643347206e-13,224.564087649601,278.383846246005,681.785280896343,5.0413733060172e-15
MATK,4.17606265070931,30.6721076718608,85.0282042067131,79.8082161334683,1.23809011791919,6.33274041849253e-11,46.3029029502566
CCDC40,70.7892053718505,35.3726899581263,435.753046444881,34.1109887598075,433.343925011032,1.48845869822991e-10,7.80418376748778e-21
HES4,1.40395240099148,3.19340196859696e-27,527.164142986466,581.690697042896,8.71004830665772e-15,2.54083745394991e-24,3.57329212324739e-21
PLCD4,99.486724695228,605.203482557829,177.597194058948,5.86077271085688e-06,230.268869598936,163.256606248543,302.32928654492
MRO,152.767782762348,146.357962115027,3.23281931820697e-09,1.42679200952561e-11,3.12943955129645e-08,8.41976108074062,2.064124997035e-06
SESN3,196.336727869744,368.447728239812,5.75309399914744e-11,8.73032640963853e-19,34.8498163591713,0.00468115204050043,2.10248019094602
TUBA8,173.546130190894,54.8898915901431,0.0150241444914387,219.170846494635,8.44737430203972,6.12754389193228e-14,6.46833485324823e-12
MARCH1,51.6245971292106,440.587445366858,1.62844500119087e-09,1.68448088018996e-14,1.12009093104446e-09,220.052717888144,18.1086645569446
SH2D2A,2.34440801756301e-13,4.3365938529658e-26,74.4823653171859,8.54070148166075e-06,1.13706348404057,1.4845533551137e-15,4.53635978088802e-20
REC8,1.09889644210439e-13,45.0685913910383,434.586543096746,0.0511859397358267,465.251745443304,3.61886198561819e-06,7.47869904242238e-17
NACAD,54.264034262497,424.541673103018,31.2609094684417,71.4729101426214,446.43823261999,1425.88310183227,0.479621373167186
ROBO3,1.83195708412158e-18,2.24451811517296e-18,352.086140390176,416.770403923283,363.608366547131,3.79677753555115e-10,1.83967736111522e-29
AJAP1,262.421770798945,9.86941606769411e-06,33.2181456476093,0.000140285630784585,660.736164697836,4.26928875173892e-33,7.14898375808953e-13
PLA2G4A,0.00563897742395676,757.258496142537,1.51612853276115,0.00176112121462579,170.548843964055,4.52787671504564e-46,944.590100774357
PSTPIP1,6.49084879686428e-11,1.09969402287964e-25,159.143895551575,2.16124930412102e-09,1.75324483516685e-10,1.39612236940276e-19,8.17335498391402e-22
ADRA2B,63.65959011237,0.964487870487285,579.945234761329,98.1983146011169,1.36769649937157e-16,9.63065787366008e-06,146.456171277304
FAM83D,33.421418356123,0.00354057465431081,1.27628631342446,256.435786846359,296.692956731354,944.152772671534,5.61818141041677e-19
FCHO1,7.59703124168271e-18,3.34349328139721e-29,3.77224329686502e-09,3.32310698353989,413.827601138972,2.6467873924627e-18,5.90322103548619e-27
ADAM22,276.309432231679,236.3990664451,5.10785936372386e-06,0.364150551351823,0.00867931575259376,1.71670817190166e-27,4.75620589201202e-19
LOC440173,205.245312361409,93.2642033616364,184.924421670333,707.38851715661,31.5610552600387,3.82119417932473e-19,1.02161747103546e-21
LILRB5,1.58252770123814,24.6464423243563,279.938037012764,1.65739786353555e-06,2.57600407889918e-12,149.426260406708,1.24929504920732e-06
GOLGA6L9,0.434036761767839,195.589158747585,572.370324500383,148.9111471496,304.617207241181,1.42710731884309e-18,1.81481319810136e-17
ELFN1,98.0538958567364,60.4534956756525,118.203335869878,49.7165057270845,123.559367743031,125.930327720365,0.383715178950842
PRRT2,0.1059881995189,1.05459411027815e-07,661.278527127421,63.7970962470897,0.135483688813958,8.59177492553904e-22,1.03677430763131e-25
NOXA1,146.021626356667,88.2983190144009,563.310055992744,257.66439406052,4.41838057830074e-08,6.55602575510928e-06,773.967923770369
GNA15,0.00323189772354513,0.00211965532106371,132.99136956462,29.0566481027779,172.913129692535,1.7996580304626e-08,0.0283040058619231
KIF5C,20.0834008379199,55.2096464225672,257.353401919802,0.000518712102305806,0.00673020008996058,1.96644557994018e-06,9.51368853735648e-13
TMEM198,199.900924651953,7.12618081001994e-07,183.050821532905,200.880995418789,0.000159316028789598,8.67103951856751e-11,0.00480620996898642
POU2F2,8.42914527841453e-05,9.4758805579559e-11,131.516014584983,4.97762792479148e-05,0.0713333523448737,2.75334227858834e-11,1.65753298281534e-21
EGFL8,7.27479244035482e-16,1.9246404019926,612.939552514978,202.606425537506,252.896143962113,3.04423799321058e-16,8.00937432156338e-17
TNFRSF10C,109.934794894819,97.546361627187,43.9378434696922,0.00324255028319388,899.730170545478,177.070329120385,485.35848124812
ARL6,146.26958770878,597.879005201078,0.0453146150131505,705.610508181034,1.1176830707796e-08,1.23596582742366e-11,1375.79057766207
ESR1,148.102920010078,93.7925620186071,70.3652117124494,68.9535450160283,110.442174542929,361.519138278021,2.39814716805342e-08
RHOH,5.40974179959536e-07,1.98315938006555e-25,163.4933760059,0.000250033021262651,5.79604601213699e-10,4.004831111735e-06,2.8423128826306e-14
CD180,71.2028552107625,117.522483271358,1.3307653921611e-10,1.27279992571636e-06,6.6984144780657,8.60276971806813e-09,0.0300669275068268
CCDC77,106.486313029228,165.047993657812,114.987585441781,183.50989235162,276.821389349454,142.854483856897,0.000161891860638112
FAM13AOS,0.167665287048496,1.78006563601221,697.581938550742,11.3132821632255,196.406624295064,8.60348739136075e-14,6.76927090215497e-22
KLRB1,9.50059876873935e-08,3.22721751978499e-28,4.61138879193854,317.837101076986,3.32577521927017e-16,9.35251360089616e-07,2.15959315403189
FAM173A,34.9076626846037,187.672419642284,108.947522287183,286.713850007783,0.121677253831412,337.274590379448,1360.05577484947
BAG2,93.3880227117047,173.516440186382,1.82829687789408e-05,354.439044398733,307.995798309409,301.113831616452,82.4971757847965
CLEC5A,115.102108996898,5.68263922640117,14.4712653339355,0.222003814746274,113.918340929857,0.000474626062828733,1.81915239601635e-08
LOC143666,70.2823210661111,1.1399935716221e-05,497.111181071513,425.489932025899,2.26639357338308,7.35271180631633e-23,7.69318179793196e-21
CDC6,123.517232864546,0.0171148609456896,4.66845284388531e-09,79.3717245735115,268.59410128185,263.420312100534,3.97998502243331e-18
MC1R,1.31066633643272e-16,207.215668495042,365.706388447104,140.606403589043,594.251195568736,1.84740407477758e-19,0.0177797984276732
CCRL1,145.356745919892,162.121436764199,5.49614585451234e-07,2.84017361647431e-09,1.05961100658938e-05,1.7446379442916e-11,125.264026922733
KIFC1,43.4262117411805,0.00025491313691133,1.10237011351511,282.697097360155,285.869601178743,541.412528448843,1.61865380204287e-22
CCDC84,0.000516097731293839,164.838459529058,680.041079586922,191.073480043119,269.309891614911,1.73917081749812,112.5427778201
PLEKHF1,16.3243017707332,320.314307985598,137.724497115629,179.435495939049,14.3997038901664,4.7124393004239,839.435180926914
CD79B,0.447280225322425,7.13279307987327e-14,392.224815692951,319.237345904384,8.71847276172927e-07,8.02342179676691e-05,0.945507868889272
ZNF300,8.8213902766566,1.07607938507142,426.588791265037,384.217596296419,427.199754598286,6.66827367802228e-08,2.79521289533007e-22
FCGR2C,1.68866240209308,0.000761721429906312,88.3507344558402,0.00354757308544025,0.111664606619432,143.627724579934,1.74501817350349e-07
FOXP2,197.026175367391,173.636875482547,0.00253131691445054,75.8237488436668,1.99490127390124e-09,2.52654217577153e-15,4.16265287655099e-23
WDR52,10.4746644493702,0.412479107177773,680.274824583696,3.05169273360113,294.776761965325,3.02444431384379e-08,5.23047895264144e-23
GTF2H2,208.531329738331,0.107587044882115,5.84840534143035,292.928299009075,37.109017044496,1.31277989432199e-24,1518.61099742906
TRIP13,60.5047953362026,3.63366080418646e-05,1.02965967664009e-10,408.247066158648,342.740655055961,160.74855818897,3.35129789292817e-22
SOBP,87.5188810285294,47.4118750338342,177.084018150722,0.0021374379139227,4.32480815217827,2.30839541166271e-09,2.04395337030622e-14
ZNHIT2,29.6789523941389,80.2331554019266,244.020464591173,436.704874871297,37.2836948379593,199.533374275683,617.236635448818
CLEC10A,49.4309067766621,1.27579171352227e-08,0.546053559234971,155.792971163949,0.0248291989293077,11.411131554949,43.4858770941489
TNFAIP8L2,1.95413459210594e-06,7.37927207146865e-17,1.33100556769961,3.13706512123173,4.64283629990941e-08,1.16956779311253e-13,1.44828440278753
PCDHB7,97.752631529147,0.00318836781750094,175.31388002573,0.720537058249225,33.9853651014539,0.00151184607300192,1.59303231543016e-10
RUNDC2A,400.084938854942,272.553083760193,0.000964519347680121,8.08632919444317e-09,0.00188185190174752,0.00112965457242655,0.0909444205722493
FIGN,166.604503557075,2.63178181692186e-08,158.119013005378,91.5034634269801,391.602801465123,1.62104662234845e-15,3.50302015519389e-25
SHISA4,66.7591552455237,155.874728237941,0.0156810661780383,110.259702501975,542.323279621738,287.875062621949,528.223346446653
DHRS11,220.244404946757,409.061463815883,2.4778483998568,37.1304703090649,264.825108436757,320.597498186674,984.091602352829
CDC42BPG,225.224216988858,405.777433236488,185.840059858977,1.44165479824376e-07,835.949053358304,269.415202882872,0.869449917619091
ZNF469,45.4450348835364,0.0203801007849674,49.1483870284747,3.22126788216618e-06,0.00348826252231544,6.04403687280161e-09,1.60882439977006e-18
OXER1,76.1841986991467,1.68560631433827e-05,430.123855331815,62.1272568770856,5.66258663699657e-12,1386.28617468505,1.56795857618591e-18
MARVELD3,300.181374539003,142.401081880643,0.000154703534495434,0.000185485023564372,276.308725703882,257.669605584023,293.003420696049
RASEF,315.288083374348,109.26135417755,32.1701873667928,0.014857494817317,238.914185374282,2.75605725743836,4.17863687952439e-14
GAPT,89.8814481664397,2.81191592095091e-16,1.26232182412725e-09,5.64651079166466e-09,1.88572954965918e-10,1.17266459071134e-12,7.26422016759037e-13
ADHFE1,204.329440069816,373.130663947696,310.735870524212,57.2881730322222,148.585214583753,1182.40955105058,132.174759957566
CCL14-CCL15,237.364551826055,6.94940746357676e-31,1.45236815845947e-06,259.496425987867,1.10180414014714e-26,638.770315137514,2.83965068227809e-22
LHX6,2.64074234834241e-09,1.59710382666954e-06,161.868156859179,0.0758026606073666,5.7041508645627e-16,0.0197039011869725,0.000497505695136783
IL21R,8.85694922669413e-13,3.67228977068626e-24,1.18173331058916,1.40688984734774e-10,0.0120648114113356,7.57062757802155e-16,1.92910060102623e-22
PCDP1,158.626766891287,1.06829487233588,5.54416595134419e-10,25.5702961482861,411.410609278637,3.4061470646257e-12,0.404493496483174
LRRC8E,86.2345538599373,64.5181262538288,0.00910281176138168,1.24274005116971,682.392077157528,301.928690991976,0.374973894552387
NUDT16P1,144.26463079764,562.093655594795,7.20789053615908e-11,492.481959303866,177.020111114973,419.839840456688,1139.35218579564
C17orf51,146.294927361914,416.914353701625,0.354870916202365,0.182588876158668,368.017107748714,247.461312725501,0.00105347561067504
KCNMB4,101.200982873137,35.5156824425646,0.71514007023169,2.61506331538026,358.718173530152,2.89341171912811e-30,359.170484742251
COQ10A,119.86045939221,522.113651947323,161.828044792033,131.04194402683,263.241149232664,2115.62744356178,1024.01536106642
CDT1,26.9208767632396,0.0902211575910577,3.27773016786497e-06,737.38085712632,353.150363187394,358.162166979024,4.0393499971699
APOBEC3D,6.76747374668125,0.00846073575847701,295.060873353988,68.4414518154404,108.762483911859,9.14159828150885e-12,4.55446597304285e-20
LILRB3,0.00283279803013625,0.000382096484675945,170.504699010142,1.15231947051062,0.000758899106379746,4.56670126418556e-07,0.001196562382871
EFHA2,89.4046290269633,461.11763610712,186.75080224728,444.926630845975,0.005217326171746,7.82835966290523e-09,699.835649321258
ICA1L,94.7674527853744,62.7600134010322,476.210892181526,196.517446239453,187.220520006936,7.25197525045133e-15,2.15170478137874e-18
TMED7-TICAM2,154.909724613699,136.09762508294,0.175329122775459,17.4547059895545,184.925429625984,7.43345173456732e-06,4.84259252530949e-06
LOC728392,4.57023120572436e-05,5.36737782150564e-10,352.286103232699,169.309695527329,173.613517484552,2.28852494455341e-13,2.30242251997677e-19
KCNN3,121.082983866085,136.760305267189,121.871130743318,4.56424939272226e-11,9.90779575280143e-07,368.596777350461,9.12387068035664
PRKAR2B,74.5927705768257,182.090211451461,43.4592186042254,27.1323230744377,391.757371534183,1.25632141415911e-21,86.4895663647258
LOC100216545,2.07699783641122,145.563692710735,528.97157875484,448.442277615812,0.00165400211060251,0.000309729244370749,41.2067830895816
LOC220729,77.8510599307371,780.838975258474,493.629581731785,68.1111499098841,298.462171364462,130.901585438957,294.644502602564
E2F1,63.8786771742964,128.086311570909,151.706381828213,270.046418558911,303.03780712498,705.432865074257,306.90476724923
HCN3,132.36310805827,125.726324740673,484.816980644987,39.5266939523657,0.109240728314459,0.00146595192871377,7.4194054646041e-05
C7orf13,92.4416139436801,136.66501602478,150.023973942589,764.811540728414,174.891270754511,9.49951182829048e-11,0.0538885831054757
DTL,174.101403728187,0.00170007087559047,15.0114914713819,44.2371115441881,256.704110686246,302.874793415513,1.5933869199606e-17
TTC39B,259.915836904305,714.344083674412,102.812287548359,0.455071488425714,2.35333135118111e-11,245.543312985205,220.214946564366
MST4,46.0938293332547,350.610348386321,3.52180334057061e-09,487.45256857411,147.875391910733,241.496106288993,1.53250855912459e-05
SH2D3A,87.5216750449971,139.909503507176,224.127691588925,190.800478018166,933.465544267474,2.28347268656534e-06,349.172624120089
ABLIM2,61.1082500054622,21.9409818031978,4.2209034171716,0.890515328873964,205.689001331337,1.96675781490313e-14,2.10921649449428e-11
CASZ1,95.3683298907434,704.510688018342,330.629111891615,7.92986227397227e-06,582.36312734971,0.00768758142291562,0.0595681800518793
TNFSF13B,2.72210509128299e-09,7.71114855471023e-23,5.97032290005317e-11,3.19726333429707e-07,6.11529863370374e-07,1.2238430994341e-11,6.05850345065095e-18
GOLGA6L10,6.39358879999708,253.415984968653,659.651901175539,64.1847465689789,240.671427306333,1.35022393879426e-15,1.4688700439197e-20
AGAP2,0.248205548564888,1.15430383172131e-05,391.313190180092,0.0483027404157323,1.57809221582493e-10,0.00134751561649997,3.27572933558866e-15
COQ2,74.4797519992018,766.136381528974,0.174585478974512,53.7853439684464,5.45457078405976,708.325789631275,775.019857378834
FIGNL2,182.635099114705,9.94354947531247e-11,332.819597986707,0.443637354115356,201.901714742208,1.84360098695579e-13,1.64694290428852e-23
LOC113230,86.4758066108708,193.017896002169,325.19752789879,226.148167957902,1.18101471965048,534.066994238015,293.806391895369
PYROXD2,197.266045733911,54.643245433292,299.449814544095,91.365290911511,269.612615437273,1.35088527349648e-18,3.77447087643843e-15
GJD3,17.3333639272643,1.05418558205461e-13,213.760789356772,2.53631861142546e-05,0.0148693774409859,0.00106229838684604,0.483876845156836
KNG1,5.23264926117713e-14,2412.98968561382,3.30949056222653e-51,1.24235332635793e-43,6.83200040186631e-12,181774.388200505,3472.78489213252
CYP1B1,0.871206676096429,1314.23408868464,1.39064743059127e-29,4.33246684011015e-30,6.77904525154865e-15,3.88813888582739e-40,4.38040348676007e-12
VTN,9.62612803212606e-33,4.77248953561433e-22,2.30369852123407e-86,7.25443895834901e-40,5.35592784975905e-59,177741.193213789,5.68655454418188e-17
TFPI2,6.82314827714148e-09,239.411635693544,2.31180345053482e-17,4955.83581288452,12750.1889079958,1.71490230248508e-11,1.63351920526481e-31
SAA2,8.85415233891663e-44,6.84261613888225e-43,3.73899884737049e-60,3.03318682726333e-50,5.99904864217924e-11,6375.58751228889,1.08122894231962e-49
PVALB,4.94108481200454e-74,49.6962069757382,3.12113478565502e-56,1.68953903683482e-48,1.72597316277266e-45,4910.65687629899,110927.63500095
SST,1623.32148401063,1.64330833683111e-37,4966.33872955715,0.000996733576480998,7.3668060148577e-29,3.51590339455696e-35,8.85199810829434e-28
CLCNKB,2.01328572574801e-79,16744.525491316,6.52724819070502e-52,7.64550418770987e-55,5.00874308519488e-51,2.10379183208688e-07,74395.8072650924
ATHL1,0.0811811961181812,331.462879575428,14063.1892279994,8.91388703947516,14474.6168935364,3.08500232876612e-15,2.16946740948043e-22
VNN1,1353.33170908122,6.34157189033356e-51,6.04459639748943e-27,2.08902778177911e-26,24268.8502618042,5.88569982803412e-10,3.37527899444904e-07
MSLN,691.87351390569,9.99851383592419e-11,3625.26990299638,112.859310197301,3377.15136195259,5.83668088926909e-39,8.05249670076129e-33
TBC1D14,1483.98081709546,36767.6447657548,481.528538940875,0.00682849776630724,2.98163735513676e-12,5.90335328889628e-16,10526.3261536915
TIPARP,1600.277624971,707.272634722619,3494.44029753168,3859.13428571523,2.03520323288737e-07,1.2278443204226e-05,2615.40480315745
C7,9.43146121008206e-08,3064.51490458562,1.43000163139821e-08,8.23705728774042e-19,4798.09645456939,7028.16646322819,1625.95742291475
OGDHL,2752.33012294924,28056.8275510023,2.48047855971914e-17,3.2600621109371e-18,2.3589654168339e-10,5586.72916500279,36728.8109441352
SPOCK1,774.433201679589,1040.58151926277,1.32465088730946e-19,1.22009614704391e-13,275.089546004862,9.78672387997558e-20,3.80886333312758e-17
CYP4A11,7922.53304179776,5.19772009254352e-56,608.927838797326,8.03278374473306e-19,2.16095812502357e-51,7674.89420268423,1.64098212021003e-27
CYCS,2670.87458395491,12826.6537429811,32.8051283324204,4834.29621502541,2.03960207055784,0.789918933093911,85675.9512671262
LGI4,988.111312699673,1.27263870869883e-28,630.229343616753,4425.96869586151,1286.02896256268,5.44169472161414e-30,1.8341329809576e-31
SLC34A2,101.58046578785,0.000175146213605056,3.45912788190433e-34,1.31800919546382e-27,8894.51562841999,2.00618489022801e-09,9.43349396337265e-26
POSTN,1.26633823578098e-09,7.79163461312985e-31,0.00215777202397556,0.000879309684326587,7.02676095318722e-19,1.19299425497196e-25,1.26357542840724e-19
RCAN1,5838.28112426895,4.95352879756697e-10,15472.7240741736,1.20309523897239e-05,2789.14704040972,28.5483171513578,598.043448795098
SEMA4B,0.00444604985320172,0.440198604605988,4842.59187076652,5394.26681202299,13328.9371209467,1.54336620787092e-07,4.62114283057136e-07
ACSM2B,9367.36253009444,0.0658214804555822,3.2486321482527e-10,2.18811649301533e-11,2.45072733986805e-27,5347.71994530439,2.56277785867043e-14
UBD,3194.8434533114,2.64494295125766e-36,1.73720410784977e-18,3.78254050845322e-18,2.89759245336053e-27,6326.87934820246,9.60232024000759e-21
CFH,5.08110207109383e-08,8.0387905588512e-18,286.554303190793,1.42912128431541e-10,0.272807444883943,85932.7251357245,3.60695413510609e-14
MME,6580.35706476043,1.04106670821729e-25,0.216723629943114,128.685716921592,8.88984649719637e-23,4.00270712037376e-31,6781.6268125468
GSTA2,6739.36447626957,1.30014868591055e-38,1.61802568963162e-16,0.00221490655265164,5.15521799409996e-23,45720.0724679573,0.000341222859439069
TM4SF1,82.9165726338328,3.09360477601825e-27,8884.6884111419,6568.47613165006,29533.7490584832,9.09047729765377e-10,0.000402961181786519
CYP2J2,7974.24705103156,1.43274355673449e-38,2983.52501591962,1.41037432038943e-05,2.14530031705198e-26,102.235298525213,3.23462945536531e-21
NDUFA13,1273.60481917953,1.76892514288003e-19,1062.65594157526,11962.1779425376,0.0601623950052757,7.93515141603123e-14,88526.6889792177
C5orf23,9269.1207949522,6.65351809546783e-29,4704.68168946354,20.2559798397698,1.00997430461782e-30,6.00307419322055e-39,2.82969558641898e-22
SLC2A3,0.00686739014259255,6.41307461144603e-22,20455.3765621413,3472.87161163981,0.00346870665889902,1.44504171560128e-29,2.46514167012772e-23
EFEMP1,7.21866798410534e-22,9825.92910138935,0.298818146024803,3579.10693609155,10720.5475383715,3.41656420754835e-14,4.84350921278105e-12
ABHD2,4053.0814609815,27049.0090740436,5.06862538684389,2.76317952969093e-10,277.40332121164,27082.2717688973,1590.33512594442
TNC,5.58033802559283e-05,1.31404664335022e-05,0.0238890597743374,3.72840125371087e-13,10896.4579578181,7.9395294934439e-08,1.02107134901851e-10
ITIH5,1390.28534348949,5774.43069884003,6338.38823561966,1.25054930004919e-06,4242.88851300817,1.12407793942325e-23,3.71472428007146
CYC1,2001.53906163967,4.34607886275088,8.15779495175825,13980.5589283125,0.139302932818196,7.30862960750563e-26,85084.663695413
GABARAPL1,2196.07143306874,27574.3835836854,3463.88665141035,2.81715040072143,4462.99795973699,7440.66495019161,14137.8564600962
PCSK6,4562.94153909337,7.60917844797032e-27,4657.20620408844,1.14333942542794,0.000489500272040635,5164.29910973777,5.45773755131543e-22
EGFR,4951.60670847195,329.89561301338,0.0031970652315304,0.668215337809169,2326.29126836967,0.0005888881899473,2.68398615144946e-18
LENG8,2.44458962891727,3909.67472760516,20260.7073679247,80.1283673578491,9322.9258903149,3.27370300752582e-14,3.46449084533763e-20
SULF2,799.908872314304,0.01297140138503,115.423463110015,0.0181815096306854,7655.44418062263,7.69051476824037e-09,1.53312463401003e-11
SOCS3,4.55828638449532e-10,3.95562267009712e-08,22280.3101723646,8.02093481057837,3723.22055579995,2.24299257427976e-15,3.318560748042e-11
PRDX2,4052.41459768631,2162.16555885761,1141.24229093479,7030.23569729997,3567.1289245231,1886.10201153652,81145.0118474519
SLC6A13,7765.52787948982,1.22529600046918e-28,7460.73123532692,8.44561285767132e-05,8.0797016870812e-22,8.27769075016604e-40,4.69092484996256e-20
ATP6V1F,1237.08439619303,2269.26518577558,0.253718422390976,10699.0688208562,7.64280234716723,3.72501018822669e-09,78290.9953773459
DNAJB1,2874.09161647243,5580.35273720011,10370.1683592877,4645.85536195076,3516.25054995608,2952.38614975012,12162.0589912474
FCGR3A,59.0046039062291,5.60206761650517e-20,5.65105352877068e-05,0.00121945084469142,1.79279142878484e-05,9.37928710006675e-10,5.02130889754519e-16
PROS1,3946.82235203593,8.93780956457796e-16,0.0976149928553006,9076.07938809341,1.8663942171677e-11,0.069061485087642,3.91859083028609e-17
CD36,4398.40886770312,6.20604460210266e-18,12948.5468494578,87.5795920286246,3.53347910746562e-28,5.17553059383297e-06,8.93386559072024e-06
NBL1,1168.66088017146,9.66865744829816e-22,1.5173625349009e-15,1831.79820538815,7394.81457405525,2.15087375076559e-32,2.04220639075067e-05
C10orf116,2947.18078226405,2.59103588743769e-30,11064.8018071489,12964.5545832461,1.95012254173253e-17,1.05824577160269e-05,0.837005856199388
TMEM27,9634.51888941418,1.18375430974275e-26,0.0511409619900498,3533.54321172646,3.32065756628904e-15,5.47587415010214e-21,1.93417833939865e-09
TPM2,6.93704945943294e-17,4.10344097998103e-24,754.254590433976,1129.77433634307,0.622338231102248,5.1817281302989e-20,1.57290695536867e-07
KHK,8664.22172469794,1.25600860568147e-31,3825.65040578561,810.150403265846,9.06643240685285e-21,11931.9949408122,4.89528784402926e-19
PRDX5,2196.16002337134,5367.6557060584,1138.1573403714,17976.3920384436,111.208552250192,11036.6090371254,60568.8775536641
FOXJ3,5575.00829710092,5.12183258962502e-08,34.4438057365325,202.424320356642,6823.03393487886,3.62786390511542e-12,2.10415223257781e-08
DDR1,4558.78240561067,15142.1954992037,4539.4387594578,12.588044485641,18216.322354281,5.80965271667678e-12,8872.37271681448
CYFIP2,8528.72771288371,16629.8996784107,0.39499423227622,75.297085135578,97.5164184756291,6459.87682740701,411.764647669017
ATP6V0C,2655.80334056142,17801.362294066,2187.13988756328,439.332015580392,714.637860636426,4361.23613194161,44066.9902762594
ABCC3,2760.45195128138,9.48544259028161e-27,5040.3105419195,4101.64221452848,9485.52689301718,4.80752707367776,7.4351524932858e-28
PLEKHB2,6154.41791224866,22154.2162622346,0.00420640953109626,105.37200649956,1312.43044848605,3.18828268120524,27205.6010140088
UGT2A3,8095.80252403659,3.89802417575793e-23,4.1279329362206e-10,0.111216029182767,0.0683200873200962,8.91733357175244e-24,2.29351664067286e-19
ATP5O,3094.79892643489,0.484839503427657,16.6572851234773,17340.3038535562,0.64291275441317,0.503054772442954,72125.7979593933
TUBB2C,3564.97966653491,3735.35086712267,9959.86234169342,183.459139788028,21069.2538467293,87.1954285947284,21153.4911284041
COL23A1,4087.08059891084,8.42304114218963e-35,8726.28911511797,7868.84316047795,3.89576826028352e-10,2.16817481597712e-34,2.91583894763527e-26
SDC2,4952.74386205684,7630.98750689972,266.421913728335,30.2461430415285,0.247364378987984,0.00428683681621326,50419.2640783694
PHLDA1,421.623615148639,4410.52561204667,18487.4501434557,368.923005085057,664.747243475631,4.96943484001591e-07,5082.67159521851
PXDN,0.101493247875515,1.19244413604904e-08,666.895174962253,89.9572854008457,3473.42096423956,5.964299700519e-05,2.34041589092565e-13
SORL1,4507.61621153945,14301.1696155377,4.47837904801716,1.71923826280087e-06,13634.6392189269,796.806601337939,3886.90869805008
MGST1,4629.09413247427,4.1810318447899e-17,6.76182367533001e-17,572.479455710189,0.817722296595143,17655.117159155,1.99195659074562e-15
GAL3ST1,4582.76531116722,8.41831317078028e-33,27.8635172431895,61.0535055202621,0.00238556704234755,1.02240583527299e-25,7.73662440122675e-16
ATP5E,809.731187690488,4545.5029381947,623.435239931623,10714.322312742,3.80109342659536,1293.00843787295,59545.7642242359
SEPW1,543.310500620647,7.99247162283202e-24,2697.12727053975,15067.6450159163,0.199653506466762,1.20078886786175e-24,63660.921490699
CHCHD2,2466.33096012033,3934.92962288849,1.68072714218516,27157.2521026617,22.8486946226912,1.6660159345773,55886.3454928994
CALU,3191.25399439172,3869.39091409336,9.25769323850379,3799.52030346191,3625.35345071249,0.152519880188885,3148.81724207492
GJA1,1833.72373499496,7.43732046918464e-05,4913.3062802119,667.113004746289,5176.30297175519,7.83519387600536e-11,48.4805577808054
PPDPF,923.981709887948,5886.50931917587,4119.4832355058,10530.1955078907,6978.82832510374,6.91603246749966e-05,18821.332015399
CAPZA2,4419.8395274893,8415.71382007252,0.00198104740200782,21203.010167135,1.60315776472318,1115.30916899879,30773.7107284893
ADAMTS1,117.710622945076,9.46745128028839e-05,16469.2143316703,0.0730860433773324,4215.8700577558,1.84737208045977e-08,4.9280476026549e-08
SLCO2A1,3527.50823561018,0.000413381848382098,6833.16477886035,0.00849940075855388,0.0297129750834994,0.0125411510986272,1411.20087505665
LRRC41,1077.68205216819,0.124333691140508,6848.43579977942,1122.6390764586,5206.6331925171,7.53724228621543e-06,2.50839184808512e-10
GGT1,7614.47580233567,1.98081059882889e-29,4036.01133657688,0.0617899193596886,0.00129394782113139,8.82604989175332e-13,5.05038997567614e-19
CPD,4053.21547267316,6359.44173241972,0.0520582084001596,7.07546586815671e-05,5327.11086232443,4297.54403281442,2838.60569426433
TGFA,3411.81581406208,5.61450093628003e-32,4484.97345279864,4825.87704563755,15674.1146348494,1.47574139698991e-32,3.06583276831815e-24
GUK1,1555.26091070126,1.52009601821018e-27,2248.53885864222,13682.9785678304,2.43421972660175,1.7724755697104e-12,49850.3714912481
LAMA4,24.7810432025192,0.648688769523317,3329.65427015279,2.45485547062162,5625.34531891947,1.27332628960501e-07,37.9171726073938
COX6B1,973.990430121209,3457.65883841199,421.019585384123,16919.9507961453,187.388708894473,5608.554910048,50541.9320605763
OLFML2A,230.697662889067,2.07727160982912e-14,6110.46568468432,3.27640855999301,7.04003366285005e-09,1.34097634638167e-10,2.38687007765918e-11
CTSS,1824.31633949411,56.9477013521784,0.000429167721845622,0.0203501337558102,0.000297288679314921,3551.13032025496,3287.0529101369
TUBA1C,2621.84797808038,907.150550426628,125.963176427751,9174.97713981119,11238.5399195771,3331.70784534034,16919.9843876532
RNASE1,419.610314384577,0.656885893226621,4194.29070104913,4844.50885483231,3948.4121422722,2762.37110323486,2068.9824705553
ATP6V0E1,2770.07897158669,4597.35446451745,1.71974358536042,10632.9757358685,1532.0102296698,5250.95019892018,51573.4753895812
EDF1,1589.73120003126,2848.8597945077,6919.4934544519,13873.3783248609,87.1835069355054,0.238860337455103,6124.17391893665
HLA-F,2186.0396613188,1.55369752325409e-05,6636.58319982995,0.128564016661946,8.33750497766673e-10,0.376362924957978,2606.87869445153
ICAM1,1745.65076638262,1.27162075118375e-11,5762.67161355833,1670.51234723211,95.4007366934985,0.000462942025864233,4.99118691652802e-15
CAT,7729.35764843043,7510.83234657468,246.076211360616,0.841474264065944,0.331694020401697,10587.2973653335,48524.5529576881
CSPG4,24.8511067453618,7.17419924620977e-19,6892.57609029894,3.21542610455154,0.000262933538751086,4.6109953337201e-09,5.13701002346734e-15
BHMT2,8860.87839364054,1.59718446161186e-05,400.227031831071,1.7453473741938,0.000264475609945082,6674.15310754749,2.80211985655145e-16
GALNT11,7278.16507488755,1869.69821522476,3.4312155518979e-05,0.00138462474838473,6954.78901292177,0.412860642043032,1922.32662057073
LRRK2,8666.36440176168,0.00333564565102566,960.531148518725,1.05762607704044,1632.9312580081,3.73664620096517e-11,5.16366036448747e-10
LEPREL1,3648.61781943926,1916.68216687884,5809.1992777164,8929.83323370907,530.154172939872,2.7921221094423e-06,3.11951602675042e-07
PDZK1,10572.8607730787,1.13959324599498e-14,1298.58455531219,1303.52065633774,0.00870235270556421,7.78239538138647e-05,5.21916446857235e-12
KCNJ16,7483.36462854102,0.000282201811447826,1255.62797305681,78.5217748632129,11747.9497164711,5.5994742668746e-12,2028.26695245066
ACTN1,861.045908593135,0.00692382469157607,1934.92700596066,3331.73240811191,2926.7041996119,2.69485914175954e-07,3.78691354788118e-12
ATP5G3,5078.71092162841,6562.56301039511,0.00130966242372299,5797.76141889241,269.649690441183,7254.47864108679,45030.1854855086
ADAM9,6248.14519019765,2907.78862686108,0.000315944112292339,1.3304092618363,8967.30168455172,6.85113398958333e-12,1260.65903499225
CDH5,1156.28715596423,1.28208605967018e-05,7668.75500600892,5.74648271331174,1.31610888608088e-12,0.0206158827271714,4.45952787531798
TUBA1A,3092.82569000604,0.0457746936250141,4942.86764165253,10810.0468747376,6774.76269993275,7379.9000436949,2235.69757684446
PTPRB,3551.87513177957,0.00219174409459619,4430.5454508048,3.44437722014555e-06,1.10805780734425e-07,4.92870807582301e-10,0.0149082591737571
ANXA1,2633.91077667714,1108.46325004362,2716.0746551943,452.741086118783,10458.6833609185,17.2184224333098,2238.87010248312
LCP1,1355.03998029628,6.67851374561142e-07,16.5319533128123,0.000217049864105807,0.000730414983152921,3356.70181497885,3.70606596062516e-06
SGK1,6292.94933010064,0.116332187197571,8837.19021747645,3729.05964820092,476.99723301026,1.59089205170333e-05,1103.28643378396
EPS8,4474.65446012608,15019.4868325348,438.199538911021,2660.1071069509,15.2350290552717,0.0264218356955834,16669.8334014601
UQCRC2,5556.45543692701,13517.0367318695,4.87536830291625,11464.3154930274,3087.95731897347,6530.75163987884,30527.2481738131
TSPAN12,7104.58259018441,0.216666887121669,23.4060441888404,8741.20214233532,0.000402815647319155,1.03875121972972e-06,0.028213232833013
PPP2R4,2213.41191495522,2350.16791567778,1968.54289740006,13472.3099754474,7670.03061647827,3.00438401793401e-07,6803.04296745583
NEDD9,3464.04186316788,6.72538201163451,9535.68620207361,17.1165297947289,3745.87907247056,2.70026243100835e-09,3.04537000526817e-08
DEGS1,2736.93838216851,1.86441045001693e-06,141.494932061978,2883.5016743559,211.236089742644,5.29737308850827e-12,2729.93788236588
GSTK1,3374.36705948347,4473.40417805683,64.9457165711602,8387.69903059505,0.855945126180327,12787.5227597971,40086.0853575259
IDH2,4195.55887386655,12757.268690364,449.968669343421,2.80523385156079,3.12633914229142,14088.4189121806,23078.9006861096
C11orf54,9289.87881104905,540.48966457608,0.00371315794853746,5050.04797938078,4.36735734288021e-05,3160.10844958956,4918.37182081252
ATP13A3,5361.44647392694,859.472333155292,1300.12999453057,574.579018230535,10805.6097872834,3915.93955656938,1.99947956602496e-08
SEMA5B,4527.88130745882,1.18087198141712e-32,4133.33734657174,917.708759798355,3399.51663979805,1.27965764066721e-17,1.23231836060725e-23
TAP1,3169.54069583057,0.144115787799007,4000.64363451309,1794.67228905573,3.04115497097443,4.74617440372224,3892.34371126464
PRDX3,6145.8617678443,5055.32456886506,0.0462611127735877,16023.7556128444,436.837241648136,5943.11536755767,30655.0285373281
SLC37A4,7265.44060654063,2.33008986828534e-09,492.534719978575,2771.15518850114,0.000499520335949558,7220.0933011787,2795.74525829329
EPS8L2,4707.14982739922,0.0329480707532731,10710.7168182739,1285.84599919334,8795.92726666885,0.000235795702478858,2.35206247698042e-09
HIF1A,3304.7765848706,7493.57921769176,2277.45542717668,0.955793826744466,4989.51055408501,702.311221458819,7501.28586998567
SDCBP,5598.63765955666,4282.43123225128,29.9926580780024,1039.17106292203,3852.15277381031,3.07133488693568,3732.46558375265
CRIP2,356.125657259151,2.02714416720785e-21,10514.763193748,9205.27474043972,358.418953500371,4.43292589565981e-12,0.131372111692257
ETS2,3382.76899882568,4.12539809667515,14480.5233882654,188.122524918083,4898.18577928098,9125.9067852259,36.6773015782322
GRB10,3411.13094973272,2947.69124727008,8568.56263394309,9.04279989178807,0.00800546754017697,8.36796982135678,31.8065425085255
RHCG,1.18772159353067e-100,0.565712419857584,2.51931180711644e-60,6.94955563242611e-57,2.59673766562754e-53,3.19515508295296e-26,340890.78134814
FGG,7.55931793595392e-41,3.48405486595497e-37,7.24416209441453e-33,3.00082904278409e-38,2.45372098122028e-51,132711.436991807,2.1331471848558e-30
AQP6,1.49269434184539e-120,57588.5139387392,4.69090660638406e-104,18510.7555344575,4.02207901773044e-127,8.69794382674745e-08,0.00103197588799343
COL6A3,0.00696934764161934,1.80219685079975e-33,2.92704873311036,7.16587924574506e-08,2.1284928353177e-23,1.69409184428969e-18,1.65514631929688e-27
DEFB1,7.91411800420206e-24,34221.5284800875,2.98633694602328e-24,2.22364939139435e-13,0.000118997475175778,0.146437274964145,223993.622232055
CPE,1.56445872646748e-15,1.43008453337249e-25,3126.89223016462,856.047190572328,0.000261664221529874,2.35797513518713e-11,229.505729915646
ABP1,11391.433031721,1.65704335001729e-37,2.41891173735138e-06,1.94169912656499e-19,14853.8703279645,3.19720667265484e-37,3.26574631737578e-26
KRT19,3.21003899078034e-34,5.90036976356635e-41,3.21017416638899e-14,4.38449862898803e-07,77695.2067443651,9.05550430902431e-33,5.60093130369965e-34
FABP7,2741.41807753746,6.98040052841262e-44,31.380885932988,25439.4894303831,3.12412180010619e-23,2.38817664408856e-31,1.26191371679036e-35
CUBN,31912.8097458381,1.7844079686619e-37,6.53368167038125e-07,7.96067323270229e-09,9.39630444556853e-14,2.18396540754179e-23,6.54090591077156e-24
S100A6,2.62131551443393e-06,3.83947749161906e-12,58.5082239593305,36592.409190094,74999.5271536869,33.6683214961345,94843.4625229514
VCAN,1857.43489000611,2.10547323575279e-25,0.000342840204612129,0.224243008768784,18257.5290712679,8.36014529178789e-33,1.60634774641117e-20
TAGLN,2.60431477534795e-20,3.26505896503232e-23,0.0480176687023175,0.00432393432768329,60.7046885016053,6.32703656846328e-15,80.4096403874497
PLOD2,4432.20146103711,0.00560743720110384,0.0249701792329954,7086.03038000171,8909.23767304385,2.91730465104551e-16,0.00919214567810536
ZFP36,0.457684366482736,7.41957287423472e-18,82625.2166070491,4.80764073480138,4.86318309364421e-18,1.32879995642333e-08,3.95752022229685e-16
C1R,1.58804049991913e-19,3.81627789599008e-26,8.62845842877353e-13,0.00108788962419765,8435.99313858283,94261.0968093297,1.28486826367288e-22
COX4I1,3150.79284250178,0.0208967833478776,209.926215770326,24512.4217974522,0.00670193216760285,0.00972763081521931,200980.292683055
SCD,13884.2033823932,6825.71281077494,204.928979456349,25402.2432065764,1.19281495662867e-10,0.204512463637344,399.42484076793
DDIT4,73.232446702962,5.52020573750641e-10,27904.8611410669,29199.7386328528,8684.27254949708,2.39455135998509e-16,4.73419694617698e-11
SLC39A14,8477.3840561363,7.0358341765736e-10,0.00229874255473863,20357.8929989181,2.69274353912001e-08,5.1656367155352e-08,1.65333868221043e-21
ATP5A1,13616.8851545906,42637.9894029444,36.5579096913466,17908.4843167237,185.242760029862,38298.528269947,126109.521009265
HLA-DRB1,6648.55543882131,6.84048486890148e-23,3932.95947944286,0.794007689304443,9.37183434463716e-10,0.260333013938457,0.0659997860625475
RPL24,272.681402351005,0.187606872027588,109.532069271264,119605.595788979,0.0890415796885863,5.54759740004769e-05,96423.0419088587
RPS17,1191.28480462857,3.05068474558953e-05,181.17798116976,92177.5659040518,1104.69551750242,0.00519699437994742,144047.984004979
SERF2,868.179301060383,4.54940844221994e-08,5896.77499326636,31188.9371406749,0.192788909965504,1.00938272211794e-06,145238.891963256
RPL28,0.0169737075268523,1648.26829606026,6046.70729321363,80543.1098638234,14538.8006140953,2.8686032595008,30644.7756724292
ENPEP,23983.8246162492,9.1479394479749e-25,240.876437327367,1.87529090231181e-05,6.29376415747314e-14,3.41741366113568e-13,1.07720710566363e-19
IL32,7442.26362599018,2.57758461946675e-25,7889.4787109546,0.00323306512557004,7.04342131153502e-09,3.81919548697678e-07,1.78048120728664e-11
PDZK1IP1,13355.6352642408,7.34646378012136e-20,3.11964629052761e-09,1037.49424174859,0.347273876019546,1.26261578669356e-12,8.5666458110281e-08
GLUL,7241.86995297818,9438.63170670714,896.757903616523,15499.6286358463,0.0784003860912539,9392.74071232608,4135.68109652881
SYNPO,4462.75605836703,1.10240122728195e-13,4491.05661436511,9069.13684086737,7795.10138538592,0.0407155724915121,1.43578681077023e-14
RPL27,402.549664403011,0.000217604789164412,0.0118787821669158,103503.642121083,0.429984332781298,0.000135470015901762,79285.8990467206
KLF6,11347.8576285343,2286.35219343675,55606.0511025901,404.701840610608,4122.40085075808,6945.47694505949,3532.25656405723
RPLP2,4.87964739320064,4368.16753727497,5203.51992177625,90714.6742111688,2146.19237259988,0.445288324822486,33434.4192264012
HLA-DPB1,4217.16733249067,6.27762324237632e-25,362.24632041848,9.05780768464135,1.05391116552716e-10,5.66312890950603e-09,9.08604264469939
JUN,1320.59294729727,0.00647090968276849,55870.076225742,4.0084397566284,136.306595458177,1.04838105764172e-12,3.31571187114105e-10
RPS15A,3530.73817704091,0.638992797937659,6.24090739229901,107966.312492376,1.50869430684461,7.21401097837964,84840.9986195088
NCRNA00188,7635.14249977755,3133.50175580696,22.5457302595858,105950.510220723,16.9067767475429,5.72872426946926e-06,34583.6030499252
ANXA2,2076.7696123207,0.0107131254339976,2095.1388134784,14558.621085533,48552.6812917192,0.0141918321494973,26724.1487739779
TMEM176A,15056.7884886149,4.39960502003159e-26,348.423793749009,31898.6638005858,11.1769279809065,10865.5657003724,5.38464856862291e-19
MCAM,1.06255719943144,5.57467253135241e-13,15344.0847982163,1221.60940376412,1.05351204497984e-05,1.12077807735577e-06,9.97209460952856e-05
TMEM176B,19587.7245185932,4.18936278063394e-18,51.0743127057091,21329.5645438402,1696.21119783234,28105.6416588587,3.45994199592971e-12
HIPK2,23108.787168228,8481.46161646902,1126.81044085543,8.15052720326409,0.214211093883277,6.85202281559681,2.24550031748881e-09
COL18A1,571.518645118585,19.3435956217259,13105.715769772,40.113414401361,18903.2744452956,16164.4643913183,0.000393089199500553
C10orf10,292.529363570107,1003.86874122232,27394.5549152448,26760.8507628921,9828.06558546482,0.00163316982343471,1.89059845150602
CALD1,10924.5004348728,5.5453153316311e-07,1634.76356164853,728.835429865369,0.0135963277606474,0.771289505422771,3.26508516863826e-11
RPL23,3728.73906004052,4499.69969161487,3745.07604683821,100098.478344838,4513.57822322259,0.687688044100041,551.717532528627
RPL12,1058.92689378097,1654.60585573637,6316.12596950574,99097.8932979414,5704.31439965597,1.87046552657934e-10,15986.2979334012
ZNF395,14941.8726889499,4.4731300664933e-17,19333.2814468086,17635.3220591824,0.265275675245947,4.21299414114652e-14,3.77717580749585e-22
PPIB,2715.11238805402,3666.94330718486,6376.33903622361,25019.5717495108,247.749627991027,14053.8001971686,19526.0852704778
