S6,S3,S2,S5,S7
RAG1,212.173131152784,5.28033150215238e-18,0.503369796438437,9.67172085944013e-17,1577.77346342801
OTOF,1154.60591550042,4.54478390308473e-13,1.05288585752113e-22,1.54107429794428e-34,2.87662766273899e-12
C17orf55,465.140832865764,995.131826320042,5.40724163036079e-21,4.16772084831967e-29,5.01524141958995e-22
CADM1,1110.61637022734,406.090762743507,1.80572222346838e-23,5.76564910393878e-33,1.89236451759423e-16
ATP1B2,6.1739450742194e-14,9.0416991334222e-19,8.79483848537553e-15,2.88575272585479e-16,1.94802621830668e-15
TRY6,5.5925758365086e-12,1.02306484282605e-27,470.617980802662,74.9754864165188,37.7672043211861
ACE,1.769019381094e-14,1.3188869338565e-15,1843.33582659015,0.000132619030002527,2.84302467763509e-12
C1QB,6.93020341097343e-05,2.34173747111125e-13,180.395834100953,5.80028331125445e-14,1.39063019681151e-05
COL1A2,0.0362982604490753,1.59935168264487e-13,5.43436774426832,161.112412219133,281.579755374517
MYO18B,568.142932241116,2.11117696732099e-16,0.096528331311293,3.34204767034051e-15,3.83608717830316e-15
APOE,16.8861892563219,8.16548879232664e-12,0.751587018326008,175.687894961857,2.73546600205831e-07
PREX2,2.87439454284481e-28,8.26935206330694e-34,428.251559644923,1.15770071856405e-30,307.40079284828
NPTX2,0.0155061812707443,0.111201915440765,291.496124942635,0.00478975223870954,335.828945932425
NMUR1,1394.37502747007,363.002290530899,0.000317571324057643,1.12393264758784e-15,0.000738080787003664
GJA1,1.63533729339071,1.95849577579758e-14,7.68214706242763e-16,4.91472736880216e-12,539.278358211311
VGLL3,8.41834001902584e-23,642.258841564527,1.0671755063693e-19,2.55231988752968e-16,45.7902795348441
DPYSL3,720.320041373463,4.01983203402492e-08,1026.71025539711,2.84603424135342e-08,147.92125457566
CSPG4,1109.7872044897,1.603109788145,157.841481865859,8.28746783593588e-19,0.000151730785435402
PKLR,0.000234023427479464,5.88261078980568e-16,0.404185589061054,1.73075446460218e-12,2.0998730980144e-10
MLLT4,792.660163230899,6.47482612828878e-15,28.3845377181138,0.0349153223287328,679.229077583812
PTPRF,5.41622219262374e-10,212.724657246919,1.43895073951976e-09,0.970217687043766,239.691362584513
HOXB6,740.344441010671,1299.91294154896,146.547830362663,7.16793803235898e-16,3.80382291018562e-23
TSHZ3,1.9265606692296e-16,616.393767114408,619.88657653479,1183.89994121803,196.405583681708
PI15,3.46626030302566e-17,629.3992520576,1.62872956617558e-12,8.31558451097311e-15,3.05428084727241e-28
COL6A1,2.08019198805195e-08,1.77830962057758e-13,804.871355582795,358.778795644836,679.298258589155
ANXA3,6.04517642043287e-17,199.603031196513,4.65954216084687,264.186837266636,3.74037218241903e-15
KIAA1598,122.305741824671,525.985763824582,0.009288266725165,3.78891747144727e-14,1.36906288319669e-05
GATM,899.452720974592,1.73051618285533e-16,2.23504182128372e-10,2.40113889764896e-14,0.00179652424437755
MMP25,46.6754546377846,153.051248255403,190.013811259677,230.885962468766,8.96129570767514e-13
ZNF532,461.568929844418,645.785127790298,334.991295538313,3.41061431025632e-17,1367.88079189111
FAM38B,80.5035107484642,2.16365706973681e-12,0.191953778401311,9.73230477521623e-16,1.30006391426943
TGM2,189.179860265934,178.596021331823,161.177734465842,45.2252642505831,7.63458567485701e-06
KCNC3,1422.18374312098,268.036665861035,1.47540690446884e-12,2.11738836174318e-23,2.07604356063341e-11
PRSS21,543.23365719977,9.67691032936863,2.7115189519573e-06,1.84730878737889e-13,1.5277051168672e-05
HP,2.81584987096507e-13,632.715958956522,1.89711775573211e-07,570.905510170091,0.70505514696874
MYO16,3.52816609918243e-27,4.20611340577883e-38,1.12862297523278e-29,3.87154142793546e-27,4.70191476002726e-37
OLFM4,9.64612426419588e-19,3.57317173696861,6.40526909498806e-06,5.28395663040998e-14,6.04799824600342e-14
MYEF2,500.542625649372,2.19035436716806e-14,224.688046443196,6.09078200877416e-14,1026.3837428594
A2M,1.53354522224139e-06,0.00106568726491667,1.71170439846047e-10,191.503840367728,1.05316390819319e-08
AKR1C1,6.63639121387035e-07,1.57448378286921e-13,1.69691505660316e-13,3.81284694798556e-21,236.497088021651
S100B,0.106529292246518,4.0018759127103e-05,119.192847594797,1610.50994283186,9.18821705026904e-14
RAB6B,125.375729434503,4.1779801669545e-13,5.27159127044818e-06,296.90315505681,2.34955228833099e-10
WHAMML1,631.771826640061,880.142554452739,0.0138807219298774,61.1707480583782,218.103718138016
MDGA1,4.13958670052765e-05,4.40604663252922e-12,1006.28859665785,526.670096625735,277.145897269069
PRLR,460.480257554972,979.188968245151,6.74661495888472e-14,1.79868104649959e-20,170.919535562892
CYP2S1,176.924128715646,2.01915553819437e-16,1194.02772938255,6.98026860879965e-13,11.5806158961977
SECTM1,0.00051111538991585,76.7407097351601,802.009236295133,1.64284324644512e-16,1.25639324904876e-12
PROS1,4.52429944069682e-20,9.41066168017208e-22,4.46781508445605e-19,3.2658267231049e-22,1.21366085366371e-15
COL14A1,1.81300636335026e-15,7.23467198617872e-21,1.3056506653619e-17,3.7651607071e-15,3.08476081331186e-16
SRGAP3,471.983560442784,0.192902572276269,0.31233710653728,407.513088510561,308.795133136631
COL2A1,8.17349543795184e-17,1.46550388347229e-33,1.14411909228311e-15,382.604279277296,372.113536554246
ALPK3,311.537309682309,3.4718778857771e-14,2.92128076137742e-13,3.50160763295075e-11,0.518383992446205
DOCK6,154.391959489068,1.78609200652528e-13,1.00328204442405e-08,1.08014691130676e-13,1262.76329447981
MDGA2,4.93363097864939e-49,271.625444319126,3.78357802233342e-17,6.18390803529844e-26,201.020911374294
GNLY,0.0870639741447495,4.66954088602581e-13,941.227746539324,1004.76329860486,470.022079694963
CYP27A1,1.93167570223573e-15,417.824838764451,178.120513720457,0.13580086983059,1.87300703592063e-08
GPA33,217.174945909529,7.16644392966169e-14,534.831844690706,0.000347005785930831,282.187366214571
HOXA5,803.846189551344,895.719102482381,279.713122494104,6.69304469056111e-06,6.06992760745915e-15
CRISPLD2,2.06912550713103e-10,1024.46676405043,8.52407863914659e-06,1.01815073978642,10.0575843271379
SLITRK5,0.000248859733902714,393.657586257752,1068.62896366349,3.79638581373403e-16,290.587374638013
CSF1,1.66751629828319e-06,8.93626089671826e-11,619.482767686245,3.58031023139425e-11,53.0538141838423
ESAM,126.221214903601,2.87466273517404e-16,1508.66594291584,97.2449569634503,377.859237836146
LOC644172,1.2846269615013e-13,3.06954079054414e-15,1108.42173028389,1.61693210124226e-14,116.890705959852
FGD6,9.97992292438523e-07,0.703797812083073,120.434832740774,5.55822469954134e-09,302.396637099304
NDST3,2.70252915681556e-15,5.15987974007695e-19,4.5338840124258e-13,315.513742243008,281.244682472064
GSTM1,372.563475956169,532.136191208033,141.671576591927,879.335543226139,3.9450680441032e-14
ABCA13,5.00335980301948e-13,209.00192081994,4.3559780824787e-06,304.073174938232,0.275412383270608
CLEC10A,158.643192640193,0.0266037353347,456.71294287114,3.33686970736706e-14,3.69170581454154e-17
CDA,8.60117032356557,1554.81660608041,212.867862365229,325.501448291172,1.08845091743423e-10
TBC1D9,1065.38726097733,45.069716561823,10.7853461284028,6.74799785917918e-15,503.784676127875
SCARNA7,5.89505308401529e-13,255.995384264147,3.33072601141895e-18,834.679596747213,552.378348683358
COL9A2,830.10016305107,1685.14830655868,160.712584044731,112.469341028193,7.52051219272547e-15
SIGLEC9,0.0465563026293039,714.309936934035,81.5695442001697,1.05012708466354e-13,2.16032109986354e-11
ARHGEF10L,417.839979486461,641.186952219212,88.1393069578634,4.31455588767007e-17,1.75434999373998e-12
F2RL1,2.05088209096939e-15,1.14690271581233e-15,449.408549917431,1.88670116280348e-16,1149.57244295861
TDRD9,1.41883813904325e-12,79.1743541116765,161.409278396059,2034.49589819033,7.91009401524506e-14
IFIT1,1.34881079913318,3.22798194292404e-11,541.981325743521,4.5950026380325e-14,58.8887455590188
DOCK9,1.41080796835095e-14,1.36484896332758e-05,454.736286470156,3.9413922208655e-14,1128.79865304903
CD72,1282.20380204174,5.94795180355534e-12,90.1403601492747,6.71564964652117e-11,576.999949567389
HOXA3,513.276130034086,1356.43643914482,361.491960057415,4.60165339068138e-15,1.63191624075706e-07
ADAMTS2,2.00408536727441,1317.59935806247,2.38755310893998e-13,205.898182935748,5.37793987328002e-12
FZD6,2.6301084017866e-05,2.19647344824908e-14,816.941836635395,1.1890579288425e-15,660.76467045397
ACY3,937.862060396986,34.9058414896449,851.914180673935,9.15826768826897e-15,114.241876591758
MST1,0.0278210180730391,0.0532040833196769,3.38966810605813e-06,2684.61958032088,95.6383088572878
C5orf20,1553.79615488634,68.2896459568935,3.28872167595347e-09,1.01202322287896e-16,0.587484159786858
IL1RN,0.981948748876763,1561.52706246355,477.560462564033,1.99766986434577e-10,1.91207556199532e-13
CCR7,532.655214849621,3.91232283119094e-05,787.887871425547,0.514632631708084,104.632912751742
MGAT3,14.5741657133248,8.03280861616128e-09,161.436157909904,144.098532583885,2.64754698930502e-05
FHDC1,147.673424284828,29.5730864875843,455.501745186852,0.250396207113313,211.045564852367
AGPAT9,3.28899552162798e-13,233.955677391162,1031.00571876842,3.48974821526267e-14,0.00151150811639208
KCNK17,0.0938060571150547,5.29915943938783e-14,1318.18400604094,354.88213655026,652.001668782055
PRICKLE1,26.1979391272736,1159.52143845039,161.149578031493,750.329518153545,7.1362857209558e-15
UGCG,244.432910258558,249.690937135119,4.09197728821433e-12,148.589424140345,1585.86439091659
FBP1,687.860670526213,1546.9485045998,1.58628349426008e-05,56.5062830224016,2.93445695955242e-07
S1PR3,2.94455714894553e-11,465.772739854193,5.13047516156044e-12,215.646978939712,190.181203915882
MTMR11,553.796401781979,93.1904285644085,5.28854345367374e-16,1.38279720685435e-18,7.24826617935716e-12
SGPP1,5.27383882131758,1.62560079167991e-09,0.000455485745657285,1.17833650519932e-13,329.315850664533
TIE1,172.854158646981,9.87437444993782e-13,991.969187262043,651.275486875673,1.55468784747498e-05
LAT,259.014818235939,6.81351109999782e-05,662.53601539432,178.442570913292,2.07011096659089e-06
C9orf140,616.710958843385,1395.78764679105,350.103977425613,9.6518743269179e-14,0.297826224359832
CDCP1,9.29059363663273,4.46976668578165e-13,1065.40631627032,1.14256125356107e-13,272.054564709688
ARHGEF10,8.12824291393365,0.00347439234669064,220.555928722036,53.3076395251225,968.075980052664
NLRP2,297.378558155421,0.000153368175823591,259.332328142043,120.292713667449,6.16853631782125e-05
BCL11B,1.69267681099843,1.40760706137867e-06,459.524931656369,95.9306671624234,435.712337905566
PTPN14,375.11272245035,2.64550237168951e-14,185.372832491234,117.897376365261,507.117081342645
SLC24A3,252.631019939974,1.29166640467529e-14,0.368456430501163,2371.06956460029,282.040618977719
NCF1C,433.831063242764,1086.89119986481,28.1500249583149,0.0104751626434671,4.06310913996906e-11
ADAP2,102.002627334843,901.490922289978,0.0160357233659449,4.72981564445562e-14,0.00100426838073562
HEG1,1.52283350946369,5.75929962634201,200.19208202337,11.693201658622,1390.56817368458
IGFBP4,46.6793741305763,8.19416600677209e-08,188.001829105267,450.342485449505,237.647161143518
GAS2L1,0.000147280463178714,1.09247564050998e-07,355.100383778126,1096.75241489184,5.852053973186e-12
HNMT,103.641257798365,1770.8563179596,0.00130330140943757,1.64257444365561e-13,1.15785143413147e-07
IQSEC3,0.207054846457916,7.19845172127539e-15,1266.00667434549,357.985801122902,34.0027898944452
VSTM1,1.2692358623016e-09,168.207711905577,668.837236049162,2019.92047582933,0.000357158842509497
VWA5A,0.00219137973980471,203.849459035932,557.583030710516,2.05638062182998e-09,6.56903361059793
MYO1D,105.562073867033,5.60001019048298e-11,656.940400605631,3.72909304268773,441.312324778789
CD300C,348.104528480137,1234.94531639254,334.033870319005,8.17087426837355e-16,1.32971800772106e-13
GRAP2,3.04364665769677e-09,4.86063493155258e-15,447.743214930156,133.434713966657,69.3410135779747
IL32,257.276005661901,3.22126485537877e-09,986.418717884807,189.741513618776,256.088523426775
CD6,50.2884387194647,1.04608515648758e-09,813.979907942321,2.33470430183581,405.245772412449
KIAA1274,18.5312206850323,3.35161900090672e-06,1535.34826633647,569.132263637264,996.935632571584
UNC13B,477.352735926132,8.45803008166325e-12,591.941175885143,0.00352610966719311,263.368690895232
SMTN,1253.52821719869,716.952736450309,397.20803202206,6.19417074697991,186.254252717148
LY9,843.585620506733,0.00023266094454208,215.926851865423,42.6335380380123,1578.90414028768
ZNF595,2.11926989061276e-06,1.29504489627482e-14,351.162651120524,499.400665302459,1187.51212557939
IFIT2,0.00500950760247626,2.7301474785181,372.899391623432,6.92265622931779e-09,419.390954340467
SLC22A23,10.6732517974519,0.00624386603500658,252.323920006279,155.2558094768,525.162113635832
FAAH,1461.56131919748,384.565723655759,671.769758572571,0.417343260616595,657.315468464277
CELSR3,1102.54749601606,10.1819966768194,75.9016094652879,368.759522025321,7.6463100652851e-10
TLR9,701.351852782211,188.00924863385,724.895849586551,194.470356593558,894.046745665894
ANKS6,427.398944192438,134.341090520237,649.529584399068,8.75926317050896,1150.62404479202
AP1S3,193.86129760748,1635.16870707775,3.1472158266921e-11,2.15066358020235e-12,72.388997248425
MPP7,0.0012180607485905,1581.6069922442,0.171237653307894,0.753578743545828,75.4038438069061
RAPGEF3,126.969154957042,2.14055400191891e-08,1301.42945761971,154.174750427829,1139.39997226301
PAPLN,180.994268199669,337.716876773839,0.00160041469138777,1359.39999588571,479.729754624376
S1PR1,0.00434374834007373,1.09436782680955e-09,611.84815568056,64.6975996398729,145.652463390927
TPD52,67.0966213753191,2.33957053091395,692.390747333502,1.97564612385501e-09,523.442921776694
VDR,48.8520653015988,1579.7944108508,557.510663284247,9.38422741181215e-14,0.237063297017513
NLRC4,1.06308913182464,638.531753452325,19.9306348263891,3.66082876331168e-05,0.000149842761552831
GAS6,918.581414093398,187.624310021302,328.852698994826,9.93293312794019,646.102708431337
C5orf4,227.744910543453,274.521418665962,452.92250510931,573.097365523925,372.274120587243
DKFZp686O24166,169.259523721252,513.7148841195,270.300325621449,600.298872116431,100.959536002908
TPM1,98.2235125769109,249.224527476799,211.46953427773,0.0397070989669395,83.2382005938417
ASAP2,3.83593033672268e-10,3.12016858109685,1000.12153699059,5.63067316694571e-07,0.878590098493704
CASS4,5.53891155175838e-06,0.0322850897614086,1522.31573140452,2.90645334954644e-10,108.077598404625
SEPT1,413.934192337334,0.0193673797162985,1348.51048242357,29.7003795423623,603.685840325403
LRRN2,28.9792322678254,0.0187854635107781,1047.42044535358,142.660207377558,1564.87064651992
AQP3,0.00343739212610259,135.039806741334,555.185867444183,1350.72486991066,1.70565366809857e-05
RTN4R,53.5481941845187,6.81652500077411e-10,782.64318674365,1743.3078666455,85.5082773479941
MFGE8,689.442786763458,3.08284493575634,332.438783442661,496.101463742185,96.0374437840237
KYNU,827.097797746412,569.556849319229,1.70781804267233e-09,7.32161030825978e-17,8.47539844407088e-11
PYHIN1,2.54096272362216,4.64485081771991e-14,302.618122495009,217.352170887694,990.567510564833
ECHDC2,847.857931382664,309.515830841306,473.528207466313,1145.04927641153,151.400340344993
HYAL3,599.019162162001,421.391127535057,336.006355135248,1582.81625971564,5.28284209025302e-14
LRP12,5.90388147652819e-07,1.97783880767631e-13,75.889392146785,84.7577652812544,647.699350477987
ACPP,33.8794447438599,796.490175081007,1.38959545236221,0.000119726815193594,1.15022149247993e-11
ATP8B3,966.541676929358,1295.64583970469,283.456344266507,581.563083526458,3.34081587471886
JAM3,1.81725884364192e-09,4.92331902695107e-13,1026.80183799022,352.939762410949,583.094635544646
ZNF219,1110.25232536684,1.55707633950866e-07,825.782654212669,1217.5976981106,0.00173019048553476
BCL2A1,9.44097461246398e-12,258.552521235778,315.641731336288,1.36868244530042e-05,0.000125854969725548
SEMA4C,436.597804602134,101.205106296786,382.90327764095,996.582366570308,2.39450522550703
LRRC70,55.7253730198876,2.72690874010752e-05,408.169666076198,74.5722366498569,1505.5546223359
ARHGAP22,26.8989208303507,1.00927577968908e-06,1344.15759296928,2.43221206738413e-13,3.92055347778304
SPINT1,321.826564805535,775.552130004,426.270711221061,2.05774101103187e-10,887.597084190095
NGFRAP1,205.936342143233,3.27022037286786e-05,951.593991533118,1.14690359480812,40.762926895808
ENPP4,239.987825847903,262.716851087888,1.35869222284572,1.27337802762885e-08,542.769083258672
TET1,0.000412176064494985,2.80022500495063e-09,177.65663896239,3.86958193370101e-15,1534.73297464269
ST3GAL3,953.64384761761,886.424101573198,451.439991311417,625.032308031629,0.314114823552849
C20orf197,244.763918560018,387.611291793807,13.8794527257675,0.00319958765493577,4.20666497531128e-05
PRKCE,492.683649624822,316.769096992356,285.376533078178,496.679009679901,2125.6617786899
LOC400931,718.949149026477,703.754930458264,774.010734939892,3.61881578447421,1.11651336124994
C8orf55,487.284633076152,118.043387218551,1791.57893830377,115.35882985159,2.41497718258727e-05
LOC284837,637.417366990111,474.817734300795,490.740476520015,160.672645240319,4.99104951276157
C19orf38,291.948084374219,608.33063637179,454.612442421103,19.0371521511302,0.000772162905314215
DUSP5,465.285209340012,2.84298421029314e-07,318.214861602172,351.852065401701,1342.81252532041
ISG20,414.093379221756,0.000694133861630303,579.388204160557,1.10854090501331e-05,1276.29151202387
PQLC2,1047.84397159027,1115.28286222435,766.758740652471,68.975033372789,3.16079977403795e-10
ME3,633.407314539439,8.13153367502699e-15,644.150032935934,0.00639159562368651,1373.92575280187
CARD16,63.7379553319068,236.040600934247,171.215546742082,0.00327559115995214,272.088788584028
SUCLG2,491.063146216085,1069.12478213042,40.8469445477227,118.536078258094,54.1661358688791
GIMAP5,2.2865125549423e-08,0.042588250873579,750.034434279521,1.17745108715314e-06,514.662525891167
MTX3,600.096818041812,40.6535821720851,392.229321663053,39.5100326865104,251.164544128517
TMEM149,458.162179903922,702.692377235252,457.834394406183,1377.76182687398,229.320574007051
SLC45A4,88.5671169387356,899.499137344655,776.528064453614,719.762969262875,168.591308360382
KIAA0649,349.43132371045,593.239338343342,109.974471730987,1057.18538696112,2.70301431247712e-11
CRELD2,307.190296796187,704.580473114225,804.270856376303,1684.00707154945,489.686790215268
TNFSF8,0.426599529531996,156.525353345268,451.48859380674,0.000355466854501031,797.771113722374
GPR162,274.098843415007,83.4010864404307,505.26132227874,485.252407311014,1110.02424700301
MMP19,534.474463328687,572.424170927322,283.007561075017,1413.74720516008,189.823416005902
FRAT1,543.711213745567,1486.31812697695,461.832800010769,230.971059011581,0.00790142512374516
SLC1A3,138.134868959009,980.948649033607,0.0471871524102725,166.953076240042,16.7978465082369
SPON2,589.674004894115,187.718828841195,1021.87342222377,736.274756312749,637.03136814545
TLR6,0.030366963260449,557.488629617488,376.88777054035,1.04881495330556e-10,508.169677599266
LRRC28,147.301242886588,139.910945884341,3.18368240248232,1233.59951548587,1629.7736650687
ULK2,598.957683183875,370.338160735208,96.1362363599775,2.7589203697763e-14,229.326619674329
CEP55,17.5995500141581,1399.85429636024,1.64706322822713e-05,0.0216350430707793,464.678777453997
GOLM1,541.666867361201,388.935267895456,0.186614880739447,1366.53717149449,267.55359534462
PYCR1,393.499519220578,0.00410571227840359,1282.93886252674,526.683516349344,13.2106753809597
ERN1,190.716764146548,454.450085787232,406.776678476769,887.206606275498,1238.80135445547
BLVRA,247.781386584197,3.51008370940803,13.9880806606619,84.0926517380758,220.763187364463
GALNT3,0.000112211347735153,228.793051897037,282.571998551562,1699.16353187567,295.637996584955
CD2,27.2070892294533,0.000317521786492603,560.066781185991,159.271463559172,323.894100934347
C4orf32,113.150311166837,126.363067283706,222.477100479478,23.1509167810868,1171.78969241809
LXN,116.373178639553,9.31305303160573,113.113144553276,175.482348365818,814.195530696684
BIRC3,1.06054273542746e-09,101.142755943928,434.869852701888,5.47710138794685e-07,194.297770342371
FUT7,565.418674243498,742.192209946999,921.971168418683,708.254022131501,670.382759041814
GGT1,248.389350119,1270.90463636952,613.829790449872,474.180574244195,24.0770179566878
NIPAL2,4.0972252518409,758.637698626913,273.045176161511,85.0608622960475,1.94069548648923
DEPDC1,13.6317232424847,605.26993387324,5.20427018499458e-06,0.113955171454842,491.159678835813
CDK18,501.493610710066,403.609726251803,1020.98619642663,6.11418415690591e-16,836.4730887764
GDPD5,145.487247437057,358.757095955857,1009.61524874224,459.517886452834,773.483894396576
DPY19L2P2,575.329759292819,8.13257622345829,243.427663499392,238.936164823796,67.0164538300426
ZNF429,0.000358368698947674,31.2513113940561,3.56051470741743,1299.83368717256,323.872790008063
ST6GALNAC4,686.546051752368,286.027583215274,1016.35279770494,9.75716733472516,652.365614323227
TPM2,318.663494431311,1.48201516527497e-08,945.629265475514,833.882569776033,1294.59204447821
SEPT8,303.63140955081,283.477877363637,105.927478647118,208.617335301542,736.587640299649
CKAP2L,0.0191758120346429,849.933048760396,2.34873056380886e-05,8.14293064049216,465.24202009325
GTSE1,184.062099354981,1151.77050321736,233.918973888945,195.222574404329,469.350845027404
C16orf13,1094.65210208873,399.893803312641,1327.71078468847,604.386599709303,5.16357780481088e-12
CDK14,25.8003256484294,86.9310954740158,3.55998709878285e-06,1090.62782843841,39.7351498500351
DYRK3,42.3022129943562,4.8715244137758e-05,369.234882945684,113.879173344131,1716.1384901298
SIDT1,56.4984230969935,0.0072905857226182,953.191376369362,8.76587742159718e-09,643.28284858531
PNPLA7,617.152625785088,39.4115357549617,1214.94090968303,649.476095080062,1006.47140872167
FCGR1B,418.615904382842,873.343852624542,390.144590499899,281.447392898754,2.95876738960681e-08
C9orf89,678.288608350799,533.655966989985,1640.03552332108,684.580780553975,316.882188826563
PVT1,435.853731034459,489.756454514694,437.615217323466,1008.0663288287,0.0301182051062486
ZNF580,861.652516137594,304.811511260803,1626.17056942702,619.50594850263,3.95595712688164
RGS12,808.504194428962,525.596504450354,99.60979179243,258.831442863326,1292.2103979373
SERINC5,2.50303285924466e-06,0.000222285518077668,98.0975135722,671.969588615464,753.282111094988
SGTB,7.76688690268885e-10,464.427796991717,54.9735456398109,75.4202296507843,489.906023967659
PGCP,517.743143558296,1221.30070245743,173.483888812201,280.395709393823,281.811562157596
SNX9,227.702449987794,15.270551881849,545.243717730071,542.314023627893,1028.15997345307
ZNF321,183.667688507293,0.0227192342800231,124.297484139328,202.048760183942,1578.34956568667
LOXL3,434.278837349273,128.154414245564,727.506872843321,827.378812642283,3.91714188558599e-06
JDP2,177.992211383932,811.614848743482,885.57070680415,1065.27414072649,32.2680457340241
ACOT7,680.17828476955,335.119314546418,1336.90844571227,374.324847985396,0.000609355535210224
TRAF4,820.939485311305,0.000856057884749528,462.455352322605,678.383194463557,879.373744350395
PDZD2,79.4512808183242,123.189412091437,166.642447481443,28.96130847542,861.907592144384
DCXR,885.716795636712,830.364970062323,1189.49048643173,653.241756194984,3.17676271670476e-05
ZNF542,2.21936688057933e-05,0.000135079993496715,566.263678743421,287.690154362741,297.008198214786
TTK,39.9217424056235,747.757938220357,2.70726361549297e-05,22.9758981809422,124.549423034338
PKMYT1,727.282515826487,520.05518903625,1097.1425746392,315.505784709293,7.37511645455623e-07
CRELD1,529.666972784649,259.312010174254,757.160067856371,1613.28160915751,215.194331839252
ZNF788,1.41269245136775e-11,390.537044981298,180.689428840687,307.202838766772,151.828453478549
MOBKL2B,267.026566294344,429.610334461569,154.237471332077,9.86427287639572e-05,983.981847699719
UBE2C,645.202527807455,799.798127125247,149.791388577896,242.006629494843,202.859538882548
POLR2J2,696.169738657635,354.543425188254,439.508328200627,403.65717739379,348.913926988897
PLK3,895.839223238741,456.039344244055,937.512496359374,407.590149818546,149.998275873585
NAGPA,1018.61519814799,968.118642648818,953.909252067177,754.085516278094,4.1506563593365e-06
EPHX1,125.172311401573,408.761014527949,190.859645672896,1745.55401664723,376.078554198705
PKN3,678.336731220298,0.000118343999243723,825.65009224441,284.929794240854,0.0272159177527636
KCNK6,59.2084904928763,260.634312790041,627.549932365041,359.595584192737,346.483085053553
PPARD,549.021603026907,445.185537971273,656.109614964281,3.29089448532415e-10,484.778937347288
ADPRH,477.758383539035,1002.99510866327,12.8022885745152,557.52887621875,2.34784273434846e-05
ST7,482.256246028872,189.554990859181,490.891348396416,230.309249540417,12.6734610514809
HERC6,284.793898361742,0.0366110087786204,602.390728582939,140.899957625421,87.3664891569637
NUMBL,666.585379714315,132.454790725723,1285.36320202789,703.700066031184,94.4113126867713
DNAJB9,60.8660942953162,314.241202437824,8.08169786338707,667.753759628927,555.140705723644
ZNF627,0.00207174194684086,10.0380616467652,0.181991192013901,477.355780998378,304.902629436879
TRAF1,762.970787885294,5.69553476414776,635.753613601173,225.093993907609,555.772499321916
KIF1C,62.0889784649096,1244.41215251208,763.835219450218,640.235156127892,245.493227831812
SCAND1,1330.01516001159,279.746174379857,881.528920506619,732.840933919415,0.0272944703503171
SLC27A2,476.306416926687,49.7275225813513,111.718400218781,693.358366559832,1.32623859228626e-05
KIF16B,199.217803598854,892.365815035256,359.322487384678,7.84153055258458e-09,1045.79847232167
LYRM1,390.55410238384,308.168582969382,209.718671348684,590.299137315683,234.176958570085
ZNF518B,1.89986107975009,292.255542444035,453.139966591315,2.02368105596969,261.982933213416
REEP3,0.525576586451218,680.165661953221,100.091271908638,41.2918033106295,582.196765475565
BOP1,768.995962109145,525.099722691343,1015.68191942566,174.325728192729,1.10331470418482e-06
ITSN1,481.00221039188,425.121822029723,110.778413206162,76.7522206603273,440.504252652691
YDJC,975.511181572144,392.022432086953,1304.91005307573,522.242339517534,3.91947663478992e-08
STAMBPL1,48.0955582186598,3.20466793181524,133.0752514398,331.881271530104,1389.17556043577
P4HTM,710.42226161104,502.829539178739,1297.05015607189,1068.02749494633,0.113388908609817
MCOLN1,652.732664510527,637.318316109226,857.027017662898,269.272011072762,8.0192609673642
GADD45A,231.367006841756,1.49463626696587,508.12397190103,612.517410185508,800.482651132917
SLC26A6,539.241337805116,1086.83878240192,853.381471400465,238.673237785276,0.301329249456536
SHCBP1,372.596143171476,992.754531129665,0.0709666078244867,54.7201526752885,239.682937541622
KIAA1586,11.7170695985872,75.323218783256,1.17822471917867,219.944650810789,395.960097801086
C1orf85,268.654443421907,740.730465691574,819.635079641881,1457.75462183518,211.091385995127
CYB561,374.764048972373,82.4423282521407,1431.07012372829,161.807484553573,334.797549348917
PHPT1,1056.13375202276,739.992114999329,580.247338109396,814.565287443938,3.31410207815274e-09
WDR18,1095.92240864665,397.549840365774,1387.49589035879,331.32805380724,0.00466392805918711
CCDC85B,856.172318730433,237.356453067934,1143.69990763585,720.047307607878,2.19985576351628e-05
ZNF92,138.601772194557,340.428332981415,2.6604490220642e-07,161.120856905568,802.461460291311
MAD2L2,709.147282340681,562.224431085907,1165.68770030744,888.554534088828,234.004963525518
SAV1,228.095351127737,140.105054342626,183.463294993271,0.0280597875752519,684.469182585927
USP45,141.723586249023,256.63199288921,162.313715275502,613.382415201297,407.831356239404
YES1,104.708180845609,8.99022659385159e-11,100.576420330426,697.079028239743,111.108655845588
SEC61G,681.013133114799,528.264689097513,7.87035727955259e-06,1138.08443172192,265.749245821397
ZNF358,705.757472045989,20.5755425136327,999.758103357364,871.924040422583,401.000185799556
PTDSS2,714.369368962503,187.363000316513,1366.11519523568,706.525755857678,287.701473123133
RABEP2,1492.44889310507,340.191889020598,874.929782067027,483.637683436545,0.968817801478585
PRR11,313.77802103865,1156.74609971656,0.784625876149256,0.00370021901583884,487.20667376666
CCDC92,503.202305242206,172.921754119673,1056.61108587783,843.591590720711,778.668563830388
ARHGAP18,67.6446664431457,608.493067370596,0.9438402756734,65.2564409680334,643.410063471469
TMEM44,542.379198584828,0.00584791193438979,271.059464567602,476.418214486872,319.444681743745
THEM4,680.329016808897,3.61869336622154,887.321512862641,707.45223139249,74.7530902640066
AMIGO3,900.033402085759,122.422834032099,704.355108547537,843.523141658835,562.858114039994
ACP2,297.197951518752,635.377539863862,1338.21053111389,304.873822276051,36.2408718469095
THSD1P1,157.698259473198,0.0298521362128493,562.317914524552,940.019475125978,958.060319222454
TRIM59,294.496520819692,443.56824151313,18.1405200844444,72.726970093262,528.246123106903
RRP1,773.696351041069,274.67790975792,1073.13661848047,541.767525584422,70.0416340380062
CKS2,722.734327855254,425.44488121448,80.1702169756896,304.733024306959,79.0130709843971
FLJ39653,557.269429453927,75.0421616850576,358.631417720903,189.114791657037,841.807700672644
SLC25A42,506.897085525167,72.6820136327251,543.862718713941,1196.54977108023,112.954520498419
KIAA1467,150.071045409373,10.2742324243797,30.5148723083007,100.813139721811,946.852675406021
PTPN4,0.0157075892900973,8.80018046412232,357.99821444575,328.494782721909,932.601174617989
TMEM229B,173.980426201207,642.934765772828,1239.53871370375,3.53987527368204,563.944724125784
LMTK2,36.2687775857381,176.087135077196,186.506566950366,538.069860231766,1003.08469168114
SLC16A7,1.74762292188684e-13,17.3012766738986,680.113764226553,156.819273178614,575.891892547578
C1orf93,455.668009904644,146.037784120977,910.03021819956,633.107513188909,240.325072025153
NFKBID,523.12295543631,228.171088743026,938.034581311955,925.057174016492,184.618476312192
ANO8,419.640405363831,795.642068184335,1085.40994982311,497.666221307885,316.02158707116
CLTB,868.927410028152,762.6613173294,1063.70287605407,942.574208759435,75.4225121419349
AURKA,236.163640081116,874.744062866048,47.1848411517367,215.529829365317,41.9487468494562
TMEM220,65.9981592946781,1.71403790955729,148.744703944251,468.810378990623,1094.05211533439
LSM7,1069.48550951562,259.934650256044,1108.49407691904,641.033005079472,155.495258163094
CDKN2D,485.899956782607,798.075356734184,243.018284133648,797.244564922276,548.041499397587
B3GAT3,895.815870123918,383.159388894413,1376.30243431906,688.100197109444,103.699678440506
RAB3IP,202.503305398627,266.474201168394,0.195408451932761,307.859748165574,454.606634874791
UNC119,796.391003501717,827.752989025907,620.469290274927,7.33485091850635,406.956755716458
LNX2,0.095277679530495,404.232906889588,490.287430052996,21.7979678782058,699.940033815061
BTN2A2,776.885208422941,54.6118431517951,212.333301625912,0.000117417708381004,835.198370302916
GRAP,707.494477786901,0.00122509094608542,1063.74784429534,0.324412319225065,510.272333021304
BCAS4,324.140816098784,428.866724931786,493.592518238039,971.165957175282,376.186980327069
ZNF844,4.52006087948779e-08,33.3835748965521,164.31808197867,308.170196430447,741.630651495948
PGAM5,945.776924217824,142.513213924209,990.10927175684,91.6383707450427,20.9637470898294
LOC650623,107.693250451277,12.0746573865443,299.218950421241,539.569938505849,742.002234219427
CCDC132,212.406298680694,369.218838543193,0.113076544485158,104.79449662685,228.198029102293
PCYT2,626.658883406454,569.908980848892,903.920768021742,937.866687863773,0.0106512173284937
QTRT1,994.057187523864,123.927514553706,1175.76772438205,186.536413495252,0.000353931828183314
RRN3P2,364.98547168552,381.954820190621,154.836771028874,402.376560389427,151.130474125559
WDR19,319.987437659829,169.852851254344,83.2605385205996,870.574147447873,454.415691744372
SRXN1,133.608797365295,931.027420705543,730.595867958492,260.623615477835,132.963031740801
TREX1,738.157996256606,637.007125769061,1093.75491872772,96.5316013046294,3.91286213187582e-05
C7orf54,459.826863724009,454.428222160845,1.95384834138666e-09,786.424678821368,406.625803505452
SKA3,238.021351819186,829.776649936535,5.85430245637401,98.5813816434525,294.207737253222
CKS1B,701.587265215816,741.357199947278,208.249327160567,121.459470906267,161.62032540025
ZFP3,11.3725246497886,268.810434052906,753.033719294665,742.936709855252,772.936116143795
CELF6,365.468290980296,225.409759215072,627.398511762758,491.624594614719,416.846590666655
PLK1S1,162.524077387581,84.2310112626905,39.369568281568,580.181334638009,626.915042490054
MESDC1,353.862285170107,250.276139720644,1326.23322377353,505.476805655554,188.791519513467
ZFP14,7.06506011213674e-05,79.4012444836868,253.761923709574,253.253833298469,886.631132264891
LACTB,204.72541267151,847.586682307646,0.000329723012486245,139.486910743077,126.577784327357
C17orf57,13.2759115154968,70.9357805461874,0.033573676876478,279.829210677859,988.45639660178
ESRRA,1055.68793400938,751.98831998542,845.988033706045,285.111541579545,0.0537563831274333
PGP,869.003453365492,927.732447374483,879.230340645955,780.10323742729,3.59232853473065
KLHL2,116.997232037394,1148.12057878287,298.769007946078,381.537366839302,273.772471514829
GNPDA2,147.946622436736,130.643595763424,7.77192872942262,270.424237485554,1077.60402454079
COMMD8,536.233556504115,953.436401431983,0.00362863942556143,35.4247621570545,57.5082474360265
NSUN5,1063.71097956635,951.665265944603,611.422504992855,577.995217159732,0.0213505783988829
ZNF566,0.393165740032954,9.47507769362954,180.300518172693,379.606900598183,360.927330849739
GNB5,209.761703033582,220.699879530327,530.299807862417,443.271575314418,1027.9947664323
VILL,833.996091432296,831.582578809716,913.239024823996,974.785278160764,139.939729738969
PDIK1L,9.31110240389027e-06,235.277395909537,245.506892805245,68.1983817952879,588.618651460683
SEC61A2,312.903042888824,226.353364461982,417.889588966088,353.620347010897,1654.26294513644
C5,539.320354298857,410.402896415076,21.1763620747141,51.4202132246451,335.062825215526
C3orf21,642.385445002435,43.471583192056,486.805865480352,415.016002205512,224.93757419679
MCM10,206.127866341084,622.074108472854,166.297674513203,0.375460963544045,404.258970412658
EXTL2,365.619223095591,244.010460172675,203.762239047287,574.09069898486,2.02296427229665
CCDC86,1080.93929042082,41.486477151198,1016.81183514449,366.942884026011,0.00202825323731188
IGSF8,942.359308486276,77.2736190477199,1350.72593648655,706.32160287335,212.732803547877
TMEM63B,383.084437024268,436.726510804218,716.533247939767,334.72471074166,266.195763160508
TSEN54,699.836877205859,4.39738978835627,1191.089336752,510.483102078518,253.410085211544
POLR2L,627.107495447566,499.44279218624,1104.43813156953,712.428011553104,0.000206520210221863
CARKD,891.286084126526,310.800190671675,1056.75510506477,68.985873485147,173.703148593607
RAD51AP1,91.6556424587044,679.530163019811,0.000403656867043713,20.9018545913255,512.215837928416
ERCC6,0.0159451820590302,340.680120712126,392.275020023531,84.9031258372174,1073.25060977019
GSTM4,735.972277479597,537.041271602386,559.316734960015,638.499772859374,80.1619784288528
C9orf102,0.251950208767881,103.645444773198,264.765324323888,88.1943691950679,1382.79756133182
FUCA1,92.910466152548,734.472981282319,322.085465089607,122.731134323711,282.857920364946
SLC27A4,900.440565238501,837.109003960838,983.823124037592,401.318622388553,0.17822793192273
MBLAC2,75.5578258129777,96.7542784760852,1.77912588660835,88.2647771445522,263.767489268287
CDADC1,25.1566124432644,123.261379883202,117.413282851848,838.497726044958,585.322926841192
VPS37C,612.689399913264,542.291225619457,771.306308885542,90.5579063558539,1.09574805874343
DCLRE1A,7.9097009495598,376.514142222289,223.913219462895,0.215815673660322,130.435820468962
ZNF251,217.18731001801,0.797880244256151,678.746260051657,526.825560274883,665.321776037937
ZNF136,0.0211068545594336,210.97674295989,40.4116751853204,404.867886908051,844.195744589316
MBD5,33.4086075308913,36.7043335693871,326.503323716333,142.100611387855,1285.8685479076
GINS1,69.7965761027467,648.176829755407,168.458297642402,19.525402543281,418.946086170557
WRB,170.463914177019,601.318925367611,140.092990238752,523.860824368864,227.014502694674
KIAA1826,1.06927136468673,342.04010914592,433.582073023047,20.3799087871567,506.516485316729
PUS7,463.94844443347,137.336108337509,105.832795484377,45.3568708637062,81.2194064769456
GGCT,847.514018546251,601.360720441613,0.0226290928588697,249.331870499536,43.5579159978865
COMMD4,957.804269662423,509.103262587587,775.369215178301,918.177371546699,147.482566902472
RASA4P,808.971968555771,42.7443839534703,838.868135913709,320.805887392698,529.167000744209
ZNF606,0.00740759253579737,2.78975248558314,374.073684134342,136.706996544806,827.343169628422
EML2,774.550928415122,905.640936858409,959.162702096724,381.361238871187,99.0283319522085
VOPP1,223.520435945703,662.624834953901,266.288507102972,0.195637880995228,753.384536023211
CDC6,424.54663014511,624.0237834349,86.1659302095824,3.58499359424068,238.794744606466
SLC25A15,313.631198608898,407.861423922382,208.001656852822,70.0708937653243,311.945143825841
HSPBP1,943.070462541393,257.276243249402,1104.68673632138,508.276928558727,0.00021196637647999
KIAA1529,191.40920160685,0.0166499184131369,681.386237941246,310.606884398608,280.52066311175
ING3,641.866098236727,372.353451378149,1.42559731015976e-07,488.048066345818,802.930971315021
SRA1,961.993198811685,705.320983894765,211.339997065609,715.671517753487,138.896755879876
ZNF184,9.08955715636862,197.653959875251,114.485516620837,305.088016747333,560.315638374584
DNAJC15,621.609885037345,132.910629042509,205.990147200944,314.632812786099,403.06458863043
ISCA1,497.742997160148,179.481550439505,114.416974782283,112.54372552422,381.371719711297
ZNF202,245.360552447583,192.763559700042,895.952019656338,429.593134205644,371.954226915756
E4F1,905.450306020293,379.554565369747,1333.03042985686,637.84803423295,19.9523786913337
LOC642852,321.790290025672,369.110902980999,627.133478580403,654.358331747251,656.789847415771
MAP4K3,34.8070752601876,54.6849302060848,159.842308396905,243.697122057417,1222.77088582756
MRPL28,1097.92574680452,700.594327788143,867.657991602587,536.770133648471,49.5040932969262
ZDHHC24,768.850614187143,142.915504874876,963.361183261594,931.706729376046,273.104136978659
RAB4B,932.104011753202,537.470074058355,656.34275529869,861.747228440857,460.880034595603
MGST3,609.519132375941,648.264115748442,431.608381065977,1026.16468105223,165.466630666939
ETFB,1093.60460568386,668.855148442085,861.001992380487,548.22655196805,75.2889052987958
NCRNA00095,834.824508802689,134.142700702592,32.1695108230684,268.310546222126,574.756112402765
FAM18B2,137.011270717801,276.753602604223,0.0471057665115845,609.026337029606,583.355378264538
TMUB1,983.223356226672,607.268838956301,859.773832552027,798.157960602401,20.7287705687198
WDR4,419.67480964993,156.27588817393,1025.7752865521,210.834506333601,187.951800001722
SDHAP2,416.024459371924,151.835233261855,847.781216910658,515.89390208154,322.656200379311
DFFB,337.593594077951,102.022898631741,701.746661301479,417.00489305172,156.543945901217
ILVBL,1011.76487519031,399.741069477068,1038.52434094462,418.301126061004,0.00724327481872813
IQCE,515.66854385486,1147.62579149104,512.324827075526,181.388412077956,347.719418125334
CCNE2,0.0134668807218894,515.444841833905,171.211322507482,130.715326496049,621.45195917576
C19orf60,1071.10402248209,368.779531114392,1159.33729540649,634.48985955789,49.6547159255612
ICA1L,376.166579516203,399.258326240246,0.00227629170540219,637.301367652781,548.83463099653
APOL1,258.401112549118,420.663998715678,645.563140192529,181.524505512508,436.875137471843
WASH3P,954.281969186962,254.189532546513,974.641486201775,638.47826257248,6.64543569089496
THOC6,906.128814651827,503.156640734462,1240.02050500923,430.586055305377,0.338164446887617
GUSBP1,264.934710579532,0.101469547609568,640.33894059712,467.17506678541,693.111775905533
PDE10A,8.26310751541121e-34,1.38679902927417e-29,147.269757645023,2.78034513289201e-29,87.9349698336252
NCR2,15.1750921630738,93.1450229463838,7.84152339678912e-31,1.56144206159062e-21,9.1967548912988e-46
SPAG17,7.63563460645149e-19,2.55835923564127e-17,248.046191581714,8.57821863109689e-17,94.9828875666101
ANKRD20A3,1.21730684496834e-17,1.31563878882458e-15,1.49873978155815e-14,2.13573062559231e-18,238.099768363487
GPT,6.60207277863233e-07,4.88408421408488e-15,63.4704127642754,8.24816957896571e-14,22.7782973657931
CLDN19,154.077397022954,100.750406783034,1.49525599694408,2.02072923577786e-10,4.34507641705604e-16
COL4A1,2.0601775136612e-14,2.83744013464847e-14,6.56854225143489e-14,227.827951159808,0.00140451065913713
TFCP2L1,5.64935765882215e-15,5.1004494062601e-15,260.438134883142,1.86981494307121e-19,66.558755870188
EBF4,4.72570016362615e-18,2.99766951596692e-18,8.56266010121017,26.5835825096635,61.6185241844436
IGDCC4,7.39639620509994e-12,2.09394258239528e-15,5.98672458252481e-05,495.743450543313,4.39405951319653e-12
ASS1,53.3416228788987,39.5081461275388,0.00776763463632331,713.380497858996,1.39196151749356e-13
KALRN,51.3129640606236,2.06404302175271e-15,4.76018755634853e-05,1.63992266847043e-17,146.109478844664
MEGF10,165.02900378935,2.36832003385332e-08,1.86551834986318e-13,0.00200308264996997,2.48562457576606e-12
SORCS2,1.12148076024679e-13,455.42179178237,96.6118384876521,1.12163333649198e-17,80.0760350793944
SHISA7,85.5748048055344,5.09181934951958,0.258749117398484,0.00389190292804424,146.683437328839
MCOLN2,482.933091040051,0.080402529028476,3.6689994146196e-14,4.82983863807364e-20,4.00477035297179e-08
GLI3,70.1309876379318,9.46206451435954e-14,18.1777090423961,6.2353034624277e-13,445.581513953932
SYCE1,0.379013534299482,7.19287892269702e-35,7.91110104498217e-18,1.60659934998393e-15,2.51388219488206e-11
POSTN,2.19418081817349e-20,4.98016722160934e-23,3.18103591014483e-19,1.51581843653234e-12,3.52703856286051e-20
SYCP2L,0.000374437674246209,1.47750503255137e-14,1.22696588322296e-11,4.48208331866188e-13,280.648789925241
BHLHE41,4.63571776444195e-15,211.533430050498,4.27250069835786,92.229294040063,6.15222141529918
CDH4,32.2498366498775,4.25064865859726e-16,0.0328308213099178,1.06487904963022e-15,445.317258501331
BEND7,0.234040298637482,10.2848270145247,2.68640076174809e-11,32.004102667121,372.335461886409
ABCA6,0.367811580618665,5.12169979042672e-14,5.70926560345537e-12,5.72822673425124e-13,580.39698136072
ACHE,70.3972375152518,5.98161019709799,5.62071702737462,68.6885329077404,168.681961559065
CUX2,203.393937772613,74.4135964639255,1.59588615781936e-14,3.12137007547869e-13,232.891767018357
IL7,3.22163691727498e-16,1.26298027471494e-17,98.0723018774426,7.93970107683872e-15,0.0849482772400273
NCS1,104.371009082654,122.572316753595,0.486540172599699,106.791089540495,0.00196110400127786
CETP,69.7425925213966,3.91580511518689e-16,42.3992123501196,5.3087275078648e-13,199.542323946087
NXN,95.0528832408061,3.82437287962893e-15,32.6245742078037,2.67528960604859,166.290386992505
GRIN2D,120.980743159653,238.060271037084,2.27703150965731,1.14201253549396e-05,6.79223359801174e-12
VNN3,1.24004573397902e-08,116.150774179297,3.01969361797221,1.37452346796513e-07,4.1173301111199
ADCYAP1,0.0196442706925491,5.85057458816668e-41,102.864568073333,2.32804843935251e-13,2.4697898228824e-10
THY1,3.14475206528453e-12,3.55538751465912e-15,40.3554661380877,27.8425182478998,13.4240801126253
ALDH1A3,14.3821904617139,0.000229505794338172,8.40726897274864e-14,5.53023438800671e-12,233.438244164967
MUC4,6.83517269605195e-13,6.82124357252008e-19,267.536223104795,65.4021139181185,81.1192439486477
C9orf122,2.52439985531572e-12,3.19695539742302e-12,8.24797568050124e-15,803.621606918458,0.000305234734881014
ZFP57,131.170744510062,3.17071515973713e-14,33.2726929384599,9.0714187087772e-17,139.600310451094
C10orf72,7.22927977536361e-15,133.668373952236,13.460357052553,3.638782571884e-18,0.119182797302615
KCNH8,95.7549969975003,1.6238307886039e-13,9.15304816573424e-15,3.38855509494275e-11,667.337517980618
NRXN3,13.3555371997579,4.18151769852764e-17,37.8511230018606,197.891773079658,123.091706041541
SORCS1,75.5390531562752,5.35257387524325e-16,0.140927955005211,4.84454734309309,2.24549237359191
POU1F1,3.45178585531665e-51,9.7785909893578e-22,1.0662972338166e-35,1.46099870652836e-53,81.317051752479
SNCAIP,290.457566316692,2.21463174735064e-28,1.91082824775649e-09,66.7918696545958,2.31704879877854e-18
TMEM136,0.0046843465572339,8.11192198643174e-16,376.432776231615,6.75333201016854e-19,146.93883433291
CXCR1,8.50260293313417e-18,94.75672518723,1.41826647356566e-05,0.0082540363375941,2.44138651170548e-15
NOTCH4,102.708783102201,43.5435898957641,20.5092506480532,98.5514163366977,409.678374304977
MPZL2,0.000373961954896832,11.0798540486564,200.289909712209,3.08758775794936e-19,0.014013369042842
GULP1,4.18242851201177e-23,1.49111811637088e-31,2.55850999329017e-23,6.42763581617378e-27,8.99375387311284e-24
PKP2,2.09198127852821e-15,35.4081280181607,1.21818772837195e-13,28.8654761283992,0.000484433359668878
ALPL,0.0384135708417722,15.8808090742206,1.47765792881258e-06,40.3960768616085,24.7079465612574
EPHB2,0.000425444545403209,1.55523159745522e-09,151.270888677807,7.09665165752844e-20,3.50465639769835e-12
TRDN,2.2343355738097e-29,1.30508856099733e-43,2.36758777026778e-32,2.31504453200943e-44,3.25967594883125e-44
AADAT,71.0255419245189,1.20745445587083e-18,225.604901736166,4.99855810848314e-16,1.72953043088903e-09
ADAMTS1,38.7949854893861,1.58620305393072e-05,4.21355898309224e-07,392.762208123789,114.231773848258
CHL1,0.728071059519527,58.3500746406101,8.39816687817939e-10,35.2339567439337,329.419672012491
SYT17,264.174478943706,318.812381819647,3.44683913074173e-20,2.52176524220451e-23,1.4786607393049e-13
TEK,3.10271658072539e-16,1.64798749398065e-18,1.2001899042794e-10,55.1741272582722,4.07200854849403e-10
PHLDB1,68.2826105713483,1.24046210748209e-12,201.526259927093,111.204497592575,26.3219110244013
PLOD2,1.97141088339588e-18,1.69033789824961e-21,6.43185280759322e-17,1.01048277494544e-18,1.44667839442436e-07
SAMD12,8.61172981185354e-15,7.95418990397513e-16,205.313892603437,9.08852018693855e-15,144.492686384219
FLJ37307,1.79422751705429,2.83602296689015e-14,90.3322504404432,0.0496572639352799,207.170197325439
SLC2A12,0.010994591276165,0.546079377161854,0.0776997379020422,80.0780928498691,217.603737194295
NR5A2,0.00347011577559769,1.58999181931662e-13,94.3704168368573,5.24727444399108e-16,74.8247806425167
PTPN13,24.7638348140484,9.08978409274838e-15,58.047157296189,101.733280365401,209.079664036664
SOX13,176.929528810123,26.3040917959609,0.00035014307266927,109.260719675119,384.031678508229
CLEC1B,5.32272620143365e-16,2.85054324384273e-20,2.46615921863918e-07,9.72752031965823e-17,202.201632385944
PTGDR,2.20076734242962e-13,2.10647283530826e-14,203.638386343796,1.3929956688906e-13,185.346771671249
JPH1,74.2568546169284,4.27588640818299e-13,9.87194830588576,251.144522108349,5.09559719470121e-15
EPHB3,148.101007820315,294.627805346237,172.470368294231,24.3621709212626,26.0153745241389
ADCY1,151.60318965769,106.41427865047,9.31674448705435e-15,1.24255167905239e-18,2.90810986917867
NPTX1,81.8783564813598,53.7352496485354,0.13971954200598,4.49328933257008e-12,2.00022091406487
RGL1,4.02280500520371e-05,20.5820460835309,60.0278904510257,21.8923127967401,132.606065175173
GZMH,5.90159358740426,1.79556931356918e-13,241.740780827411,35.1197310734754,218.603604215482
PLSCR4,2.27865462981342e-12,2.44813734302724e-16,43.1711992565664,2.99202833989212e-13,190.301113849042
CR1L,3.79410984210948e-16,1.88378880539095e-18,4.59946519313316e-18,3.43086817639413e-19,5.29319038511443e-17
AGT,146.774597107628,181.015030422806,1.04917049976946e-17,2.26790536750492e-21,1.30596613899045e-23
MYOM2,50.6483310575486,8.59441258559891e-12,328.507954864213,4.6802614047457e-09,310.929221056689
RAG2,10.9492162123436,3.51826593961781e-19,8.97992820349693e-11,4.73306044699369e-17,491.582106973552
AFAP1,25.7229209615974,0.111644271177529,21.412337883929,92.1560102246695,1.12225900452065e-05
C17orf28,19.4261632650552,32.4602464898295,153.455701654116,30.8324564845526,56.4233393715898
FAT3,4.95403558615744,48.8055887606349,7.58729794178819e-10,2.95315366328068e-15,312.026497620742
TMEM200A,8.52330627323361,1.03870767348814e-16,149.153083927245,2.52831149552638e-18,253.092541639498
YPEL4,16.0294611292053,1.6474516537305,159.4801120023,4.42089735022221,77.1847366247085
SDC2,185.432753674871,226.395332292349,8.47417445736562e-20,2.00540329097355e-20,3.56631153616291e-13
VPREB1,58.7104222884452,2.92820429607095e-12,96.4428038332383,3.23442200085416e-11,536.574309046672
KIRREL,70.8092555072671,4.9911384531366e-17,104.801815392885,1.27779060812565e-12,479.893024813836
MAGI1,5.68958385715813e-21,1.29909007000312e-24,1.23991928820051e-20,2.16651969748146e-21,3.78154927191241e-18
HIF3A,19.2440479034827,8.86950193341162e-30,84.7462927815667,6.40673300231123e-21,2.08532678145696e-06
LGALS2,65.0597430415967,101.32510938364,6.75675966671706,1.20189231988996e-14,7.98200759011502e-13
LRRC32,0.621883310466638,2.41308012298204e-13,104.93263232288,2.15808804739734e-12,0.00989218078414273
DPP10,126.87520952481,3.26153779931191e-18,2.3620844414399,389.828380213311,3.23454169514278e-12
SAMD4A,21.2963522924087,60.2700431045744,72.904821175493,1.96949382625652e-13,251.810611131625
RNF207,137.47602057356,160.035087602563,100.224422585122,7.98853296426813e-15,0.0774420440817378
EPHA2,19.9154556533997,1.13819524508986e-17,15.7188370922959,3.80861185271246e-16,185.073811410407
NR4A3,157.963296754347,33.6268330714161,14.5124585904151,65.7646209453124,60.4110986426468
PKHD1L1,7.29218247398661e-17,3.50078719443836e-19,4.54590731845822e-16,4.25689349530801e-17,4.99588584494504e-18
LILRB5,1.26993249847546e-11,4.4355608442519,6.39466084376458e-07,1.21336819445215e-11,8.31692214115024e-16
MYCBPAP,167.839982704981,1.70276474339437e-11,74.5858288952047,1.03526042578605e-13,150.763969977644
EXPH5,2.30274655946755e-05,1.0250788994619e-06,6.12298687883063e-09,2.46880676984417e-14,594.014052085429
OR2A9P,3.03177471887121e-14,1.14749588206897,366.400228051209,11.2476742652699,21.3074558297782
NELL2,30.483973760829,4.52217259849708e-13,129.796206480737,0.0850581918843151,1.14188685557215
C1orf226,64.354112500659,0.00136037771515641,189.369273426234,29.1743986204378,174.806615368702
TGFB1I1,8.35184967161827e-08,5.08571414008247e-16,376.158584041217,98.8785201522794,169.152515139304
MOSC2,0.00831131864907364,112.652959241023,7.65402536989372e-06,768.541909227964,5.24120053097265e-09
PIK3R3,136.862840110426,97.57420143042,10.7526024047928,6.26755789700621e-12,312.635768232325
SLC16A14,1.81489731357422e-16,27.8781476240103,1.18379000768434,2.74836212658309e-13,139.653354433243
IRGM,59.9187808941651,4.71925982639561e-11,42.8324062693703,1.74886491237196,560.865191878897
NPM2,0.00238287614987904,8.04272135666212e-14,520.281264964862,111.641433655008,209.972912223631
GPR44,0.0901642839469692,6.85941661090633e-16,278.360291837427,236.254431919595,0.000100693277040883
RAB3IL1,21.5575883064096,0.0197786615913649,195.360414980524,3.35435649239867,15.5506211484437
PTX4,127.490123047514,0.000550495467703792,56.7520681075289,159.806944207815,3.2174237439951e-13
AOX1,53.0061645794147,7.54517988227298e-11,4.90568576706483e-17,3.39310846262587e-14,707.104190885006
SLCO2B1,7.98562780927742e-15,3.39150348243826e-11,8.26542140280988e-12,2.3044851916855e-13,1.58839223982026e-14
EMR3,7.80666306935021e-10,155.977736426834,8.10214726128856,4.69753495545154e-05,0.000366752083180862
KIAA1324L,48.0015603361837,4.42207832956884e-13,163.323894543556,4.86696461676366e-17,168.36811069374
MCF2L,0.000636344928391142,3.01157759374278e-13,140.634180509686,125.27217228538,480.902436883998
PLCL1,4.40117142138146e-07,101.53593800387,0.00017351767584967,5.96306184453149,102.166955031265
NID2,5.962280755148e-07,6.41472638826264e-14,7.06841000570881,11.0866054552805,203.096449884519
TMEM105,144.805907323785,501.45284957696,1.05243408110353e-15,2.41678961265541e-24,2.43281670016679e-16
NGFR,39.1453643265422,26.050025979526,12.0070844439055,1.95102863259544,168.888699699007
ALOX12,4.77159835719309e-07,4.05565373626772e-10,190.036709372549,31.3332068954463,138.408934329162
NEFH,177.840318125066,8.44163563491913e-09,83.2260183743941,34.3163957014302,0.00133536906395399
AKAP12,89.4401329865455,4.10219223181471e-13,27.8860763041589,181.573622768875,189.00764339904
RPS6KL1,433.676418034956,8.48077440491673e-06,0.00187964462906572,1.87793118791878e-06,0.000125563944609021
KRT17,9.53637703127655e-05,4.33399673772412e-05,0.00422591049337078,522.08157244154,4.40699622958918e-18
SARDH,315.613760927062,30.9037267158438,191.773914730234,0.0310083991764662,97.3227625057564
TBX21,1.01858728910175e-08,1.07269936722855e-11,317.773160119988,45.7701890042318,184.686121491543
CCDC80,1.34317592349936,1.76428620406072e-06,0.000244328927321408,28.6342679577284,144.14323159568
DDAH1,111.093759142224,8.70269993040889e-14,1.96418958044078e-13,1.15588999156197e-13,5.77662878718372e-14
HRNR,0.463956834811811,5.48701391503942e-11,135.338073375206,1.55773693573795e-12,284.693637565901
ANKRD22,6.85843375930419e-06,350.193307231348,9.01530623493674,113.522805694842,1.83597212698967e-10
SLC2A14,300.659773907297,102.541393302337,39.016647087826,20.5836069268533,2.10352827290306
FCGR2B,301.701257880485,123.172066340048,101.366119360044,0.0563928818067501,1.26230958871757e-05
CORO6,57.8943331168772,2.87330702364452e-12,103.127725088136,212.785448965967,658.076211040657
TMEM150B,2.93589190666749e-08,194.273209639556,411.210848821757,0.00137222091553381,1.53651260679718e-14
PKIA,3.44509865739917,1.22457362975112e-15,4.66635078957477e-05,2.03754946113667e-09,328.92318742118
ITGB8,1.36626424415846e-07,6.59768147385287e-07,95.1657741726629,1.41653733608734e-08,4.07330783177626e-13
TGFA,54.0375469134073,37.5435411518648,2.26529817643139e-13,696.352537636833,0.00139967570982847
FBXO32,326.056674540147,59.9741411176257,38.5126370745896,1.92264149765052e-13,181.447512752163
PLEKHH3,198.392408569394,139.875290932951,169.481753044762,6.06028748517932e-07,0.0768539564142795
PMP22,117.79846894482,1.39420883460203,8.87659482739398e-11,143.638702650794,26.3834960342327
CNR2,38.5229599420912,2.70170392351614e-07,345.619412312735,43.2630480321519,101.695878032644
PDE7B,18.8865648891222,159.969846991014,13.3698401399266,6.54821180122041e-09,184.422796386685
PPAP2B,43.2548647910277,64.7570744568895,11.2457927523073,20.167917983836,308.761749310828
RCN3,226.629516902843,14.6985063001065,138.255392890607,13.1923925934504,0.0154671275711384
SULT1C4,0.0116736012905563,2.21188849541974e-10,197.546510815243,113.496174281027,0.251718596848546
KREMEN1,0.386401773724722,40.4095669139615,8.34501467241796e-05,32.5964031598738,230.289951916907
SBK1,0.547905058094596,5.06924046931581e-08,305.310944269464,23.2053646052562,288.258107878439
TTC39B,4.22145110265586e-14,1.20303950190848e-06,320.123101735784,2.11480624904229e-15,175.030046476541
CELSR2,283.066666523105,284.433938604435,76.7023857724907,3.88745799336265e-11,151.322957123859
CDKN2A,229.90181846073,267.833580153762,54.3190396339551,112.70534094913,2.29430950703059e-15
LOC729603,9.24099514188917,323.006982610613,66.6932290394948,4.5665445968201e-08,348.912705470843
CCDC152,3.31965798569278,8.5178249882299e-08,2.43995703474834,1.98132230978013,251.38661617264
DIRAS1,4.21549819626989,3.96986911828977e-07,81.9760519742765,22.5119067118242,474.574493425235
RYR1,29.043766003991,69.2036917263754,168.275460310511,2.54789380956776,5.3806372483242e-13
ZDBF2,3.37322570531366e-10,2.83546938128629e-06,77.7266446495363,4.69689724492526,117.613981839482
TMCC3,7.88156722795873e-12,18.9688890763996,1.56235833685991e-09,3.95443408628627e-11,181.293293498042
RFESD,6.23193170573829,5.45879105257259,5.08910175762988e-13,50.3696622610808,12.1106287692495
PTPRN2,226.265145485037,205.112504918419,32.5616334540781,3.13834075699944e-14,142.158737545461
BAG3,164.496264837201,116.444164381019,68.6168641712462,1.40682241963613e-15,184.541498022087
MAP9,14.5789485016498,4.19574956525824e-09,97.854784286666,32.7254999512238,319.894258889456
RAB11FIP5,111.814352572303,94.3041312752576,59.7568865400372,0.0235385350715551,229.525552687379
DPP4,126.151085775762,2.44544530611518e-06,119.306496709575,1.31604744860853e-13,34.6375493841443
KDELC1,1.32301442198425e-13,3.13262821301637e-15,399.287708699514,8.01076223770569e-15,3.54550675380819
C8orf79,190.25301985913,101.046373256295,1.33014562620272e-12,6.41613430446141e-07,6.79297822298125e-15
EFHA2,4.41728800198733e-07,8.97325074402884e-12,196.763171090571,5.08301301430455e-05,261.68187365802
FER1L4,7.65336551828002,105.015700421448,199.485049187553,56.0988270892817,78.1490380947209
SMAGP,0.330446112014565,1.18478474679517e-13,221.557115950789,81.2527593910258,424.295363996403
LAMB1,3.38383865932538,0.00188768346373731,0.00311812405656075,99.9315727503482,178.525765285623
RNFT2,163.064101369594,51.3329228174085,171.752035201391,8.81519784918758e-16,165.39420513459
CD40,145.087474788604,8.03259865481005e-05,362.376239298476,2.45982947214225e-10,71.5566970094892
MREG,45.0560759344053,1.94539276365518e-13,236.429708409242,1.3805320182913e-13,243.993358962275
RRAS2,0.525380841202762,4.15678090126044e-09,170.050323960568,104.030121930867,421.764591258852
GRIP1,0.0268776832000629,132.704663630633,6.9524444721983e-13,497.800515124645,69.6742744584505
C2orf65,35.5012601290013,0.000298543623104639,212.103417188725,520.827151264646,0.0345286355488518
MFSD2B,76.4941990915337,3.2843837549097e-10,191.750335015862,103.258992380577,1.9811458886105e-07
LTC4S,149.561304628564,95.6003107217906,185.647186516105,671.748078496927,4.32186010461311e-16
LOC730101,4.3098890586307e-06,2.06057064766261e-09,0.00236504621684219,2.82777586141402e-12,202.877736974046
STYK1,1.64348926382425e-07,1.00246056576832e-11,206.149841161098,229.46683035291,344.271839606499
NPR2,8.88260139715662e-06,4.37647475906707e-10,576.409706345511,0.12175866579697,3.70971679639276e-06
RBKS,368.204729077636,434.300451705487,0.0298523648468855,79.4368931210528,6.60189175674464e-13
LOC100302650,197.15204135312,85.5900668300999,46.1202144514715,39.3775024748915,40.2359446156878
MGC12982,1.19269394892063,131.081408768032,380.318784557304,0.119901308633921,11.8601161200496
IGFBP3,74.2056579749269,9.32094845955264,1.78884242905152,29.5880087698638,195.171944202135
HIST1H2BG,104.408401794421,8.3423203376759e-12,155.867681549984,52.2184685173823,335.559539427432
HIST1H2BC,28.4510134642572,112.942114480769,30.6367019365124,89.9039002557248,323.022134605153
C16orf74,502.199982525323,290.239002140995,51.6341999353494,216.312480684588,6.78827590559802e-13
TIAM2,118.124790278968,4.62451554916419e-09,67.801923873818,3.47869771513133,393.288815939732
C17orf69,9.54545141739334e-12,1.81413990213826e-07,245.041234203506,1.43155964042466e-09,280.710629618658
SNPH,281.661773259186,38.2222105835517,154.113441007479,2.70160846394628e-14,111.789629445787
DNAJC12,220.089291179413,1.61580458833779e-14,0.013188071370369,2.46023133629448e-14,0.0378745483042783
UNC5B,18.3432306420123,44.1430290035171,183.861142459846,1.10611876223211,198.233662211443
PMEPA1,254.595259802716,0.0209839184433542,18.4489774861817,108.58140105297,434.161091477248
ASCL2,125.943588379431,99.885902772197,439.499515887359,304.048124159138,41.5174400825293
FAM157A,1.35647822891721e-06,115.368911258699,113.009761301469,123.034878575191,38.876174459422
PTGR1,62.8223328735884,1.10516745715758e-12,184.397305157757,303.090862960491,7.09221726122835e-08
OTUD7B,79.0939476275417,0.157940912776156,0.0876505934305276,88.9451843936141,0.0451316520772163
LINGO3,203.206914715243,8.16801197381866,176.6672984381,471.36071135863,288.961763512338
TSHR,28.9635067030969,13.0693918834824,6.82670255648044e-13,527.696599193342,77.8994301969256
DUSP19,0.000305968939052192,2.03974825379082e-05,0.202296032244694,2.6672906041229e-07,127.481428880077
CCDC78,431.700445136122,184.439925802087,182.636521127978,105.806428021106,0.058998501907407
RTN2,255.466760585266,137.785160850671,337.405640465214,55.614772435226,68.3283531999125
DAPK2,30.9585842866993,90.8960209891956,79.2007918445641,0.00191542586039666,57.7614275740479
RTKN2,67.5896165581,1.61690687844886e-07,0.00214809277745505,0.0341894325290939,424.13700170553
IGF2BP3,4.24118603819437e-11,6.08464036542349,125.076658179018,4.74730593364288e-14,297.710274534127
FAM83G,92.4443732897532,91.9501055328254,472.890511070808,7.76663921354988e-14,59.5531535300908
CD200R1,4.74399222869676e-05,236.088013792704,88.4440449194791,5.56988122008439e-10,0.0101788194736362
HECTD2,92.8855814508499,5.69930905662825e-14,71.1720310433156,132.718653591188,480.222880841194
HIST1H4H,43.2832517537672,51.9388245457284,164.571445765925,0.139743680155656,371.895626839743
GLB1L,110.362785147661,26.2445593651476,185.086551791351,130.09423494922,35.8269938214687
PLCH2,2.50091051355473,1.16458601137332e-13,392.539209521687,4.92675469489021,139.095484485397
GZMK,33.1068419455797,1.53142950552464e-05,164.89623109625,1.92901690174396,131.291555842719
TMEM204,8.69390903423712,6.64658366541905e-14,527.412426261662,3.67755797783966e-09,196.987664911143
RAC3,63.3702747109189,7.39203188765578e-12,506.964345373933,175.693795242684,0.000131777321769531
FAM106C,1.44217184926541e-05,178.643249278626,3.13317916667605,136.513793492461,209.838135052844
EXT1,7.8930772674301e-08,122.229908584353,204.619241594729,2.28335842664446e-12,45.0168588986505
DBNDD2,7.78509443713399,10.0737139963652,228.373706136315,96.9998068450681,109.019181358617
TTC23,50.9481747191164,4.5608275142043e-13,153.858888600795,232.479957896849,142.395156154437
FCGR1C,149.974801116131,339.029390356575,85.0452056778184,105.59802935577,1.68133946236167e-10
MUC20,135.341294095178,5.11806185465261,300.010973678393,21.3407097914787,189.122219114119
CCL4,10.3287677095981,0.000372738442654584,299.52246955793,28.1857713098958,83.1260965221959
MUC6,0.53037836077792,40.46988773634,166.786644454269,134.712756368276,309.274384008796
PCDH12,0.0260642823984352,56.6260891787082,315.955554098782,0.271776663204076,273.333239710772
HSF5,0.000231380739662325,0.0799485954612218,205.561656223981,41.1478256457511,491.892495411813
DEPDC7,107.586880770398,1.98515379023108e-09,9.23784424184078e-10,246.579008615135,4.74910281649128
CAPN11,174.015474724692,7.50617278069279e-14,180.536304470347,88.6640543516832,163.509946503628
PCBP4,115.513116988029,99.0354822423487,205.531230712107,417.295500826372,269.745258950009
ACVR2A,1.15400901359219,0.0480387647596289,131.213175262327,45.6815292489236,397.030192662051
SEMA6C,65.0701377405084,9.06896211547085e-11,220.119616197587,3.09480729962114,286.842719725252
PPFIA4,89.2949592717939,137.486783127411,240.911538703381,0.20310283377988,0.00643218854690532
SDSL,286.851796280715,232.097360231462,210.69484043938,25.0567086463386,1.03995686565846e-12
LOC115110,164.978575779543,174.471986444514,143.3271365486,318.518840503121,18.5590585756258
F2RL2,4.16044462853228,0.00514871680728645,0.000186342753891454,104.990562606535,560.129787300512
NRSN2,241.916080067998,2.03862322195224e-05,311.437270429987,248.641591853067,105.373660093131
PPP4R1L,39.4105215862046,149.820617088498,153.016435695093,233.643126926088,339.622288868597
TLN2,222.993486683682,57.7767055086914,132.469116729451,1.41872823230934e-05,1.49244387724776
ANGPTL6,160.265256483625,3.86217774214489e-05,474.987543773725,122.145967007521,4.26943935066276e-13
AMIGO2,92.6465988635056,0.124271931819259,1.84114147066789,90.1350097859322,317.402259615956
SULT1B1,1.4359778186844e-13,173.276151964942,31.8228799426265,233.807599960799,0.202680713058196
POU4F1,2274.81797516593,1.29132643607603e-30,2.1203611297958e-17,7.95776097653305e-16,4.13102945871784e-15
THBS1,350.309644960114,0.000259548942447945,856.525388186142,4.43136351447021e-16,2.37791100443038e-11
EREG,1084.40801590403,4682.66139751675,3.7213710625183e-18,1.06817109466125e-12,1.10607639824222e-09
ANK1,656.497548497021,0.000375854803814605,12.2130567836187,4.61135610280703,207.276340323356
TRH,2495.79208655861,1.33200623008554e-20,1.62728265777105e-09,8.00277494323485e-06,4.8595385758562e-06
BAALC,821.888942355081,6.97978359768169e-15,2319.78927938097,8.1125227029746e-12,20915.7326776261
CSF2RB,1.41100361230625e-12,4.59670245393746,9016.50364923691,983.317967566378,4.86743026511665e-06
LGALS3BP,2068.32472872644,3286.47251023782,8748.40667564231,3.13102499995544e-10,1.18339840623254e-17
LTF,1.25773489518353e-14,34.9179724277554,42.0661443664043,140.948261898818,3.65075534512254e-11
SIK1,2899.81981976355,181.078365539169,3134.04488726637,1765.6894570425,4951.47099157509
MMRN1,2.08170612500568,3489.88095218936,1095.82232482502,2.53381004841227e-17,2965.69065238412
RNASE3,1609.30457956028,5173.48335331574,1.52313686075157e-14,14031.8743518464,1.81457493651403e-17
CD4,7682.08202300936,7797.05211960977,1070.77374980763,2.40317445870874e-10,1.89391680559382e-09
SPARC,2346.16250779233,3.85084169521814e-11,930.564865656542,2845.73733313942,6215.99444487278
IFI30,1239.402704465,4753.20384928779,2844.78769397718,1.64325977723774e-09,6.83204573392829e-10
GPR56,1.01026878386792e-13,4.37807267703309e-15,11303.3310709879,0.00335714933265071,5268.64780787116
SLC44A1,2542.72519527184,12576.6434372481,0.00977094664091177,16.5174886330002,1296.0351859488
MAP1A,0.67091896650638,5.15975124667973e-12,0.0126049016812945,5982.04938154932,9126.0550020217
BMI1,38.2631007140076,4799.63316820804,307.862133973692,0.00491000433130083,12592.5168063097
UBASH3B,2869.87666566992,0.000234085477417015,822.918277602872,6.4185355652161e-14,13062.0481308835
OAS3,0.00959161095689454,6.8652625686239e-06,7362.43700849868,2.4247347200605e-13,2393.03281759028
ITGAM,7.71245397998731,10668.0568884396,3815.64275367758,36.3695642344797,44.9015429152948
LGALS1,5957.74367979311,11444.9823290857,3655.0801760184,4223.56663669785,1.18145058812067e-06
TNFAIP2,2466.9039663653,6555.14185991586,5805.01715977175,2995.38705035793,0.318179472752364
NCF2,2351.91232054346,7524.01927996062,27.9615149494844,0.00011642751877962,0.14448672492433
LY6E,1447.49220942092,1.14061079165124e-06,13269.7175078749,4084.08021209204,1.02306040890617e-05
MEF2C,358.507219648612,4389.56335884576,188.018866475608,2.59043177275973e-16,12543.5854501361
MEGF9,3.43320145389622e-09,6380.03592733298,8.83858847957236,264.407222623562,614.623229683584
ITGAX,2558.98280097053,10173.8089390317,4225.28525782149,283.890409981633,1.97665634346829e-05
MS4A6A,4295.31307554583,4856.8677461596,5.38647058066518e-05,9.20954496546315e-15,1.56854042772695e-05
PIM1,2575.19971188837,1297.06139330449,9837.12830129874,0.368396807725999,36.689855430097
NFKBIZ,2522.47497400188,985.291543078671,623.663593679152,2334.39686095719,11811.9911251017
LRRC37A4,774.572323383439,2358.3806898644,38.7520612114755,4864.49485992355,9197.12509530701
ITPR2,3.4746026029288,0.0684556912376565,30.6164633479275,6012.78393312358,4433.44200579034
EMILIN2,1289.10230395406,7015.75904605519,1157.55377925489,13020.6400986171,897.585764703295
C7orf41,664.640698024379,1.42445494692466e-12,1787.96193126793,0.896343292396913,11900.1510026594
BTG2,2.24690803824669,1809.88445216305,4158.8127355252,3563.07775925421,5882.07985276164
TOP2A,80.1738255750159,8523.90425740776,1.02534496896165e-07,0.206174509311753,4702.63348482035
FUT4,1458.2045387662,12059.669808704,2792.8293781783,5123.6663864284,4.9686466220042
IFITM2,2606.76529853399,438.165398215015,12285.3656220892,5569.12559881169,1072.94186108334
NLRP1,1481.90806138397,4239.70648073501,5028.5276257965,1951.64935971761,2788.83441814209
RUNX2,3562.87982549067,4163.26077168617,17.7375192537287,4979.48228553927,12934.4151631515
HLA-DMA,10190.626639114,1.02657110521476,1889.34984343409,6.90348999017188e-14,8633.89521041767
CYFIP2,3393.3574243782,0.0308619998765444,2747.55202828112,64.5492513214497,9580.03107404288
ZNF117,1784.49828067667,237.016400021469,2102.417824338,4440.95070429558,5841.09276477311
TCIRG1,5551.82198363815,7469.34605419408,9283.928713363,909.710341994759,6.07098700686717e-05
TYROBP,4507.29420439614,6327.17980932601,2102.40683636637,6834.88827856145,2.85549153778117e-11
PER1,6956.62003591359,3674.00615160431,2066.36570898956,5033.93410387856,2605.68444124469
FAM117A,2328.23269138563,3.5286531034647e-07,11062.4506742261,2489.45456900446,1836.67298267909
GYPC,946.625915996428,2.88136633876306e-06,5794.57668373836,5833.22789073962,3682.75538888502
SLC5A3,1.12962153055216e-05,451.236091851434,1227.6417035182,192.840847862144,6000.18817477848
C15orf39,5631.4349350003,4000.83714165945,10723.8562765343,2904.66247233852,2282.79290812054
TLR2,1602.36522349669,4997.19042791005,0.000250760438661541,2383.9037190712,0.0171622260930266
STAT1,615.157086452048,1735.72813100393,1185.44769623911,949.578610665812,7229.89818728909
MICAL1,7849.26402740943,7439.98770834511,4697.44918250047,730.873308595337,3226.11288659711
PTPRE,485.827471675314,5745.33770998317,2345.54489643018,2668.62662482708,5340.68180783734
LAT2,5033.84198678296,8918.1903657147,4081.75110217926,365.498810753496,4449.02858195871
TAB2,211.359676933854,433.154980308399,1255.39144967752,948.752730200817,13119.5820402138
SIPA1,5741.87921900689,4003.29705874939,13649.7019582929,79.0481909148185,2141.25546349573
PRAM1,2991.75054958623,1349.35453436327,8188.51647482525,2038.20638049094,0.0544025373480565
S100A4,1978.35596787557,8274.31383335133,1129.80947360428,697.640674036823,997.922901294514
MYD88,4802.91039521017,3785.61154927928,3694.6614758297,1281.85936395566,1263.95237208702
CD63,5115.51318509075,5290.84138457716,1119.34353379097,11534.1709389528,0.0695600685881166
EFHD2,4665.640519072,6065.44630830182,9775.0535366905,2458.52959690015,1.73115105981335
KLF10,2271.85195460435,2144.43691577585,3368.96849642627,2106.2447825184,5714.1470513501
RPS15,8727.64659469796,1303.16160163058,9483.40979190639,6755.348282919,0.132299047865055
EMR2,141.363673033894,2396.56224565657,6054.24446724002,4097.10686192316,8669.33286541306
CPD,1284.68180595875,6501.84273892364,0.151015832893692,3807.53101865199,1437.42261323035
TFEC,0.478452275379009,4331.38963986258,10.2848939405549,1089.58975162754,5473.03971742777
CTSZ,4303.73645201834,7429.17706785067,1023.32682368361,2776.26194521812,17.0983173419572
HSPA1A,2537.71926889038,3767.729529943,7414.55604615809,3245.20946643475,513.726996359458
TRIO,3594.59048374433,1.97203741152318,5744.04654328765,2689.33810835938,1913.46392195796
QSOX1,4304.37321806265,8740.609877729,3487.79321428801,8404.61118527359,2.24432071683763e-08
LGALS9,11277.6600563709,1807.98968505713,2475.28986798177,4.55097258741408e-06,1396.16306145261
IVNS1ABP,1866.72753827056,3155.66187781123,358.400839251601,7.28713215731154,1421.89732593997
NCOA7,15.3112754813758,0.00405764548067866,1980.54319582275,1142.38233302026,8827.68541296254
ETS2,1127.94926891835,2927.89448061529,6867.16838558332,202.798707316555,5577.64047708496
XYLT1,587.407778915672,2643.76718180296,4078.14378440475,1753.49385515673,10195.2162891502
CNN2,3559.4833732028,732.944060326759,9556.91120718147,6346.39563705538,1214.54160037376
PYGL,2563.61745067244,5668.95606257127,316.395463442868,4300.66241551764,2638.0005138661
ADD3,0.57356386562716,3728.84605748102,558.293609041076,42.3160994600132,8540.1361349264
OSBPL8,0.0060741466597789,6153.93093877661,1.15663932922595,922.280160148241,4709.54641741975
RAB5B,1307.6844566372,3102.12962163127,1674.01548663412,14625.3824621449,2879.09636050245
PRKCD,2635.42029186416,9939.13251730042,4695.31381604723,3678.92370642917,0.000247265220857982
C5orf13,5099.92362820451,3832.71755047624,1.64484183640832,3617.77689759539,5802.20708044107
PFKL,8153.5158198671,2532.81131878951,8748.72069038799,2061.89162465396,1589.39799415221
PDE7A,4985.98479499838,4844.8181369986,3616.35138060041,23.6746027437718,2899.73686527471
ANKRD13D,4511.7563662422,5177.69597049386,5368.08897982053,10531.6340878997,1952.3483663083
FBXL5,4.85590112228823,6298.5155469523,27.1562174086809,2640.76631381239,1104.63586571628
HOOK3,89.954255514975,5334.36262214127,0.259614464143594,60.2827727870446,4810.39688581168
LITAF,0.0373515820049265,3974.57207535784,3359.2240308307,5690.15425812355,1752.5677671843
BRWD1,0.0176294275925185,1821.82880792709,1018.92490226196,3577.21571453452,10218.0358499719
HERC2,3363.2282706048,49.4945741519133,5731.96040254155,1590.75615397749,4125.06121041079
NUCB1,4682.87809399733,4398.41167656531,6336.66107563166,10503.0747245989,473.688059768786
PML,4936.28052512377,825.478855141039,10072.7066872113,6712.42949360433,1594.80229374431
PTAR1,3.76495779754869,2155.99219378561,1291.97876526627,1231.57075010157,12216.4380701096
ATP6V1B2,22.5563130348706,6571.45808970551,1930.01895923835,1980.25040441445,236.636728187638
TUBB2C,7774.43310372703,4556.34782895392,4059.63713127145,5912.46647602577,722.941003538051
SPI1,4871.77215460506,5597.98604556595,6669.88534164663,5626.39404786797,0.000197950199670572
CIC,5149.22064958341,1267.745444418,10492.8806293564,2036.64105972311,3866.58745308389
HIPK2,166.159050445171,9766.33460674162,1541.14355258824,3025.34779040862,2436.99743275746
HYOU1,5513.16767438848,3397.80729017749,4190.52809004058,7728.43061759476,965.304289055378
?|57714,73.7583088100465,336.588042933808,3216.32118705688,14.9685794424075,8643.39758550592
MSRB3,1109.71578899197,4378.10094941824,1831.49089005804,6014.08888311478,3007.71729186891
SOS1,63.9281899384768,1171.71993428776,524.979703186974,999.057281818365,4628.66193025675
MOBKL2A,5977.97353043702,7223.2877836355,5574.72111824048,1245.52058833559,2491.99773149247
HIF1A,380.133247414795,2442.99340984958,609.49464941564,2444.10914225327,8431.41700017701
RERE,3679.31550793757,2923.39503759118,8633.85745149936,764.968133893743,8789.72520563077
MCM4,2501.76719082296,3898.78694507806,5407.57594528039,63.5527422571588,2698.89263208352
METTL9,413.361133046622,8418.46999438536,663.911913086529,2314.35068547297,3194.9806244635
MAP3K11,4858.29395554525,2075.92714166351,11375.8640362481,1147.61921076393,22.5038743267653
DOK3,4973.46541697873,3211.66724510301,4884.65476532957,5919.52319070719,3905.49684247703
SLC43A3,1811.85050367928,4170.07714849692,8775.64709483372,2962.23869803224,1332.4947660969
ZFR,2919.69703771677,9820.87294409311,1697.16754306884,1319.11118823807,3577.38639774679
KIAA1147,428.17759201677,127.722914954971,587.835736981024,3115.85088528596,8129.22948301982
ASAH1,256.454398259398,4466.09466485081,684.84145210264,4581.29237306046,324.035551457997
MAP3K1,539.488242049241,2490.78530819853,43.8850770416673,5734.1795054493,3081.91067999264
C14orf106,53.2211866254439,4007.38766300276,0.000481783211647671,6060.49027340208,6311.77898451858
PLAC8,2699.84995588467,4057.12685755142,2876.63974909367,7645.76100266446,4232.9417878655
P2RX1,6200.7777173267,3489.55203021718,5085.44325758427,6643.58247325168,1811.02340708701
CCND3,2633.74611738071,7813.65675760023,8642.65301735213,2243.27265897924,2569.04514102239
RAB37,3803.50256611908,2778.838241919,3512.98679579999,107.645711305953,4595.28939232613
HSD17B11,3257.23503334893,2266.44314858895,0.0117774477016678,6234.63767552025,3602.09504828857
AIM1,187.670309330117,7979.985203811,1495.35071019698,2264.33433779057,5811.62830582004
NISCH,4307.62198928494,4402.54983627513,7367.1572696809,9732.31404925325,3603.51116680039
U2AF1,4934.47740807173,2775.49933429996,810.95463317999,7218.90707899669,6040.32722275284
GPCPD1,1133.27301772031,7161.93542414095,394.442422234909,1571.21936057062,3643.60797026579
ERAP1,1618.80074716282,2984.42066381199,0.18995735467104,3166.88437413489,6701.64094066017
HINT1,6512.60146753061,446.718793648389,261.124385826074,8031.39233172716,762.60666530994
SSFA2,1617.76746734534,2754.5605857464,1672.23348976012,2963.35286592891,6770.59618700102
CNPY3,5668.13374351046,5272.45827062757,7894.92635866279,6821.66067036299,267.177620018882
LY75,1120.17046135053,2457.17568991254,843.107870404454,35.1791555314672,6228.26396760111
HPS4,2906.46694816537,1.41808138417547,2784.13707678047,5841.07748598407,6494.89152338626
TNK2,4617.25452735083,853.626441092922,9286.44606834426,4683.09051308463,1527.12692861928
SH2B3,2526.04245874258,4203.80722127287,4427.6075506101,2546.13450465826,4167.04660989035
LASS6,78.2463867007902,1195.47751389631,6.63880725256111,3651.79558069463,8806.74199684384
EHBP1L1,3508.42275426676,4750.63566907991,6559.47424956988,1143.97048514269,1214.61802146757
RNF220,6227.6645371848,2170.74458650943,8577.6498030135,1751.45792781511,4166.25251013086
NLRC5,1731.14240225204,1604.64379804577,6953.27839205578,3200.53437839289,4148.17390053017
AP1G2,6322.05404941492,2725.1600723682,10845.2104378958,3578.42119896174,869.054518622166
GLS,532.341044176972,240.985141616321,2203.41947357044,1304.93358162067,8224.29919183875
SLC38A10,5654.87153230507,7098.6901144216,7995.83280822486,1996.41939626913,1.49015685519405
CEP170,13.7250724790186,902.935140788179,749.969110789367,3691.96764171101,8175.69685886694
VAMP8,7301.30544993888,3590.33494411731,2035.68200987583,8173.59354550482,18.5929528959873
TARBP1,2641.25534540051,768.999006554114,2692.106578291,2896.67730434018,5611.65467340951
CCNG1,3098.70122116255,1598.94906214806,24.4530055000565,203.130864265478,5634.22585248341
CABIN1,5406.10575374288,3372.94149871968,10129.1734026714,3030.60745937454,830.198960664207
GSTP1,7339.22489833439,4365.50194609793,7009.03310333914,2386.74728582681,569.680463427324
KIAA1949,3494.18844850695,4584.93002435518,7763.64413771238,0.00329837225615274,4565.05980566817
NBPF10,170.196986770874,2142.44245296358,1889.50961360529,2286.08119499157,5360.6329507927
GAB2,3187.48917429205,2080.94284821906,2599.90053432312,5308.46877174445,4779.95659229222
TMPO,321.697601457765,5994.05681338375,66.1588170803422,337.563350011155,5120.97275984907
MAP4K4,1529.21409485675,4654.3130311365,262.777484595939,6787.36679420344,7562.35237076001
MST4,6.14605351959591,1765.22871138297,236.040564110738,6702.4250934546,2861.57701542435
GGA2,6940.59150798614,5390.71352373561,1116.48485722285,3381.98184627851,3309.68678651059
CDC42SE1,1348.16188083098,5268.18515758105,5355.8661629087,2422.46030511242,3118.74923917111
QKI,369.872924664451,4220.08061900422,130.440653065878,2452.94224257056,3743.46626804828
FLII,6979.9359001038,5973.45566725224,5904.72655582316,3013.53102345372,5.29172169016008
EIF5A,9562.18015559212,3150.84731686555,3207.20326127012,4581.04856147833,4.67944400041976
TRIM25,2837.52268056659,5087.86512163003,5632.90231295852,1711.52227687909,3953.92616343307
FAU,8740.40349977892,1483.47367071384,7206.03593912192,4879.61489538497,727.131839083799
CSDA,5424.74027909359,175.457559605479,3006.09539715789,7543.09952686432,4134.18433368785
ERBB2IP,7.85601603221812,3011.71660316531,13.3216033027742,1538.03339197019,7993.26333154775
DENND5A,934.204143266775,2849.11145951366,3285.66552355352,4126.39847778364,7333.70428598273
SERF2,6831.28411202949,4872.53797733971,6095.20333511046,7382.97955435339,605.867462261654
FBXO7,2443.0526687411,2986.30717240164,3361.781660418,3960.45500479437,3321.98480402961
RHOG,5219.95008461904,5504.70205211898,6922.51042486302,4474.75131550619,0.457846425289706
VPS13B,1.64005652219955,1811.93386635289,1990.14176210871,1854.9437388965,7247.48989583035
NPIPL3,4063.73402662115,3014.73667427731,5025.10791241421,6686.59619662829,1272.09652206263
PPIA,9635.49026144369,4472.17950533834,834.096391054183,5184.48457086305,724.283160504974
ST3GAL1,2104.79031172876,968.757635720638,6168.27180974055,2544.6088399949,8230.92925481379
RAP1B,419.317408502357,3307.40176359892,711.725234942618,2066.13879642594,2416.80420817479
NCRNA00201,2066.14544043222,3853.01169446879,591.204551142022,2827.87214488523,7139.41311314481
TUBGCP6,5269.37025788,1919.94130940045,8115.66022815316,5194.7530969252,2589.11236120817
MFSD1,3550.06056976953,7414.24433768059,55.6876012026956,5861.70819180479,663.445761482896
TMEM30A,929.652433186069,8128.17916909402,1.40785707830238,2019.96153748315,3591.30423086555
ANKRD12,66.3619904110168,3190.45779257557,0.0131349714986822,4204.38605898152,6808.08406933306
HGSNAT,499.276314537893,1928.89976990562,3751.44155918954,7266.75458349539,2872.03115810567
XPO7,505.641186633186,2448.92549739998,4089.2368787892,415.433964295159,5987.31093906897
CMTM6,1649.32137233706,5230.78775115306,0.064131149763819,2668.13995070056,2120.87922721955
FLOT2,3679.66316409785,5645.18690384424,4227.59512650407,4882.79145255796,51.1946875061983
IL16,613.9148657649,2142.39954509903,6228.88104996613,1059.45169220489,6172.88105742194
PABPC4,9185.43500601738,2895.95157892829,2532.84691787227,2623.4498978039,41.308295006747
SLC25A36,2245.50601902837,1612.87871081574,615.160207585881,4483.79079933739,5589.37787368363
PRDM2,1080.35717932798,4329.91442687166,1580.21588143554,2365.45154395647,4755.62756263847
CDC42BPA,4.52652012477365e-06,2.81886150624336e-19,1.14591376320405e-13,0.00766913510845671,156.071609279851
MS4A2,6.18039849403739e-16,2.43740280530632e-20,1386.71121206652,164.776764238296,8.92174651444074e-12
IL17RE,1.26471710966946e-14,7.44668798214991e-14,50.979377270264,9028.84006787538,2.15189816759756e-13
KCNH2,641.201051514148,241.744127531314,565.442270591496,0.00491033532193165,1.50553190227295e-12
BPI,3.62568494282529e-14,1387.57688375517,45.3634418258508,720.087964913776,4.73425295751576e-10
MYH10,0.102542879136317,1.04684998828694e-14,1.96763133916841e-10,0.0299388781779173,17.62696991743
PRAME,13.0449350217363,5.47221540143674e-07,558.845491981028,32.6757727199755,4.92213341285118e-09
NPDC1,2.31420834892575e-08,4.23410704025839e-17,6985.07275617041,6.93728364652735e-08,1136.69728517123
CLC,2485.9047403093,2.72394588059931e-15,429.460016059384,2160.11239955068,6.18902879569405e-16
ANXA8,8.48847221145616e-22,2.19950346816342e-13,7.18717666506178e-15,6466.40198899023,8.36565915600393e-30
HOPX,9.33876414287348e-12,2.72089097217682e-14,3734.76541047992,3.59977105990699e-15,4068.40249151455
MAFB,1.0090364682359e-05,2913.67725283826,1151.71195819596,2.43197087683807e-16,1.30539693764009e-13
CD163,0.000186644968750557,2757.08744534311,8.82218272631968e-10,9.68097401169412e-16,1.25188250469363e-12
MS4A7,1519.0508242365,2005.50305165629,4.70519757522927e-12,311.427982953662,0.000889319136357935
DLK1,7.13152479838359e-17,2.7601516330775e-20,1449.85355814893,0.200967452123125,382.72572087681
ALDH1A1,7.89614813347372e-16,1.34793790728457e-16,1.83847112525215,1.79970123741374e-17,100.669637285289
AHSP,705.292901726323,47.569707249623,634.813557179799,353.978530886862,0.000566512632781603
HDC,0.677099048809892,4.97984936669478e-15,1933.53796673028,1613.00551396956,1.63857081682841e-10
TGFBI,735.717322419886,0.00307645571719265,3.99595461808488e-15,4.95401002004407e-15,1420.22978804676
CD109,9.79598193751146e-11,9.64393369534783e-06,2190.18591410982,2.64749913922204e-15,6882.26400630708
SCN3A,112.148332417834,2.89207833919306e-17,1.56024360448338e-14,9.67883765257643e-17,6639.26326131717
TFR2,350.138073912437,3.63041037586352e-10,1.26876123882847e-12,590.319563995195,5.26666075275724e-16
DCHS1,4.9167169591708,9.59791409471655e-10,1761.0476662662,909.590548484383,6619.16460523085
GPR183,1473.52378491638,1074.98838186433,426.288147347379,373.82514922015,1365.34375142437
LPO,15.2706200194007,1.38635297337351e-12,2.63087715831446e-10,7829.02201724834,0.000352158222673528
SPINK2,268.994295857783,902.44648752364,1868.83020425485,3.19317189018033e-12,187.301175406793
PBX3,2081.67501165181,4237.17860844027,0.00537454547488926,9.12923282569708e-15,2.11756323347363e-07
CLTCL1,174.367120441046,2938.58324473518,2.43309987664416e-15,6261.57020049457,8.18423755747122e-16
GABBR1,1620.24948935864,385.664228870101,1.0999238139137e-06,2116.92916424491,4299.46771901249
ZNF521,2156.57280582785,51.7720685632807,413.328948830802,1.0014868000408e-05,4452.89624658823
IGLL1,2538.20661268927,1.85453867386485e-14,66.9419191765093,91.5209281931971,9.29740414279628e-16
ADD2,495.745697509748,1.16861732067116e-07,163.826468099882,33.3261923766507,126.5704327579
MRC2,1.39977786406026,5.73412756657626e-07,1299.74820668093,7240.92319900317,919.596671470123
CERCAM,514.612476608527,691.474256108492,683.25043251355,8149.55425985289,92.7967312807611
ITPR3,4.67735357071811e-13,0.0117079239653137,5382.8851352615,3.85086101804039e-10,1866.7267091222
IRF7,2994.40693489531,0.0234105937238951,425.115802784545,146.934495900326,4519.09078151496
LOC162632,1.21808461318043e-07,984.671444698103,88.1322599174797,1374.94632128099,1433.56042943006
EMP1,2.22009905446447e-09,5.08286241882164e-08,3402.03250838392,2330.29819612861,2538.64307908242
PRKAR2B,6.19353457353663,2874.34895166364,9.14475048536336e-06,4.05247101085468e-12,40.7015659843898
HAL,364.177621440696,2240.53810201838,4.35159037520951e-13,6359.52236825188,0.117681179638013
LRP3,748.247237056822,1534.15354965624,2131.52295823253,5408.55256802818,7.13145049585062e-07
HOMER3,2304.66523294443,2661.89073065843,353.387249113019,5590.53324550845,6.69624810781509e-11
SLC7A7,206.641850786456,833.669656902381,6.38052855300793,4.50171842214617e-13,0.000183211323701606
ADCY9,4038.21978005211,2388.99283841041,0.00923338028059879,729.158554301932,1727.44523689575
SCRN1,185.027835385006,5.98101648577793e-07,2179.42124602628,5.67948806839907e-14,3544.64599746813
TP53I11,0.00862905662303248,2427.7590031992,4027.3345797154,1238.67938053603,2031.49177491057
CPVL,1322.48653895883,780.500419201652,20.0487230784766,0.115906206328551,4.05213607407585e-07
CHST15,3.15775590883034e-08,739.965435775653,1.27449114529332,1.34858972451583e-11,184.240911819843
SLC22A15,2.0875967347314e-10,3169.48084883959,4.95543422645152,5809.46504334377,40.7329571372952
CEBPD,779.059948283708,1603.63370945811,2292.02112807383,1057.84419717347,1.52990566717851e-08
IL8,36.3939616135668,139.847462027161,1071.30569256621,0.10118333224445,602.94184257135
ARHGAP32,0.000104406094365784,4.3795292587632e-10,2001.42293664815,1.95031189022719e-12,3145.72882927769
LEPR,54.0907193815954,379.871152334122,4.11151487223098e-06,65.1361026209475,727.438454318676
TRPS1,5.61049632268712e-05,1162.37909510974,1920.86448068419,2.4543153039113e-14,3191.49171887163
FGFR1,736.387527148894,5.00756524209687e-14,852.967972750439,5821.47104888922,968.803876632885
ADAM28,637.027316801741,61.8773310144202,2409.49503459626,4.90166724027718e-12,160.654647343803
LAMB2,1835.43568030516,8.61817039412084e-15,1278.02721010997,942.819610309846,56.4964373141544
MX2,1373.9925121528,1935.025894569,1348.13254323301,900.341425506472,965.551167565553
CLEC5A,1.30257629608321e-12,2029.31123698601,0.056558551774397,2822.7760423917,2.1209706784882e-14
VNN1,35.6361439611927,1984.34443849649,1549.11017669084,1.120751815577e-16,1831.55361830584
ZNF385A,1855.40532054131,2327.46527761537,2558.29915552101,1.70292833396132e-08,8.53252398052809e-14
PPP1R16B,74.2589379657147,4.66148714013038e-07,2762.53149542386,694.589425290657,6254.30083156249
FGD2,2368.49603529333,2128.44166331004,489.923811128538,1.57450245655344e-15,0.00119708549429948
ANXA2P2,489.783418578525,3332.91612900605,345.508481399881,3113.59349331766,335.570576576429
TNS1,549.796391574409,30.8878739485139,2269.69855216651,1364.7686552268,2193.23982008718
MIF,2406.83676799157,320.469587164059,5194.27558184334,2430.78092754219,4.87766277958731e-13
PELI1,149.231221237163,1527.47766999252,463.78201728295,710.387556294639,1541.80944845754
ITGB7,3785.09542936112,2559.87354941662,2142.15082538845,31.4687548885839,0.0268955645724693
FGFRL1,1145.42210640948,675.047569739647,3143.31672169663,5656.6625989079,22.6438877023397
RBM47,17.8288667951214,3459.86787854011,4.44585854518506e-06,9.30249553162923e-12,16.0818391092439
GIMAP6,2.24432680018326e-10,1.71858701279019,2246.44640601914,4.26966695452814e-15,2280.57920858375
RBM38,1582.2365850926,588.389557732111,2332.88527132376,1189.32060896235,2043.45860681745
RASGRP3,584.089753372838,697.987192289849,882.314554879559,1589.675014756,2.02174247176858e-05
STON2,0.00155560807961484,7.61248667867218e-16,1441.92619881579,95.3596566793464,1080.08825548635
JHDM1D,3.38544920335802e-06,1139.02630784126,1.6238212919359e-11,665.92584093181,2789.28616521619
RNASE6,1670.02251375929,3931.99095788654,0.00186304569922714,4.00990797135378e-09,607.439640331959
C9orf72,381.062271325481,1683.94648581482,5.55347053394227e-05,1033.55066063955,1992.64915435902
FTO,3507.31898260127,0.304985272534666,320.031035371442,998.623749195815,78.2351214148555
SH3TC1,1050.51524486118,545.219437562667,3271.94800958525,7.33539898460251e-13,4059.81568337496
TYMP,1525.54723347914,2856.87340087647,912.133895903198,751.789367113784,3.70904999321815e-13
PRIC285,1649.27026548689,448.120363386769,2845.15747078962,1.6826179309704e-06,1566.29188928356
FOXO1,1.01374537070501,0.133306427452711,468.004082139063,2.61430442822854e-12,4792.66064972992
MTSS1,321.111168927802,0.619203573380425,905.834613520153,289.089804177588,2265.13646928025
GAB1,195.091423019482,13.4351391344518,0.00825603646384261,429.354084799924,5573.65492415269
FAM105A,0.203851121211464,606.910086301731,0.000634420647338245,1059.3487457262,2.06080879043077
ARHGAP21,0.000698086002226101,80.6413039297399,969.438684271477,1831.2758022796,1461.3487603707
LILRA2,1686.64735202012,4976.74664294254,1072.18697418258,5.00861881736295e-08,1447.78791732019
SERPINB9,1.08874991339988,0.000321418058332853,0.00179201121572859,2.92195840167264e-13,4093.56962711123
LRP5,524.235261374587,2.6184053057412e-13,4963.49889538671,814.315224509211,2294.61747955524
HIVEP3,3.62102600584937,947.34989439458,3712.3852227455,3.13398233660282e-13,2683.10441886939
MARCKSL1,3390.25016262389,2.50359092638998e-14,789.183183018892,377.684251601909,2990.73675275517
NKG7,961.781177515124,2381.96672386064,3178.71416023592,4674.94457692738,696.200818555812
GBP2,0.0200930629273229,26.751866324587,1699.19619115243,494.076498397065,4656.82470458721
TFPI,0.0146724577743694,1.09287132461999e-14,692.596124330123,4.64700442338373e-14,4908.18491158277
SLFN13,207.715983912578,881.172651526775,998.59365998164,5132.01628337972,642.014017782332
UNC93B1,3409.98858553151,2691.12878344492,3095.17743813129,1.50841566957816,1.19309191199368
CCL5,3040.31513061945,2358.06780122319,1091.74052431426,34.5570222295084,511.417818458394
RLTPR,796.529446453639,5.67913617997555e-13,5479.4575774528,241.91791303094,1463.22758622651
PRDM8,1768.41674407665,1465.07414969368,1302.72306164178,2169.46556619412,2339.25742335754
ABCC4,547.552388301139,0.00185857544813791,226.276744470967,1.83591814410956e-12,1.35930456573772e-12
DGKE,0.916665162547877,435.843446035232,493.872943471316,0.572593711345816,3914.86130845086
FAM69B,810.928696173969,1.75224945618915e-15,3644.62965344992,1.11425060083081,3220.05924676142
STX11,735.943768524527,2411.18580567982,27.3842510669612,552.124564643146,80.6176579820502
TIPARP,1171.27093253271,1206.28597117115,258.228161483097,69.1554932417662,2051.99284356109
GRB10,608.734575857421,0.00128069813331864,767.409117947088,4415.84691824645,1473.66938148775
UROD,1597.52374233436,417.756864240954,3206.6863289614,719.990003357611,7.18865114752084
FAM45A,972.03714044281,1440.61494921436,8.71752649080118e-05,5794.53627038128,195.257266142508
CLMN,3.18881640158987e-05,619.495361915776,0.000240923045768578,3106.90678033342,574.34307722987
ARAP2,0.0378522307863691,1245.24728885405,648.504396933119,0.000639603537908592,4861.27669327116
TUBB6,3549.63002850737,542.443417521033,1207.40844448351,2919.6378936997,0.00635575862725198
HIVEP2,0.00104739963722386,1.40461954187564e-05,653.331561658511,1687.00510217962,2557.2225152621
PIK3C2B,228.274310508397,0.00136038618782397,3420.7463274372,321.353753416902,4219.04105195221
CYTIP,1339.93795915207,690.531590460263,905.92481757831,0.0252116924629208,2140.59459877805
PRKCA,456.608542039518,1108.29524663057,356.775447495523,1422.68076357729,2205.44178828782
MAP7,0.000720980142182957,4.56762424189936e-09,1913.10224205043,1.26204470755053e-15,1186.78287334531
KIAA0748,40.2381226058056,2.97615698538866e-14,2686.95536469242,0.00050545166029846,906.149638351383
ATP13A2,1288.87640336453,1214.86952054813,5872.08005667954,215.413623620827,842.810928722056
ZAK,1262.75833956517,487.857910180635,522.27643945395,3.54592998338004e-06,3086.39194548649
GBP5,6.79408955698912e-09,0.125838814615748,1907.77283931277,621.43318850142,3260.84445841916
SBF2,0.10075014239984,518.343103963501,548.732654183559,114.739223949657,3475.28292815684
GVIN1,0.0286771119897327,0.0728773188735018,1998.86939285468,0.00657099673214433,2891.58047110433
LMO4,128.492862562595,189.254519326859,1952.74905082462,2098.65019878236,1494.80447422474
NFKBIL2,1553.51086295524,1060.18668520408,4581.10250006342,865.970690584581,4.66796137812698e-06
SNX10,1.68856041232818e-10,3777.41319521491,4.99395586236439,9.7801618829031e-11,71.6940793036799
N4BP2,5.12885377203211,608.410785503723,31.9135961232805,590.906544514775,5750.65955190417
MAST4,7.41591248434896,1.01007408114472e-13,1982.27837910297,4.28110740465099e-13,4255.42195171776
BACE1,79.6286836183408,425.991174172916,2660.32465823266,748.348824097028,1125.31688129019
PLXNC1,0.0930062727601547,1147.89294069806,38.0083303833495,211.05526266923,4265.84288950385
SLC39A3,2244.44433630933,0.424344567234353,3705.92871252329,4359.65207665774,6.46514525034915e-05
AGAP2,1147.84593766625,569.217726921689,5953.32385019582,801.228433183145,643.60011912591
KIF11,6.75047013355639,3679.71260517492,6.4174906154547e-05,65.355846332049,1634.5224105338
ZNF91,1.97464198936206e-07,0.154584910659212,431.890472895951,992.901257079902,4264.63501438643
UBXN11,1997.58550865451,2154.16278924657,2241.85075415399,1.9423912867531,3.29342830802065e-05
UHRF1,2104.36394407741,1077.41152722533,820.922971859953,451.018479233894,3386.75503513436
PTPN22,0.0469183565632064,3329.53305313169,674.018390519079,2929.30463178913,297.232927971527
LHFPL2,68.6245382285197,4.06853538490998e-12,833.221326072494,959.762174809412,1255.92982773145
CXorf21,2519.41386772193,2800.50867218557,144.165423441086,0.000785041013932881,401.9301138068
EPB41L2,1779.54609598477,7.38017362322897,201.496920706223,6.14259802872421e-15,2076.5103139229
SLC39A8,968.753732762118,436.920156614027,9.63218093824418,1966.98379769046,43.4262823041466
SIDT2,2573.8286497523,1966.61643748046,2126.32730044199,241.774289118703,203.244035695077
ARMC5,3361.4012714927,365.490163568606,1925.60722912018,4244.26593100793,0.490952018763
SETD7,600.117091576926,1444.89646097424,200.650643608481,0.000257191191891387,2565.2871731722
SLC4A7,60.5335896333417,137.964611847787,0.000523424975934135,1.70360068261842e-05,3201.1253047167
OBFC2A,0.0673451417189447,562.00102564884,1683.60034993931,2607.38015518863,538.347348829399
ADCY3,1057.3638971358,914.911771515023,3650.45537181316,0.000443441559388711,2521.52379595788
PRKD2,1344.9096814432,726.05686548235,3876.94755234775,1256.7417189013,3851.57203752875
IFNGR2,168.803203374749,3261.9293368534,996.995183681167,1889.79549434186,445.448546968712
NME4,3000.89330429472,401.695035846941,4113.79834906845,2542.63513329287,0.0113185682917019
NDUFB9,1805.25022907912,2360.2070106603,1106.97141995011,5044.69143169483,191.889775081697
FHL3,650.800482297227,114.591930202316,4805.51129533355,2373.91065483484,3.24126417494901e-05
C1orf162,1061.94598300329,3327.97458744554,382.207395897251,1961.70672611638,1.46786241442232
SLC12A9,1964.8113506075,3335.45677793914,1998.2744502521,941.557017654457,1465.39730621052
PALM2-AKAP2,2028.07925228419,6.12619845807871,1.13543811446565e-05,984.344155132675,3360.66680811265
PPARA,126.146017188958,1188.25911665836,1349.95925471954,728.83815082631,1952.22592197732
CMAH,358.093559173381,1794.86419659718,1087.13924864678,3904.68620310119,1118.22970680286
RRM2,609.106814283823,3577.25605242407,196.338355752298,595.085810515991,962.398600020419
MPZL1,1622.0464725645,590.002830190049,239.986476530837,1400.10770570103,10.7571610933881
ATP6V0A1,870.852738082461,2314.69402323563,1626.53000678754,1398.13885465982,1225.95954781934
SPINT2,1193.58616563868,1.19012052815977,3181.68552423331,1705.87312858878,1032.91902277669
TPCN1,1624.97860725115,951.241683733744,1175.75768766298,2005.56018129207,1115.41603602749
C1orf55,900.531791294674,280.004074173013,315.571997846242,980.509058963565,4984.90929733353
C20orf27,2687.01924866205,827.891678804801,2746.70822014644,179.975225445792,0.352221644810882
TRAF5,0.0126009108509368,1.03138887230915e-07,2333.38353306142,23.4922434185142,3156.40753279503
ABCB10,1511.87010778919,1890.20887773457,7.57643594360079,3094.58929018475,1312.72093730619
SSBP2,83.5148603907374,0.0895830787799904,955.608970992223,1899.51438881884,3311.23410405113
RAB32,1665.92265586759,1818.76118777533,151.950643166162,4196.30591561007,0.00105301855929551
OAT,958.814545405973,954.052528164995,311.641799831829,6.46374732507802,763.807497082861
IL10RB,1213.76935715452,4155.54800542574,884.823539795246,1397.7239220612,1111.17131453219
RNF149,42.5387932179948,822.951848841478,20.4020156390447,1657.29296641887,1925.90025950127
RNF144A,379.526140386906,247.707304576997,633.295732405105,880.701179622259,2272.46175004891
SFXN3,1350.13202896302,2945.69782838849,3659.09569381506,195.904330352152,706.346462481814
CYC1,3493.07422701838,2034.49353707959,2581.4180491245,664.792750181739,6.42880976410289e-05
CNTROB,2711.784708269,1542.6778440766,1197.71156442319,4970.89484402655,467.174696761351
PRNP,2196.26041358687,2130.04514783977,538.820790482601,70.3521183000749,823.833672399179
PIK3R5,1078.10052328454,1376.25737166281,2853.15631701888,995.282190550535,1043.6994209741
MAP4K2,1383.65051803598,867.89167292076,4958.08286081195,1389.36186038467,502.733220645471
SIGMAR1,2173.10220630516,1321.89084560819,3710.21178798087,383.785059608608,0.0101003938406657
CLSTN3,2175.62289322415,5.71490619571391,4103.45005165207,744.406116429878,136.746033285371
PDE4DIP,286.875948570721,936.041498881512,2874.9629130854,7.80489681559053e-12,2311.16047494164
ARHGAP11A,281.868357000279,3412.13166033835,0.000132742268799363,0.376318980664264,976.565448180027
NPC2,1228.07099576092,3454.06667627435,1109.69128749493,2125.62816308137,1293.42005917856
ZC3H3,2182.64365933707,1119.74522792979,2519.18477753676,2627.15092255264,0.398750591594868
MICAL3,1324.10660908852,6.05412341662918e-07,2938.72907166451,1188.17265774333,2868.26045070582
MGAT4A,1.19697872274794e-05,199.642998628229,723.058595545706,918.148306544302,2274.48076617853
NUSAP1,366.253890668333,3164.18809762126,0.0219306504622691,309.984511983,1794.47954927992
CIDEB,1274.25147400098,2910.32911949185,3316.2812473397,1354.42829694134,1.11658803854422
REEP5,18.5874172863505,879.497722427399,0.0104193053498891,3182.22219201933,1541.56121526602
HLA-H,1406.07115943653,1093.13012860764,2822.63779677074,3172.28444317072,686.864313671976
PACS2,2156.47166460665,1141.02666031713,4523.90099411784,1159.19506225043,2888.69575608912
ZNF460,0.00158853832286193,127.277752240244,1310.94394339922,592.799520038859,3629.66616341007
LMF2,1940.1081897878,1434.63904210062,4410.58644209032,2378.36619224242,190.611569419868
ANKRD50,0.00137316216375419,639.428889170224,5.08248695891407,1418.46199273355,2326.83479570121
FBXW5,3433.70401271088,2034.11384598918,3994.71697576488,1788.00137798741,5.50167097622117
C20orf199,3401.3316257325,279.65359334578,27.9416412814503,1518.00572455555,335.795090768924
RELT,1795.2297287835,1990.98770075134,3524.75189221621,1152.37527046814,680.875679994624
RASA3,422.193084364048,1713.32634394687,3244.48903670404,14.6920750893042,1904.61037434395
PRC1,1401.18077236261,2963.25938805043,22.134875113798,727.123536090527,1072.13229640606
ZNF70,1016.91871514819,3.12484439978764e-05,2265.74484300584,1539.70116001225,2115.77011550756
AKR1A1,2385.8187217019,1080.98460483237,3383.50057801365,1108.27642025084,1305.45324385458
JRK,683.017172839177,4.03981882446368,3697.96683704554,1453.70867591602,730.346640998181
FADS1,454.456241209385,1390.32770209635,2071.79780160852,3.76018579810324e-05,1238.6316508087
ZDHHC8,2298.63758565966,588.180241540408,4640.72186843827,1623.64265158852,631.415651724786
EGLN1,156.815723123509,957.469741302462,1634.44638365617,575.714208825275,2327.05688073501
YOD1,412.653405582892,580.800650075166,153.08767654199,736.36412373998,3012.58531030566
BRCA1,357.813217092553,2072.09370912265,0.00800119961241013,298.878956509084,1760.58627854969
RARA,1495.15136885415,1001.69989535331,2780.33259824509,1894.60118647873,346.029938511481
LZTS2,2160.16722845676,346.393965815766,4420.29458499306,155.611056460588,107.056347653048
GGA1,2245.86536610261,1143.45479600305,3902.88164514955,1326.35854749162,617.715439021475
TES,1869.12774984222,247.320094812443,1002.60484479361,19.0321420805689,88.4390284836605
MARVELD1,1578.6902686484,578.750314354297,3113.51836233805,1613.3212564422,109.697925320613
CYBASC3,2999.35191404769,1539.41022631238,1916.41055836152,1358.60063190647,1728.05072808763
POLR2J3,2543.88872223736,1260.76534250245,1349.11900974993,3622.59770137067,1405.17272286222
LPXN,1117.41728110501,1960.32483814759,1769.44284914331,715.320872384371,81.2207335298533
EPN1,2772.28871810767,2104.43918616054,4119.57347033208,1072.16664634345,267.335601889936
POLD1,2739.92262697498,1338.55733757605,3596.7257354942,1562.11315652061,0.0284678485728136
SOX12,2861.21130427364,0.000137879870724106,3773.77519948551,1642.49166058829,37.8973877543037
SHPRH,0.0131692554277348,317.995423300895,400.892756470737,1134.75274652883,3727.62716912879
NPAT,1.01213877330495e-05,308.626711297072,1174.41263297367,41.1642432781043,2200.14536885249
C11orf21,389.163967832676,1712.40631713829,3162.5129867695,1195.90401270377,904.820017948404
TEC,600.114401079321,0.332398679740968,1691.99906372228,1489.51452994533,1757.92762448933
BRCA2,0.111413617737149,1979.55284847775,0.0409545791636771,205.081813352123,2624.25286186171
RHBDF2,1801.41147840215,2100.52470190173,2393.41977562727,629.155390177595,1220.17502858077
HDAC4,840.261280088003,3022.05676663571,816.143270219909,2124.89903206374,269.257199701019
SREBF1,2074.8986944683,1014.69693814953,2973.25088039975,12.8017257947168,1556.27894157027
TGFBRAP1,941.737080169983,0.121319039623201,3385.63373651266,1045.63535856954,2985.73271718692
ZNF544,0.175658580185031,6.14029887905483e-06,1729.5772854035,1240.59819234029,1470.72387856513
FOXM1,1207.19010646793,2930.36670337685,1213.41378956885,495.21488178773,896.915550139192
ANKRD44,2.8100607237419,782.698778549449,723.140365628539,1430.54730952582,2856.58116181065
C19orf22,1920.90629309585,883.451496935536,4205.19836584714,1618.13514455642,1067.96396434471
PCGF5,333.593040838447,1019.24359331211,20.1177790884275,521.935419728741,3247.72910388796
PHACTR2,0.381814589425983,813.305042509148,14.2090290462879,1470.05037978198,3283.08436306597
TMEM106B,0.0404331321893497,634.458119843018,0.0336783269149427,344.30194403302,1805.97150242172
PLEKHO1,2407.13861081687,134.158804057626,3013.39489897982,563.427142197312,1221.25493470556
TMX4,238.954602705395,3660.26594425948,26.4018953479557,3009.80921346671,985.480639988584
KIAA1731,0.00039496695585314,775.9682314763,707.777304535125,964.104482962627,2650.60694586127
HLTF,144.422377269678,595.072635384109,0.921910315397463,35.617636066446,1824.18953425432
RGS19,2272.99639352134,2507.94387784787,3250.89293195562,1235.088087717,467.654479206131
BTN3A1,1287.00937675625,0.39892399586055,1351.21906445989,833.94882964446,2569.9470237239
ATG3,978.819688712251,4310.8254683513,295.241520156673,242.912812918054,615.082321335918
FAM160B2,1997.43337015938,1062.67052986773,4183.58496860342,2031.20109393331,956.479365677148
HSF1,2678.64629261632,1363.06009268115,4257.59828354273,1526.86219569053,6.8491783748097
TPST2,319.990595671211,1469.23819042111,3989.68453056527,1962.64888584672,1095.61006279789
PTGER2,583.624474461099,1251.63194071526,2472.96448858344,406.866801455886,1361.70803728315
FAM55C,4.26014392844904,3935.14717565435,547.624752256447,294.803054927648,1738.34199673643
ALAD,1668.58908954903,2765.91285328115,1127.05153035024,1416.83961343126,1327.42545965517
NEK6,304.504337057375,2233.21813407349,3079.77354136683,0.715434805750498,1694.56340005085
STX17,67.5232282233468,361.805220989422,304.206473202738,950.22048097649,4178.24662701016
PLEKHO2,547.87609412345,2345.67624258667,2649.47168557361,1250.34567058913,212.305174003854
LNPEP,0.00977975909396751,1045.75344655103,13.8421841124465,291.923569883767,3367.93403577086
C18orf10,1497.0880936043,619.645750125972,1258.65868926806,568.228371105826,1137.39361851174
RAVER2,118.11960718991,0.0161257006618196,1631.69092498242,270.35509160099,2089.75147118418
C5orf42,15.4795136473571,287.164143804134,7.72010851792334,1159.19906344467,3929.80595222643
IL4R,892.632053616231,2242.36117903204,1941.21501208559,1610.93717383419,470.510502327895
MYBBP1A,3673.56516828248,923.75269377022,3092.18809103169,706.892895729764,0.900495203328362
CD244,1014.3023893747,0.0328802465293033,1871.48301313568,1536.2252804003,356.215607569789
ST8SIA4,6.20610565100712,2392.23291680705,8.60207225511363e-06,1472.8516012791,1690.62916916648
FBXO38,1076.86007989372,711.995832498351,44.6503918309501,830.390574258408,3326.46502711244
RAPGEF6,3.34306794707653,407.482963126995,813.803355491869,165.87069591398,3126.61480479895
KEAP1,1939.0039881585,722.709348576172,2086.08628892562,705.341150817793,12.3428544751333
SWAP70,944.983514836595,717.081276392185,1115.29558377262,8.43588021072068,1596.07773024555
CASP10,417.298890830851,866.653802537897,1725.65956383455,404.820632134293,2167.84873836539
RNASEK,2226.33266033825,1339.14386587881,761.328678127591,4233.62180739407,331.608990745436
ABHD14B,3506.44484049073,1649.87566025283,1119.19863026499,1717.02176406348,999.852308493163
C19orf63,2856.75199252034,1760.44560517783,2430.98437684133,3782.70626070641,287.243130861592
RUVBL2,2904.56582033858,1015.5762995471,2982.94221349625,2205.03956337219,0.0031377450915521
EML3,2395.53862329071,1963.20764847568,3967.8899546155,1317.88648044047,1098.52306645485
RHOT2,3201.47682331757,1492.57841916782,3568.29913521241,2335.11774480155,329.464223405303
CROCCL1,1917.51044844593,431.629280595831,2686.56906873071,2566.33166605779,1624.94282355435
KIAA2013,2715.54056262697,1693.70785750557,3764.97237468709,2096.63269076357,0.122914450589951
ZNF598,2558.66864209487,629.357207164867,4142.61831465503,1663.19433471018,3.3728266867032
SCARB1,2669.84731985817,321.505867481152,3369.88272361182,449.52427602659,984.853249002045
SSBP3,732.6589505475,539.796724612196,2711.24779934436,1634.75000358783,822.004834184405
SNHG6,2636.72376641058,310.450874539304,655.601620335292,684.552797352675,980.254007521391
LTBR,1729.46035116882,2126.78162635198,2873.73398536926,1711.43718677001,1.59599837081531e-05
RAB11B,2527.15231272491,876.638033720816,3678.30508100509,2267.74076212808,397.89859257942
MYO9A,182.397764547051,584.205894573055,35.1753670394956,1793.47085392482,4052.20518496603
ARRDC2,2154.08350092039,660.324108097662,2338.56991661792,63.0250858584119,1953.87474996834
LAP3,1644.21240773162,759.801539851376,770.472410243325,81.6711294077899,1204.09474098452
SCMH1,1990.34429685232,1.07565605233678,2544.93248754275,1194.49613414965,2241.89815627863
MBD3,3145.93075082249,1368.84496379548,3639.33121358771,1652.37860035804,38.3909754810024
CHST11,1346.50565516043,1694.68897400757,2840.3134756967,3367.72699885769,2350.49451907873
NHLRC3,4.81187731637205,1364.12815057576,112.449544167252,3194.63330269487,1306.40983878803
LANCL1,536.281967578785,758.436765740179,597.19918635663,422.871603529652,2977.14548917832
LOC440354,427.065451091187,809.152810191259,201.674539809273,1690.58944362017,2394.31379417877
NDE1,612.305966498651,1552.27235783559,1879.46492453473,1646.99913953645,1572.3895922961
NDUFV1,3562.91878847714,1328.73181827634,3075.00286389462,1037.57185321685,155.627666764243
SOD1,1782.92059846672,388.857236470387,1526.08592453174,1256.93451030408,1232.84997895204
MAP1S,1885.05259447485,1074.08232578369,3700.06855537391,1829.1105357162,21.0282522171692
LPCAT1,716.809745303415,3412.20821767714,2396.45746592593,341.287791521402,1114.98211441006
RALB,101.143840904133,3120.0535762662,876.767718936989,1481.67454652144,652.197430159942
MOV10,707.470907312437,0.000454847839226716,2651.71148941269,700.405691874662,2475.30374800268
TMEM71,16.3142595691006,2460.81082762745,902.036507441789,870.914250392276,799.221236746177
LPCAT3,1351.26540309426,2761.87035787832,2668.69827237108,111.767496086962,256.506318990779
SLC3A2,2937.56479179487,1014.09056137117,3099.54220337256,2050.78281818891,196.448006185332
ITPK1,2282.64604429855,2690.43674262847,2645.84980920153,671.682723843005,164.139581526369
DISC1,614.815114243199,542.770375333363,998.508887951458,1454.54165767001,1310.49298979006
GSDMD,2436.29856266818,556.362946834003,3587.84516953075,1974.50760948376,128.253763213151
DENND1C,3004.13213070529,2057.21873512583,2116.68393550184,1783.02322533395,486.265872727842
ITFG3,2920.77108420953,783.098336760004,3185.65822822375,1642.68352121307,1.45090823583269
DHTKD1,1950.71437757256,646.275115617441,856.739662918454,460.169174067486,3693.94664788916
ZNF644,0.104639002227344,657.290989797866,610.160300564208,446.935800441096,3409.98237754014
KDM1B,482.651874419983,2316.21019030792,825.582786280949,131.18788494669,1377.17876895523
ARHGEF3,108.379029044654,1287.87845850636,1615.1757921209,0.000555329870369227,2109.95773477828
MED16,2583.23339909765,960.232841416809,4061.09796746161,1003.71415140518,177.961513496968
PKP4,1028.17853917384,899.668304402879,989.857607918621,3442.62692716812,732.23484420894
SLC29A1,1693.95317937334,1454.54893721303,2281.83920212414,2329.75797786724,0.0461413197238618
LZTR1,2096.5694256726,1546.65429921145,4068.68022502619,1765.01991467916,502.599138394353
TRAPPC1,2194.34372417776,1811.81959954073,1874.56882950786,2857.94585223922,20.5252877992114
NACC1,1925.26575291106,1343.77341130235,3666.86040590445,1103.52443054541,9.04567526010143
SGSM3,2714.78892909481,746.661047882855,3462.30267491768,1767.07980926216,1874.50930532156
MAP3K5,6.25061363821472,1659.70316051119,885.234849992949,361.373868217786,1805.06675742772
NOC2L,3025.80038711284,1091.98554773021,3620.3700621902,2120.4702990537,42.8480735950722
MAP4K5,668.901440228058,530.144326625827,268.42443123706,956.679419033241,4284.9089315206
DNMT3A,1070.67598606809,0.000826667446296398,2352.74505443198,1228.8480745001,2576.05171146323
PHC1,1730.55728559829,0.0409815580011041,2866.92134333876,738.533482262696,2100.69334515189
GTF3C5,2697.91300756563,787.848052775456,2745.49442422192,609.775499204793,223.350373943294
RPTOR,1781.78740781332,201.356354087417,3231.78537937714,2363.90052012995,745.80634291518
HBS1L,423.282606746535,1042.43577458703,103.687547409958,847.750915890896,1899.22043944663
FGFR1OP2,0.287041668115934,405.290382677649,1185.54140131517,354.626560803277,1365.51138202542
ARFGAP1,1991.43187092151,850.828826423552,2342.32715079229,2000.75439697458,7.18047779679873
SUSD1,1325.07018819232,1290.22077101246,195.217397601541,2422.02437137362,1642.33872562377
FPGS,3222.48545266296,549.794555266227,3162.13048267484,1457.6305411664,220.014478548946
ZDHHC7,1759.3016590757,2290.93465885402,1341.99661426991,547.30531061343,1092.7770842898
SEC11A,1889.99811360074,2731.78222559505,11.6176087053465,1556.97981310452,9.27268502300367
POLR2E,2816.98911755313,1704.46754155864,3755.12374890801,779.533366364513,6.18333245752028
SLC39A10,213.521634075634,586.380556527787,232.134740274884,443.712946968155,3449.19700660851
ULK3,1767.78952082339,706.123583342966,3732.83470488913,1636.39967786183,1092.58249179076
LATS1,0.0062685944101765,609.545273245786,1417.43083916649,328.869572398485,2700.80953552465
ST3GAL2,1276.87117103924,1129.70187211797,2726.74889481022,1830.53330533361,825.334021644105
REXO1,2323.33333037056,696.159103186346,3935.80683496463,1874.4240502559,396.638758035289
ENGASE,3078.63387571098,1540.60792774349,2204.52770945219,1009.04929493076,686.518089375682
TAPT1,1685.3952308641,716.160157072058,369.936177216034,887.415238596064,2349.27803387124
C17orf70,2766.98150462785,1633.3299177724,3275.68897501237,2061.83038064726,48.0601609226905
MTHFD2,1436.48979363127,1171.82029919547,169.934552745901,1438.57615884185,94.4379788039701
TRAM2,545.56327763949,1060.76437398917,2623.19891469875,1549.46838570268,2008.20033780096
HPCAL1,1280.04654793247,741.961911185298,3604.93660777327,1888.80464834631,1452.87416881612
COX7A2L,1969.72275242307,629.275858906944,6.68181092379402,3471.33325342263,920.526261056646
PFAS,2916.1179821298,425.103260329265,2202.3411882527,618.007035429628,0.719169617907612
C19orf28,2721.7910625512,1148.90064448901,3992.74582065697,732.94362665768,259.654241259312
CEP68,1003.96735306084,283.90746102868,2213.31443624057,615.225306258067,3491.000475729
ZNF770,0.000305071706107435,479.480272543674,457.227867910723,308.123072548673,1948.13977461163
ZNF506,0.00526831004073889,0.57167572287843,813.941429520204,1361.33354645739,2140.56365881112
PL-5283,1471.12852185173,2288.39005253303,0.221503201798704,1805.29109161073,1135.72006564488
ARL6IP4,3133.87466516301,1405.30175313066,2732.62446339921,2894.79658470221,0.924536568138372
RC3H2,1.52341424658677,462.400502015417,1482.88699925595,246.088889253113,3206.33415664945
WEE1,325.508662341621,1457.38377466886,1410.41292093,6.2374042084845,1704.24295718121
RCN1,1413.8999081434,291.331238875843,517.906182546842,2813.7036476064,892.079678735794
PHF19,2184.01038836069,1884.81198308295,2678.69791210616,2211.28418134198,916.549863093453
CYTSB,1633.99676865492,2433.12176314295,767.706157648971,3.47596214766773e-10,1217.84163189652
ZNF808,0.00680640977836833,432.133901575503,1067.60873305007,711.319160045566,2615.36057921582
DUSP22,1252.3447509478,656.403104852444,1122.66830412753,1318.03034687126,702.662766081444
MINK1,2091.91316374968,1138.56335851362,3172.27487031444,706.914517862081,529.248887918093
CUL5,2.2530375811557,1202.02334284462,568.194706603802,650.161282623371,2249.55085649097
CRTC3,1708.14881757702,776.566672340442,1716.83942551106,461.278104902208,2341.68468717162
PYCR2,2557.19568973978,1016.89416853825,3446.47985947772,952.992410867283,626.093942318049
PELP1,2851.12108983884,537.565429945799,3500.53922381292,1716.15285484038,340.45327223043
DPY19L4,0.020968505683979,704.858545390041,348.135261218867,893.964134874182,2184.70272014027
SCAF1,2209.11038740053,1050.88038004712,3787.66995224433,1304.42828147227,48.9379197358495
NAA40,1659.63087671082,976.593522371183,2911.64488853915,356.24640619026,1309.63889251604
REST,1.67694883919667,772.9236001269,1035.57950546798,625.365856009962,2665.29113554406
PPP1R12C,2418.82065025046,1229.90972158667,3541.1432899962,1430.29965181483,201.406492234927
CDK2AP1,746.231870866587,1119.04417544558,2372.40547725853,1958.59906982687,1043.91135370666
DDHD2,334.484590971006,285.758336964175,1014.58576776985,1006.42787037421,2231.39621285154
KDELR2,1003.89110399924,2427.21516484832,219.217331367117,2069.85686207879,914.541163587195
TMEM87A,1144.78645489491,891.763823027253,5.5952133246903,4074.0239953149,1129.02159394772
CENPT,2164.57271369941,931.470425503744,3056.15195825822,2416.10503048056,423.014310330683
IDH3A,2164.81418232672,1487.02494690401,96.578676975913,53.0484195288707,2808.79714503643
VGLL4,1088.48528514487,421.322046944209,1695.36774826833,208.61981193172,2360.66442008724
GEN1,2.9416496383537,2295.79504212458,0.133838660531004,1853.44640282621,1883.93109048146
SECISBP2L,45.0529901363159,618.591974673062,104.925084877337,884.653034217184,2979.94580316145
MEGF8,2472.81386407823,818.967258885389,3053.72156943105,872.277581158811,670.118226350118
CUL1,1158.68071187098,464.157714514399,389.732399031386,1356.25147086021,1866.050199564
DUT,2431.41039430009,1405.71219804133,412.738815483437,1152.45962585999,1072.45957579648
ROCK2,7.18805575389417,1194.68740046271,257.327416305606,941.713495186163,2319.30707818523
NOMO3,1356.11360671533,1257.462152307,1004.93787176498,2460.86876272557,139.691815107265
USP25,344.983667005454,2053.33489493645,494.364854087027,591.645449105479,1943.5633895806
PYGB,2611.49824053651,1106.73928408193,1650.25510436384,2788.6202029255,4.88911964177772
SENP7,0.01941827750449,340.549658201072,338.415839612696,791.196311532947,2654.23558170175
ADAM17,595.097197978534,1709.39769792827,641.025987929014,2124.28973211974,1138.66167329368
RFC1,448.226647211588,1298.45461438422,253.341112294514,283.10950634256,2700.39217475301
ATG9A,959.966264292644,931.991041228041,2401.102707074,1566.85763447752,1559.09648740797
EEA1,11.5202618175825,1892.66794691281,2.71442246434672e-05,395.359137568425,1800.1680036302
DDX39,2487.37089280138,1734.12344995194,2018.69281490907,1579.53064119102,323.15601483171
RAP1A,605.318265462568,1749.70493802249,19.6114725603933,677.29293191034,1454.32718231665
EML4,470.798976786118,980.340258350355,1149.0369222897,457.371660745549,1770.86511683456
DEF6,2322.80443095599,1508.74601475399,3948.6963801001,753.647406012109,454.600974096195
SEC24D,207.737964156248,2169.07897965755,450.896797303697,1582.5244034561,123.069918932873
TBC1D15,430.100666185441,475.550932858528,204.805948887242,927.98841301543,2281.65216097729
APEH,3351.23172822538,1681.61901248983,2331.48544940017,1184.13592072025,1.57666419817043
WIZ,1796.3107093691,796.786561936325,4007.45723998478,1415.30208630044,858.132692245561
TAF1D,1440.73499110299,312.045398802121,1157.32518126529,970.73115204291,1084.60164331808
CHERP,2573.14426039934,932.970772616879,3703.13136376282,1388.98662801834,295.461110188208
RANBP10,1897.20031471751,793.009592755741,2481.62548326077,1042.61928091327,1469.55864025566
RBCK1,2927.15121241244,1054.62811793206,3820.3151149801,1859.67800725173,756.13000598048
UBE2Q2,1481.25533900716,1726.25256592673,4.3332463823644,3155.10846762982,1546.21933259844
C15orf17,1433.89976472534,459.948200931849,3183.73394708244,1570.98927887982,761.417931236976
PHB,2927.41007183796,1185.04168483059,2871.02771834646,1514.01193957218,219.708184066293
RNF123,2492.23787154893,1179.02215485697,2376.87347908285,1756.60242145857,600.72545417502
MECOM,1.76655582488257e-22,903.590976356922,77.4800941890413,4.79050592833805e-23,846.572159156404
HOXB9,1084.21490197702,1590.94923820395,4.46911338750031e-27,1.54049394630659e-29,2.7699317377724e-51
LOC399959,3.39039528721398e-16,2.82028250109742e-18,3.90362629835628e-21,5498.4532131881,2.53789789570337e-24
GADD45B,1793.45995670551,0.00400938692181875,3.33333717496824e-05,4131.02114620719,1100.20114290606
COBLL1,4.75808440957492,0.0902577344528763,2.33277021226149e-12,5.69503228452491e-10,7200.1681629579
OLFML2A,515.41772253071,2.26858708357909e-08,2554.08129826408,1.835256958946e-13,2485.07906147775
VNN2,8.2337843842527e-14,668.971916938677,449.47099607969,1.16612693147392e-14,441.220690428254
PCSK6,1.28257470268766e-07,5.63401222786879e-26,545.192889672709,2.17696952130481e-17,1199.43801527524
RPS27,3036.183807524,750.186549783984,0.000330216300217327,300.780685156249,8.53501762864101e-06
LOC642826,0.0115928067774793,93.0611982749524,0.00044440692330899,7273.60601723945,487.022111910107
HTRA3,1.60877495231063e-13,2.53641207915004e-06,4778.63562410569,930.913658344236,6.09379543017574e-08
SLC10A2,2620.29666237061,8.19867590445521e-08,1.48255488171916e-32,3.35231967747765e-43,2.50843224519362e-14
SDPR,2.05803949072032e-14,2.45219086200162e-14,1169.66533157505,9.97230214334477e-17,45.4261554873545
ATP7B,0.274222011830111,2.05276827450512e-13,7.0815283502263e-07,528.403936900924,1.4921275913812e-10
MSLN,2583.86060203989,3.58150351265465e-10,5.66739560117324e-22,1.99985204743845e-20,2.26042359811118e-17
APOC2,2238.36403633564,1559.10955031998,6.60927891136043e-24,974.661712711592,7.60765803349922e-16
PLAU,6.65109181300589,64.2546354429793,0.0136353524380816,6400.68337763325,100.138276657534
LILRB4,3519.32891670595,1714.05277910739,2.85748780838383e-13,2.16192084774357e-23,0.0188431533525781
S100A12,1.14335292048027e-11,1813.7174671975,3.23706314879678e-14,0.00413680221815382,0.370455352401628
CLEC7A,2.02028413854146e-11,200.480485545315,1.15658869254128,1.18670036350708e-12,2.76492734630916e-06
RFX8,623.549672644695,1133.0640828386,1.43878621438926e-13,6619.37937239994,45.7939294873456
PTPRS,1046.04493815876,9.97623382048665,4.80034431191976e-13,0.399282113163225,3880.84832817328
SCN9A,1.16244060290959e-17,4.54325110834468e-15,463.832493856359,1873.09268467315,1.54207854502648e-18
KIAA1462,0.0205020842298187,9.67655470621539e-14,554.317950657464,4.7601698331908e-17,5786.43520478655
RUNX1T1,874.106693222425,6.92311999348315e-59,1.68638677008488e-18,1.34238616672469e-16,6.41900021655071e-17
COL5A1,2.51842075276719e-12,2.47684359553139e-15,1609.00921472968,9.2073659531286e-14,3311.67043177663
PTRF,5.74105341825389e-14,7.06208103719454e-17,2625.49899977418,6.69838620550275e-16,1100.17741637889
DLC1,120.708804352667,7.73583257486046e-11,0.0405453236263005,7.07724821681244e-05,2.36947457252655e-14
SNED1,6.63613240202771e-11,9.92101640857403,2778.95542905684,74.9097916234312,2113.3106037876
EPX,4.71581686979787e-13,288.290430071496,3.66793351853279e-17,3121.22343877579,1.09493452305988e-15
CACNA2D4,2884.66205738852,3611.14320908885,5.44792171985269e-10,0.269789923003213,1.06352570094856e-11
TNFRSF21,178.099463815895,1.24907300778534e-11,6.76092403343555e-15,10.4866306711134,6538.6381115125
IL12RB2,5.65194190562422e-20,1337.26660758733,459.58677170099,1.03298022780848e-19,1725.25651540559
SCUBE1,807.790830243258,4195.08399398959,1.52004935056976e-13,1.50521915345245e-17,4.11646950780968e-06
NFIA,30.6762110448357,1.04976199249639e-13,8.75636035952606e-13,4.60494649854767e-14,623.337253260051
SGK1,473.959106739527,32.474269388235,436.05965654279,1.09738307001536e-06,1.4428091115786e-09
FPR1,8.29314708516608e-13,1553.7953496655,487.496349510802,1.17294224340038e-05,4.88721685945988e-13
LTK,985.873413802128,6.58264213938955e-06,60.9141019617808,5559.60195227138,5.71768225605975
FAM171A1,2.26383967797591,2.45251349855545e-19,475.777646864003,1.40238643776551e-06,3382.47459573181
LPHN1,0.00569294732793758,1.83466340145919e-13,4599.38370029831,0.0131039384296896,1741.41661317866
GFI1B,0.483488845696603,7.88635106738429e-14,2778.13549992902,44.3243847683408,65.1307431793516
ARHGEF12,15.7041677166024,2.76457513308458,1054.33241707636,5.217244908094e-11,1284.16084657689
MED12L,1.7084081638205e-14,2.8876565952087e-17,1418.70474030382,9.24237502628316e-17,977.698161981605
PTAFR,628.549649819252,5321.85150682049,384.91602506013,0.634265133895876,1.63155425739607e-13
GIMAP4,4.28634306220999e-08,22.9497776175929,1.68428429151516,9.68431480988637e-09,1.62602030368613
MPL,0.000498687549129071,1.24999888213337e-17,2788.93557474667,182.918583944561,2.09072944221555
FN1,3.42481022190858e-09,958.84106348123,452.867415132401,11.4006392727938,1042.15715320221
JAG1,5.54890083292621e-12,997.254136557282,1240.95133998941,5292.60400145682,6.54706835988298e-09
VEGFA,357.420447376241,61.4024677416798,3.15156045156774e-05,5103.05518099888,4.70077253308622
LAMC1,273.459294525704,2.78527954906556e-10,22.8310197318142,4330.66501936216,2589.03455085135
SCD,5.46554051102383,0.0116260464728919,2086.49265391208,1.64192314659342e-07,1830.03666476647
SCHIP1,1293.81547574432,895.163992502514,1411.40377761303,2.84020585923755e-13,361.62983893331
SMAD1,26.3181089422415,1.01219495341355e-07,259.685640042329,279.886861401852,6087.40119946214
DNM1,0.000564036983250544,3.57048687601773e-13,2605.30327631966,3039.57933352884,0.0435916685965774
PADI4,4.27716397376658e-09,2271.91179333465,1288.96916335784,734.00504905046,4.62951040758549e-09
IFI6,1248.83609558034,3.22098815259892e-07,1519.2797426771,876.992488424486,5.08697264583653e-11
SHANK1,2253.23229583908,3.5478462256729e-13,428.57332618276,877.984809640581,3487.48482926225
ZAP70,627.427742512201,2.74969691912275e-15,3404.75813628383,981.874909518,909.486105080415
CYorf15A,6.82805853765797e-14,1.19641396622903e-06,377.875842068105,112.356911234843,1552.96179880615
RGS1,596.444883273621,3.85206588146477e-14,674.622915992053,0.033005861609071,2338.72181325753
PADI2,6.48968758912132e-11,2189.21186973662,0.004080347492852,799.149338855882,0.0143194021269828
DOCK1,180.921643072573,1.96921308222183e-10,1774.77033244492,7.25239730579039e-16,2656.62307480861
CEBPB,317.421868400095,1362.0000193244,2453.36013461528,2433.91632460046,3.61057273239261e-11
FCGR3A,7.40066391139806e-05,545.949191832529,743.524575149286,7.38552641061826e-08,4.95481131515128
CALN1,3.51815296972134e-17,2.04432562524664e-16,1643.34637723932,9.6716210011822e-18,2055.05734291597
BLVRB,800.869044497166,1019.63391615419,1333.75498795956,447.336477182572,1.84717992615029e-06
PLCG1,539.44257846427,2.87748917838128e-11,1627.46664719759,4.76363313655719e-10,3910.82382817919
IL2RB,0.105225145975717,1.50709695506607e-06,2572.03066592096,454.044569935461,1016.928388097
MAMDC2,1.1673651211796e-12,5.55187804485112e-12,1927.83436749945,2035.4450113526,1.90290900228586e-11
GRIK5,6.09016595055361,1.53966016231526e-14,4365.94303948898,159.259430886409,1185.05876378053
BASP1,6.12206548238849,3491.83606413377,410.338392095305,1763.38923923828,1200.32618928245
NRGN,0.221494267973821,1642.38515150679,3087.04443666022,1130.45684275352,233.065039964265
CCR1,278.77319065134,2059.25134803667,190.70062627947,0.00567326530614736,0.000108478446093834
WDR74,2163.9294144531,11.3828215636371,582.624837524476,2273.14146051365,2102.46497507167
RGPD1,426.071335152352,132.72812003902,0.546647653979553,647.884374125007,1802.41278873727
RBPMS,5.05634173515589e-13,2.64716638839522e-15,3427.26081006929,5.13184684910951e-16,2193.28004773862
TANC2,0.00184934597413284,536.501196380896,356.556924941865,278.172883006197,1991.4991771086
CDKN1A,2830.41224598497,1027.73578226069,997.757446755906,476.443343849531,4.35245412318583e-05
CHD7,899.089291255847,1023.7860916606,3.88516542340434,4508.19955889217,379.498237562628
LTBP4,1965.16740701516,7.50547409796602e-05,2408.62291971446,1853.29973212269,690.876630256083
C1orf150,5.01241413713918e-15,1.91938573201485e-15,1701.88138864021,1.33380292705944e-06,0.0568089226186384
MARCKS,257.528117980707,2787.64359835946,18.8351183290248,9.98295029544401e-09,85.0210604013519
CTSH,40.6093167283363,2435.47852312583,349.665611986516,980.132914770837,45.9545334273126
ZC3H12C,8.35262595521073e-15,372.532126876126,1360.15733676687,16.1593930755249,3015.49891890955
C3AR1,4.92849589346373e-12,1313.81204841751,1649.21831697554,3055.74417939053,1.02574604414015e-14
TNFSF10,0.00015229883854454,1952.66959622406,3.58724390985099,381.816146478982,389.77997505045
ZBTB16,2.90493979593271e-12,3.13118936837313e-13,2861.75560253459,1350.25292993215,0.0361167258286421
PAM,858.946221050677,589.068526305832,285.671700908502,1.39969402831674e-09,1836.88812430718
WDFY3,7.70404056487772e-08,1325.60569354645,513.679167540153,2771.27005948747,341.436091213067
OBSL1,774.173028904955,3.67213914945618e-14,3784.67855915827,1479.02783661547,467.85573150697
CSTA,204.474261079455,3248.49142725499,5.79579495152989e-11,3112.08198367912,1.02051170823268e-06
DNMT3B,2.49720552777538e-05,4.32065310642305e-07,3433.69756303578,1.91045941951121,840.500797586313
LRRC25,567.237548809679,2024.87297774536,850.489089952695,22.5229825907161,1.03079213129695e-07
LDLR,1369.81801171674,2575.72768411673,2458.5718674079,13.431875260552,716.770850553759
CD200,123.440999991407,1.14761958996617e-13,1402.84089375562,5.00061232560888e-06,3576.24663962159
NFIL3,961.969967470956,1642.244738174,4.37436453258174,1144.97940195589,124.765302952822
RGS3,901.006941541992,284.088920020514,1715.22629953827,3761.63363823115,33.9265827151787
NAIP,512.179278285672,1843.72973322853,0.0045029310002784,140.550116950779,0.0270732549227447
PPDPF,2105.25175206405,684.97068571252,3291.56735194911,820.733585844074,6.41747301017337e-10
CBX2,0.00719411551472433,2.07666447065947e-14,3931.20562344996,734.598553461738,964.59745771805
C18orf1,0.0371796640500132,9.43212689449688,924.374436439991,1508.72010004921,3730.59402462031
HIST1H2AC,1182.17603847267,59.6890397555587,1228.95214885,2.39014602373359,1561.21230644883
SV2A,59.1879680038966,1.52985157762378e-12,3373.83278858534,0.00408513064299638,1087.65214877466
HMBS,1123.274917766,282.23067223154,901.621716272828,233.085130573676,109.014888301108
OSCAR,26.9633857137089,2309.8948123453,1718.45638782008,3419.16116682296,6.52366929768652e-13
ABCA1,4.09735818796608e-09,1495.73520674921,4.4644973335293e-06,1851.27711496999,2150.16619595384
EMID1,0.000689202437375818,4.93087278331257e-13,2861.46978284414,3708.5559873362,5.03165249154757
IL1B,0.204375698120933,0.000114211684313905,1368.20415547451,143.881292178134,965.541762371247
HSPB1,1546.74902688089,320.363269664171,3385.45252501083,1401.51025019197,53.3237076645927
C19orf77,1352.31501401076,3.13240693676094e-14,1248.87596356756,2342.84307252007,1389.37490786246
PRKCH,3.81605621188318,3.86057009256182e-05,1856.50673116815,3.54144760747601e-11,4370.86435855255
FBXW7,480.537881808364,318.720904265806,138.159161681104,832.69790939198,3613.6035428028
FAIM3,494.899389987238,0.0123649303516653,1787.24572372092,0.430824892048239,3479.19915167706
ZEB1,2.78870219294281e-05,1.20436393068535e-05,1509.29583598557,895.990787600479,3365.73210455823
ALAS1,870.507814651034,1214.87656645746,560.154080876247,4307.4406828731,3.61597521864249
ST3GAL4,1010.23165942424,1318.3742555406,1943.13082867062,3415.99697564263,27.733857340703
NEURL1B,1372.32673737295,338.976103566417,686.465231831332,30.190200987076,2566.44471061816
SLC16A3,580.522342484959,3558.40704764701,2276.77496924648,238.014684712373,0.000233272502991652
TTC28,737.79939195392,0.022158535418701,1057.09111692442,895.029552687281,3625.71325380029
GPSM1,996.765390452417,2.79739895685412e-13,3999.42848944581,699.710506116371,1735.97527146414
MYBL2,1768.69591744856,2464.85672180987,2174.43305050882,468.600454398581,1.31885967258365
ARID5B,157.523828171148,0.384630192572427,644.048474215407,5.42371914715018e-10,3461.45546284674
DEPDC6,616.800461833202,2.81016843287899e-14,237.951658792123,5.27208594350116e-07,391.046647846862
DNAJA4,1521.39512116311,1137.43529936333,117.703168502307,0.000298544300554719,216.011697413679
SESN1,153.199298230589,752.741670619826,1147.33394445872,5.89863293200271e-10,2935.23422520596
AKAP2,1334.36612932801,0.00322958762797277,8.19671670491561,212.384299633045,3004.4195654188
RNASEH2C,3217.92359553851,905.536354315974,1810.14123718365,1524.14573901045,0.00108461188939448
TUBA4A,150.21506255479,2623.12594651844,1412.93739566324,1389.95141228116,421.084085777103
GSTM2,1750.30712103913,179.658150657332,849.60406833282,3595.91557627031,734.007772354831
TOP1MT,3806.99420376247,1163.28673586462,894.313171045985,87.0177925276563,217.831670683028
CLEC2B,43.5508297884549,1932.53402375519,2.52592592696829e-06,1.34314626964236e-14,2932.6847248661
SLC37A1,866.42241119976,1.38923398834244e-06,1778.66130946139,233.562116420671,2111.57155894505
PIWIL4,918.528576600333,2958.65606711366,1.69586347099843,3056.99309615789,0.0067686288779933
HDAC9,1975.08239976017,1291.13603438591,0.333280229933499,2.1088110369801e-16,860.15424560234
VANGL1,187.603442542628,0.240174894979957,1212.13989137179,5.59565461810005,214.063517587967
IFI44,314.265018589945,0.000136001015298029,1346.56652974577,256.118469830071,1151.99336661291
TMOD2,2.3424893248206e-05,273.899150209721,806.371136932937,468.778030913966,2899.86481334823
SLC25A1,2376.17976106904,390.418305433951,3051.42346684692,57.7692239706318,7.42622363390991e-06
ABI2,355.568056277326,0.000391493161718608,1192.98223904214,361.639155892766,2856.71224239512
NBPF9,1110.98755017942,594.650785277164,591.823035517176,2339.27543635209,1211.28905986905
ABHD4,1170.52122767503,1.12925844722354e-07,1633.31430752698,381.636798941459,19.2061476755946
SNRPN,1406.40790740953,5.6997890634948,1680.06216560465,110.609702070479,2552.31533488867
CD151,519.722656285992,1359.8473906455,2268.30591116574,3388.43610977661,5.11524166045031e-13
ARHGEF11,1482.2259482268,1344.45821404145,1095.81857189932,802.837588661265,1.19080657914032e-05
C2CD2,210.35982834287,0.00159130069808908,1461.8557652234,1099.87680257298,3627.68303946017
NET1,138.298997533161,276.549938712326,1075.72727082417,11.6827298182681,37.2843913222833
PDLIM5,19.8287801584595,1010.01618753409,199.537694013282,1.95957633498368e-05,161.270421136348
ANLN,0.0237399577366588,2963.68171005562,3.72641475695621e-09,393.13038857238,577.683545549386
CASC5,0.000533726636003148,2611.26543418067,9.44694612073749e-09,159.188704543631,1926.53653919634
KIAA0513,32.091959111947,1610.80601423978,738.254089247182,156.393236857075,136.455035243998
PDK1,75.0878713030235,192.615323164476,109.849114469934,411.894887856492,3590.01888537882
RGS14,1928.692194873,1522.92719551797,3694.32635416866,208.658413019039,27.6595562310471
DGKG,481.234103886292,1228.17890476574,188.159793842774,4231.80992433913,458.155261352129
ATXN1,1.78489936758109e-05,1614.78725727438,10.0641932744913,3257.40357377237,1838.1826088858
LIMS1,17.1234420344801,16.2435134959076,1128.27930014529,16.5001464567735,1983.40918867345
DUSP10,2167.05118406518,997.026087397134,835.47069113013,850.884168831006,2180.54861066931
KCNE3,0.0140019264267578,1553.47264335943,161.957950140446,1735.24840168801,1.13285616351551e-05
AMPD3,0.18324506921633,950.762976631739,1595.24611744046,1843.42755340552,883.218137275532
LOC100272216,1225.7422799735,1246.3959778186,780.136061427179,458.212482193638,98.0405047063235
BST2,2024.56868784353,2134.25822099554,2782.95234458798,1532.25016590807,486.881583840478
LST1,1077.1354935438,2212.55104555129,2227.28475320426,185.181113172458,36.3597418933463
NEDD4,1.91751441836118e-06,4.53576714539713e-08,871.451885390186,173.283383907221,2444.95284370781
PIK3IP1,517.176149020094,908.187516812946,1898.09431314091,0.0391867467392789,2192.02050937552
SLC25A24,8.87056809179343,2598.74605366975,1.16287000605024,3.05723832910857,1235.84659022436
TNFSF13,2245.23994581285,2825.12309351232,1205.65489527343,434.606040741995,2.86524094473826e-05
NAPRT1,1488.9911469318,1529.4751642521,3306.15060524906,2143.92541572508,0.00255458052438175
IRGQ,2380.51199280494,120.283662106704,229.097142812803,1664.78537890853,1788.52095390769
PTK7,398.227013462074,5.96401109295453e-14,3034.13320030018,1370.17456916039,1532.91739045693
C20orf108,278.479060545289,1534.48451612296,5.55427226164089,2784.94885003027,1165.68941226164
CHST12,1422.78511396621,72.8001853008798,2322.56289138359,2678.20320360717,1164.31838230979
H2AFX,2201.21936534526,1105.78797236313,2763.96478749729,1271.86958979007,0.0107602139410112
ATAD5,1.10076206031637,1011.92753405969,0.000107828968757477,327.225408284481,2728.91560133179
TRMT1,2498.82439983288,294.974657851488,3669.59777335644,1635.4596957747,0.000988032487345296
PLD1,299.870211713419,1097.04495771396,7.48746527531052,2719.29236651081,796.814793345265
PLA2G6,1416.56764987634,3.18681648941523e-06,3309.79156362887,701.451847045117,863.014000541603
PVRL2,1367.27302039494,491.465311619397,2977.15617221744,1085.38631909604,515.629373555879
ARRDC3,257.401303653485,291.553505969066,1.30002584732887e-05,442.286500445734,2334.52242347954
DGAT1,1148.43651277838,1115.64168212174,3924.35776579488,1884.82243900233,7.24801796493604
PLOD3,1383.85512811844,2266.65215581036,1615.87054357103,3545.55109995108,20.1416880091035
CENPJ,25.3710001344969,1048.15506658836,286.265957053913,4139.53063586188,884.596916446856
ARHGAP33,2119.97050267069,1221.24345688862,2943.45647134167,1737.47842860061,1011.2963173424
GALC,385.019052891931,771.709504534329,182.571540802307,1755.43378126028,6.29978191207125e-05
NT5DC3,1946.73512276638,771.401268800436,339.750816885476,556.560629454818,1.15824161642637e-06
PELI2,18.3909670571948,493.202782313086,25.9687922961468,1059.55242847459,3898.08905809764
AGTRAP,650.722981822306,2789.27484127612,2187.23851756859,1352.03625064749,0.0048796725960997
MYLIP,1839.826111951,643.889703478941,74.3141142259726,1606.3250250128,3133.2765086438
GPSM2,0.00393783604151375,791.144232911856,157.863061776651,105.324455931328,2396.30749450067
HIST1H2BK,1124.71465652959,1101.83971388813,2013.18068389741,449.46701646411,1813.29883008703
SNX30,141.744069190027,1580.05414817992,20.7638022135805,906.342463097724,883.204575901135
BMF,778.103444342875,650.460825955329,915.75299162787,494.817370662611,3500.36659086147
PLOD1,1515.48717444487,3012.02817779732,2086.76564247964,1450.69206454771,1.82963824900215e-06
KIAA0101,1345.97310208071,1694.8839893776,0.00142448198243643,124.157865338507,381.363143239778
HCST,1438.98137278307,1215.48372497006,2251.04293565191,2725.09742943027,15.7187186363371
FLOT1,1540.29362184512,1111.15088455797,1649.17426307729,0.00891263874219175,654.167382426647
AZI2,28.3149019690303,1472.03822394547,0.000432729587214407,3619.47487324075,487.572165841574
FYN,645.099194515579,182.063215354073,1377.19760587024,371.379022271916,1550.89521644746
TNFSF13B,792.587416911677,3287.34790858912,301.765207873442,1456.85621682129,482.525840715449
BUB1,272.545663056625,2036.2747573931,0.0309863829010137,69.1835091776066,849.252375318924
TMEM104,2333.57862995447,2044.22834523766,1353.08622183872,866.854252069969,857.646759201516
SLC35C2,1754.9384676554,683.811450390438,2037.99796888212,4199.85211220669,367.766760027865
LOC100129387,1277.0835412564,0.631651574803973,627.408276614488,744.643000327495,2713.4298906314
PLCL2,8.18837726383391,388.95828948972,227.46840718196,5.98897289022273e-06,2095.87984124431
TRAP1,2582.83974618397,1262.30347994464,2553.55508384318,1.22593406643211,50.8986778687726
ZNRF1,1248.56517003624,48.9777766326755,2858.1958017976,2025.1173956454,2112.31701932034
SIPA1L1,265.826505282484,53.5254488188021,749.21865975255,433.047322356736,1711.24777390095
SLC2A4RG,1807.85219807961,829.485697038791,2386.60398281885,2466.93613157935,0.0310262932311325
CBX6,1509.36078991777,744.138634771461,2794.02994418821,733.875754272354,1090.08967208093
ITPRIP,811.449353600279,1602.5328939676,1737.79733835498,990.620170799705,1262.58265950496
IFT80,737.772430789285,1197.27750206812,609.261637630914,141.161952401797,1025.26266317172
RUFY3,152.530575977824,116.339686680337,0.140947651193215,2476.57799362873,1616.84145214533
ZNF439,0.00171529749856268,74.9362545624179,52.9930230865114,2804.08065069394,1638.74566919393
FAM108B1,129.956923164471,368.953732078191,464.77715450168,872.653600534029,3379.42016185574
CD300LF,929.431968409118,2236.80780856141,1395.84589838654,5.69393703679574,30.6496990825395
LOC202181,834.64817376102,1512.367690719,401.976420988838,1992.61637930472,2494.2279781062
NCAPG2,355.40241262775,2706.79632364474,0.0448951733461295,505.054783106837,1616.13018507685
CEP135,0.0310705649020872,1268.72468786782,80.1969903422678,108.93853420907,3091.68345272365
ZNF507,0.000586521453940942,192.559806766679,825.370221796915,407.58089202105,2414.29906358929
ZNF84,144.274739587852,3.86935665237398,729.297716918253,1341.38650810408,1124.23619340844
ZNF721,1.20567546845614e-08,0.00311596429474285,410.826478171041,793.518854793565,2179.67382167802
PABPC1L,1900.967642597,1428.12419932727,1498.63169017845,721.579988784387,266.449715420841
MED25,1951.27780482219,1354.29558458184,3022.75392811747,2239.43853050248,6.25118964854487
CERKL,1738.5538495165,4.36155084648364,0.0235158157704574,1264.38442585647,1406.93555195765
ZFYVE16,19.9703084475096,709.339769226671,0.00508306330219658,1340.61891107443,2278.33788700348
KAT2B,0.683084852213374,1735.46142980373,7.79044770727007,588.353954377075,2748.43643798651
KLHL21,1266.28571621774,623.804654487328,2954.43446785656,2447.16086857063,285.337893086673
SVIL,10.852139158455,432.173926473366,905.653869827161,917.387204590816,1099.37486575321
KCNQ5,1009.52831270419,3.34220072636963e-05,843.640594408935,1821.57830690319,0.0494612010036582
GPR125,1296.98115266698,8.99776298020638e-09,597.363124025463,385.535540764135,845.867486381562
ADRM1,2165.34022304866,540.336421103158,1600.81652541953,2022.63312830921,0.000112164247380403
PHLPP1,616.897056059625,29.2067206360962,1980.87741001541,12.5634095764803,2109.17916401199
FAM100B,2673.74421600658,522.728877477359,2002.26534464371,1536.01768405445,271.337378517571
SOAT1,229.94060925129,2914.68492592309,5.16600167739751,503.969836455563,530.43788766652
DDX11,2661.04510095581,757.655682144504,2731.33031903163,618.276528402187,157.854173407338
SPATA13,335.022493350256,583.933774195666,1218.29941652223,946.772923775702,2700.19299158303
TRPV2,1512.31270090272,1237.86212221262,2104.380575121,1684.7022548446,916.184559110133
TNFAIP8,25.3816369228035,1746.04161192812,1.65934697680796e-05,1721.12265090429,361.765617742279
WDR90,2317.28054211495,633.351281591566,2524.64729748294,843.249410118303,0.00424331429246355
STAM,346.182552082974,2.25531540701322,984.866609789481,370.331725774721,990.189611421976
YPEL2,251.357806756857,1610.44365978422,71.9671469479768,2055.27747842645,1462.20090529732
C16orf5,1664.86071651185,0.00197638556052199,2733.63648421255,1319.04857731844,169.918360787083
RBMS2,639.763529573202,171.89076762562,1622.11870633303,2584.78652359809,1107.1838975498
ZNF714,185.110485601772,889.975623242403,2.89683010285387,1825.26388812266,1738.27291146325
LRRC8B,0.465051074896603,0.0028668906857745,1454.70636501108,7.63148481213777e-05,2157.58632896848
ZNF431,0.176064704080613,146.346108777771,4.36411502648967,2058.83087380027,1568.87624627481
LRRC8A,2146.20051500979,0.00162299877608914,2022.2494848071,1361.49704370671,391.998689506946
TELO2,2169.61948629818,825.718135697799,2750.76545418565,1200.33582758996,0.00483855633720102
SIGIRR,1644.10014245231,709.729801782169,3637.01854952929,1208.96427358021,480.139621921958
TMEM14C,1211.95530064481,502.472127388288,80.2179575079362,1650.35372825305,24.4422543300151
MAP4K1,2477.52843021346,1409.04977338746,3218.71686200026,514.795216089515,1077.07731371647
USP3,836.157420045045,1950.0047534968,219.902087371458,197.040168409036,1047.4793380773
CORO1B,1997.33840580725,1176.46432966967,2364.08393964255,1328.57881566566,4.23595888125998e-07
PRKACA,546.717017685703,1575.06553853434,1259.16133126139,757.567776132961,542.065983678255
MBNL2,4.76675401873019,15.7175932277611,190.437514759049,7.23055801272011e-06,1984.8290321725
CD2AP,334.995218463468,75.6757037436513,8.79290524101983,43.8833998646227,2878.45133607113
ACER3,272.960147860387,2390.10817397121,22.443756309731,211.197260258841,1205.57354088117
SLC26A2,3.17319870083822,1345.59537403115,0.469368620224147,2282.14615877341,983.406000914425
LRDD,2221.5706603147,1200.54830283697,2855.64699820834,1551.95704250205,247.837339663812
ZNF512B,1388.83065096424,1.37233616066231,3128.87508023846,1664.1656663928,901.112043954413
CDT1,2365.74601325516,518.068392563014,1879.45488534585,737.173162832836,2.50177581974036
LOC253039,1214.77760945607,696.48262929523,471.053874124756,1708.16245175579,955.965389424678
VPS37B,1375.55325283927,124.997390512794,3247.82739788263,611.558981236218,210.881325729081
KIF13A,0.249028878174824,440.967759828071,870.57702694846,1118.23826050687,1506.31835680459
ITPRIPL2,249.072986294963,1388.27071157602,1863.1149294402,697.40607788883,264.897485922934
YPEL3,1402.22442864433,388.517342434935,2470.05616303234,2005.85094950139,1346.30357884658
TWSG1,390.454633210214,547.353447359341,0.0607322364309468,100.826712550878,892.009357531065
CMTM7,1865.60316547876,511.921116119308,2122.42479547815,2725.35587996674,5.56853401856215
S1PR4,2003.0533302929,142.549267867883,2912.27542608254,1664.30426792831,292.297414249877
KIF20B,30.9166178900556,2381.90459855221,0.0118386590771855,0.0144601857848528,1476.29330934625
ZNF394,2262.94646570934,1503.93340711864,273.235331334019,2052.48108878933,1027.94227697988
C9orf167,1111.74951839274,1152.01897652933,3004.53350375176,1117.43116708124,0.0353259179708742
ANKH,28.7761607842081,241.898018101398,557.632819017874,1804.94467707366,2932.37744315813
NPRL3,1831.99339215801,592.768137805618,2991.69286073201,888.406144924143,140.475591434286
RACGAP1,340.592888110723,2283.50193950433,146.476297490718,804.44296934032,1043.21607288709
C19orf10,1847.91982013495,1443.14267474979,914.445308547037,3157.31611799454,0.216217698827758
C7orf27,2357.20465429781,1646.77358788741,2441.6054307098,1927.03053083484,573.655710546957
ATP10D,26.6341601237389,752.662981193575,837.960609995338,652.995534038472,1950.49717355286
PFKFB3,127.829766014787,1526.99700481164,1607.38739354765,1467.18320608826,1944.70188784221
DUSP7,676.111552819696,974.181586058053,2636.8921104198,0.000774520579738201,1035.35063394941
CBLL1,478.031657431104,1202.82606006463,240.539429567235,434.763380840664,594.10429679781
LOC646762,600.024461033448,550.115747217186,629.027517149234,2549.99712308046,774.9685871667
SLC43A1,1477.08905676515,312.774581995507,2160.39835535079,1694.36310507206,190.65198794444
PDE4D,0.115997484744132,1796.55951936641,448.289360580474,2118.66110500875,1436.04920663092
ALDH5A1,621.026167267559,5.96328396897133e-05,721.187646687763,125.30480440282,1497.37683671097
GCLC,832.806479139841,1068.40897757123,323.345158134704,60.9168344455979,1314.14714260686
PRR14,2418.64313401572,860.60899799632,1965.70629543848,2705.18405905492,61.7586130771495
MPDU1,2033.03499464841,1116.82599218095,683.954565174993,1085.35471326361,6.15586848328139
ERICH1,330.768441306334,536.538363387598,712.20186643558,898.64272941642,2933.47049952015
KIAA0040,375.268319853233,817.481795669744,936.160336118977,58.0981986368056,1359.74144256219
HS2ST1,59.2902963682154,541.61985992787,135.433455717476,25.2025855211975,2184.97983723049
VAMP1,1073.48673076236,426.299143917229,1930.20698756361,2715.47564028071,1709.81263659602
ERO1L,0.00175064621614232,2509.17250058712,211.099447035115,204.730347128184,1292.63966503405
PTOV1,2120.84945383281,227.00395343942,2564.16871641634,2964.35495038624,419.977566293557
KIF13B,607.62948994545,774.156691411503,1500.91487207726,145.771513210953,1597.03131287213
SNHG7,2166.29375560685,0.00147999173251012,1705.20632652091,942.514182024062,2206.46977729289
GPX4,2949.39878131349,1146.24362020983,2649.77961991794,996.083580360829,0.00433190282971048
C19orf48,2330.33240215135,193.615035893518,2511.30421509772,894.269156917059,0.000818049551423887
DAPP1,391.348938640594,1418.78786846487,75.9798230479009,0.0120785622065351,995.726051111233
SQRDL,604.01857025483,2452.30123936073,419.44797486306,1125.25163739298,71.6973907785222
SPAG5,1042.35098884099,2265.97283146023,24.9030856365139,374.409479541518,1045.1202313648
TRIM66,1272.40153991968,1096.04648227044,1373.79903078857,1336.04772279926,682.673281115344
RILPL2,1800.27536818537,1647.40517031516,1154.83346274131,2321.16283252552,253.942461175919
C14orf139,1171.93519225436,1511.59317260839,671.164967642809,2575.95690756658,1971.57279716838
CCNG2,643.588392825008,1173.9567514463,0.0634975407194412,159.828291535051,2067.01656128345
SUN1,1058.18322962214,938.629986664912,734.370925413778,61.4522935426789,1949.0817054867
RNF145,905.170582752671,870.115237462401,573.724439785923,2.27357158632399e-08,2678.32896882366
NPEPL1,2003.30343636445,1951.38120555184,1946.8056519876,982.912246349423,63.2211219454085
OST4,1425.53633353708,1448.1081044657,1687.70582113382,3155.17302595777,498.823003340971
LYRM7,917.906602908465,689.129506786261,7.14529392635959e-05,550.076369109244,1045.82530804803
MFSD6,429.649175644147,579.089992251274,417.388993978484,3.58922808759655e-08,2625.72273167368
DRAM1,16.4458973771939,1679.30992901476,590.456142123991,568.877461405641,1796.41274624117
MICALL1,786.713754501598,926.384782855974,2996.26724321005,911.953460163522,1726.698179336
TNRC6C,464.250495869819,29.4739073357303,876.724623196903,1747.30894206808,1890.6859512518
FAM8A1,0.194358112945106,515.414825380466,370.288622319557,945.317906190375,1913.65110484938
KIAA1430,567.923761084668,645.785985569281,5.08114963839823,2.27978327875306e-07,2237.38847155448
RUSC2,764.77309938774,1549.45179984052,2721.62781588286,1177.17150532354,781.955617539578
HSPA13,47.6360679989223,1010.15318689163,30.3493890286971,714.008780027145,1245.83442812086
SNORA8,515.242163829376,424.77301662188,984.394673271316,509.065143340426,864.583248482941
POLD2,2751.65269960308,769.004587016864,1555.51416815366,1681.63216619761,2.2763648793607
CCNB1IP1,2223.39903326056,53.7074845945466,735.304682373432,118.69607545707,566.60993999022
DKFZP586I1420,1233.46405948394,888.677128784389,3.28929235664572e-09,1415.03266017973,2607.07896161361
DSTN,1592.83283320012,604.694937149595,289.636940622533,1409.51778068482,1546.27442873685
PIK3R2,1451.96678537025,1563.97508205798,2399.98140386017,1105.32581114962,0.120839988045958
CXXC1,2483.90760393879,1285.61888917893,2769.32580404211,1863.91596542955,6.12044550255579
UHMK1,0.000472980340370023,713.471596021714,1014.34443962306,41.1717815563012,2091.56497481038
MEN1,1865.4578161227,614.728854292768,3392.47868426118,623.450907027673,363.81773029576
LRRC37B2,490.546693701035,468.909973826539,21.7478322302874,1083.0147346915,2138.93102336161
ZNF780B,0.0135541460738656,161.306851360404,811.885661312085,758.749914794989,1940.31577260241
STRBP,1074.66188737598,6.33499838938301,365.535614704909,348.587900619383,3233.05907134164
LIMK2,332.332330021783,1008.31989371655,2457.02168466545,775.435150534452,2003.44451095118
FAM102B,11.6004133564808,2024.54143885727,277.634410211594,369.772689693025,2542.27656906218
INSIG1,1395.89376375437,1506.24825716651,157.551832830455,1630.17328544226,1402.21824737083
ORAI3,1568.00329488336,481.904211954555,1307.2463195204,3003.91470130364,247.75474043449
UBXN2B,24.1530903621998,2104.70367960481,544.710800617712,682.914702705042,640.459778540256
CHAF1A,1405.35991380058,1034.0701473301,1538.67742230182,460.169250788281,562.691005607607
DYRK2,47.6764487953235,321.235749094052,732.587208997383,367.350858273833,2987.46630388681
SFRS16,2734.67629545031,783.991297177036,2662.18059388807,1592.60065285262,344.503157151691
MLF1IP,1156.54381737156,839.868582256609,0.00645439562347247,880.25834399019,837.862218319568
ZNF529,15.4726434211895,18.0406207447861,818.150789238964,1108.97703556786,1241.8959418824
C21orf33,2538.88911713226,742.162301630502,1526.96532301464,692.152149557405,491.290827878457
C2orf67,179.027566414148,586.170710467077,86.5009159107838,2178.48187804072,1480.75656870818
TMEM184B,762.593932695082,696.312330126493,2442.12339772287,2658.5263683184,196.987007639515
SMAD5,399.009312745842,606.822572304853,0.43537194165994,463.064679135584,1739.05948854047
CDC25B,1062.74043775517,1701.52120238427,1832.46543237637,377.630336459838,1160.99625616783
GTF2H2C,363.072642457779,1619.02295903619,0.0189512917358757,954.244145504333,909.645420373277
ATG7,753.631143080049,2405.66186480402,717.905082209198,1990.605808932,39.1652976778635
BTBD3,823.484549492324,711.19848674934,1360.37659891319,582.41842233701,1595.60936956949
STAG1,75.2277910315949,848.479408912968,279.021404944799,373.902794413462,2302.79171635903
UBE2W,0.0520459431504521,1587.93377336816,0.532226962248836,1236.53268316219,961.704847967768
C5orf15,1002.67159601951,1871.06927243686,0.0181336939984483,420.82989381029,1034.0395562842
N4BP2L1,255.899308022656,482.014433044195,525.60653526729,2926.10790194463,1495.8468643796
SPOPL,0.159976902809883,1346.76139148564,0.0162845594959461,340.945927523095,1144.07268397737
DBI,2049.94124108901,1075.43692647319,283.287281701783,2164.03294034211,155.3813194922
PDDC1,2347.04359331975,1026.28820847832,2713.90406682582,925.647502367736,334.049532985341
NR1H2,2289.12596913462,992.333371134947,2516.63930663922,1641.78746932338,34.5200296454959
SGK3,85.0527773085635,1645.82514161038,43.6207328461645,363.677888249727,548.809542998433
KIAA1370,110.548851778723,322.598910634861,134.051835336245,1281.26209768771,3549.89997230889
LPP,129.962505342991,1438.46088784462,6.65411368832774,351.781451171211,2584.23280915921
MAP2K1,549.35666643501,1845.52175099371,1111.06559881607,360.481026409551,867.571772806296
VPS37A,0.000149207450903548,495.572168004876,904.68710535209,1515.02212306367,830.785717727684
CLN6,1866.40166064935,714.831188710131,2673.83973148428,1799.51586065464,183.286617879207
ZNF862,1410.56542801855,623.709774067823,1378.13715464424,307.100199042955,1933.7021305985
CARM1,1528.6567103277,729.99934923566,2075.7465408955,510.631920681406,535.3451485635
IRF3,2308.51173306307,1378.05254186847,2747.24945101691,1463.56484348698,614.426525702053
CEP290,192.381767180491,257.002367361042,0.993257441798067,1262.59939595089,1921.8138438475
POLRMT,2213.43918507092,809.918347045155,2852.068309411,971.898312792239,5.54475284357691
ZNF37A,10.780053327148,910.873849924713,174.496686112564,745.148727187614,1756.99772856318
BCKDK,1613.92204469829,1483.7516989305,2943.06212052494,425.696767646402,0.559913307765081
MAFK,1531.24883407042,821.176243429655,1857.93885778917,1238.11722334919,1335.07417268304
EIF5AL1,2971.7357135054,1332.23607118962,786.656863256456,1284.68132048933,11.8003174070983
NDOR1,2299.30744615914,1368.88202024611,2638.95796116824,1472.44843126199,56.8287144819255
TOMM6,2251.61933040164,1536.83401199094,2171.41087721639,1484.80668303329,4.53140813837828
ATG2A,1765.94098550733,806.977380959901,3015.47242465551,960.910335465497,422.309495487281
DUS1L,2543.61588991241,1205.6093717441,2644.30602924495,1140.34533896896,8.36861884836696
AXIN1,2048.10697266073,1187.09875126044,2632.1155676867,1636.53905258654,530.183090056848
MZF1,2034.1783393173,344.90987757259,2466.50621051168,1648.24572680164,350.063568713787
PLEKHM3,59.2588385474855,2235.62037304505,243.271195518877,493.703383878649,1829.0276666379
FAM113A,2037.37599487088,15.4403000226733,2673.76496165232,1008.37260982098,920.945426087137
RDX,0.0998248550800213,719.774341465874,381.149984579328,408.156324271391,1663.80071566206
AKIRIN2,1328.74035160457,1717.23196691899,759.4832500472,571.374640399619,832.417109366795
RBM12B,0.00287608534390277,530.145381904339,1142.66489808289,233.633748804787,1291.01117089377
SLC39A6,505.169333077336,1166.38489464007,9.56567781046008,572.999645446675,1020.49119959276
TAB1,1957.10921706002,901.249625625614,2983.28940428071,1346.96676750238,401.916487829197
RABGAP1,288.094300424061,467.178229414132,1064.19169836674,50.6729834751102,1824.39530218537
NFIC,1674.59808852257,1123.88894824482,2112.95331625824,1471.00502297652,51.11137810608
SCAMP1,81.6556601465304,1361.95756761501,0.00234806021452958,957.452387445705,1095.01865454
TECR,2336.99787104001,1351.12530430894,2157.09091191338,1664.28384093591,1.42319787059953
SCAMP4,2345.00175299331,707.443890374259,2703.99584457172,1165.01210321951,799.442110665526
SP110,1159.00344093765,485.665286612437,957.858117973651,142.890990215917,1910.07274861932
SHMT2,2388.75479089925,1503.8407075511,1505.85550500421,1123.03142759959,17.3244453182804
RAP2B,608.898639781179,903.650109322775,284.845858030244,1690.20809301536,976.200503125015
SPNS1,1672.602735523,1068.02517509823,2467.67871144488,1644.05915810566,0.015719570356931
DAD1,1671.99048516926,803.891295502993,956.450795103886,1849.20975974955,9.80049540073064
BCKDHA,2798.90554228609,1238.40754031207,2290.62141466468,725.81545419241,0.233576828584652
C11orf30,11.6344824826121,709.368398081025,1465.42975954274,355.536646525347,2153.11032928631
G6PC3,2054.90637058409,980.497689316236,2214.08447806796,1631.42262562092,3.25567908513376e-05
XAB2,1922.2760838031,646.838705942966,2653.86705956743,989.692507361479,123.084925343105
SFRS2B,1185.78138296863,32.1283468952501,1439.79431833901,0.000207137662270647,902.935155858139
KIAA1797,502.419254114222,538.176704412164,795.356683094344,1146.69038079494,958.237558453622
EIF6,2533.70182598436,989.39362705023,2093.9827595046,1548.79915456117,0.00527909585833451
SYF2,1499.51313061723,1186.1244784313,0.00754503103379455,1635.94163611788,1122.00411902432
OBFC1,1025.52601662794,326.384164331483,1464.89826814163,378.628476312805,1625.55764947481
WBP1,2473.56405451577,647.316585795497,2125.22874044621,1555.79184346074,840.156736582813
SLC35D1,23.1119490473411,592.669069064088,448.59205865294,1365.59560559051,2377.77528630325
ZNF800,204.085585091206,1419.10278220439,0.199851191516717,1048.13245816602,2662.22546136069
VPS28,2306.16297768832,957.546673869431,2192.28890426665,1548.72521623775,0.365383893707161
TIMELESS,1423.56626154513,1813.15190215573,1022.84777422132,288.49162981163,836.038534545338
MAN2A1,0.28160999182992,1175.73838802019,2.84867417552437,365.43003862954,785.318689029539
MNT,2205.58203364442,1085.91742125361,2586.53162667257,1560.17890834458,207.513650164252
C17orf56,2087.63853852679,1102.34512602052,2611.90847693833,1765.5701860616,680.813268457929
NCKAP5L,2369.56462628093,1179.54438323576,2049.55210031357,596.285695738364,261.115066475398
ICAM2,1881.77360316064,645.957235146699,1538.65943416395,1142.97304584322,317.303704621813
DDB2,1604.20450475443,1880.85386089172,951.548087996521,384.148597416606,874.659382445464
CRHBP,256.480690698423,1.62783755068023e-19,870.880998471317,4.25598076298188e-12,13697.6299758277
MS4A3,502.745526598721,1332.43882190238,2.35151569470907e-14,23675.6514288382,9.71185966094805e-12
DEFA1B,1.33915956525603e-19,3219.67779789205,3.57058590210859e-16,8.0371175426783e-14,1.22812027606398e-22
CLU,1772.82058773993,5147.44482135028,497.03408649433,21162.2076211304,2.91704662112668e-16
HBD,2160.71960016413,2580.87295131737,97.6172548082095,921.622378225545,7.41542932736687
PLD3,8675.68766879428,13103.4432617796,3309.04352280382,1953.18044034591,4.14714273415721e-10
CXCL12,272.379951478567,1396.91811615158,0.000102774303318815,1048.767895661,8603.76419064121
SHANK3,5.44067548193351e-06,6.76848320768422e-20,18454.9589389061,3.49223396050426e-08,8157.38423135539
FGL2,0.00140274564483995,5155.29288902673,5.05757518637573e-13,1.52853694494125e-12,4.61672625080186e-13
KCTD12,3.13834882354492e-11,4145.16010223534,1.51714674271976e-09,2.34162678305034e-13,0.000293720761629007
CD69,157.5465742148,3.6889312723695e-06,955.625704966373,0.000979305220271102,19099.2354333105
JUN,9806.26110079744,937.740333222402,4554.75108898689,4888.52206756153,6071.93586657646
IRF8,7387.36182227167,5214.40325168689,3.32767629606126e-11,4.60901483605138e-16,11682.854767324
SLC40A1,5.96324879148362e-13,921.717844855133,19.6640973519439,753.107974503921,0.00320822065382805
FCN1,2.82232666975149e-06,3918.77129882283,1362.65270678045,1.34824654241177,0.15009977635621
LSP1,2737.6764187284,2870.12145080896,15736.5254128037,8.7814243546679e-14,6756.10388039603
RPL7,5834.71763198434,2084.74699377842,3.10789272574553e-14,7002.84063194446,2670.56224961882
PROM1,1081.05361507323,6.46929836767942e-10,4332.09294332945,3.09046489508283e-15,18703.1136150668
NAMPT,5.5785048094738,3556.62227935197,6.60334045991483e-13,210.360686317963,0.227537841746431
KCNQ1OT1,4.72897179928763e-13,11.5290127252609,587.700269984445,8526.65199205064,4123.7594867725
TCF4,2709.62234199151,2160.758502728,0.000585767457812857,3.32578078348649e-10,22965.0774888243
CSF1R,5043.43549427844,713.982812237428,5531.80907221682,882.150775188737,0.0019920813688468
SLC2A3,393.931306428897,2009.00761852255,2053.38551211079,4346.75993238414,191.460811457026
CD93,28.0452242428018,14315.8846710984,3671.70954593845,49.2960690595184,0.511280055205368
FGR,1032.00454710233,10730.2150507844,3749.56111396527,0.0165987200933085,1.60503801840901e-07
IGJ,1211.88058800956,2950.08115666141,951.103982950874,1035.17256212715,7903.62152205016
LRBA,4.86202801921989e-10,3.53080846581061e-06,11342.9127225266,1.03763511433248e-11,10140.6125865499
ANPEP,0.000245291810545049,276.287635421454,5214.28432047623,17849.1703325013,4302.10214684098
CIITA,9221.4031307805,1.46025763384253e-06,5692.89721199721,1.80659376984552e-14,14418.2486837699
MGST1,4488.83292708251,346.367276232013,246.885672190788,19660.7706191174,0.00934844119273469
LTA4H,886.649818470319,5117.69657023018,453.33175317146,1157.87720672335,1733.23952757443
MYC,2710.13786628011,1.53135655651767e-06,12624.8508450803,750.699759255134,5.89530300398204
GOLGA8A,4375.89681882682,0.00521404298897614,3736.16019256988,11548.2615444338,172.926469089831
TNFRSF1B,2512.14852775565,4863.0492625449,4270.32071536308,4.25756170785438e-13,163.065906451145
ANXA2,1219.56982045159,8553.79549179967,1576.40834457098,9637.72818784803,33.3566277642629
MAPKAPK2,7159.13064584804,6863.45853532312,2898.6898537667,5541.3272872127,14917.4008811102
GUCY1A3,0.0920687273316406,3.42126600749299e-12,3462.18696314309,7.54036805334638e-14,10141.5927933643
CEBPA,5386.79481311173,2979.46100225075,5525.0562916281,12692.691522056,8.28484187718307e-07
MLC1,1888.82180311538,0.0415819434111518,7794.69353717304,15708.5147976006,0.000358328969659643
VAT1,4891.29269130974,3168.04506049238,2254.33860484305,18316.342102689,0.00157806720442853
SLC25A37,1195.57727576195,4091.89407344822,4180.71841406863,7420.6582032972,5469.451831298
JUP,5437.53621218781,9.32995803668667e-15,7891.00145962241,2730.76097631912,9228.2839467456
DAPK1,471.354474637531,1.77692001671992e-11,8583.60501231905,1.65548307540984e-11,14418.5627602357
NDRG1,1995.15976563335,8533.89197905047,1082.3417898096,14421.596772045,795.579784169141
ABCA2,2097.17916004532,25.1832620653413,11537.4682118672,5152.29311600714,7372.8830067755
PPIP5K2,210.956315441744,2012.96435237059,22.9873281651869,454.893744410323,5292.39578686065
GAS7,1336.91224554132,9696.12413088877,2245.05913007503,858.714313223837,4162.21374192485
IER2,8665.4982067342,2519.91376399782,7416.27342264145,4674.86513215586,2485.00400572718
PARP14,79.3660325984023,1285.68260199264,2357.47484889081,0.000147980560444731,13651.946029386
CALCOCO2,3671.91383476986,1585.02688019665,4.54902483273864,2322.45941804173,10524.6743057213
STK17B,871.297894395727,7073.12494799908,12.8326835277521,7749.97343727099,8372.07341055208
MXD1,14.6096577759179,3594.06161967848,48.1350061808506,7450.80816190972,1644.0655299567
GNS,552.163728043958,12080.1855572234,1307.60629280003,3393.66836849904,299.000130039049
FASN,8589.35263330078,3678.23465116304,13061.4592552897,2308.40379469975,0.00607003624807921
GSN,6189.70235156697,6624.36929815167,8109.24956092099,3414.28109591214,2350.73625051264
POLE,2703.1405282377,582.792903708353,12626.727207678,4025.61263167352,4887.59572833694
AP1B1,7384.65997845194,177.247502193032,9146.7193183049,2088.83106321987,5630.64981163506
AK2,6581.0569693532,15574.7346036119,2334.17527767922,1838.81164457058,4.03604177208176
CD302,1457.39442972479,7615.9117681997,0.000193512069312238,2709.24168282972,2910.76342866494
MYO1G,8418.61724150671,9374.64525171398,8253.98334719867,1974.87919027858,2507.00060822359
PPIB,7976.73086155566,3853.36558185539,3024.14611075159,17596.2169907693,912.655335906712
ATM,9.99803489852144,3357.99632293012,3405.62332267907,1512.15831883859,9352.70104059065
TUBA1A,9294.41811841795,923.354426346438,6357.27075133918,4990.37287655165,1674.61284024541
FAM129A,4.94856666241623e-09,317.104169853229,4213.69862848035,8306.39757574703,3038.62557074253
JAK3,3312.92305148257,9.21760107377106,9383.22807191246,8127.13043708784,7768.0326075047
SMAP2,4493.6389857127,7388.18760551468,5439.5179496667,878.250908102446,6518.44631062331
MBOAT7,6260.29012807774,1494.6154696304,13400.1569110822,6324.37098121346,99.5959715569302
STT3B,238.763860376274,3060.45058109128,325.150686418028,1811.27904467838,11775.9116234257
SEPT9,6361.99660225523,1329.18653528754,11807.7645439221,2140.97626977582,10447.96501135
DOCK5,2.80781390993083e-08,3225.56326180441,5219.44482111325,8242.66902208376,338.739278150841
FAM65B,133.496256517448,8063.61846204539,5150.37998394158,1.33395827813229e-05,6412.10951116188
BTG1,3795.59747305626,7658.03927793267,2.38914241107637,6309.51233636863,2281.65379739528
SDCBP,0.0271319322592365,6068.1992840377,832.78414335294,4268.18402251975,539.250121618409
PAN3,1494.98250319038,4834.87436303344,185.982873409861,3724.6937280251,18783.1651266184
CITED2,1987.05330283633,3131.94892632709,6197.09857725467,12152.4758327182,285.057814330538
VCL,905.095796383571,4273.50444475653,5140.69019708422,3.06229142698798,8661.54557847018
CD47,9.45434022701993,763.421062613797,2087.78457844082,4259.90324799606,10153.2273270668
PKD1,6869.81153042548,1424.21574949471,14320.3965063028,7357.29232160648,3657.43872519345
ARPC1B,8139.65728463342,10333.2294346231,4077.68806630511,3135.27398457028,0.0151418275863823
SH3BP2,1462.77091676506,6634.71383557191,11139.710455326,1950.30324710605,5260.91976176498
UBA7,9099.16634459706,9.09658347912296,7388.37072732373,1088.47333978892,5053.09093519736
CPSF1,5532.28980002693,2104.12593608264,13817.6154720364,4117.37287795152,16.7740117321758
NCOR2,6143.34906270532,5493.44451987959,14887.0584170797,301.955559138998,4418.81612080684
FKBP8,7261.34718142103,3795.07439800828,9149.26144513382,6463.77749108933,105.651642861149
ADCY7,1101.01875251808,8487.93406493173,10051.6042692105,1514.77311237906,7125.45668563704
PPT1,2288.60917698507,10201.511114959,4136.69797374275,4162.93106948773,860.267153135622
ARAP1,3056.98752374766,7982.83950112489,11581.7719718466,144.982510684394,1565.18959619838
SLC12A6,0.182557836318549,3052.88238835379,2207.68231664431,669.373089727769,10420.3647025954
FXYD5,7548.0258892751,3464.43445903165,9103.73000586474,13012.283535358,2309.93922064857
PTPN7,5114.96216429785,2737.11403286381,7430.2657311042,6806.40532050707,9.49736417103581e-05
ACADVL,11263.2525685044,6258.65478565507,6309.20312314486,10129.1006459448,1574.36897052859
SELPLG,3523.01773733916,8782.74250176078,10309.8098224452,3025.21401743468,1.72287848551032
MCM5,6037.74735377371,3915.18722002359,12309.1949847663,1061.28018359081,1456.12732501665
C12orf35,1.27068084105618e-05,1479.71640259034,3495.33227198946,58.6582030912044,5517.53841202662
RPS21,10877.8349956239,30.6446657930868,2624.48782365971,4764.85847230514,138.489734751813
ZBTB44,989.107806467415,5699.91406624183,2533.32009676436,1389.32721018225,9231.75912333005
RPS10,10279.3526093059,1438.51729803571,6089.03639625147,7887.60883975234,24.4615580648781
ERGIC1,5816.85916051684,0.324436498057788,7953.02788305561,3558.51148175307,7230.01187172319
CLCN7,8329.94585388163,4510.86519878295,12243.3762092528,5237.42600900162,2.84651992058757
WDFY4,5940.11512868558,5858.93997202791,7062.54844836266,1456.95175763319,5595.89786395424
SSH2,960.358533001482,5366.9645143707,736.595264438695,1690.6351010183,8250.99696160971
PICALM,9.68771868352285,4775.97946855177,1400.47621577571,2431.67435954698,4137.06467695181
HIPK3,1.68730046042823,4330.50583787429,2132.13359296597,2144.4523540401,6011.26258804315
TET2,39.6173729804669,5304.26168721141,302.461051687528,2980.95677967013,5175.79464607991
STOM,555.201912104551,108.837304146672,2563.3387656018,0.635708042144661,3615.79493848534
PRKACB,143.5997039562,1426.21133011869,2557.66069189355,58.3810343588792,5426.02792390219
SREBF2,4483.4036292212,5165.7041004557,13091.1085886975,975.904455853812,2416.02003413083
ZNF292,0.000325519177692758,994.907350619805,2515.01757777333,3721.20288352764,10347.4218374313
FERMT3,4563.61784854307,4345.08569985429,12710.1443021482,1370.40950762601,1044.52051171374
BCR,4382.6073507434,0.000174718319761104,10838.3626707813,3941.22028437114,5566.39677704163
HMGN1,6061.97915525617,3853.27850299877,1418.72493982826,6907.17574412155,3131.91584858858
LYN,863.584251164849,6273.54354201023,4378.95324024833,0.53557580498082,2507.2001241021
CTSC,3361.00646558326,3755.28831476375,2877.99485279961,8636.00619157322,47.4136686786461
PTTG1IP,4903.206526316,2679.13765741045,6021.64195432258,3134.76948990874,4559.29719398413
ARL6IP5,614.868634974403,7376.15680163782,353.207042627812,2624.12434276578,5788.37970752059
IFI16,1696.66195583882,428.528047927797,3112.63691858885,0.495345300600743,9015.36368223806
UNC13D,6385.36100045478,4999.08347433996,11590.3969465999,572.127089003485,10.6492612816883
NFE2,1116.10567273539,2098.22925067959,7912.77461705174,8238.79113176586,27.7880224107742
PDIA6,6217.5830218284,5926.9679889048,1344.03624557945,10130.910483399,1152.70101533731
BIN2,3339.2806741816,6637.21917382932,7436.89232951229,3276.66372662975,3665.84271889342
PIK3R1,1361.62164756693,2954.73464104855,199.775850675352,3125.85728560662,12022.6071185117
RPL38,11907.773639751,1081.60527728219,1156.20311274368,8387.50017404608,2251.68392883027
WSB1,213.172596858391,4113.54667849162,1987.81779960669,7323.61802060333,3453.12158965497
PIK3AP1,3102.9069624405,8130.86346211422,1946.53605275667,364.985095365949,7951.36330354994
RIN3,1225.85443859421,2670.79843353419,10943.7211456547,4357.09060542877,930.840971458081
DNM2,6545.11065390441,5038.81674451807,8151.97813072701,4904.75218872833,1727.47873238399
TRIM22,6309.22128898566,2324.22656915822,2146.38490938692,578.89891146563,8524.17695284262
LDB1,4417.48660232341,87.4026795469835,7609.20826977262,2724.42973592723,833.095873033465
ZFAND5,4460.13968465274,7020.39034245568,123.939764582614,5275.53749681949,2742.31936731332
ERLIN1,1084.67225932709,8245.81640637994,1333.89816907451,9283.58683138867,861.034701416227
GLTSCR2,11200.8419437663,518.224733509905,6305.79465376378,7604.03739585877,2850.72404095839
SBF1,4861.88279110909,2634.00182005415,12716.613990668,4993.26297109528,3570.38440303853
DGKZ,5741.73360714164,4193.52749730823,10482.7043347172,9813.37603339253,1698.56568270199
RSL1D1,8322.25264471986,2517.6118505361,45.3841892186767,4345.86561740602,1401.26381991536
SPTAN1,2590.03198936352,1663.38857188784,7747.47873051333,4569.4268456475,9206.04164146393
RPL35,10955.3682736939,1173.15561830742,5139.48780918593,8408.93672254095,277.929853939529
INTS1,9884.16270701162,4031.87676604993,8319.34215689702,4649.59937937075,4360.69161194995
IMPDH2,11260.4868089663,228.665739267551,1413.72964948487,3444.69976121737,109.498762765888
SEC62,2070.97234942505,5264.71594056831,5.93410279252108e-05,6130.92132129446,3817.72906156378
GTF2IP1,2301.85907737079,5303.15457261688,83.4960724412847,2575.49806977591,7655.00803906609
EIF5B,5775.29792324794,3670.5042194863,0.0698728307396477,5546.02373716557,1600.61236118879
ATP11A,428.730122564437,6774.30546147015,3934.53945779242,7270.56738338409,4303.74525508166
CEP350,0.218457169836891,3820.73926094743,100.906274085412,1836.91676051355,10816.2859650373
EDEM1,2872.35536456241,3802.21929558389,2.72434362871407,4830.36264330691,10943.5552087542
C22orf9,6057.44489555608,9006.01547632286,6184.99373616495,1636.35714883882,1528.96005150757
RCSD1,2278.80768287277,4144.87017270187,2701.79615333916,1668.60761073668,11064.5344375952
AMD1,1602.97588822656,2281.83805573842,2517.53002171805,578.902724633739,8865.05273650229
TIMP2,1924.50151270065,5995.02793101076,3151.51150420389,5698.45338303977,2191.88986781496
CAV1,698.58772966093,9.73005548044011e-23,8.59632377907087e-18,1.42217153977904e-13,1.37336587566409e-15
TNC,1.43683693375301e-14,3.51008758872702,344.303797503599,17.3041265804442,420.526126850553
KRT8,6.6938141806447e-14,3.73239001225032e-20,2912.91775584021,48.0051264300075,6.76829514051642e-21
TCL1A,104.544414176635,9.28908738162223e-14,2.85466234619544e-18,5.54682119912928e-11,2367.3684838046
NEO1,187.883835488966,3.13571949861447e-12,2.73068470532135e-08,1.15872246461051e-15,8.01284087781031e-10
CHI3L1,2.22656059633313e-16,0.0304137990811284,1931.20990651411,93.1025299105868,7.83011676639273e-17
NAV3,1.01988591895248e-12,3.20004098805522e-13,2.60070381725234e-13,3168.73231865333,1.23227123395296
MME,1.39247194143021e-13,3.48250042666567e-05,0.317261268620421,26.080412726577,1207.65284846598
TNXB,0.0497315741438635,3.65223375562798e-15,331.829770917851,2.57200245424287e-10,128.052819206189
FXYD6,2.87569216235534e-12,180.542771381874,2875.07563767952,1.2298375261878e-13,0.0346606320316404
TACSTD2,2.71572503346731e-20,3.9966378838317e-11,1.26540409768702e-06,3214.45958985134,1.41226532541223e-16
ITGA7,1997.4497628572,1106.93823156037,5.0209826636634e-16,7.00385998552939e-18,2.49159506721206e-13
MFAP4,1120.47864448409,1.23689083493423e-13,7.49501184889482e-13,563.426077867086,2627.92633668005
SIPA1L2,899.801670972462,2.55626793894149e-08,53.8989484214948,5.741273427627e-06,245.001290861542
SERPINB2,1609.68264819992,2154.47817493859,4.5154327480439e-14,9.35672954177765e-15,1.54088958632992e-14
AQP1,107.935044810679,6.34139139133607e-11,7.54906229806352e-09,117.348115477856,0.622733448462372
SELENBP1,358.137769166738,2.27426385152761,792.64040723804,222.528699118274,103.189101691825
CACNA1H,9.91320894733211,5.69611164306226e-16,377.331677896068,166.341909365811,1394.38583787896
PBX1,1.35746521405947e-17,1.92295696715351e-22,3.24159774827096e-19,5.68881522093958e-19,263.136309669205
KLF1,216.397088317692,0.000230274800214998,198.176601061872,79.8360941500239,2.25969707779161e-14
SH3TC2,7.90628366868066,9.70804237534975,656.506195220912,6.76895680827927e-17,43.6723189000029
AREG,1181.04797351856,561.615721039588,736.833845128981,1.16460509427506e-09,826.301161894866
EPB42,358.903000134491,89.9484669274113,662.297823693687,256.974717768029,261.787549378373
UMODL1,376.725386438013,1.58475779486411e-13,1497.31189385104,271.551442453023,1110.87131640392
SERPINF1,702.052423997937,0.000447963742597518,2.27246457772312e-13,2615.11295045533,829.365108712918
S100A16,595.082954103421,1.01249682024852e-20,24.2001929682234,1.26068092233287e-22,1349.22807515438
KCNH6,1.22705045366559e-23,4.36125347952306e-68,1623.67713565619,1.60643606551326e-15,1.81150470977625e-71
CYP1B1,0.000342451568995077,449.807264784661,1.41661615099317e-06,3.19923873334867e-13,765.045954571441
HPGDS,3.17859212897245e-07,5.13267966289532e-20,825.279845818182,6.64560801911946e-16,313.358652765071
DSG2,5.69053886627905e-09,1.86367403621558e-18,262.987013830767,1.33606845055656e-16,1528.27596782764
COL6A3,6.59695255607802e-09,4.88616834353389e-16,275.981167582953,167.767479495695,0.0824571775452695
DPEP3,187.225374524237,4.31983419422974e-12,560.045227102639,78.5512954281344,0.105966063212833
LAMA5,244.440556613057,1.30413081418227e-15,137.016837519602,0.00803316095433994,0.167074165373014
RYR3,1.26481227259733e-16,8.93938570818822e-23,1.82565062892012e-15,4.25402427144541e-10,1.3519168021359e-13
PTMS,238.707972569791,1.7987103400825e-05,2551.90738409225,1058.20845612369,1.22147100756991e-07
ENAH,2.33511085601262e-08,5.6813652986291e-14,1.4915097842446e-13,141.803404192386,2667.70312615989
COL1A1,6.24303515916572e-10,2.00425216990583e-15,85.4753193415135,218.67144276463,3.43177573570688e-07
TMEM176B,429.713163905039,746.268841186591,2.51112206435439e-14,1.37776951207927e-11,228.497138278691
KLF9,591.831693001106,718.861169128916,0.00582161623971237,389.977992345582,3208.01079295828
CEACAM6,1.93130105803543e-17,505.907278839899,0.533624154788166,1.03390279960531,4.12493253666077e-11
PRX,0.00249434554219573,1.30542235081154e-14,716.624219494891,2.89634100499486e-17,1046.12546026785
SH3BP5,1.97594966013219e-10,85.3725573187237,1952.63426334023,0.320916368253512,1365.23010460292
NAPSB,2506.43505139754,1052.6600857388,330.275739174451,4.62583534506862e-18,0.104075889990227
PTK2,0.00626844294866452,4.0253857837699e-05,50.1494079157211,9.09108702506826e-15,3200.74991379677
MGAM,8.72261677310978e-17,1339.13816983083,1.97756556270297,927.732381431913,0.000262935375267795
FOXC1,919.890267623512,4.29144820987785e-13,18.711387326306,0.0054949555959632,4.40707362815949e-14
AIG1,8.66496200610086e-13,18.4232729070826,5.53856505881222e-14,2840.11866535326,0.000261273511584785
EVPL,57.5382062129069,2.23669726202047e-15,1361.89875865108,1413.20887492969,1123.10089825285
OSBP2,46.8263110458233,216.016129252138,507.600341711986,815.763951735671,621.289252362872
SLC8A1,851.69892037583,719.028337769376,2.32354996259702e-08,5.75840515315154e-18,83.0711729377388
SERPINE1,1.37222023791296e-06,4.83279920713479e-15,1.68201587542831e-12,3446.55447485524,1053.22286938854
IL1R1,9.76645129701267e-13,240.118641894268,355.88435533262,738.730425158942,8.78756178960785e-10
ADAM19,773.766500121856,8.84264331497204,6.80917522640179,0.0139690711323006,2050.56116388588
SYCP2,1.5489611324166e-14,1.25812770447318e-07,1.19576613908557e-13,1604.2634035208,1933.25938586223
MMP14,377.851698156487,0.00658681514550404,0.13887375376333,1818.40713070746,8.86411558648313e-11
F5,1.26525904824975e-08,249.195710736191,0.000908309470041902,26.884698031677,0.000341337811333237
STAR,760.639125483863,674.344886428548,8.00962004190426e-13,3051.08034315837,3.26070909469571e-10
UGT3A2,2.20650871192018e-13,8.8637677112688e-14,1.48137265699843e-12,3330.38395447749,472.026029851589
TRIB2,4.81451396990114e-09,1.73499554307853e-09,186.621530909274,27.0298803518252,544.100853791147
TC2N,1.95458436224126e-14,4.52884873143102e-15,827.363845778838,3.34943216145242e-15,797.258903998057
LILRB1,495.060193179605,339.130593345285,561.525514862959,5.37587988117494e-15,843.383398734158
FBN2,0.942341413879571,362.529742595658,0.233636335733114,2260.47167818783,0.0922081850393061
DUSP2,295.693397125688,8.45374381433074,2175.64133890083,0.0019126478460295,594.191418989306
C2orf88,6.53631601005468e-09,8.87111682255403e-07,25.4443694407655,1.744372860546,152.015087341712
CREB5,1.44305357041583e-13,851.206118289231,248.539920119558,825.555873857592,0.000155398504310131
FCAR,7.02670739681426e-09,939.146166311614,13.2916474573191,369.334287278185,0.0376313840658686
CEP70,289.752965884023,0.0885370957060555,105.31189713002,1.21641817860613e-09,956.10287078441
ADAMTS10,515.745057261838,1.46100762372594e-12,1308.37302934611,9.20529151736034e-13,2573.16763664143
PTP4A3,218.612452574771,0.346974454566361,1587.69643226124,7.48827158178485e-09,690.556824063032
PLXNB1,837.297960130356,1.23704043100812e-12,172.502603756296,2730.59518070639,534.648137331064
RHOU,4.86690478283692e-14,2146.52783252161,109.780536729457,185.74179181674,175.966667549204
P2RY13,3.17978724284361e-08,717.659243031937,0.00986647292124613,0.000218104092354405,1.63329187056172e-10
PRDM16,0.000950563452620206,444.947531359577,1817.604555331,2.93813982599428e-16,2.47664184317494e-09
MLLT3,5.59326744022728e-14,2.04175410513401e-15,763.143509039768,3.3758259331956e-15,2568.44754168557
COCH,432.003675314945,0.00386546344016768,9.25006055919557e-14,2098.54281027953,1.10355674226836e-07
ST14,706.535132611644,500.927378252874,977.639533204918,3.31394745798691e-17,38.5905719394573
SLC24A4,8.26532376384856e-13,902.820244856826,0.784612568547539,716.660045295115,1.85203959744986e-10
P2RX5,1860.145175705,1.33077472438074e-08,576.188834888006,1223.13776547103,0.330566818591106
PALM,774.244076258888,1.67801401850309e-16,304.531727757339,899.023064233778,523.424540974058
TNFSF4,0.0518436034041642,324.1559685902,438.765240337462,1.18929380836771e-14,2606.7333186905
BIN1,8.16186057424434e-06,4.25534053475795e-14,3223.42179129608,3.21415228997316e-09,476.851983088914
OAS1,556.698989968152,191.74282594185,743.432019104953,4.57373791874027e-12,488.647924278943
AEBP1,43.1444824287357,2.99908890860885e-14,774.627069968282,1463.63290898854,1663.90037670225
GPRIN3,2.94977257967237e-09,35.3022509684836,564.473018842959,1.76266707676763e-12,1461.84050914601
P2RY2,908.719788604136,1221.68846419531,0.0501875731133897,2470.26769419811,2.71351747105804e-07
KRT18,0.012836921243901,1.09587438988141e-12,1659.99859606672,1554.79033208797,6.319808176073e-05
C4A,44.1660809825518,428.62395945202,809.999444781473,627.036815924328,123.757145892948
SLCO4C1,17.6091969769121,2275.65527506196,0.00215112864695671,0.00145553664585572,0.000352660724939171
DOK2,775.695387566834,1398.68671472723,1731.94559414155,6.3454130334169e-09,1.97824623369659e-13
TCTEX1D1,5.47741251901877e-15,157.909427884696,53.9625549648875,156.57734590272,1899.54580152984
ASNS,679.571716254627,57.2217352803337,19.9983930984926,3333.27153827491,60.1628742949248
CPNE8,0.0129575142193296,2344.76560054266,1131.97528882153,2.84287270607745e-16,293.024991864499
C1orf21,29.9045180988873,8.80257718968889e-14,206.330927498501,873.628527358128,3255.00094238253
USP53,1.7295026431569e-08,2.76852334768631e-06,664.80998855543,0.00799391229859182,982.339657118309
CD7,7.65456903218212,9.49278911617394e-05,1445.43903879581,0.003490460932359,481.358028872167
NCF1B,644.166009449449,1474.29199148225,23.8874511615097,217.011790803547,0.000481448151217339
IL7R,0.000852448045726566,2.5660574469739e-08,936.331137722844,7.83803525215272,429.276952749832
LGALS3,0.00161842192938329,1123.32879352549,0.0112275631970513,1629.656853582,2.04839148694883e-06
MYCN,1.64880855948774e-07,1.09183993687553e-14,1143.98607900383,0.0320992151583471,124.378581180718
GBP1,2.13330788440919e-13,7.93249492946101e-15,1237.65522914801,2.0992783268773e-14,906.257668757883
CD1D,349.790407451933,1638.39820177808,30.2579367597945,1.8477158425812e-06,1.68173445544889e-11
AMOTL1,307.454784827689,2.44283299043552e-07,488.124556825117,1.16824408504983e-14,1694.23210649414
IPCEF1,1.30106668242828e-08,699.343171038397,175.596263484688,300.473471134646,3.25218170290388
CD22,13.3078466022565,0.00050515569680811,2206.62742371321,4.09716538279005e-05,788.957385465364
SUCNR1,7.070125214673,361.126098019248,0.0225665635826283,820.845547361297,1.01002205601682
CORO2A,127.739163368472,1337.25683091204,180.427439222822,2512.34248603586,170.134638994725
CISH,695.104658915806,0.157368657525735,1401.12772310756,646.26403728006,7.90124119889854e-08
TCF7L2,5.39715867081447e-07,32.6331073902413,1405.66480052569,0.0400560495541763,2318.70000660124
IGSF6,0.75161587014955,545.263253158818,0.0372107706780314,2.31281731349522e-05,0.00148015905256532
PLXDC2,0.000429156784829712,570.480770447068,488.636661156092,163.46786200122,6.76010912786482e-14
CACNB4,156.875258550678,21.255734037726,1090.20173214024,1103.4053554142,726.144999531188
PILRA,336.162430144781,1916.60261005728,43.1614017132043,605.021943832327,1.06209492448831e-08
CRIP1,1134.24685328261,651.376141876271,1586.33407458905,0.00215635962076464,4.45556202090769e-14
IFIT3,187.089196539632,0.0884546964002975,700.173928661478,1.70087124361315e-07,493.566356075594
SIGLEC5,9.37275224874182e-06,1277.21842812334,1062.84607364708,313.79233146676,0.000217439194376065
GPR97,1.52153445219138e-06,575.226212048305,679.244051505885,1313.11521428254,1.51224485312369e-12
SLAMF7,65.3515327433252,69.6307678307011,526.208200229672,156.34463065744,781.07448283803
CD83,868.772460739915,109.223935324909,220.194039277132,111.423642654754,76.8940845223129
KIAA1549,638.410917539074,1.14670584400192e-13,0.000883638322565199,742.560564253403,1007.48031067677
NT5DC2,706.772364894449,913.27783838666,778.48529368725,2934.21259687214,767.285591516378
TMTC2,1.68599388674849e-11,760.570333273833,664.105524131245,1979.73877933131,2.2018661221887e-09
DPY19L2,295.535624998887,0.00268184032725769,273.789071092355,2089.06541643617,15.0315525182768
RORA,2.74481150131014e-07,3.06394743009513e-05,335.575268927736,44.6959227161154,1520.82447110671
GLCCI1,106.908633178659,11.6355867410238,26.6453022786656,271.558120859152,2687.02985245375
LOC401093,56.5529812494979,969.829331612323,27.131218649403,904.082708192734,1706.5675065318
HIST2H2AA3,880.097796822109,572.7267773843,1851.93653501483,329.169599838167,816.084440064575
ADAP1,1162.70033668213,2261.78316703363,707.51975384275,182.740845543094,0.000334239801562008
ACSM3,182.048350643608,2.13287929401586e-13,1.15444630891438e-07,1140.9059583326,7.46846182495496e-05
MEX3B,3.57271021646231,5.82501037026267e-12,803.434858327222,684.068146133821,591.581110318026
ZBTB8A,1.59790341375942e-06,1.51314704476129e-14,678.593897530974,5.18440892854485e-10,2025.01373162335
PRR5L,4.80893091097677e-05,2.79657436312064e-10,1383.77224927533,363.312138112191,2134.8633406127
PCNXL2,779.098911704282,0.719315946753975,1725.17863495966,1.48407395212976e-12,1598.59322902577
C13orf15,888.865218403212,79.3075531103183,1.43748258820107,3024.57628304417,758.730398094748
CAPRIN2,233.992866314299,436.334140265569,140.145036644759,886.105372117289,733.260551134764
NOD2,137.967255733202,1175.13826018934,397.384756841276,940.662724858703,2.52387635753118e-10
CCDC144A,1.34110570629955e-12,426.994871171571,2.79891092506811e-05,357.229472532968,1211.56655143497
SIGLEC14,1.23325591941054e-05,1185.57873008485,621.000473283618,369.883951174241,2.80753404627705e-12
LOC220594,685.380791701599,1018.05037030367,16.2871840689182,621.260320562546,764.206041971284
PLEKHG3,9.04643822229282e-07,3.44140580923712,1549.35710275137,2107.84548472386,5.84114533398169e-05
E2F2,311.455149337206,938.451701350976,1373.74669922866,281.296632577947,1085.45234236536
CTDSPL,16.5136879753449,7.19940596624086e-11,655.638696585403,258.88261470112,897.307889312752
SFMBT2,204.870170774549,486.967576343811,1066.40988479965,179.388536407732,2291.53104249533
SIGLEC10,442.754835888843,1217.58111999366,858.579646886947,271.936853153016,0.0473298560906054
DAB2,425.05138527755,2.18669274615178e-08,614.632161883127,0.00399473023403381,1738.37963558646
ENDOD1,408.713261073,0.0021411729259048,516.130281982093,6.83833947084991e-14,1444.41460097845
FNBP1L,0.117071923824343,1.37066119297087e-09,109.16394189729,1298.84647175266,2591.42287281952
ENC1,0.00542200408077771,807.821108189734,165.514828983252,151.141643431306,837.64435428496
PITPNM2,615.532632473714,2.86565658030737e-12,1634.30495140221,511.033183193329,727.116775208278
DBN1,578.887318376718,5.44181811351279e-14,699.065017936628,87.4455060380586,1338.42290574081
SLC41A1,248.501399554628,286.880626491364,855.16635028517,5.0896647020979e-14,2243.35339301749
PPM1M,596.991349667777,2062.69654417394,1005.56235694861,30.9836275771947,372.783933837738
MAML2,3.127444579012e-10,8.14417217461797,942.196357075763,168.942261578939,1734.46744289752
CHST2,680.495947444367,551.286239894933,782.653991120904,21.9758720506251,0.45590091704305
KIFAP3,318.610773636826,3.19952360380341e-10,188.451622557119,25.1876879634437,373.473014853493
KCTD15,481.887484217418,378.607658098679,1214.32641068371,1790.78832696985,1.37693933278123
C5orf56,312.249235585034,0.290875285890409,49.4703975563156,372.550835024878,3120.22392156769
PLB1,985.343988314697,1726.14192462339,0.20544426045092,256.587861110927,1.34938081446452e-12
KCNA3,2.32136730400985,434.408894489513,221.956878553581,0.000138597138752448,2178.86417790062
CALHM2,629.257795835095,607.71642134545,1952.26825711243,404.099699700874,316.938918042378
SLC19A1,685.576669972519,489.529458772906,2458.83312780117,996.947676735698,1.23554263629848
C7orf40,1674.24910488,43.0346335936182,509.138326330809,1252.74821987826,461.586625831681
BCL2L11,300.71060042583,982.531567254115,550.40823162032,190.49690700331,0.00848501634561115
LBH,198.56743321588,0.00267463147692806,850.980916330824,10.1219190487274,1042.12424155114
CDKN2C,1660.98487621632,433.766380740302,16.1063761541843,380.3679109155,1.3022330539337e-11
GNG7,895.119533269046,1.9275337991236e-05,1290.59376115254,263.25470657985,2435.82328194728
PVR,3.09083483068533e-05,679.208840792227,1559.04677586451,1402.26988262717,0.0113884616058291
SNHG3-RCC1,1237.88946421184,561.141231537302,522.544852009178,28.0114937680982,202.915903211149
ZDHHC23,0.00677065140631863,34.4573781258837,1284.98004540929,1213.16368985085,275.232272258274
SSBP4,1195.41354883228,402.549549223831,2995.54904769358,141.991261662928,0.0502855611957377
ZNF467,396.00344241184,146.088516755015,1942.2181382306,4.86690969401797,501.223421827764
GBGT1,701.109868502861,174.525234709938,1477.51162709936,832.054895543719,12.771347822176
CDC20,939.968552082511,1305.20269106365,612.638355320746,34.0266771638879,17.6830267389519
C9orf45,913.491467832432,2.0981756179079e-07,587.043123203648,522.972389943923,2576.12874735315
CLIP4,2.22056877118407e-09,88.2312374584421,499.28598150843,2.79400518078028e-14,1655.45115329861
UBXN6,1327.45825996322,340.265615189389,1000.32081923231,967.917014011107,6.43011674170176
EIF4EBP1,1065.66898187351,505.522063883814,2132.97392117035,762.924725882114,1.04739534309128e-09
PRKCQ,0.0141549359532572,2.64833001950746e-13,1096.05220089763,7.46123294053829,911.560251626236
YPEL1,254.317000877402,65.7412812180047,296.113471697018,1774.30291481192,2762.58054550362
CCNB1,853.322345423891,1333.20253490945,22.3597171367756,24.2408008653269,143.233834446842
LRFN4,780.632307552671,533.689822621146,1972.61910781481,2047.68888423693,0.0475620281495507
LFNG,133.251520707777,1202.19032254427,1040.17867506367,650.371103222118,235.051053584718
LOC647121,47.0272526388461,1967.74565861154,0.0162186648826345,130.423751315991,192.907121256963
SNHG3,2084.19671167021,366.834088128557,936.971921582676,53.5794436938618,185.571221371642
NARFL,1141.39669793793,0.000521825149026969,1864.50712694978,653.795322459572,29.3183966952054
PDGFC,0.770503718082206,0.00242133183269707,448.367214324717,94.3356726053006,1507.22807351717
FRAT2,680.082279820483,2005.74689669513,705.830991259246,142.342299007098,0.000585988701410104
CARD9,1188.94955577143,1443.57550025609,739.503288870809,1248.80703102936,1.36341149007154e-12
FAM125B,767.891133141099,1345.68734070867,548.793340198936,1971.12359475823,1406.24455385495
ZNF438,592.387153736861,1559.48799737777,2.34607852658998,1782.16666353919,42.0347954607163
KIAA1522,284.265030001405,0.0111602480988987,1950.07106910164,582.390568192583,798.535603860625
ACACB,471.593597924023,554.330025212929,369.276539960303,1649.57058498503,591.373689259357
ATP1B1,0.0016393857579755,2.9424191399269e-12,499.048397494106,1081.48880291815,335.130830706517
FAM102A,566.933221037986,2.97456778794602,2023.17796632872,201.197593603629,417.540366242536
SHARPIN,1331.40328412295,600.98803144467,2486.457111109,980.683149410151,1.69302316879631e-05
ZNF154,0.000192775510106862,1.21081570393325e-13,836.880915375996,462.444119751403,2124.86276213995
P2RX7,380.958734948411,1304.25473024101,232.881385315925,0.0863060003999328,48.4399714875166
RCBTB2,191.505182445542,949.473714091558,234.529900793795,459.201877353574,1451.898023796
GALNS,811.099959111774,1287.01866840636,859.725356732268,2790.24502432891,144.439343720436
LPPR2,1061.98539844792,1503.72890917485,844.548849955498,274.292402278579,226.16095978098
SH3RF1,0.00378272821247203,329.294252977776,889.768966204367,190.191784115876,1630.44613497871
RCC1,2070.20397382922,752.935736410934,736.092996024218,160.064025172467,0.00326046149936249
SLC31A2,171.238576188441,1136.38966060174,363.622255646368,1491.85706432691,136.062159732398
SPRY2,418.607055572378,133.723947359641,484.433912311861,1418.60470789385,16.128694173648
GLRX5,845.745761725844,604.225108074592,905.261230697142,876.790934446946,311.444962826212
NFE2L3,482.136389623411,88.4513509714538,53.5991004740944,208.755778494609,991.45139251292
WDR35,1003.12786640023,3.17421708976855,423.686885614481,689.27782185339,0.083900185334911
CXXC5,403.631241375331,8.10175961749894e-06,2002.97431809321,56.296667419372,1043.75995006812
TDRD7,1069.58311599981,2082.07279869596,16.3529896547845,7.17762357329586e-07,515.498766869663
KIF14,4.62028532160795,1625.10240329496,1.38223328352329e-10,22.4076842330635,481.186219006905
DAG1,832.364340645461,426.472778907036,632.70462654015,7.04404396820698,787.121572678939
C17orf49,1443.80313261071,473.103067674657,986.050856622298,2644.41850360848,136.409331061184
SLA2,373.700367765639,3.72586595173948e-09,1699.31773889336,1122.88991834525,535.027411921653
ANKLE1,1035.84173418991,422.556586412175,1590.29552369617,0.157348482505846,34.5758123210926
REEP4,933.004603456976,1062.44931942245,2357.27766120052,809.504152656889,0.000187246982334073
KIF18B,710.985952808741,1569.40412418769,707.358255331321,268.622216026392,398.716329351477
ARL4A,686.544631186788,1487.14778693779,0.000600894016491153,819.321560120171,109.084499842713
PION,100.487832525239,761.203150404296,266.379619050647,774.977190092616,1167.92986722164
RAB13,507.134435916439,179.59512321868,229.723248247982,2352.01100682454,487.406865348931
SLC39A14,560.54519043265,158.521402427605,920.969957752817,0.0018289897643326,206.558435563542
NR1D2,638.283306111531,16.4753326020088,4.92112165819714,9.69018025608333,1347.43102997045
LDLRAP1,330.802827224908,339.574740179973,2214.64342965462,140.305655103177,632.426592476626
IFFO2,299.821708239547,683.649203718235,1834.47561385139,660.852437311174,1793.00517575164
STMN3,668.825059159848,3.56668012974594e-12,1473.08896633311,901.177484854049,1624.61176250774
PARP15,841.283662775564,10.3916031878696,472.742463458489,353.64213335038,1473.38407498167
ZNF331,595.060674616539,72.1932750400404,394.140622546504,326.907147911386,437.586980234217
EPDR1,241.634101295894,224.924679006598,164.419031810549,750.947318480932,119.917797857024
ESPL1,526.501848417853,1586.57315473575,869.99306454218,441.806811935189,161.643659121746
RAB34,1814.20964949675,446.996662447187,1263.20548250733,479.020009756488,853.560157007852
FAM100A,1610.77219611022,222.322763479672,1870.71415432749,1735.85641478181,0.0613254294766088
ATP5J2,1206.18403942242,1044.45898415406,551.646721029051,1656.76713310805,3.31817611743562e-05
TROAP,830.726070717861,1185.13735048789,742.560904538092,612.048734117039,251.161018301059
FNIP2,4.84653384679565e-05,629.984876154438,472.296638796849,0.000355603177469531,1503.79741858747
CHTF18,1385.94549722866,589.201186136033,2040.76476271827,1266.37982688346,5.74885276801331
MCTP1,130.420044502411,1801.47995766024,28.3403639052928,549.476435074599,889.562163390149
SEMA4B,573.934488979466,257.577465714759,1776.56542844461,564.850784372987,3.07566723511488
IFIH1,0.960906606885393,36.1419864837432,790.013123212753,0.00133755598647284,916.763097941882
SQLE,105.375441705467,395.054158861752,1454.06846643561,184.879115342281,2.85937958528427
RHOF,753.206019332932,348.406284964467,2485.8942502167,111.676629144991,143.089804158106
ATP5D,1974.10160066372,771.113987712158,1789.54946508647,633.067780052856,0.000169254055456306
UBE2D1,76.450096512007,1052.33079880976,29.8367521303364,373.679699842246,434.60893742603
RNF168,10.4272006359478,414.212889437194,1632.41358426383,680.583327739728,639.384027525746
GPR172A,1164.07741251426,837.401808110451,1905.43129071691,1143.7785355179,6.12199968313001e-08
NELF,1220.97306300126,391.290936745975,1926.55013818955,301.24416181258,531.543898413555
RAB11FIP3,1264.10469367376,1.16279567445879,1366.25698174782,964.251701681034,320.046782209824
CD58,300.883656058411,439.597671731415,201.589162038993,1340.5601694887,384.270123158816
TSTA3,1136.65867506701,710.490578469514,1615.62632226119,742.338485002009,0.00477554526426379
KATNAL1,31.32795623955,481.247733196038,280.433346259131,467.622164716749,2593.87057567476
AKR1B1,1936.46146923503,1023.70256082698,273.426151125941,6.73485358990153e-14,600.413828541623
ZNF841,9.47411687568345e-10,10.0321623993097,879.284343527203,979.595356177569,1128.42706156322
SULT1A1,957.845808201123,570.518002400216,573.915758200942,1677.65405558879,0.0221789349076708
HELLS,15.5668017387188,518.694315410038,342.820924879551,5.55872500500906e-08,1583.89426584427
PLEKHA5,605.41219225362,7.12032067522611,548.938747716542,1038.95451380251,1005.7906828012
C14orf147,128.718578411423,1413.49726052597,2.88664210009153,1205.17302920002,151.147657507468
APOL3,208.326544418787,21.1973777694247,832.591619039344,1.84019903407594e-13,1235.15106852686
ARL5B,0.151017251057828,93.7212291285492,179.184948170907,490.172969538413,1669.89578761823
BTN3A3,319.471112859838,0.027681717111651,694.520971585935,79.0932673280194,1437.09380547319
IER5,1102.83998030745,470.894878920201,1007.49064388349,270.231281345067,487.308206378484
CAPN3,1052.21007518039,597.821551777452,346.858139791933,756.914800853517,105.289604023977
RHBDD2,998.964021653175,757.475325782326,541.49195148549,2108.7178298364,702.878676483017
CECR5,785.453750171167,1280.52671125518,1354.01668139281,1334.96211272268,264.100403730837
PAQR8,278.954320479196,1614.74137309136,895.228879672801,0.000304520765071901,460.060243600782
TOM1,856.683924529332,1398.19862963197,1332.17629791725,1978.33698215509,43.3599907600058
MARCH8,40.0567285702194,135.824311320239,879.920215145931,1147.47785766096,1422.64212213554
LOC595101,140.747366534012,658.38354285761,498.106403334146,512.74255490118,933.332837564845
ACVR1B,423.295686331814,1197.37969573705,899.085441936644,1758.25944320147,440.054940467018
TULP4,709.63726395926,6.43668044292635,133.146966910025,183.395445462969,1519.64205876023
TRAF3IP2,910.523823390311,0.0724882865145869,688.7143817103,931.659633345137,862.871868039287
USP28,0.0752223730654177,463.313153352921,949.948167203698,354.845586512344,922.134266759308
FOXP4,1273.85593273834,992.048475114252,1436.14503962522,346.216374435482,356.126490722698
SGOL2,2.621118837264,1441.77645658106,1.20025396676172e-08,217.4807952701,979.158226826077
CCNB2,745.502457131131,1284.74566022664,4.03909744234487,145.240332691017,450.927403233319
TSPAN33,595.808071167227,115.651320571599,594.056674184539,484.240880063637,949.061535707341
TGIF1,955.557595291175,145.724777544946,0.0286607638743644,1972.12229135278,981.471328310856
SSX2IP,100.745779557821,883.761892632442,0.000578095663953679,898.6579343719,733.123559727336
RAB40C,974.333053905534,753.228334265301,1782.54630255801,2077.86296942691,1.03407898685137
SBDS,1453.79138870155,362.114843388945,0.195321470095088,629.620429991244,827.272135041621
C4orf21,17.0395337778506,807.680715923967,0.117603962881534,641.26463492909,1950.13927309701
PPP1R14B,2234.86082652668,195.535154545392,1247.43885081854,664.956316986236,146.941502632881
UAP1L1,776.806140784632,1407.85808960599,1078.63641887749,366.94069506103,257.210859410989
RPUSD3,1057.63435566327,57.7800567159055,1156.81843655924,2164.89711706434,99.2977325074686
PEX6,1628.46386918762,766.422290942775,1648.44527792549,629.484367394618,50.4239762698604
RASA4,1051.4996476152,0.308990980039975,1203.13090338586,472.764508019783,472.056062146051
CCNF,476.522095666165,1361.26062085108,571.820168410953,454.910278603199,534.8512188072
HEXDC,1126.22905813675,8.01491659281319,2162.6567009223,792.232237429767,473.645792107122
ZNF254,0.00541267466871034,50.632031060471,50.4763001995661,676.99966817524,1485.94895200468
C10orf12,0.127070490908003,574.502563833581,417.043232765684,73.8124279754425,2178.62550606953
LPAR2,1476.8762977616,461.393163030807,815.111723657027,1037.33846259999,332.795814344465
SLC31A1,278.91757119767,1254.24607370006,189.759627502408,183.774681306662,440.352518609735
SNN,459.868839759776,726.196106234823,875.187395519272,457.094399768882,528.559756728816
KIF23,329.729658950337,1375.89909894989,0.0251980138244461,402.079868926702,598.997778577141
ARL2,1197.13196756449,859.548129162973,1678.57309444359,1301.50382838475,22.4462309464125
TCEB2,1708.70712508135,689.323167896078,1556.51444394837,1346.44745668922,0.0050123346186478
STAG3L1,776.636144884523,117.328812930242,476.949249616137,713.966728079259,906.429927820895
FAM175A,303.043395488082,338.278594641078,49.5524379707458,180.373901954199,1050.84625325936
ATAD3A,1313.06264507811,393.091193890632,1991.4388648347,598.180184859527,8.34108665334436e-06
RHOBTB2,903.170991232172,1190.61444566855,1364.98428424098,1.08517871728425e-09,1160.47264595249
FAM13A,8.46665807744102,10.78480962075,780.694668882931,43.6908510157785,1188.95078082853
FCHSD1,1683.09580650858,866.865326023343,949.094916675192,491.025389690644,593.337559877187
SH3GLB2,1189.34863088498,799.12590760414,1906.42142185467,406.987266255633,130.953107886705
OPN3,1286.22027131793,1071.35983105283,6.72764779270725,1.6261137220687,207.940951230897
YIF1B,1176.48359649563,818.360604254201,1639.78297944646,1338.29922707238,0.00108919629117947
ATAD3B,1313.25797603288,271.117544147856,2062.09053000958,829.825311084568,3.27282454135334
CCRN4L,275.344346026037,1091.33939878699,401.98356216843,2248.58526930073,198.488702216712
C15orf42,320.221505330622,1088.13310270116,611.245244547178,35.1010365650217,579.855708103106
ZNF574,1558.23398378412,0.588270064743422,1666.74314952586,953.398481399681,23.0468766221262
CIB1,1877.2068026105,928.45980115841,1003.09875220967,1756.59654021948,0.00329297846798009
SIAE,549.755059895256,559.337797100979,605.488521529583,803.916581343877,793.512795810533
UBL5,1219.12200601275,652.553857071518,520.724754481004,903.519122855102,1.37148427188619
NFKB2,501.684599427888,478.407083106147,1871.32914835579,90.7564716626707,14.4449052160829
ALG10B,2.99111072095053,163.042387093333,359.888236530249,146.228229890936,1536.94053866355
IFRD2,1907.01719186479,305.711811644697,1436.68041716503,609.761376834821,4.80492555432887e-06
CDCA5,533.330333110168,1013.50835918935,944.042094658889,421.815934857567,72.8596775167297
MFHAS1,184.986818229516,504.84152741992,1596.71977479647,0.519015686626556,1279.70986791547
LOC100129550,9.38903776923322,631.47158556058,0.0441453473143327,248.877013667746,895.103021833557
CYP51A1,539.966708997574,965.679069466438,266.515599157747,62.0929646440488,626.462886620847
ST6GALNAC6,983.856122554178,65.0481192623425,2018.60405642152,363.413768349397,919.765272918041
THBS3,1295.14725890644,376.023434036679,878.615082889036,816.064920159372,300.780224044862
ZNF440,171.716129072121,133.787748836848,5.98349443090675,688.539110833904,663.203957027571
PHACTR1,405.289121498019,144.792043404644,1199.69800290979,97.9272485956268,698.48865644951
TTC7B,355.814120665628,4.82160004078803e-09,647.494480609449,835.767902307532,651.479963194581
DDX58,49.9371254268414,390.114297423794,335.062570929493,80.5356842058826,1505.63789370686
THOP1,1693.88632398558,442.635762696066,1998.92716500301,651.470676668682,36.1376435962029
ARL17A,35.2094336305563,654.795038071008,186.18483666547,1095.56076469555,1606.23342998933
C11orf95,708.748781420278,5.29852047762437e-10,1021.47678603629,599.127662076825,1291.12990092672
STIL,178.095180120024,1022.60103731674,148.102692552247,116.63995806111,698.385918781942
MIB2,1454.06304812458,111.096434286911,1998.9951535353,924.013871050132,105.489971428147
LDOC1L,843.465272736764,379.884896665505,1575.81159170582,81.5866948653681,547.915294198498
E2F1,1358.60513971743,363.064983874012,1033.77452932884,1142.65330690634,358.798608201275
PLA2G12A,92.981301766658,0.819982569325765,418.714994152388,435.951460664036,424.214618866768
PHKG2,1477.12825636729,930.650572373222,1180.75457514113,1983.88786628296,67.3415141222578
KRTCAP2,1069.33182309585,759.625190361025,1107.02192956864,2345.97415478155,298.754943328397
DCUN1D4,135.981918533614,356.863183413181,139.241965001255,1075.6420168247,1043.33766424239
SNX20,868.381271688576,1114.34125030311,1576.30457543015,884.268958860807,62.2330938859641
PQLC3,688.505627719638,1213.17793993359,14.32508610845,978.472644715053,409.842026149316
ZNF792,18.2785703335255,7.36794743212975e-07,1293.23345036474,0.792759134425768,1134.71372487412
TCF19,704.909925744698,1272.96456288978,1140.4830369476,242.483205319164,587.494685142747
DNAJC4,1942.00600363372,821.938952477086,1308.50584315678,931.427006665379,582.035517561196
VKORC1,771.008351562419,1195.75462896419,1587.69791546081,1692.61373581292,1.30184023515924
OSTM1,189.384346948306,1526.21412014179,0.00665650718437469,474.910015331072,476.241243203539
FAM21B,570.255432150802,625.061547276005,489.543523765054,720.863306131895,624.978863101868
FAM195B,1236.65328342255,249.091639292525,1398.55327040221,1962.73504047554,3.07231223062544
POU2F1,2015.02234478993,241.214323534806,377.544688304526,1028.31418677949,556.730429013965
CLDN15,791.216232408513,187.080688809432,1506.38024243033,1457.05244044706,721.084157814126
ZNF738,0.122870546366144,64.9753036893466,290.286997465244,400.737875108771,989.146142676168
NCDN,1390.96836576503,507.547587206308,2266.4915752032,465.75326468959,112.688453447368
MIF4GD,1247.83558157826,775.13101221623,455.957407417207,1998.94057174904,263.544705848606
SNHG8,1621.6884659087,0.307960807072978,419.102605502572,1066.03800447198,104.86916387671
TTYH2,812.880600140545,262.604549244186,687.919569221002,84.0168744974041,666.099792028028
STRADB,239.28246720845,484.220474701303,136.290810401439,555.231314904283,658.066529214449
SLC15A4,306.040428972276,781.420449093906,679.497790287391,620.352865209339,1563.59535717629
DPEP2,757.716707057346,1353.49815040516,1377.49783022292,891.505887943344,4.36580344515348
CRIPAK,291.482830009517,624.641220136243,293.171720329085,1002.66388673746,1181.30528861826
RNF126,1339.62432261366,504.562992767882,2019.26223882449,619.873918781581,0.110726655952906
C6orf167,0.13865974284355,936.958673457436,66.5791951794787,302.958382427121,1291.94089412806
ZNF260,8.0234500597344e-06,60.4961514785003,299.717417544963,27.2467315828398,968.469475006981
APBB3,1356.40339286152,498.904546382687,1121.44842086961,1483.26094414747,260.346841362796
C11orf54,35.1302917139571,368.423148134997,162.534955528297,493.50501932749,1326.5233072317
CTSO,258.512583694297,542.669108649622,4.04203735774623e-05,247.09294925732,1620.45625376849
C1orf103,0.073720245799771,328.849723526439,437.176079429749,250.489328130805,856.603023731794
SPDYE6,441.669062207628,647.140875578298,60.8173568782102,1254.20992049703,1139.95381463026
CRAT,951.820440386261,1382.08088230724,1058.07989378636,1424.68660060279,574.710460659498
MAP3K14,842.895223265143,374.380212970696,1359.65511046019,5.31785657389817,1406.48088701668
PPT2,832.137408484439,0.0237491646536756,1455.81917991027,714.423705036313,408.152492374736
SLC46A3,60.7314626072117,707.471620816571,104.06378469039,570.104679054338,851.279641323072
LOC642846,1418.50538711236,465.564232017137,912.148578302572,892.683820890646,157.981967891921
DENND2D,493.201294198645,605.650233248981,1084.75851951859,58.6392285474888,268.903789103252
MANEA,0.00114168427587282,665.232553663184,136.620902906832,0.0368360670310806,697.833468920389
HSPE1,1288.38682576391,635.062531843378,259.092828211551,295.86238602541,11.8397994739058
MUS81,1060.7818850947,640.670784305998,2113.42293366551,879.253937108748,236.706870219302
MPG,1339.35110067789,552.78299163116,1857.75973168738,833.376694449709,325.965735074936
GIYD2,1370.2116658147,626.835459046442,1192.434633643,1278.62306629851,0.242167562487004
MTL5,483.34530974919,386.936166152935,713.131708876397,1112.73231488317,275.08494662791
KIAA1530,280.347992689132,817.302140751303,456.332867969886,1173.71240356333,1539.21250268702
C20orf177,2.16046348420426,527.303849622386,3.8868424277181,442.69409383888,888.014606374111
RELL1,604.371880635703,698.59928049263,22.3445250277463,1096.34327352779,524.713672309034
LOC100133331,807.743917014877,809.351939883142,1704.06566232546,986.622628957655,335.747668020331
DDX10,611.27588928726,264.760816561848,526.627042106034,379.880619920613,737.234701447256
NLRX1,1077.95406240391,495.354957567857,1722.15481610744,771.826113411033,73.2634871979973
C7orf59,1471.77248926198,1116.49916766841,509.491889025791,1374.38725659339,0.961259334619318
MRPL38,1814.40984073354,620.433252422113,1723.02773620519,580.058566089743,3.01395083283725
APOBEC3F,298.9626919731,0.556027009751443,1367.95768280212,43.8709930851018,1315.58644061162
KRCC1,553.089819722106,623.722021941344,1.85106747316118,1233.47623072962,416.833777449976
SLC22A16,409.36406334686,543.454216029753,397.112583560163,1843.43431298958,437.345017839628
TMEM175,1545.68924463826,883.623785679233,1283.04442633896,975.858468178454,434.559089973313
ENOSF1,916.792466461055,70.3914338889318,560.272386233444,1239.72478024922,19.0482688885239
USP6NL,42.2506642921033,419.34567196098,818.643401112322,63.6293870995136,1796.69773608253
LARP1B,48.2395077325693,521.70171780805,34.2200751522961,1459.33085484255,604.55314084096
RAB12,144.838103403746,575.702162252979,0.753200025355656,1085.97583580776,2109.71713293861
PCYOX1,101.664875456692,979.392774009877,69.7980898308185,1017.24605264113,963.408702593322
FAM135A,209.407811654667,1.84194020486913,325.887022163748,333.321233286918,1242.40288880091
ALS2CR8,28.5318419457541,263.241854603982,84.280239568529,644.046376419624,1522.23393420105
MRPS34,1618.49080761982,776.048167583617,1374.63319561519,810.799976732358,3.85143284170401e-07
LYSMD3,0.00711095933148306,591.130814236048,0.00107853945383626,544.61674097052,794.090605268905
APOBEC3G,663.227210380544,210.215491814725,1133.02168377079,2.8379546960562,1082.76127080118
WDR91,1058.88786864905,1370.92871234316,882.892286754464,71.3405124953828,378.092017940303
LRRC37B,54.4742935054472,219.618875574223,506.642307033123,1315.58198355263,1269.01731733823
LOC100170939,761.443082127885,1.64973463349825,354.260995469237,819.58198692578,930.381272036381
RING1,1327.55701677525,390.233606559052,2030.33022003824,780.988681952273,423.636524562515
CA5BP,1224.64082369761,1423.37647393322,815.206433391292,896.910526079236,116.45287598374
LSM4,1562.0115266325,884.848860846343,1364.66505817778,402.460481034259,65.011376152067
TIMM13,1793.29847752143,504.676680135119,1295.56789635539,1099.29894707936,4.88306861380569
FAM21A,554.960435258026,750.753273837192,541.55552529971,673.101135126166,292.392875157013
SELO,1202.01824000678,389.693061364803,1818.58300719953,868.778988561821,331.030836642727
ECT2,1.65247600905164,1267.13237457383,0.580301425622811,805.838964370463,499.172116893996
IPO11,175.105512071782,254.317729308449,399.622764224674,400.65012891738,1023.93022663509
STUB1,1783.55803740917,725.85204331539,1462.59244879114,1000.94602853116,0.720520128755456
ZNF397OS,264.277626525934,64.7868920420779,744.567442093301,1003.29671474161,1265.16957094234
HIC2,528.991695597596,323.943971621729,1578.46786008493,1135.96685362386,1019.91276299948
HMGCS1,216.852566953435,643.399340008989,323.413440850891,21.2792206486066,1009.74186781629
GBE1,472.355944563473,826.115960382669,157.381101459283,766.973169806923,22.3147405638495
ZBTB48,1264.43265632901,568.112360469818,1762.98424710788,1549.36322233722,92.9674803024952
POMT1,890.47192616141,378.187755517662,1293.36579143664,1788.76599333594,626.774440605413
TTC38,791.589507076172,1171.78618601917,1170.10045179502,627.949307167438,36.4162329312297
L3MBTL,560.25419678752,256.032968913782,865.504564716524,1156.01110280536,732.691968493558
HEBP2,835.887512396779,1723.36391474194,540.347856871466,1085.93397930039,243.763613236486
DDX12,1145.03973403176,464.875027784363,1072.03199043802,944.237187596026,112.274025899788
ACADSB,667.003628176085,112.960764578313,15.2762120150676,270.021749281851,627.818640180505
ZCRB1,865.087736381994,658.756207298275,0.000232664672715326,945.987400777541,519.616630145445
THOC4,1496.20342472201,738.868027033977,1082.62741396826,748.936657818891,44.3755471209294
C20orf96,1401.8450068674,0.157290375984347,995.779346868746,1141.61417586322,250.008417598859
PPME1,874.737832490424,498.269060676061,1196.3192734315,364.358500575998,321.073453029623
ZNF768,1850.76351263196,533.7863382903,1322.18742304281,970.944673795419,46.514281057858
OXCT1,871.575917009797,529.288386780558,683.48777330066,0.176584889652279,619.784706873333
MXI1,293.214099171199,360.527785173285,523.638876037924,536.500892366312,1401.29733943819
CCDC109A,196.77635105348,1344.65385536918,366.76038822719,289.788780340279,502.590339345769
SDR39U1,1416.41516507165,173.290801232671,1728.95302707538,808.023311305844,345.819159235549
PPAT,29.8850985298515,414.298936967426,280.759795381718,0.0280376351634855,838.07092276664
ZWINT,671.032030936834,1065.72791891248,470.006292386473,78.4060036129588,339.343200366516
PNPLA8,383.751238526593,1080.40059571121,0.00058973262067654,492.747458664061,636.562745054374
ATP6V1F,1561.31730165628,1104.71890878679,634.357649565116,982.902253013187,118.667493100121
LIMA1,824.912899937777,0.00111998796432792,463.533444439864,32.5144524053067,580.010447247081
EIF1B,1236.52359813891,534.032863104653,96.2922038287457,921.411319643269,248.406679060882
ZNF767,530.031391319746,380.868155030427,574.154807639308,1311.84424430403,1040.35938433056
SMURF2,247.295423870774,539.075946230405,152.626684392109,975.057018784074,1623.39689534605
PDK2,960.378885627565,565.102483456194,1432.72502023701,821.147546846971,797.565607960743
SP4,0.803810450700977,149.861315318856,61.632234944519,240.949448667776,1585.70563493799
TBC1D17,1121.40987026053,288.885884124423,1617.24479327864,1308.27801451664,548.998194788752
C1orf107,166.776794137267,323.464609698565,880.549235276165,16.5895532806376,1018.91377078001
C4orf46,53.5424256196782,865.04428041031,26.9283775118928,694.994211301031,734.827467258836
NUDT16,444.670860659636,962.017996204643,635.591537615232,90.1586841354639,310.792599531139
CDKN2AIP,297.747497862801,511.756222685459,205.365044791133,997.716551322785,372.379618575438
ZNF295,161.956868885964,386.735954484354,493.856056949238,652.48817618521,1455.22566396198
RBM42,1287.35308122654,838.916876804081,1760.35254736604,865.134507958869,46.3889914388529
ZNF480,2.05072384392087,263.401151055685,186.117157672744,110.007266944975,1023.72214327236
HKR1,645.570673912946,1.87401838779123,1043.77886344352,1501.25621924583,649.751138385075
SLC25A11,1585.70011138245,1066.00011506865,1401.16892250228,1128.12132896176,17.4977902158479
ZNF12,138.598800637086,859.141131004744,0.569308638753217,627.415139069904,1155.23403762301
CBX1,813.635115657367,1229.2760448937,137.383117089453,357.76485330301,570.054806578113
GNPTG,1234.6920714856,691.586508706866,1413.77629157604,1346.15642320414,0.246216277551588
TBL3,1423.20509870469,504.580254679584,1673.25255553148,757.909238666289,0.00671416032298882
TCP11L1,101.908590882538,102.523025297353,735.440639140071,118.596803406691,1096.90018013872
WDHD1,10.0555239055931,620.242264658204,294.992931822296,3.73631375323434,620.822676010913
ZNF559,69.2137924181,92.5945696309456,323.387592388554,568.582591652593,1106.55937949008
GALNT6,719.45638851127,749.395664409353,1396.3640225366,854.547349016918,397.086756784513
TMEM14B,876.708384172102,466.821409438526,488.639441249547,705.506282354536,225.594349748382
SLC48A1,340.980837087191,551.00823479383,1318.88816869019,951.411131479279,976.290417385641
PRKAB1,994.773602602823,444.786805441817,746.084030844417,520.593017902882,221.7834574732
LYAR,1170.2023042837,558.014236605501,112.64702497728,354.105182358768,1.42796657420848
ZFAND2B,910.212301125489,280.620612644303,1565.73361675934,1291.84304137113,609.435276310068
ZFP62,327.437863754784,195.794599320442,417.599407117187,268.148183649234,991.398048242711
KIAA0495,1020.66378400031,225.958751828506,1403.09211923363,1230.55660819902,682.980466868634
RNF5,1401.34474181637,464.065140970678,1150.81829775465,1331.94598399069,300.085742280987
SF3B5,1847.80071329383,406.270617744691,1174.83808198951,1339.96716078283,16.3063521829272
ZNF195,638.588051208381,293.998943749118,238.067746255458,604.279571521741,753.823833911182
BAT5,1349.89515870673,837.420081823852,1573.17131668317,798.215726577134,13.9667086818233
SNAPC4,1522.54907698847,473.247645254839,1650.73306220172,1116.41711915989,26.6976159027507
C2CD2L,914.806878112179,709.153077193356,1316.03846656225,567.287305544934,113.507827677948
C2orf18,461.805877298353,984.736715150564,840.400686889288,766.916164675621,842.530810714293
NIPSNAP1,1198.32696245648,8.51399508080058,1118.27606751292,250.644061740475,182.058855952202
PAQR7,709.020870555692,0.57857363015573,1365.31855820143,1093.6156559373,359.66238622882
EPHA3,8.98241248207039e-29,3.79986398668613e-44,1.96228698193317e-31,2.10937895870641e-40,9.43660577989714e-43
COL3A1,2.307684693436e-09,3.19122472016502e-14,5.80924420213985e-08,183.116314959435,0.00639893631650692
PTGIS,410.245170910717,568.15610543725,3.60990941943058e-17,6.25322325519302e-20,5.19548298523114e-30
ST6GAL2,9.0314489789704e-21,1.20906833962089e-25,7.7702537604083e-22,9.67947580324912e-26,8.76563029650202e-27
GPC6,5.40905349446255e-16,1.32944000885352e-20,809.562984755654,2.26724257090988e-14,323.864856418689
VAT1L,772.299825746371,9.95004136134856e-12,0.466530698149845,3.80038759761924e-35,1.35932958473457e-07
IFI27,1.59511655168409e-19,1.09694092581917e-24,3.84616531689831e-18,2.68467681449501e-19,1.05213948136502e-20
SPAG6,1.67004946163939e-18,433.878308467589,100.115833779784,3.58284921478133e-18,455.262550615864
CDH2,180.432785840566,5.02719647435049e-24,361.894356442089,272.694290733648,469.879475304846
C1orf106,369.417751552076,900.293223697004,5.73865392153001e-16,0.544885935003903,2.03856053976521e-23
CDH1,2.80931426100436,5.42741757289873e-11,20.594703652051,5.09244506992993e-05,23.7280722874395
ARPP21,0.00606277628491039,3.34444097128522e-20,3.4675701941289e-16,44.8896854845009,1382.47459522072
OPALIN,0.697377097229268,1.661879287291e-16,4.67016855322983e-19,2.43794632848687e-21,2154.00306402687
C1QC,1.12419324370458e-05,4.36972321909404e-09,11.2945942811695,6.98420880832304e-13,1.55399159103588e-07
C1QA,305.963451279651,0.0115808469594916,193.732894673206,1.37600014269773e-15,3.28557644225876e-06
XAGE1D,4.34015297555537,692.037206261509,2.96209723462989e-41,1.15702598265453e-20,2.53131197903718e-09
PLCB4,3.01725038394055e-16,1.22164028480495e-21,162.155708560651,1.25157269911964e-15,664.874010779208
COL6A6,1.2410904020235e-20,1.0848510052693e-24,7.3305848859268e-22,1.14110961593172e-25,1.58970379592788e-23
RHBDF1,0.000145048314222722,3.11726340923706e-12,1378.42420169246,1.8044520948109,411.578788639148
USP6,66.8105796940077,4.86550298179809e-05,1.97186204125735e-05,753.402858925947,555.247725495425
CCDC48,1.48578725636802e-07,2.0178821195621e-16,1069.20716458295,2.9511309705839e-13,866.407466486783
RNF182,1.94301813274007e-21,1.13261159402019e-24,1.79564184955947e-22,6.06496328878348e-24,4.86364888267795e-27
VASH2,3.70025145262047e-15,1.81937393384641e-15,7.70915079851665e-21,3.67826189982217e-16,790.867993378008
LCN2,3.09108640875964e-15,9.14360217067146,4.48745346660272e-16,1.93382765500826e-12,1.40255170265399e-15
FPR2,1.35693215352969e-16,828.90457984594,82.9786437020479,68.2683485109601,4.73018949279065e-09
ATP13A4,4.15591503148421e-22,5.46269953965821e-29,7.79707761079401e-25,6.0134792123897e-26,2.17952456047731e-25
UNC5C,134.034881598179,712.381204363144,2.34901691891538e-32,3.35812315793299e-23,2.83436343316415e-11
SERPINB10,261.324392922259,1027.17443748414,9.12025097382119e-11,1220.82329147483,0.00788733594111441
IRX3,155.246699659777,55.8780840124855,4.52222541497289e-13,749.111066568081,0.000263700398067454
LILRA4,301.417073395843,9.51800734918019e-06,6.54076809259738e-18,1.28024437043987e-21,865.0650047313
PF4,2.11974433757582e-08,3.26074678958346e-08,181.988655313553,150.872543780867,2.89476881894523e-15
WFS1,92.117808992692,0.00111694441419893,273.369715284738,2.87164888762582e-14,1563.00348007405
APOBEC3A,8.56530224621229e-13,453.213034846599,405.988736048758,239.973482007337,4.88626272760476e-11
TIAM1,2.86737502257318e-15,27.1022801305293,247.099550169189,0.0500124253469735,299.847691323175
PAX5,956.000820417424,5.55523610105102e-14,244.839454530685,9.2179455144725e-13,1072.03265669303
SERPINE2,2.09038949645691e-05,7.09744075617988e-17,190.024912664867,5.30101728438662e-08,79.2941086277126
AASS,42.7117938734008,9.82843109909709e-16,4.26997959187751e-13,2.60383597218814e-14,1304.10524210607
C10orf140,126.534626580692,646.945117478505,2.06446171260629e-13,1.00364492482416e-15,0.147492529422118
LGMN,127.924568682412,2.03542675064788e-08,2.40147136666844e-09,3.90384539171463e-12,1076.59929798733
TREM1,68.3467343237493,906.69541276903,28.2986727973324,288.485992235313,2.96247232489168e-15
RBPMS2,1.38914657709848e-12,1.65630755493758e-15,6.57486231207787e-06,435.554059278449,1.71450408111595e-20
EPS8,82.571531163533,2.8848913285254e-10,23.5671629867606,5.24629605324007e-15,327.297924254386
EPAS1,8.25409765058588,2.89256004503567,0.0871141084466609,176.633264985169,219.436273842223
CD300E,6.58754623932179e-12,124.80052095575,0.0103261784880737,7.89936211477748e-17,3.32882305445969e-12
HSPA7,430.849668413575,211.745475851992,37.6112583309413,7.93691229746887e-10,3.70633568251997e-16
PDGFRB,376.145616189525,9.73240438759268e-05,319.700306023501,181.938708020474,810.774144363548
CCDC3,569.74478624299,1.87002214678019e-13,1.31017037525986e-17,160.550995546376,1.71852882207344e-20
LPHN3,2.03930083552964e-07,4.69569256342919e-09,391.577300141817,218.836724113759,9.16321194892305
CYSLTR2,7.59552193821259,1.3253404522988e-07,69.3863311027774,304.303534266307,0.0440734545288556
LOC84740,68.3744364046593,2.61439955831048e-15,3.6658262458047e-13,4.75146739836679e-15,8.19983392694861e-08
EPSTI1,80.1483668624546,1.02554482474712e-11,473.135771716162,8.84748813765442e-15,641.713014764369
FLJ40330,29.4182682356949,0.65457262763477,141.133303977026,3.04161043376846,280.732924756611
CKB,1.3421134586699e-07,3.83304842047735e-17,1083.43981130191,44.5799116991167,9.44032389465925e-14
FBLN2,279.555598940049,5.59269931471252e-12,122.918651840074,4.61160356936498e-19,162.228472931366
TLR5,0.009953041252162,467.222020910072,2.72821762224456e-05,3.03971441407342e-13,5.36670825828838e-12
MYCT1,5.97535613722395e-16,1.28510706217033e-19,883.022163686605,3.21497616447239e-16,297.859989632625
SIGLEC12,358.891666303329,809.174696614417,335.19297440174,3.16368084664096e-08,5.94377293841965e-14
ACVR2B,1.14823597494447e-09,0.422512887630021,2.14396978783418,6.82420238177599e-15,783.990765252496
FCRLA,223.784076856748,2.881339317321,8.93795130151479e-14,3.33889557298053e-07,1129.9805508353
EGR3,230.695661329213,158.472499110264,719.924606505029,42.914540941312,146.859132652877
RPH3A,9.95986177080678e-19,0.00278918003371274,1.53672417513818e-17,2.13201615164952e-13,3.98613360683012e-15
IGF2,0.268075918060339,102.088173913512,1.79618011433127e-09,224.445292301267,1262.2726125315
SPIB,415.752921564808,0.021229179483342,1.97166561246782e-11,6.52408635643536e-14,1016.14607608925
PPP1R9A,0.012519029120557,9.49291859156379,58.9501040468895,2.80441420400356e-17,630.119066578819
MS4A4A,112.52588661442,258.919389703311,1.06284166740611e-12,3.48467157890211e-15,312.832969712571
HMGA2,4.10020299965451e-18,7.25150000540384e-16,988.314039834718,1.52296936226141e-19,572.584815364446
PALLD,696.310604710056,355.607806066299,0.54622652894917,7.3945705254128e-07,1004.60254488314
LOXL4,7.48225391271326e-13,1.82237736326731e-13,0.000695502943670219,1974.32233062339,141.344805622606
KIF26B,953.842860254352,731.711485699136,41.3078926711658,0.878247621302926,252.583097833135
ATP1A3,189.327108626662,179.334573266194,278.043900784874,3.91460124897487e-16,567.476223183562
CECR6,3.20361918897895e-13,313.734086553242,63.7982675898707,1269.55520016263,504.810706734008
OCLN,5.84160363761779e-07,556.54500033607,70.8683042469105,3.4212544599453e-11,0.177629457824346
COBL,5.65457053295402,2.47876508525608e-05,1.37396969642422e-17,1.4837291357063e-22,1661.71517818976
FCGR2C,390.004264702965,248.572400582623,75.0902301979173,4.12631568410735e-05,1.67457011852423e-11
SDC1,11.3028846122982,155.693450028961,381.681977676998,153.574276145837,144.783459694435
SLC25A23,378.370150463572,508.293996193593,182.703901399395,0.542339080917584,404.791773677137
ENPP2,799.822522675293,200.803017530548,89.133928144572,6.51236929265673e-07,2.83569265685275e-06
EMR4P,632.213545093346,264.916517331677,7.64452957438439,2.24537320515436e-12,3.09783171658681e-11
FHL2,3.75466358614228e-13,7.37519407703672e-16,198.299800087803,3.71678513833192e-16,9.79017109570649e-15
CXCR2,7.47691999853964e-09,826.24906371143,0.957906818981888,0.441408594320385,3.24212094190001e-08
SLC15A3,312.74503803402,499.557395056944,154.726980586778,1.71108744478041e-15,0.996016015055906
ABO,4.45881358864551,6.6705816269362e-13,507.337241197157,37.7981797641531,969.79828179054
PDE4A,74.1733573287946,569.732569919406,4.47378162075877e-07,1.15508974107103e-11,364.928969186009
ECM1,294.962612476042,0.000420415356062361,621.286357737894,693.7864358531,332.983813382189
SERINC2,263.91467761946,1209.89339037209,8.85983748153779e-13,8.49256108210095e-08,122.497681091072
NOG,77.2510273166454,6.59619837748208e-12,849.16276701826,357.677096391142,789.574243371749
DNM3,3.63680217131905e-15,1.39099216240259e-15,7.00319291045878e-10,2.47876938794988e-17,101.170385259549
CD5,62.9395477962344,1.95250691090992e-08,608.73520475094,16.3441156453302,346.383852661063
MYO7A,9.62674283748019e-12,787.875804914996,302.954620807844,6.00091565327374e-14,4.41563373801816e-15
HNRPLL,10.9037914349311,901.524826163455,430.183708814697,1.63043069826993e-14,0.0591729587238555
CCR5,163.249814763615,68.3273918194395,0.00718444166205651,4.9343358015411e-14,595.743122434647
MMP9,0.0349428338374611,117.341719381712,2.13421981009843e-14,243.428740431885,2.67108089736335e-09
BTLA,9.69335827597837,76.1948962425946,320.294968313407,89.8000027367156,858.839901610683
TMEM176A,68.3003774689338,241.550941167183,9.27283682464472e-14,2.23211460451156e-05,166.872614386096
LASS4,0.124190176586768,0.124010094250432,1075.97425030101,1177.08064592502,379.509142687173
MT2A,54.7493531601285,376.998797446543,219.647062969586,1720.17622324128,148.740919774664
NTN1,355.277115585411,7.50348622351179e-14,568.603267663436,1.24978933762114,158.241349210123
LRG1,3.12590429355838,1453.49323565446,88.7486627139591,1007.62026235447,4.33972835058698e-09
ADAMTS14,8.80665251117919e-10,3.80266578307936e-14,386.623635742356,41.3593895719654,13.9902034195252
RAB27B,3.20725841375218e-13,0.0322870094188492,568.184230597962,5.42802915376068e-18,29.3021041564348
EFCAB4A,88.280739521911,23.9184216536567,713.23315767749,1467.41170607498,0.00323192730285702
FAM84B,3.58899965202906e-13,1.52061925382918e-15,1203.43640249737,1.14811795264842e-12,351.524330220862
ZNF804A,243.545654959057,210.059774104089,0.000613871060568805,380.705943864633,3.34054261869785e-16
LOC100132288,526.907599709525,49.845654928045,837.417364345963,454.22176014606,4.61723208042815
PDK4,3.73014717691065e-11,382.092775674126,2.98177625512226e-05,1.09182303834109e-13,104.634689843781
FCER2,444.547171196571,466.745898709464,366.071495050216,0.118920419149058,2.05056890984989e-12
CD8A,81.9779424467203,2.11181465209733e-08,541.411049349838,44.3010444383706,317.85660835749
LTB,308.956464362501,8.17620180459091e-08,1031.84014719675,0.00350551551920348,282.136020896152
GP1BA,114.534122124459,0.784510058612679,524.155362873895,268.625198836916,45.4935500122445
HOXB2,628.665524927893,703.406805847576,670.140926945063,1.93402674202752e-14,5.68888549520115e-14
PAR5,0.00110861622964939,1.0212635827299,165.084666512956,1.73651288833341e-08,1847.73239593853
MYO1C,266.291521152664,337.586823825035,416.751653693808,515.954412007773,1.66224571414369e-12
MDFI,310.539851053326,2.15986283337283e-14,308.897282263971,340.307841802972,1.60716857223524e-08
CABLES1,0.00373023225217397,2.60040184539868e-13,947.111240396473,532.204720638334,4.35698083159537
QPCT,1.21586807580704e-09,45.4855514624034,24.830482920341,2.40992128804208,1.18591290907509e-08
ASRGL1,326.583150228834,1334.90721932043,1.24318069187054,492.608145758072,0.000289234370199345
CRISPLD1,116.278883489537,1.81723968162632e-13,55.5654993275779,1.81543184410304e-11,57.6635260786393
FOSL1,622.517997027984,394.779662549427,307.221776371037,1098.22348409977,137.693591169971
ZNF135,9.96075355223058e-13,3.53857479395173e-16,517.752469980678,49.3837743846049,953.522270221132
GMPR,10.0845912725889,3.59881609441779e-07,384.31355783445,152.599422532254,0.366072997297509
ODZ1,1.00251590671828e-14,2.09383323160216,0.342813755138077,169.613451221546,1068.13117863211
LOC149134,733.662173432217,5.6507471323029e-13,440.628539050924,870.459006959044,486.983129088388
ZNF793,7.70969653897848e-15,2.04114260485694e-15,661.305245443587,7.02461324975836,347.193710920072
TRIM71,7.53798427821244e-05,1.35108480584202e-09,960.169658622787,2.5463396992356e-11,558.390856417824
C20orf118,506.74787099054,637.508314101365,21.8131013682163,0.0076322861065451,5.73785683971264
CDKN1C,0.000751771407789073,8.7197330005144e-06,310.648251935878,1531.89218120612,40.9016939746259
C19orf35,904.771345290946,188.309333207718,18.4650085207069,1303.25137714001,53.2372503313664
PTGIR,453.700583972041,1.58826681850863e-12,149.263640431894,4.0238188358992e-07,492.496226738252
ARVCF,55.4781659789635,4.004425315653e-14,1005.69825232624,180.025519812909,777.892459061777
KCTD7,126.480806774858,3.80497675035603,69.513528958223,8.54908565843116e-07,883.230691683143
GIPC3,59.5404981989159,1.60501413784923e-12,572.781636063529,1.19111527551699e-07,975.284529528091
TRAT1,2.19459881252246e-05,6.12450431335026e-15,7.21269115595105e-09,117.8254899172,1217.17734081886
C10orf10,0.0742630252583538,149.214315663543,1183.3991306419,5.56257651091597e-11,607.93351639907
FAM20C,340.396315767179,1015.99695752614,0.0798345767385111,0.000921077644192617,7.13622701351345e-10
IKZF3,1.22993722361526e-07,8.61679969531737e-07,419.586379906831,12.0825940333104,222.683385358901
KCNQ1,7.59552614171855,621.034211552796,908.386937143031,0.0221415767309081,9.48280244272441e-10
ZNF90,0.150298515589958,1.24694207200078e-09,800.373169826981,629.005631313225,207.591486340726
C12orf75,176.673352666135,0.119962775042098,279.255668510287,442.531356807035,889.367392907343
TMOD1,209.346338190417,184.695783877503,86.144155380752,1.62845587152067,122.321163129987
CMKLR1,104.304400734175,0.687485611021544,73.8985905919368,8.11627618779231e-07,1024.84645209271
SLCO4A1,245.364897495818,0.00109596622204891,1367.14232791473,0.017027804121804,5.9088854748777
ZNF626,6.00276948789458e-08,9.79260944011383e-16,365.683093924344,378.848656319702,336.531044626187
ABTB2,144.351715876657,433.573815119194,686.036359088007,674.486656755149,41.4855902219476
SEMA7A,12.0744566236332,7.83083967509071e-12,889.197454850044,252.860336013081,277.951234484457
CRYBG3,233.170339535017,470.226254512806,0.0109892175260018,153.799387656447,415.289213494493
MYH11,262.601095142635,28.4195932499446,110.700229065213,223.80126430924,21.0314268740855
GCNT2,12.8649381972692,384.670401589785,144.643316539623,2.66141897979467,449.365619151693
CPNE7,201.148403735671,1.62701927188259e-13,304.718584200148,6.59798671803451e-13,764.46786644397
GFOD1,0.773070038312722,84.5899115076207,678.066063092188,249.910080340612,738.723596696608
ABCB6,144.400070192478,43.0698989905768,347.416768934462,78.1532973983463,265.400951259388
SKIL,22.8081024156832,79.2436916148951,7.03423347197845e-08,1097.86907347777,728.189158462825
CCDC106,226.187562810269,39.3588994797203,1277.02196044478,505.382252339729,8.47591262973508e-13
SH3D19,706.875909434735,67.4541826162598,2.919141519748e-12,515.871408714178,717.854846339672
BCL9,191.345140045653,0.121191820692146,717.653758032683,1.16645683085716e-12,612.701391501678
TMEM25,69.914870289846,3.34456759320346e-13,1193.46480379832,66.0946209775143,191.247554889508
NRBP2,152.645239243179,646.644733003947,861.52277790076,2.44533122938342e-06,689.746076596039
RHOBTB1,271.934339232371,13.8731166207317,1.70803233046312e-07,59.7124563011823,3.38588056634681
MAP3K6,155.536519487432,481.288949853042,1011.04279061556,117.01016077721,3.2339226103375e-12
SLC14A1,64.777349122917,8.41955487101933e-08,0.0395849103655058,474.027057904439,456.47505566501
RAB11FIP4,0.000148354120819825,24.7869190103686,606.151820581498,2.62530856709445e-08,750.570661622295
FAM49A,86.4130573860099,626.926651364988,85.4529915232193,0.0315820355127525,654.126359692388
KLRK1,3.57176964347455,3.05130059208898e-07,418.152447933683,77.8848955245293,346.774748183407
STAT4,0.145055759387122,3.34123072839895e-13,150.312586396912,157.193457278933,507.629871019315
CAMK1D,0.00336190410423367,0.27818555857396,708.373293707804,4.70936815197934,721.427792678792
TREML2,117.754791376354,324.15361539132,801.811118443361,0.854368892246558,5.04459267267275e-10
LAX1,0.372424762998204,99.6486008346081,147.007405017222,830.630105504628,342.05117330389
FCGR1A,507.840440182059,846.60229514306,143.732129540204,305.381071103926,1.9670711398111e-09
ENO2,69.4130240252841,20.8401165495195,773.131376754772,208.343105360532,608.646679394494
PPIEL,251.552202889493,91.998896237072,512.401059457861,574.932664215316,542.706380686005
VAMP5,542.25570548867,1.34106159711639e-12,304.790815127135,433.037772673843,841.380303192342
FAM43A,0.00567547300206903,132.565941220731,1065.03848789002,668.702135368372,96.4914485302083
CUBN,261.106739909088,112.660491686836,251.359175614804,27.3795009830964,1287.61155679643
P2RY1,0.000264235380490744,4.32812787441643e-09,197.862053191296,3.88750850267248e-08,164.997044343267
UPK3BL,951.348059085097,68.9386532004703,269.445573582637,625.909884087563,107.199648670123
PRRG4,15.2281351793409,955.297702706898,3.79207720341893e-07,427.541576394019,215.367763867857
SLC9A3R2,140.863492691536,1.69375100909386,727.375175944718,294.831650698022,301.577778781274
SNTB2,9.21598034724754e-07,63.5033446049093,15.1736138341823,7.89931768668403,602.66593789421
PAR-SN,1.05855311521367,1.22390401867223,191.443376148617,7.94326214238354e-05,1457.11694853954
GPR155,0.525070884386728,0.00882984058318484,0.00413981286868627,17.2936263427529,554.927924698222
IL17RC,142.228427936775,0.0141147898108056,796.022092048385,1320.86540963024,193.479690968372
CMTM1,0.00109040533877101,148.550787659348,482.959729357653,4.06229231242629e-06,672.930912053556
CACNB1,678.524974612612,737.175893747462,476.607516981542,8.80656547163971e-11,672.273621523627
ACTA2,428.673494819429,976.669096877421,318.095348782259,376.362361451066,0.0317397196632405
ZDHHC14,436.732426125528,230.294090470286,11.7164083087427,913.200500527306,793.839321266714
PON2,929.720734621883,0.348104887044955,1.53495543430963,555.349921554789,2.95829085701026
MANEAL,74.3677497918652,160.499583968011,301.469416835676,4.66075850498899e-05,607.172170208317
CHRFAM7A,122.996091263153,375.5367935021,420.848148010097,246.482202637372,100.898372807292
ST3GAL5,267.386306841847,23.3305811590752,160.772918583615,180.158455707848,905.643227626868
ZNF718,0.406085464212405,55.8633738117954,663.064186102091,0.00617701967207644,791.494821272515
WT1,4.98379633581542,7.17544716153364e-05,523.673047246186,924.557887471168,1.05900045943345e-07
CAMKK1,704.35168851012,316.671166053828,611.888669539268,665.385396917293,164.69130572289
FBXO10,262.348367591105,237.847184097668,291.564844665218,1418.45567124165,196.623214198922
E2F8,75.4600531118828,919.549973013229,9.36300981081224,274.712054845343,372.468588557438
ALS2CL,301.70555680287,3.39457821881775e-11,882.345259663986,388.74129784517,17.8449002488448
FAM72B,209.251120467588,825.318109339283,0.000142237594462915,0.0722841518121558,262.92469262844
CTSF,219.562853753246,0.00144892135750505,313.744965278289,970.558616959545,653.68379885415
LMLN,95.8210407214429,382.55492596299,74.3479710535412,971.58218022013,8.24963253456534e-08
SLC2A6,355.131551984444,57.2490918493577,626.701415206672,115.865810401159,16.9095765040735
CEACAM4,107.724550033965,207.344013604392,345.550656255333,389.087342857374,15.1776329392886
C9orf93,3.10762288769504e-06,2.91116554295587e-13,222.529995269421,22.5022928254929,972.790076730619
BAIAP2,0.777043204254688,80.1259889974298,1131.31316596811,608.505194288382,322.405838869268
STAC3,705.077425910283,1154.7017343896,24.217979577136,74.6699072499361,1.21495113994399e-08
FAM83D,189.063331679964,337.687720909249,61.8339927231609,8.434718574456,310.995957500955
HIP1R,289.243595849905,6.09475780909073e-13,662.603059845502,618.322855702166,223.954665061873
ARHGAP10,256.240281271449,1.84086789190591e-05,233.636804093037,708.670203985913,116.144462083889
GPR65,130.536636263209,243.73683700657,84.3574434438605,0.136840142257655,0.0348126906931422
C12orf5,531.908861558655,862.826818815052,1.75885768225747,0.471824948301112,295.570599284147
FAM176B,375.72017145641,0.0523734180700578,764.056986112408,1243.98279999687,1.88491552267571e-08
ZNF469,370.760860503765,248.669479285042,592.873947350348,92.2510719772805,619.19025151546
PI4K2A,415.010034224023,391.022194644408,298.612806729291,43.3470674335521,258.327698586606
SAMD10,542.660940691535,0.00189604731175093,1277.60949313486,316.107416796187,0.15182684510045
PDE1B,779.337463499132,609.723460104542,293.147966234891,168.398112420723,329.294061949673
DENND5B,358.460005332238,182.023860837948,0.175217427965746,112.667926065493,369.761601515789
DEPDC1B,190.99566650085,806.611304659951,0.00158849838172578,1.85512475156036e-05,244.508950644979
PPP1R16A,431.218008100169,284.068058524091,1088.65929939211,823.896503707179,6.38705290926992e-06
ZNF681,1.27259323605378e-07,7.01140982653639e-07,298.856663496128,65.46983447608,816.165700694889
TRIM46,552.596825332696,302.617074351547,699.989058463926,388.54969599217,0.000270495198089367
LOC286367,307.31489788066,146.967548899688,71.9031019912296,228.800128568277,517.941760858055
PTTG1,553.409445983183,795.667109172562,0.0807008062429272,251.43865535464,368.910871144422
PPP1R3B,5.52450199009452e-06,301.198242805903,221.42293177735,356.555164308123,376.997937455954
RGAG4,0.0293559239632814,80.1183176257676,589.152382341005,541.883426097512,900.058289966172
CBR1,780.315844463164,556.248615451359,636.828927103513,0.00020269489431435,214.07364084915
ASL,704.183162254747,1074.62947837239,238.159383489029,530.892621964296,2.31160521675674e-06
FAIM,377.944138540407,39.1271456649908,1.26423572824969,913.071151733532,149.15627282912
GCLM,1.41263555225224e-06,313.727596412697,315.717473796094,55.7068822945638,392.745494528872
HSPA1B,329.391759006408,248.927878942114,493.801417856127,347.680978905544,221.299556072206
STAP1,390.340730852686,0.00138746808769212,80.6473602173847,850.109640628834,331.543887327397
ZNF628,1167.18726119939,119.323447207719,770.215599336986,456.216644868142,0.0180019524770084
METRNL,265.419417338755,489.57147649145,325.103907106668,245.824050945101,417.42342467929
PCBD1,798.3508843524,849.252705941536,351.121051279879,158.53094142752,6.10860945961498e-09
GOLGA2B,352.474906041603,0.0717618505386393,305.754640536956,636.94209255401,357.752073279302
C15orf52,235.605279301882,194.680968761471,761.847487683164,1.19377134450664,586.465426767485
CCDC109B,178.738538634037,82.287082679151,310.595873780709,299.522479455517,404.762631553063
CDCA2,41.5578753568988,669.459217652638,0.297094100696058,0.209275433053771,243.91941123324
FAM116B,652.290164946152,188.408380287477,1018.71560781336,5.03285942446302,391.173537250378
DIRC2,0.000300659230521168,285.526805003458,0.887938206349516,46.9549391260155,491.309795597907
TSNARE1,606.081580947426,282.599831483645,967.89367767944,134.760210480577,4.56884275139385
ZNF85,0.000124500160534446,0.102244073095974,118.386377859649,383.60043153756,572.568476261171
HIST1H2BD,283.46069874698,40.8568027478857,368.739518509179,99.119967875715,708.859219636991
ISOC2,1129.92469335645,442.636734850982,412.267946547118,391.44548993126,6.07985391857482e-07
C18orf54,1.06788388497156e-07,140.895524740851,169.511293160233,1.88055720560538,756.00311591199
BSPRY,549.721692372405,21.2253084837943,545.202286581761,530.376611992915,101.15040025176
DLEU2,0.00859330646434917,728.151644573113,14.4034892419398,190.324014792205,730.219908737494
EEPD1,89.9663016493695,380.120205337686,432.366487881015,1089.03734832909,369.425277496287
KIAA1383,115.894965407881,346.434999815723,254.19816281478,134.647362011821,73.7049070134904
ACVR1,333.520045072185,216.587436397193,374.354218030464,9.6732002764225,309.411507479691
FAM26F,153.80888703976,0.000103756071865566,655.796765942291,7.67732624594877,631.752226538591
PDIA5,341.684088053709,212.161399040052,317.654667604052,1164.99504262618,0.582514716421995
MGC70857,785.522416154748,399.784274132079,947.350897126452,363.009219546878,0.000333727510735843
LOC606724,336.779041523876,288.824648566338,926.288189262514,694.625519287176,0.00721000964748353
NDC80,142.545634673902,699.80003806846,1.21197668099111e-07,18.8906249033164,319.904219172481
ADHFE1,329.639293410079,124.168031066718,895.376646504474,172.153809691008,0.20953351140921
CTNNAL1,483.144646398796,292.77233278928,2.99721545526448e-07,83.4390505797021,299.384759773974
TST,687.389486339125,473.356194645251,535.567241864259,602.679161021291,3.64630311264508e-10
FAM110A,270.496317807844,138.836076444894,1146.41845040047,0.164440436184209,129.596625300414
HYAL2,559.132953309568,0.341334632863423,506.829434260993,289.48820399478,4.32418620046197e-09
TIFA,82.9640040186555,382.549698714026,2.79638086677221,2.51793084736192e-05,687.730156790795
VSIG10,426.715033008432,0.000305947990249803,131.837130329101,479.529130782894,469.549884198999
LOC221442,175.520257935132,178.013995438033,338.483474350921,189.502111785448,749.738503894396
PHLPP2,81.584699723968,175.456515631326,245.341784742177,38.1554538149962,747.254564351316
UBE2S,899.598283997376,436.270676377853,442.655785907178,530.671229697624,18.3183736440591
PDXP,935.904136181869,133.904307743839,927.268349042587,273.891119376109,218.486420630903
SGK196,0.000203856087372586,41.0010684536999,799.746221862441,25.5356300051362,235.766400795934
LRFN1,221.800359292178,32.623932176963,1152.15811758126,343.934244166901,568.936164564094
APOBEC3D,138.378221789643,0.199431279723738,912.103990049126,6.93982119484271,615.35583430336
B4GALT2,556.305723305513,165.675168246524,422.82204206752,731.535934701378,6.61821625618553e-06
GOLGA6L10,106.674608825867,6.33715022281259,3.0696866657412,873.928931266441,638.833317250756
MARCH2,439.04555762621,323.028005434695,575.835543262375,436.97127477844,328.136812050524
C19orf24,690.652209191049,285.983362902156,893.976591233041,607.689917013663,1.14689352124977e-08
RMND5B,562.998440861608,666.802728769499,537.112333434035,1.10786482907331,624.004176689227
CYTH3,496.408185744385,98.0764288445961,242.424897655783,488.660100471561,730.706499019966
KIAA1958,226.806685766081,116.431880260337,148.266156093365,299.060103911531,5.29968427656785
ZNF594,40.6951952157014,4.10649738831775,544.866651067559,92.5559070862581,554.958191756868
RAB15,180.360643682604,74.3166842430244,309.847482092749,486.712808301067,1000.01761804708
ZNF93,2.1575672352223e-06,117.466121263637,427.128608675874,340.190790282719,162.974612315495
DGCR6L,664.393494106346,244.48646562415,1002.22421608402,699.973302324565,3.22062619525068
SVIP,56.2107676416244,136.245938418522,291.857059161581,113.278033272906,450.634181191662
TXNDC16,0.846878184068176,187.765355635738,169.823641836751,1.69843395705077,751.100141215405
HTATIP2,174.407071207042,789.17029643273,94.7468106563943,7.51669459203272e-11,551.732776449374
SLC4A8,242.575868079394,71.7405373177359,526.694979001034,85.4134552693386,1044.54032556707
UBE2E2,434.202248971799,7.26263095381943,36.1172559179558,92.3910756514069,655.595034687541
ABAT,108.662843399689,613.225043364128,301.989547956617,136.724630745642,293.933396312227
KIAA0355,386.574666432309,5.80066702500694,239.877579241895,367.233763657427,59.5506208682952
ATG4D,609.161648536871,235.595711127693,729.605818721772,533.249789946581,370.045231154512
CCDC124,745.513844308973,363.189855239623,943.53599420806,341.343761617862,1.76934170226403e-05
C13orf27,116.480015579279,85.0666339134124,577.34596832126,145.87688037589,100.427945576439
EXOSC5,952.21832963389,120.213754713854,882.494411216266,314.773912334192,5.36946477558459e-05
TNKS1BP1,568.003675581872,2.67571120287417e-05,589.221593383123,457.559324559972,201.792242463963
SLC30A1,15.6788480273727,653.128945831698,302.684643621815,15.408258252065,310.579672171477
SLC35D2,312.375438382663,473.991881202881,92.5624675060344,457.747102244289,586.319712383831
AURKAIP1,853.877073725828,474.746983351945,815.045762062968,534.584796981394,0.0257629344554603
BCAT2,597.535639095838,249.384519266808,942.107646044302,553.639360786712,0.000220871962712136
LSMD1,756.084327907561,233.257717433987,223.534379948725,353.040001203809,3.51037863425274e-09
IFIT5,21.2649731958039,96.7266372963202,310.87914782014,3.89911622650133e-10,533.186234571212
PPOX,500.542413135431,155.953875595703,665.710039170784,401.973708829104,5.76404777025677
ZNF780A,5.72594254904798e-06,250.840773013807,107.602973452296,129.048400738989,406.937339246727
NBR2,351.814286145594,109.050780059429,156.535606221199,850.109059213053,281.096271014974
MELK,91.6944554155353,829.69862028258,0.045748230402263,27.4230087045629,421.084767202602
ZNF717,0.00607097474515005,2.33692301956635e-06,196.403881545052,386.700204447135,657.701976057736
FUT10,0.00549055607724276,0.0524298528890796,328.905649349219,244.578774465995,274.297334731026
ZNF525,4.09947985556002e-05,111.907980877533,239.512706183779,47.4110793491092,507.612173838699
VEGFB,611.532775051674,357.961735077694,709.88159150396,664.78349651717,488.258878505751
KIF18A,35.8995899943104,562.399391490924,4.6428990215351,0.00128430557959995,367.668268610983
FLJ43663,172.923886697954,103.425508183842,183.294608930141,338.67357484068,862.627536982205
B3GNT8,341.517023468107,492.300695579532,1023.86689704209,145.248154396238,0.241312064361033
LOC401397,606.619554618038,559.781091907082,1.08749209751967e-05,602.941378074607,18.0630607225557
MAPK7,583.340661306803,428.259753765013,482.61487485502,54.5959758004339,336.791199976694
C17orf48,220.958475986546,0.000225898912375083,255.040345893762,304.635572765969,788.271182477799
CDC25A,357.250557111562,338.35044968204,312.365095080479,14.1886378987196,109.8796718913
KIAA1841,8.82589098683281,306.406773625522,4.98975288599924,206.825960383734,474.116337213685
KRBA2,194.425486500389,0.00803786552579414,277.877056098963,214.929812122171,635.059908761387
SARS2,976.92713144334,354.7222112205,781.821980529462,153.973766751856,0.0709420676487626
FANCF,134.83061628548,128.328744683695,444.043449908381,4.8101637104154,255.042504501197
KIF3C,166.4463613899,174.12267489841,672.976662894081,36.0856558775822,376.181695536257
RPS19BP1,715.852602570978,315.70173745331,880.103086482665,439.726893864021,32.1290325559975
USMG5,615.858356598258,309.049792087114,89.7607561745247,807.158370889249,102.67890897475
NUBP2,981.818571012921,288.005588173337,983.949802256508,512.002214536605,0.449126020371332
SNX33,183.566215420871,427.964539985901,628.370535151163,597.900812444301,167.067837321794
CENPK,136.897474307461,504.34334612584,7.27630115725323e-05,60.6585194775856,289.418693594693
RPS26,611.075186468047,20.1215191389077,568.679819428286,422.8966807889,243.02518569742
SNRNP25,826.587970208413,677.202279356909,369.956848102104,290.784908222053,1.00846752072722
CENPN,416.993867946238,629.974431539936,59.4298234155333,107.480423511847,308.961500143163
TMEM91,325.307259458689,287.219940405899,921.630129543795,380.118720027919,416.360862041659
GLTPD1,489.801210441002,195.178646103719,1026.50840748405,358.152526193768,0.000571279312470398
SC4MOL,0.0207434270456381,359.714526758748,270.539428287898,332.545059552449,118.147416476635
PPP1R3E,273.384192747409,54.5042951276651,605.31366099144,201.334047748707,456.372742572438
ZNF641,39.8475230958959,498.871321814207,443.562805084631,245.238232649099,120.477494183592
SLC46A1,428.756658805179,459.480044640523,465.774978573836,255.181636904417,209.606251634061
ZNF615,1.41177724131514e-09,65.5823774318035,300.088072611231,184.359491729104,370.288456736056
C9orf25,199.746090319133,386.327053462383,929.151812902173,335.834129270759,612.710983075275
PANX1,12.3300145756854,396.172347947885,461.868000610444,0.0731024788261394,555.487545759543
CCS,760.879072026066,98.9380929072858,838.795737230462,501.932370066512,13.7744530453942
THAP5,1.48201431112261,316.414406683757,3.03794969973689e-06,145.071575248867,581.285497347313
LOC100272146,59.876944392763,9.40972234866235,140.168506521434,328.414733608975,680.116454357821
FAM168A,59.0024190631679,216.279099440116,742.298338841892,86.884769491805,794.723893008508
TMEM161A,886.410606250636,177.508925770691,808.128191710286,395.887271669325,0.0118339325258287
FBXO21,25.7171602702492,219.824479916138,495.803962496767,8.24995492470036,576.996002606653
DHX58,439.268162562049,139.034728390455,640.460582170835,302.744701470007,388.977051706889
HS1BP3,475.273092492441,860.017084015787,496.567397129728,650.216873788538,46.3052730713216
ZNF286A,242.089274067616,0.00176568874686244,230.651892034019,203.618361488374,584.194326581019
NCRNA00105,663.707284614144,355.356636799098,460.287691283791,661.630162571139,129.280941471856
DZIP3,319.702489369583,0.376318477456451,144.278932900642,0.0414882893614227,382.263435210373
ZNF600,83.9255303285528,169.587635950991,216.772227211583,378.561106759736,471.17491367666
NBEAL1,0.0024167926603654,167.991080407099,132.18525663689,382.580481459848,518.44782906753
DUSP16,44.8281371790492,24.2930374690052,276.660698548509,213.672589245481,540.9322125717
ZNF10,60.2230540996929,1.49357523688917,243.450282973168,638.481808324341,306.162639487345
ZBTB6,1.27101941760163e-06,351.491005107548,139.155288492925,37.8528733172723,216.318708077356
TRIM34,513.951405719019,275.202534043788,29.6404705326215,53.2574005976225,361.867844059746
CDC34,591.828503494107,260.02049854543,994.825048923988,635.70058843693,37.8010933683378
PEX14,456.778880084393,203.193597671143,1015.71424403787,431.3503239973,3.84467439606653
C12orf48,135.142788137469,697.698407048546,3.87356825346285,47.2937594007427,330.681406057019
ATF5,683.603333848994,278.483115675872,499.544444873171,256.169541109407,0.0287039442867758
KLHL22,404.160458364479,190.588312933538,918.36338314432,380.034485705714,352.139970304322
PAK4,640.624767796434,335.150573930718,961.43763677206,558.924241163001,32.8354987738275
TSSC4,886.862441245906,168.620640815219,704.822949907247,564.273673623864,39.9774995998546
SLC17A5,0.403342323308775,853.602786052968,198.073358881628,248.392441393803,245.755702890204
CCDC94,841.435576995949,41.2796229871052,575.096459376156,460.694487555451,8.37234390209367
SPDYE3,426.87902895595,71.3194331367005,145.701115994251,459.442591246327,653.667373008847
ALDH1B1,581.072194047131,472.19482216904,428.344957840106,99.2765512919101,0.026743851898861
BRI3BP,388.602510867842,561.278821652694,615.60001150463,264.907301857224,5.49683860724347
SNX16,9.46570725349932e-07,162.45566004889,47.5104489774417,232.273045153163,391.130461282223
SCO2,766.794769147706,403.19683521669,641.46831401204,345.956793705203,0.000661114122901096
BCS1L,685.83338853131,322.186766364951,928.021313002286,284.73714227652,0.0194967007250243
TIMM44,717.604206867124,285.34035758913,601.29875539001,378.753003838941,14.5670387382563
TSEN34,520.211495629378,401.913127083522,1083.44493896928,216.057527007405,159.381116359353
NDUFB2,802.551318687768,509.520399150229,229.709991105654,739.230456250707,0.000239343631597599
ZNF675,0.0193353530527533,75.0911129244114,202.70291086575,210.567971655475,526.551653365546
SPDYE1,13.957191099916,333.473227002428,0.000391765455945332,574.792396136073,642.561961729504
EXD2,245.845381829976,3.00199219350577,725.81322694086,351.887169159252,93.3030212715994
TMEM38B,100.474863949251,723.911327197846,320.523096338152,5.641039896484e-08,353.805298087714
MARS2,518.334059882073,240.601100925899,443.436456926676,0.292572518168601,0.128383065074748
ARV1,364.402859604375,287.402947423808,173.542983923062,85.8558479810929,59.8217709005856
EXO1,190.63643529965,473.913547467579,92.242442434426,0.638007479204268,248.030354397935
ZNF845,1.34448013252588e-07,148.275987286727,188.946932331165,9.8527327877092,368.298584011215
SIRT7,764.54710413744,515.709188589088,721.315423870072,682.795329073262,17.5442741794444
ADCK2,595.181714084367,804.853013135023,501.529628701153,310.144612097616,441.175169340797
SNAP47,473.036505289545,216.366798239232,699.22604963574,133.920741079856,110.38363691861
ZSCAN12,8.02485310940641,0.836506138671357,234.072378826125,375.111876500933,466.309260115022
GADD45GIP1,738.684175512798,188.866554345926,633.190101733584,569.644312576774,4.35321508277809e-07
EVI5L,499.346662825321,361.266286903488,822.503009804453,486.183828443787,55.9114395474802
CBWD3,176.560011285183,212.431470574191,379.096809144333,607.318081463565,245.703810700373
NT5DC1,349.57932148768,581.448123846558,46.0808731690633,124.045185086725,306.809019873655
FAM128A,590.505485920264,198.331967881684,970.906809229124,325.475409726104,109.351195535528
ZBTB45,437.575539436906,221.308325870032,1053.17964730084,365.822785831589,0.00505527551694283
GRPEL2,95.372597034102,366.32818033864,66.9568398816552,77.2004922796034,309.088065367616
BBS10,2.37745083305298,318.498243816819,131.969095976652,49.1351919950009,291.423420930283
ZNF124,2.52902075875598,3.7004831536367,48.5675741730854,285.784909979137,855.6237014266
AKD1,78.1378452623417,100.077154191549,0.263058229492864,759.09509916514,1013.43625128235
MMP8,3.44971987499596e-19,2012.62631322615,3.05980938035139e-13,8.22674641360822e-12,1.0380349810403e-17
CES1,1713.74741918668,3743.97281771742,2.52238692514681e-20,5.24217688469717e-27,3.68025472290573e-21
MMP2,4.05908512613695,1.851036310156e-12,105.94842599748,8081.4061059168,0.000117064618020941
SETBP1,2.4359138176349e-05,1.52275376094606e-14,1269.77280807233,2.62078648338267e-18,9620.74619922593
LOC283663,1286.75871668874,2157.94748067887,3.59564970497477e-09,10512.7942125105,0.336495810080217
TMCC2,2.98267622765958,0.180529087173852,2114.73002825381,912.456364291821,241.64646801509
RHAG,6.43540305718271,9.20963213686668e-08,8.08008922772372e-14,3.22071787826436e-15,6.20784367502014e-10
CCNA1,533.79324364923,2415.0576420855,220.080479754575,8877.92481215902,1.59949084236075e-14
C1QTNF4,1924.59486676054,2.06513372786261e-13,3888.14763380704,135.390883557225,312.377117252159
CLIP3,45.4241642072205,3.45153736706751e-17,1978.99996501502,4.38969115697833e-13,2936.29151238281
SLC11A1,0.0185724377199801,1749.19659116373,6.2899111539227,6.75454601392478e-06,1.56077177372977e-13
TP53INP2,1790.48530327593,7183.7226362493,1.57398065454793e-08,0.258080499347859,3.30908754199712e-12
LPAR6,0.106074497075336,8.82874541718339e-10,1.12990195161698e-13,5.16269088823786e-10,7516.41170154725
PTGDS,0.000589214534876599,3.01071928387743e-13,2.59694209709018e-16,8663.48613606607,1295.97384869815
NR4A1,1292.0409715944,0.0497673850268904,1678.06861441323,1.83860207425605e-14,1.32627974556686e-08
CCR2,560.59817323959,1181.90000185633,5.49241118655162e-11,2.63259642804867e-13,0.00422962411065982
SIGLEC1,1.82342453050872e-11,4.37115051811167e-13,2117.44054671174,2.37610279984065e-16,3.27760394315271e-13
SOCS2,887.505771087673,1176.94091550753,30.7034262847245,1.4251026470739e-13,6149.45265875104
MEG3,2.42516552746943e-19,7.0525714996944e-15,3.60341561045989e-15,10068.0587879915,1.47854150951528e-14
DST,1484.1115098394,1.28343147526716e-12,3.48291760543878e-10,1662.0524232262,4596.55340673568
DACH1,365.056862934526,3761.57331525072,1.17303386661455e-13,0.00794918811861718,3549.21311507019
AMICA1,962.056763772137,973.835543381552,320.712892654769,5.5463474358819e-13,436.574316911704
SORT1,0.199735901345728,6579.94752502313,239.61782735514,0.00537445026589307,0.0855621638030068
DDIT4,2430.06861620984,264.343294353687,2262.38945502408,2.70254946091973e-05,5648.52521233244
FAM198B,0.00014119101252786,1286.16505041223,2.93039907958074e-09,2.08070517045886e-09,1.20124012377963e-07
PRG2,5.26097043283119e-05,1046.30428007258,716.306926579313,2784.8865368821,0.0124289733953553
HOXB3,1778.73649866709,4144.9547656223,2534.57769749438,1.42329696909536e-15,1.40756826873155e-14
SLC2A1,1892.98552490098,344.176407853896,3174.65588075245,903.802907548784,1276.88996105375
NYNRIN,3.42149150848007e-07,9.77587442091623e-07,6213.2199362448,1.25280936992202e-07,1960.31917764871
FCER1A,9.49681332954485,4.01110327733852e-15,377.472747488407,2.91737064833674e-14,1025.52663273699
AGRN,1148.84359156103,0.000286415247310204,1095.77912300141,6988.29604374641,0.00607878961689005
PTGS1,418.50825011525,1042.11066115755,2439.53601080818,126.159090230338,3.37633301909538e-06
IKZF2,2.46004331969843e-07,6.67317394718128e-18,1150.8937013704,5.38338676774489e-14,3114.35250944827
SPTB,715.274635492282,34.5053075070147,670.692398659855,242.324511530843,51.9780249687336
ALOX5,3.08682176145132e-12,1089.00332731724,2246.54197626062,6597.44482102086,3.34466497507767e-12
HK3,468.305075922668,6154.20778399243,557.024089154423,1.35295268114556e-15,5.53552049450286e-14
S100A10,1623.53035688428,2390.2907915322,1130.57401381542,4354.61799176192,1051.37724937995
HLA-DOA,5154.44958588082,4.8182781305408e-13,1.56054334652999e-07,1.44713335395296e-17,5560.85576010334
NEGR1,451.204538690981,1222.42631375758,23.7304205777095,368.614567968732,5016.1599324495
BHLHE40,1788.65845776808,144.583909322934,690.45680452566,7493.38030428632,1511.61752153902
EGFL7,2417.77047677594,9.49535003835052e-17,5852.48527242186,141.642796426729,2268.42111913508
LILRB2,1.21643108508829,2169.71248020443,2203.57996562805,1.15217956186181e-14,4.30457017145916e-09
SULF2,1630.69861235157,577.646912290573,8.26381645094265,6.48539975985264e-06,137.941757630124
PLD4,5877.96747896233,1608.70832752951,1218.69376666855,3.61456161945167e-15,2545.2913808877
ANXA5,737.390502571556,3202.77196868072,0.0635979094645328,686.02078194978,1155.98733517232
TAL1,2.37773174303752e-09,2.11752004508508e-15,3500.31275594689,5.15772377936764e-14,5.72558409681843
LPPR3,3239.45087270019,959.468204192562,0.000274910119321361,7151.03667921436,1.35483311382123e-18
GOLGA8B,1265.89132211689,8.55213042323714,1219.57570548183,4451.08399023121,0.213166036415212
CHML,1394.20635263434,2905.14409022503,0.000417730750138026,0.0265945898346913,2435.90383680143
CYorf15B,1.15263924433268e-12,0.00601755445725287,95.0354119288099,0.0800646357795986,1886.99926952437
TPSAB1,1663.36270686756,9.87127709343162e-14,836.277359125508,5759.99073269075,1415.32505688088
ITGA9,8.79928422027642e-06,2.7652278050782e-17,1917.96505863203,1.59670476544352e-15,4928.69444578332
GPR124,1378.48180193301,4583.26427271399,3314.91030625577,5.66489367489165e-07,2387.77449146648
SPNS2,830.70400746853,1.95139044497442e-09,7173.03711420039,4289.15525199764,352.821333147755
MSI2,0.000155382470389691,3.13303925419628e-06,1263.92236651123,154.702364868228,4952.05182412362
ID2,1111.28248437715,1672.66382358201,64.5296182541046,6201.61366603988,3825.46098501486
NR4A2,2348.19929758812,1397.76210037141,308.270478590327,377.794748906936,235.957698356094
DPYD,0.558983156395574,1596.18785375454,2.08812143281356,1.22132830190041e-07,2303.25961445455
COL24A1,13.2879120585446,1.32235922737532,42.2854894842731,0.000229199967210525,7211.87267737215
NCF1,981.934082555201,4175.2601868189,31.6532403226761,2.13214691815524e-06,6.6716977444579e-14
SYNE2,3.34372674716614e-11,3.48990136043146e-08,792.45456164177,0.0450740668016373,3600.23966853496
MEIS1,575.208664162454,3787.47627906369,2338.30148779317,1.38330048468928e-16,2086.19760561474
SPNS3,3080.52512753758,763.142224475991,4905.26280578164,1604.60601850711,0.000120299725150327
SLC2A5,79.4355599350815,1515.62785213484,4514.71440360806,79.7279925266173,3877.50285484489
HIST2H2BE,827.102467641374,1380.0519023556,3060.9415866705,880.811641672262,4465.57111722934
CCDC57,1947.33196265942,0.000358711323942982,716.948846417054,1654.06721242609,1105.3945534582
F2R,6.50368338991273e-09,4.65609818937329e-14,978.35071180619,3.90470045371531e-16,3352.42111951503
NID1,149.486947097138,1300.6323842381,909.96479578712,3125.82315720696,223.478470674057
DHCR24,402.8878494547,1486.91861728086,2831.70569718567,1956.24832072516,0.000527625801918393
HEMGN,4.30403861388623e-05,1.73932996436082e-07,2455.53103420564,9.46016801800176e-08,5333.27179516157
NPR3,0.00850219375368699,6.65434800411233e-16,993.504127657923,4.28403208364576e-16,7075.28333174096
CASP1,704.354600899363,1894.40117833253,268.509816942571,1.3433999795101e-05,50.8929914690159
SLC45A3,3242.98575621688,8.18996908212291e-14,3558.63352628072,1532.89220177018,384.039474431539
CD38,909.164150257791,93.1248319583457,0.306139027103641,3123.26762697576,551.693019124521
MICAL2,5.18924981441204e-06,1188.37560347475,1184.30885137438,534.638588665919,13.4587723473837
HOXA9,1298.71095235829,4919.9121271099,1511.03658167999,9.75260857644237e-16,9.42565859722642
LAPTM4B,2.61879836903188e-12,3.62556794687392e-14,3545.50678527266,1.58356309357847e-14,409.943971283794
ALOX5AP,786.424603283782,7164.80311399935,978.867986469403,4.71768411991219,851.286767033349
KIAA1683,2808.66833512609,4.90261791368922e-05,1560.73124712181,2793.49825260759,3542.27441503499
RAB31,0.00218737547917059,3229.2136491892,1324.93650729308,0.0133172178917477,47.8136146961412
BCL6,223.9502415331,3275.14416400518,938.246778118447,1010.91114994015,297.892172209202
TNFAIP3,1494.58633908519,996.004303128716,2073.18475793199,1262.34839400945,3904.29851199877
AFF3,2377.26640517884,1212.34552367085,0.957240841389545,8.83909868322693e-14,7097.79819598746
OSBPL3,1.61865507693441e-05,46.3427425300197,2116.6083862016,71.7262717428,5086.44460650843
IFITM1,0.114344024052854,1.2499739365904e-14,5859.92673826714,587.019669424938,2354.88442885759
OSBPL5,2787.31659475541,1926.99753467212,1988.3450485968,8078.80831344523,0.0245107529470439
B4GALT6,2.55751598778562,3.28933439332939e-11,390.922452152574,4.97267843484364e-06,4738.14811573067
SIRPB2,1848.38990416447,4426.44912502309,127.870079090172,2394.35079974105,2.14716584473461e-12
ARHGAP5,3.7717454481434e-10,1.10077756406234e-14,724.62621196948,648.135107860902,1479.96899061445
GPR114,1874.64016733529,9.68125767494619e-05,6011.81590000796,1383.36859639748,1137.0847500195
CDC42EP3,63.911210895165,5941.27161278166,700.5448600709,1.88862130699325e-08,643.660972712686
S100A6,1978.58655529098,4508.65031367024,985.823381789474,860.86877382636,0.132649958053176
TRPM2,3176.42629423541,2264.55360050443,2769.57330266489,902.557692333268,4533.41783829767
ZFHX3,18.0116222705864,497.521666144589,725.204336293562,2789.67382886022,1633.94314831124
ASPM,0.00997729339315378,2823.24712170899,3.73913481660614e-08,61.8851157425201,4321.67652208743
SPOCK2,168.204334535229,1.68427806319926e-08,4678.00079985571,7.55550504557367,1881.14606840467
CPPED1,426.074904711704,3770.42129773354,386.254166358249,929.898353398809,479.090828099255
TNFRSF10B,2015.21342443568,3584.36868319566,2346.94117750852,6.32976986062017e-05,518.665101232926
ADA,3046.26893657272,8.10189871934732e-07,2424.97256908574,991.343337692404,3454.56187351276
AHDC1,1378.73356859613,1.53475213894322e-06,5694.98254970888,2669.28015005778,4490.62743078242
CD59,21.6891565038819,0.00143245109978375,1612.88696662062,964.261213237491,1775.89277340815
FMNL3,776.57361385206,713.603666442214,2870.15550809759,539.582279157545,6438.58234647891
CD48,1.05510636665629,224.753121505554,570.015410380286,1063.55012090552,1140.16127670258
ACCS,2153.02556456935,9.60427274148648,1483.5267775815,4930.37423675656,889.923679199682
ORAI1,294.64595889305,615.228568011481,4903.03458553338,5241.05544382372,0.000167290533132108
MGLL,1700.26992936479,3698.3016864213,360.920888699472,2365.70503262437,2166.63330557084
DPP7,4755.117407753,2924.22536404065,4461.16367337698,2599.9702243979,0.00188779715201776
ATHL1,1876.45691020148,406.039788832018,3930.534081073,1883.10146980413,2739.69845845205
GAA,3864.10909500309,3027.29965936995,2250.60805244149,832.106885297381,12.9339066015118
ULK1,1509.49326147105,1174.84269171752,2968.9095228236,6597.65708347451,1838.81181099956
NLRP3,2501.56713832334,3996.54551613156,12.7608750063306,2574.47538665068,1227.95221862807
RRP12,3771.64651827949,4047.63092139803,1524.99563552048,1249.98697722701,24.408675590854
FECH,1204.18491720156,1205.39154736416,380.81458620677,332.859607156403,1167.81281662081
VAV3,456.125576858167,657.078946873787,1058.87986145496,0.000632759587815341,7449.39872966322
RIMKLB,217.853307555498,6.00601065345526,215.008741056564,822.979077435905,6817.04811881376
HEXB,835.103998330257,6071.35357170989,0.0260206007676593,1608.33185366997,1736.9724542556
PNPLA6,3450.97888510331,2954.24109510113,4382.04480555166,86.1778748746899,4.86563393254522e-07
RASGRP4,1066.42544163494,3839.03429069166,4478.92942904581,1192.60082564585,0.00207430890709412
KIF1B,6.11387965165606e-05,2064.15935684063,950.279876251653,373.766425173879,4862.07337421934
SMAD3,1909.31288750536,2475.25865817545,2812.12217596198,420.486891370152,4663.35780929261
PXK,771.911580587892,1937.39673137452,736.496830513268,5549.42919184194,534.903122949644
RAPGEF2,23.8193033216203,1061.83710273521,1185.38257243783,452.792541181821,3358.32765785631
MAPKBP1,1725.92225349735,0.00114713703525882,4013.53175250283,778.091303163594,1548.40682317487
TSPO,2758.04396385472,3765.4201879269,3074.09424369165,1773.16442865858,2.70208911086114e-14
SERPINB8,2865.3006877703,4570.05792909089,18.2420306363942,1601.33663217075,927.647833332235
SLC36A1,104.695247541253,4084.46374295139,6.41967848979594,5392.53741951603,108.976975791791
ZBTB7B,968.004742057906,3584.10721573342,3445.06012180592,1723.28099078053,1.28784487321181e-07
ALCAM,0.228186904981822,2555.57729376164,0.0184815143175384,3592.91542322209,1668.61074070831
PTPRCAP,1602.35557759218,8.75928654019107e-14,6037.36564431255,2285.05404724214,1048.62866996101
ARHGAP26,548.398544065354,2966.23438008357,0.57869482009769,783.645492656292,2790.61035578345
HERPUD1,2088.01847774874,2685.41972005734,456.680215611617,1638.67006326136,2074.93185140628
LRMP,4130.95716193149,1663.27164272854,64.7393245229123,7.7491924891936,3025.7687707889
BCL2L1,1046.55501917295,295.67677822816,2774.04635299987,2702.96527847776,1448.32200668111
CASP3,719.327658253572,40.7442345214259,323.086178412913,1512.58801606637,41.3816218501014
STXBP5,0.00356057493012348,1.25854845438439,1451.39824616415,3115.43627826021,16.4633885930094
SH2D3C,1146.71937000053,1310.5356000352,4621.98270236751,2643.26627797187,3318.60577831334
ZNF107,9.95541145569362e-06,75.2252694822394,50.4688165719682,5030.77675280838,2910.05707022459
PRKD3,16.7841441884313,0.0106867099895653,1080.86661656457,7.41349176106491,4599.1010254191
SYNGR1,3329.86387599562,0.0361234428899832,4402.19394171426,2702.98348629262,1481.80860849658
PLEKHG2,1937.28196233798,26.081101666609,2760.68746826522,132.963868654665,5272.77152136188
APOB48R,1209.86081325209,4447.93866715175,3301.78637731519,1911.53262421321,3.00518934110604
AP2A2,1181.98150410941,1921.24109892712,4136.53996269823,1193.03278759278,2651.99765831303
SRM,4031.81773695273,1679.29460809964,5607.67330462675,1653.20651375839,2.65565094242344e-07
TRABD,4586.76093919153,2556.82603833143,5478.08909225673,553.90683087696,1203.72496994517
FLJ10357,1869.08882740913,3389.27422901491,1685.53060747588,2155.5044610358,1.5012858093144e-06
TPX2,1036.47078555084,3609.13332960578,18.2355960756929,211.553909208582,1393.43328960287
BCL9L,1101.77981148031,255.164670651701,5878.74421884442,733.407440462776,2666.50156661375
TWISTNB,1850.39630712752,537.434338776729,11.2603075279422,922.200750544364,516.146809768858
SCCPDH,4462.01100405385,87.7886958393512,22.3836553667687,3267.53348583591,448.260724044079
PKD2,88.359546331871,28.093321759197,2455.8226554395,4511.77432692177,3465.30365176242
ALDH3B1,2538.76481398351,4564.27033651481,1308.27539087694,2598.36685149586,10.2940392217279
MDFIC,771.333631638985,594.685266730333,0.063158950400523,1.4030771340693e-11,4150.22666342078
GLIPR2,12.731607165252,2910.18189560429,1499.30909935478,1772.27725897656,1362.70051794285
PECAM1,555.286698668684,3661.58878879577,954.92729834191,5.14886987094553e-06,1761.84343190059
CPEB4,0.0238287539119281,1537.58792687022,286.141446610762,1190.92038070286,2011.58973671017
RPS6KA4,4591.58104283689,1965.22485164644,4887.58704698318,922.876623764955,0.00556659912416168
GNG2,0.222505821802743,1.39276710667352,36.2604927997634,1433.94434687173,3437.53162043786
SCAI,0.0604241320303848,475.281070290036,267.484826449944,159.062642146631,4833.29368963075
TBXAS1,1694.47317516586,3534.04948872353,913.945569419277,2547.09689885354,0.145024963705257
C21orf91,2.37334623172852e-06,202.716248119374,488.669056384782,222.805863094107,1206.58168129789
BMP2K,0.193428259102222,8.2383069591475,1463.8883915465,715.636481190846,1854.08534874717
ANKHD1-EIF4EBP3,4050.38282620488,1692.51551589375,369.679023317975,1032.17205138088,1130.31617142339
ACAP3,2525.23798298288,1897.03511238814,5935.80643053887,3516.91308263463,956.131067378839
PPA1,2976.49447579626,2774.8902545135,570.641032974284,1.23950354924906e-06,22.2093342832825
PI4KAP1,2632.17828254495,907.831414363643,3408.02397800946,2813.11609117569,2455.75785262733
TNFRSF14,1816.24227442351,477.480169383506,2762.60159220364,4142.10259584975,1554.01658040193
MVP,2727.51995906446,3759.21335968239,2480.11589304483,45.5203436415012,686.637452927309
IRF5,2321.70122530137,4149.40558676488,2703.77345092571,6.25165851239345,0.214592608049749
ALMS1,6.97503889553141,648.600226374801,427.375806734815,774.584138472644,5776.01771636372
CD81,3640.24376838728,1299.25826308895,4779.43959614569,1806.0770805304,1216.93656356422
CLIC4,340.752110211754,193.306855471211,1512.30323292517,1148.54664803031,2356.77834289848
SRGAP2,2730.43322572262,3391.03143884427,1190.95452133465,0.0125670968732413,1895.73850499987
FAM65A,1444.3098618951,1732.93473953746,5061.68869413914,1187.04040060492,2817.2109212191
NLRC3,4.715915361057,0.00275988494440773,3363.35902094572,917.991749379743,3471.42328628892
NOTCH2NL,0.660972697610946,740.750274230555,22.0686841925129,1301.27104231375,3476.59479387922
MAP2K2,3180.60949063406,1944.39194803203,3190.12200514024,1688.96861192978,153.801052449615
GPAA1,3402.88632364645,2078.56139698378,4037.47943641907,2722.24737975377,3.54196508504017e-05
THUMPD1,974.057193386702,353.933105961041,0.000881284034966732,4394.93026320647,1531.33855037134
SAMD9,18.6608122973026,939.707893331711,1.61777553826679,5.77469000110094,3580.29181958606
NBPF14,861.197710018892,871.112258862004,770.371713001675,1901.13636990862,3163.41070318288
ATP6V0D1,2373.12248498349,3859.61139746642,2680.78580291183,1472.11706180051,3.87549041545866
PITPNM1,2454.9476975362,2875.8671493359,4081.85182522514,1899.52207381403,0.032215622943573
DNAJB1,2257.50653197792,887.108551928486,1124.35489336766,3641.62776435177,1391.13155630442
SCRIB,2776.63721018477,1597.7203071748,4761.12107005494,2232.29441772181,0.0481915724510018
TTLL12,3327.1516505186,1701.33960972483,4735.24287419178,739.19408149116,0.0578243457468814
CLEC2D,2072.91426946326,2679.17166081819,66.7785502827084,2619.17367852222,3433.11744644658
MAP3K3,1439.94594030881,2500.59178896025,2296.21005885387,1130.10918131809,2363.53476495231
SLC15A2,208.973927008616,3339.08856036809,1088.43034834448,1822.47484179666,2586.00087284354
IMPDH1,3218.08400646102,3643.39314157273,2012.50503751307,2768.49727108707,0.254296069247969
SMC2,60.061015726158,3154.28901449452,0.00710522384552686,35.3373792819675,3128.80292605804
NADK,1566.43531837114,3300.53446172965,2230.67517715393,1973.63722938135,429.013401779752
TRAK2,277.744611028872,1345.89728750786,179.319678888908,836.31853151981,2590.32247076549
NDST2,1110.95971049819,1917.18054820676,2788.46471367965,6273.7136103282,2018.63721355756
CPNE2,62.0174281031443,2618.66577986589,3689.2088604293,3504.88307138356,1914.30545419227
RNF167,3032.02528648346,1565.67517381004,5148.06864681784,2883.55061605155,167.430073197086
ATP6V0B,4402.11965834615,2860.57413603485,1586.1941768517,4086.95336081934,0.220428320197151
USP20,2306.32016744078,652.731316031942,3495.30404986251,4816.26753250442,515.653160557957
GCNT1,155.929157205839,3074.8883037367,13.9905438386758,2366.44895091958,2759.26051620131
KSR1,361.320501755534,189.94245638902,2026.69250374712,1154.34633350536,3963.5484143588
ZDHHC2,2.44549620082835e-05,1418.33710144532,382.779608441185,681.553083492496,1797.60612385651
ZNF395,699.842642989066,250.008340922229,3660.21508863122,3216.72624001225,2298.34460695224
CDCA7L,2540.92691164145,0.0452994789302701,150.023749689449,2804.94171055641,1307.14473898185
SNRPB,5146.88394131058,1371.43262955489,3250.9514049475,2036.10899269258,13.8221122891809
COPE,3689.28114822703,2177.46434839259,3616.47319689743,3344.10963499182,0.00117159248495049
SF3A2,3934.88913685102,941.966600491375,5217.43890177158,1546.37544747575,247.747910801159
ZDHHC17,732.743801241789,1202.34910933285,0.0288577068247208,1597.14248518977,5239.27621234574
LRRK1,2613.92404775865,936.832131446841,2571.69518116787,245.180701423759,3951.79763713681
GRAMD4,1074.86013128341,1313.69500848023,3392.87482058067,2740.39066839105,2157.37751678229
SIPA1L3,1566.9447630783,272.058593404754,4584.60110478449,1811.68325755383,2750.64501901732
DGKA,1482.59726427195,810.230087334136,3178.94463451174,805.79818936083,1179.50223584565
MAP7D1,3591.21243807131,1547.23157516241,5406.26237972961,1676.22198056097,513.718049841965
C17orf85,1705.54367200103,2805.41534388049,633.586062519477,4176.27793091895,1585.43591728103
HDAC5,2822.6593172528,1612.14801543337,4779.87957465429,1511.81385899795,3016.07861675117
CYCS,3732.74700877342,2118.94161056539,4.0113027461607e-06,710.542987116338,858.257104621528
PRCP,29.8666408747462,1861.97142552107,1013.58503369314,3500.45434872711,122.451834041403
USF2,3515.12320614662,1519.19674995199,5585.33179262456,1964.65722982297,1415.51281558819
TLE3,2869.8800524175,1116.0059115799,4033.45012356943,825.071723464755,1117.13192730595
LTB4R,2095.03555188259,4593.54068519845,3126.65687296082,1238.670725032,1268.19441227146
HDAC10,3665.60770490327,1893.134955763,4800.03965214113,2271.66647497109,1.33834759974973
PPIF,2980.76922863754,3941.04489737052,1845.78645704815,1050.35949422557,2.73679550129263
KDM4B,2481.86021768631,439.130097750828,3033.37713448307,932.173825404654,1646.4306268973
ZCCHC6,0.226915170513104,1554.04902897494,525.565819632332,509.680324575605,3053.31579595247
RASAL3,1889.82582663677,1066.66358549622,5422.36810019412,2562.60832102072,922.343136898513
TRANK1,149.001534101217,0.00698324926996758,1995.05778438173,525.38042976817,2241.96690803881
MAST3,2137.62501273314,2890.19983983875,2545.60352778002,965.177243688485,992.095439826639
MGAT4B,2193.19814208883,1757.56940719902,4404.6330435575,1868.00452739933,0.0145408553666514
SBNO2,2291.93368623385,1965.5502769936,4924.90318734239,751.186034737531,525.731418580279
ZBTB4,1978.53852139782,364.832602220429,1973.03147357483,2159.58671715606,1595.37702267256
LOC339047,2930.97340158251,700.417399140577,4462.14892952518,2796.94666359503,680.472100060761
ZNF217,1.74729540426069,2496.91555319499,1034.20119360448,242.286978366974,2384.27891757596
TAOK1,0.0117745010219406,1331.03832818345,110.862553497688,1001.41503802478,4387.96980962192
SLC1A4,1259.12885279928,3911.85430180823,1082.63045729982,4335.25251322141,2439.48117450265
NAGK,1345.8425602953,2151.30546846767,2040.51400621415,2510.29919120353,2088.86920748087
LATS2,24.9978476978093,859.763340541685,3626.80232783867,2286.28313936581,2832.33156530774
KDM6B,2619.77479492931,878.038718465045,2591.52597476069,2483.01815695311,763.656761645389
TMEM109,2872.93147416479,1936.19560165927,4449.78504004604,422.975794210624,1011.64117473693
WDR81,3208.05325847337,2032.40197306596,3904.71388214167,2503.8816079538,683.900565744967
FAM53B,2323.62974559504,2414.70549256652,3994.51362549436,504.099722301178,2837.34406191372
CSNK1G2,3250.62551468145,1333.65685587832,5643.53497641684,2243.61855914186,827.878092609401
TNKS,85.9185468220927,1280.0768964275,821.687537454654,1395.86314006532,3086.46134677039
CKAP2,195.755560445861,2784.27851286907,0.455236242203065,830.27420304839,1807.80545954705
TRIM13,16.6498280563892,1874.92084091817,450.771233140736,1913.42329381406,3368.80794218522
LOC100132247,2663.88338741095,843.585976840206,2486.51977996469,3258.89670107249,1917.81384756729
SDF4,3404.01021942806,2598.78729715707,4269.81430071794,4214.08360408929,37.4309634025251
NBN,64.29044895448,1415.29336984821,449.677799290542,426.867704230689,1734.53622810412
FNIP1,0.207257163548826,1446.52741970937,0.00241359066159745,2197.95121084152,4271.37189028005
TAGAP,1368.92920848757,1392.62479620222,2522.38770589507,383.275596131804,2155.921914433
TPD52L2,1511.7685817508,2843.10929684061,2621.28614728272,2528.88467146773,814.607826827902
CAMTA2,2412.21404666278,3246.13988913251,4452.84343567493,1929.54596976902,831.291600318505
MSH5,2248.27430073484,1559.24422154727,1487.66806729671,2841.09060131673,1510.28307421854
UGP2,1737.21527781199,1339.31286386146,55.7804139015789,3055.70691123806,1192.53967070975
MAN2C1,4502.60130483168,1353.58360970581,3037.42382142859,3007.13138299356,42.9634835208074
ZNF618,2386.31222839652,967.673185338775,1726.57421589462,466.87599166572,3051.83277784837
RCBTB1,682.681327634892,326.09804180187,1028.19168465668,304.834583502698,2328.9001833798
TRIM8,1439.42285120511,2274.71538140721,4227.69940759868,2109.9881384771,920.465752590289
ARRDC1,3107.82591419747,2097.23520862743,3882.52904647568,3473.53921105287,0.332599883509902
C1QBP,4896.0654678068,1159.07590138758,921.666297925767,717.151915425442,4.17049299572693
LOC100132287,1647.31473636208,2031.01118860838,3611.89488959764,1691.014149498,329.508265129085
ECH1,3676.82448287086,3111.97631401043,3877.59773254538,2922.76363209566,3.04678419709289
RBMS1,791.212969570677,2952.26365976048,2.6376227604304,2550.50748651141,1393.86124793743
ZNF264,3.11070097384018e-07,961.230732423598,1897.88108674986,999.320127750963,2575.66145351798
CSNK1E,3389.51121117065,0.0692741631162025,2600.76545988142,2801.94379349924,1948.86477353987
FARSA,2769.68161787176,518.333852994506,3053.80789730409,3859.30191253371,4.04998797283538e-05
SPAG9,87.0017599196697,2257.92364642641,148.761491079589,2132.64122177924,4936.94968487235
NOMO2,2304.92521695111,2573.41687083845,1767.99099100202,2585.12781654507,164.825348021684
TSC22D4,3089.19825835194,1356.12498452692,3172.2185052185,4205.73073181352,470.115268821337
CASP4,1364.85878636195,346.662454707618,600.45728560109,1216.13290436182,1765.04329844999
TGFBR1,7.23897055275674e-05,1346.09290663645,641.851425804362,1909.71271005599,3746.97485076027
NCOA2,0.00752554867584669,1236.77970619793,1695.4555971037,149.299286516632,3316.2759341522
UQCRC1,4524.61208085691,2938.0519473457,2412.95448032646,1323.69341226933,0.0156809290719177
MTF2,902.333315391976,195.769400678119,478.916311029243,1636.60863525553,3954.10991095297
PSTPIP2,454.963416614263,2748.82905901946,372.039099976996,37.0880499448081,73.936349423897
FHOD1,1952.31627652957,670.108510322286,4987.07320623208,1600.19208423005,405.965438601603
FAM160B1,5.53726877550711,417.142499455704,1011.59799899874,1253.46999347371,4066.52942660939
ZNF266,196.168781895035,1183.44167366333,436.057844695945,3387.81739215985,2429.69184398614
DNHD1,2801.68109640583,432.71646696288,1616.91056370278,1599.48902914924,3408.60780506709
CHPF2,3371.6586932822,2110.01877740139,2623.29348440514,4200.68331608712,662.373286745103
TAP1,2297.54825440799,705.98758557065,2749.63913074063,574.091970349367,2464.24430894562
PRMT1,4710.26192342618,634.863980269508,3421.69177464652,1865.80816537321,38.105272514719
ZER1,1858.02411042575,519.827296624999,4323.23183853455,1663.93868763164,1574.00096037661
HHEX,2229.83701742544,553.06910470742,1069.63031502316,905.875807160019,807.227309263762
CDC27,129.894254916304,2050.88144101965,0.964158220915196,1064.85704663829,3017.5739087847
PIK3CG,72.8615181996351,3266.72113557888,418.255636223972,489.06036030448,4248.34226917483
LMNB2,2913.0840702132,2724.41100725611,4186.79262769038,721.38587620987,1493.25650214396
TLE4,152.223689430526,2494.71927362796,2594.83786369233,676.313991552073,2795.6964056
ITPKB,1098.73450648698,459.926190996991,4896.66633812321,601.698686239183,1546.76453548502
ACACA,1733.91955250761,1184.94122021,1476.33113319757,213.486379418695,1754.16268075603
URB1,2038.78536672782,480.591988841148,3310.24622930835,832.160088430103,819.516527725954
ZNF516,1993.51337706224,2754.69123581459,1517.74821865352,2005.76398386572,2511.14950129688
RNPEP,2271.20794053328,4132.03453170836,1893.13899761346,845.83196725535,41.8740447648266
RAD23A,3147.40472854367,1985.53960738698,3606.78141292728,1162.18919564017,400.699593884347
TEX2,1230.93414069465,3236.17811923866,341.269261051352,1310.81645364025,2379.23540473724
MAF1,3504.60642262246,1381.47991960898,4173.14626663897,2684.26262325068,22.584630931035
PUF60,3648.80036775374,1495.81128148824,3936.70175637755,1698.20196079512,2.28672518506147
RBPJ,102.906102042285,2351.01900804186,344.894795143378,2810.71188128687,1413.38541203198
SEC23B,1440.49253513412,4974.75420122007,1210.32686534652,362.902377895583,523.169490800636
ZNF318,4.53769943859436,3364.20539941986,1180.13729513874,527.09093725719,2682.15255088348
HSD17B4,2122.29663483192,3881.25535613307,18.531144595652,1906.87877400395,435.743874366305
MKNK1,2380.02864175516,2461.56289873358,2475.58662014415,3990.92595542697,1461.41948233874
PRR12,2384.62915958354,1277.9738003728,5314.62596604567,1010.30376025946,1120.39595944776
TMEM33,16.7432279445753,2840.60154163831,64.0894263329433,556.517088765318,1649.17699089701
PRPF19,3239.045594687,1169.29798607536,4884.20970704389,498.463978941771,270.7540707756
APC,5.61022540995784,1110.02537079165,9.2605161524863,833.693443456003,3880.43701117469
DNAJC3,364.466271960767,3913.07556528751,3.27499930328419,1915.52708383945,2098.18118571237
PDS5B,1.20853042594807,1960.919075262,38.6685853938782,793.76264450368,4461.5224351179
CAMK2G,932.204584363234,1657.04304081025,3577.72682879673,3449.78481978925,2056.79168269577
MRE11A,7.68779944761833,1042.94908554832,1338.39142347131,268.175150079634,2856.37647013802
RANGAP1,3533.7483218268,2598.81694268974,3761.17912925564,1799.10545014681,353.535697674042
PHF14,2640.0345924025,284.637327888826,0.464257895935348,1471.23356847076,1515.81729879386
FANCI,839.279622208104,2972.17134178697,111.548333310597,1046.84881100746,2206.42951261636
NCAPD3,725.409503693559,2503.50832934927,2198.21152955622,126.139312709105,2311.79800018406
SYNGR2,3006.54382945969,1507.42933864752,3083.79241475656,2899.81524841427,0.0569064889132867
PLEKHM2,3847.73437599195,2206.76569835764,4557.56616451438,1230.69919179002,666.277249858062
PHC2,2143.7031908324,2289.38657141389,3331.41816520185,3202.93282302625,664.111580729252
USP1,154.556361649855,2466.3105945271,104.975695423961,16.6534346216417,2524.77615791753
NAPA,2574.59436647721,1944.72831577626,3413.54475273139,3470.09811220449,1312.79271283842
EFR3A,269.861592921117,2812.68375835277,430.464694240588,252.618468010751,3345.95665771064
STK40,2068.92839393747,966.509388091239,4544.00085076878,2232.54147147132,978.263686093161
FGD3,1889.1160311907,2267.32284743256,4070.06081928748,1360.51671159243,1234.68088797835
E2F4,3000.60273087637,2071.06212875742,4370.04716601571,1336.69775831941,348.954576925927
GPD2,472.197946386844,2220.50668743006,1.08810711780423,1192.0201205657,1875.24924256082
FAM60A,2303.8159338929,246.129597870225,197.069959369698,1639.12201752892,1543.22421013031
RPL36AL,3296.97750414667,1481.57538101817,250.234114901218,3922.22241786523,884.368434954647
CYTH1,1688.92746111934,1452.73990378071,2573.60978551693,1242.15984957683,3461.69488055275
CDK9,3127.65985355698,1317.81390717608,2732.17065966557,3200.6175018043,2281.66025873858
EIF3K,5363.01910361392,1620.63719584663,1201.7178704296,2695.03783582512,680.894769810016
MLLT1,2616.46384362966,1643.75750852633,4081.64742184098,3345.58839950164,484.072364877935
AK3,1342.42895279901,855.930341200954,412.55560586224,509.170024063856,2952.81863572414
VAMP2,3124.55747168606,950.102109130335,1079.9573728558,2682.37888016341,2453.90648574522
ILK,1356.01460247529,3125.07664301497,3135.28845519314,2075.19776733067,275.414256885014
VPS53,1557.39890178798,2411.90713994052,1302.73620905353,3678.41438057167,1657.81565590944
VPS26B,1054.03644254312,1844.78321617078,4031.32399032079,1429.22686875926,2357.45393414809
MTHFR,1867.21726606952,1055.58307284625,3004.6677068793,1203.35089834717,1086.02276530797
CSRP1,1723.45983168922,2740.38616822712,3786.93500795413,821.156252790954,223.759643971488
ARF4,2241.40620123309,1816.34201567351,9.8486846925608,3048.22033728927,376.606348677255
CCDC6,739.445814516007,2291.52765871256,2380.7840313558,1.91077829147905,2743.98308074946
C1orf63,2600.55188696394,1160.68637546261,2988.02220907706,1945.01170752909,1115.44850914389
RYBP,66.216811185881,961.270486314857,235.192672718676,2088.09771066159,2913.2618750827
NPIP,3164.93707521692,645.938150768567,3575.67337698072,3022.79810286278,1414.98151923147
CHKB-CPT1B,2560.79350810411,1679.63849899665,3498.89402376038,2649.32837494619,1658.00853199318
ATP1B3,2254.56967928507,3229.20055803743,883.228374088018,1614.4165497079,906.126999728253
FAM126B,0.764399355350693,2134.10508764299,4.60019034559216,2346.60261312613,3021.38086804285
C1orf9,22.3601525798797,1763.65099853945,133.660632681716,2745.85684103246,2491.84869747786
TAF1C,3194.20418251161,1554.89306878047,3697.93766136035,2619.55999968933,258.429831662366
SRRT,4322.49278642502,2488.95540813935,2854.18350378709,1847.76074069306,1210.25536829602
RNF160,0.138742172737405,1435.17191977188,956.772005537727,1260.66018191655,2388.35473374341
ORMDL1,1532.59794668229,2263.19653335131,457.084756034453,3823.18936893765,1582.77964408708
SCARB2,799.594034626739,2177.0597047808,723.460980037969,820.900906169958,3884.58384730634
LMAN2,2593.55946729785,2043.89657303709,2482.11226425948,4524.4673378168,621.859063538123
DAGLB,3076.11671527052,552.143781559742,1159.195309494,2801.10747283493,1891.66699238692
RRM1,965.032360172352,2304.50943333353,506.839571706517,263.715177979465,1315.97989511049
C20orf24,2611.7662118588,3051.80494370952,1248.35742023178,2327.27448978979,8.09941391429198
MAP3K2,0.0141672224515016,2010.60188657263,9.96986805189342,1313.6274248256,3168.81584454426
OTUB1,3275.34369200336,1608.88848163957,4132.28302410788,1904.24878617697,268.301193588076
CDK4,3288.17063432188,711.01267446694,2992.39595769479,2200.24299803598,25.0776353067051
TP53BP1,1784.17009472455,296.392765205778,1636.7505884266,2379.71459841555,1864.77490715854
RUFY1,1751.69620117039,732.949707635844,2060.6287074711,480.499983875832,81.0150736410481
ARHGEF7,799.496771663234,1414.5257172643,2671.69211492814,2635.75394010824,4532.1435619218
ZNF562,3.58325836059609,1549.42032071423,514.819838557972,2715.21221385128,1814.49600497209
RAB8B,0.00125884304615839,1405.98095231787,246.786315825975,667.300199520027,1879.77612313829
PDIA3P,1810.31932369239,1736.07092072575,140.134321965745,4366.37315180006,786.451055077276
CD177,2.0294477779112e-19,21.0914627670564,9.38371009974036e-18,1.26782916846962e-13,1.66493450195044e-18
THRB,2.44210389787043e-18,6.07966962595517e-22,1.69264206964091e-13,3.35449049310309e-21,0.000154144135561269
DEFB1,9.97119869152389,491.849197544383,9.07171170242964e-08,240.017199348089,1.51561564481483e-18
TNFRSF4,8.5418065986297e-16,3.55124354633046e-12,284.492276861616,1287.29814529404,1.11486937118427e-13
GYPE,0.0145441495116378,3.51849306849136e-14,1.26421881640195e-11,3.79667421530289e-12,1.08598207577383e-09
GSTM3,922.334292876209,3.62530840806757e-11,1.79817530307625e-13,2.52122773944178e-09,1.80274195123426e-05
MACROD2,308.702003842418,2.92275123088592e-22,12.1485139682861,7.16044637862091e-15,757.66212877572
PLXNA4,238.478393612847,0.0963163958204091,3.98457996452741e-14,3.5844871576794e-07,988.631018717407
FREM1,2.5353038186441e-24,9.41954788050757e-32,7.9037797313785e-24,3.20365368749123e-28,5.5286263701069e-25
PLA2G16,608.08691865903,341.771740111334,7.65717202530008e-17,428.246362857909,1.03669438153887e-12
ELN,1.44388740877429e-18,3.19892398295012e-17,1030.77444106425,2.39980686791732e-13,4.87508145039394
EBF1,308.785776304387,1.54952732081321e-13,46.1815060557667,8.2257958393182e-13,1052.1449746877
FIGN,2.59510009447636e-15,420.703670577034,9.05902445731134e-20,2.24285349617114e-16,3.22041429081704e-12
PLEKHG1,9.26110981197601,2.46996808133128e-16,73.1207575511521,156.947457475203,144.278928484815
PHACTR3,507.301146984155,804.252292316513,5.50951933191721e-24,2.60921552235203e-29,3.02646068449161e-17
COL4A2,2.32916338290549e-16,2.36468598301388e-14,1.25402426162322e-15,1171.66798661853,8.38466297001695e-16
UGT2B11,11.6788273925851,1.67194578200152e-20,71.2875634033192,38.563655873674,3.73235088787214e-14
DFNB31,291.953149432478,3.49040967647888e-13,269.22882822695,0.00264232616718299,850.195754846222
SCN2A,2.14325021201613,1.77946061213629e-15,27.5714051482265,0.203017638759522,214.538997232424
DTNA,675.972615377501,299.807990833448,5.69289703883495e-21,484.424811723332,5.04405053109082e-22
SLPI,3.09810672437145e-15,201.035779594265,3.37293271219944e-13,1605.24347284232,5.96728002957035e-16
CLEC4D,5.38725428709771e-15,101.996060852249,0.0230011191111645,1363.72670672187,4.43830421102693
C11orf41,648.149381774114,2.68494761524162e-13,7.87330117924121e-39,5.2757189501149e-47,1.73187651625722e-13
MYO6,5.37634748937457e-20,503.943672456845,4.36871464233172e-15,6.65457218387018e-12,32.5633229597972
RNASE1,5.33543262427249e-14,73.6843306027603,3.30172618754284e-13,4.09932608474075e-15,1.69382008366383e-17
SDC3,1.06317906920999e-05,69.1773694075418,0.000981523829865851,2.63773504980048e-12,12.584465540241
CCND1,222.110484510963,8.80552781252137e-15,4.55049450919055e-09,2.64459060628413e-15,557.89111536026
SCD5,0.001236234998678,137.699044458746,92.1083210581048,9.96169254887073e-16,299.991291147719
BMP3,156.083197913164,5.57985596757914e-29,7.40574768485659e-18,9.73430865483601e-19,499.430310548148
CP,0.446948465466572,129.358042253807,274.813699742882,74.8930059728591,659.77543549259
KCNK12,165.228118393386,7.1293012127486e-11,25.6329959157834,8.69756072551595e-25,493.078668971865
ICAM5,7.87725013195297e-08,6.51080868725892e-18,872.95100195925,1.81349941232774e-11,7.14299725093253e-11
GLT25D2,1.65837309926969e-09,5.2180525394686e-11,6.71478399829866e-13,1467.99178346131,44.27277348362
GLT1D1,2.3812764801618e-14,103.419470810405,1.80725883654663e-10,1.3199012106078e-10,2.05677098479815e-13
PLAC4,1.73123608431998e-17,3.99325369884958e-21,0.0027445143237877,4.87829856572326e-07,0.0045221931215492
PDE5A,2.58429002180231e-10,2.04615127446562e-13,2.08420863414342e-08,0.000444327377862022,63.4360477836278
HBM,122.654003700504,119.488470703261,40.3736895293967,401.060863889142,198.444384145638
ANO9,2.87932437490422e-13,2.90077491100577e-15,1162.09481071404,8.46068168663143e-15,142.395594447175
SOX6,17.1890411499571,2.62587747084009,2.11342491337961e-13,20.641182245509,401.374481937951
MYO1B,1.22304243648348e-13,4.23386491784361e-15,158.431760352934,0.304194221568126,233.080267168563
CNN3,8.10402611375279e-17,1.38617309721006e-16,9.50735363490394e-13,8.30040487029906e-18,405.561846025639
GPAT2,325.104823199729,178.64099526849,236.78398282727,1.90239156389494e-17,7.00219707694692e-17
NPW,162.454287728395,3.27820324602527e-14,1092.96748745948,266.679573718964,1.04074030772781e-13
CYP4F3,4.54722722638034e-15,189.325637355249,4.24021973590641e-13,479.555930633463,0.00310419311597498
SLC16A9,3.28149071283049e-13,2.97870644756677e-11,1.9140852673102e-13,1.10186567635435e-14,42.7804465897294
FAM171B,1.401233234164e-13,2.29644967925514e-16,255.94161281344,3.51327198524877e-09,1409.51219354547
VENTX,276.317269714669,710.444078971672,253.982279784484,8.44661667791939e-08,1.05047775572219e-16
WWC2,3.12926998665324e-13,1.03628487133334e-05,0.0716597381396425,954.754955285604,215.33526100903
SH3BGRL2,1.22775654002607e-12,1.00387424837552e-14,11.2124904884283,0.929755822659593,0.334809485640242
CXCR2P1,395.79837608644,36.9801296666347,5.85415623879707e-05,8.62595711331888e-12,208.571646785181
CYP2U1,24.072448898876,7.42671753059782,0.0161888998466539,1.75700096645355e-15,848.748519844278
LPL,166.125423814247,43.3109491122973,5.62149756937472e-06,32.4586487654899,179.820983296171
LPAR5,92.884696361262,2.21761355161973e-14,1017.41331736958,160.859891161782,2.03575666648217e-12
MKRN3,2.56013511984832e-14,141.179881516752,424.672977060676,4.72889397820403e-05,0.125420457840989
CELSR1,167.259123529653,396.893145305154,346.41946284086,773.688129152466,207.145959655515
VANGL2,2.3596863551275e-14,9.5765179158311e-16,1.20206040447595e-13,90.5306599492211,617.144848216709
HSPC159,1.59340132531635e-14,3.1410117685506e-13,0.170556613228753,2.6526197109675e-13,1.47611346690056e-08
CLEC4A,112.975225006532,28.4769667626236,3.21479207278329e-13,5.00765552234604e-09,3.68729795752529e-07
NEDD4L,0.000225644602842107,0.00594072775947977,90.2379926700779,5.14953971994087e-13,367.997733390722
PTGER3,2.1279564763331e-17,3.05031951690766e-17,1.09036567606015e-14,473.934622963019,4.07739656817635e-21
CMTM5,8.76247369845212e-20,1.63394033084585e-22,6.62863917093562e-18,1.53850105076104e-17,7.5517992865545e-23
PRICKLE4,0.00552015343867004,3.28391777793413e-09,1218.28368648171,0.00996480774016077,2.70213799704978e-12
CXCL16,70.1584023137885,153.588354789299,22.3150116199196,3.32187264196553e-13,177.048401718006
OLFML2B,1.57111988868736e-07,0.000382106111129984,92.3312430825903,1131.06224011575,40.7823861960403
ISG15,452.542648169237,0.00365545731650998,622.186770844916,28.6359540979351,4.57051870736697e-12
SEMA3C,3.11150233662726e-17,3.25770122751999e-18,218.016630492819,1.53709234924904e-14,56.2619422135207
LRRN1,4.79913339544859e-17,1.06890027907933e-06,3.15086358444546e-16,2.55494883271e-15,501.708494612328
TUBB4,51.8805472813327,1.92705992250226e-14,7.37907573563337e-06,411.38260718146,351.968175910501
FCRL1,5.18805882947482e-06,19.8843733958085,438.62126058775,112.497830337098,9.03814233929989
C17orf87,209.826454295605,375.329724602082,10.2203885438424,1.90051167690073e-13,8.50477265928328e-12
MSR1,9.3611709047028e-07,0.00674901560812182,2.50943686274493e-13,1.11200879807073e-17,0.000339698787680087
P2RY14,35.7010457643657,0.0351780482592024,84.1172088831641,4.59513468740624e-06,1378.66896001686
NTSR1,1.59724200091086e-13,295.843478035742,387.425752686713,76.1409278324676,183.159351131295
PER3,15.6923007491225,250.797628484146,677.77434979583,0.367414087346782,324.672860854263
PTPRB,0.00139334030267991,69.3590940247194,3.36025250426416e-12,1.93226935083204e-13,155.505436425707
NBL1,46.0326564940233,2.65264387626668e-18,654.624216702014,258.849414254527,114.56640436796
FAM134B,0.000410199307657595,8.28729445078166,0.0799413465860038,1273.50319012113,1135.05120763791
GPR153,188.287584161039,1.54601133971904e-05,5.22592602588477e-10,1613.68115368114,44.3815932127028
GPBAR1,22.2075036901052,273.004268143476,319.243263366228,5.11933343902392e-13,9.55012709292177e-15
GNG11,1.52861516340422e-07,8.26938915009811e-18,155.162062803099,2.46375608598529e-11,950.905401670114
HSPA6,241.817391351491,346.975523444402,213.733071122779,9.92407613438928,1.48152878104188e-13
DLGAP2,2.44237590149586e-16,2.07186429627897e-16,3.04089380679822e-07,7.96140785305871e-13,1211.74866719126
PPARGC1A,1.21160895858684e-16,905.578620991792,3.49421667492961e-13,3.32529718004397e-06,1.28205109093674
ELOVL7,5.76965189080037e-14,5.90300334625679e-18,2.55840142589398,2.93582116697692e-16,122.436974853064
LUM,0.390175463813703,8.9334435339795e-13,2.69640393237891e-08,36.7429042417131,61.018977650216
ADAMTS3,6.88613428307997e-13,8.81652778011972e-19,9.5090229629218e-10,11.4406561366538,9.95209148578296e-16
NOV,339.475708709741,5.80645627081696e-13,95.2406469678888,8.47044349053165e-14,254.833811679361
MMP15,157.057877220303,157.398146215965,281.508446958871,558.096079549437,2.02141280740033e-15
FN3K,116.489973811506,0.000181415225955246,143.196902519638,2.64105554673369e-06,2.4358463592231
CYP46A1,105.016485519894,41.3824248639426,41.3516098411649,1.45412671679388e-12,960.8181283016
ABCA9,75.4536526940299,2.07943823069801e-16,2.15683100936784e-11,3.91047822811234e-16,1033.68425146762
IGFBP5,38.9564089636256,246.25783935231,1.34363766657341e-05,512.148113622344,401.987981920715
TRIM10,106.914965063637,76.2308649150784,82.0069740254911,60.0625662501105,197.556153602579
CD101,199.514914921995,515.389991029051,23.4098360842395,3.39697790642185,5.80705634588027e-12
BAIAP3,161.225285957743,3.13053643592942e-16,413.841935016323,9.94024187678011e-08,190.922616596187
RETN,4.79272095357164e-15,172.112107103376,6.39689536501031,1130.28583044419,2.06591186466665e-15
EPB41L3,70.1120729233887,598.738188785905,6.33062391956992e-06,5.72028374018197e-20,1.15086136656701e-11
TGFBR3,0.000119608962425698,2.80966425888145e-10,309.103719236753,34.9257376025947,523.899516599259
VIPR1,3.16806763398135e-06,5.94948202413858,637.286679792165,2.84730456145703e-13,6.40119887380531
PGAP1,0.0594771488535813,0.000155506256642074,0.041440214801252,95.3879496947003,502.842477954036
MMP17,528.139730724396,156.585232772927,177.512085863233,1.37839865072397,339.316068222904
TMEM14E,1.3288244242391e-08,36.3906711595306,4.86815468145814,179.969691161152,873.536965196457
LOC613037,242.631152042818,93.7027141507121,189.934040310516,149.721669005392,0.00560246735533257
NBEA,0.00611038788925957,0.000579689232939168,2.68633231143998e-08,1.38853957622508e-13,830.251586826114
ZFYVE9,0.000759189654267234,2.0236089858633e-14,465.103171740488,497.575382325031,494.581182508014
HDGFRP3,77.6109014971887,3.27182980538542e-14,1.27871649156787e-12,62.123308964282,565.674330759365
BLK,186.466860578832,0.105267703206174,165.751523079995,75.7422568774896,939.236047549056
ADRA2A,1.00358300278264e-12,4.17710646854493e-20,395.436636399684,75.2235277308166,16.5161626175795
MEX3A,0.00214257847348663,3.58938169297904e-18,204.265732210658,0.933944997438638,345.104321170765
SLCO5A1,15.0965828699181,9.46614979200425e-15,9.98977071118314,321.692221423677,1183.45956267744
CYP7B1,3.37114530750845e-15,1.11432977802138e-09,166.617838213161,7.2742979750353e-16,1.68044898368442e-15
ZNF462,2.9062129656766e-07,7.26623584588054e-17,843.797293077264,2.51735112567535e-14,256.819889907945
NPL,6.40288331874154e-06,419.164797640792,16.7623191849074,365.828094284077,4.10385214320951
TRIM6,1.41237085738098e-09,3.35369154917506e-14,1.89172991756537,608.02290627539,44.8776521691651
PCBP3,9.49057079232792e-13,9.58433193815727e-14,14.1196786182858,1569.98492871821,273.680677230944
PCDHGB2,325.681567558435,7.61210148931254e-14,0.0167667241789768,11.6659902930658,637.745129668147
NEURL,2.66133014939132e-09,3.6006764003881,1071.35994522879,2.11396919626222e-14,79.0253851824874
PLEKHA6,1.64643314214726e-13,1.35915539876244e-13,424.354277999678,5.91471377830229e-17,1.24624703089179
ABI3,103.238898489641,11.8097711828469,705.151849025953,2.19376657374291e-14,4.47210317179602e-05
TXLNB,4.27226090104992e-06,2.23626092796796e-12,441.400076768703,3.37524326258813e-13,856.670501401798
CD247,0.0908221323937634,1.22686726897765e-05,564.56963051724,44.3719503777065,276.32089549174
SLC29A2,180.218597334858,2.06977128197291e-12,1143.6194761173,0.533148582604872,10.2752250465967
RBM9,69.4104925218134,3.79443982323484e-05,386.611878061452,7.32714888280996e-13,637.110438831145
ZNF334,1.15535088462543e-07,0.000624857190131296,591.415650992324,4.87328920993592e-06,84.3421997063139
SUSD3,166.716325081211,175.076888767712,1164.50728580363,0.0677361003300455,0.120702694817158
C10orf58,98.407392304184,0.0213791133792211,8.9480698217972e-11,5.17540336104029e-12,1202.18863816976
MYBL1,0.000441957274358977,0.0132118604649073,320.973391413256,25.593560497755,557.255026769679
NAALADL1,259.472269366356,72.2794008890055,317.651888520016,1514.67500619483,87.6825522695978
PTCH1,4.47919565029763e-14,3.92609798191678e-15,309.901556872309,569.639985936519,159.729709009008
C21orf56,322.762940693686,42.0534275724606,473.466680738947,956.828359711075,19.6654605581734
NLGN2,246.047384424537,66.5485870428009,331.685540638866,94.0464302627821,285.895181382496
LIME1,532.46817104603,3.74713773254391e-05,852.985528196807,96.8723472200518,119.056435253608
FAM169A,0.000793231709673697,4.2139629070676e-07,296.078598016095,3.8574861667105e-13,859.94353536161
WDR49,533.141463092637,251.01956781901,246.845967775118,4.34797158739778e-14,532.882923729773
CAMK1,0.000139566135266374,811.75678508016,300.356309297087,140.962468310824,67.699973515344
PHLDA1,194.81240415857,722.79896384981,30.4484076575559,388.377846129714,0.873141072680415
CHST13,355.147240852004,569.295353315293,236.653044759117,781.911582171647,24.1523936600816
IER3,0.0369319410019085,96.6723732356081,54.740263906968,0.00050048080135721,3.48196534429574e-13
DHRS3,220.427131036402,0.198904120729596,279.060570907886,2.7754528667232e-08,332.512321367908
PODXL,213.162021548761,100.763579442571,5.354522749449e-08,172.527064511193,309.065096148128
ZNF503,737.322380358875,591.346595583926,110.299570595392,5.63847835919891e-05,5.82922697459031e-15
RGL4,1.22074422577007e-07,229.955639018066,578.657153127084,595.427697040768,16.7742476410523
DOK4,0.0786410886203918,8.67920722069322e-15,1239.43617717437,59.0110909706536,141.592931446016
RIN2,0.000113579260322663,364.356743420556,135.762602771444,134.712842728341,16.3557821353991
INADL,6.61798652258538e-09,1.19642010497299e-10,328.225023938142,272.569840327421,428.65706757556
KLRD1,1.05443383134986e-12,1.34798641110105e-07,474.860733185251,11.3780896956252,323.116978163482
PTH2R,24.3837577329517,44.5350447015563,279.146185048028,116.857254944331,49.5382144080167
RMRP,0.00146190382779929,136.321475014999,1.87487988929134e-06,180.727018216974,276.641317302312
CTSL1,191.673442236982,553.780098615198,91.5839955504037,3.69754333550647e-13,5.62795378278607
LOC654433,377.975877913128,223.65930889876,459.615213357619,52.7832602533844,34.7451483611136
RAB20,0.33032766459044,196.547299727501,81.2279885735993,1153.93830536005,36.6917405023197
GRAMD1B,1.01992424618025,277.055411650936,561.909780210504,504.534203508646,904.852579469126
TBXA2R,32.5718169887832,2.4645413198144e-14,707.356457847724,5.8770011033483e-15,495.228647211644
MAF,0.0368163651035749,0.00706203650015636,288.564953521738,3.7041178498871e-06,599.758119244038
MIR155HG,410.520648136419,93.8244814198977,0.111387082523617,3.73270862669251e-06,566.241024357186
GALNT14,405.031715170213,1.4811354904097e-13,475.756005635442,1.18223425593567e-10,148.222287552366
TNFRSF25,6.10991591493001e-09,8.54031056526935e-07,1088.21323723406,102.496590301969,76.6566281411991
AATK,7.32956232003506e-10,280.478927622848,463.256358643014,225.063124020789,145.660909228398
THBD,2.83435081709628,301.273728847646,383.756239803721,412.387050233375,386.241198587773
MYO1E,178.65114490836,22.0093188317443,356.734091702578,1.51050951839926e-09,305.926375235828
HPSE,3.96425602563262e-12,25.2209280972059,203.712527651346,1.77265123808251e-08,7.59635992461842e-09
FCRL3,1.39901192095998e-08,0.00354043276776147,397.82276272433,55.7756514840397,203.761832637569
NEIL3,34.526972450902,811.492874345812,0.0161521879947005,261.959695915716,9.81282782059442
ACRBP,637.420016986004,563.763987750249,97.6093750073841,452.201350796201,102.044658684287
C4orf34,108.457424119766,348.62492631662,4.2469435739161e-11,217.984601740428,1071.75865656225
TTTY15,8.79914535211798e-14,251.289449092372,172.911100006891,1.8753384564375e-14,372.050233255524
AK3L1,59.5361277521714,0.807539020445647,75.337825002276,648.627159328701,53.6532312314439
TRIP6,278.328154436868,541.776169688785,757.342233107163,112.655219764503,236.991625616565
UACA,379.862982102931,0.0013783454359871,1.75415501303804e-08,91.741547319831,428.623266903785
CCDC149,106.839644506689,344.117134040577,69.3493540811581,507.607748526028,17.5117711179133
CD3D,0.0126680317859175,2.00971574491273e-14,296.074960188074,595.415107981026,361.628189746079
GAMT,613.093208446136,78.4477821105073,970.398159999589,142.789025934769,1.20879737680673e-08
MGC57346,0.00481827271121473,0.0211413658233507,694.260476949884,0.0330679165378426,465.265396644117
NBPF15,149.299479012052,68.0595871731486,242.306279433775,341.407486982257,414.913573038072
PTPRO,100.494160344118,321.831983567665,1.06211592391259e-07,5.62852460601495e-10,519.581035552682
RASAL2,170.711803279693,245.323527581879,28.3627922266106,959.918186184682,0.0011467220865932
OSBPL10,225.487457118204,76.2978110905274,1.28154421190104e-08,159.985514250405,1059.16970094943
PFKM,425.092137191434,8.32496796871168,295.311514127094,5.86546843213234e-05,311.530795215467
CXCL2,47.5591846254006,6.54447082385597e-07,569.348145607906,0.552308280019156,304.477987953602
TTC24,364.333345071133,0.126922750647984,623.955177090876,0.000291431362389681,936.43234113249
FAM111B,6.93766725350847,177.121888277002,1.093384269917e-07,1.25344685463267e-14,709.093137212725
FLVCR2,342.886648117476,338.5105982947,166.728881501891,97.8113417817596,0.0570299027467145
CAMK2D,27.1356092854736,319.596436014853,414.985046634084,1.42701536121306e-13,632.768418912475
NEXN,93.3886254853419,157.769823668066,2.72213251908986e-06,1.86006866715967e-15,125.328389082822
KLRG1,3.29379896297389,1.0951974978603,583.383430734217,4.98947909640413e-06,233.156169642312
LRIG1,317.90950938263,8.15615047824128e-07,256.566649636534,34.142275111221,460.625687132396
MAPK11,9.6602368494802e-08,5.44963502383216e-13,765.622207956111,291.773136865234,384.702630930047
HIST1H1C,289.706933875815,206.255940321427,585.080074443916,10.956695121598,481.686692392382
SPIRE1,100.371403451286,135.098088199973,0.351432256544869,346.125404483374,342.975952230432
DCBLD2,240.949069208505,1.75338261782765,6.08783742715518e-09,609.321071170489,669.506921312842
SLAIN1,142.591794025756,3.19937839330051e-13,147.2057968809,0.000195958754681354,945.58314181492
PAQR6,110.88553150188,9.93345288575363e-12,717.738254092694,396.917433914156,455.442474069256
SMPD3,410.729952332447,76.5198503817035,126.557889887186,74.6466145535881,609.142325221389
WIT1,0.0184115436525597,1.73205079079951e-08,373.160469705519,684.664046815126,0.203981923946695
RIN1,139.803776059128,433.128717619368,641.222433169103,292.225395470474,1.56928775681347e-13
MYLK4,240.047541885797,0.113258720622119,208.505140345048,62.3487408313095,35.5101104336489
RPS28,420.866121251186,73.8704604687321,0.000290014205949819,839.908898810315,277.686293738674
SPATS2L,233.352514300007,223.2227886152,271.130930706771,0.000141865136104338,289.308014178003
ICA1,133.610413525056,68.5086499542859,213.209820831625,162.570903243611,0.289650615835271
APOLD1,63.6646485666528,344.706825911436,34.3443530593957,275.658759815061,299.58257921819
ABCA3,53.4216755381719,198.442452555004,351.402645108072,591.480006986153,426.574405649784
LOC338758,317.465699173927,194.181687110572,128.365648936826,374.804618504654,380.152467687359
FLJ13197,31.1757334285352,8.73745245505481e-06,387.16110701102,424.338742519288,672.356084134825
ICAM4,172.806533448224,3.51829204282594e-07,330.230306738938,92.1359350365428,3.12149848571082e-06
CDH23,136.751267162502,430.613219580528,255.284143536852,6.55096949632938e-11,592.4850651445
SCML4,0.00105251314057098,1.4331168256858e-09,647.263621279103,0.508052369280557,508.304399013937
ZNF418,2.57601072354043e-08,1.5363146799546e-10,585.456914356085,6.47955728073322e-06,532.655524704129
MITF,12.904677705336,273.643529333896,1.10422430496947e-08,347.663863188108,0.00257826438904063
AURKB,534.61784892274,539.711770689446,138.703417468705,245.450422343459,130.913740800572
FAM83H,473.79066352749,419.062323869023,468.849455842296,317.513042627363,3.91808323830704e-13
TMIGD2,86.941161065453,1.99040861036232e-15,721.803099473987,240.63090328463,365.532509805068
PTPLA,88.5506435556969,3.43240274271383e-05,192.915848217914,217.431236514732,264.024854773821
SMOX,226.496318976436,57.965430204226,646.506208131751,727.649370175361,467.326034094437
WBP5,103.594099906482,0.00827173157768942,247.366037517238,0.0152665717844041,2.32484461356007
RNF43,20.1436562970114,6.17795182341384e-05,216.00981024417,837.036861703128,742.062696469688
SLC2A9,333.739925659235,853.35541073029,124.648498770336,0.00899982660685123,1.56711696187335e-08
FAM108C1,53.9355050711211,193.023483359393,266.661015419135,0.00328762082980487,610.128456853022
ARNTL,86.4594871266335,305.510951799744,24.7381474197572,13.3840982061896,664.606518849369
KLHL3,214.720025562539,0.00297783808851122,136.220763678054,5.18142173436483,863.215136843531
ANKRD13B,483.686839783185,7.8135096721663e-09,509.393384685112,78.0558200495056,162.959871672304
TTC9,3.8886705909563e-06,1.44429185477899e-08,488.009570931121,8.02650197574062e-14,234.216579380307
RNF217,0.0034940686835939,0.117908123109828,412.429865661389,408.846063191668,510.182157328941
MANSC1,7.12354279540292e-06,128.49060771048,575.097577937809,4.36976269772334e-10,33.2935983331303
ADORA2A,107.872504329627,121.029495773488,916.665721390386,44.0788367795713,5.99288037616951
SLC39A4,438.492951281991,171.524891868238,871.834758484275,373.918724402031,7.45677738039151e-08
CXCR7,179.530848794349,0.0015023255416777,403.22106769644,9.80592705754415e-08,318.559166522073
FAM127A,631.528466463209,269.712424046265,207.303874859578,312.930841592259,21.9495964089322
NBPF3,45.4241173886512,150.581650203557,72.8583520063615,774.877185445324,357.056051458401
MAMDC4,424.317067632829,202.779995593692,401.557534113712,926.06088556369,4.78591086525116e-06
NMNAT3,478.289908464293,159.441196008156,141.817627632262,22.9571313666802,29.1261484417679
LMO7,25.6002333429941,100.226583182748,9.93225080112581,58.6840420540843,699.682344240635
NMT2,31.492074318793,3.94722828249059e-14,89.4469386937943,298.927493062497,546.713005132082
C1orf198,99.5927675154,101.707759767447,120.232861831547,58.0770207171304,238.186313421497
ESCO2,13.8237937025647,502.474029881126,0.00148094570166939,0.00161701050120483,192.22432651816
C10orf47,310.759230127354,0.00138769678326111,386.662491892288,97.4638780103714,793.985510324543
FBXO44,419.392527558218,155.361292072807,859.368942134028,356.100757056066,345.812819483275
ZNF667,5.98501965741256e-06,3.30371056582064e-15,222.610550064789,209.254615879823,373.970914385817
GPHN,153.425734020267,3.47122497164986e-12,354.140655381968,413.233056852898,165.645198342089
GTF2H2,428.615975030514,281.271865408142,9.7754717894114,103.866116686533,275.819322798393
TRIB3,355.008670007954,162.764485906561,582.09213050062,653.100731523519,1.77854152338142e-05
PLCXD2,95.4552483033046,31.1741137849781,98.5127609517356,176.739325977528,850.027437916922
SLC22A4,136.806157812548,329.085889647768,0.178025932792658,1060.02068357697,118.005201908047
APOBEC3B,199.204908205664,797.889659061037,0.00198698605697385,0.659501555850662,55.0994875521399
TSGA10,161.398627501449,272.742017001091,77.4763658764912,483.40914112117,3.38546944470277
C16orf93,741.265062755164,288.117431826867,245.970400228685,725.966091395973,4.21675964719593e-10
PRRT3,107.964005036665,7.85519981161591e-10,945.812353144487,234.293488687297,288.410143743846
ZNF444,573.41946998347,115.373081699338,951.644650369317,453.161506301485,263.680010292616
C6orf204,0.0440133740569721,26.699216422945,411.97588616093,1.07481259177811e-09,496.133897655016
GGT7,605.011475601488,174.564315872695,293.438580309172,11.6476610391479,636.683846083862
LLGL2,133.804172375154,200.449255081744,791.081182537388,527.04221445036,457.411893230516
KLC2,390.193462521897,244.175387829467,740.919882148752,51.5900762895657,362.202607104474
STARD4,50.7698794841898,237.425822321204,154.60419959607,1.02529541259638,752.550618979532
H2AFJ,309.818330737071,460.95578889735,313.171466894721,161.756103224236,763.948267550326
NUF2,72.3519145686428,657.233977801361,2.67206910995435e-05,23.6701096936435,156.649876851588
SLFN12,47.6091395853864,402.192703919022,0.0128464098614839,655.839533017911,0.00337607995990149
ZCCHC24,39.7074410957398,603.360894882842,84.8020608569313,130.822302508045,507.017121034126
LOC286467,155.84556376292,2.07235920398067e-12,441.282127919017,27.4776129435877,76.6531959250999
SEC11C,342.014623258306,493.885330212345,163.826336963486,320.244230491558,284.823564588328
LRRC4,4.05522864131453e-08,370.332654336173,0.255300212579622,343.417816981174,245.808553472509
CLEC12B,130.094842001595,201.893474648423,0.748533564444159,426.894687125742,127.974737542324
IL12RB1,626.135404198453,513.679155678185,500.213281710283,8.57612301045799e-12,173.674381341499
SLC25A35,675.364407599862,652.134973671121,173.363567951095,443.184820863066,84.8887590796368
ACP6,218.924057023608,0.133584971549497,554.619151901832,22.728179249424,192.767242621287
NUDT1,649.145976081102,304.117045418067,443.346429787165,453.402336345988,178.471926790061
NSUN5P1,708.176131865653,32.873155209903,475.55778325819,261.582951993708,19.8287241543939
MTA3,327.556988091922,233.667201706117,251.55816191856,451.098996985238,764.533449967561
MTMR7,9.11446168007433e-09,38.694095028992,104.649251854171,532.78323255845,441.256427763357
C11orf1,502.861059999385,3.61548129126509,280.628694105267,58.1318582257178,57.6922621799983
ITIH4,629.025634592994,185.979571150842,257.625074982061,530.112264938646,462.413740604446
C5orf39,137.797298277294,372.849304416335,106.904085855358,372.307352394791,325.168355466221
AKAP7,285.329929663074,386.59643961367,1.80085298152766,1.3769895204779e-15,585.142103314513
DCUN1D3,0.943382111372403,266.523957449667,164.440038706639,840.162272381465,138.399731046377
BCL7C,532.657527947693,287.177957615391,797.258062195343,786.33238738282,0.042662534737335
SLC19A2,5.23461771857737,53.7047092524376,50.1851159197157,46.2590297328203,237.332082183153
SLC25A10,470.377575647851,388.057442324627,442.986486243104,577.139104722704,1.36079684805779e-10
C3orf54,338.031581772345,1.21942712597904e-07,825.017238065575,349.330528661385,158.959385891212
ZNF347,2.9479188775668e-09,0.0143770757774924,219.012818282394,230.37985516178,551.771490029067
KLHL23,3.59487702296585e-07,5.77615597179146e-13,193.993674748892,0.00134396278160177,392.379641507193
LRRC61,422.87525600163,2.26928879908242,745.793586798385,1.50826388861991e-08,67.5871410191761
CASZ1,77.2469257133663,683.53380691345,451.500203421735,442.345346520153,411.439124764448
ZNF616,1.01288235969844e-08,47.6609839673077,294.846597749599,121.995662183745,184.696020067953
EIF3C,180.163860911624,384.233434038827,398.378921561282,142.731515236668,163.85981608563
ZBTB47,130.094878976651,545.862271946729,689.575705742588,369.267355701597,0.0016078411827604
MLLT11,71.0507095913866,8.46744268994309e-14,296.06038585976,227.323527377897,522.175997122266
PMS2L2,273.010360682579,0.0437222064427089,73.291039528706,421.958750975432,334.357975665731
SPEF2,131.851963957494,109.288280471304,30.4005938001514,420.90832778298,515.971506612992
MARCH9,509.338135639898,148.711402916851,255.416603594401,426.998174205895,616.515879510734
ABHD14A,648.865305371864,323.484579250911,550.282782991524,531.030246263237,7.85505870818778e-13
SUV420H2,461.50687296014,192.074120402236,877.58119430087,644.547753938712,0.327478675500887
ACY1,920.635992977331,244.889540105678,215.644435693014,292.595587548869,1.33051467801326e-06
LOC728743,493.068682703357,3.89436674182479e-06,327.514543045169,330.27189744962,940.97712356151
RGPD5,0.0018736724828836,7.39004091761149,137.203510975391,19.1409648933927,508.000940154498
SP140,226.126158998747,156.51210412866,75.8350002619683,369.95803576032,26.5795287852428
CCDC112,376.112061079838,191.490969873617,7.94974846034799e-12,346.388747591587,163.833510229486
INO80B,547.656507328942,124.100826197743,759.100603032456,571.054440828326,1.82071140911022
SESN2,497.52616110088,440.342186603103,604.7248623828,89.7225956009947,45.2521905160755
ABHD8,382.620037644416,377.906710809902,908.891307331494,138.604142840548,49.1969234215144
GATS,276.078427057558,4.78156697578529,71.1499779844762,489.289719541183,887.630855445103
LOC100190939,221.919906197049,0.355874501009404,674.894865147845,666.896910650102,674.695551485054
C9orf130,218.342749061402,14.407678517282,252.00993611288,130.297814439572,446.663521580275
NFKBIB,877.909418515688,249.066947534217,448.77736885771,424.454994977373,44.4546480443645
PLIN4,529.934152889657,130.506328051482,302.011996105877,477.536349885779,384.338978727786
ZNF709,9.9669770526303e-07,0.000669928593549082,218.962977381434,88.6304010913379,634.768991956027
C11orf82,0.00856803538345926,343.995245308975,111.512735685975,7.58753167764804,64.4661248155954
TAGLN,420.226269011549,177.798585455528,313.664000621239,246.541708724975,127.774285328625
CENPH,341.75046219696,393.300615577222,8.39550715782286e-06,143.08536570901,306.967354578036
FKBP2,487.953695099977,367.647033099041,531.593561091963,866.505380929137,146.898743290903
LOC93622,381.483895392492,28.8315909833991,180.695885953481,901.839446815704,129.301971178649
KCNC4,144.358575078147,416.39182038313,596.920717562372,297.320373577342,233.814636643928
BIRC5,285.943535025498,485.8589112008,93.6159808958336,30.383028724819,150.105966944267
GSG2,462.558901005071,505.944282458261,44.8615559195803,65.2954579383164,14.5077657502672
RINL,437.240982546559,732.671219970851,553.036906608838,86.5647172534132,22.6854354687731
ZNF414,725.873346409589,212.140071080446,844.938654919322,339.757221051697,76.3138370579214
LOC349114,547.50537613569,588.021435795409,536.149819258071,155.598285467668,395.723482392913
CDCA3,312.182094579448,528.820726042116,194.519200704519,249.800885356214,133.010174790613
PARP3,417.241079273505,379.870959131576,439.292584954022,5.38569488264788e-08,352.960136185308
ZNF816A,0.00341804867501853,63.6967325109072,156.681723869925,10.7481138111673,362.504087885209
MMD,8.18180970684306,132.332064025412,114.50004415668,1.70933026316515,464.630254753923
ZNF382,2.13571839741328e-10,2.37107916178687e-05,249.702824511844,314.187737031915,209.625270476434
C17orf76,193.081331789026,100.371840014179,203.039287991848,492.472217550463,112.497362259846
PITPNC1,24.2843795339978,459.569362287644,400.475196504622,63.2330334323963,477.477440759147
NME3,627.639602496414,365.991413119989,656.591276715427,258.849126377456,9.87645996291497e-06
RASSF7,493.20059094841,269.163526533663,838.809193869425,301.455923434967,15.3264738784562
C1orf86,499.251751361414,180.901246666853,840.804164329117,381.232083581454,124.671873787386
TBC1D10A,283.36271319532,115.911836491307,846.569399601379,192.414674354643,354.794165363881
LRRC45,611.439406855536,357.307464971657,693.560399003321,407.307445877864,0.0164171441968413
CHAF1B,389.52960831031,271.123053615701,394.815618000124,77.7322225169085,346.172729264424
RBM43,6.07316467337413e-05,185.715909563759,0.0165323687671979,284.629103289625,279.243003443679
MPND,518.612228730952,233.495920071949,438.159435309055,828.31288598247,21.8177869595122
WASH5P,391.051311850381,55.8782786945014,706.66925396761,341.112652427832,8.98189826793547
IFI35,586.552483830377,278.046283311238,370.234198632211,192.408717306736,225.580150872013
EPR1,339.497411689806,451.432090467976,21.2929091927487,128.805609832322,279.423272599921
TMEM150A,417.818113851956,93.8831380161445,630.127689108316,724.883976662241,0.461251301204939
AZI1,680.913636459123,91.5416344061665,823.450793943491,114.102173384506,328.56625130826
FLJ42627,169.395505274337,33.7325230031495,216.295291810197,583.508015917943,342.77408097689
ZFP30,5.83740905656135e-11,30.5398669264664,194.353163833026,178.048014139172,399.546412437641
ZNF426,6.93897140197151,84.2868549332795,168.862398609985,140.92007153853,420.91569791668
CENPM,342.151550210694,391.124854927771,429.387737095352,115.758243387294,23.8591464847124
FBF1,685.138665112199,105.325630515946,406.970580292217,317.748759976019,24.7774334587001
KRBA1,499.120610989888,5.13715646135183e-05,520.830902504193,85.5769462505557,103.897056354988
FZD5,7.35074010017681,280.000164161912,164.524979471483,2.04408151043876,212.847059625596
DDI2,28.78303844568,128.259863478765,385.51031643389,0.000708304636686684,391.095456847852
PPP2R5B,239.356004631541,289.916883369225,555.773204415391,125.841523251386,159.992742166334
LRWD1,515.428155321665,37.0545666114379,384.94842793358,598.697108880326,2.06025958039354
ARHGAP11B,43.1758539238447,550.623083533735,51.9248578067286,260.134056107491,477.776402295101
KIAA0087,1.06184680943539e-18,2.48541752334914e-27,564.460645323364,7.1955919626237e-20,548.450945996714
PCDH9,1.78639796946438e-22,1583.667926677,4.10721841667953e-21,7.7375961964493e-16,0.00123988627071105
ROBO1,580.462939660574,5.0498030730533e-38,6.5041211788343e-17,2.58022382589546e-15,3.72119449943018e-17
TIMP3,1.7032682325517e-14,6.13559719047599e-19,427.277012458805,1.44609127050766e-13,5.91470594614558e-09
CDH9,1.5835342113197e-22,2.43152704943849e-17,6.80856556380085e-24,1.58828738625819e-26,870.270157165914
ST18,1076.58379040181,1.0813641768658e-17,3.25610409275053e-12,2.04618438459675e-15,4.20082980491749e-07
GYPA,14.4288152636598,0.104832883356234,4.2050240024528e-14,1.63959944133262,593.54917599647
FLT4,41.1612073353364,1.99804675955482e-20,495.286059919538,8.92918335970699e-15,1866.49217630347
MRC1,1397.33829018301,1386.18416035629,376.58652646869,8.53101553033198e-16,1.19434933807619
THSD7A,4.90772547472328e-16,3.89805281790055e-14,1.28386722814964e-17,433.551559580611,3529.8147684551
PSD3,403.81452572922,7.48852819467407e-11,7.92135954176383e-14,3.59131821707502e-10,5034.93785842715
PRRT4,3.57765859740095e-12,2.03434769488071e-13,2.12825564789226,6334.82353619521,201.592161639619
AQP9,1.40256150255757e-14,192.566842670687,1.78302110090266e-14,5.66066443367131e-12,1.42283682269754e-13
ATP9A,1.32579217089977e-15,4.52835926422255e-17,333.530848418757,52.3963847967221,785.750067073604
PCDHGC3,1658.31761101561,0.0582599634087348,5.66837267199562e-10,6.73211354652369e-09,3063.68876158432
TMEM107,1638.7424297117,174.29507994159,2.54714887856337e-06,1330.02345502147,1829.79837644028
DSC2,1.08762854320526e-11,5.51193139334553e-13,7.68576280277893e-12,2221.74589154664,2.127965396679e-15
MOSC1,2.69916443453274e-09,2424.73458684045,4.2455451341381e-13,4073.01828033391,4.87748851191575e-09
KCNE1L,1636.67286747247,597.630652827303,2.74698355521917e-17,2478.24710830527,7.72063219808346e-16
PTPRD,206.526388485806,2.29934324634204e-24,162.805166917919,2.9714977506893e-23,1594.25212390353
EPB49,115.598638437025,0.0858869891511449,1133.90710135609,903.785813438582,323.472726185231
ATF3,1342.52170402735,2.86262801730781e-09,1.65076853134331,505.618757768512,1988.37325488975
CEACAM8,7.41161433804415e-18,526.086329298457,2.66287030119538e-13,1.78320515242506e-12,1.38360036965487e-17
CALCRL,1.58949577281198e-14,1.61664598346527e-14,1817.42007181113,1.27735991162245e-18,1960.61691707305
METTL7B,2344.94237005036,1178.46718784629,3.82656075886475e-11,5.73377112592631e-20,1.1112851314917e-13
BEND4,3.00408791293844e-08,1.10213724422717e-14,2430.43315670853,1.21019546929283e-13,2170.84369180743
NCAM1,735.890791763128,431.873886993772,414.431390264229,9.90563209874951e-10,2.55731438714471e-05
CFH,3.53383924020307,7.74703697906938e-13,0.0487651452433695,441.611380215201,0.000198384964299163
KLF12,2.11318818514007e-10,2.07572176143392e-08,19.9926675688975,0.00891172032783332,2701.66032891887
EPOR,18.4527356341255,6.54686956934653e-05,0.000504376777612625,4.97597922338587e-06,4.19848593984766e-14
PTPRM,0.00708323577690016,5.40167092820594e-16,2384.75490224136,336.49079580793,810.394193915141
COL18A1,31.8737433587345,1.48044956396322e-06,597.851720187213,266.195599089077,0.155356581735178
PRF1,2.53786562725202e-09,1.31096747636158e-11,2509.443949561,629.497134935495,835.442991125042
MYOF,433.9982794865,1339.0945841023,130.515090511978,4.3776610663096e-14,2.32432802451759e-12
TUBB1,5.10216853796947e-10,0.168305752043545,219.543392081412,282.036581948085,30.2204019993388
GNAI1,0.00328970220537189,9.69196940310347e-12,811.347787230541,1.62848682389844e-16,4276.68756166146
PFKFB2,630.757177861531,164.998230149596,4.70386414282655e-08,1.63123071702363e-07,4060.61659506906
BLNK,1266.05199133694,1.43162298363439e-07,8.51829882656916e-14,2.632435533047e-18,3430.90633997569
MYO5C,360.932904680117,1.87492603677788e-15,658.619485402371,0.000200648275737054,3353.95062981918
EMILIN1,313.155632418959,17.3473554780656,2674.62290220977,2504.28583900835,0.0220703544007633
EMR1,775.573991592634,738.739745239019,1035.17923875381,31.5174249318069,6.0116399672275e-12
MEFV,5.0112108957584e-10,1302.60297410135,41.9535627401626,4.31257116082213e-13,3.76292590252601e-13
DERL3,1041.83735879982,153.856165132145,1418.29401611899,1206.13446214164,1122.22311982571
LILRB3,35.7620344140709,1587.9816359853,436.649756035539,1.82319526509948e-13,0.47484200043148
MYLK,223.953083969747,4.23553547779511e-13,5.35203269360033e-05,1.37622282981081e-15,3335.78437862268
PRODH,9.8298054755615e-09,1.94899036777118e-07,1321.51620070397,3617.66957363045,2.81525370692522e-12
CD24,8.51428205393249e-07,497.573899407963,3.09658207785803e-08,159.353347937891,0.20518090383778
SEPT5,0.137688026779334,0.0232591852205684,1257.29476263802,2245.57385107957,581.021142919763
EHD2,6.14646325949011e-14,1.77616993892311e-15,2718.95845858989,50.8968088589859,614.012087449885
C21orf96,0.00394770964935398,0.000182284779297016,0.122513821126983,474.930945751861,4295.54170192528
RHPN1,1550.44392957777,1.99963511708715e-10,3736.01521508778,0.000252736961642226,386.791910016765
ATP10A,991.123002354127,4.29157688591388e-05,2014.62052892432,2.52342127407468e-16,3726.7173908689
AIF1L,817.46388299325,7.14283945920157e-15,803.197348218048,1358.60762803392,1599.084828474
MICALL2,398.022442156812,1356.24448957852,457.8144874044,4573.4287610439,1.30746711696868e-05
RASGEF1B,384.371629794727,305.601280389567,0.00813648783830149,4.93850142243185e-11,2821.38263443465
ADCY6,34.5678885110997,1.1831885551859e-14,2850.45624455106,3.04353522952242e-11,1632.60781189192
TCF7,98.3634222526878,3.69487597018114e-06,1660.24463295599,107.129496771798,861.251541747248
LRP6,6.84154069844816e-05,1.61040091663373e-16,19.3080627901899,1.63955712175318e-12,3070.12776077115
RPS6KA2,634.01965595011,1.84709125928507e-11,0.0472918421977067,1593.14606043205,3635.06498081196
PEAR1,3.80199970834202e-05,9.70935861518483e-17,1569.80021742432,4.21042114829048e-17,2970.75814087215
C1orf228,1198.49805888671,0.0779327010339062,2046.70220792112,4213.73225260142,112.051237758887
SORBS3,715.813990431982,67.8956823842124,3619.13065718144,4.24612747785234e-11,579.161097607315
C1orf186,947.562402554878,1.86002847736663e-16,388.598734213455,726.095902536257,849.34061888
PLAUR,784.609967695793,1392.67675615162,177.123657468002,4006.14912591893,2.22017877246538
LILRA6,0.851897878130269,1474.18927598178,462.899868010697,1.15403867246399e-13,0.57433943062931
ABCB1,9.9889780743697e-14,2.21469120379855e-17,878.356467360542,2.99685963602626e-14,1021.1097779806
ALDH2,849.18019706193,119.942605735896,1587.32833276882,841.444362025692,1260.99338064061
HBEGF,454.917000348275,39.8561859129929,228.166619772482,583.237854372947,472.466288420148
BMPR2,3.77524604225772e-13,0.987993906209713,1465.55103735305,107.775107659045,1036.02825197746
FGD4,0.593613626951972,1882.81879777075,0.000176454734644133,9.74141747686008e-15,86.816050996754
GIMAP8,2.91678696576259e-13,187.530577691742,750.15103713805,1.33752196234737e-13,902.585522684019
FAM129B,230.266924053312,639.097403419457,1216.7760062259,390.657383432148,3.52583183687356e-06
CD86,600.122050126558,1411.18560132824,5.09757833143178e-05,2.84945712738326e-11,1.47745104024928e-07
CDC42BPB,1239.183343296,44.7070056010315,946.945262833206,1026.3216122963,4.40059812091882e-08
NLRP12,9.14303993281794e-13,1565.1681465553,469.310001639196,1.19347757349669e-12,3.89019483893415e-14
TMEM65,1.62400225517371e-10,1600.99281561639,176.784699448971,0.160806082024289,435.626988696377
GPT2,404.633822536415,640.424310095231,647.081957382927,4056.14294689382,9.5139080875012e-07
PMAIP1,528.636141373731,0.0870029538039312,0.000289316332300178,542.186764362013,3946.55510169136
PHGDH,1230.93652360335,0.344412375696285,2632.91141981661,502.628860687798,183.093764645527
PLEKHG4,198.100260412649,1.30940051066929e-13,3129.81470924419,623.938204058793,330.786631374574
CRIM1,51.8056962262644,0.000594435452052433,0.126364141420319,479.125537912057,4692.623152485
MBOAT2,54.4449285324819,2.91056750489838,21.1341104214574,4.7815202201176e-07,736.354844113374
ELL2,245.403822957106,591.203180888249,118.192581736541,1397.48187959743,110.697828461776
CKAP4,2.45744650484014e-07,1210.86597731433,1.38082829122826,242.342709611718,6.89027318099829
LY86,1856.93872723701,2121.89164008635,0.208819103990501,4.94515859662253e-15,1.24233001009658e-05
MGC29506,832.018184542957,161.709766471151,1328.20944224036,309.184205126988,1049.03784776424
C8orf73,618.149931327835,844.263713051111,3294.77399448027,2418.14312845196,0.113024568628857
MS4A1,11.9798471392039,27.7075350581118,961.753614393404,178.072693158296,710.520244441319
HIST2H4A,702.995303130647,283.042597187578,778.183395807943,423.298099949059,2128.54535291204
MIAT,0.000475288989596446,0.00572255102632015,823.795962181137,244.947423943677,2098.5285168526
HCP5,319.282352908814,0.014826038030714,1960.32647946464,6.73564282345462e-10,1397.24846644055
CD9,1.1536065952308e-08,5.59551326753354,657.873056775039,2140.92121491429,690.480974359639
ECE1,5.40488153784802,325.001564969197,1432.98415689277,1.15200747166668e-06,1114.93373802767
HOXA10,614.764728010725,2919.60932293643,349.335779822765,1.34519697876727e-15,7.62788102725261
CSGALNACT1,2.46818429988811e-05,83.9336789080001,1.86371158696193e-12,4.30499471259929e-05,1642.45603160148
GUCY1B3,2.11848525291652e-09,8.43617858630849e-14,420.030472180287,2.26680938041976e-14,1984.45707779835
CD3E,345.063624689451,2.1049266347991e-08,1525.82544913534,93.0061910470554,514.597091576585
RHOBTB3,730.509194309013,3.45088563582639e-13,0.00233443468304465,2122.76465688355,2.8241493039009
SNCA,765.216561525753,816.091399121312,150.357271386235,5.27239841758536,848.361714785737
SLC43A2,689.268251150166,1256.00517174545,945.554713412013,3.09171271184556e-14,320.30467762417
LOC646214,77.8834286601291,45.6143356271583,341.597099512945,7.18008589137278,2902.49540200783
MDK,26.0197238513831,1.19863808543659e-15,381.510878747137,1056.79297964105,2197.93174444371
CARD11,617.03629688606,0.00287790773028667,1321.88617090082,4.47471928733725e-07,3282.88353900498
SLC39A11,51.9905941032724,1682.76212150612,78.3767343255086,4272.17454167872,109.96422130993
BCL3,573.413248628358,631.105282960429,2756.85108536964,510.726610271937,939.643177195332
BIVM,2.22548105150579e-09,2.69497562915095e-08,1837.13569992007,0.0203379096281905,307.846304170176
TARP,540.220470005527,359.36020927946,60.9174654146133,2225.41185509728,86.1191891740009
CENPE,1.12359408572871,2146.18138504863,9.5687212943639e-13,3.01842662628769,1293.88502247087
OAF,147.144652616687,18.1111863006486,3300.66692152311,855.956552727634,106.603082369231
MANF,1117.5999370498,424.201125708948,28.9088457457525,3148.3788455844,33.6112295060112
ZBTB38,2.03384564741132,1210.24253032923,325.27812821671,7.21838586477338e-09,793.404696296692
SLAMF6,7.43398859103083e-07,0.000548191977301491,1416.46529659533,5.67069168369598,1148.86532496038
TNFSF12-TNFSF13,1512.43114533629,2471.11724373163,533.792458542726,541.828270276654,1.16095749585042e-12
AKT3,0.178629733721982,362.258446096664,417.295229562627,314.393455225748,3795.27275635105
TOX,0.000100595826710573,4.34543178873829e-12,770.986701345138,6.09688849954309e-10,2853.28692548074
AKR1C3,857.307472980373,0.00265967882853205,408.85446622169,0.0106948305334346,450.215929806751
MAPK12,1044.06351628198,66.3218197579278,2743.56802297444,1515.97450840325,150.486503566828
LDLRAD2,1389.53230599593,38.7718587206362,2776.13540037988,0.00159658811758527,0.28099286726834
ARL4C,6.22804427249891,20.3347958804648,940.35082288366,211.134578700665,1296.30192061492
ABHD5,139.472081802923,1352.58806611034,0.00217351311537668,702.631738187754,63.2582361187897
ICAM1,51.1169490204678,162.858807993829,990.982837089006,2656.02268647973,336.438066034835
BST1,0.184201061176953,2370.93109775356,2.25018940608698,1053.44308092491,0.747731790312374
HLA-F,936.060184905602,121.43952688604,1681.55004307399,108.517245154163,1749.23468786928
HRH2,323.460476017754,1399.31027906565,548.744539287485,2359.40215764347,0.137010011601877
SESTD1,470.188235859243,741.023465099989,104.936839587259,1468.0539942239,748.165659857929
TJP2,210.011735213301,198.751294252151,252.577812164737,1.66922462849217e-08,2726.00124028396
CCNA2,16.0060538277888,2258.24278136633,0.000780269741542614,9.07871912048587,691.871626624311
MINPP1,253.556112266091,365.396778911127,203.549305882397,0.326432046667839,6.27735715033146
KLF11,897.818864923746,709.447514190801,661.473907614388,248.20121600117,356.265933037465
C1orf175,5.38618841546997e-07,4.92476037272026e-06,2420.90537382719,1585.36676427818,0.000173515896624057
SCARF1,421.770222442794,9.60977542700391,3164.40048710798,775.97855033787,1275.06927889789
DEAF1,1072.37975540668,97.1392186837444,3780.19681725908,1216.38063326477,219.324847879391
CCDC144B,1.63700016186766e-06,648.16222725363,0.000165081440835521,584.949435270581,1824.25696703154
TLR1,8.28808649470727e-07,744.247004656454,107.074846159974,0.0150542423357416,475.770224726772
RECQL4,1154.7645118371,845.562455921446,2605.79203405492,505.306662537778,1.17016162966527e-07
ZNF493,4.2455320995878e-12,0.213282205894045,3.36971682584037,1048.67629297373,1276.93644648115
SYNJ2,1.4607398913356e-12,2.23151742184001e-08,2144.7837739776,0.172582467362845,1422.29449724763
ROGDI,759.466827714548,935.762613514251,1755.49221636333,2179.60133612855,1.35876536985061e-11
DNAJC1,619.13901682345,984.446489440297,110.348409627565,673.308720627491,2085.89576404457
D2HGDH,2159.89280599126,693.465039400569,2695.01476969735,892.183475301502,8.17799519571602
FAM118A,1906.51903070478,818.17540950015,730.378550154869,203.427289784988,882.630110065046
PSTPIP1,0.515721733008938,1694.09379293757,1974.7539818318,1994.9189465889,0.00893090221897983
STEAP3,1485.16701543355,791.377595859865,290.815342700786,710.552054386957,3.52097380344149e-10
IL6ST,0.0156616083674944,30.469347249104,450.532790087282,3.81599364878071e-11,2296.68794710634
ISYNA1,1694.79658188905,1.1460120955275e-08,2489.70490358288,3.47400907952006,337.47233483009
PLK1,1298.74111575262,2056.55151995059,563.331434020884,173.970597439842,114.769745696695
MAP3K8,349.014086749646,104.779980642164,1388.42522074839,1870.3727726749,1498.49554698952
DDX60,238.725095788603,12.159340739605,337.314855517727,3.3572214972046e-12,2055.33480616391
RRAGD,0.69781123186387,195.992727218375,11.0739866794265,1741.88444772261,2274.39073714715
RNF144B,0.0120739191341302,22.7125830053589,0.298578796073698,3.59815296982461e-06,1083.62946821366
BTBD11,0.000166434810610773,15.8146257450574,588.612945797395,1637.44758666188,1253.45498227022
PIK3R6,1414.79488009582,320.864541183054,1182.43482556365,1234.08280306788,1.66305082087128e-10
ADARB1,399.446883826245,814.016519122863,1456.38728248309,923.079990185708,33.0382290772816
SLC12A2,339.401325652314,0.000492851816464641,2.44842144858617,355.187220795403,2891.21219271069
AKR7A2,2767.24038547557,1707.6158785749,1141.64190196977,136.730592422766,0.0140831091077888
WASF1,1118.47681415711,2.47693729581697e-13,1258.25567391794,229.154357530183,1697.02068835328
NAAA,946.654567963059,1583.2765426486,703.900095886955,67.5555023391968,3.75459886958441
KANK1,205.855207322524,870.912763611567,610.353219079805,1924.85234788518,893.794939194931
GDF11,809.595948108095,1.20029513580858e-05,834.535123202161,1623.84494194721,67.9162037584449
KANK2,2.76316165401725,75.2069662741709,1903.04555511283,7.39643419455644,788.881473675453
TK1,1696.50431927876,1110.59050341238,1982.1023288933,383.002573767632,0.162471148615207
UBAC1,1073.11193823956,882.962205879426,1125.78001345074,366.382280463753,170.191724519844
CDK1,142.587723314767,2014.29255827712,0.00146091205927631,17.7877868472655,618.458795513643
FRMD4B,1.21788488227914,0.611695041477203,736.644690792452,700.006625216694,2329.47399504899
PDLIM2,679.558049347968,923.773897774143,3544.52404251637,67.1529755805338,113.031115027543
OGFRL1,1.95603992944138e-06,1043.42997910926,2.16995023773477,37.7327510871371,822.170574712566
ADAM9,4.40511115963793e-08,1047.25785258172,205.986184433953,846.622586739781,309.654482797003
KDELC2,325.668526802072,1086.52820474844,175.604932464929,250.063696800764,1297.84602716945
AGAP4,783.519536705337,443.440926501215,768.711178511255,4016.93079287745,558.869717640395
PLTP,1513.76062874344,8.47218356863949,739.930240853135,1750.55194055209,2.62122148264071e-10
IQGAP3,784.859174619704,2220.25421520241,1018.48684961788,425.709182516496,420.050203902833
ABTB1,1292.86063059559,1033.13315676328,1971.91724727727,732.442409580583,682.422830938837
TBKBP1,631.866785348379,5.42743766663076,2531.20413220205,1457.9567174526,757.489659869279
MTSS1L,774.518509832,1.08062578845174e-10,1537.10251993747,2414.13741816083,1351.09537958442
ZNF737,2.59347952798356e-11,1.36900940710075e-06,518.16525119498,524.993946166507,1319.19185711919
NIPA1,513.156205900626,946.842114142706,377.087078846487,162.612393402085,1582.55888904732
C12orf23,108.357944715571,0.156390780051775,2.62421009389576,489.506954633674,3681.18812386641
IL18,929.28459153962,832.442804059707,586.179246931275,635.58180005775,135.461103182391
PDLIM7,757.311302495348,1063.58205343808,2664.27428889925,1347.45199368545,0.000179393061592403
HS6ST1,577.19251094418,125.043202527549,2267.04219569904,928.165799184768,957.948793461752
PPM1K,783.23393691271,45.5240665430709,2.03111226681788,669.087974288047,2923.47956079397
AGPAT4,190.580888107117,1.25140082386383e-05,810.376477559267,1245.33871108577,1340.38630404281
HVCN1,789.814501434686,2078.22045886386,881.34116116893,410.669613997375,450.190530440194
SAMSN1,620.474106903095,1279.70292279009,0.0746089934606984,133.700874439817,375.621541529833
SEPX1,153.175340495744,2113.99140957007,787.912236633473,1990.89694531208,2.17053871173608e-05
TMEM2,1.26798367614182e-07,180.485577358496,608.833639702004,451.722975193099,1528.05102226549
SPATA20,2515.08662157866,1355.39709385118,1579.98174941573,559.718935681311,0.00197384339300535
SLC16A1,788.009712027688,110.442923841622,89.2404270216396,8.31021262902165,1071.9647405195
CD300A,264.469025859483,1001.22675388672,2107.87056656224,1.37342689012905e-09,1360.55089873404
ARSA,1749.69348554785,1396.38506800487,1604.91612735136,1585.77751809327,25.3382106935999
RALGPS2,21.8166652862924,708.466176692546,0.0051235708587977,1402.79808950887,1149.66247061893
CDK2AP2,1150.81882556919,1241.59936027859,1772.18444655527,2108.68076668886,262.40669123958
BMP1,1728.1679278244,10.1888067034093,2114.47961070762,1118.78240447066,3.35868737564889
EIF2AK2,123.499998213265,162.879278224739,704.323626417978,33.43856696052,1820.22953245051
TMEM154,137.539287064293,1373.01013258413,603.685716145702,641.054572351858,313.809849100412
ZSCAN18,458.385018384115,5.64574025801774e-08,2842.24752925324,973.015830493296,1095.80042055688
CLN8,1442.7936547796,348.991377909934,1052.97744772874,440.546767291363,2892.1603432816
CSTB,387.198323512978,1242.97195491476,1444.55916740368,904.696031034005,445.946028863119
NCAPG,209.078826941676,1655.8441375594,0.0132332571259817,113.037677677381,691.341173656914
CIT,677.360115042995,1804.72981120931,184.548241970537,315.075224027364,1058.04760415217
C1orf59,1840.09274876484,244.949452586979,714.327904465185,672.965388959672,121.15453942484
DSE,134.032905594684,0.100604951675533,649.751773847886,1555.72605525788,1383.98486504996
PLCB1,1.71916132436933e-06,493.619219821867,762.470311252271,360.068764262012,2991.43140774316
GIMAP2,7.58562424727102,57.0728934083658,171.170301671247,0.00185793904933722,2113.75360655905
TBC1D10C,926.610721079179,307.53367115971,3311.78531327433,1306.4178154324,707.400708798119
PYCARD,2302.76032163768,2015.34811965715,1230.82981768133,897.320406432996,1.13770689948702e-05
PIGQ,1703.56499075617,275.387359948833,2080.30499236515,1671.4361225435,195.15713673122
POLQ,47.3640548466675,1570.3227467625,141.832799521975,104.222942114543,1037.89206692303
ARHGAP23,436.33886349931,0.00188879870737577,1951.2725608072,1322.16814325105,1532.69756893928
C17orf103,598.891421082495,1021.4568256949,1935.34649948133,915.302057156795,104.06645578338
LSS,991.583883689487,403.232900655018,2521.05975941801,1072.83401037293,103.64758580293
RGPD6,198.412667564887,46.2836142512195,898.306696783882,495.98900363303,1607.00836836408
COMMD3,1016.51034522374,1276.66789766337,240.849966157368,432.511631508844,2026.23253755017
?|155060,1315.7098478233,0.953603358004619,1948.34831855537,1015.59230546625,914.541726619351
CPOX,460.407745056647,544.224722171346,154.2266799506,283.367857741509,449.296122382446
CMTM4,295.308956193657,1564.78845244975,956.562433103111,436.873543876802,1707.42177545131
ATF7IP2,384.270188747591,0.0608947770793369,980.833699044389,232.660522526425,1012.14144722472
NBPF1,6.80771053606353,211.84764416794,483.033787599329,1165.02166829432,1513.03796228432
ZSWIM6,385.764119888016,799.206594958425,347.881273840981,561.530500302328,1280.84222940646
BCL7A,1438.95519231897,218.295047576093,587.673575327164,24.4087683231712,1770.87219924781
B3GNT5,8.74778985526763,1133.9916490248,442.900040800476,662.159464843128,1602.7056340554
ZMYM1,21.8928909959555,194.351805716781,289.419016435286,207.989333417967,1399.68212780663
KIAA1715,0.0067173156704789,1476.84591710748,203.731125029796,698.526852765727,1222.5337633198
TFDP2,399.56642863585,7.31894127402107e-06,914.277569977582,230.380383865582,451.276106508663
ALDH3A2,759.827770065436,2439.65903694774,9.01921376696804,601.158851513763,910.894762701113
PLSCR1,242.193127561284,570.077737255853,282.415325580696,297.936720981068,403.636820898458
TBC1D2,330.385979855728,1821.17593468964,1135.5586936554,895.575466393601,118.795991976248
ABHD15,1725.96901541146,1598.61487743136,164.370280826451,258.163452852972,1920.62371767932
LRRC14,1423.8335001354,1029.37278863267,2853.6461156701,1054.05094401362,2.78652315415488
COMMD6,1975.19248182793,424.731954890892,84.0028821498981,2381.49304652366,329.618375114976
TIAF1,2628.21111154713,55.9874037955186,915.860439848103,618.888715107447,1109.4031489493
HIVEP1,92.3650425068126,654.627928449743,544.75853512425,458.205629547981,2335.27150886284
SLC25A30,123.482837857434,460.790190489352,645.294456080984,121.21825808843,3021.67042059219
ARID5A,2090.19998142382,97.6279214225441,1207.75760168413,1949.81451161781,175.392108925826
SH3GL1,1219.73747448193,817.70025697613,2054.39358372309,1287.43982946984,48.3419274633536
OSBPL11,110.565611058344,1159.39433888741,17.8498361500356,58.5630876119632,725.576874404493
SLC5A6,1926.28106186225,851.888328825896,2371.53665872163,651.575966954803,0.205983134980266
FLJ90757,0.0572624845997674,318.922290934181,2287.20848071802,1674.40044196968,1053.03188478299
C10orf118,2.20917701283224,1072.89166782053,0.033633510290127,410.236651563649,2790.74795175178
ERMAP,860.844293386617,688.36570717029,634.279818926212,604.030169811857,728.4947197502
CHID1,1936.22573958311,607.148806357078,1750.22910489354,2032.77285452605,0.0107310804974972
ZNF43,0.444588859443566,207.93916045538,60.6065900675131,876.702391563406,1585.62809742065
ZBTB10,228.845354355832,263.414058149735,0.0139094789615629,716.916630724524,2414.17150486536
EIF2C2,10.7944961136403,444.959404063373,2182.21789416869,903.148036925098,1755.63257443224
NLK,150.483645008899,44.4031283111995,352.64812530126,0.148242556903234,1012.13556023743
PQLC1,1310.86434041503,943.829749676545,2760.95060851166,275.636354535569,0.592956300512851
PIM3,1178.51099591576,74.4412648138797,2668.73745799513,995.318083998555,892.388564592119
ITGAV,1.27552118599314e-09,2.90547899064773,675.509210890884,776.278281912928,1111.00005726679
PPFIBP1,24.1535434822249,558.770347606583,903.729881677417,226.112025646166,1347.02064125993
PARVB,964.176605375237,582.582334201789,2262.82671484478,0.000857525664817488,38.4765178172468
ZNF654,0.000893139891821331,1577.91478818728,7.05717738533444,71.2096296957897,1654.42214784315
MKL2,54.3783219931873,109.503542513825,559.117422263938,224.734907139218,1673.10239139838
GLRX,440.151795223077,1437.80895248191,15.5737402720501,1460.00883923497,337.847554890969
JMY,626.765245271057,8.90738640063708,471.888915405911,691.954648323171,734.867824825774
NFATC1,678.000037635464,220.657820992526,2763.88939110133,287.759942267589,425.16588861514
COX8A,1939.06735317847,1700.46723733012,1647.4198267599,1541.0447921773,0.00105806012970316
SLC12A4,1373.76112198643,1364.20814196609,1784.72324121732,8.03882429886204,1377.35881528524
ZNF496,609.606924630476,7.56110570082666e-05,2457.51805203767,517.697849001805,1656.56653903928
SFXN1,412.080480890843,950.567270557797,830.626081159821,4.54774085361758,1644.8003257864
BUB1B,439.525183428429,1608.62619419673,17.3811846779221,93.8646963234951,829.081461522826
ARRDC4,331.256303454861,476.733530094341,787.028043424985,99.4068212675763,892.307392887503
SAP30L,557.744362870931,499.435800790729,15.7150701191576,430.038119772611,1756.38269337847
DPY19L1,112.730105556345,1765.53953003291,4.31212996025024e-07,566.567500580786,292.591238106782
C3orf58,252.205593502006,965.831184339055,13.4289940205032,86.4188806769628,914.71838080704
SPSB3,1964.33908862498,615.635527761227,2507.35717877505,2040.43347883574,142.039789375394
WRN,397.754803782126,373.856444721107,278.870623182762,1000.25537204919,929.603390403276
LOC388796,2386.82651880945,134.050238487172,487.839209918356,1287.71861626228,246.877919818584
ING5,1253.28207570152,36.3930354393379,1819.96589518575,1967.55807550367,628.288835592081
C9orf91,662.241406352998,15.2992403514674,698.989968000467,1.13650553574679e-13,2536.97121318039
DTL,292.234196901397,1132.00093648571,353.165514531111,8.3752765701959,685.520353607946
MRI1,1524.06830576474,666.99417593016,2735.99418366329,598.378673583071,12.2194129891959
PGLS,2769.47219158866,1392.20496353493,1359.20403045986,984.765881725345,0.0128375389645436
NSUN5P2,1569.56787606685,168.929750323861,1555.20204493511,880.450469099344,741.07568995809
ODF2L,297.662053610383,7.81779113177027,505.440788907879,819.844420154384,3246.78484585609
GUSBP3,544.796661825139,359.447390047671,38.2750862526245,952.911728259937,1761.28326950838
IFFO1,1508.04560639492,788.326142813174,1800.03674527627,1532.60816963848,51.6379572115875
IRF9,720.13978979286,301.498783687945,1740.04175942379,610.89324168215,865.455499477623
OSTF1,748.698632731022,2399.80492841958,216.127089343715,910.435339888686,429.624850518718
HIGD1A,703.072769628486,1138.45326900561,0.0420573282934034,148.672798465719,803.852935102895
FLYWCH1,2023.66353814817,900.113786870887,2197.30839551623,1502.84232308058,455.410252139756
DLG4,1303.34361115044,769.73017789989,1939.48697950226,1196.82978860464,1168.6785147197
ZNF692,1724.32364736282,566.252322889855,2247.54414519749,1303.7556852451,21.5116585980013
PRELID1,1987.21249559924,1325.85601488168,1880.35518697807,1022.07197031713,3.9363459497061
C1orf83,97.9932341269645,562.933012984543,617.590161175951,159.841238870437,1388.59495700879
CTDP1,1265.13358602798,1012.98954665637,1723.44248927149,2264.94340269292,138.705215469195
ATP5J,1536.83079493456,832.697089400676,660.183076995026,2114.65089172193,419.570933308944
SFI1,766.433077201637,472.34875038588,2715.41170706266,678.073093102789,517.883913230528
SLCO3A1,424.253232071671,1770.71800075772,1389.16535827231,1247.43432562888,77.589318713379
KIAA0114,2013.09923964806,7.05662910774228,1750.76396716225,408.698401871054,1.37821193536926
PI4KAP2,873.154232318576,507.905435430179,2179.92447669326,1382.50552200967,1009.95783382255
GUK1,1615.0418204364,639.262923094361,2219.01811923119,1331.01252391301,141.798432510118
DOCK7,0.00364897554847691,0.195542166153679,883.405980384486,92.9515984968169,774.623056519566
RALA,298.388502422857,385.217683224714,100.505760510166,707.50525567957,1791.00919505203
PLBD2,501.604559976588,1944.1160751226,1468.58426153857,656.367694887015,34.3588441709063
TOMM40,2245.15874402095,855.631300349982,1855.23381558575,801.878553300602,0.0050672642328983
MUM1,1118.70185391927,350.808591406298,1516.71868530255,1853.94471454414,660.210370230511
FAM89B,1317.16440228181,533.646302685652,2602.56932392949,457.521384749312,10.074268979534
NDUFC2,956.923113159324,878.541536546697,886.111277416804,2565.92435894744,402.018663201649
LOC338799,1069.96943954856,183.447363392128,2105.07184022746,1209.56964582117,582.282490367685
SNX18,279.183849454305,1370.90420578041,64.4521184788423,1455.23033193127,1302.15711339474
ANKRD36BP1,4.53874603866304,490.772187403514,5.48563542032078,232.098224552775,2367.01253068602
UBE2E3,1670.64186440857,359.850858101833,350.215991181429,382.07197835488,513.903549678448
LRP8,776.47577774729,1113.82475906409,2134.50600468045,75.9047113284287,811.640768676108
FBXL19,1772.52422331969,870.597311952319,2664.00402074874,725.081771300438,671.205884557298
NME1,2323.49839020064,519.30522835304,1037.60264453931,612.62908359011,5.53458388561194e-07
BRE,1544.66183034178,1321.4341491148,376.826454171122,564.210275951248,264.441160116531
AGPAT2,1641.55878626217,742.938609012262,2000.19726354608,1261.9819916583,469.459434787928
FOXRED2,397.727713584288,691.802917879009,2099.94294089101,507.082888420415,724.822674426535
STX3,329.916309687128,1173.49226300258,560.473701182066,140.679118980272,1066.86646331241
CWF19L2,542.618315826564,664.636855604263,48.9862623592611,1366.05676022327,1346.0667947844
CCDC125,90.2339484861563,815.45862983232,29.0256057141623,540.98092053531,849.473871103376
OSBPL1A,1109.22870445273,548.598136307216,287.472757441985,1457.90533610291,950.869406544893
FAM126A,26.2627509204253,686.70247725349,0.0293473185003267,36.226254632919,1886.07859177803
PCYOX1L,1558.71637864207,1573.34238973342,825.291641882432,466.384003397935,16.9158662032837
KLF16,1925.72797579712,310.463839724686,2396.23080949317,810.997775217829,142.55015203503
ARL8A,1429.77725816426,974.113571455037,971.03598102902,2496.07250846879,587.282692783381
KATNB1,1374.39796907176,224.622647423627,2088.65430654191,1300.17159915013,0.00250115418773684
PARP12,549.924231884162,73.1905755229106,389.91087804745,414.687852452122,1999.71480694989
EAF2,1012.51838000724,2314.22179305028,94.7242108236876,640.030060677036,651.693341048518
INCENP,663.202373555689,1562.32362223028,1125.84383169397,275.459281985082,808.271027606522
DDAH2,1467.92963626561,1.14121587722631,1532.48579920074,1550.96425873027,1262.76865034469
CLSPN,292.365820962138,1963.64664388209,3.94570494876882,41.4804249826815,830.797405855408
EPHB6,866.908962523295,590.98546561202,1114.80094680503,1370.5871207936,1057.22752114471
ZMAT2,1063.18246481417,1134.00885760162,0.00135259816919871,1756.58300696682,903.407885644917
ALG3,1588.36221752717,945.906708050949,2272.01435435564,1188.88914390528,0.00161004386705558
C8orf83,0.210544087175688,1073.71872707015,0.00480644384783299,777.562843444885,201.592640524191
ABCD3,66.4720830164711,1163.37996481523,945.876968709077,174.99046957451,871.667638353243
FEM1C,427.309460486204,797.329630019276,9.05567317220471e-05,1061.17514712523,2096.44829596
BRF1,906.363870882487,717.601203399444,2793.44326441414,799.666571973961,1131.75831556124
PGM1,690.280002667156,1479.16941704629,829.130537316664,1689.83939049807,2.35970947360414
KCNN4,1067.17257901488,632.228525123755,1794.66111497877,1551.8917199982,91.3703272606597
MRPL4,2058.98773249104,594.206741252075,1729.20568891569,723.921718144753,2.74176832074037e-08
FUCA2,719.200602385958,2145.5478038835,54.0447452493513,1442.80036172777,0.00126179254143741
TBC1D24,510.530174945949,557.779665538701,2216.57123637888,2009.51542657548,486.201167028865
SIVA1,2170.77497478665,518.989101070093,1393.87914628023,1918.78467134976,499.681135817527
MAPK3,1255.05102708577,1078.27002607292,2271.55833899617,949.338679456762,560.027241237426
RTEL1,1583.41991132834,832.662003033781,2045.88754937032,1423.74111023588,154.777766720967
FEM1A,1867.27604231924,830.172989321849,1259.44013700061,578.083045693994,38.8305747115768
ZCCHC7,1358.59449673143,374.617210839107,144.955697920784,150.47596027621,2434.36312137698
CG030,20.7711433779291,741.641062783781,253.906428817081,981.259115982998,2419.08841236033
CRTC1,1179.1629031426,792.671047482787,2685.45618447708,640.974124265137,623.977409369503
ZNRF2,239.459413668809,1059.03271770979,2.14457398877618e-05,718.116952374269,2166.44097290283
IFRD1,1414.40401230896,509.980931494347,4.65601523238551,722.64812544951,582.903894612134
ZHX3,673.516279585989,1113.91483554991,972.092358716554,1.19777295224289,2487.43192806074
CPT1B,1291.1563983363,460.538931294685,1667.65339436258,1723.65198351441,721.103762415706
?|8225,1465.7877655346,608.730614419719,2425.68324415016,1364.33320630585,514.057773460357
KLHL5,12.5533433980258,239.234265707778,48.8995804813701,6.97569850760683,1791.56945500891
PWP2,1204.54111145765,197.624983533531,1394.88968446633,532.059765375647,4.04890899625107
KIAA1539,537.488899601931,681.755255192172,1324.95424303186,1763.38372042267,158.126209441054
IPO4,2177.16581856752,379.466395307488,1938.24495927672,558.46711616977,0.483546734000088
FAH,1397.10595921111,519.336929727231,1129.18364894144,1314.84576489064,1.30489071306074e-05
CEP152,164.822441920926,1091.05145508493,0.0166521948020305,264.851682520546,1734.78601016815
ZNF708,0.00238021922834224,124.538054482031,186.002820815393,714.173404542723,1012.90290350146
C14orf49,475.736375868726,999.060843892196,1132.14437793146,1489.5001677762,1646.32067394871
TRMT2A,1621.75858650702,756.361501680246,2423.82624622971,1068.59963993223,12.3756893425186
SGPL1,325.995398569227,1513.62378454803,771.230096021502,11.7012951406249,1273.97233669735
RFTN1,615.316415220695,394.548808617458,1636.80337136111,396.555832437582,1541.14441362393
JMJD7-PLA2G4B,1219.1231059533,710.684528545378,1875.03632815508,2456.96519686546,575.601378681656
UBL3,113.552061111542,1060.4032661571,13.771613700429,62.8961412967494,2422.30136335617
FASTK,1916.80037559849,845.477255225071,1539.93153368585,1803.50124381666,251.936860158244
CDK10,1956.01517113499,602.60616855114,2152.74110984048,1060.8658085086,355.760664805407
RNPC3,390.540096826705,448.945111927638,693.553266309447,711.394066631581,1996.0857821976
TOLLIP,902.635682694224,1453.79259437651,2076.59339035246,1182.00572121739,170.907844308951
JMJD8,1714.23540137667,941.184668542761,1993.21983592233,1779.20651303938,0.841666837244342
SLC27A1,1492.05415178845,837.828420499276,1795.24581319363,1154.07169443874,674.1594218966
RAP2A,157.191246963395,153.377955902322,204.037200187224,494.932402805533,1811.22937238125
GOLIM4,267.440641185505,709.378643136952,635.987149166875,53.2733448269634,906.594825699041
RNF26,1094.61601756944,1084.37235055772,1878.92564019715,426.158853445462,540.148916263723
APRT,2294.12025565396,587.558162190019,1264.79333874524,1598.39530408976,0.0342977390988489
POLR3H,1301.97851961341,571.186575085336,2568.22824428396,742.715097966542,168.022660568869
NCRNA00182,0.49924544142407,119.231968042035,106.867386480155,1291.565296006,2135.89713864583
TMEM201,1798.77147709324,170.059558405244,2386.10647219318,274.627689480194,126.181129014309
CLCN3,66.3698624135185,684.276957111433,398.229339736615,2.18512168629839e-05,1392.80018311205
STK17A,483.619440828689,415.935703545092,1.96618938196002,1289.62576134653,1285.38988039932
GDAP2,0.00484923840748318,991.50259109727,431.548785341008,383.411744197181,1391.81090402475
NUDT4,272.217127002079,634.4277391675,9.5699529967193,547.767529305461,982.232888182108
REL,0.0452146842635442,718.897889527401,891.258182406214,115.847559489945,1576.10436874743
NDUFA13,2490.51703436823,958.805207815535,1103.10014860058,1697.66121747447,15.304156710863
PLCB3,1185.5133845416,780.452875213497,2034.55450981998,414.164788260761,128.939731532232
FEN1,1070.59573641196,1339.62716098677,1245.75189093845,47.4926247661715,366.753566188287
MPST,1412.702371473,713.664806830089,1748.37325122005,1929.43572215174,0.27597966526095
ARMC6,1482.56365806844,604.027829209775,2110.51391044284,389.343873208946,0.566193971887716
PSMB10,2528.78428132065,915.193683394235,1193.91337186188,489.830043352284,516.654656183714
DHX34,1147.3646075055,751.023185549041,2560.50732405911,462.56789113446,139.934065181016
PLEKHF2,40.1622874047942,934.677245726934,260.571918704688,383.693510474768,1192.52996535682
UNG,1405.98672944434,489.377160242163,1070.32662661212,73.7181280887368,121.320972388522
OSGIN2,0.175948950314562,849.959688468856,86.6039409962379,506.90495254773,699.773862654756
ARSB,713.849753910467,1648.03935534766,59.4215570898851,1190.27722289294,389.301796048896
ERF,1716.39556999035,259.446002753674,2469.00993591193,943.203898037203,273.410678833011
DPP3,1799.02534951109,1058.60005755588,1872.73665192945,953.755108434373,0.0289736740555554
SYNJ1,0.0474914572769592,1069.4770348199,946.008584876721,549.860113900712,1194.9469217726
ECHS1,2453.75753382512,1117.89476329909,930.453789349133,516.73715953972,0.00495227335851968
MAST2,686.793636268617,1343.48783012133,2318.49197589772,924.179918410319,708.503495845342
ZC3H6,140.092060702727,628.7750362837,5.43149016211409,618.397320016777,1583.46727415281
KIAA0415,1727.57749500863,1120.15059109427,1771.97320023569,1796.43503559767,238.254220963811
CYTH2,1811.99692662819,245.546980331457,1454.14251194063,1833.64397128311,1007.39319531617
DNAJB11,1466.80766748417,1018.97954890799,83.6356637285732,1780.89101507698,321.662014137912
ZNF100,0.0262479660104876,546.841634910617,36.6401659143748,619.107982808052,1258.87889437339
RNF141,4.14292149569621,1110.82489180765,149.269110972986,537.569997749022,1279.74150785021
RNF166,1257.11235016308,1260.81202614766,1098.46418209638,1113.29130468144,392.224701135729
FAM73B,1537.97658704714,861.772501921473,1680.00938730171,1779.82758981203,131.742402156692
CTNNBIP1,1051.83894622711,555.141357757045,1545.79176384764,1806.71275895892,804.934237780446
MRPL16,1207.72210805267,134.744872291531,1533.32135435695,68.7021723852861,735.79327972731
BSCL2,1350.04932137726,446.840032703331,1144.84304020364,2152.66695487994,518.170781821525
LIMK1,1364.37206950713,1682.4123047005,1287.69037777223,650.341157858609,50.7189026828113
RPS27L,1459.84120635678,1611.59772400598,14.8047741006895,662.645052352725,250.282331258462
DEF8,912.959655236678,691.810473242362,1330.60486959565,1042.23178588509,423.712929378569
SSH3,1275.04561781987,1150.68194129638,1410.25071486888,1472.14052450493,55.6410790872767
ERI1,3.03365759161071,1111.43169517275,519.41148696049,215.167277644802,212.712877273109
C11orf57,450.756561862535,518.580860703281,519.574790242299,796.686316994346,953.256032242745
TAF10,1889.7896883184,1134.90070173954,1364.1972859243,1480.35799669873,5.37506657158558
CDKN1B,110.693928499481,903.713561331653,516.267190465009,359.582263404306,1427.32571175309
PHTF2,192.069958167868,889.477785694975,2.01211449631527,192.27858561105,1957.43599504132
BLM,113.187337799978,1637.58254435334,176.38367397786,361.78278329751,953.62107663086
ELK3,0.0754230819910174,938.354147080302,1547.25667616841,1.32162222437151e-05,1466.44950320565
PRDX5,1283.19866368643,1394.91465241401,1418.09221303639,1667.41554354707,34.5583522786905
FAM117B,601.654891254969,318.54243739293,12.4805098654683,0.990880992918967,1158.86354367307
DPH1,1787.99320346712,120.464989392321,2096.69436726153,1148.5863510274,496.206027034289
C19orf66,1307.81441443759,115.147048506339,2181.8390472129,587.735894547717,963.040418904199
ZFAND1,723.421270464461,394.248099764364,20.2997041477895,386.492408061543,498.95935100874
CUTA,1750.50561439267,488.482701644634,2027.77040078852,1706.58295944529,33.418318819307
NDUFS5,1668.17357547999,630.052648597576,709.044263691446,1996.36169703774,1.7158364567926
HAUS4,1601.52463819269,1397.21750949701,198.49516252394,228.773518855034,125.498682265922
SYT11,275.528637593321,879.469455406258,986.582488460483,406.250069507515,1369.40928489721
RRM2B,17.9626498536554,1173.18015726337,17.1022751720573,155.78643910144,1221.11815232493
PPP2R1B,315.694962873792,1128.72780638542,935.518140290289,0.015074355719243,1197.65360419788
FCHO1,1210.64309038829,959.08742422253,1939.64305684386,868.462776372644,406.889012180653
MFAP3,2.38766478664086,884.05183484033,145.497534485376,175.104274373721,606.400609072484
ZNF561,128.736230198339,666.467099102203,209.265954006718,329.776358979831,562.00698862109
ACAA1,2363.94249677639,858.339185721034,1152.01448493309,1321.97035513842,3.59114854291504
AKAP1,1270.38349470111,1129.70551719645,1503.24080248262,706.603655385396,484.141016404286
STK11IP,1634.04989435774,1193.83241718407,1972.41106072524,1119.5417889439,420.486151304777
PHF1,1664.13352868621,235.168521371597,1699.47770566318,1878.5153483049,645.826955189979
CLK4,204.251480601242,546.17123801581,543.87281997461,1044.95144617123,1791.20182989719
ACSS2,828.559567450586,1505.58313453201,924.980089631747,1074.48042443767,1302.53643637396
ZCCHC2,551.08539144611,1106.46058241471,1262.71285115235,327.168590000643,795.696353381048
CYB5R4,738.185404580311,1083.79910598803,0.35394621796405,22.2575083063653,529.509087318461
SLC35B4,536.45074970188,1663.45517486111,105.743471733188,846.860748758763,510.134578113481
IFT27,645.172004914758,558.487588422508,1229.44197238007,1506.73689428863,885.254925629465
LRRC37A2,201.888270462419,780.88282395205,648.398504461431,595.251722600549,1706.15225768288
GPS2,2025.22046756958,896.261989228303,1511.60607468211,1232.97919814961,312.783416546526
CSPP1,230.769749010894,507.890322459385,449.466625076435,1466.33685860811,769.488560123601
MTHFD1L,1161.99157146747,3.0916384726821,1121.55923384015,732.865354521555,529.87543452935
MALT1,141.160797479365,1351.4562533888,91.155146745257,26.5578694252964,1412.00640398053
GNG5,871.739794303137,1798.89478205231,555.483223142844,1891.79158198294,334.201375999161
ZNF320,7.54588390802132,6.5632190390448,565.588183561483,712.136299579677,1340.12044982629
NCK2,914.037096575221,261.873158662893,2044.03343399627,891.483440801844,1203.72061364027
PPP5C,1780.40170020623,540.422039178717,2262.01763877959,570.653301921187,372.158328749069
CDK11A,1533.16036207264,930.010441631222,1442.47034071125,1071.65493864981,667.606015210694
ZNF121,0.071042786644856,132.000326515289,749.834341510447,331.040166443311,1101.27725507674
PTBP2,534.113470133906,664.275625859347,211.514984967692,1683.69000624423,1514.54623954669
NPC1,724.164815210086,736.308458732009,784.340455261184,433.172541937955,2220.0158406184
MTMR2,159.981696856797,247.097252671899,578.567077735825,453.138284782923,1249.52757592714
PANK3,0.150870564118928,568.803279551577,485.373204512037,264.11587934725,1969.1272111635
CBX4,1482.37169851196,1015.46371768283,1002.33848371145,2032.27817775912,601.228460825065
ATPIF1,1230.09458522314,922.364647686793,1693.7499939956,856.825034659762,83.808645557258
SUZ12P,527.901965895969,280.640335961596,0.0389268643679434,809.786247929936,1373.71582184222
COMMD9,1642.55280289784,1269.31970817252,787.463772857755,1277.1755110437,138.728783432796
RNASE2,8295.29057589298,33884.12648489,9.49836023490657e-08,30498.0253868896,2.50538623362728e-14
HBG1,2.05892957027039e-15,1.02045500513522e-15,2.03554185506659e-12,0.223437503936908,0.00961358193758927
CST7,6.74424087267904e-13,342.115760459147,747.170824043315,51781.4063984305,11.0427046384366
HLA-DPA1,30756.6435777994,0.00032340170297258,33.8516685591554,6.14188163943638e-16,21495.4010166474
LRP1,0.000314306119275679,4126.35232061566,50.5864899505101,1.68033304213096e-13,1.02924378718144e-07
CA1,1485.59240178554,95.5328837656412,0.00158253369361858,1253.30842207783,0.00799769145676049
DNTT,3655.41705702208,7.15490173330211e-16,6.84700581853904e-15,4.45509378068902e-20,40572.9860813906
CXCR4,15311.5168552751,14868.252532659,1462.37054963001,9385.90204750124,28420.6438879873
KIT,250.789994199048,3.16271999407129e-13,8337.32027500221,1486.77262250337,5040.64177866896
NRIP1,8.33691881310799e-15,216.800324777245,7351.95448543565,5.81554005504753e-16,18318.8687780969
BZRAP1,4.66051798162124e-08,3125.7441808609,6814.53375383592,19466.8738302345,6894.00258596578
SLC4A1,2205.01265749713,1857.16261034886,0.122633961255019,4343.22085223703,11221.2298278243
F13A1,1815.58400820776,9.3475707608503,2.5023146507693e-11,7945.20218769189,15986.4820627212
CLEC11A,15890.4252837052,4546.10575917554,4329.15188957149,24875.7506823593,2.20320092680784e-14
RPL37A,35376.0454867302,441.416078350963,4570.15980828892,17254.0437940386,3011.76477983445
CFD,4311.33227828238,8599.23121949891,459.86143058644,35035.1930746457,7.43639340601598e-15
FLNB,15331.311824025,1017.16471033003,193.756131207772,3.84258373165785e-15,34953.3807190983
CD36,1002.60940421521,10006.4355879763,4.0190536763845e-13,6.16704469839209e-15,4720.67167563085
C10orf54,5559.99940467357,28777.4891092171,12253.2286922149,0.593651897719529,48.6204211099246
JUNB,9712.46847896471,3278.51251277731,16610.1770053901,26.9431535064981,9.8215441507839e-08
SLC38A1,98.1105387402587,137.757039067169,4294.08928971523,2.37916131026294e-13,38840.4083530469
SAMHD1,4921.30570496833,14881.4166587852,0.00171571238536725,1.87164377094835e-09,2.6343009102458e-05
CECR1,6912.71536572755,19282.9343192147,2776.87245101433,3144.56663507432,5900.7086082668
IQGAP1,183.291341453257,19072.3000291239,580.613147304191,2638.88963543178,12512.0191958214
SPTBN1,0.00315471339728942,1.002382187433e-06,12032.8736875907,4686.3662479899,22739.6247990993
BAHCC1,12718.8051617087,9071.8073728482,7534.76014019416,10819.1054568782,44.2706165954204
ZFP36,10552.8832760404,7032.35680493711,15428.3260499498,10.4961353480698,310.809287589835
FLT3,6943.76747120281,13772.3423453439,3398.24817230037,481.168427178935,27638.6887550256
EVI2B,3291.96774646198,18159.5095636148,5.60327090096239e-06,4203.19496826721,6428.7356777165
DMXL2,2.62727923995222e-10,15124.661483139,2.98374271247794,21249.5236459999,9.51646873285392
SOX4,15853.4137101045,1.66549670673448e-14,7.94756440759783,3251.7825407313,11184.1190799523
NUCB2,9074.65740319428,6657.2493723201,2.04989949109928e-05,26745.2459445822,2250.42284044332
TTC3,4535.3009253903,89.1343175553009,1113.47262973402,6132.06298368496,27737.923081355
RPL31,24546.7531164588,625.432804865943,1032.02384457327,14377.871869012,142.677806808173
TXNDC5,4363.91160071715,5131.4838295493,5282.50677791069,14114.9362199196,3347.47611327575
MKI67,28.649302213052,17896.0691117932,2.54516728860331,42.3303762413936,13090.2301284048
ZYX,12170.4095081514,18764.3464302877,17711.9610934009,14267.7881988189,44.3099023306023
TMEM123,2.27459784114557,5015.28835562165,7962.06291907701,3282.53104899823,12039.6639771132
RPL37,22248.4011306183,1305.96356684968,5541.02761954371,16489.3835869248,1469.92597294359
CTSA,7453.28417576886,16337.2923527364,10619.3379548283,20937.5735923879,1.45893336334805e-07
MYADM,15594.1253670802,16377.6662552664,14217.6217239483,8499.05203139311,3574.49134643207
CCND2,6.02607100066041,5.00688433335368e-13,7208.79008535634,13294.1476921209,16472.9860025058
DENND3,1082.61390637161,3687.92417591906,11338.5942751159,11810.3528720253,9499.22966261271
NOTCH2,205.401319632489,8159.74651539041,6207.92862509111,291.53540493291,8029.71573687513
ITGAL,7640.34739021293,13453.095809109,14035.3385458659,0.322500949205985,5921.2447980877
MED13L,59.1653309852375,7384.16946998053,7181.39127105246,9326.32749221044,31226.6771065549
ANKRD28,2275.21974545113,3763.99516488382,3622.73579496963,15990.9988092824,16062.8955868682
ZEB2,3670.43943334639,12112.5525377098,116.864321551241,3064.08280580858,13670.1018466558
RPL17,22836.0051423341,99.9988362848222,321.699185809686,11561.6732200332,2049.76798931055
PLXNB2,11197.5884806241,11455.0048444748,18060.1191894309,1.39046565041619e-06,5344.21523734605
CTSB,5741.31759477587,18285.0477674912,5363.2726677004,6311.79694024389,4021.29554845971
RPS17,22710.5503781161,1709.26795992563,7327.665179765,13118.859999161,25.5988926229441
EIF1,23436.7003488803,4139.57662361619,2529.55248344704,15110.3893720002,6923.34696039807
SH3BGRL3,13022.4276600313,9305.28237096295,19809.2918502679,6798.73992039031,0.554308525530997
HLA-E,12583.4092193329,6271.3729556642,15966.4887558118,2690.32022301474,11335.8651719097
XBP1,8846.25194489868,8561.56257796354,8095.89685345748,16742.3553271623,3819.01999196579
RPL12,26327.545337955,2615.82809098484,6328.9725479999,14663.8229866081,577.693814526817
CD97,7753.74703417246,11810.3445102623,15476.3104579012,7784.14222510671,1225.28114355041
RPL29,27733.0508765379,1026.06091817122,10766.1490083919,15020.3671855924,104.438779456202
RAB11FIP1,7052.58957175124,14092.9908631382,782.06035865105,6233.18571222262,4177.16294802911
RPS27A,19996.043797575,717.225859949529,374.448947370895,15196.5712053119,3214.25062803099
GLIPR1,3008.49205674571,12004.5579091695,868.519951869045,3233.51939026472,8769.68776495291
MAN2B1,14448.730068706,14001.8160616163,7375.75944122013,9877.87010764882,2.38409255655728e-06
ZMIZ1,3661.68324522864,2090.98168691068,20712.2791703973,0.102054679456562,15165.6932734147
RPL18,24360.7109467117,759.523529278722,12492.9009927518,13858.709746752,3.05332698052572
RPS19,22007.2874509753,1151.29146343955,12869.6479035901,11461.9083733755,1060.87377703818
ATP2B4,1.9022339032084,9488.44071971656,6595.39413380122,8581.74321562735,15414.0365580702
RAC2,11130.9086227209,14019.7215542443,22274.8892999511,5385.88669525146,3460.49359630525
TMSB10,10663.1296090886,6131.50862132047,2845.22859624362,20857.6421261916,4512.15299715707
AKAP13,1534.29302857224,8750.13719240813,4700.03548892283,2306.3956013194,16381.9332482998
SERPINB1,7536.48133274133,6115.69938554674,1665.16680110145,15863.1085917932,538.033770518259
LOC100271836,178.837590538615,2435.0429865419,6346.90375970186,11034.0969405439,18841.2781082399
RPS13,21648.8990414149,3303.90914470082,647.245692549028,13178.153565087,3240.86167627254
RPL23,19974.7032431025,2924.02990072071,2783.06667923346,13487.9593316248,5481.14565606473
RPLP2,21240.9910518854,1929.04226220135,12610.4034069625,16155.7049123147,403.212576938344
RPL41,19756.0338652966,2684.32879694503,14048.1082352145,17041.6719988547,843.591916033614
RPL34,14905.9474511181,719.724139668183,421.204807252389,16892.3520124186,3890.54810785274
MYCBP2,1.26525639566737,8850.48285032006,6935.08271049746,2263.96086411908,21490.4274321448
GPX1,16024.5582901438,8185.32724966077,12480.6339679511,4054.54043144383,0.0664928268677937
PARVG,10329.7653928904,11523.8615346592,16032.6920475628,12463.4552418083,5469.96293642587
ESYT2,3305.57144098183,10750.0984257019,2140.77100684282,4479.46798540369,13645.1522384466
VPS13C,14.0192916942036,1886.73333575915,107.773880931026,4845.60085628453,22410.9045515053
NPM1,20581.2727216307,528.165066715878,21.0282799726479,7264.44170813032,3477.1004919465
IRAK3,0.392240115713279,13114.4770716398,1178.44910333645,11357.8026762768,5344.95334279001
MAPK8IP3,11710.2819735805,86.4425549052826,13553.8408411738,6818.00849854627,13429.1819321957
PLXND1,6165.23491610147,10.8504870167137,15255.0293261934,9944.83007387609,11122.8258462842
TNRC18,14062.2714079913,2683.29084033177,14636.2465575456,14822.7328930466,5939.42656348783
ETV6,8491.87646020353,156.317813673914,623.745744642892,10338.8860606342,19413.0574421953
PRKCB,4129.95762198742,12831.8716833424,5157.69840059966,1915.9129759288,18581.8235000563
ITGA5,3506.12618337869,5636.75509953595,15019.5410674303,16882.6402763659,899.17896501387
MLL3,22.1606035371543,5904.97379439371,383.15402882987,5388.96692764072,18110.294428911
POLR2A,10894.1294185746,6719.40543994,9388.07020818911,7393.28866002753,4049.54724396227
NUMA1,11699.5992383866,4286.36565060273,18329.8153461002,6861.33623545233,11470.0736916634
PLCB2,8375.00919444347,7156.65956494782,17838.9169138475,1598.71765430086,196.696460141157
RPL6,24321.3558112486,2055.31589280592,1670.18531365741,12984.7145487413,1372.83213313503
UBB,18245.7700864763,3608.02881526956,10911.628488987,15935.5751345343,7901.29662676386
MYO1F,6389.81582965294,13159.7555227139,11206.8773573499,6528.39330826653,806.970294761203
LDHB,17134.5635955592,342.625930754321,112.189394333469,5651.37135976149,2.72923852507201
PLEK,7009.46329002137,11442.5704526665,5239.50556243526,14404.426171317,243.55687958192
CCNL1,9113.91195725928,3443.49566203841,465.671642394738,10538.0970742764,12985.2361501015
YWHAB,6412.31339655764,17976.6252095657,185.415329118973,5602.43798216889,5370.23821372682
RPL27,17996.752880094,3936.21293947577,1622.25162993593,13606.9290437516,6814.77212925052
ACTN4,14146.6284453168,14809.530861645,18275.3141046794,11437.5543335937,684.239361329163
MYO18A,13785.1457245822,37.2159577232342,7950.47142745468,823.728249082045,12953.6572317692
CPT1A,5521.8953123653,2979.87952287776,13192.8867730711,23.5747381896358,8597.02740634688
RPSAP58,22417.5521180011,1589.65825714253,5428.5124726385,7758.08777432138,1320.96298255555
IRF2BP2,11837.3961665763,12759.6911909287,7653.57882296253,10749.2422382176,6364.21208863629
MDM4,2876.65179470752,4707.71556430817,2348.4445852965,7560.61072676501,25571.695010297
DOCK8,3417.73196699844,13681.411028878,7692.09621978688,1133.09558364684,15042.3104337373
CELF2,3595.88005508411,7421.18957656435,11086.5549314445,7122.19948047944,18738.5335326113
CYP27C1,1.74919487812989e-15,1.01046894968912e-14,8.76817074022151,6.93512940962428e-14,0.0344366505655772
UGT2A1,0.179007321312665,9.85225002645318e-20,29.5889650883748,0.799515929565561,15.3889079677493
CGN,8.98384055109758e-20,4.05358514700525e-18,7.04453507109461,1.20021579289684e-19,77.8577186943324
SEPT3,0.00016273150962348,28.8147370406905,1.08974608525143e-05,2.72782614048766e-14,94.0182372353012
DACT3,130.89500324915,1.65175923160031e-10,2.63848704990873e-15,9.98184654493202e-22,1.59431341873589
UTS2,14.5016797131093,1.0009967941479,1.9182894438019e-14,1.17951872860163e-13,8.52913948872762
GALNT5,6.60813924109679e-07,4.25255978435027e-17,1.19985935125947e-10,7.5771421349515e-17,12.4132555329132
C6orf138,3.10059481340605e-18,1.19528322951623e-30,35.608811707806,2.2192928775155e-16,3.22751129822525e-13
PCDHB9,2.56988313309283e-19,7.95616750465001e-19,5.90304943115288e-16,1.29134034231379e-15,43.6702628144956
DLL3,14.4050595136985,6.65683575610004e-24,9.80060933492957e-15,76.5440302023595,8.07907267898987
SOBP,52.8188374987714,64.114181240938,8.22307548369792e-14,2.67930607175832e-16,1.76516276241694e-14
KCNJ8,4.24281198071679e-18,1.83427956271518e-20,1.25279661120582e-19,4.71018252016953e-15,3.63565170425581e-19
NEK10,67.5476262594118,4.55915118009019e-19,4.35004901780336e-08,0.366821143762191,5.98122057324868e-06
GSG1L,4.20611482048395e-19,3.45123022886407e-12,1.13010944381728e-13,80.7799072617275,1.24586005290904e-14
LZTS1,3.6495352562778e-13,5.32369239796624e-06,3.47386954129465e-12,7.40685283748373,46.2433383841609
LPIN3,64.3195589199238,19.7669531477636,9.78941952084143e-14,2.8562977193511e-19,1.87450718221472e-14
VEGFC,0.0028624427226565,1.50248798145318e-12,8.2675859066263e-12,8.462906980657e-12,1.40475328565966e-11
MYT1L,5.86136457820837e-16,4.7280134969813e-22,1.72400397080532e-10,180.268737014699,41.6933203631243
TDRD12,21.2669054541547,1.98847437955592e-31,1.58256067411596e-05,1.56685099792308e-13,4.55842234919457e-13
DBX2,6.10628603651924e-30,1.35323412199668e-52,3.41442507373141e-32,5.68754277525416e-54,1.67805753715745e-38
BMPR1B,7.42570419469756e-13,38.538519450411,9.81727027263495e-12,2.01770277798954e-15,4.19061020572508
GATA5,5.69078204387737e-15,6.77250891227857e-15,5.28039038327653e-20,1.07436015811771e-24,4.30085940084991e-27
ANKRD55,155.643739085494,1.03814320387081,1.8545248395417e-09,4.87715120626226e-17,1.60506777818259e-10
LEPREL1,34.9877416177487,1.99237503487062e-08,1.982487645993e-15,4.37369444941836e-14,137.795915493421
FLRT3,3.04547514730516e-13,1.28073056147486e-15,29.3581975224375,22.611020344196,45.5572711791776
TMEM45A,0.0205004327741412,1.79448738406055e-05,49.033223250044,0.312261911235941,1.98331858558093e-14
SPESP1,9.5195786896119,44.5080763980529,7.10075031453346e-06,101.959859663673,4.92552159565699e-13
CHN1,40.7786039446801,1.00138144166432e-15,11.0057408419868,1.96743494126716,63.0161663570251
IGSF11,3.62672537637676e-18,1.7284064886076e-21,1.38047705224055e-17,1.65184090794013e-21,17.7528083612875
KRT23,1.37462457748465,164.811013959837,8.37592324263478e-10,8.85344423788709e-07,1.96761417137152e-17
APOB,0.034316080473793,9.69395736267383,3.38917621958697e-10,2.05588920762618e-06,74.5906996226225
PTGER1,8.00763893069018e-12,1.1350254878806e-11,18.9081865560217,286.740029200767,3.1795196170959e-12
TBX3,0.098579237089796,11.6756929206414,42.8971862274447,19.881366257868,11.279261131069
KIR2DL4,1.2966260782352e-21,3.13664148161487e-17,69.7853246347505,9.83326075610134e-22,50.3130271154017
C3orf70,17.8991454672074,3.46848880555243e-15,8.56585302392792e-15,7.49996488604724e-13,0.000284150557575174
LEP,2.4728282181466e-17,2.0629594692135e-15,3.04062030022938e-17,285.474333702058,1.08262789911809e-17
GALNTL4,3.05218556354826e-17,9.71870423496513e-15,124.550277479262,2.86473745226628e-15,32.5671892184399
FAM5B,2.00517698406099e-19,4.66734336934631e-14,6.29692907267271e-11,212.367232411263,3.15067927510811e-27
ADAMTSL2,99.1371618908235,83.1753873504836,3.38291632692196e-15,3.48258028339514e-15,2.74306623536185e-17
GRID2IP,2.42897147429196e-15,4.85051558841209e-15,13.7660304343572,9.87569811044518,65.0140730733815
TSPAN15,17.316833696678,1.29108951519214e-19,30.6814377875465,3.08466203924298e-15,1.69930410909833e-08
SYDE2,0.00107187503616506,17.0997142355386,17.7587928114466,4.27845027864092e-10,69.1475126961928
C19orf33,1.48759204851243e-25,1.99692194551777e-27,46.8807567565653,1.13711954491591e-14,26.7852996522079
TSKU,7.1954519325718e-07,1.22137608185107e-14,29.0916730968291,8.37982364706529,44.9014113539722
KAZALD1,29.5834075714963,8.0805247418263e-17,24.6784253406873,7.12192325983632e-17,94.645710262833
ELOVL3,7.35530370351808e-15,165.133388117559,6.52268216296089e-14,64.0668829843732,3.59909994156626e-11
CREG2,0.00113189789657426,6.37688528040769e-18,1.05243755656813e-15,5.85619699470865e-20,215.381314949904
DUSP5P,53.8236795583429,62.9208819131613,10.1284738578905,3.46385223236675e-10,3.25144701163374e-14
UGT8,20.6789891172431,3.38810240704649e-17,47.5146682429742,7.3873058332882,8.69814795370359e-15
PVRL3,6.03717035796265e-20,7.70635149242543e-16,4.56680032261864e-17,1.61966837873922e-16,29.8093759531889
FAM75C1,27.8614087260371,3.00919009121748e-13,4.79915468360084e-13,0.003606364517577,6.2485913993093
TNR,1.82221296585739e-16,1.14576529391319e-09,14.8364335695557,2.30956319943022e-10,69.2394613973497
C1orf116,0.592989508415013,5.35967287201924e-12,6.22631092381159e-07,0.000174704644720196,2.32870571568908e-13
C1orf61,18.3806803165534,20.1080539601083,1.61844393500596e-14,5.26227974155666e-21,7.55080377254845e-16
RBP7,1.0548085138336e-13,0.231425353384051,3.06470175903665e-16,4.25567613698321,1.8321288060077e-15
ABLIM3,1.4439719979499e-13,0.102235826554784,16.3021304068394,97.4577474576804,30.2307801294016
ACOX2,1.05273618520129e-11,49.3512131446579,69.9014163024507,2.69565156684737e-14,21.6321425794594
DENND2C,0.521315438318811,1.9159829939198e-07,13.9475282838974,0.220078297504755,15.8158771646106
NCR1,5.03137465402669e-09,7.44409151981226e-10,34.1484312307524,5.6953762049844,52.8053061207025
IGLON5,13.383681189499,2.53674071071454e-16,37.1000200519932,86.0186820773977,9.22552254268728
PTPRH,50.8114075603479,1.79610126761823e-07,0.0472651887445016,5.56829686163647,5.58489522195331e-14
GABRA1,1.51853046065879e-30,6.75357792597619e-63,3.95359153457635e-33,1.00725352192971e-54,2.92049946308967e-50
PLA2G7,8.29509656215321e-13,5.50703643723659e-05,2.54051087405491e-12,1.05105313601991e-07,0.00834023759267673
NSUN7,0.445164562037946,43.5157437741594,17.7000716312645,29.091216898709,138.784291186924
BCL2L10,60.9170864507595,0.0501958705001415,12.704739552477,170.799960828501,3.21615400561168e-10
KRT13,4.53658833339677e-13,3.03024278436932e-21,1.48428203024047e-09,2.34480774758971e-16,1.23691655257358e-13
ESRP1,1.72002193584367e-24,3.24272531975708e-21,1.66458195018572e-21,1.01720009565068e-18,41.3635184452728
C10orf82,2.14101765346243e-16,2.54706063063539e-12,1.2979196555464e-29,2.65758690947992e-20,3.93536997224966e-44
SLIT3,1.5583203652151e-11,2.79123670461632e-14,21.7443366576726,16.5943689346997,6.78841170074155e-11
SEC14L5,19.2801080009796,4.47320789310587e-15,52.3037149366297,0.0011375962250662,21.4073228962132
NKD1,12.2310806612448,8.26187732641696e-06,43.901184010308,206.592937847797,0.127427809935102
EFEMP1,3.53032974421846,47.1587674611072,8.30458367111171e-12,9.54935094260599,37.0759212615731
TCL6,22.04983818981,11.3347523752688,8.27621457906604,57.4626075731556,151.162684629259
ABCC9,0.000774629824148946,0.00103564764057308,6.5679276851494e-14,13.1719075585486,8.42694589131825
SULT4A1,38.2790142848296,59.1501662742823,1.34094161206729e-13,2.36974127301546e-22,1.63892970430422e-20
BBOX1,3.77845305964689e-44,1.96383029454492e-34,39.7338853689285,1.29493684351323e-22,22.073288887359
MEIS3P1,39.4291333488523,52.0898564200081,4.72383323099497e-15,11.0944228029836,1.3989915928001e-11
PNMAL1,40.4071630887485,1.73173990289264e-06,15.1497144454506,50.5700167149463,1.45170041808893e-08
KLHL33,16.4289015544215,7.69322734236377e-07,138.443195455606,6.27568994694664e-14,43.2100977109341
KCNN3,0.000700272482443069,29.4568569483315,61.0417402432869,14.2322847707333,1.41508164635736
BVES,98.8288928185379,2.01496681202001e-07,2.02933456561313e-20,1.00187036869174e-23,120.21876954353
HHLA2,76.8656662312666,9.1890166559819e-05,9.22811892955976,1.6110407475275e-08,62.3460655101518
PENK,81.1857621590298,38.6001840318365,4.24468660545053e-34,4.77686526544421e-28,1.07414513508312e-13
DPY19L2P1,20.142032146746,2.07591849694078e-11,7.66671321619465e-14,20.8265405915901,0.0201707033885129
ADAMDEC1,0.000894709521501039,113.258712888528,9.51045004100164e-07,9.88299057077194e-13,2.34588316051895
LY6G6F,9.71102433040436e-07,1.88805932212419e-12,30.0522503115514,1.7456832039587,1.05837544085786e-13
CXCL10,0.00155649449707107,5.77495311222496e-12,36.6795114251464,3.54993301107255e-16,39.0487367528762
PRKG1,4.62086196674032,6.4030097187306e-22,4.73153547661919e-20,1.63914626541117e-21,125.860757197799
FBXO39,1.10328311129861e-12,1.15482222446847e-11,101.405007444195,78.9293823981083,56.4445083447969
EPGN,1.39945273093455e-12,4.29284404945966,69.0855177385897,1.37071548716578e-14,2.93246353076144
C16orf45,21.3020016708468,6.48390305482938,89.9178118795259,5.91667263241921e-12,40.1971378068709
TULP2,50.3827099518148,2.73046551035076e-19,2.52484294342635e-15,3.50556262070267e-11,70.7204257608563
EMP2,37.5360459336212,0.138330681534168,1.4554313249777e-05,15.6931737236777,45.436045809558
FEZ1,30.974829309871,123.966697557836,0.198429037596817,4.19795375844583e-14,1.33144161593207e-09
SNORA12,3.42842089643498e-16,27.638701008452,1.51150125508956e-16,21.7917177915967,21.5463518103203
CLEC2A,4.17011873890639e-16,40.3261842720625,3.72845350006264e-23,3.72714879703315e-25,39.7214289965899
LGI2,2.67434789862023,43.731635517411,3.44230713642284e-13,2.57674674585087,1.53717340352569e-15
ST8SIA1,5.7076238871299e-08,2.34015796074192e-15,1.56086980934954e-11,3.06403453766487e-12,0.928335516721456
ROPN1L,0.000173813874634312,79.1203020521936,0.145433440446097,222.878956962428,1.04430760330738e-07
ZNHIT2,51.0248554364151,19.2002233999754,106.089314415722,49.2974573196195,3.45915557628703e-16
WSCD1,74.2609919911518,71.849886638726,4.83911002252833e-23,1.43724727990567e-23,2.33347099766179e-14
CHI3L2,41.9087368232248,6.09034308536064,2.77711187048666e-07,15.2921951943097,95.5637084760172
COL19A1,2.71974458945988e-13,0.259165936091683,49.3076325144321,15.0857514754681,2.72569089011645
ARNT2,1.98321947221713e-13,0.182437711687595,7.43044962743308e-16,3.03218685559108e-20,80.5875262835368
RAPGEF4,1.77804109950681e-11,4.27212239447435e-15,34.6242203650854,3.99374380144903e-14,37.6726689340455
CCL18,1.76855784687169e-16,0.129786221886208,1.19865294015028e-13,4.50464620891526e-07,2.68226103301692e-15
SEMA6D,1.2136166266329,0.00298351880537824,0.0381587655834138,15.9406636281628,47.1253570260697
B4GALNT3,1.62472698701152e-12,0.895031292431194,6.53064694977406,6.48689731576555e-15,31.0753557018348
FAM81A,86.0782899976513,2.65085633796046,3.19481913397984e-13,9.78541717755649e-15,91.0903872033527
C15orf26,6.91583648437465e-18,7.83969355775119e-21,19.3579328752527,9.32763501867727e-15,3.75126098924106e-14
TMEM119,36.3204621818475,0.443380223333336,1.43807578696677,16.4349257977774,12.3753322229546
SEMA3F,77.6368172432592,37.136813138427,3.07493952594327e-14,1.44346917445733e-07,0.0145329630358413
PLEKHH2,0.527538832058121,0.0603102131501099,2.72168836638394e-12,1.75941848528425e-11,108.041297063211
SLC2A4,7.97251271299607,1.37612926045884e-12,84.5139112166881,5.82827708542785e-05,41.4193540025407
COL9A3,74.1283067654732,103.434369027595,0.114714234176104,13.9029018987877,2.99892591272399e-17
PPAPDC3,102.255588792315,48.3799310027517,20.7595688578812,5.7879945829923e-12,45.5311855051502
CLEC4G,47.5531272860345,99.5098235288327,7.76502457798758e-09,3.10707389764943e-11,25.9369672504369
FAM101A,1.4910160542281,1.49506872807477e-11,9.33532736719487,62.4619552022759,138.648627843656
TBX18,2.07762433100081e-15,6.95704634664259,27.3354227057143,8.41700485520211,4.99874305768622
CPEB1,1.39429389869782e-19,6.75769792285733e-20,3.11101869153452e-16,3.36078469145862e-15,3.0385740502586e-20
FERMT2,1.30563743409501,1.27748885769372e-11,5.8382036435711e-10,28.8635125665311,14.1895355744095
AMH,38.3756022022431,8.01542213253822,139.470180159808,36.0304718201184,19.6956230474
EFNB3,3.10685096451391e-16,1.99027873542103e-18,9.59207126778423e-13,58.2933794451006,72.0431120190751
KIR3DX1,83.4838197543325,79.4332256291761,0.00241976379064781,3.30055691385846e-19,28.5737038194721
EMCN,0.0661813020569258,1.70060928934698e-11,6.69627471305098,26.5641427387054,60.1576849756365
MGP,20.6943184932971,1.52846358573629e-08,0.00139347524920736,55.4631397999022,24.2969735172675
C8orf80,0.00246800432632028,19.2116417081099,42.8410729374501,14.165105285612,45.252120920634
SYT1,25.9902338092295,2.0648086821995e-15,43.138956979399,4.60074487783787,31.1944691098384
DOC2B,1.37228954903258e-10,1.09918453409084e-13,0.524029556409623,215.334389285911,1.9892426090807e-06
AKAP6,3.63790192357247e-13,2.03547870290903e-14,3.71485326598092,2.75461708455771e-14,55.7535120903219
PURG,1.44528207841238e-10,5.74230692500312e-17,7.79547916654177e-18,236.133171795959,12.1128273275257
PLEK2,5.13621968807481,20.3859464207602,1.89503562561,31.3020914278957,4.29642235524856e-08
CCL4L2,3.5467619583629e-09,1.03125410044361e-13,84.1987849110176,35.2160541831416,13.566238599713
ESYT3,0.0110528507345727,5.24369830815905e-09,4.55563136202153e-12,2.34872478759845e-15,79.9042134068048
SLC29A4,70.2983105057987,34.5434612728988,5.05452913980093e-09,103.500914873042,37.6133281547531
CCL14,0.0369665955293847,23.746727393725,3.24856253879523e-06,23.7821918942332,32.4486374346467
PCDHGA8,17.5930596137067,9.14029895428125e-05,3.03439433522757e-08,34.5678402370565,209.52246662566
RASL11A,93.0880066750247,42.410234177196,27.8130545862586,30.096321275787,6.15573913874288e-12
GUCY2D,83.3120758485961,0.966370421882758,7.30613886811417e-11,39.9864224377954,39.6935015545894
RTN4RL1,0.000762563608404791,1.67817529901051e-13,108.515487752697,32.9251318415411,19.8597866756684
HOXA11AS,18.3661659746146,80.9141978770403,3.72990376341963e-10,1.67174218061221e-20,1.60664248218198e-08
UNC5A,1.76817880570047e-05,100.252437069265,0.435625319151881,1.73301177406768e-14,11.9682730533554
ITPKA,63.3211426824716,9.49563725013141e-10,0.842726515705749,136.074888197643,5.28102546990054e-14
B3GAT1,2.03578443393754,6.3829447379462e-14,103.821767002175,0.503378457785102,65.8276738189844
ELTD1,3.06543687882116e-09,0.240143919016359,4.04575560869357e-14,18.0319999783688,0.145829014999872
ART4,0.000226696657112741,2.95577516156492e-09,2.36739219524887,0.478823229846619,12.1628718802631
SDK1,2.40528771487086e-10,1.04506143279777e-14,28.1137453421256,59.162099205815,80.5269335258488
LOC388588,5.90811112154175,8.2608631272804e-09,42.5133368091295,4.52680602014149,9.86032500191136e-16
GARNL3,63.1143553960334,1.86735010968448e-11,3.87020995174237,1.69780022626935e-14,139.305743182517
KLHL14,0.000149766051770009,19.0559992261877,29.9035938874997,2.80219210445793,4.78836465586339
POM121L10P,0.419992109619789,1.62206004426692e-13,64.8256683288873,36.068564809867,45.3337150001172
TUFT1,0.0505013210272705,1.6682251927908,38.5563936350684,0.00124824824531269,47.9856288707878
AMDHD1,30.5224460560471,9.76114263999563,1.71938688516176e-13,170.227445309232,7.93638515278538e-05
PDE8B,30.927144922614,0.0854926472612098,5.89518123840727,48.1816310520999,191.680483192609
RASL10B,0.0791979994724139,4.76885510238968e-10,9.12096574346458e-09,1.84844123981137e-13,87.011851864674
EPB41L1,0.0423323930390896,2.5290477743114,6.3716987296155e-13,28.6868438925458,124.548145445218
PID1,2.20814986652301,34.5268902052202,9.4148633393988,6.97559653367843e-06,0.782682757841533
LOC728875,35.1178656801253,28.4712240104285,53.6529207335867,239.19232288741,7.01107617496141e-05
DZIP1L,37.8987369969566,32.6283699724839,82.4882656562727,3.6769443317315e-14,36.4722925332304
ATG9B,85.6244640165834,11.7550563201167,101.65254403984,0.000242498295590689,98.8599186993701
LOC342346,6.73716573870202,3.73597546244944e-13,91.4182149590142,63.0411073952048,43.4093657480055
ANGPTL2,7.14332312647683,11.0534503368355,1.37112220222126e-05,31.5664437883159,93.0110611280156
FLT1,15.4938857937531,40.8601999097263,4.12957109133565,41.2996226160288,69.3297890957323
PHYHD1,39.9922037031527,3.11099130455494e-13,85.4910005542776,153.372396051597,1.62931765255755e-05
ISLR,20.7357081059635,3.07027697767867,1.98642242041697,0.00106624100234193,61.9395202779374
RASGRF1,22.8723947521362,1.57233165086905e-10,15.2684353593051,91.3964910384736,1.78617996945003e-12
KIAA1984,55.241768887285,7.1764688566163e-13,0.718656593224823,26.9104708678008,157.435344872944
SHE,9.19970046209436,22.0863844453678,26.3591196183672,36.788958555495,36.9526420145939
RIC3,20.7290913984448,0.00992948041535944,40.9441184128216,10.1370780254703,90.8965455850087
PITX1,201.813756156696,1.26803323912926e-15,85.2654882094862,3.71399075076182e-36,0.0002601861431635
HBE1,4.93982294536121e-15,7.81578757046864e-19,65.2223948890734,6.46491511394168e-27,1.03449190883041e-20
SCARA3,238.193187098952,3.20441814014606e-12,103.764933743941,7.40479291879606,1.83512470063952e-18
HOXB8,242.229986700972,296.790182779107,3.52495742180137e-21,3.08766653249181e-20,4.29465605166014e-49
LOX,6.14855349783429e-09,4.7149242261577e-07,6.47344909510874e-10,2.10212680316097e-14,348.662494043519
FAM84A,1.27360979871312e-12,4.62174766029631e-36,150.47898150549,1.52498835284441e-26,6.305913475093e-07
TMEM121,2.44558724808234e-13,1.54870626043673e-17,870.370014155917,1.0364965521938e-15,1.55081997739092e-16
CLEC9A,7.24667763629645e-17,2.71225667717545e-15,197.366888830016,2.16710953433037e-16,852.84615396072
LAMC3,197.645735706203,1.5408996337734e-27,3.13853615059086e-15,437.720379908601,7.1087113658491e-17
EVC,208.188847740465,4.68846355454678e-18,1.15079761129488e-11,5.06491471979236e-14,302.601838192635
CR2,6.34524833032234e-16,1.32804617101325e-21,1.21011755470205e-15,8.76772790126833e-17,1.17431275889751e-16
LRP4,180.962698742282,3.02956546412509e-13,7.53772583100571e-13,8.9031110679423e-08,1.19939814035244e-10
PRR16,0.000455901723499253,497.984372929098,7.70251223557416e-21,3.70376498739642e-17,0.522600448007625
IFIT1B,0.000139971208264212,2.61412765153577,61.7507167737261,171.816625021415,397.321945273889
PRKG2,6.50741025494202e-18,4.54636905026414e-23,131.137828629989,14.3939603809489,6.67767266203843e-07
SHISA9,1.42285336738687e-17,1.78278472060463e-24,137.520898832826,2.83718941596014e-25,133.643930866761
CLSTN2,37.4552873957222,5.41545074840113e-13,4.74704634154717e-08,4.80597448231709e-15,9.32514544703054
ARG1,2.43483498085293e-13,71.487185742533,1.03082315688886e-07,0.103510707268842,3.93311940804233e-05
STEAP4,1.10746881169589e-17,121.512989877466,6.8044388003482e-07,0.00359846130410792,0.0040867556120603
SHD,62.9205654879821,2.11387306755948e-15,2.33025331419832e-13,2.35789591371654e-13,567.439263035329
CD1C,243.295050020807,1.3674892963073e-12,140.228253948204,5.08066227755962e-15,1.97824711933691e-10
LCN10,293.085027789966,3.01037439283439e-18,3.49101637291076e-06,4.48765591959806e-18,731.879501360215
CLGN,4.22459281937689e-14,2.91070378453984e-14,1.17233302748303e-14,2.59083803122509e-14,230.807490343253
SVEP1,3.60902137945962e-11,8.44657131991347,51.2447107580327,7.78636413644154,212.759496066631
CAV2,1.84708754759036e-10,1.00732604287871e-14,4.40067459426568e-14,921.285886676915,1.40121405767283e-11
CILP2,2.89044573968069e-07,17.2756517531156,3.0596423868188e-13,1362.63925239144,0.116630120966876
DOCK3,2.89351198404187e-13,5.37210486295783e-12,169.369184251064,8.14740179040141e-10,3.19885139658588e-14
ABCA8,0.112648287776453,85.2629546721899,4.25536246746735e-11,3.81238530775658e-18,355.407540596775
LIFR,1.21823351982849,2.59923910481664e-12,1.84766237211485e-13,20.8379026078264,431.171115653688
SRGAP1,179.444782913622,651.150141874838,1.23409572289964e-13,1.6862145192656e-14,5.24415482817816e-09
ANXA8L2,7.11646911620492e-21,6.47443836032746e-13,9.87632463779423e-15,1078.52147214113,2.126878049368e-28
TCN1,8.57228334399874e-17,50.7490897337703,145.840781316277,12.9290457919014,2.77316486856193e-05
CNTNAP1,332.88300127757,333.958964148318,116.576046342209,4.94938346904005e-14,250.061971553985
FAT1,130.972976284116,330.087001466779,115.583297142817,8.32309454453873e-15,1.34485491996893e-05
ME1,0.000523092532849685,7.59706329267354e-11,15.1994480268904,336.210705331882,366.590386723099
RNF175,816.806473981304,352.154146803495,3.20482539813656e-14,2.4700047996763e-08,8.31118996845029e-12
VWDE,4.55804545693879e-17,3.72315134744164e-18,327.012370243457,1.41508591879242e-13,9.37781062378388
CDH11,7.34919655071059e-07,3.34991097940079e-14,91.699811917139,22.5594627269157,101.920590561202
PLCH1,8.28367028363373e-08,1.02480291077266e-16,189.035737408559,188.546105705323,199.902924983313
B4GALNT4,9.70496414135499e-24,7.36231544636106e-34,52.821932174293,2.45242830024677e-30,132.098142424082
CD19,449.16484762104,1.13575867256253e-16,218.066139559091,23.4956716779696,1.90902675458106e-07
EEF1A2,8.80504948841022e-15,1.39733693974912e-14,5.57554371769261e-14,4.24821449133048e-25,102.323700091884
HOXB5,376.500623169348,628.141713735959,181.579967522984,6.37619452559294e-16,3.1857604314439e-17
GREM1,329.444430024348,1.42375997944987e-20,0.000369126827241892,1.4875298250754e-17,396.999755782964
RTN1,7.10101781057405e-14,2.60877381604316e-13,1.78343415617117e-13,1.92572022257219e-19,5.93620818409947e-11
CAMP,2.28476331624312e-17,136.919785288438,4.00842874569196e-17,6.34190000924309e-08,3.31167751583412e-19
GYPB,74.9285184786091,26.6164433496662,3.92388358399203e-08,34.1315459702839,3.17367326322602
SLC8A3,2.1193018734221e-14,2.74229833203313e-16,530.137549984991,1.31311486891423e-18,181.592551159079
DNAJC5B,522.92665166961,3.93587234953515e-12,7.52770507132243e-34,6.10470602753736e-40,8.20447961211148e-14
FAM95B1,9.22368452405964e-15,2.50691806153715e-13,5.2104152407435e-10,1.59435329494312e-10,344.127004366822
ARTN,461.019310659974,691.999116740513,55.246987846744,226.517506427819,6.62695832945654e-15
KIAA1217,2.44216271082325e-13,28.9557744062822,79.0795379677275,367.443478544291,228.550484108758
GAD1,9.21174949100783e-19,3.21333515081583e-23,1.75512427346751e-15,2.9767599352567,4.69209785150907e-16
ST8SIA6,13.5511371571984,173.4409857298,270.694084492457,2.97567302794864e-16,0.0231077649372926
ZFPM2,0.0117786467043473,4.47720803943753e-25,212.666341513886,1.25396063330428e-18,69.4071410271553
CLEC14A,243.984787885193,1.37008962440859e-16,1.75651073332882e-09,1.23298411123415e-05,809.706995612344
LOC254559,379.356130252242,205.740489273242,14.3804641095314,835.100981557495,3.66335292574337
PLXNA2,0.046013712644492,91.2841351444106,276.06266540167,249.298651131976,41.3887989475693
ADCY2,7.98465536125406e-13,0.000366512771427742,17.825698794241,1.23726866401981e-15,3.37468476183971e-14
RELL2,942.521022188099,184.844434382521,48.4138239360591,6.13246878492821e-18,4.66891998765598
ID1,0.000451574985208026,1.50434646492191e-13,13.5611711171641,1131.18541235985,71.7943454430116
SHOX2,29.1284311970911,2.62769424033043e-26,7.99416866164418e-17,1.2872157974148e-16,3.62665018787737e-12
ONECUT2,239.415425978525,432.154147633257,2.70988971611051e-23,8.0352758240691e-37,3.93713326924538e-21
GRASP,62.657004588427,1.78118919165673e-09,5.16451719133005e-05,1402.5280794642,129.197313175253
TGM5,613.284968841724,4.43043709033848e-09,1.99080291374996e-22,0.573898475408424,2.12271529547175e-14
DUSP27,179.558284216224,2.89020683389848e-16,145.246803393044,3.61154586519943e-12,466.887615871256
TF,16.3426493114948,60.4089445200023,36.9292080192432,65.9181116580134,571.41545675224
KIAA1644,8.19745480271501e-31,4.28672567163914e-23,2.64241471240225e-23,3.41097323959267e-26,198.665754081253
COL20A1,1.51814256761791e-30,5.8420285700095e-72,7.70370022956269e-34,2.64538587735108e-49,9.44984287531577e-63
CHRNA6,3.23769824740639e-13,4.69360857281521e-15,7.29610104142319e-23,842.550414153891,1.63174018476555e-25
OLR1,1.1225876898025e-14,0.890176641624866,443.859574433198,2.15689404579424e-07,1.42632700444472e-16
SLITRK6,2.78171646343933e-24,4.60663470196567e-33,2.01898235607315e-20,4.28571437228177e-26,1.20306967708021e-16
NT5E,9.48563628241184,2.45343778840188e-14,73.8908931811794,1.45790348308231e-11,358.006981131376
KIF5C,1.0103996476319e-15,1.38577378435343,7.17412055097714e-15,1.0617776490335e-11,2.58368140543579e-10
EGF,0.0474061346376649,9.76093689709626e-18,187.575812925409,1.49195366447009e-12,761.031991465845
MYL4,23.3892810374481,7.51559607669695e-06,0.00585913805764117,8.54303413172178,3.52805470928858e-10
IRX1,3.98263626514152e-12,3.73449762471986e-20,3.12973694537673e-16,466.214557243974,4.70077620943742e-14
SIX3,9.01863482130774e-12,2.09891601019582e-22,1.06153799747398e-13,755.239700165047,8.30602901138105e-17
ITGB4,175.899547739554,6.59723914602504e-19,1.89845343531152e-11,154.447930425875,4.00439477317626e-13
KIAA0802,159.00536969479,1.35918813873529e-11,6.82120916873221e-12,1004.20756996632,1.57511104375355e-08
MAL,0.0154016916485797,7.46342628984327e-17,77.3263476032583,1.04935218711527e-13,7.90230415515727e-14
KCNJ15,3.88274061946157e-21,80.0997630116464,2.16741800809409e-09,0.276043417443359,2.47517400605217e-16
SIGLEC6,270.469183635563,0.0048225830010518,257.265550492505,8.373821407954e-13,41.8931359148533
NPTXR,3.41562839011037e-13,52.8501418144857,122.968606268198,95.392626098754,235.123787633916
FLJ22536,6.49369070020682,5.16919780217367e-16,1.13074541267754e-12,1.13663347410837e-12,957.796812766962
PLVAP,4.1707371607429,4.61628669045521e-12,204.457771282795,15.0969917300721,231.801776336362
SLC6A9,137.169722068297,20.7199469635983,253.108184708741,30.2777344358376,33.1213872612642
C7,4.64755134524656,2.38499917597744e-06,3.84523594111316e-13,1.6093932025445e-05,312.872469521045
C6orf25,0.000164283167172106,2.89361939428686e-17,665.227909446406,9.26657620453625e-10,1.43810429662337e-12
RSPH4A,8.50986119282959e-16,2.52040479366957e-16,63.449987303794,1.64202705910829e-15,173.335124023803
TNFRSF10C,2.97630511328262e-15,83.451193336147,658.585845226497,0.409615957599629,8.71982088285473
HOXA6,275.309959657483,557.556747101156,297.501255480316,3.63093975046779e-14,3.47746156758738e-14
CLEC4C,161.609186025655,8.21441683503126e-11,4.66398496786925e-22,2.93214334057648e-20,667.318284584793
PDGFD,134.22241320488,303.342979951091,6.84506238904197,6.35280028029014e-13,1.51225300854314e-05
HES6,432.668070748966,43.4601775023098,10.8610580894323,313.240819817515,4.96975343321182e-14
CALD1,32.6637633911676,0.143335813123131,0.095692423510096,95.3592672613884,39.0788672287452
TSPYL5,129.943795513668,1.66968428366616e-11,351.839943924343,2.80454140528943e-06,93.8757614385117
ABP1,166.47302198678,177.429114802776,5.79837636724109e-10,817.701625144838,5.44614016972964e-16
DLGAP3,69.6723366672042,8.55239825277073e-17,650.575554379223,1.95139178947622e-13,5.8350105268552
SLC28A3,1.3769069804267e-13,2.66357371240912e-11,2.8636481439011e-12,1224.49730403546,0.223061583187404
CLDN10,5.78396475195705,2.12715990641772e-17,42.2346685860443,134.848743854071,4.98581892792258
CLEC4E,7.12819350736436e-14,93.1952367631983,5.38939241228191e-13,713.540573316982,0.000393147445083742
MRAS,193.250769940941,161.101350872554,1.31113097405788e-13,1136.12336111237,1.13386623890755e-07
MYCL1,103.849741079611,100.37312683002,0.0208057825628115,2.39774841679919e-14,93.7999686156972
PGLYRP1,2.30606754141989e-12,60.9572605470299,2.33440227494566,32.356510448694,1.46295198609676e-12
SASH1,1.74379991741516e-14,8.7356581862579e-11,168.51444069349,4.53923517129256e-15,0.371003054624825
CLECL1,373.16617127379,363.331151600484,10.2118889711001,7.74699627723635e-06,0.00762870157065749
C17orf51,79.9083858041701,272.85866051396,136.095572902455,186.507007766062,5.81841280182671e-10
AFAP1L2,3.42432425125914e-15,2.0872051180641e-15,6.42917434752249,1.16978384359723e-19,414.767352408255
SMO,3.37582629882583e-05,8.89573690370128e-14,83.5942916924158,3.12991231404016,553.837306635117
MYL9,2.8160215488367e-05,9.49773138459404e-07,327.956489600081,568.644591271529,133.220449651843
SPRED1,0.0241838515718556,2.48691933883193e-05,193.501493218448,7.78699150418834e-15,626.457992325172
LOC284551,73.133977929018,1.72468618558976e-10,3.23803777824643e-18,1.0250114904123e-15,1001.1447335373
ANKRD9,212.505139128105,47.0996357429839,418.568905922569,2.25044263051483e-06,4.04805713514415e-15
TPBG,160.515580868568,29.1752987317703,167.209282085969,455.8207025219,149.724699508458
B3GNT7,502.060798179153,277.72822236821,17.1040449887854,337.443008626398,7.25897693870931e-05
JAKMIP2,0.933340921571854,4.03595239123383e-09,325.813037664954,2.58323001904827e-17,902.239847663011
UBASH3A,5.35894316792367,9.86560781080775e-16,121.176502128322,4.63113872584642,0.741657407461619
SPTBN2,3.22871036681648,4.41230153351248e-15,427.856556521837,133.391852011733,5.75123547846781
SH3RF3,0.00120167099142808,96.2682505222552,528.635572803625,6.6111457404126e-09,564.884569105757
RPPH1,0.363567891867438,91.1075317901389,9.40221359743511e-06,473.00077668447,204.198622471448
AGAP1,0.000219374689213075,8.25116450314675e-17,25.4102049566264,8.31457927249198e-15,276.856312674581
GZMB,0.198285139253623,1.84021315954356e-06,341.82091980605,81.0983317907583,539.910065901503
KLHDC8B,80.8882575841912,4.57859385606822e-10,128.797174673485,655.464059877229,236.492776636809
LHX6,3.18980785366445e-14,4.88465321542066e-14,259.077227235947,0.0027678284756495,860.114351227981
VWA1,3.21323151879431e-10,5.69511590565783e-15,931.020694774823,9.76125906320662,7.94379606897872e-14
SLC9A9,28.2722593241842,7.29870640305344,44.6932739457867,4.37174443445335e-14,250.747638642534
NKX2-3,137.616129558115,298.126912491498,497.196472235849,2.87285355165071e-10,1.59944720825813e-25
SH3PXD2B,0.576814983886416,30.4048899025173,72.8625785242354,189.730629005775,446.479026596565
GP6,69.8942081499711,4.92931985879851e-05,93.4013095101585,114.496674592967,6.59462178380664
CACNA1C,1.19968765291028e-15,9.26099395211668e-12,294.043938360491,816.809711642657,61.0301958668367
DOC2A,2.72299853730264e-06,1.75395460160177e-13,742.889759879272,417.31841859111,0.648328726936533
VWCE,270.913436352237,6.0261956866311e-13,201.987115987463,138.92621474615,368.062220573952
C20orf54,1.95171356734263e-11,4.88718345861345e-11,872.091881484902,3.14486064059809e-15,1.62752638106786e-06
ZNF300,29.7062010965098,2.52024739712647e-10,153.94230050025,144.856113755639,654.460295226969
FAM66D,0.0960130946339727,1.5601562765434e-13,2.35379896113925e-15,7.23148531356801e-11,400.23098794657
FGFBP2,2.13456175458098,6.57075140370853e-13,357.322684456112,207.081397695503,346.09619906963
SLC26A8,1.05668060317361e-13,545.011809413109,275.681247850531,708.107986840274,4.75266575712785e-07
SEC16B,109.216179489664,464.473514761103,24.2305484122713,568.38443247091,3.77808872004891e-07
TMEM217,0.0114290200116573,1.5702917005249e-06,637.484995511477,266.421870900206,123.144929492473
ALOX12P2,1.26078985977883e-11,1.57565261456905e-12,277.537680325547,981.188304700672,47.2890616404763
ANK3,164.381855383613,44.6854447943681,8.27438181582685e-09,3.03017075516122e-14,109.113203588115
TUBA8,187.127098955631,78.5576641629031,274.794212828354,10.92018558807,440.619960829731
ABCC3,5.52389321183215e-12,4.59089054758863,104.224467107083,1.10380892703528e-06,1.20617644770863e-13
DMWD,128.08819303561,4.34059822501857e-06,220.220278975957,0.0445366439153767,505.919563568281
EFNA1,0.0214391019488798,7.70015948675108e-17,500.687393469656,170.657336646514,491.077733942938
CD28,3.74040803260971e-05,2.62086434816388e-07,265.833952000815,0.0139035768514128,79.7774235546725
PTGFRN,284.372086814159,119.033382938194,15.0678258907559,142.994272542763,8.41436629662975e-15
PHOSPHO1,0.289033542588876,2.13571326577172,343.474874166326,283.94054278109,1.12312140431938
HSD3B7,11.5882864749543,444.437142062479,190.552500862694,509.083999295006,0.623588766337593
MYO7B,0.250837740497864,225.6069648971,420.435357098444,383.417466847009,44.5975269939308
CD276,17.5444686016567,353.163840633409,225.201373810469,469.45475493293,115.671162246432
ADAMTS6,71.7970739804832,42.8881732998615,0.118101948817991,1.82088760470754e-13,627.735929167813
TSPAN18,0.254405752729748,5.18126330041742e-09,128.453106534279,8.22183137376749,117.315789578671
KIAA1804,158.257944975843,121.869890299353,298.672609918899,11.8104811714616,386.322111042977
PODXL2,405.714307266717,3.57843767611051e-07,202.865799258916,4.50893203520699e-15,311.274311243524
NECAB1,0.0819576947900857,4.50565201793487e-08,12.7977020534342,103.490630625975,647.505690623042
DDR1,52.5367528570201,1.83652302263304e-09,0.357508303027676,9.48119517841355e-11,1069.00558438838
ITGA2,66.7551660565944,2.53754346825772e-13,119.65871506946,7.80208758920102e-16,95.0860516672777
CARNS1,4.59581492564926e-07,1.47479479189775e-07,355.738210459492,819.443307120224,337.389776278701
FADS3,192.858701988647,183.790338009224,494.299197453878,559.511997438492,2.15704561632188e-05
SKAP1,1.34805765273801e-09,0.000255888144663639,465.708359499747,5.98294033794953e-11,207.900608248984
STXBP1,41.8581642625337,0.000354826275776159,111.486711047552,1106.96908734419,83.5049456891176
MFAP3L,7.37103868771149e-11,8.43373182077502e-16,414.509671524162,5.80179195299721,11.3826501678485
GALM,391.350205000006,321.268696900968,254.153758647496,58.5442010868868,101.640160224192
ANGPT2,4.27492848546414e-08,17.3960024526727,220.301169226777,21.4087158049126,153.072085515703
PLK2,284.09984035868,34.9919269897666,0.00602432093390243,3.98275263388294e-06,426.965076922896
H2AFY2,305.038534643085,272.090463526947,166.535669921753,1.98675567300018e-15,4.15921268810062e-14
DIXDC1,169.566249843754,225.921112240194,1.87423098682948,155.975426844676,1.64900981391595
SNORD116-28,0.00925639167693093,0.00109849149612787,173.701717476253,2.12216682208316e-12,922.062960787825
FAM89A,49.0277474322059,4.58468349861524,568.484946035806,72.8951713253444,121.167180007191
TICAM2,0.0388862301887114,353.680148288416,5.10748583290454e-12,109.17622623882,87.9088002057161
C2orf89,107.718618672604,1.40654977319021e-06,154.112642536667,21.085874022056,29.2641145691342
C22orf34,2.89384164763523e-10,0.0122412632029156,370.618291943386,699.058268799214,275.220419203259
RHD,15.2483942982926,20.8860028416288,235.890160121257,23.7822893845107,36.1245947117125
CPNE5,76.2428096677913,69.5738883622222,361.126656802622,153.950420162338,45.0197572677821
USP18,108.563004329526,2.28328421136698e-11,360.085042178358,1.19782568956475e-13,471.619973686716
CDH24,0.0481672833257644,3.89034336390085e-05,371.76622728825,801.290938636855,52.2312076817293
FAM113B,220.840300933145,0.00109355101553149,308.057965585142,96.6338023655289,107.643385108298
KIF17,705.567282114335,0.00682685802985401,0.0407378940974701,1.07573796378765e-16,220.26364550009
PAPSS2,143.586973300572,2.88131531482839,154.886608470287,1.79810451515271,0.0862322337350201
ITGB5,16.0065753474628,33.0955790631784,174.366278989222,5.99007095679779,66.6007847501177
CHN2,239.456414169645,11.5301772378582,5.25309156720952,471.462386762384,0.0085706612516411
FAM196B,0.0142171110027541,65.0404180502447,0.558535945361749,205.024073569981,592.699657087357
PRUNE2,132.726857545834,394.70232083429,3.69488093473338e-05,95.1312977213547,200.985471898964
DAGLA,127.618673449103,1.49321780911488,283.639714705168,197.419736947571,226.948241012452
COL8A2,179.283026620837,181.155568758073,51.6047366271743,1.3119052320069e-07,466.398269871343
NCRNA00173,31.0622361660254,3.7282678233209e-07,45.4655887143784,182.699452595379,992.281076220888
FCRL6,0.0160446361446927,7.97917061799401e-13,354.025766233759,55.0378823196464,254.294656506446
PLD2,168.717238766738,239.762373716256,84.2281318234793,4.11353323786557e-12,235.094661008434
RAPH1,0.0174664926313759,12.6098704760743,20.3867303161649,24.7982394015067,271.246956162709
SIGLEC7,81.2469664110747,683.841903237043,7.93318410746745,1.21784280153152e-12,5.6508709719015e-13
SPTLC3,19.8269254165509,4.87952051943483e-13,0.0446255792584689,114.494993473945,32.400709169342
RIMS3,68.3503708032782,237.794542719685,418.782426108997,3.76884856800546e-13,602.415471674504
NUAK2,77.3393518692795,194.376681343468,137.308183831109,94.2882653104431,278.978630859767
APBA2,312.354478539563,1.0300645705339e-09,242.138502212019,1.32112254030795e-06,9.71399187255811e-05
HIST2H2BF,298.197795009818,137.407724400002,244.88834567111,121.715553143228,669.578181466334
GIMAP1,4.05586482194589,205.197774646206,462.432780082435,2.01622230655185e-05,221.040539669633
SLC37A3,0.0951198293950888,38.4601158415487,22.7515559136074,20.2470760447339,726.178163807715
SYTL2,0.600655241811548,1.69403533055289e-13,13.0288908249955,23.7726747696336,731.793482516776
HOMER2,262.460328167732,2.54551291240162e-11,2.13584610230584,1.46824500426131e-12,489.852949470226
LOC653653,1.46551385535941,388.990835498689,18.9656597799728,0.00121270237818721,258.558058184275
CD320,233.909815915692,3.9051251217091e-08,388.753258296918,493.834311433641,163.830395488138
MPP6,1.89503546521225,7.42732602883858e-06,121.824297487528,169.126194179792,838.103572440479
ZNF831,0.325100939148913,3.46058244723657e-06,594.803407549272,22.0600839098811,237.127192742539
FKBP9,80.0414208228536,201.217556200797,171.573059320297,506.863129758136,186.518711389253
TLR10,419.088331885052,0.00881714430407211,41.0596763816935,8.58638666435776e-13,385.352220606793
C1QTNF6,241.508860130021,1.73599041967667e-05,448.465259211552,20.308192953236,355.818906854657
SYTL3,0.603490323632956,65.6103523931917,276.936225558889,131.925942194445,277.85494651136
SFMBT1,238.143204892482,315.908134826383,0.00317434218454798,451.457383393923,1.2550335279628
MFSD3,389.532850608784,255.032401741686,500.937807752061,221.222282852171,3.6890473626152e-13
CASKIN2,60.4093489508699,2.22761563585799e-13,619.65446396228,239.182318276694,441.64682754721
GZMA,1.18438945672531,2.50973653048835e-05,264.491483753563,97.3597819609293,281.872628836623
NDRG2,163.34037082247,196.053095700005,249.349369458297,7.9592278695399e-16,360.98099329859
TMEM144,39.8854948785081,254.450970987998,102.815716915891,0.650564132901067,0.000117794180622403
QPRT,340.043572261648,3.21609027789452e-12,259.040436772049,415.345614417292,4.82455147397912e-11
CACNB3,128.157944765525,0.00197676180090321,670.299503207709,0.000117825172990042,416.117600850074
ZNF257,1.81950291448527e-12,8.70273566236467e-12,400.438758146468,236.051764143068,321.499970750416
CTTNBP2NL,39.5072836304062,10.1872327197656,162.809280275771,1.90984460608125e-14,459.430703325318
GTF2H2B,215.831111669942,257.945873490125,71.0932066591924,374.42978447577,266.631781479654
NUDT7,335.252525017517,558.636683400551,0.00158371068500564,235.52215047693,35.1894992853141
NRIP3,431.426425920382,378.797280442281,181.387790720687,422.618900533804,0.284380875107307
UPP1,171.717704352589,511.304736205141,120.312626388231,498.820406792986,59.4645618928954
DGAT2,10.55324336958,402.884680150094,126.462917241298,0.378566229847751,164.17430494605
KLHDC7B,222.722308682898,25.2175813534384,408.659707278103,543.974434812035,3.80870451140701
WIPI1,0.00160813569647339,181.468823108873,74.4335632955499,622.432445547396,124.657502758439
ZBED2,23.133631595666,8.1476285717512e-13,4.02255027729898,494.742067097711,1.6733432666389
NEK2,24.6446011655878,544.712904007703,0.00223719685411486,27.4548107394753,227.498968141988
C2orf77,204.740977369114,67.2891666245042,145.639627046089,138.788597520776,374.505336354658
KLHL17,235.063786284394,239.162338256044,788.497206859063,270.856616353049,69.279143039481
DNAH14,0.0348186422498149,0.411226308008266,217.507930135342,311.075336645985,61.351743858505
C6orf192,34.2498926974733,4.67000384592569,10.2672719977878,8.11457236868876e-08,505.340192625898
SLFN12L,7.88306570053141e-06,0.00429982255659621,224.879537248299,40.4442637998948,251.288299825169
NT5C3L,287.599868758083,118.066584249124,53.7255896584674,290.492231929893,432.426706849866
CLDN12,5.1661044893804e-10,206.113232013113,33.6522021093847,654.517806155332,0.161220415844517
MARCH3,226.995386128248,25.0802747722437,1.52935790656354e-07,726.749624964036,788.518435060241
CCR6,137.214385603104,121.870257088791,149.937686944797,377.685710628287,138.135177426725
C7orf46,38.2318971002513,2.96846319929669,45.2454921143241,34.3911679250038,569.82598382103
BTG3,283.082975788524,61.0418256462781,54.515839566846,0.631458457839017,223.063240599485
PLEKHA1,0.220535313374675,0.0367537395562496,140.908818641137,6.86402640949067,339.759064365268
ANKRD6,0.483695395024404,157.71300677216,137.961599435112,98.5245236070929,699.915971141347
ABCC6,137.033201715089,165.706447381803,7.42997487946004,692.177007364629,55.2876389268347
FDXR,485.615367712382,455.589440474625,186.873380625855,108.051196179607,3.16344303985534e-05
RRAS,134.102891576768,179.042615599224,476.426434553851,54.3259806772701,0.00829135952659317
MRS2P2,328.768626688018,3.55759126565225,1.73368372505141e-08,314.509703269467,369.925681790593
MOSPD3,435.942982753248,640.521347960401,247.806790286752,344.048064572888,0.00310872137425158
CACNB2,97.4738879423774,3.56477700558345e-06,436.214991414241,81.6002147245161,480.45870187604
BEST1,182.921130811601,281.90736461781,161.155884848741,207.230448191186,239.897409602336
LRP11,0.452263415359235,545.878007382951,0.0824088128294441,0.32519013327595,305.779890483647
E2F7,163.86251474296,372.93400050549,0.052254375077715,43.1042143028552,462.475563968731
CDRT4,246.031623135249,116.581708140108,78.9956696314433,462.510333312857,169.332655244196
CD27,152.897294456374,1.30506985323574,460.848380915207,27.2732907377706,37.7470246622369
PKIG,427.081304354053,0.351724116816828,118.454722160643,419.923467809926,379.679269456174
C1orf113,158.352259393164,0.000108491675522321,556.003372414214,10.2644079905054,0.374871297940422
HAGHL,575.094395374033,150.367193377483,404.592817110317,115.757229481095,3.01579812851911e-09
RIMBP3,1.64962206118262,240.305320275458,400.222835653811,265.870631001684,192.837074010958
ARL10,0.000120786535793919,7.03858136157035e-13,492.084406340606,53.1892271653799,637.486360513263
FBXO6,225.526764297726,323.526366982243,472.459624469542,415.590999160772,33.2254296656861
FAM127B,275.877674174297,277.328540186568,284.910280417986,495.223558919135,295.587313385746
TRIM32,219.294005597297,176.157215115693,264.527016452643,0.772241560407942,213.166106145056
FAM124B,12.460715203315,9.06125985083228e-08,337.027026602931,2.44810390743214e-12,235.871384417687
BMP8A,170.646055567324,89.5556604696668,286.803618688462,366.810836681281,308.229638081091
SNX22,290.718790934773,119.602203274401,176.357739891228,568.721879378795,229.666700295959
SDF2L1,473.169323707125,360.933610390005,280.136574934931,544.749535002235,4.96647614523176e-05
ACP5,114.48418388799,4.97680821882078,32.4033249800718,228.94710340076,364.57919826898
SKA1,54.8734137274135,546.822531680019,7.48506082933405e-06,60.0544760634803,83.3704971372901
ZNF880,4.82195785375731e-08,1.87534334465698e-08,211.315331953681,206.867743204928,526.193095248988
KBTBD8,170.070612710539,244.645010095184,112.74429558341,1.57195769152792e-11,149.426941885999
CCNE1,477.334422091415,238.092924575272,83.6500690988453,49.7815226974895,80.0821999856416
FAM22D,84.5067108167496,3.21915439705186e-06,295.618369319835,59.6462711695765,153.556327973877
TP53I3,309.761246530484,475.154124647895,302.271024005895,39.8777718499373,0.00326505577556506
GOLGA6L9,88.9814244274885,0.145386475929835,6.42421943810616,265.548281120618,249.477454396722
LOC728392,171.542420316106,196.202283793381,391.941732821877,113.896990005648,54.694692353542
CCDC15,3.69907911745487,139.433464505932,127.132549697786,334.14943761724,378.747624032537
GIPC1,252.992371126272,41.7481991490737,837.633585818764,180.918547975973,59.2310939101166
LRRC20,425.86927623276,288.028937848937,212.776041504406,0.000156931551530969,24.9719114071189
C3orf39,280.508998014068,43.875518233678,361.398321773388,271.860407391345,31.1548231974375
STXBP4,0.000277989850380714,16.9875678889624,90.1563799806918,0.39528663197083,375.136542679286
TMEM67,157.668238503795,5.13460356537028e-08,154.144993388033,229.665783392276,56.274958959828
C6orf170,75.5713465781924,1.12037855903126e-06,65.3797435875286,301.698614497594,565.88066603559
MAP2K6,117.151388929447,414.547917913803,0.00520235632953661,0.116136347804852,320.314974437361
HDHD1A,178.30712442301,297.045900604796,132.848897224379,177.892060289333,134.378906674758
HAAO,434.623029386588,114.808806725438,412.979898444589,292.060239881928,0.00154844112230561
EXD3,297.724983449611,0.730242246692218,737.809942364304,432.119652514256,255.846941751124
GSDMB,154.15537996125,6.76373240004878e-08,230.944280035388,580.525502167853,225.157020813013
SLC7A5P2,359.833674622283,67.4330920088023,294.705124817124,328.767088169303,417.958076685767
RARG,122.150930633982,161.116876600805,603.668628466742,102.782675810169,107.648865911988
ZNF660,0.0400619277363374,39.2660911792967,19.4682991589748,251.572984471319,383.987497681537
NDUFA3,397.161107260597,207.10818610152,400.612826529425,629.437050765053,52.4749253987698
LRRC34,196.762901628811,53.3636763706353,2.19001043468552,37.8043460879316,16.0777189191988
C2orf63,210.787595899396,3.21103873541752e-06,125.966898745568,116.359722042616,166.496818010482
OCIAD2,307.47489377481,0.000867524044770343,177.753126276767,0.697471127734592,156.276054930922
C9orf142,571.334729453526,249.525782541253,597.556022200916,186.087938857868,184.895206483763
TIGD5,308.935032061189,108.969326998313,767.486592895366,306.624481869012,0.42980676287198
SLC2A13,229.741456146276,55.1522074400463,9.66680898060527e-09,10.2474063314591,322.703930019293
ATP6V0E2,454.864981010517,346.454501410848,441.91741842717,4.5588773650324e-13,225.153279209978
C9orf100,264.446445484357,516.840586259197,121.358217466267,329.926452343943,84.0553959219486
SGOL1,22.4964724065055,466.458019473912,0.00145620220452963,0.00182529277474884,270.999545272354
TPRN,697.640550355395,329.285976271658,292.760495964206,256.504822463282,4.64366004261951e-06
EHHADH,211.059790459899,180.050756008547,46.1346007535429,1.2548934437532,17.8961486401752
QRICH2,308.990308751761,53.3054662673879,222.223574758488,164.262058807819,360.493305936907
DIAPH3,8.77423913981218,387.139762342463,3.90421548341476e-05,1.70812878861501,318.070089480561
CDYL2,7.69223754054665,274.361384794332,371.186421431626,169.448044728585,812.072077484591
ZIK1,0.872934892107742,1.18061475604652e-06,291.798543075828,4.92345077768194,404.914406593075
UBE2T,313.141655528264,294.0688935862,198.863940134857,9.81214540295069,1.44567253763189
FAM195A,506.638214341063,268.194315701529,402.617780776552,396.731909889269,2.92661280910915e-10
ZNF408,504.024900450508,201.718606343487,529.459666881407,436.378353892703,0.38924817216199
ZNF132,3.06617637522778,45.5279463649093,433.670914848438,163.578217876527,139.636285621074
PPARGC1B,369.466380601313,259.111510621202,262.536550127877,26.8305136552135,98.6028261506838
KIAA1908,326.81415599704,151.256397585167,325.340222578986,250.369888352064,216.207911499627
DHRS13,203.231866097682,94.3736657949313,384.163229195067,243.82678820896,38.5947800216716
POLE4,419.868058675533,584.708468705796,250.287265754667,271.024912190077,0.00492453280790825
TCTN1,335.706926935795,204.516574763893,68.5373357117419,519.477473217515,70.2557426776221
TCEA2,287.524420753513,0.0537486819283139,603.291777171032,164.039574805138,70.7012752260063
PDP2,2.59330762880134,81.7673562983242,437.620952347818,212.919630880376,356.865242394997
PEMT,343.359816563627,119.433035236503,415.593244805749,561.495814505926,0.00331267367953581
SLC22A5,42.9998311799142,168.086122321932,199.440634123423,0.277435689861254,259.224213725614
ATP8B1,45.964281737696,23.1848522042106,14.8539173341673,120.181792861121,385.869580356868
DTWD2,19.2075496581179,218.601076904078,0.00048289723505322,2.42224902068825,95.4943481755111
ARRDC5,253.967240638992,181.366400183762,293.16225064655,322.624501654401,234.582953815493
EPB41L4A,298.285245400435,0.0200805102846619,0.146158425986851,100.754127063172,383.931497443079
NIPSNAP3B,144.205550218692,123.523604341132,0.00275434453879682,173.765809742768,390.343396875536
IRX6,39.8880169735707,1.59249032869347e-52,1.01300872519487e-12,4.74481987600214e-14,1.79127615388823e-14
ADAM23,155.1370464545,5.56402283004594e-13,1.4327336654719e-23,1.85029784207926e-28,1.48434160984196e-12
KIF5A,9.1255916354713e-20,6.48068413750472e-25,5.97477750478314e-20,1.37880005730417e-25,4.64834801939804e-19
PCGF2,2.05666955382194e-18,1.08691393083523e-13,2.85843017049772e-20,4.2791244274551e-23,68.6275381048867
EPHA5,1.03199445619603e-30,2.64193555906364e-60,6.89522976570513e-34,1.06497061479562e-64,5.09632357190622e-49
UNCX,5.04444561564665e-16,1.76907935444058e-17,2.92662024479304e-16,389.711612138203,2.0978447933476e-23
LCN8,22.0216621674045,2.54363910610993e-12,54.8930086485303,7.60397184421694e-18,7.63734837967597e-14
PCDHB2,9.89142899442302e-14,2.85090777472084e-14,34.6064975943439,0.000154579294672635,18.5290223810566
ALOX15B,1.86098348222256e-15,124.744976948612,2.24377918131479e-15,143.364628584768,0.0850458625104786
AGTR1,9.17214617658373e-19,2.45874826940359e-21,3.38972099608637e-21,1.82327998271467e-20,1.82214477939191e-17
ZNF676,8.58548443171849e-23,5.4579328932929e-24,149.535043439862,9.70981451832143e-12,7.20337599320143e-16
GRM4,6.14015753145181e-23,3.15713382178802e-21,3.69654002146197e-16,1.44569213233104e-26,70.871996479923
CCNJL,5.65501030594761e-15,1.27351149700762e-15,1.33100140553835e-13,72.0078237629062,93.4908993091136
JAM2,1.71003097092305e-14,5.59272844499034e-25,1.20897762790573e-18,1.8839808643601e-21,57.6270367141232
SLC13A5,2.46792584623556e-19,1.75008921687482e-14,5.4505423699953e-17,315.858854688804,1.54675735242177e-20
PROZ,1.78409826800042e-21,1.88050151324222e-19,97.4429795666407,9.39547988939983e-19,45.9488675865737
SLC13A3,2.00888533721341e-16,1.49102468505645e-21,7.89343723942496e-17,3.65490225037547e-20,2.06964150681714e-18
LOC728264,22.3596634779617,40.0898700950511,3.10847298843748e-13,139.354309852599,3.00224265851932e-14
LMX1B,31.0959688302134,137.852885494855,7.12380318543346e-18,1.18285179877671e-26,1.72241059829461e-30
OLFM2,1.64711521658131e-13,0.00256391290988675,1.46779902653241e-08,17.0190678539189,83.1294993557638
HES1,5.40603648676668e-11,1.68655040403832e-09,5.96742204408743e-10,194.676094711259,24.7984879914697
TUBAL3,1.09446457433097e-18,1.65447522311597e-23,3.26634519830999e-15,2.15616596761928e-18,1.67121466914601e-21
PGM5,8.00048646088915e-09,1.96183655431796e-17,4.0798290725261e-11,1.27046050569012e-23,65.1751630625508
TREM2,55.9516353667818,0.00674607935256129,7.44445628998479,0.224142206015711,7.78523409977167e-16
MEIS3,9.28639093004926e-26,6.42222437125196e-21,2.18166301550842e-22,2.1481464629588e-20,73.2570621674329
HTRA4,2.69992079364602e-15,1.40188826626112,6.02708386316853e-14,242.921631988101,2.29768170513153e-06
LRRC7,1.85312816460857e-18,2.70127690466794e-21,1.39784333092054e-14,5.21505483837284e-17,2.09226136295511e-21
SEMA3G,119.217995148949,18.1722107229243,0.00370470750699547,22.0286366929737,0.79084110016464
NLGN1,3.08303583998654e-20,3.53441242534497e-30,5.2017346833454e-19,1.63898996567994e-07,5.79994962819421e-23
CEACAM3,1.0230424387289e-15,4.3791650650909,47.3727210375272,6.3727588437998,4.55038911153819e-11
DDR2,0.00033692847680531,7.34865870894336,6.5186962322267,44.8199137856823,82.9423463124026
BDNF,110.006822497857,1.19834612191933e-11,5.46433291920827e-05,1.31014854726121e-12,12.4149123529665
OSBPL6,3.63471541493618,3.09912238779308,0.000670383087129554,3.91598415425729e-15,8.52460564221521e-18
TINAGL1,43.4928842608656,1.10428883000884e-11,21.3201037466755,1.12109439976852e-13,135.228419144285
LOC116437,50.4073538171244,1.59221334292815e-22,4.91461084629799e-07,5.08329664993887e-18,13.0604114645571
MGC16121,1.1557502871088e-14,1.07951261818996e-12,4.72601716117312e-11,325.515569960202,45.2079208420316
TSLP,4.27779118439766e-11,126.791881389977,7.33389188146655e-13,2.40692191515925e-13,10.7953824474855
NFASC,2.70045050235492e-17,8.9204451095128e-19,66.8440233112198,4.67204994918547e-15,74.2011182145952
CLVS1,3.99743340191571e-16,1.71034047948362e-11,3.20172250645856e-10,108.928178212062,1.72195997755921e-12
RICH2,173.740916931816,1.0387496461149e-06,0.0552085450998811,2.0582088771184e-12,76.8307397651931
C1orf126,1.0187819925856e-12,5.10579688975719e-07,29.9271711571897,5.62098971458763e-15,19.5638195296727
TEAD4,103.103550144846,4.871851636283e-10,0.0622236830268483,6.45589575251901e-14,1.09624304667442e-15
GDF10,1.41702488700093e-19,3.16103104643957e-19,3.61980047003398e-18,6.69686627685755e-18,92.1134176941517
TTLL6,7.55106606520618,4.61403272058897e-07,5.65022266348643,3.77376344121421e-07,141.315690144058
DZIP1,19.4034672611986,6.03128466794944e-15,0.000194238328336111,10.7247515626515,34.4106060771297
ZNF883,1.11026364112077e-15,1.32053909166832e-15,166.666270572397,0.0901297641837618,9.08961795750312e-13
GPC5,1.35477790336519e-22,6.75500294006319e-19,1.40962591183094e-19,5.43128598692628e-25,33.4757099816969
ROS1,49.6406573324676,0.00391608465749264,6.1733404781001e-08,1.61224155372067e-12,7.24565254441683e-27
MST1P9,35.6660696396564,0.00204887624621963,2.40485790762482,191.735013217061,23.2200487917977
ADAMTS5,4.86649404433839e-07,220.583044789609,1.62630504687939e-11,1.21161827548318e-08,3.35634522736812e-17
SLC30A8,35.9085738240501,9.0812784212484e-38,8.87269857353065e-09,2.9814112089419e-32,61.5632747266159
ESM1,2.19624915949661,21.1052968805115,1.74176668055566e-11,4.51574074390513e-08,121.095473129045
RASSF6,1.78486877725366e-16,1.64683726986806e-05,2.02802318309291e-14,3.35315192787553e-18,38.1300200544133
PEG3,8.40056540334771e-06,0.157017791811306,92.6600784331504,5.07868000162569e-14,36.2958044149109
WSCD2,5.39101056578562e-28,1.30049078507577e-19,5.21322043839695e-24,2.59102795014157e-30,34.1851129077824
RSPH1,3.50800111083079,2.38495394377954e-20,56.2485773045352,9.83875885828056,28.8323069782345
NCRNA00200,10.7336107034691,4.57237046108739e-16,1.42475463113181e-11,2.38730030804808e-40,115.391375482947
CTSE,11.2928267572705,3.80793356503246,1.52679926765998e-08,0.00368762893307237,26.1717176826677
C3,11.6382216404595,68.5082741272557,8.32346903495292,29.1503107307634,2.03811947823986e-14
PDPN,3.05119771934122e-17,3.21381794223949e-18,3.19611700705114e-16,169.37236032888,1.52312085792395e-18
SLC10A5,4.50894442977502e-14,5.58145974459458e-15,57.8402542612622,0.000364688593554645,1.68718202113883
IGF1,1.33462826425805,20.0175916943577,15.657846812702,3.33358992307351,18.7064025586924
PDE1A,16.1992183012388,1.23775251532128e-20,34.1450929535064,3.45448600751716e-16,148.051241402023
LOC148824,19.0659733973674,1.82160104013013,44.4075514601854,63.3578474884038,2.31121213818852e-12
CDR2L,0.322423901065171,25.886043376248,16.7967194336269,4.95724163382623e-13,62.419426679464
FAM70A,193.421212982649,40.9854163590919,5.18470708095983e-07,5.53530546294734e-08,35.6544337954212
BAMBI,14.5638987193855,6.4235789310387e-11,0.0418040949232356,119.138018252528,18.2199449363485
ABCC13,2.62964081818242e-13,7.30081029596693,1.33079830213043e-15,1.52652591781377,39.6225723839354
C14orf37,17.6402426895356,1.74238290264692e-15,2.94158041371953e-15,80.7013842534666,83.4388777006516
SAMD14,1.5068560160215e-13,3.64835614718929e-17,237.03749663069,2.27519938802786e-05,2.7179405688499e-11
CD80,0.00212334252786146,3.58070837716022e-05,13.9863004254802,4.81074707645642,0.132919688416286
FMOD,0.445154477064991,0.000105894930076208,11.104487282488,11.6177184486785,41.0507634134074
PDZK1IP1,0.723038940231743,5.13128359098724e-05,66.6499236763393,3.73489655482741e-07,2.35594123257472e-12
LOC374491,1.04628700343633e-06,21.3532653655328,1.59234610839523e-13,163.056658195869,6.55673492441159e-12
FGF2,9.36819566883789e-06,1.33923574432671,4.36497805967224e-13,1.60620325054009e-05,5.6380596636409e-07
CXADR,1.18298377196722e-10,3.60066152172563e-15,5.12395553152547e-16,5.39700999823953e-15,7.30172828006999e-14
ANTXR1,3.5888316017743,1.22566286986089e-08,0.24148890927657,29.4940480082394,101.415994627855
TMEM98,38.9692458448163,1.10437720703863e-15,0.076022932604464,4.40472991727707e-11,164.422902689449
SDR42E1,1.88882540029143e-13,2.53168183886004e-14,175.897213035951,7.89167502903662e-17,47.0593514987236
DES,7.67461372799643,5.54049598406116e-07,2.68866273310852e-07,34.655432629483,74.2574664793736
ROBO2,63.5481849534722,1.70509446036235e-12,2.3123276431524e-25,7.05398455842516e-17,8.91478936546184e-14
PTGFR,36.0586999309152,126.164280620497,20.298184692282,3.7813058314685e-17,2.33934643444643e-14
GUCY1B2,0.0894022755888969,5.40335386308927e-18,12.8991078099228,5.34149512896311,30.5379142983353
KDR,0.326116518839277,11.4348379414227,1.29352686927537e-12,15.9387895946482,2.16422377551434e-06
CCDC141,2.47686630476861e-15,1.42306472154418e-11,5.39281730970644,0.00190706883023269,97.2174796808631
RGNEF,3.17324788031472e-14,3.42805362927578e-13,1.53850758220555e-14,251.90635205358,47.2781739174822
SPATC1,0.0417960696528098,15.4705023662089,218.984810031309,0.531052701699603,1.63214470795535e-08
OGDHL,3.63312560615555e-07,4.21180769514627e-14,1.51357613188378e-14,238.684445335981,2.72451578156578e-15
LAYN,1.5911377879948e-13,2.9317460655254e-16,194.070112186269,1.01494013229779e-15,1.4141178411115
FAM153A,0.944387034352591,1.65697504474587e-06,0.688129766112416,48.0848700989727,90.1862670784989
COL5A2,5.86764485451296,5.18277112885402e-13,0.000132472400482643,19.0754414636031,11.1440538808992
DLX4,48.9046753942964,53.8826657060635,19.0749647547393,125.454754333408,6.31844739209339e-13
HS3ST1,33.1522639489269,1.27259967537741e-08,66.9626894582349,3.45893132767247e-08,164.782971409339
FMN1,34.75768758185,7.91351032768642,14.9785281928814,0.000347767061164014,107.7774329706
STAC,2.16978936000426e-16,3.92582405697374e-07,8.59725938934547e-17,6.18350082995366e-17,57.8941376951516
GPR128,1.99903015647769e-20,16.082548438003,5.41699442111131e-36,2.13563862170912e-34,1.17934405956377e-21
C3orf27,2.89538383833872e-11,6.79004210426672,46.3919030831318,54.094161199013,3.51743574870001e-16
XKR3,1.30352390461876e-13,2.19649804269943e-14,103.515835848235,2.44335825185942,13.1245624713308
AVPR1A,1.44296228201791e-17,7.29489272736244e-20,1.08469967293024e-12,3.83502480662889e-19,1.52803572393607e-18
FAM70B,1.54445565083772e-17,0.0261342442011419,1.28584793839421e-11,236.967734265041,39.9855345787809
C2CD4B,1.14889487868967e-09,1.89875977171196e-14,25.4583050166191,8.6204313521231e-16,36.1581824433328
XKR5,3.62681271633769e-07,2.71066556568408e-05,22.3258380988527,211.737482123714,20.4371106902365
GABRR2,13.8362353116026,33.2539614564564,14.7087407618245,31.5958415429837,251.895974174912
TTLL10,2.99076630796753e-13,5.01642079481604e-13,67.8445897090613,192.254569629266,2.6712373984979e-12
HSPA2,89.6646543969099,29.1585904593891,56.560175708306,1.17464107549438,15.3354102085385
ENAM,40.9009902474234,0.0504105869766133,0.000761362547353719,4.27033953496219e-13,212.344998182122
BGLAP,123.900162852315,8.58618146386126,52.0521655467658,66.4767052943371,29.5451852487999
MATN2,7.68533549050273e-11,2.34203046425097e-07,2.43746782667263e-05,129.617273639627,61.2667304314901
TMEM158,29.8105143039977,0.000128723847428316,74.6561371095185,58.9150382824511,5.06437288515337e-16
CXorf57,0.000675047510504309,1.75812369999864e-05,29.4258487073861,0.000107016612518078,126.922991681382
BEST3,1.38100270807574,13.8208683740883,1.23530248175552e-13,0.287615623595953,58.5610149449935
HIST1H2AM,72.1444416631494,15.8328808907595,53.6121827295026,20.7336886712766,154.073510631423
AHRR,3.74482462720581e-13,8.44727580274568,100.383185273069,66.2762555646706,0.0146088408975998
LPHN2,5.97131441764075,136.013987029816,7.13629066545991e-11,2.4319142097265,69.9163168636193
AMZ1,43.726803031781,0.107461287403923,0.880960834066993,34.1686899067094,344.594860385718
LOC728989,2.13254931557461e-13,0.542359980631613,82.4248675804432,1.3322994559787e-15,45.3474127244175
KL,4.83117496938535e-08,31.4128901021122,0.168839797837009,27.2511686829211,9.7254871216975e-06
MSC,0.0836197677162406,3.83544701216143e-15,53.0389326198878,4.55992916694782e-15,10.2266910721723
ID3,37.504874934782,1.36851981638937e-14,41.9813269266944,8.20041088125666e-06,93.0924929173719
LOC257358,0.00856260789211289,7.84326610694859e-14,4.66723870938574e-15,7.04440380412169e-15,3.13976463442057e-16
C6orf145,20.1690309461227,6.76387895038306e-16,81.7663614133496,1.28671278640347e-10,165.923613808423
PCDHGB5,5.86259973680737,2.45284288438859e-10,25.9944636090819,35.3610225651156,158.249582585501
TJP1,0.000599971722510572,2.06866722611323e-12,3.05458374161056e-14,28.2709164976707,3.27604764100472
SLC16A10,7.39188569437181e-15,3.10006113562076e-16,0.00450286951679393,4.18118684457704e-14,55.6958573771993
SFRP5,5.01720104594462e-10,2.21094617711299,44.2104101775117,4.03771322829824,12.8878026196038
CDKN2B,15.0868993196614,159.178456170237,4.93889195503212,6.91859478373231,0.00126914131483089
COL5A3,0.0237859939274193,2.25544208822836e-12,22.2973055885582,13.3567783096265,0.00238723853819357
PTPN20B,42.8699110167909,53.4190302860728,39.4507209772836,3.53047438790381,41.1213303213059
CAMK4,0.090695335769487,1.70966756563844e-09,54.1201211242654,0.0550141547533146,59.9515626601383
SGCE,37.9942085516495,3.78108634548826e-08,0.00605185344901539,2.86198891532702e-12,133.950945649122
STK33,15.2958612562247,4.03348825170077e-14,35.7979233339255,5.25745626311208e-08,83.2753145545722
SLED1,0.186547116832543,47.7374031772426,3.08278115146118e-07,128.280309282823,16.3203573155864
NLRP6,131.403259418687,2.33707882708926e-06,59.7491180504388,2.82937087259584e-13,66.3669824910458
CPA6,1.2044204143384e-13,7.7720370800426,18.8762483510981,266.276172169224,17.025397197243
RPGRIP1,2.18612288000351e-09,0.0323381270348035,1.07780887274233e-13,2.00815436127714e-11,1.30905069743393e-12
NCRNA00185,1.18275725924856e-12,51.1552482153104,21.807482527731,45.4106924615356,33.4584250178952
P2RY6,155.496859114547,23.0962706490823,66.5663717957081,30.7202975424715,2.98621839651536e-13
AIM2,0.187318546491815,131.241599577079,0.161367842504093,4.8438629256756,0.000687792251629002
ODZ4,0.0791305965311318,10.8912488592973,21.9800855294084,12.9494765383062,40.8704095176968
C1orf54,90.8402591961634,120.081824201798,13.5898280121011,28.1696907942028,112.91966231949
PLA2G4C,16.4965759868558,1.17395024243718,73.5908907720709,1.67993892693285e-12,27.7552910746713
FAM188B,68.3021028515148,20.2194108605515,0.224090391137723,5.50615482945671,2.17095304873091e-14
NTRK2,0.118155897623868,16.2360078722354,4.77550354486059,38.846832933196,71.144171749967
C2orf55,20.3965016922442,0.000206536985873573,0.000734108342078038,209.028857337164,17.3774265312616
FAM198A,4.30988375628682e-12,1.18396232851634e-15,1.64707947777472e-10,228.739425987601,36.3394522710792
ESR1,6.10397399112598e-07,17.0469728783224,44.2668414484228,4.60617562771022e-09,201.194074250894
UCA1,1.82954310591951e-09,2.12479115220743e-16,14.0529643995472,55.5652322802721,8.18639990186567e-13
DIP2C,2.40698551118376,0.00030440692226364,7.6354094919304e-11,21.5175859771799,51.7538362977058
CLEC3B,26.9482459541338,34.5733486987956,40.0367799205487,0.00488165445723275,1.28429633816876e-15
FAM171A2,0.0364598339902426,1.81076851957251e-13,87.3581152870115,10.0852984323222,79.0244040201506
MTMR9L,2.33357408564526e-06,3.02248830858745e-14,225.990392019175,4.65330842545758e-11,6.47353299833172
FAM196A,8.23083299235259,1.04004081329469e-10,26.3323254038959,1.11985566305349e-13,178.967904777767
GNB3,0.00659866836091521,2.22358127677087e-08,202.684808107076,52.9837377283752,41.2236797308805
ANKRD35,1.04310437045902,193.365095861671,19.1621765962383,186.910780799764,7.92612981431129e-14
BNC2,3.9280845566411e-15,16.372680389698,60.737927867035,4.99170297021564,26.8014571107677
MMP11,101.95189806842,4.54984482835794e-12,20.0564353437479,1.52462132435159e-14,204.721350332099
CA11,0.0957343819950374,9.32325561613066e-13,222.616459888086,27.8399242483486,51.26177012043
VPREB3,50.0736959585262,6.62405282004392e-14,48.351578637067,4.3270209392427,77.7124207740446
DAAM2,6.25834819141545,16.7880857343965,4.26700746039938e-06,17.098116305371,51.9658882435393
DNASE1L3,33.9697317028007,41.698583154163,2.62152027992128e-09,24.0858729013978,93.6082750672986
FMO3,9.43248243234016,1.5011184342534,9.59884616118073e-13,15.0179468862607,68.2620490804047
ACVRL1,62.4833392759813,33.6290758540222,55.2695760337727,1.55175259727243e-12,2.88803799423997e-13
LYNX1,3.45337755236948,97.4405022662046,94.0240633121327,2.08722084467079e-07,0.081323872061986
SLC5A5,9.37492850528317e-13,4.92415945943706e-14,208.58708688666,0.00172246376475277,5.1494858931526e-08
C1QTNF1,3.14243716122468,1.25455439658678,46.1587790225264,0.109687553548896,141.283631362705
PPP1R3G,101.807763284734,16.7636675298018,4.95773215306806e-14,3.43951993823007e-16,62.2414329820035
CTAGE9,2.64567507743851e-13,9.59429678554415,59.6788540314585,8.90419491577548,1.61556543192133
TP73,22.6072828087314,155.160350934499,67.2480085389739,75.7981911040366,0.454808572603899
BMP2,2.33424131099268e-10,22.7027325565789,114.797228414029,5.30950358605108e-16,56.7326522805719
CCR9,5.42651327940115,17.3802396297514,47.4099139994549,26.9158089983003,122.802930538312
LOC100133545,6.80448570031834e-05,1.92543790469298e-13,204.632458018629,44.7958967320465,32.2610615307129
LOC643677,4.17172616930832e-13,0.374715360648812,107.513468938027,0.44426497078354,104.196587801313
TSHZ2,0.603948255469678,5.21521971375757e-06,21.4594341203644,14.2369731839339,40.4260520397034
TMEM150C,2.98778069027913,0.000172273503773428,39.6401919137509,21.6524445107199,187.944578217126
HFE,0.750773020813926,0.462247234511785,0.000438013494136611,2.39806397859806e-10,44.3794653877182
SLC6A12,1.32497102181679e-10,91.1934676947854,5.41908440635857e-05,19.4347524482509,3.25602722554354e-13
ZNF114,2.74303684488127e-08,8.05105146685042e-08,38.5279616446503,55.083950052776,1.9724139951105
TBC1D3G,1.83282500623014e-05,32.2428430091257,43.8919806814583,19.7967506923279,107.224005510743
DARC,17.3868896279677,0.428277058203945,11.0161730920146,0.0443690250119667,28.8676471564644
FAM127C,55.8433945445292,0.0134856423356339,0.785303420835129,106.56804493328,76.0507791207947
KCNG2,18.6981369149853,7.84661644853814,197.13019668233,110.814421613764,8.34814736936683
C17orf104,22.8392048299283,10.1212572562498,0.0111890174474724,1.70811119439901,78.296522505115
CDHR1,108.096099111407,70.1761621469921,17.6512170224338,1.51859291291472e-05,1.67181633526877
HIST1H1E,70.9291741918055,33.7212619398637,25.9016912503508,51.3005560205239,197.511864828377
PCDHGA9,24.894327069309,6.44939029864493e-05,9.84620348484561e-07,48.2837820359698,234.588857308731
CD209,37.506629559298,42.4600285498201,6.57058814044317e-11,7.43345746494511e-14,6.60866738957512e-13
TMEM92,1.6194843741205e-14,5.70392233129696,182.781455559764,0.0015695318499678,0.0422394228529809
NMU,1.58046757656207e-19,5.66244125998664e-25,1.10466365670847e-16,1.05180150750958e-20,1.25520288603616e-23
RELN,2.26941004828648e-07,6.60519757064157e-19,3.22205262417538e-19,1.50723187793051e-17,5.75519719144998
NCKAP1,1.99566463292871e-15,2.32617256745462e-19,7.7210008387881e-13,6.34793877747377e-15,1.12372155375779e-13
LAMA3,181.106355997458,5.18993452022109e-19,103.296101792853,3.31010179869951e-20,369.581432138426
TNNT3,8.0683869538777,1.28502621487286e-13,354.966526803712,22.7065709958421,113.859821449133
GNG4,2.09485171594094e-23,2.63376638781707e-19,1.54678577222519e-23,1.50690368524473e-25,185.806737336946
ESPN,1.14954795534243e-12,3.50036048252228e-18,234.677027680553,2.89248780474626e-16,2.47853746580154e-20
TDRD1,18.009945704147,1.64637119017536e-22,4.74874424035623e-09,5.61408369200486e-36,13.4610640324362
NFIB,2.07415147971453e-18,1.4854913290906e-18,119.185248269223,45.5705179452246,9.22888660477328e-17
CPAMD8,7.91950739905636e-13,1.12805833386963e-05,2.48178974263714e-06,2.86658147297623e-14,2.6033032024249e-13
SALL4,2.51769847036027e-15,0.000353491546389119,188.392500453798,2.54428528879519,138.184503477894
LOC100131551,1.07746226865251e-25,8.14572181319153e-22,226.025747604891,6.64474652937167e-33,182.773794093211
PRSS1,5.99787770267964e-08,1.10186350456865e-23,184.642094581041,34.9061508716966,30.2129139986275
CD70,197.782437355784,251.416182265144,1.0228590188936e-13,6.39369750330652e-23,1.01284710580757e-06
GLI2,4.91902386761115e-12,2.83545629774783e-14,138.053133161579,27.9512151619425,1.7856632564645e-14
NTRK3,2.37500670943863e-23,4.17709110381883e-20,4.9216498932013e-23,74.4284374669454,221.33780048204
NRP2,9.57524903191944,6.70041577691682e-16,77.0135326334453,1.7367095344749e-12,355.137266425629
ACSBG1,1.33915440849136e-16,5.06071467530598e-20,6.20452603759197e-16,5.32701896472949e-18,4.29507211496193e-19
NKAIN2,1.51413089948385e-20,12.5196970778819,82.3312622226187,4.0469691795163e-21,232.186512870815
CTGF,305.900680934918,0.000915972444417394,0.0304818621179286,7.39028561439792e-05,316.337881126602
SNX25,1.8415432525375,78.2785733476861,1.68097229378687e-12,2.69830122856331e-13,658.723417160241
C20orf200,9.44319671959218e-05,1.20574404570477e-05,9.35308902552072e-09,8.58250381436367e-15,33.5470298759067
PADI3,132.054019001382,1.20784949027158e-15,3.45294449805872e-09,7.33547316039864,1.5858748377195e-14
IL1RL1,0.0320378112581345,2.31494322116878e-16,116.620811331481,33.044393902992,64.3112598959246
FLNC,0.000826413723723865,1.66349043778373e-18,69.3409672206793,69.3063982000151,59.4416761974541
ITGA1,3.72735541011172e-12,0.00178285000266419,0.0406820845658314,40.2868054994465,40.7541955156339
FAM83A,62.9926546643141,70.7867483386427,70.0784017224597,7.03266189497472e-07,3.99565276575556e-14
C1S,30.9238119991926,1.0018280959899e-07,30.9178534235773,39.365892599597,246.112260990155
GABRA2,1.44770897949749e-36,1.31726930033172e-34,165.38417063734,9.04197103272128e-38,89.7026820329667
LIN7A,9.39697972210765e-09,102.167301745395,6.92682237184106e-11,1009.43964229502,0.0436603691449808
EFEMP2,94.8341028265276,22.6806160411784,0.0441651540917663,938.674866191334,140.504699253684
CDK15,87.3553463847296,5.94987201993709e-27,0.941138357069027,11.2441345038081,9.05430564339929e-16
PSAT1,112.025703708453,148.395026406294,2.36552527921883e-06,3.14374655015034e-07,6.54576051333405e-13
LAG3,1.39597734799021e-12,5.91995475341572e-17,783.056009069997,1.0618542196728e-15,22.9652676056594
C10orf114,199.001215438565,349.116701041465,3.98232224934735,89.7836042111698,1.4521017950278e-11
ZNF208,5.44961080793274e-15,1.662153719914e-09,353.848498607738,4.95476256372e-12,3.29805053188305e-14
LOXHD1,8.05434719127126e-11,35.6103201822786,0.881374309126043,697.208941586314,6.54760174958171e-10
FBLN1,0.0908832843429265,6.56661336912145e-17,1.34814059358527e-15,683.493294037057,138.279055476539
ITGAD,2.10764532924282e-22,9.96967434328853e-15,203.899080346046,1.07374604648979e-20,91.9736534865246
FZD3,48.2132241482473,1.07419193418555e-12,8.36120429075262e-14,57.0961324558164,321.19631138874
HOOK1,2.7167458200682e-14,2.25211325536604e-05,32.4529642243573,7.68267874906944e-16,135.543914178908
CTTN,8.20172278767926,0.00100267627128829,8.54485507890545,1.50022924598841,1.03839876703947
ADAMTS4,9.21855692455273e-14,3.0436143279869e-20,4.11706653007123,5.62969450016676e-17,81.0067168145126
KIFC3,1.14587914137637e-13,5.6774421427893e-14,721.978356719784,3.17674265692448e-06,39.231765184773
F3,37.3481977928677,278.905275529791,0.000260599158678864,605.945059812864,0.00474820273027765
CD5L,1.24115755779039e-16,3.45586477533358e-13,2.28987795720058e-12,5.98020952360509e-13,1.08539277303224e-13
C3orf50,1.28794648271336e-16,143.152026367622,25.2742027206762,4.41179746553739e-20,542.172941079984
CACHD1,101.506477666931,4.51112065399398e-14,7.16891893506111e-13,2.38448917152982e-15,325.453808064238
PAX2,9.56371018774493e-22,2.29627029708766e-48,3.45326324745493e-12,5.7943794889551e-49,19.9095491895095
TNFRSF18,7.62859421599475e-17,3.39788738622593e-13,242.682901485727,675.505714918304,1.12689774557777e-14
LBP,3.62535148998532e-11,1.02413884960902e-17,1.59806234808244e-12,1.25925820315563e-08,13.8725058043822
DCN,81.0712441032135,35.4583209261855,1.40183403029472e-08,79.4789279886003,236.20461163147
C4orf49,392.335042170088,3.79106989674039e-13,3.27273035262453e-33,1.32074694169313e-34,2.44417185407606e-13
FBLN5,41.2580848128241,1.91214078026551e-15,176.102815428231,5.06826011272901e-06,56.6139949560566
C10orf128,1.16287750348098e-13,2.78967743777847e-11,678.207243297062,4.09755334188855e-14,17.5062996571822
UGGT2,111.164238528253,435.859588556102,0.000118700789159541,149.261458554513,3.55558313824722e-11
LIF,0.00292454160267071,4.90681132280796e-18,200.994524544796,29.7157484998604,1.71196348437898
CNNM1,93.7697434222819,1.18988449150455e-06,545.506909880096,2.40123970661399e-13,87.3013327075404
CCL23,412.991192809437,582.957257640994,3.42393054316002e-16,2.73412243204828e-19,1.4991154064436e-17
PEG10,5.78750087456213,31.8840733397489,69.9455182061116,3.61778969274871e-13,279.583595746247
DTX1,15.1907799584717,22.4466531758219,119.751281109484,4.46856034922879e-06,283.95060638086
TUB,182.638297292991,192.245776817995,1.00413281921029e-14,4.48258633865966e-19,39.8672931980944
TPPP3,457.359195563247,0.0456900861284466,161.803109845493,3.18067742406778e-14,2.92065765649656e-13
TUBB2A,168.601362550617,2.59493553063172,57.6278092675796,138.89793091736,130.1906732862
CD226,3.10116176245869e-07,7.98344087059396e-15,117.371223216308,0.00160816058741674,177.966118003577
SLC6A19,8.41334019622352e-14,1.18384950048615e-11,0.000210175999733636,15.8287017074475,1.43689053444764e-15
C1orf95,8.74120077810154e-20,4.52446071848465e-26,1.03222480883597e-21,1.24950446661704e-27,2.14090547821189e-22
SLC4A4,5.70369458283407e-18,0.000215186837138932,2.36856879223353e-12,6.21711005517859e-20,254.247680603475
DTX3,55.4935873845828,0.0677096418091444,677.993748614262,1.5748947315825e-06,130.240308319839
CDC42EP1,156.027803079386,372.574797587229,0.0842282901006328,2.36853510996114e-17,8.70631694309917e-13
RHCE,95.0747262516676,4.13689898004477,110.48294469508,21.1535280866287,42.3884768976354
ISPD,25.5866134706898,2.64844679500392e-12,0.0227311051477524,0.0263100346401574,115.735366758182
FUT1,0.00331289119113432,2.24987539472793e-16,0.204249750408804,85.9264698481652,4.74397304182128e-07
MTUS2,8.024355445337e-14,4.44234768959292e-13,1.76032085837962e-13,672.352330522867,6.68511889628564
STON1,244.104050803128,0.00198399231061899,79.101725514789,41.3700527418979,13.5538135664688
PTPRG,6.00511063808734e-15,6.28480929986331e-14,7.65389471384714e-08,871.6516062365,5.69007931547999
SEMA5A,79.7887659714743,1.369414846291e-13,108.103754032594,1.63460667141838e-20,1.39770793849722e-06
NDN,302.862464250555,5.89530275881926,117.476211566191,334.776646500222,276.976941151509
PDE2A,11.9435390834959,2.64819502794399e-18,125.873385927976,3.75113128798319e-15,0.103367863365059
IGSF9B,1.47572559477885e-13,1.12435530767512e-13,131.67173562297,662.621091182603,3.53058654807729
LEPREL2,2.4876631002275e-13,1.01146442319619e-16,662.1285051208,149.749765025266,0.0154662604381687
TRIP10,90.2983591489286,46.455540963471,269.164953822191,19.5998711937159,53.5776498718917
GLDN,239.151639842852,222.576422869381,3.36522726308427e-17,3.06016998417133e-13,7.44872976868979e-06
APBA1,52.9403772810874,1.48162159805838e-15,2.08339632203961e-05,12.6768624376822,45.5830196062999
EPCAM,1.15846859928233e-07,4.63602594321066e-13,3.95147266411664e-12,90.5018484262597,2.45637229999959e-13
FRMD6,5.48599583624998e-14,4.32651413642118e-16,1.15389500044999e-11,250.427102075869,229.842477342288
KCNE1,0.0662270189942281,589.313087658028,0.470611106165929,4.81060446786783e-11,2.68068336612646e-08
KIF26A,163.328189337511,4.82103832330021e-14,86.1332580693951,374.125392624964,110.451555105191
CACNG4,0.00116289180877342,145.40713899078,0.0284592564288995,4.44823258005481e-19,5.2603887922487e-18
FAM178B,28.8133763036996,1.76423705663263e-06,223.120558282805,2.69837074819021e-14,1.30888249494053e-16
OLIG2,1.04779879017959e-15,1.15385536586994e-10,48.9525027802987,722.863153503059,1.35642947329106e-10
FERMT1,4.94613124436596,3.14273058526747e-11,152.8854483941,3.43150039972812e-11,110.57678089218
TBC1D12,34.1441258217553,158.377560085949,52.4686729973129,5.40688303922975e-14,8.86885462052663
LOC644538,3.3666681889464,63.3542905902125,1.32165019802104e-10,751.203607508064,0.283771235497211
ALDH1L2,5.11000386426148,213.997581962254,57.177314262419,21.3850526614449,144.373077220655
BEND6,74.2231475379587,4.85357830695169e-13,1.80894685135312e-13,582.469027304122,5.94954634127975
GLB1L2,179.631786674715,2.72808815880407e-12,35.0369692555645,2.86797036281087e-15,122.403464069195
CHD5,1.03784370836916,2.54659623815054e-07,68.5569654410475,480.454180865087,2.29054868517426e-13
DOCK4,1.32506139799126e-08,0.399145982197817,3.21369489832941,0.00143542054922547,53.0022913919605
SV2B,55.3923587960129,321.436964757166,41.2663873563409,5.46846025371697e-10,2.67240913645862e-16
PAWR,2.8932193141116e-12,1.75914950595235e-17,545.083022800923,6.88291523455131e-12,241.248810938763
INHBA,2.25031496625916e-10,0.121631443276091,263.843174736126,9.69607251676442e-15,301.747641658453
GSTM5,34.8412031953635,1.49355791877787,133.984244361851,3.26196378019015e-14,305.550066155079
PKDREJ,21.5603193688409,249.698333223729,4.38935611919516e-06,42.41486003217,108.089372831044
SLC4A11,135.043730099009,96.8323155298386,46.7333637518496,49.6586772784565,155.256919305867
PLS1,3.34398840828688e-12,8.11023862249098e-10,5.3193318422624e-06,1.12800577999995e-15,11.718500976137
G0S2,7.55515111502726,0.123864404512431,4.04884596274857e-13,290.286686874188,1.2117400025171e-12
TBC1D16,132.331280832723,1.63152460933026e-10,253.989828244422,41.1784777513909,168.265919904153
LOC283174,1.88167939593106e-13,3.25159856962532e-11,22.3626060853096,711.412930638602,31.7366840594424
PPP1R13B,1.80679321183415e-12,4.79936603883918e-13,347.99733258863,114.000462372463,163.115749378659
C7orf58,0.0807695480522933,92.046348249267,95.1671154587089,1.19268751910128e-11,766.428621725253
NDFIP2,160.786223544854,0.00021591254367578,4.54422316139888e-05,437.76801428614,37.6321682897615
LILRA3,0.800839332299474,87.1575543363525,226.222831868945,0.0159077195281825,0.17382090237556
TRIM47,0.00418549050981292,7.48922622241813e-13,807.506784391921,5.35426846092294e-05,3.58248447924156
psiTPTE22,2.59479202709676e-06,4.46550677800276e-12,199.827004730949,311.763246413148,171.420569278701
KIF21A,146.303386868548,4.17974583128427e-16,2.88142363216132e-06,2.9033300118078e-10,47.400078929032
HOXA4,158.467659666253,485.682155133806,105.106978943395,1.90933144341027e-14,4.4168793881008e-07
NTRK1,9.31556103022584e-07,1.3525856630598e-19,136.723061228473,0.00745656357584187,1.11235121680402e-13
LCA5,0.0400507981086944,2.83492210579849e-14,7.6241199661585e-09,4.07877804396321e-12,6.51581500160416
TMEM189-UBE2V1,25.2712695311205,90.2274999692847,550.52967917786,356.388636861313,4.53398328721239e-15
FLJ45445,97.9477871935371,155.537164434873,284.848713510188,1.82782062050677e-06,3.3961597975334e-14
LGR4,4.39277333583803e-13,9.6710854560644e-13,1.40507114226383e-14,500.213882182482,9.48395845459156
MMP28,0.635652046118168,5.18359082434119e-17,293.873474121444,3.26798658342451e-15,503.160543295668
TM6SF1,1.63888622472569e-12,1.95220778938743,3.45278040062709e-13,556.208158871324,1.7107460273049
GPR109A,134.965400806992,220.006559969284,103.088489962844,361.275578895663,6.42855436095336e-11
A4GALT,43.4552245559062,3.89296600430438e-12,102.425797328091,96.880962603256,0.000228966244156964
RAP1GAP,24.5082904216809,53.0211839526151,78.4144923352416,58.1624353834755,0.00309986422997895
TPPP,122.761073802427,10.5458818375196,330.966264638224,130.483850240409,155.508906013177
RET,284.93158316065,390.189533644063,15.7153578177577,198.524322184102,236.424701073466
PPARG,1.0141659388283e-15,249.354028770137,8.50685298506679e-13,880.960480020428,0.0318074942629219
THEMIS,1.22840415241582e-07,4.85381581122619e-08,101.578663782085,0.76147453171426,257.855265929104
GGTA1,3.29064311510559,0.0026842711778915,0.0183142593902256,310.185457840214,535.922883932479
LPAR1,0.000123689115096966,37.4356774676407,262.668120768865,5.96884189079714e-05,3.02658472029924e-10
ASGR2,0.158897774142096,370.181034543025,91.8024613848855,2.11632205867241e-10,2.88582849956915e-13
GHRL,2.43220031343908e-08,5.66292755954983e-09,426.821861789816,111.973478108738,3.58846917188535
SORBS1,1.46068290860683e-08,7.72113275924938e-13,191.733839273515,1.55075216094417e-10,12.2970085743128
C9orf110,2.34871347152381e-09,354.709936429113,104.918378950921,484.358108360167,1.61340351564602e-12
NCALD,61.7621398683843,1.47535227006306e-13,271.30770407272,6.18574196774921e-15,199.828660740631
SLC22A20,190.234217217131,189.761603676627,314.930574799917,416.104590339424,0.000761939670461416
ZNF704,63.303823343897,4.60562637403501e-16,0.0643327263774133,17.3029784179248,582.472010392171
GRK5,74.5059697512052,0.0130641804772775,157.284940911063,61.1909085547532,661.483090918937
RPH3AL,264.522573275045,0.0119277590976207,75.8849341500804,22.7244075227204,566.23139744228
TXNRD3IT1,1.24725896956858,0.000561063465680095,69.4782052733798,28.7210906967407,817.613448593128
OASL,168.880090229282,0.0461368840133465,161.766864583672,5.79375693104087e-14,0.000325918996515164
EPN2,249.52197360391,0.00328697660210823,67.5208910963605,3.5132458355348e-06,342.680687847312
NRG4,72.3814309341166,526.1424030262,87.9906884575686,3.29367026768252e-08,2.83030398276474e-12
BCAM,10.1414201027336,20.5217239656589,290.802277353513,110.758277596892,289.328126802788
FRMD3,1.21976385175218e-14,231.874442593354,35.8666213246429,481.293455624257,0.434705726261195
STAG3,245.858581163755,5.0519073590722e-08,0.218818588358486,374.946173351265,398.233532139269
ZNF229,2.05260877484116e-13,2.37975567453658e-16,487.410856724874,0.071788775180155,67.2626229878714
TIFAB,598.22211124905,42.6386539418539,6.32867483816615e-06,2.43802745436001e-16,1.3563926727346e-09
ALDH7A1,284.14748258564,4.17320967939874e-14,0.0406836129732802,188.242400772463,266.450255906892
LOC80154,225.616609068575,2.39099461890915e-08,283.947068757787,45.1999407011795,87.0999220890944
GAL3ST4,267.642634774901,2.50721807878059e-10,11.0267041773091,312.797356224309,423.159854890907
LSR,5.91906577068075e-06,5.7678385311762e-12,669.027235743564,2.93045412098623e-13,4.63487792859688e-05
TNF,70.9459121300489,133.594380572833,135.042887808099,520.768223230102,41.1701694735252
MFI2,20.2585273604976,7.13249847378657e-11,502.298762467429,184.509779928129,135.188242375449
SNAI1,138.293535522086,3.12588892377436,482.346000617998,95.2799651771561,87.3392614441957
SLC7A11,159.299952331291,2.96916274415772,1.14311725198536e-13,112.316399111027,273.331343067011
PTX3,147.583690852036,180.359954191963,139.826780533144,160.914555592844,0.00305492991038727
LOC100271722,232.628896283507,351.530348596335,289.704013984905,3.4225887396106e-15,0.00165559459550985
LTBP2,9.15429275708303,80.6478805338486,50.5698918696862,94.9026111297047,389.524549379491
CYP2E1,0.592321966977994,1.88905237171758e-15,36.7748947860173,564.931751036181,9.45987819542665e-05
DMPK,76.4983976861463,9.9998380745323e-12,129.852253714421,1.4668999704413e-07,434.676824218504
C17orf91,198.992988319271,148.511307770188,0.773071128712454,214.938165145649,10.006584912506
L3MBTL4,3.23698020378909,0.00786706862115875,2.41143358192864e-10,5.31002788809326e-12,938.419127470479
ALDOC,252.187823840571,95.3057572206324,324.923345839344,0.000332325296090649,339.834321756932
CRIP2,198.29214197816,2.68831788170536e-14,297.298748782917,2.76948427164032,3.74124456595334e-05
HIC1,155.051503886204,10.3455231773527,67.1722519814489,694.902643285791,158.323385661679
ADCY4,62.3186104031609,235.601343764102,375.62453989683,335.182853507299,2.30472423380429
C1R,84.4709597692651,1.58802037513198e-05,94.2119070415808,23.0203439521322,276.539221393296
TNFSF12,193.7221638316,355.627431915088,144.502330521818,27.7732391830957,0.01109827504755
ETV5,52.6211377514389,317.562713894238,59.5618155049704,2.06800242486043,160.093405942968
CHPF,324.022421678863,155.965149756913,222.430334342409,81.8166970932064,154.280320983994
FMNL2,81.9845271522969,0.0282054324361784,33.0877073570773,0.21919767287179,383.30683789313
IL18R1,0.0934898186594905,1.11871214569729,51.9241743640185,110.639396045769,245.029330099005
PRR7,253.930460283361,2.83944077844839e-05,566.234845801766,5.52295145774354,5.95809509989285e-14
FCGBP,0.076483913564804,1.60033325711677,314.202886434437,0.0051817666235254,116.180241173175
LRRC16A,0.259959252792986,0.000120476166275581,268.497400856658,3.23528025961732e-16,492.93008182043
CD3G,0.00145951650544213,1.37287913796432e-10,176.548065917601,3.06227579514403,95.0441261248428
PPAN-P2RY11,179.793280469021,0.00443365022476678,428.114209342384,379.323584268482,9.82214727420128
CCDC136,0.000306560935520271,149.551416962771,10.5198595681012,2.88823384990367e-13,293.02781951077
GATA3,24.8411969346668,1.17115315864419e-11,246.490999369223,23.3932079178753,347.310398913183
SLC7A8,6.80464210688444e-08,50.8586601662962,223.711157995837,214.407341232093,5.68650469735391e-07
IL18RAP,2.21135469450003e-09,0.952110946453642,108.234085483533,49.0574670098525,69.1490383408217
LOC149837,130.231537186346,0.0384785249199413,306.10287817049,4.10015752029644e-12,10.0467093302485
PLCD3,383.585698831332,6.20151689997098,178.625146703066,55.8550918412309,234.983131220358
PPFIBP2,264.924527361802,566.97886520782,54.5847010613585,2.97575420013014e-11,110.199911884631
DYNC2H1,0.106154433397993,135.160644858005,307.526037984572,160.235224441872,56.3604237056706
LHFP,118.010347231146,8.2794301948986e-13,104.558354956987,245.078547652174,271.992572133506
MFSD2A,225.344475310149,608.070054137874,176.331629031648,5.27096080649507e-14,6.82561198666262e-05
C10orf105,56.1397209462638,106.743614009932,180.869710544754,5.55424006835599e-13,433.051247658591
FZD2,434.568616323649,103.774475265106,64.9515749314037,70.1524709785835,104.762306094937
SAMD3,0.0019285826966062,5.97474624885275e-13,188.510214479604,5.85565229525516,268.313702810492
SNORD116-4,62.8997590298164,4.99261049308546e-08,349.764635573045,6.20657507620762e-12,516.118004350604
KIF7,14.4781175640576,1.19448625169853e-14,469.529225438096,38.6320974119865,190.612532576127
RNF157,11.4748376636657,1.698153025864e-07,232.076963100622,1.88927346059961e-07,105.553323403131
LOC100188949,4.84025649170857,3.95404625908373e-13,166.397532721333,290.079776290409,485.622668432307
GPR27,15.7045515006937,92.1619580261748,571.620597485654,261.456953556144,6.02331479475362e-14
SMPDL3B,1.74744708395434e-05,4.10159330300443e-05,492.056411143375,159.908690704873,0.0101083090467362
AIFM3,395.954691166743,488.253531972588,116.45380554542,109.462644367961,7.41623152066051e-14
SDC4,9.86912032766598e-10,493.247578478294,331.648310863613,244.704097257114,5.01296493987172e-06
GPR141,2.01160124864888e-12,287.983440198194,72.9953130289542,161.846903060696,4.09861221257283e-07
TMEM51,41.1711758900378,3.01334500027766,367.85691870972,7.0468642575576e-13,39.3466849416208
C9orf43,102.729242073842,1.59717254865524e-11,44.2909643151834,531.024004490028,10.1166376825348
ARHGAP24,0.371019807464642,150.347375081851,0.000338413451964714,0.621747724672165,3.0747566637258e-05
KCNMB1,122.047468027749,81.4166057143981,365.737167254298,5.13284437177284e-13,280.487488080967
NR1I2,347.320101375426,267.70729450426,100.281498690215,376.841312690495,8.34695964068513e-15
C5orf32,45.454866810144,365.809877970557,16.0055880800149,428.72131848175,48.1666530625726
GPR35,186.815714222682,419.275855271912,577.283006899537,5.06075250301296,12.619693874372
MUC1,174.447332209517,181.921343723085,288.456094489084,331.418831801871,3.12496138182927e-05
HIST1H2BJ,77.4711949416827,71.0483943968428,200.128746166155,105.3706393581,429.31470320505
RTKN,210.095569283718,1.3430448225529e-12,545.021337910648,203.183782224218,351.208799925084
CNKSR3,1.09729084455917e-12,5.13883286232774e-14,315.939918681173,7.95162354823671e-14,153.579085254833
SSPO,152.79764111567,2.67235098696965,419.647204619586,21.2556175406113,342.064436054965
GALNT12,25.423470097713,145.965635223979,76.937264823655,8.9267982077658e-12,352.473916462995
PPP1R13L,74.2462434544296,49.5732791636694,696.98640997319,15.5332992545901,238.632539568467
GRIN2C,309.136449664252,268.987828881328,49.3282062828857,383.538023446247,255.882716980087
PRKCZ,28.4078800039768,126.769868300651,614.73191053747,11.3649342749045,166.371538704561
CLCF1,49.7926551691726,199.815173466823,17.9727396750833,629.904481425603,116.537216016721
GCET2,215.290064757565,161.041198723025,8.1358424688804,9.74847862222559e-14,492.504854649119
STBD1,8.74288817261799e-05,177.452576018065,178.784195521191,44.8254660867067,25.1574686061954
FAM190A,8.29885563628652,0.0128863534301965,330.166867347837,8.68404748203328e-14,194.507901727629
LOC100233209,97.577403510304,10.6235333450569,164.883284105553,87.8178172234609,138.900335100355
PSRC1,211.148526279449,551.579022942639,123.442203520066,19.9241332051897,49.8680956238903
HLA-DOB,355.203938282797,12.8800050168775,155.793525320347,1.37065466411609,314.999684264533
SCNN1D,352.599739380065,1.76242941410608e-05,376.288708443714,397.837312021415,110.979820409278
PANX2,155.879639519505,24.6710638430009,350.722291630498,173.371115552437,398.812672760053
CCDC85C,154.59309135934,1.94985827688373,336.416531757591,84.0077711643557,394.998456870928
PDE6G,254.399090831838,133.967850082357,497.565673908961,522.02307499392,34.3517203182749
FAM115C,0.496967689997484,10.1076781901488,320.12796645678,0.907025037023217,481.196673535477
IRAK2,4.99422144080887e-08,67.7401787350915,212.89561896601,341.202835437407,333.266156705938
OR2W3,0.000772359270299444,6.16498286199984e-07,370.916525454259,151.900307755113,186.326520578157
MRVI1,0.0160197564559443,201.298767925502,68.214996011701,43.7892400955439,5.46400705177901
MAGI3,13.522446198132,13.3216014226078,16.0019284013384,394.436819229836,435.945147393692
DHRS11,250.258049988428,1.50211154127895,122.140536113795,523.047725848175,0.136511911493527
AK1,222.387889362627,0.152534314968667,445.236730099652,0.0764151115407514,236.586596681441
CHCHD10,443.863560302634,362.746120680801,366.597320247752,25.201627756403,3.21504403354146e-07
ERVFRDE1,17.3487722564566,7.82298162101713e-07,76.6547984981,255.915248272098,229.930143348737
GPR146,11.4162158452242,37.5871533562897,264.153180056875,178.799217803302,232.880264466345
PAIP2B,3.4015518228544,24.0093130003507,136.142291431314,13.0539706503396,466.29419197633
ZNF610,1.83035590382513e-08,1.02972069710307e-13,55.070459460595,0.00118480282413063,217.868669252784
SPAG1,3.4654191554928,339.953126541853,56.1739824455951,7.23512666666031,52.9563511176825
KCTD1,208.345900674889,150.700391032683,7.58228372658237,226.843350292272,0.00806717813695529
CHRNB1,206.278391299073,98.8238141035832,0.146676350924304,735.527980838785,38.7296440522344
C11orf45,53.9764255657819,34.7242863814351,263.398110502616,40.2804505315158,120.558643617
BAG2,110.469856317798,13.8728106681192,163.935278829341,11.7801224376552,0.60696267913786
CENPV,471.336166834885,1.51151834720997e-05,12.0490391871408,136.991737839156,5.46045960205949e-07
CDKN3,130.993333703556,460.924264796518,0.911555126200806,18.2020119298983,126.550969010165
C9orf64,107.734423462368,489.205962232598,0.0282724767912314,20.8609764992856,6.92980993456582
ZNF579,344.392234380858,2.5469974665954,671.815345416102,339.50219909694,0.000658819324556933
ATL1,68.2773721816634,108.554390496313,1.14417944721471e-05,23.3465359863135,261.196965338493
APC2,303.110330940849,205.808505523424,301.131668777461,92.646108848741,101.82662814779
C5orf53,5.36638850575347,125.255730628691,63.0146413751659,230.05077168015,485.297111419358
DGCR6,199.333215422436,74.7886180402794,513.591612404334,510.486334132742,0.716286549361357
HHAT,229.424006639052,99.6870143949142,1.08766016081917,17.1823161736517,446.906876524585
RAB43,175.965610590512,0.036580588007552,222.607130335137,264.172785005987,333.611210919985
NECAB3,542.000634622568,224.554157749182,143.190186175273,349.047199354978,0.00144068890616951
TPK1,147.105168608882,396.230716128279,0.000557920373397243,0.306561079055548,7.86418734812934e-08
C19orf76,538.168800157863,3.11153465242253e-12,212.396561292305,267.141186075157,121.44607234668
MEI1,182.089489464387,263.545084880156,273.346757294677,228.983973478655,188.080636447925
GLI4,387.034279722307,72.6746270217431,608.926700333867,232.455568579734,1.9686841474542
KMO,195.924278259535,120.175418571484,0.00310276838852721,0.481115215610623,328.464448102334
PTPDC1,33.0414368081284,199.999713529712,31.247090025405,61.6734715963572,166.901012139315
CDC42EP4,163.518943288735,123.378815492457,146.099698422812,542.692457112677,112.819143672809
C6orf59,6.60093061968978,4.35993361647987e-11,158.528977206601,269.35879987849,275.35416556455
POU6F1,102.15038019356,0.0577005156377059,149.764624825457,565.344319765275,414.282647011262
LIPE,104.449309568191,30.5206491067673,605.777367129158,3.36761723779927,96.8154948993499
CCRL2,46.0292786674658,83.9814294423438,159.257863498212,137.057976711955,0.191585191050518
ZNF486,1.71608052908281e-12,8.55617475575903e-09,160.580764069542,157.285330673038,210.783855002779
HPSE2,5.71469454564859e-29,1.50518338938093e-40,4.42171480593544e-27,2.27346021487025e-34,1.06611104736724e-40
GLRB,6.41670495835454e-25,144.677452992181,7.65092150363373e-25,2.16476480140074e-17,6.70836829643461e-21
CAMK2N1,3.64903999022418e-21,1.53467942899286e-20,1.61435031737733e-19,4.12413027262482e-21,109.9212437074
TACC2,3.94847587065908e-15,3.06043156505443e-15,9.44045852456275e-07,3.69731594595221e-13,1.76013018221765e-16
COL21A1,5.69337980450005e-20,3.23790908490494e-28,7.59490928615455e-12,1.74587855355854e-25,12.4476925371353
EYA1,84.7700585377714,8.94445884075991e-21,3.87749463895948e-16,2.90080916417043e-22,182.919267801641
PDE3A,7.72037296737575e-14,1.32503762195035e-19,37.6532695177787,13.8275316530738,1.05242783153852e-14
CNTNAP2,1.22443502895327e-15,6.46089283029299e-16,0.0011681754036003,2.39145560341053e-18,92.8278217200254
CRISP3,44.7932789403587,1.60955742043669e-06,19.9541852941179,71.8602573941179,8.82421009643416e-12
FGF7,2.69335203657356,166.628874571926,7.21352641550224e-14,1.20994233967358e-12,60.0874318698919
BCL6B,29.2976512365588,2.27685735862173e-19,62.4582079547547,30.5546233735952,227.607081031291
KCNT2,2.89400727255052e-23,1.99116703955628e-27,7.73373292741204e-27,7.94163466902418e-34,1.85739558696062e-32
SLC44A5,4.35133389761041e-13,1.37410004178649e-13,9.23615649209246e-11,2.7163714980812e-15,131.199843147758
EPPK1,3.12669775257188e-15,3.65066740689118e-10,116.603994338525,3.41579817531347e-15,119.604720845638
FAM167A,39.3812136143901,1.06674924754122e-13,6.00587478258836e-09,1.35210451498115e-06,372.926379288086
PRSS12,7.73732346345243e-13,1.99871948872504e-12,1.2128315118509e-13,620.35451121618,7.02881461325306
DKK2,4.99377706449861,266.229730793384,1.62042805200496e-15,3.30209877345942e-17,122.017451861955
DSEL,6.5182327581356e-11,1.44783162809815e-18,106.407407838465,2.16067437816303e-15,181.050483535216
WDR72,4.20189458797556e-16,3.85749026000335e-21,32.3735005387446,7.23624706160752e-38,8.26740015010731e-19
GOLGA9P,309.92948464399,118.265342354894,2.22026881955766e-13,0.075965430305771,7.24889542247741e-13
CT45A4,8.31546343514992e-17,157.488581376464,1.24430151058126e-26,1.08709825843779e-19,9.39042740521462e-29
HS3ST4,173.044906161944,0.359576843318339,1.98880012456728e-18,3.91442798221268e-37,124.565924096367
TNNT1,9.20545834073686e-12,0.00568385864602939,328.217553003357,4.40913108470097,2.45846157547447e-15
KCNK1,1.83929629044737e-18,4.4837577497207e-28,1.62085621625797e-15,2.23044968661801e-21,1.81426529936182e-17
SLC22A17,24.7472383141958,7.36699233684978e-15,16.0733171130986,1.46768476542807e-13,58.8028697710905
HMX2,164.530266002805,77.5875778247966,9.85325693083692e-60,8.36211451926588e-104,4.25941113760627e-20
CSMD1,75.4266508627431,197.883652593485,10.1494657761513,2.81542385164138e-13,19.7157348060195
KHDRBS3,66.1329187412156,9.06882456132465e-16,6.86272056659645e-14,34.2739674771922,11.4335326586914
FLG,0.00147640699627763,0.0190319220784917,110.726458310939,0.0359721823980263,4.78259104466941e-05
ENPEP,12.7875760633019,1.36622121927163e-12,0.000141329558979089,1.80124730457578e-06,66.7023326378648
F2RL3,4.99350393141434e-15,1.05028283361486e-17,4.2507780626695e-09,3.78598318324135e-17,3.44929702007022e-15
AKR1C2,15.1126830432091,7.66543274420355e-13,5.04477020062456e-19,8.49782780756728e-22,3.40631333489268e-17
C9orf125,1.48353863036259e-17,1.1147080426397e-21,1.54636665342256e-18,8.26643582978197e-20,6.57410479956464e-17
RGS5,8.73047017048274,0.00557294645162039,1.77249178259219e-12,65.9394521065182,60.8170260579874
NKX3-1,2.30224176831777e-12,2.13001927333688e-13,2.43767931266954e-15,8.01136612806685,83.4184494338684
CCL1,1.38683643795132e-13,4.15941614242626e-11,22.9423931939659,1.64790465924313e-18,8.71768251674008e-18
FOLR3,1.12474766774976e-09,7.95994770676944,126.610489362398,42.5278423055489,1.90524666075707e-17
KCNJ2,4.52300286686246e-16,92.079411718965,7.68398370537309e-06,13.9789440374766,0.300580252747035
GPR133,8.65041149189183,16.4133645449315,89.3420605082456,1.30905594988457e-14,12.726906076763
TRPC1,1.29611533573431e-14,6.43177072088277e-16,2.9353504727814e-14,1.80154015863802e-16,149.759857699266
ADM2,0.584248841499813,0.000990404369985685,176.866848319421,143.847877115869,125.806383275034
TRPC6,3.37145037322671e-18,3.25865948059337e-21,1.0465006730765e-19,2.85589757707156e-22,3.34412102840136e-21
TP63,17.8662323419446,91.0843530678228,9.13055470536488e-16,2.47930784396823e-17,21.3596037429603
RIMBP2,1.27057059005931e-17,4.12871456251835e-16,69.364925089584,2.09898996638134e-13,53.1767545767194
FAM174B,149.630977468784,91.8640685940917,57.0505547759708,7.52020962338334,7.54418982331147e-09
SLC7A2,108.436803103964,9.37561002674845e-11,0.0060720350569608,17.9830181475881,110.522229868132
HLA-DQB2,318.26850898714,1.74199467288178e-13,0.994997909790489,7.69010065887008e-22,10.1460650031606
ZNF483,4.11786448790926e-14,2.14688103733079e-16,51.5423749559285,42.5625074900424,0.109791407811817
SYDE1,3.32589380921367e-12,5.79803014961432e-17,330.864558086848,97.2459300981168,0.000230179607345268
FPR3,3.16469130867408e-10,2.06588883422841e-09,0.0288709486254524,0.0410888868589576,1.76875191892956e-07
NFATC4,2.0613959389312e-09,1.49663212059018e-19,233.060095599876,3.4206448899461e-17,8.45219299515171e-12
RXFP2,30.4590233176661,265.220118036523,6.06870380750926e-15,0.0279594869190436,1.11519146073505e-14
GPR110,1.06368035367247e-13,9.20975411788712e-23,3.00007971184794e-16,1.58656915051918e-26,319.174386047343
SLC10A4,5.84743202947499e-14,3.56948903601476e-16,2.83844766472476e-15,1.3133313187845e-16,1.16048531135011e-17
TOX2,235.160575037654,2.32398646434335e-11,1.10175243043522e-16,7.20920995966546e-15,1.78396660893996e-07
SYN2,6.4412585236046e-12,2.69101638096715e-12,144.296151982696,1.69178889010389e-08,50.2959678625276
C2orf85,1.28794983905676e-18,2.40220233390893e-17,105.689971792682,4.82412672714029e-21,142.779136379369
TPO,74.2284989871671,3.62384283599699e-34,7.91273027892812e-13,1.40114412715489e-13,2.43668071044235e-07
CHRM3,1.4048926594698e-18,2.42430422413364e-20,86.2075917876421,6.90415094242938e-21,69.2299184476466
RASL12,7.93373396464171e-10,7.93193573409315e-24,2.57101563334005e-13,264.77832170212,1.08172977250533e-26
KAL1,3.02389003143354e-12,195.92906557015,1.82404624809279e-21,5.16921636019072e-19,5.94708866428541e-15
SCN1B,177.20925182446,1.32747377044563e-15,5.97062612473133,2.16801436272943e-08,226.477016366105
FAM19A5,9.16110423159052e-13,7.41164425356877e-21,12.5696183441414,232.269023719792,0.676461674260431
UBXN10,15.9731081190405,0.0120355736843059,34.2788007631628,0.12032510275262,2.5911424963445e-13
GDA,64.4344944362588,5.86534643906711e-38,2.80527834303423e-20,6.02519940531454e-14,5.85382146971635e-18
LONRF2,7.28463189585703e-07,5.12970835835961e-15,0.766902812370913,0.0885860181727952,26.2001112044588
PNLDC1,2.73226122352291e-23,48.6284418060941,13.447504712225,3.60727471811618,5.88709172613577e-13
SLFN14,0.0602319329973676,0.000913247267266995,16.7282358728919,2.61128454254726,45.8897529154409
SLC30A4,1.54155373494739e-16,5.01449406390411e-13,7.59746521367797e-13,1.03268875255291e-07,124.486451695378
WNT7B,54.3471495273955,240.560124722183,1.15605276397858e-12,1.95708803001594e-22,1.4696464807161e-22
ZSCAN23,0.230185012021112,5.59534234642909e-16,55.0407498134849,176.19294216718,100.17036965225
IL10,4.72658183872859e-12,7.77043395993969,70.5229973783902,1.79902973772692e-11,5.79488468706492e-15
WDR86,20.8814137528558,0.148053420663945,37.5188480773915,59.5745080474626,8.51208339978293e-16
PLEKHA7,0.171758338559641,56.6007526199798,0.000395070025102786,157.314540814409,96.0998133897883
APOC1,5.1268101754184,13.6526731185945,3.7141659780725e-10,4.22183927086549e-07,1.26141597486281e-18
FAM131B,1.47007946823454e-05,121.548018254506,24.5875929242411,4.34191886118652,143.343752472663
TUSC1,49.0171893070123,1.06289092871366e-05,279.019914789801,170.072593109237,17.7469930582452
PLEKHG4B,9.16552525259375e-14,7.00208376189922e-05,3.53228881216466e-14,1.60018348847163e-22,160.655018387493
LOC100101938,5.75923170100237e-11,2.08472788154468e-12,25.5719008290104,30.1292449492695,6.63641244147332e-13
PABPC4L,4.76330535679469e-13,9.69552641019555e-20,17.7488920859522,0.32580472462193,42.7233885122566
FAM71A,89.177198634673,6.13213785716706e-25,2.57644786034754e-18,4.15059022328134e-13,118.974561013204
DLL1,3.7188924471914e-11,7.00924765029861e-11,216.770320460508,80.0644413550444,199.132062185528
GDF15,20.3347482027415,41.6885615598793,39.1429174983386,1.7264361960593e-08,9.68598429148074e-13
CD1E,59.4011455731681,8.06764740425595e-11,5.21322774130459e-11,1.39642396069417e-15,21.3419929767815
RNF150,1.00625486833655e-18,7.67398308417291e-09,1.12015521319389e-12,8.05062505210255e-15,123.452539410748
TMEM63C,15.6659499534084,0.207023391774898,219.764436665004,8.68949886633966e-12,0.017500335494374
CECR7,2.0128809109884e-07,2.71820393652212e-14,79.6854819755408,6.65507663383006e-13,234.687795218909
LPAL2,109.711393935493,59.5983328318438,192.154065849783,2.55653360119419e-11,68.2955665523438
WWC1,98.6942936602668,115.758090207719,1.69778096962561e-18,2.2427411221486e-19,9.98880929969685e-22
GPR85,86.4457123325484,84.1727183695143,5.0452005263301e-15,253.613174812602,2.31033986239301e-13
WASF3,45.8408362233775,0.135496440205895,44.78354240311,9.58331713885512,116.958064794397
RUNDC3A,0.000645919208729068,5.73129363110674e-05,80.6500356384059,42.5122160485554,5.4809042481877
CA8,2.55113607877771e-13,8.80036271348105e-14,65.5101874728912,0.00404574182914175,2.86066333946497e-08
GREB1,7.52677990357182e-12,4.83536287159194e-16,58.8996698157195,67.6529286911032,41.2358282293834
PCDHGA12,107.746761538846,7.38268719495907e-08,0.0565210136385448,16.6573810898635,341.933547608309
LAMA4,0.00914517849143726,5.02150485013303e-13,1.40539921696444e-11,22.2891659524065,72.0294770147209
STXBP5L,80.3791677994614,51.7521752767739,2.91448288822953e-10,3.7575401573374e-15,209.447827426238
RHBDL3,4.70637538450805,40.723160247949,3.90610532740017e-13,3.65771134401098,45.6424483229229
FZD8,60.4146217748236,58.7437971877417,37.4239538484517,1.07362940749726e-18,56.8984176214277
KCNA5,88.5784475281971,1.34095308245212e-13,3.07029259520285e-12,1.47210136427616e-21,233.859460122432
WDR17,95.3097758621017,1.07661715696335e-08,61.7788025108533,5.54404318505055e-14,211.969804472113
GLIS3,23.4271242767378,1.90781960265376e-17,47.535039803883,322.543082138628,2.76593731623149e-12
C19orf51,82.5864372662204,1.12098794466247e-19,0.00749033259977438,287.85494825709,7.49565961242873e-12
PDE9A,1.05809731919348e-12,1.15163520404077e-07,208.67166786754,1.54608556696819e-06,174.032619859197
PPIL6,6.60243279629079e-09,0.00377423198581439,247.023091024298,4.61040078639777,143.295524696373
FAM164A,0.00079103679799611,35.7415924949939,4.29158324667057,0.000312620496296879,124.537298133381
ZNF98,1.24104816185292e-14,1.40971432335137e-08,279.466375721939,2.82634440502501,39.7664754752426
C15orf38,0.00489697362124674,0.0420044713965641,22.3312398946884,6.66097829177451e-07,3.25215073603888
ACSM1,72.7755085777657,1.0749170278581e-15,1.01926503341941e-13,404.624925754207,4.48893967102731e-05
EPHA4,3.67091643880986e-14,1.00789406480943e-15,38.4954682854561,1.17288097373242e-13,140.223744491258
SLC2A10,59.3966493792921,118.772627427401,19.1947657398389,4.05026053694733,1.88814561865454
FMO2,1.63972678302248,18.269630164285,7.71308786082526e-14,51.4884780759198,162.814733341687
CUEDC1,110.933114440763,57.4885225197199,67.1848951841626,6.24339095512165e-13,191.38365774733
FAM110B,99.7189907342106,149.249940236645,2.26770915101298e-13,113.562151885226,9.10429566785279e-13
TMED7-TICAM2,3.11348091403967e-13,97.6571621435134,1.61982992926743e-05,7.89539028970486,75.8124488322674
GP9,0.215314646969046,2.10580673439578e-12,94.0819714119517,63.0422194416078,3.15380651736201e-13
CES3,0.0793135726504833,1.03644249266839e-12,182.250327206981,32.4589335302139,3.49158456307373e-09
FUT6,2.00368952392215e-16,3.19018885810686e-20,303.567963399269,5.06096378705844e-06,4.2860843349866e-19
PDCD1,0.00483616952767707,8.30262440533876,179.688266483454,29.4897878666821,100.481233822394
KIAA1377,31.1969306890055,1.52859075424946e-09,103.933280482827,1.32514192811445e-07,265.232699777336
AOX2P,35.5118471464573,0.448770116293842,23.9974852653449,6.78526143352523e-10,6.37951580253314
GFRA1,1.40478506476054e-11,5.63809817411788,2.24206339647721e-12,5.08941847414488,144.884245129522
SLC2A8,251.740095969883,6.04814667905184e-06,87.5103407800929,0.0621744303498034,78.9445480048861
PNMAL2,67.5261283097318,4.00819070844779e-13,144.086686716007,0.199104677852739,155.402627310221
GPNMB,8.93647834215642e-12,62.3419759472715,17.6975005673392,0.000960736885783676,1.0435123293443
TNFSF9,234.102383083681,131.106359921383,31.5290882158245,9.91761996940279e-16,41.272978806716
ZNF727,4.24526571643213e-14,4.60281501748206e-15,99.0840173223869,126.364453326123,65.4183997724216
TERT,96.4055648918528,2.63168577762171e-10,112.728669607662,2.12924256276882e-14,112.591624879336
FOLR2,9.76018953858737e-14,3.59652959550404,0.899985043940117,9.17492429386669e-13,3.21867872497956e-14
CTHRC1,0.00730715490119927,8.79396156656707e-14,0.265076644424526,1.30017374477514e-12,194.988087611328
SEMA6B,2.54257340050085e-11,91.6999005340569,216.249395898464,147.387608662102,1.55068911110079e-08
MYRIP,1.54508042340575e-13,2.96977143696233e-07,40.9900449450772,3.9254058555238e-15,102.170825744996
PKIB,182.393171860962,144.260408408329,17.0277191658749,8.81503681233654e-18,3.16791716989448e-12
SCN8A,5.46947634995248e-12,16.7363896971547,0.0207019641763845,16.3533156629053,34.2503993589665
GSTT1,116.546954680678,63.704964248234,123.328051558124,3.51660507697462,1.97664356313666
DFNA5,23.0435645013075,22.5709979839057,2.15961798199866e-14,43.2144266837703,100.788418643944
ZNF853,53.6701710228299,7.20595223050985e-14,42.6980647361569,252.140718030106,235.321501736275
SH2D2A,0.000137484494826718,4.86864593546751e-12,362.576808109977,1.69703164223547,70.206270191451
SLC16A6,1.26108841044843e-09,0.0794503875522017,1.21737604440493,3.07667542547244e-11,74.841664852089
FAM19A2,4.98732740625399e-14,3.25157547456191e-14,26.8144604847998,1.59980939211928,37.8918001489609
SH2D1B,2.38008775481821e-13,0.135470626591732,172.780346209639,23.5111412870046,44.2417606562724
TNFRSF8,38.1477228463263,8.54752698930935,134.519643399532,0.0120907478186926,0.113068205275394
SPP1,1.77168459232095e-12,1.57702429391034e-13,141.257374928036,136.468356383825,63.9847746353087
CXCR5,25.7766743665769,0.309920135371939,229.438155626555,38.7795614343611,0.0598938492133473
GPR88,39.217719968226,124.063678121627,2.35554149200522e-07,26.6267771657093,32.5296236216097
SYNPO2,0.581300436481736,22.4235151157721,2.59826755881722,22.2561510347554,128.407509160697
ABCG2,1.73483051984506e-06,5.97687684424932e-06,7.98021407093269e-08,5.23282627702636,337.937089889951
MAB21L2,1.35902299371027e-11,1.00184136476092e-13,281.473488103323,2.01794118287469e-06,86.7354296926744
JPH4,6.45380359307193,140.886829850101,182.332649591499,8.84933932339633e-14,51.9882565247257
CD8B,43.3514582551298,1.29761770048113e-09,123.809554605291,10.791676140096,16.6156438417542
LOC344595,60.0917362756839,5.84180514948469e-07,100.623695504766,5.09189939761522e-05,54.6732532313289
HAPLN4,43.3630455797036,8.57887776813148e-12,94.0626763823617,214.883833575041,45.2416386234526
TLR3,4.50262503885996e-15,2.37047943371477e-14,0.000170954505732326,4.54154951810874e-15,120.599046409531
ICOS,4.93654262521456,1.31974827793397e-07,79.5826089614431,0.011383986416438,45.5917375416261
PRTFDC1,6.91913197178077e-09,1.99511890118624e-14,18.2825451628991,3.66740423596137e-15,180.464518026985
INTU,0.00902423664283356,2.07745255771024e-12,121.025512863199,96.9797506806914,19.8980247771402
KIAA0895,82.3855041434471,27.1575052828627,4.22316904353475e-08,295.644703775254,21.7777388899879
TRIM9,156.597834393725,32.640992974801,27.844556616898,6.04003518819691e-14,229.391260721031
CXCL1,2.36746860811839e-15,68.4260875414137,147.270148541928,13.0536954598586,5.3885836536619e-13
GPER,4.71957866079992,33.5328626371074,39.5048864982993,18.4723336447131,64.2807893349168
TMEM163,4.24092047122665e-06,5.23565932501128e-15,322.96289280115,3.12731198896433e-15,40.7554677369942
KLF5,16.9737960737772,180.826109986789,32.0798952355708,33.5506986766768,3.22984422178471e-06
NUDT8,268.248995243538,82.1591615053226,190.241268309165,3.02403522802214e-13,55.0329544702635
KIAA1671,5.93527863448533,2.38629802586457e-12,61.6072344866169,29.1979148303345,220.094085207525
TRIM7,0.00274812132640629,98.2588276033689,1.74682755427447,1.98117972832607e-08,82.4935574209525
SOCS1,32.9779007160461,7.71896861268601,159.417923827486,171.125406534925,109.455340684491
C20orf203,6.92239743416082e-10,2.50156283562345e-14,194.643585543306,2.78637380793926,114.752057626745
GRTP1,38.2875468936434,1.11904278776008e-08,29.8289688185363,255.160599896036,38.2025547737529
CYP4F2,44.0357060230955,8.79434096894293e-12,9.4393371506754e-13,189.48316368863,136.439132858211
FAM64A,102.063157296785,164.463113605687,19.8197656650461,2.95100660665884e-06,181.558487686234
CLDN9,4.14363315250252e-13,51.6745534154372,231.514906460333,152.654354813439,11.0773829597848
MPV17L,14.5815199696757,128.880136619536,154.027006224243,1.4561925788695e-15,0.113033784068685
ABHD12B,7.61360078316314,0.00285886034900297,23.791875247043,63.7403014167657,251.251393225678
LRFN3,93.5452691713913,14.4744063980002,214.225043612222,48.3662151488544,155.267927726596
SNX32,127.47839526067,3.43798273956037e-09,242.848301451854,28.1466722650528,129.030252013616
LOC151174,50.0421723212641,34.499206365618,31.0814165009781,329.702207501565,17.3855658212015
GDPD1,0.00574831357106706,2.04550390450854e-08,6.91708159689822,2.46411765622208e-14,214.315779084695
ZNF578,2.18430047747836e-14,7.86378119049838e-14,150.472411756757,98.3790619495664,56.8948783685411
GPR84,1.67407365365021e-13,121.027925676157,80.9744257437948,20.9493026808371,2.73709067606158e-13
KLHL25,96.232958666121,7.93701740254084,102.556132012738,183.211999589474,29.3564928552659
ILDR2,10.6199972238124,67.9187683385192,5.0988678310732,3.67419327305569e-14,21.4517919379864
HIST1H3D,88.6292874581778,2.89935283248628,147.434521418205,4.8955900745145,190.92067432921
MGC16384,20.8556068155569,47.2302271270146,78.6297041485255,75.3386579815607,302.10263902424
CCR4,3.05076328481326e-08,1.60467158192563e-15,106.354994377341,2.28040659294239e-13,13.3232985970226
STARD13,89.210157031297,0.027259691969153,21.6776652889389,6.53599562848632e-12,2.11412129465521
LOC339524,0.000147770900423365,0.317306044861426,121.452842402549,125.426879602464,24.5365297418436
LOC90246,1.19483088143171e-05,2.719982255532e-09,87.1673491298358,171.751546841568,127.917677054147
FCRL2,21.0512481440126,15.1163951015011,151.235825281488,39.3047041004963,33.6157338154757
BCL2L15,1.76107645581961e-06,125.281782201134,4.89874488036356,65.3476245619772,25.5721936882194
RILPL1,3.65644070027727e-07,17.7890665834438,18.0875476063727,312.056774741584,54.9695703399347
PCOLCE,46.958359829153,66.8386224400475,63.9559424872537,113.474456672134,59.7332878340891
PPL,25.2788782483343,1.4550777603714,96.1653614119524,132.778292516128,53.3045209597425
MXRA8,146.697593159945,38.490563124825,105.545418675565,30.8869804653895,111.328908056834
ADM,32.070345918052,0.359874606739585,91.888107909739,159.373512328551,18.6311255105759
CAMSAP1L1,0.62269812150185,249.532595181428,1.29705469348352e-09,90.1940499986427,7.2238786737373
ABCD2,53.0003691883617,21.5582150001821,9.65588464907897,1.21653627758612e-06,121.455421102834
CPA3,3058.26572719732,2.56724744753452e-17,3.88261907079956e-05,30174.8330630309,1819.1323671916
HGF,1.05937040769662e-13,1.29484556256783e-11,0.000230943235552156,29647.5794966187,4236.21369113209
FAM107B,17943.4971024772,10269.6180858036,3.93863991176723e-07,386.774012481126,0.000687618301384782
CTSW,4851.05528274045,0.143639636194765,5276.58572082612,29948.8005943924,112.409756325682
MAN1A1,330.917600588537,7.3351006742893e-13,0.000364027877098239,4677.90792523727,23914.3798907408
FAM46A,4555.69024193325,11734.9442603095,0.000108631156267822,11634.8403914165,1242.85959465161
CST3,9910.95820184029,13912.7404080732,672.074193347035,14043.6064036626,7.01615675555708e-14
SERPINA1,9.71817944544682e-09,8418.01585785726,925.623742710933,8490.2815629569,7.26205932388572e-14
CD96,1374.61507149288,8.30317422007988e-11,0.97163107369258,14235.8257560328,3.46299295624988e-06
APP,454.224472365254,1.06430035184606e-08,7457.14112759661,4851.48380621558,18135.0957873195
ITM2C,5105.04044215244,1.64866863326897e-08,14437.2255324224,20195.320190017,10291.8598162431
MNDA,3.37784908802394e-06,10656.5058278642,4.4292160894499e-11,9251.0187286548,1.88741103024974e-06
FNDC3B,4.10904984361175,4458.20484900243,2.20351590535586,28735.0311692045,205.834778762377
AHR,4783.93097304019,14189.8623397091,1.08852283533837,2.22318334218983e-15,4218.28607332202
CD68,4166.54959895153,15766.4148204705,274.823049505585,7863.35722035469,2.93722438799466e-08
JUND,17079.0964375343,90.9153948925168,10923.0475171345,7917.99222021156,1272.15798245646
HSPG2,7.86489802059945,1.95910396004352e-13,19826.064242825,3263.37428258691,3840.84934141705
HLA-DRB1,18056.8530401825,8.1420683329581,29.4925442689536,1.36078250332059e-15,6528.1749390038
HERC2P2,6063.02541760115,216.252112665312,6223.30531032874,855.662837083413,4615.43184197718
PRSSL1,8520.97496223356,5.8271836198207e-07,6547.35232793349,23000.6593383507,4.99638150834032e-14
HLA-DPB1,17227.7459650946,1.75913475497441e-07,935.567667422082,6.49954841147864e-16,9606.04305167228
HSH2D,9840.87064832111,4214.57822875252,10819.9874431778,7824.88958942434,2.91569382030506e-05
FOSL2,2428.76671333156,15637.1691597538,9393.90801689084,6642.01991488877,3217.15157445167
ATP8B4,6.8933755944121,10782.9417419926,4358.32685637198,9806.65712308055,148.021307159893
UTRN,0.021884187885102,683.550183389844,3.35030328782525,1663.68630793795,20532.5568801366
FYB,1.2707118875856,3686.04214547227,2.44217281534522e-06,6660.4442299345,3047.14841352987
DUSP6,3358.24425101493,9157.73244898598,4514.59077459284,2.55874187473594e-10,4909.73354574017
SMC4,1454.31450650198,8527.68789541888,0.133369642701485,88.4181540534329,2119.56055369735
FAM101B,1551.48742355175,15385.0381808044,2698.32154832835,15704.798109352,6634.59232548119
FKBP5,714.663507702474,10259.4608094612,1861.60486479192,2590.77468770935,15653.0619617652
COTL1,7124.99366706995,6514.62934238188,6108.10421184377,610.616327783872,31.5377028416156
PPM1F,110.997056739133,2417.12546268408,18761.5503817101,1146.7362799997,6913.47233500793
PPP1R15A,11682.8439843938,2822.71555748673,3229.08333167688,5348.73200155118,8588.29530515432
TM7SF3,4765.55075050133,189.770143072165,1756.46679203636,11892.5928749874,58.4164273933455
LAIR1,11318.7309253023,13261.77773669,2520.45252784886,7965.87042638413,7840.61606130716
BSG,8224.85790466607,9014.38891214268,8970.83291809983,16865.3587771608,17.508560626125
NOTCH1,1150.38997481791,1585.71447694036,16602.3738443889,1345.18394569611,12269.2977145043
RPL35A,13316.8458337074,553.407789304082,176.740444656198,12343.8470638631,1151.31751456559
GPI,8608.01197330609,5114.01427790003,6058.59663751477,17202.2374236384,0.654318815926525
KIAA0182,1403.48216234535,3116.15064574276,5870.75830987742,9178.26393792053,5537.97706574259
HMGA1,11320.0070169959,2184.52469442034,14913.8624193461,0.0313265221319716,0.0398281306598266
PDIA3,7102.81836791653,6583.52501733428,195.789383198042,18991.8209801175,1506.90623407416
HMGB2,3875.72809481955,14401.4699111573,3.9002173786216,8664.03242982313,5498.82804388675
ARHGDIA,11880.4611858958,8168.61947250661,12539.6544324041,10823.5758259142,3.76256406385589
ARHGEF1,9033.00823454879,6779.72917036266,19181.7861838527,3980.43141613852,3311.56682523202
ACTN1,1284.1718230571,5879.44009187632,7820.01129300937,15530.9501493383,1.01737434631315
CYBA,11623.7664157913,9546.31857365977,8275.94963560453,12364.6090742482,1069.79394652018
HMHA1,10275.4236508404,9445.2106250017,15201.2242377352,493.350460619539,3884.66506348555
TGFB1,5711.86919442319,6374.25725670592,16588.0095709726,1268.90746115722,949.971387810542
BAZ1A,3365.04514743676,8941.74810783284,0.029454638088071,11033.3453519649,2109.38544194492
ABCC1,3569.31736075243,0.370968066010547,11689.8297742283,2265.44962041458,6536.33653615557
MEF2D,14287.3459046516,8615.15616760577,4779.26167841779,928.01902444788,10016.5683872897
TMC8,6860.58679264108,2187.98169487065,15852.6264228156,95.6462577880939,4812.89155025566
IQGAP2,2.17299413083457,1380.54514295103,2685.7750589636,2072.0871442095,13792.8492076555
UCP2,11956.9923597418,5229.21856217229,9242.46939702252,1003.14420914626,30.013570635979
CBL,13.110206504629,7185.57155531518,5290.21933161198,29.822251447874,10782.603566278
RASGRP2,7606.2859740478,3529.66576326868,12159.6826599221,10621.974571983,6813.37798781161
SPTLC2,169.346951896318,4204.45453550644,5864.10132032119,3263.78639871571,5626.97919111876
CD37,9710.86923228597,7536.36095390084,14740.5483124015,454.501128785564,2509.74121638668
PTPN6,8297.89593400908,10854.9893340742,11450.9360538642,4444.61018822942,0.0166378658644281
RASSF2,2014.33097311333,10948.0502185022,3995.98435116332,6144.13938853469,4039.4994030504
PREX1,4654.88650652152,8535.04513088892,11396.4563768985,404.541392258238,10899.7346421185
JMJD1C,12.8636035156878,2981.69749250852,1498.35400324224,902.257969960279,13729.0288371708
RANBP2,358.227194771932,1187.86667996792,2179.90357255351,1620.58494648177,14951.4203810529
HELZ,1.619763779212,4881.85384181407,2190.64169309083,912.251038198027,13118.6751451007
KDM5B,1953.7552422019,0.99461787323171,2830.82316467297,11090.5689619523,2686.05251886645
SATB1,7667.53816368752,3163.13164741101,2110.84292452326,3774.96352514473,15078.4299383798
SYK,3994.82577611378,15071.77222639,4696.06844251207,4279.99920492861,8792.47112168243
MYL6,6302.35235580358,7206.30116676084,6074.32437464464,13191.6974901911,445.418437124932
CD53,8647.90424826704,8690.90230229869,4088.43916360145,3390.56244260677,3785.80005653263
SAPS1,9400.35773909869,6154.03525733304,16822.9817634155,6898.51882641085,2315.67721233298
STMN1,6708.77822336934,2768.17336816059,635.728228989976,8629.8402468362,7021.03320463394
NFAT5,2.21583513980932,1389.64864018097,2818.10659292273,7708.99771922932,14140.3113861973
AFF1,1105.15846979073,6586.58453080521,6730.76729509708,2170.73733848803,14538.2522945684
LUZP6,740.897934474918,10664.7927192335,0.0398473257869057,1453.85536272312,6593.84937005456
HSPD1,9047.6216024489,3021.91854047364,521.983319979534,1284.43525033516,675.358096312476
SNRNP70,9600.64836533541,2583.97691282287,12488.6622607512,7786.67803443261,3907.64557194611
RREB1,4723.0602563886,3297.68457067185,4498.7861941719,16653.1924683399,4354.2375779763
ARID1B,3676.55138362294,961.708805421049,7226.90720013104,4824.42230584813,11763.2107271654
NUCKS1,3052.6567349304,6663.89172383143,1.86398356868972,2653.55960504164,11213.5585174587
RPL24,13537.646737232,524.610103497587,63.0019823173072,9239.918925316,2819.38336789955
PGD,5921.37782905135,8077.10584942404,2605.91621411644,10958.3500835456,63.3117768453654
UBE2J1,3914.36254093696,6259.01524962482,74.8151368420417,3378.23714704527,11995.4107558472
ARGLU1,2481.72194651123,3795.2702823694,5953.03404401095,7040.72425968948,12745.6943286279
RPSA,15777.85029873,908.749003861584,3512.13149606136,4780.44980668379,606.227816328158
GNPTAB,1191.22819886059,2412.7386626002,2101.43231053324,2359.66583445469,11193.8437283239
RPL14,14835.711172596,1665.8954230495,1139.88456710435,7739.26029386116,1009.24338248565
MLLT6,6118.38574399684,885.720056215857,10622.5615604594,3316.07249531145,7054.18470986986
ESYT1,5709.2239091687,2219.45610490932,7946.79996337225,11898.5291148286,108.534527845737
CNTNAP5,8.51722544556875e-41,1.61249969474092e-22,8.85371269137099e-25,1.11401563917183e-37,74.5650590663592
COL25A1,8.88556865558881e-25,6.9885254335721e-28,1.47948187302678e-25,1.89558068510286e-32,3.9242945536422e-29
GXYLT2,6.8278903915447e-19,1.11086497177421e-18,1.64774910738482e-14,101.457116226172,99.1846827491283
DKK1,1.4455804059623e-23,1.46763413802066e-33,8.8761136554484e-26,4.32378604337601e-32,4.3699167456119e-29
SEMA3D,3.37701121762031e-18,8.79033666317916e-29,1.07926251857779e-11,3.57002910202404e-29,14.9730087589032
ADAMTS18,6.45970223138583e-16,45.0006235058924,2.58101346189797e-14,440.430490038639,1.12892133862927
SPOCK3,224.34801793768,1.41320978493981e-08,53.2962566232395,2.262993999928e-16,0.101126130031687
JUB,1.51062113359526e-16,7.90043964558068e-14,5.42558289545819e-12,2.09218615642348e-15,185.448496839615
CLDN5,1.80019376785025e-13,1.29332143636471e-15,40.2638151569697,6.68211394762836e-11,57.2212549711418
KBTBD12,2.16107896893765e-17,2.09085893652754e-18,86.0319084707318,1.99014853490112e-19,110.068293886238
BCL2L14,2.09956797542369e-11,7.72951988486002e-22,51.5136573046895,7.55128159872657e-23,184.733928243328
APOD,0.000246417506742723,9.83449536185997,0.00180202850838806,0.0226941506508866,185.750041380398
LYVE1,2.31295690793207e-14,6.51061589300993e-14,3.58484075650347e-12,1.24514551964931e-13,7.54863105282315
NR5A1,9.06925570153834e-15,1.04986146599731e-07,3.46146130035161e-10,108.946961649343,62.9201913342535
GJA3,6.85073814161215e-14,53.5987304891759,19.3175427834944,324.264932818905,4.79297147323273e-14
WLS,0.000187167458287839,0.000365778323913743,0.0943731218722673,394.590302177573,30.1534514898176
SPARCL1,0.00039599941617277,30.8561717756812,20.9143847187245,54.4439190216642,140.474439658636
HOXB7,139.696973408866,229.330028568586,4.83802151519429e-17,1.2831392757688e-19,7.40938854522711e-29
FAM160A1,35.2641519645475,5.81734137874475e-14,1.91167624990066e-23,4.35032772422264e-10,380.731600673027
RASAL1,89.8379304083496,1.39417202481517e-15,3.43296587484157,4.05048635181957e-14,87.0380936989087
MATN4,1.66831718474579e-09,2.95125985995121e-15,2.86490240309353e-15,452.473837499117,3.97907149718889e-30
tAKR,23.0867007057228,0.00300658618520256,1.79099672958819e-13,2.02288344624364e-26,249.258034436817
PLEKHH1,138.853022860227,130.303665444357,2.8040427406234e-14,4.13873689348934e-18,69.8766475854778
OSMR,0.0914142985710149,1.05640177168064e-12,1.31765549826049e-08,61.097730404573,165.606575192294
TLL2,0.0667691145654489,1.18172184123312e-15,1.40458815423609e-19,9.91511195838237e-21,621.543303526605
HOXA11,22.0588276995077,239.219909268256,5.18725627172197e-11,7.85624146045666e-21,3.50179055754774
CSRP2,39.3576200140288,9.33139724387121e-19,13.4075223731039,1.28501899222052e-14,320.879191776145
GJA4,1.02154700973098e-08,7.53821471902232e-17,2.47360941661016e-11,6.92559743155182e-08,1.14002579128278e-14
RGS6,1.69113117231702e-19,5.25652971727111e-21,4.07244013167446e-18,2.35650175604467e-20,5.59915034770326
CLNK,2.3406470486087e-19,1.49625746366792e-17,257.634123650011,7.70604051751637e-20,88.709115362228
DPEP1,89.8462469840647,5.25033686321333e-19,124.473171418706,0.026976629260787,91.3373888780692
TNFRSF17,0.00538201199981579,39.4464662749807,73.2666393908233,37.7162428075886,61.7512500537619
DDIT4L,7.18531197560387e-13,6.79927936627277e-11,8.77758629855653,451.308868754295,1.80923731125412
ELFN2,3.00902859703922e-08,3.29428530090462e-21,223.008718114832,6.8247839635865e-18,259.816644007617
ZNF423,58.5137054904291,1.51201967107467e-17,0.0101584528243049,1.32840683852388e-13,212.382973668638
TIMD4,5.2801703309511e-17,1.03728595157359e-15,3.76929266745925e-11,2.22240287023032e-15,1.54198294298318e-15
LOC441666,4.30908438746861e-16,1.61311095344437e-18,89.8897551131675,205.692757031821,27.3934174476902
MPDZ,7.02140227473436e-17,2.49100486436048e-12,2.93457175464019e-08,3.02248732840008,43.7721785220933
PDZRN4,1.00249836856853e-20,187.452794701608,4.75998566048462e-13,5.73431477078117e-15,0.0175096647602875
SLC4A3,251.885945441879,2.46984687170384e-12,6.6507598162777,9.60945570508344e-19,346.845904697558
SERPINI1,17.5889319846994,3.99144173888088e-10,0.585263284261408,0.00012654336706721,102.6707009485
TNFAIP6,1.67795383299763e-17,223.919887484199,8.36896243144971e-13,54.2709514304773,1.87357295849651e-06
MGAT5B,44.9125090382764,1.24236959844426e-05,7.57641915203214e-06,1.36155620138589e-22,355.657154092998
GAB4,7.07750106478713e-22,7.22353336816579e-24,208.219877116981,1.49400962954807e-17,111.744993571035
SCUBE3,0.0146946848178966,1.04903327069688e-07,39.1809582819917,4.42686707582765,209.283467070433
FGFR3,0.0230308504838175,0.057675231903112,104.047754775899,177.802094230227,4.16895420700554e-12
MAST1,7.3371741460801e-15,8.23725203681858e-13,0.000487087807351064,26.1676760094605,52.7895095655778
ADAMTS7,30.7821742730935,7.08756851405935e-17,2.2912804258893e-07,2.11972735629698e-10,173.758661078492
XIRP2,1.53186340316624e-14,3.03958561857647e-20,156.079955403765,7.44644340558203e-19,320.605373683136
FAM47E,101.691992944638,1.34035818987164e-11,6.49364753893329,49.14598769296,1.35867311125135e-17
KIRREL3,1.82014731699134e-05,22.5240089371259,86.7397376853615,422.771568673865,74.5675735313075
MST1R,68.8202430513574,2.29188034696475e-14,9.7594337211094e-09,4.7924957134235e-22,452.635024363528
HSPB6,112.915579967786,174.941628417716,8.28993868342544e-15,6.91866245449246e-10,3.43117431420227e-18
FLJ42875,80.7444737988709,103.428316156222,207.627400672162,3.92002868296933e-14,9.94652233079932e-21
RAMP1,1.87476366864664e-11,2.44637122973237e-16,216.099151811736,2.20402374859907e-06,48.7405390987822
TPTE2P1,5.85982339566828,1.88638478718377e-13,4.21670421020233e-15,419.491717070939,15.7182153117356
SOSTDC1,8.20759332789578e-13,2.6115525941036e-22,50.9200641551646,1.77229412752294e-16,3.48396677094299e-07
IL28RA,154.339645442891,0.02699871258724,0.0192701042660833,6.10303820853132e-14,351.09891742931
STOX2,1.35511166608837e-15,1.78855826281757e-14,54.5709807914521,344.341699043856,35.8443168706061
MMP7,1.4070342063544e-17,204.390243793012,47.3119434378547,2.39229443046576e-19,47.3026682637038
CCDC8,59.442035164591,5.62151846949328e-19,210.688379579228,45.6225904085522,0.638521011005506
HBBP1,1.00093993845806e-20,1.67939604180746e-25,8.09551237200212e-17,3.53389337753355e-20,7.17864182180233e-27
LOXL1,1.11472182172352e-15,1.92995020944038e-15,313.933663725704,181.046184504999,1.30075209188027e-15
EBF3,4.45865932700653e-13,43.9673779623182,8.91616059019392e-13,553.013240779863,74.6707391420961
MARCO,1.65518674846308e-10,0.460523003628633,1.8515832357148e-11,7.5927105531325e-17,2.78153172224926e-13
TSPAN9,27.6028310223862,1.5820791173193e-14,95.2807844145286,0.0039275046359889,171.508799412712
ITGA3,6.38612330736532e-05,2.03314079543801e-14,235.250040636441,62.5916598930463,174.462910777792
RASGRF2,1.05291125739679e-13,4.66584587529404e-11,8.76229033978663e-05,1.24527825477991e-07,117.783729747668
TNNI2,3.21015401059622e-14,93.0028219083423,334.443528725797,8.64259901120378e-16,82.2116314532844
PHLDB2,1.22536675638715e-14,6.64862568752468e-16,3.88547741217683e-13,2.86407697905589e-10,128.781361973553
KAZ,68.8365664296028,132.406157034465,1.36454010226388e-06,1.00538553289725e-14,86.1026952415417
CPS1,2.01728915413601e-12,6.7700485716448e-22,39.536536553861,9.73901432215329e-15,0.702788265646035
IL31RA,82.8332744356905,283.359249119273,1.71258847222184e-18,2.72878087812402e-22,3.70276142764795e-15
FAM155B,1.58517018852399e-17,1.59014393228997e-22,379.416429922513,4.60502750008917e-14,5.22389178176066e-14
TMPRSS3,6.31329789392453e-25,8.45912141804596e-20,1.36280786243323e-21,5.61529681540003e-20,65.5316554695491
EPHB1,69.1762793437123,1.24837430048375e-12,2.56680048992766e-19,1.86991850693584e-20,390.588759047317
GCOM1,2.5915235813233e-14,1.15651274421085e-17,14.2780214313644,7.3568429017135e-15,204.142801013491
BEGAIN,0.000909268113553251,3.50357051550978,287.390021952548,102.874515881937,1.04571356303231e-18
KRT1,2.28166272964543e-13,4.53602976796015e-12,84.1377599739468,225.880813071853,92.0670020694481
RASSF8,0.00864798696668051,209.343469335915,1.56754038536993e-09,7.34717481098057e-14,2.60325623900678
HRASLS5,3.0596196780529e-16,2.30268109518982e-15,7.2347898960405e-16,657.352545463894,2.53536452219485e-18
TOM1L1,0.0313080869862129,0.000163270729688767,0.011428822899745,0.000256209352395419,1.4240738868369e-06
CACNA2D3,105.762469420647,291.764092004662,1.84657423581688e-06,0.00940273213635391,1.06000022864372e-13
MAPT,0.00258817188271402,41.5866757887606,6.68785975162577e-13,18.8967901091234,119.669295006453
COL27A1,0.0834471512374888,55.1080982338209,0.00847241775137585,64.630866124396,66.5598163060362
PPM1N,122.592410567393,1.68484872826948e-15,36.0503589273208,1.67729691679955e-12,188.891137369258
CDK20,357.789920439819,178.069043661175,19.4567153382683,8.02519120868418e-12,1.42321194644597e-09
LRP2BP,0.564734354522122,27.6355968243658,6.12808744570666e-13,1.85068167743151e-10,438.952013833919
TYRO3,0.000192843834733921,53.1844632357511,131.369302768334,30.1416826299983,4.68729580269827
KRT72,8.29541370145342e-06,3.67201733948156e-19,182.584835118669,2.08786878035694e-15,80.7025922357401
TTC39A,153.884513314172,61.9741305939376,3.26057889814178e-10,10.4653172804767,112.662066534246
MPPED2,230.820257805807,5.4756155887978e-14,1.39902049819083e-15,5.0833220132083e-30,183.71162109688
BMP6,1.86605619767317e-09,9.46828741536123e-06,96.0334637897482,14.3865577989184,146.020864870844
LY96,1.811975494851e-05,42.798048200071,1.06241976059267e-12,5.91962411163496e-08,24.1240829745809
MEIS2,2.05872901210526e-16,2.80533325830644e-25,2.4665252616558e-12,3.06573159202273e-17,2.36601164128739e-10
EFR3B,32.7559336249878,2.1291468555669e-11,37.3028517982696,202.206452563874,105.907258102583
PCDHGA11,162.329650725779,9.53274233779552e-05,0.00198138936334624,17.5570092365684,468.094318827283
AXL,32.5391896053494,6.47957232764867e-14,1.78863045617958e-06,47.9340079966442,5.17546965322614
KCNK10,152.82890878145,7.79151177012999e-15,5.98863324410858e-17,1.09193868102723e-23,325.714726160373
HSPA4L,1.07436481939317e-13,2.14101610866118e-13,1.031905128202,509.038321780403,0.000166675008338312
PCLO,7.45517390084064,5.16990474637869,107.998093528832,1.58647394170226e-17,138.053126393288
ADRA2C,98.3461109989959,2.78016692684547e-17,3.38046228110048e-05,4.25794631554957e-07,7.36148480104987e-06
ACCN2,42.2295534753087,0.000105866675196428,0.0220592000654746,128.610156990621,5.1344903306231
MCAM,3.13700400790599e-15,3.82262134512742e-14,2.75265120483556e-13,16.0619241602421,126.432638785258
FRZB,37.0126444615438,9.10415201094312,1.43454743044867e-07,17.6602270024408,71.7547330680601
FAT4,3.70857060623705e-14,6.53863444878498e-18,1.60731537875381e-07,1.59553381319686e-12,48.3049722977386
LOC154822,2.05944501431006,5.13428873194177e-16,182.45551763498,1.52996645403222e-16,80.0825037711822
TEX15,1.16958492044102e-14,1.71499493862708e-13,1.09950523899483e-17,417.039994729675,3.89673011420408e-05
FARP1,3.48616942140682,5.50424142925312e-08,232.395914837499,64.6223751683496,185.3294380414
FAM40B,119.912319485679,264.692680446069,0.000241541055605878,5.28125021094894e-13,84.0798256827496
CFI,6.29238818902238e-15,5.79297241916092e-17,56.1887572725106,0.000121925207859895,4.46179649114506e-07
HIST1H2AE,125.43991173775,7.11203798514321e-10,121.844542822978,2.10177121608952e-07,336.312416656134
PAQR5,8.90204170703562e-06,1.14386772025545e-05,117.627597710371,1.33635689462099e-07,1.96973402680707e-07
EVC2,115.812501221273,1.59364304132526e-19,9.77814574976055e-16,2.22296588300601e-16,124.130898062041
GP5,5.81038973357407e-13,1.70017539027228e-15,0.0931979451106556,1.1424551775854e-10,8.50958840082625e-11
CEACAM19,53.0144640986337,37.1328705184281,393.833036287228,167.139280133038,0.00251658994648819
SLC46A2,30.5890696048097,93.4555374117152,2.54881945104328e-08,61.3255589480978,62.2244835001367
USP44,204.317492256663,4.35686572484984e-15,4.33298395243902,27.6290655155808,2.18537921112096e-15
BIK,166.685021894294,89.2150544952287,118.889808884192,148.969101663354,6.24206624374529e-14
HTR7,80.6058038311629,427.105179750038,69.490238615479,2.99989311520935e-19,0.234493647072478
MYO10,7.67797663923197e-14,0.000680551869285445,0.00839427588136944,305.932507143961,52.0477636445972
GPRC5C,6.98521214845393e-07,8.06088539503881e-14,419.368526162997,8.25251450615855,88.231674376794
RAI14,0.00136410996451183,1.5607343794074e-10,168.447100307338,7.12206844074309e-07,222.430602579051
ENPP3,4.73968084907152e-09,2.43162950129306e-16,0.0558957595985221,23.2213107460507,1.38032568875333e-14
ACSL6,2.96719829776866,41.862243427593,7.90203279594593e-08,67.1889261869602,216.50061647062
SIX5,82.192745407744,4.29665731794577e-06,417.053976807177,0.00319632847139884,26.9719278039459
SMC1B,72.0281797785268,0.00156830004533424,0.00268448195564732,15.8861007456297,94.0082794354181
CYGB,61.5755261307192,2.72753467494799e-13,106.34305094951,5.17433694953755e-13,283.185816799938
CORO2B,90.1861884087786,9.5038828506491e-16,60.5166646529837,166.944070396717,180.313210257921
CD248,74.9427405735861,4.10455875466431e-13,170.083356278886,44.7395977978598,216.431030509976
KIAA1257,9.61691700186478e-06,2.07871195585652e-14,203.007658283721,157.701955099632,336.822609218492
PARD3,136.653262788812,8.890890862577e-18,0.000243068742663694,26.1436764254097,385.020205517968
CDC14B,15.0937054465331,0.0206684323367998,0.233031953090678,304.077863611939,198.804692753465
PCDHGB7,137.541436587421,1.21478532045747e-09,0.280914578399242,10.9937835476712,418.298842403305
C14orf64,9.88124914025273e-05,0.0021309098294121,24.9669817155849,339.796372808435,139.064860675951
KCNA6,57.3123489788824,9.98152374967984e-15,64.1312176273533,6.13364792247073e-15,33.0399789801669
C2orf48,0.0119491683950253,185.351928617307,10.5528563523412,104.460305406242,194.812728881352
ARL17B,2.11589661363121e-14,4.76622065142035e-08,37.038858955964,1.19340948708683e-08,152.484657056485
OPLAH,134.989247915485,240.811367599404,48.7363462272375,2.09019623877417e-14,4.02877160194245e-08
PRSS23,1.84136949473689e-06,6.36791767397944e-14,61.504378053594,25.5654318336452,111.413293092942
NUDT16P1,159.026781079857,295.46787649181,31.7578827762932,1.31043807415383e-07,7.84456800473284e-13
CACNA1I,76.9318684380974,1.83182705167547e-12,213.185123518218,0.176321425036596,26.1247077120816
DGKH,1.0358150591462,2.25112469559365e-10,157.322767176364,2.72960649105632e-13,247.156029353732
SAMD11,23.1917898558898,2.71395198056371e-12,85.54606410045,503.314983661206,127.058310561805
CGREF1,247.992532962692,69.3539715284675,160.71334324132,4.35895438905959e-11,51.6280462722179
SSC5D,121.9274149352,6.4808229211873e-16,53.1162893782813,78.5323916372696,0.604710059234026
SEZ6L,146.107412605476,4.48288460371142e-12,30.5167769332481,2.47788732992599,66.3911305963058
PC,62.5641839382221,0.00321649421237938,274.259485527853,129.611488529455,27.7004595747632
C9orf47,2.6006721709584e-11,31.9784143722259,3.10948521475762e-13,85.4631234073489,0.0427102113753095
UST,12.4789395631941,3.09638080648677e-05,283.740563010924,3.79404523732311e-16,235.216940965505
LCT,5.3615179919942,7.59664577375474e-05,295.658705186859,7.78770564864971e-13,2.00399945240359e-05
CDK5R1,92.0512622197929,83.2562534673551,8.72755565537568e-05,61.6081158627454,401.662137590468
RNF165,2.54549261096717e-12,4.00193077121574e-11,220.731398786444,13.2208327431347,169.413141049101
MACROD1,117.821587381699,1.74322573142383e-13,453.210120388064,0.00285578569253826,0.00719384340986086
ADAM22,2.39906477950144e-13,3.27122701263398e-13,24.3085406786507,166.461077700509,77.7038279489744
OLFML3,141.127429349057,85.9281295479316,5.1377765178231,22.5876328566444,85.7763963556366
ADRB1,1.34757536044806e-12,116.670211518321,103.223368305596,1.29074558450542e-16,5.31237587431202
APBB1,157.284546496658,0.00158065309490015,171.507457103583,0.0107501502783873,258.121017490584
CDH26,42.5384165259295,1.34453481145124e-06,55.6104613765909,361.470758309552,3.24537498395654e-05
DCBLD1,88.3740019220127,287.058902811412,93.2632591882928,120.690558550881,126.008873722604
DKFZP434L187,1.39008626601333e-14,1.62091586833583e-16,64.5776282915564,13.4296753713828,157.287943646723
C11orf63,0.287940746128262,40.7556511940331,213.764514281807,8.71275409063832e-15,237.044207231062
CCL3,138.6344411335,122.751838712973,153.471291128808,48.3186982358356,165.515275295604
SALL2,1.12275500797622,3.72896321068926e-12,37.2525985566655,2.37912097624205e-12,398.846345447264
EPB41L5,9.18213104331836e-11,4.32473171891448e-12,90.2406412604982,54.8661387763023,77.664530131716
PHLDA3,300.863263959537,159.371101637523,6.18208835703237,56.9848675985999,1.09955553293571e-09
FAM159A,217.417246686627,2.24485578443705e-13,97.8521827139391,2.33590350262979e-10,234.978065317559
SATB2,26.9048252916909,438.155961253042,3.03190267177431e-10,40.7272213046598,3.59116902902998e-12
EOMES,3.1847096443592e-06,4.68713260764435e-05,181.552564234063,14.1603681768358,108.610572175639
FAT2,4.22056970271676,225.638316554901,5.09628222024152,445.057775104794,23.6545554475436
FGF17,3.49230835957341e-11,4.16380915773208e-15,370.770244876777,21.0904523284837,142.428918973678
KIAA0284,20.9097347162744,91.2222724656937,96.6838145749376,1.27383831954884e-05,83.4645347581795
PBK,127.848735319458,117.077092699709,6.24328117231296e-09,0.00283145311319708,19.852334089062
GPC1,194.984195814724,105.989854284954,119.281341814796,1.97030189882344,164.028724752273
CA13,5.73092071425592e-13,9.26293035587886e-09,248.555061369329,3.90033347805807e-14,191.465408659691
RNASE4,3.83312686498523e-06,82.9858672824884,20.1896714083631,95.3794675117703,12.1491599582097
GPR109B,116.766503254067,174.318565260287,62.411995173253,163.647598166124,3.10547754070294e-11
ZDHHC11,312.067618488587,1.31407104092287e-11,176.73062414674,1.37354318304039,41.6606941350239
ZNF415,1.8118386104892e-14,9.05710619762409e-13,93.2878999560685,5.39320942187059,183.424385192683
C21orf128,1.87502856021905e-11,4.20971759743577e-15,233.090329317729,12.1741945952967,127.609937730174
C12orf59,9.97531774297938e-06,106.908307842982,107.340639694019,149.849380945008,1.92707158100747e-16
TPST1,9.60934833844394e-06,119.953864951287,1.04194846477464e-05,1.75604533802323e-05,98.4136996982635
RANBP17,36.0088737539132,3.65607128580648e-06,206.091767200142,7.0440649392382e-14,33.2929286637177
FFAR2,5.89534684273313,39.4087828935512,95.3161321487227,119.628601003016,1.61812364131123e-12
TRPC2,131.658349142831,117.261627262307,273.297035733162,94.7264931655205,2.5384105564308e-07
PARM1,0.0104723924400769,47.6201046912322,128.131144316565,26.2211652840729,57.838127247156
APBB2,13.3296612368869,80.5460100872867,10.6444340284622,168.534298629895,263.100470704531
EYS,8.20355793897513e-09,0.317921399650438,3.22997602899105,17.642419546862,373.993027043404
MST1P2,138.739436683978,12.1478206305873,70.5990630703196,339.150265272068,18.1303113623899
NBPF16,102.309968107492,6.11749781506284,35.3949687487088,72.9007669627606,40.9128584887069
S1PR5,0.568882650016561,7.75357168324424e-09,223.720729334786,28.0559965806827,121.408611448152
NUDT14,160.35218364609,215.418308935996,332.700458845072,1.12111875168524e-05,18.7996159147169
ZNF502,1.57525704852433e-07,1.27055925885669e-13,161.062414919376,226.350312352215,79.2525706480282
SLAMF1,1.67171927338649,104.841975651507,201.543194236408,0.105617515400785,153.23468394082
PAX8,197.548148601239,137.644705178363,191.732407590789,6.18288596139364,28.0179138171748
C21orf70,178.514875161813,43.2476108748703,415.771344623097,4.30037076327959,2.31878845789177e-05
NRARP,39.9926326267715,0.0980971388100575,349.116640287808,26.8277077257318,0.61905973351502
ZNF354C,4.29150297249867e-15,2.395847442211e-13,168.571589575532,13.7028779079023,190.142548977986
SLC23A1,123.581333708865,0.0556296360206877,1.53800088302099,71.6696585610852,513.356043744972
CDC42BPG,76.5567089348262,6.28997925759652e-12,392.25497931743,151.997538263148,170.700660090044
ZFP112,2.18752300395842e-09,1.29203888356441e-15,223.171649829615,86.5449971095768,35.9619677500878
KLRB1,0.000560025387426586,0.000147234854996099,121.660425492346,47.6879105454434,124.549406619924
NR6A1,2.05057008037352e-05,29.0449055519383,403.55785905556,0.00081752102003101,46.8678084200815
LOC619207,9.65339440080291e-10,1.81791302180462e-12,293.429983323052,200.261862120475,101.969151478741
CHRNE,114.555298794075,9.19705742913576,141.323840930556,214.266038119756,5.83562514519071e-07
LOC441204,84.6348867525371,161.644454668271,53.976044917956,4.44881127920248e-14,0.00283801008941058
TRIM2,3.82669857466988e-05,2.42218933546835,58.0339144195718,7.38300585646231,121.86126269721
ZBP1,16.2576722912418,14.6482771176835,189.413115314159,35.1309819140592,56.6548253702208
IER5L,164.084153781481,47.2355757323283,333.953362071457,63.5705148099493,12.5034495179916
FAM92A1,131.740503124387,27.0403817639732,65.2287586956885,0.616066660525289,24.6934729458688
SLC26A11,45.4184107482458,30.5627508267078,152.940160571514,1.48197650870322,0.826271380179705
SERPINI2,164.865494547903,79.2775666010441,21.6086737574718,2.06780464312981e-14,182.726410907375
PRO0628,198.428923564756,15.120242181117,2.62844271990776e-10,272.680137834951,263.850978063296
SYNPO,164.70812857653,45.3264982651049,52.0135483636047,108.429633406801,154.585104713544
RAB38,8.39296609149621,3.15330517941114e-12,112.814378738844,84.9221395838656,1.01238052150391
AMN,167.429233393119,2.56920391888061,277.728551004426,197.178206413029,6.96028783183967e-15
CEL,202.091493385746,1.25032336985374e-12,236.160721484621,207.480632795149,40.8111586452097
ODF3B,167.44258073365,78.195096963602,84.1844273275967,125.627767574435,1.4879410409269e-12
REEP6,216.897313399703,166.565376471177,140.39515164856,161.047660176078,6.94997478707325e-14
C21orf7,33.0048035116223,33.2392369571927,16.7331210372563,82.5788340702915,226.61345821543
PIF1,204.721106928183,211.734044999606,64.0435808775921,64.3998066665522,123.783220452102
TDRKH,61.3267939798314,60.2709364514393,164.153838386641,0.446916173642881,37.8381120501499
ARSG,8.48593522402356,41.2353895192248,44.3776319510102,42.095903375336,85.2409144260927
CLCN2,109.257913074931,60.9497254435192,167.811581131217,47.9683770345487,96.0410299791872
GRAMD3,227.574181744078,3.31468138813273,0.000419476650809494,0.194741183456496,175.189032624502
PANK1,84.1076127398243,162.44630668567,99.2412161971944,1.46041008963269e-15,20.551639819926
GAS2L3,2.92865803193467,309.412214889947,12.4927550149051,0.00502300144436168,123.885897209661
SIT1,70.9595559835412,3.38310170038783e-05,169.861768811367,22.0591762781352,67.5776935928744
SFRS13B,5.42923987069125,9.8988049035306e-07,0.00221973979376394,217.064125805276,206.121761749715
SPHK1,161.550435313762,2.71919275136801,262.038231319156,11.3226351997619,75.3548244108711
LTBP1,1287.06842960793,2.40618894025083e-15,2.19295943624366e-13,1131.62335955935,4.11794725782799e-19
PPBP,6.66948811025591e-12,3.70672048822221e-12,330.187249665346,0.101789625480224,4.23184243831043e-16
GPR126,1.19627477419121e-07,5263.27345941827,4.34714096019652e-18,3.27043945195201e-20,22.0083694405203
CD14,1.58753696129018e-10,2286.20412657298,338.149436666702,4.89443840329201e-16,4.79321302928105e-14
NTNG2,5.64094181364417e-12,2.89764149359677e-14,2343.02115405962,14659.4630178043,2.93334345340933e-09
SDK2,622.641568794496,1.17659419902163e-06,200.122644135463,2.23296955074775e-14,14044.4734414805
IFI44L,789.747216971992,1.3409665124407e-14,2427.16482162578,5.70011080555897e-14,2546.20371295034
LRRK2,8.95665329215456e-14,43.3240212754598,1.7026645200295e-14,7.77321694491713e-13,1.08431032897096e-10
C5AR1,1.09725162685003e-11,1796.25909274166,309.227982248679,8.36595996273184e-13,4.56426129454097e-15
C20orf103,5889.55364767247,5.23494577633412e-12,1.22518920779083e-23,1.33066761770761e-19,7.72187994860842e-15
IGFBP2,7.2490189942758e-11,7.5225661627268e-08,2190.53118578879,12651.9401504736,4.27814865412878e-10
PLBD1,1.67362780257983e-11,2422.48319241866,1.3541065471923e-07,1.27866413176763e-11,8.8003065548892e-17
MX1,1567.86649360504,6.93699935166733e-08,2232.70234174975,7.57101573968996e-14,2707.51174971244
PXDN,275.731631496386,2.31747002601434e-17,1504.36179232535,5301.72695276124,6187.48805260036
KLF4,2897.50825008954,4903.17883256285,157.760521587184,2.26086473261124e-15,1.31853682912064e-12
PRDX2,2560.77846773626,0.398032462442002,2525.79037557734,129.114190522617,13.8563591163866
PDE4B,2005.92292289766,178.705180329024,5.18243716012131e-07,1147.83352296229,7502.83421875437
IFITM3,199.485807333779,1.78548492229793e-12,6901.67676509669,1.61848378092025e-10,1480.85174756028
TPSB2,2603.88679193522,5.63061043548801e-17,1095.74167438722,3699.86442071417,2798.19233804522
OBSCN,390.810393983259,2.82310625007181e-14,6103.12484167475,297.439640535499,4425.01661531542
SPTA1,468.002875625261,49.1460358943456,0.0107023265867211,6.58024005080591,1805.0013364431
PTGS2,3.54458342381354e-11,325.556229931292,2345.00995394758,0.609724275616675,523.104488991101
BMS1P5,6.21285245078169e-12,194.619002683367,1.94445298080289e-08,12011.0906137041,587.631930551671
CA2,78.1111440626684,2456.32768437393,1072.39067212529,809.691597224939,4.34510146681639
SIRPB1,1.75526459955887e-05,6294.23872809651,583.201851983498,581.88092769554,1.62638504177109e-08
FCGR2A,826.730961279329,2629.07253013705,4.68950769078917e-06,3116.96649737316,7.49182150524703e-05
LTBP3,834.689350903902,6.31339837690466e-13,9373.22202535449,71.1033826765207,4392.65968266273
ADAM8,210.484865084169,5383.93143747316,7430.37375306144,2523.77526713012,5.50154585692774e-14
TLR4,0.00217734873450094,6806.07232381489,172.326886765059,558.438487807637,0.947290516702513
HLA-DMB,5996.81791722653,5.1399117101833,38.7434932187151,3.27865863389837e-14,5728.61448692242
NFIX,3269.592344805,1986.73352530195,2447.0790571925,1.48750242466857,0.0190337211218116
CSRNP1,5769.5713171263,0.0979708977801682,2565.75736187397,2134.69619248408,2981.42413432573
SOCS3,882.947874622273,0.117406839627558,4372.06646897418,583.859863197679,44.9571847207673
ARHGEF17,0.138036822949387,1.46579139995004e-12,7682.48545154782,2262.77926273162,5944.82669674208
PTPRJ,0.00398542525232362,3046.4568149791,69.8580643756018,4592.47906261725,217.03296629682
AOAH,1096.81471967314,4127.06537324024,1.78146662603021e-08,2742.24982080574,0.00282601115289842
PVRL1,1.39732451423938e-07,17.8749052025907,379.09088430224,6079.55854977111,70.0214040546697
RGS18,1.04735019225202e-09,1175.92436216523,0.000157154165794268,1082.75583114657,0.00092578242134541
ZFP36L1,0.00222201385566613,360.325964661711,3764.77981094533,400.013672117866,944.51897780242
DPYSL2,535.128954674087,2371.07454358903,4509.49116564817,0.0310933048157191,4959.9190383407
CLEC12A,1979.24980820335,981.091936431373,3.65803322413704e-07,3105.000950679,1560.03546839148
SEL1L3,4158.32940101857,4720.89338935847,1570.0082552637,237.805556072473,1697.68594584539
PLIN2,2618.02026159571,0.00322172655982057,804.487294616152,5685.90498189931,210.519746451027
RHOB,3418.04399792729,213.391574100245,2380.20510833717,4160.23353290023,2029.21105937941
PDZD8,1.16765367546455e-07,5.50323857218674e-07,663.746595801981,5355.93948641781,1580.56650538071
IGF1R,2.15188091572002,1.13984957544134e-13,2639.08534628845,5744.7899755372,2638.57700609203
CAPG,2142.14145904211,7174.40640791497,2826.5714277863,5290.45635782511,28.2659974344368
BCAT1,1.05618863621668,2.91665134804936e-13,1343.06627783139,9.81357134681579e-14,5527.2101220526
IL1RAP,2.42982035193989,802.849939080628,263.903458735905,1910.78723549308,3666.23646704374
ABCA7,5463.9353908921,4935.55062762232,4826.38427765884,180.220570141206,1299.58292804596
TRIB1,3551.45757447658,4526.27541159246,1763.80168909697,876.041701890681,321.995664950866
SYTL1,1623.51471406692,903.667076743954,9236.37570838043,5569.27218915244,4.09394301019535
DYSF,1.00690497410968e-05,3306.18293956504,1156.24266229131,3839.96032260707,9.91223994572839e-11
KLF2,3170.02508982588,1184.98632412973,4988.21882314801,1322.10724215634,867.896048857374
ALS2,0.949690990347851,3.38221186247977e-13,2621.45322222535,4013.30168727437,0.235711947213145
CD52,1073.72642906705,1.19978360501885e-07,5154.34405576774,2.34218751311383e-13,2304.70510306036
HIP1,216.199576819371,5121.05902899388,2413.21241467089,4.50343744756605e-08,2046.18352586665
FCER1G,0.098906986381999,5343.73992064106,806.571126168934,3259.83213892493,2.9816697259768e-07
RPL9,2385.10090063937,654.344488683831,460.794550531601,1765.72719480183,237.330534238145
RASSF4,719.920848214774,5862.45583270931,1839.47760242634,1621.97939192815,2.1003350821649e-06
SLC25A39,2780.17899569422,1196.21781540241,5156.24661958154,3557.09839176978,13.3627483964568
SNHG5,7264.018593005,1348.77341502798,104.199766581584,3497.81684228375,1008.9007591251
HCK,1065.72918733916,4950.82365642682,2173.76096842748,604.59811261111,9.2646828014091e-06
SH3PXD2A,767.858711515821,36.5644693640289,6991.97389434886,1440.29812684452,4538.42315923163
FAM46C,0.000292197613851688,172.838439511367,819.063346255829,4229.25710493209,1516.20768625875
KBTBD11,638.220669484917,3526.28745131647,1101.31971197699,8173.70534493971,2355.40788094498
CD82,832.454808247772,1283.93611610675,8156.72026007377,4139.47743682959,896.73689239749
RXRA,886.043620005523,4607.38706356613,2771.58631958653,1046.85526953021,2497.11526641381
ADAMTSL4,1463.29143001147,1044.99804695753,2703.10568006056,4577.53060421573,0.0212053299419175
RNH1,4380.39203862212,4197.68830522623,2772.46228481291,6703.67499829404,4.26286685685141e-06
ZNF83,0.917181507603176,1427.20481165884,68.3466565218728,1480.58410699316,3377.45482537303
GFI1,2099.21001514666,2008.81809687278,808.612509711492,6600.74304794898,1.12129408556504e-05
CD180,2916.29595218536,4270.41715538624,213.750186079596,9.20057928649502e-13,91.1281078193351
TSPAN32,1040.45670512914,2124.70145837355,8292.6971669669,791.703020319851,236.654401447875
EMP3,2871.43029328114,3742.45053881239,3535.71079651704,4567.35938424658,0.000231535138585561
EVI2A,860.366488962894,3456.5612172935,6.59821646300085e-10,15.9460666669919,926.284404178458
IQSEC1,1438.52759644704,2572.66728387237,3255.41306257114,332.984099590204,4251.07698722749
NFKBIA,4086.9373516915,2170.25933841893,2258.38945323149,936.687602942663,2103.78440085048
H1FX,5064.92264345445,1039.00719098471,5011.13736074688,2649.69263064013,3171.33543016794
PDXK,28.3510484240179,4243.27061923982,3832.95015225349,2899.85591698568,498.110318025924
SLC12A7,965.393916757923,60.2131824859302,6984.04144367391,1986.47093055351,3604.17724591233
GCA,4.78971488582108e-08,2126.14044364133,0.00359399092793207,861.401341233723,4.32213889287794
LRPAP1,4112.37191490139,4927.71225440745,1693.24434635125,5087.52454339481,2.43838829293921e-07
CDCA7,1564.34383257039,1.2256159970211e-06,2746.00373567713,629.984586450115,1801.97900126828
SLC25A29,2359.56601264577,9.90489636996631e-06,3669.3263063441,7644.9757524104,439.851277698803
SPPL2B,3851.56172835353,154.887264137026,5859.67419926151,5918.76078726855,3401.02049815468
SYNE1,1.09765751599338,113.017995332768,2167.54479139373,2.17568068682566,6405.29978064668
FKBP4,2456.52498987304,11.2088279058125,5070.46946096295,320.562663298086,234.167102610931
ATP2B1,23.7765960346173,1496.86537720531,545.566550137501,3377.14729488561,3091.40498774674
FCGRT,2815.36237853241,1816.5128737899,2125.12731456294,1572.47539827357,366.13365842116
STXBP2,3801.57512646956,4566.78221168072,3131.31669939989,2580.79804883357,4.34805497708034e-06
MIDN,4378.28073188389,2094.93764840783,2907.95560369014,4756.16797732962,1729.23222694756
NDFIP1,395.460224939959,3234.49046792875,502.96196897184,3.26215848419757e-12,3769.45609854637
BCL2,2.21721720781777,437.76637849823,1510.56469766726,630.867877503724,4128.14053188138
BACH1,0.0215801546736146,1652.20205782861,80.5395609271879,1675.65839895736,2726.94274316423
ATP8B2,494.300241540541,1.33128207990071e-11,5393.61895565381,1.77514991909817,5768.91638736341
GAS5,6148.1254106804,0.0238253955128421,1294.31747713004,2501.88458067407,316.505467801669
TSC22D1,925.785316569633,1.01065221111001e-05,3366.01989427013,101.183131396782,7568.50161745874
FBRSL1,3180.9742458343,244.012854854559,7588.36355539569,4258.21011835324,94.5442237049597
CTNND1,419.715411733395,45.3423661774232,3174.14556023822,3580.40377308263,1581.37661573728
C20orf112,98.7980441545373,0.906691663905253,3582.31078396121,3809.09888293968,3869.74115876814
SNRK,26.4588838573564,1409.35444892095,812.795425999152,1437.2681510398,3931.66731443131
PM20D2,1153.29684922199,318.708822209551,23.2646684562629,645.131416323311,3144.78679808129
EIF4E3,5.48821886785759e-05,3352.8545870769,316.044472305071,2571.20586929088,2687.04947548358
NAGA,1729.01064129819,2955.16406582344,2606.16780193486,140.631889845859,40.1193407393211
C5orf62,4702.41782730017,2360.47292642408,212.761926970752,3124.72538467449,4012.90168388513
LPIN1,1210.2974685787,402.04211142226,3882.0757403061,0.00108587680198682,5348.25151926332
AGPAT3,2092.66875735613,2399.0147909829,3578.12792306308,0.00466877288031716,2110.56506472704
GUSB,4672.50533641839,4739.16307419598,492.905675796697,4108.99161292809,0.811814180988068
ENG,1979.93420863291,370.2843153858,5142.78437904717,6.07309706833013e-09,3399.9528378313
PARP10,4342.09628752392,866.776389695231,6329.13520980211,897.626311975468,2057.98218099634
GNA12,2171.08227573416,1395.13970275895,1728.01615235692,986.387914280268,8126.37919668306
AIF1,1620.87836380483,3636.34161831804,2900.34587649755,3260.42339849263,160.290779623405
DOCK10,489.837786052733,5124.94614137258,1222.36818916055,1274.34453641335,4803.18956120731
IDH1,1498.17033558259,4432.76468456066,643.63993815435,3344.78933735811,1.5761487109181
SLC1A5,2190.86647163767,1362.40805072219,6247.20714053167,920.357275343752,398.21623011687
TRERF1,1789.35156096007,3372.73526334937,1217.53876966251,7632.44843378965,2203.55160182782
SEMA4A,2494.2287241524,3126.17474859311,3531.35740034171,3690.54045659851,4.37152487677342
C20orf3,1815.16849287067,1358.59714548993,1327.1665363349,7611.8208080217,238.496083036668
ATAD2,18.6554463049071,3979.54332341822,58.4725788995891,696.057923417878,2087.53493870283
HSPH1,1484.50376368084,2198.45988396105,799.254811434192,0.664819577216641,562.292773562146
ORAI2,3967.71292022025,308.903902292661,1342.51696636498,4862.71762606154,135.563797202376
NBAS,352.179482920088,0.36568081933831,1781.45557206859,1283.00577692017,3714.77790674128
PARP9,206.685555745782,451.387985983856,1574.41562677388,50.4188257495649,3123.60299444429
ASPH,30.1333365162537,2280.13653052146,1231.75226242869,2404.05074404187,616.092859819027
RNF125,458.161340707967,126.222574446933,1724.73059298819,2138.09218547135,4772.43890706321
INSR,2648.90129864704,3340.53226811152,0.000114267220527535,4880.07114490329,2647.33109777198
NCF4,2202.4368978529,3412.70785310962,5948.40722429582,2935.50658426953,0.0010841515054976
GRINA,2967.84779012544,2612.1320981003,6314.76255805442,1492.97814533549,714.316559908757
MFNG,3685.79858071363,1358.5469752571,7138.13903869953,30.2685351410762,148.800120365381
PIK3CB,0.128798740385494,2201.23175680302,0.402232143429802,5481.37648945668,2.03263507869398
ARHGAP27,2843.28044567058,2165.86948784126,5603.2378541701,605.839658050037,3392.51999565157
LOC641298,0.509149939373077,855.159184630617,2400.12691975793,1626.29419406737,3373.45221941258
KIAA0664,5327.23168669283,1743.27934755183,4836.49427950114,808.476704143453,1.83868361649e-06
KIF21B,295.212261092121,2555.7708693202,6068.51598966208,1236.68674956347,542.398742940027
IFNGR1,269.165507436155,4359.16981782459,862.461381596345,1345.61615275432,600.624066020012
ADRBK2,13.5469773036059,2099.61829429575,2026.84527307876,390.466859562132,3338.11769243542
DOPEY2,1367.75663017823,3076.7117534703,461.870121284337,5972.07858434438,1264.01235687716
SERPINB6,2965.60367828236,716.768209452507,2455.53523316642,2.4796053577695e-09,3664.87649157599
SLA,0.00264252982206853,3153.10888398363,3260.86584440178,241.942725805234,563.90460651571
LRRC37A,431.567802693272,2058.62397709108,1793.97618149353,3218.0536818098,5120.49371525063
TMC6,3008.08882882218,416.683418557472,7003.72161537584,960.909987762731,435.700928268127
FOXN2,0.0282122143368862,2938.64948408435,2.60348960969184,182.266394074253,3165.25551964194
CPNE3,6.43146231125439e-05,2690.2808978616,1840.93258307041,2.20617846098815,3401.58671105722
HEATR7A,1801.1611282138,3220.56381466679,5057.40761529111,4489.48606095371,120.147356513637
TMEM167A,643.631525416369,4357.49129984582,0.688557908793867,481.74374330894,1993.86044406359
CYBRD1,19.9383745590557,2480.0966612576,161.488864756486,2508.26664764335,1437.33264169184
CYFIP1,1200.4135177794,487.440286799251,4387.88228808839,1381.8510134107,1535.20244897278
CTNNA1,2365.52330966305,2045.65413636449,63.1066519573151,1157.11832388583,2713.1782526525
OGDH,4595.68295287591,4344.24675668665,2388.2901193971,1197.23517691935,1136.75836226585
SACS,109.624713124514,1396.46472717443,1297.98420402328,465.161699643168,5937.35899759312
SUMO3,3017.01517581417,2264.23034089624,2232.34198654302,1210.01661109737,2519.38901369935
CD55,580.859563059845,1211.90620466668,194.977408625207,4448.99187782515,816.728245898369
ARHGAP9,2728.46253478093,1967.91267956933,6765.93307263056,287.369533620678,682.233531679898
PFKP,4011.37272794858,2046.04419968861,4465.53335095058,113.471931259676,1283.75960743765
SGK269,6.96552461481077,51.2637674416639,630.291315925399,1095.21887051911,5777.79669236925
LUZP1,829.75119577301,1.13754152860919,3931.93581923914,1697.07673676017,5107.65068224942
GAPT,2304.31224682267,2931.70048411312,142.593661315,2.91281065715529,1235.39774836166
JAK2,123.515975457873,2328.47163158491,0.364802909882222,477.432537619374,3028.15566732931
GM2A,3223.84235029633,4918.37838735942,223.390226006904,1531.08617913833,877.874293799823
LRP10,2133.81881189938,4726.36505739412,4889.5905170015,776.978062958525,1083.57821831143
SLFN11,1955.14311145597,870.819288921752,531.407331214486,766.968635618494,715.687863326138
ZNF33A,0.0757628225815658,1886.65364802748,1005.19470854445,4348.54327585185,1746.63836507294
SLC7A1,1128.10023809552,1345.65245877102,4527.04023216269,294.159436974354,1794.33611307961
AGPAT5,288.051310273668,5.16518951732898,1471.82175346377,94.5102401690887,1126.27394641357
LYL1,3482.51868882442,156.871955154084,5635.2214826999,3071.41998954581,4.0314610202546
NCLN,3928.94854332548,1985.0605812786,5638.75262154578,5065.0489136268,3.94014409279662
KPNA2,4157.64359647213,3434.59053937557,57.4062944674755,704.750806375382,183.703353601376
TUFM,6657.17572470811,2357.7875501854,3998.75869996811,2055.53714866092,0.000858246886305796
TYMS,3800.67969903422,3074.95492079969,558.409955959694,354.010638027243,446.659960923466
CHP,2034.03271520338,5356.66441403079,124.311514225717,1632.75696174553,1061.27062968498
SHISA5,3635.46907624814,2316.04448798596,4849.28289938491,2423.84851252733,528.745238297892
C11orf2,5111.95353169155,801.695194769521,5300.0609624591,2867.3179534169,1245.88825751306
HECA,308.777772918199,2289.25464685368,375.583578630836,857.658786185323,6454.52629408608
RAP1GAP2,1033.38263314085,826.302865382179,3675.57748159758,2041.84322176899,4897.74996917364
EZR,2938.15923955014,2394.31642437948,1742.24544007892,3615.00066647904,4292.87299484588
C16orf54,4381.97670414162,2536.25193922281,1098.22313149269,3091.72884908702,271.943613843702
CCDC69,1399.50793677286,3570.01958946914,1382.08683514805,1047.00921099293,1097.54871467249
RAVER1,4541.91425579655,1682.31851429247,5514.89799563322,2337.78337350882,115.530818821459
VASP,2112.23604623294,3668.03408100579,4862.40682325473,1731.7911297298,5.01658528843852
BTBD2,4262.50404696482,1984.35375102041,6734.15653076821,1664.84396067491,739.124849915912
C16orf58,3896.75773198007,871.198843453985,5614.56290457321,3871.93834894957,227.501725689902
TGFBR2,921.240371094767,688.333141726338,1174.022075708,2052.69025813669,2761.44875238725
CERK,1293.82027822167,1883.08956096982,4674.55274759199,3270.98619088583,4104.87867140673
FKBP15,1591.81167382017,3245.33833867757,1352.28143418168,1023.30280244165,1084.34973344139
SUMF2,4825.10639404912,3114.62343786921,623.047146798071,3238.41942646266,199.573831140103
SLC9A3R1,3119.11971394165,1952.61446488176,5855.204441869,2780.8970594067,2070.84351884877
RRP1B,1412.38811201463,545.868243979878,3566.80454940197,631.691073287967,1949.07142440554
ATP6V0A2,1594.62179335564,133.275615346954,1608.01306593332,759.812671937748,3162.5356416196
KLHL24,456.123447320375,727.392672505036,0.142135379854882,1731.84948723768,4734.89510058095
KAT2A,4504.76014895634,1215.48554247674,4707.05470273591,2707.16025710511,710.284971621035
MAPRE2,1752.99510974076,252.883198330657,2630.38345637118,10.9610052677915,3435.17632954946
VARS,4773.74738906027,2152.3255319847,5003.24389413237,576.111704695833,0.00185667398118438
HK2,1899.76233661107,387.654710738155,1042.27659187419,2694.38126498647,5.06592996074055
RAI1,1992.14410780518,134.067009227456,5664.73190239225,793.22594291954,2452.62188562707
HEXA,2532.51115697217,4411.41515378075,2808.40941861416,4291.38613369034,193.414292324208
KLF3,232.325779522232,1143.94811970269,997.770242087477,1812.39152744129,3696.13338156261
SEC31B,2821.86866073656,722.285137703622,4631.1290644492,1902.38638809914,1925.30115627283
FBXO41,4186.67961101753,2064.42663769958,4557.61397036468,1321.71354572219,1939.49799437628
ANKRD36,49.3553226449688,566.864387794491,807.330457596633,2873.52111009063,4358.44100401149
ELOVL5,1166.00037456672,1795.38717653798,1172.77034034452,1.97972077954159,963.35999955822
NDST1,1306.75490807127,4789.31849504748,1372.66156067174,2139.76524670544,1184.44722549564
ADIPOR1,1472.71314501919,1833.96736797244,3162.78082609984,3626.38331146276,1547.41820332403
FAM193B,3173.46973298212,908.594314702092,3606.02491319732,5402.91546026918,2249.70675877617
CORO7,3781.98348732586,3474.8604853355,5767.81942364599,1680.3509460859,407.431215121892
QSER1,0.503782518351512,1336.48497826369,550.20341122769,120.462906671522,5155.77136427901
SYPL1,1062.62231852809,3549.91003377865,2.40536403989932,836.932831193316,3096.19051089903
ACAP1,3875.31479330695,1153.40360857828,4089.53547896038,3727.14873382988,50.9192288272041
C6orf48,5778.79525095089,243.287803409501,487.636091832839,2499.54749392553,1492.96499107014
RPL18A,5336.01310045931,468.714634192044,4575.86424127524,2344.96226119421,7.1295821782141
GNB2,3916.22470837037,4294.01430815831,2676.24003490614,3066.88569969568,325.22725841504
TMBIM1,1446.5511675826,2117.94860581453,3491.98663009262,1745.37031633256,232.347189761042
UBE2G2,3740.21364001791,1236.24770897959,2120.81353505829,2439.50501419938,3602.59583672283
REV3L,27.8219087197737,424.191254369304,710.713820404944,1700.59777771354,5392.80340184466
ODC1,3925.02546231615,943.10063517102,872.050771677657,154.647558231911,377.550246662755
ANO6,376.066648137931,4026.84436613812,24.0756656365953,2.28586568358336,2229.89358684757
FBRS,5566.18651820395,1582.35503246804,4728.51577598316,3140.18886574127,954.420618468797
WASH7P,3440.55999603005,1182.14089940818,5121.22646080827,4322.55308044244,1144.77627518052
PHF15,2566.4829028818,360.989647782657,3581.31490524895,2023.34310715485,4595.83277142885
EHD1,1204.71664834199,2208.06580116452,4486.29628667686,4637.15051726075,736.585069421746
PCNXL3,3231.37864722011,2275.07103321821,6278.74101932906,1433.14319950406,1506.23578641053
DCAF12,0.092972213284348,2287.55721199884,2387.01184229173,2482.62521707861,2103.34819070707
GOLGA4,76.4650390086572,2066.52436460192,0.00410047105849886,2013.88324978713,4102.8288118431
BBX,1000.8928595423,48.3786808721025,1191.70225140796,256.691936445917,5223.51785927386
SUZ12,438.364028862632,2244.42722625064,0.000120559900902385,840.803892086619,3316.24228451284
DMXL1,157.60540284349,1506.05736599085,3.34231762473053,857.346989217649,5642.21358628095
SLK,0.0256233364695614,1393.95523061631,885.627312514722,96.9038035977963,4196.70833802232
PCNA,3135.27913098074,3968.83482963842,1819.15735721709,567.488686995328,879.866703038991
GNB4,0.0314784925455345,2298.65359278514,322.916897106932,1044.52795575284,3784.12192972633
RASSF5,1354.07726187306,2419.80251485425,3067.28666425599,1530.2393560356,2465.00102268415
DCK,345.168552295847,2087.351630869,16.9214494156162,0.00577273502891229,5073.38908589472
METAP2,2915.74362504583,1898.13946045199,21.6660861414569,1106.19905238015,878.077734131308
MCM6,1895.11975553147,2768.44747308042,1046.02671500696,61.9984796374169,1771.73615999406
ETF1,4425.60730074044,3089.33911523156,0.0186732999255658,1690.92171715244,1351.16443690014
KNTC1,463.348906995379,2639.15374514355,532.162367718091,1914.68259188733,5078.81834679709
RRBP1,3469.05278431393,3630.69691940722,2824.54959038866,3439.62150083025,487.564678675455
GPSM3,3100.57077730959,2781.23534154052,4875.82838089168,3043.76191806495,1033.6033904828
MBTD1,387.0562494386,392.65481971259,1.6773096109122,1590.03519331765,4695.34107229293
TAP2,2971.98523413899,1675.61914138136,3239.85889948957,1.08998068604608,4792.91483775763
SFRS17A,3151.09390327119,989.091499495085,3827.38400368028,5886.74824147575,1997.70795120174
GALNT2,2400.87800076292,965.747125158269,3427.15851495942,3518.10117766311,1341.32398436679
DNAJC5,1446.62060207538,3986.71838474116,3590.10396357905,3244.1728392251,484.642446179936
PPRC1,4365.00452915809,1143.43717585082,4916.63220045352,1255.91807705255,789.439035877746
IRF1,2501.8766756507,879.134252804384,1463.38593474673,2862.69866118976,4483.12420342346
TTC14,458.518981744299,1272.18132852258,1249.41310596745,3537.20087318919,2157.34175209917
DDHD1,609.762844321576,507.220515881295,1189.24989197721,1370.7296885027,5887.72931077234
FAM49B,1656.25492578332,4326.7304399156,517.515393821184,451.409131609016,1292.38613644071
PTPN12,0.00701344996161296,3245.46372405828,10.6938565914491,2039.7518891106,2551.91942746702
RASSF1,5057.35696256454,1556.89318161196,3206.24249117858,4128.70641107398,511.53414355331
ETNK1,1018.58284554078,1720.41851872851,3.19280288037845,794.05591806747,2949.22915564534
LYPLA1,453.173483133644,2052.82071725854,23.4495921281186,125.117231514118,1796.4301325024
PCMTD1,11.40641870665,736.258486848403,839.843455188667,889.772996402236,3189.75917729782
B4GALT1,1641.44741852159,4674.85431834445,1808.7334081343,828.208610968451,3520.16074766265
TRIM24,1575.01658218563,191.237177858227,47.2516135220485,2346.69587394584,2025.33140998301
PEBP1,5083.36117761187,329.067062276938,1290.09344480739,4248.18782934679,707.826702171425
HCG18,708.867095456974,11.195651940946,1566.52655316017,2331.13318795684,2262.61656841368
GRK6,2898.05722084784,2252.0636199001,5392.65382877196,1140.24673226846,86.6925468074321
NADSYN1,3972.71895310468,2247.12023523479,4351.3974967433,4255.49919688178,605.089380779682
WDFY1,186.374961233719,5647.33834653885,84.0809863754633,1992.54929964496,1920.70832732846
ZNF518A,175.56320902541,1430.98101624819,603.834110052835,2984.15205124006,3781.3649573155
SGSM2,4471.12059770921,1246.979240864,4358.41019260582,3094.79559327184,1435.2258987908
DBNL,4076.08263674373,4424.81135988495,2672.56891640132,1635.37522664144,517.567699074031
PHF17,997.169235328443,1676.43171346751,4.98804563396431,3708.59588026463,2060.15855925226
DAP,2955.83258760844,3814.543878231,2815.56480619557,3776.26476649772,962.934592490348
RSL24D1,2970.30144937668,876.146877120616,0.000141140314184657,2329.49031487765,1613.39112259313
SULT1A3,2477.04978311124,1932.05874029338,3015.35253312137,3649.79968332089,214.879720043293
AHCY,5637.92776051486,2158.7129931163,2404.0968584895,1314.0165660905,0.272435272878201
TP53,4451.46978688327,1316.65359495446,1647.04207104414,933.73873795957,464.819139775504
RB1CC1,7.42433046061479,1166.27738572333,13.902780798052,1177.18175975989,4062.00411529751
SCAP,4107.95113638846,1052.65661783753,5649.5136438027,2383.58510710537,90.3679386405054
STK24,1034.07105241756,723.889933884229,1827.95111178055,714.298854062805,5084.77344550124
DARS,2469.75308785065,1570.22115473255,46.2661081069701,3854.32188950989,1557.95195010956
ABCE1,1778.90420692032,1414.87607564665,654.356881035703,76.0597514973821,1823.70961197618
DENND4C,0.0337919000618444,9.59599955155332,539.094677461604,1720.93922753239,3936.37819935429
SNX27,186.601053963402,3645.93977026852,876.728276314308,2528.71724576569,1539.35297706615
IDH2,5310.23816568655,1132.12500931448,3224.1343331454,2082.36763612153,978.018358705121
PLIN3,4438.75861877838,2393.16389845735,1439.6195609509,4920.94055308615,1051.13017511782
XPOT,1427.65615320422,2542.28430428603,346.798574054281,3752.68506059768,1338.12228808496
NSA2,4317.72757713124,641.877904819635,0.00383612776280243,2612.32145052973,667.098101975222
AP2A1,3816.65761916864,3287.305448457,5057.44105008321,1476.22317157841,442.470042278732
CLNS1A,2867.94808016399,1483.79854974643,1985.19625595699,1551.8184617055,455.849655908095
EHMT2,4791.25242113351,1085.67613304938,5512.9674884627,2751.06235661277,386.847080542433
C11orf59,2424.95643758676,1002.47030148038,4867.20998628784,2744.20222311497,63.1934779041201
BTN3A2,2033.84683894263,64.9513726769739,1827.24855638178,1857.30319970251,1327.60480177883
BSDC1,3117.03252736028,257.96401763988,2260.00619294763,4569.47075926835,2652.89427875518
IMPAD1,612.913809001242,2789.37250310598,419.251636161754,1696.25418830427,2400.24672773274
MTR,836.010428692187,1413.4733628909,917.937413737544,1542.7574083529,2770.61286956118
MIER1,18.4599491479474,3331.88337234179,28.5685668952249,3272.16841842866,4069.74731087483
GRAMD1A,3409.96288594351,13.7230701488959,5219.6976246358,1933.21140995974,1725.25108399625
VEZF1,750.908806083601,2102.38170436752,793.672792420844,1150.13100798389,5413.39416542938
RORB,4.77471562716504e-24,2.83391220951777e-14,2.85531130453039e-14,1.36055507137459e-21,526.092560126591
EDIL3,1.0714087818105e-18,4.36235812627078e-30,4.44331405963984e-07,8.85769295863938e-33,197.149003819805
RAGE,188.099435118676,4.20395267388349e-16,1.00878993950533e-11,2200.90946382205,95.6346785479644
RASD1,610.003827028603,3.30244788818309e-15,5.19538291119866e-07,3.5420879414725e-16,2361.49397118959
FCGR3B,4.10697387158918e-19,360.119956090039,3.45123015995044e-15,1.6245597511106e-06,2.3384894943636e-15
LGR6,5.91137804676926e-14,1.03675997249178e-24,301.196047908088,2.27079913564192e-19,754.550888881509
HLA-DQA2,1910.13488159085,3.2689023916365e-12,2.00345596390377e-14,4.5930416756823e-22,87.3317493496917
TNK1,2.81397934203264e-21,8.76082805976174e-28,1.6182784088503e-23,6.7365730931054e-26,1.28246308285462e-25
PACSIN1,116.383824450809,4.45662422996048e-13,476.54586887686,2.203880157208e-18,2448.31063416122
IL2RA,448.736355467485,1.30109299496725e-13,462.42622907403,3.50062704541135e-17,1325.15970970639
H19,1.65566520822325e-25,1.3339598874042e-14,762.290163224381,2.72672582606634e-06,560.694342680047
TRPM4,1729.8423611969,21.2362273835772,4.98484876920723e-23,2.70754748380704e-27,4.8926319668285e-13
SELP,1.36049092736582e-12,6.02041450981141e-14,88.8312162686381,0.000541660679662947,5.59284501858812e-15
BAI1,1.56875345337691e-12,1.18176574075337e-13,2673.45283971151,5.08849313557988e-08,6.89486018700916e-15
SEMA6A,501.916960698526,5.92700694034077e-15,164.232428355122,90.4435624010926,1184.15191263526
VLDLR,1626.6381859531,7.17135463376871e-08,3.96910005758854e-14,3.8503606841682e-12,1166.74614036257
RYR2,6.40261512291967e-28,2.84490056620827e-45,3.10109107910194e-31,1.44763588286499e-43,2.83443500909327e-44
C2,758.141941489103,2318.51839750967,1.82840811693519e-10,0.923557995270859,7.46767537448276e-16
CYYR1,5.88529377132637e-15,6.26819868222572e-22,1030.88490726784,2.85961389197319e-10,36.8744761475083
FAM129C,936.045040912931,0.0489687815235537,31.0539100888211,1.05010689163998e-12,2008.31646249883
KEL,234.312668934187,43.9023359009013,0.000690059171547377,0.192578443514121,4.99949857357018e-06
HLF,1.95128257326943e-23,2.88119376178834e-20,501.651413054976,9.81640791161314e-28,570.008678983352
OLIG1,2.23594273367239e-05,258.306829673398,837.700271362737,2104.02739677687,16.1461719816248
DNAJC6,0.000114076692686031,1.58456818468773e-08,0.00371638977416284,1.87195609465109e-14,2.31032730402525e-07
FGD5,7.2787671809257e-14,8.22858468270366e-26,2194.88162385491,4.6840996942498e-18,102.955845757109
IL5RA,471.065470915209,2.91838030904418e-22,3.15121057023362e-13,322.504330665264,2.68116494565262e-14
COL23A1,352.325086897371,0.0451827090096119,97.5613332851867,3547.29484436266,0.0254499227317023
HLA-DRB6,2154.31004000051,9.12358859918998e-05,4.31636833765355,1.29324023949828e-17,832.128254331929
DYSFIP1,960.674127603602,692.856628677544,5.37558827328705e-21,1340.78677215774,1.90350573173019e-17
DEFA4,528.349632283911,346.031981375404,5.6831366226299e-20,156.972087043214,2.91378426380629e-23
COL29A1,1.76654878157615e-21,8.09025765588594e-24,9.19373085632221e-24,3.92212191766657e-29,1.32392554316525e-32
TRIM16,814.96125364317,343.84397714491,280.154927978695,864.618094085515,6.79366470350498e-08
SLC18A2,2.8779950348931e-15,3.0745118491915e-19,1939.553545723,3.97511468500894e-09,2.0904553430427
CACNA2D2,711.528785113836,1.8440197139408e-22,54.69727366595,6.71841196537646e-15,386.17723612358
CEBPE,4.63152930908502e-07,0.000676241676918546,2.35351715663195e-06,3288.84279627791,0.00139920899243048
VCAM1,1.62192221682854e-10,1.60134864140101e-05,2.50142621930307e-12,1.27690090033983e-10,223.879334854872
C11orf9,212.844918457088,5.09041486312912e-14,130.945941237161,834.157209134286,0.00540762127280362
CNRIP1,9.25105835807773e-09,2.23410256998116e-15,236.147650286761,0.000421582531532741,0.0366455083127444
INPP4B,5.8249054756733e-15,8.25422497878372e-16,1231.82775555051,5.29099711933146e-17,1210.12147109133
FBN1,0.00550349061604746,0.0164254152414904,238.011736339267,0.546321037606548,444.146106726071
LOC728606,699.05728875768,1361.15367102994,1.13460448059309e-13,51.4351353874867,3.15459195074366e-15
PAPPA,7.31676568391067e-21,2.07463441414362e-24,2.09699509576569e-22,1.26094811558154e-21,9.88356561829293e-21
PRSS3,1.63544399063845e-09,1.64855728637386e-26,529.026655999113,145.651772952298,39.4509483636382
TMEM56,1.78581386291139,41.3630110040066,1.54104849804896e-11,2.81691672446847,230.475140425782
FSTL1,45.2625621621422,40.3858973070467,5.73798573650948e-11,182.830898133569,908.465312158474
NRP1,357.339069876441,0.160019729642789,33.2573360674662,44.9905172661989,1146.5208800259
RXFP1,6.50786149838824e-06,0.192262064363274,1.42630770737117e-07,2.17606431732157e-19,702.930333074884
APOL4,53.1596752877508,0.000129193019607832,36.6727194176395,138.842619561591,9.74615590704599e-17
MS4A14,689.690715181796,960.949989974387,2.29831044481929e-05,32.2423674022324,2.52805711279617e-12
SCAMP5,604.078626477712,214.541945600779,1.95827508723586e-07,132.683971159624,2080.37615928912
LDLRAD3,343.626459305709,1918.96643267659,1.07085993966874e-07,2.37026473962902e-18,7.59682720286478e-06
IRF4,111.551720179884,253.575016202485,185.401033494195,254.331805034727,1242.08584902832
LGALS12,2.92393819153087e-11,726.282696773996,22.3684051000312,3172.00430708323,7.53503626110082e-09
SIGLECP3,87.7140233658735,523.643905513482,1059.57610351969,214.109893052259,1017.988434379
S100P,7.4310868540754e-13,8.72041078857689,1.04168135658715e-13,2879.78076378583,6.33130890577867e-11
DPPA4,897.149124806857,2.06374610942451e-18,660.602073671926,0.0287038452507697,60.0488302510087
BACE2,3.3605135931074e-15,9.26249184915894e-18,4.85922210140162,2.94931538551051,2.19698688255296e-10
EGR2,207.025660159127,5.99731307270391,756.702348011697,7.77471449756009e-14,6.21844092000616e-13
C13orf18,696.663297462132,0.0210166252257051,1.13347787525669e-11,3.21381515725626e-13,2333.13045238635
MAFF,795.312594046026,27.395841463111,442.918358653183,308.76603183564,991.323963025635
FCRL5,0.000672877060517684,247.106563289379,641.623339400206,239.993532800024,325.195222069911
TSPAN2,3.37525182858779e-14,230.25556972728,1236.99084734725,760.659976372311,195.686089781301
MARCH1,96.0220423817212,345.863466825962,5.88982984732215,2.09482634314771e-09,357.896910106125
GGT5,705.629935106666,303.66309087566,956.793560273258,594.754447640166,1.19665296115354e-14
ITGAE,1601.78673763987,600.705697099327,59.7471149801831,273.979827377782,1.50714439550183e-13
TLE1,316.519812531806,112.679126751649,0.412073172912952,3079.34218730714,52.119148928615
COL6A2,9.04157399673652e-07,1.22077583968323e-13,831.255009340259,79.8370954780113,882.532055782337
LILRA1,102.98378920743,1313.79519734103,399.114275071099,4.69269365110047e-16,0.00270867309775773
TNIK,9.5997470354281e-13,6.60610783054016e-15,706.523381951261,18.4071572980703,771.635665651627
TPSD1,521.3921719798,6.68268481137453e-22,339.736495512735,366.862575647001,1288.87976177815
NOTCH3,4.46244176133837e-14,9.85088895041552e-13,393.844602667826,420.778735517122,415.106506582528
WHAMML2,1320.32533945874,923.552009256606,1.71550120933326e-15,100.278643992473,1.06194884252759e-14
ANO7,4.58415836917772e-13,211.57542843752,639.070913126817,2431.07351729155,1.4881910272519e-12
AK5,414.333616461646,1.72668050634701e-08,135.901903246929,2.14218748884614e-07,2.91630726015663e-12
C19orf59,4.63125816895628e-14,1551.87172012667,207.518639789445,135.565987213623,3.22630674619828e-09
SH3BP4,2.23102676032828e-13,3.81997399777666,1070.91998688937,4.57245418755192e-05,1372.59256230493
PLAG1,45.7152539511216,7.91251197654129,381.74741326358,154.071056790111,1614.63858344721
LEF1,15.6106001712287,4.37566827990054e-11,306.910570987986,0.136934695224671,0.118149681086553
HTR1F,3.37047520412742e-15,406.297951477437,1.00298182120046,3.25886248171529e-18,1636.29223341923
MACC1,1.63964115006918e-09,4.92049059255618e-10,345.88841340581,2.62917970230533e-09,1.71863160577942e-14
SGSH,409.147336671063,589.912677162707,610.164347540387,49.5230886444286,0.000164489246544132
BPGM,23.9887293565129,471.673289130249,1.47980571514094,968.336992653519,1048.44977376787
LILRA5,3.29674867063894e-06,481.651646354298,288.109656404249,1.75083067987321e-12,0.0016948566289752
ROBO4,8.05325482854343,1.84470738974134e-16,1343.06856732643,2.1481968907544e-13,1801.0372762535
HPGD,7.15434181298097e-16,8.15379776465093e-21,698.931129129391,2.41915948711181e-18,630.116026554829
ITK,1.16925428925124,1.48606993278923e-07,692.091999664374,1.8520798561018,404.635460823763
HMOX1,21.4142078941853,715.10253450108,152.157480412681,4.86711648987944e-10,1.64205087589437e-05
DTX4,556.305842695508,919.562037669622,21.8933526987161,6.95863733433217e-13,835.516070045107
STK32B,259.604411449225,7.5383280590912e-15,329.6776979475,0.00126328470165627,1880.9601319434
POU2AF1,113.795083790964,231.982741291813,864.244445394187,194.683607677128,195.635760901617
RCAN1,351.942227980337,548.603524006979,4.69947945602591e-06,2.89614626437323,2109.91440551447
KIAA1211,0.888275161592664,3.80673292004974e-15,404.343520316227,2.23369285438938e-06,238.066663367343
IPW,202.218159623281,0.000578485471912198,511.831402595523,1.32892071293801e-06,2266.71084810491
CD79A,837.803488777524,0.000638163614607516,1232.85662200456,364.688614491264,1098.80696211121
BACH2,311.499214917707,25.9621409533929,682.954690104798,0.439465790222403,1760.71028474208
MXRA7,3.39984713707216e-12,172.017322365357,310.943512543189,2410.31152421711,944.018273687991
TM4SF1,0.000411879017487714,1.47389566627696e-13,1111.57249700155,4.15642335012816e-12,579.038236772074
CD300LB,418.703749255861,1998.77234930107,11.2860910962676,5.41267733431863e-17,0.000812532201462495
AHNAK2,812.031044550744,245.129800062765,401.110454568255,2.61507042666227e-13,2099.27591853497
SCARNA9,0.00358567226926658,317.777113072122,4.63363034693829e-14,382.784516728724,1049.1498537104
CPM,824.526129432471,1683.84538625486,2.72993545848091e-10,1.65432558583529e-14,6.30919173203066e-11
RECK,0.0674331519437384,590.662973482374,896.961057966407,6.60350014931365e-15,1165.96287764759
CEACAM1,9.49097051365285e-15,5.98310705446803,692.311067298181,2.62081610475579,186.992465746502
GTSF1,696.49577192077,1142.98329673576,0.000101245537554052,379.528400254569,9.92911532465299e-15
FAM65C,275.292768556863,5.2982797459171,701.570151578691,13.9364687289465,317.218028276295
HOXB4,744.970752448129,1176.33948975242,821.79412087431,2.5471949162574e-15,4.4590484738745e-14
MIR17HG,38.2709973278787,839.874711385944,335.940979299086,120.821333653761,824.881377629681
SLFN5,1.76987544367365e-07,0.00312513856853128,605.525451081548,2.54366109262794e-05,610.320651399247
SPRY1,0.164274018796422,2.26618879783062e-12,560.366567319664,2.32143696879237e-11,2150.96438742258
PROK2,38.8136360880032,1197.74571297036,32.3731634709815,939.817678741159,7.79022081812553e-07
SRC,163.507855979181,1.07864813265831,1233.77809773178,2.03085126203252e-13,1492.54988650021
DHRS9,994.211868926595,1126.11433703645,130.637203627892,1.40377313845777e-15,1.53448978427068e-12
GPR160,8.72133195796482e-06,1630.68991107136,7.88279437995809e-08,217.470438892863,95.2294110463455
TANC1,4.3027257127908e-12,2.17588286816301e-14,1252.33185929758,0.0241683046139761,415.256592874707
REC8,523.953791367811,128.740068094228,2463.63782546463,70.4646521533215,448.605174742049
SLC37A2,164.888248332633,726.628693821506,69.5520076068872,1.44827190358408e-13,1.90323985457318e-09
GIMAP7,8.24264882420686e-14,0.0429453194260297,509.212132542241,2.86357251833035e-13,815.69761933724
PLXNA1,68.6899678209589,367.898628011215,1149.4405714265,1.85068031948601e-13,1478.4146279568
RSAD2,33.5247036654701,2.28872800871894e-13,315.384324052353,3.17289725116705e-09,912.861633484884
DDIT3,1009.61351008159,45.9536608111514,0.0709017077916768,2180.76554206511,90.7763535829894
TBC1D8,600.915697666612,1150.41121190572,4.17964453094506,1093.15263472552,521.397900954723
ARAP3,5.34526646498658e-12,431.818386371263,1003.51056776758,1617.44829204682,21.5097862451513
HOXA7,392.651005781771,1680.15278369082,332.426541755975,7.86137398656032e-16,1.46187567745098e-07
CMPK2,507.262507986424,5.15656449428995e-05,206.674502800795,0.624655130900969,1199.35882577846
PRDM1,907.491645742374,153.27625960476,597.159893119201,35.535310439503,883.153096391857
BANK1,901.219616496822,0.00554663824695953,523.080460591954,2.17361742514054e-12,453.025830310098
ZNF827,166.426510913163,1.9126640060236e-08,1045.06374501157,8.25680179319037e-15,524.650227543376
KCNK5,107.918439931505,186.801061921347,990.649340260293,1705.76298265315,3.55262849488455e-15
GABARAPL1,338.420426611681,327.271770730989,3.16433935778989,1703.25493555929,400.02809283829
LCK,63.4481898171138,5.62122762313342e-08,1404.49380918766,0.455857128530822,401.188690520161
NINJ1,138.507484865481,1535.37572676058,1141.25184471602,151.507777959503,5.75246930811825
LOC728855,646.086257333853,564.585663026903,187.542363414091,2660.31577710398,150.824871254022
OSM,285.851427165601,0.195110298481858,786.296231910067,1721.53828991963,0.666039240365296
PIP5K1B,33.5223025732948,0.0475656400358937,0.000151335310966156,577.717482038041,1068.64600238737
ELOVL6,0.0663071894119178,121.497751989896,214.982340230647,2.00664989365428e-15,53.8628714898484
SERPINH1,402.74054381155,1.73803367269584e-09,1486.96974712089,749.765282992152,465.664424031165
ABCG1,4.07946666661552e-08,0.000358396415158849,1273.93808758701,11.1648686274251,1658.3495743873
SMARCD3,8.24042496389382e-10,868.622248206237,83.0545079598106,2177.53205819335,3.116738294776
ARHGAP31,416.469677823209,241.832118726741,577.230903873774,358.332672796047,724.792564109272
ABCA5,72.3235416780778,357.937009707954,295.661822538816,993.741298228482,655.099635797576
TESC,29.5528844130281,1058.31083991241,712.442527051291,1354.74709956835,0.00114410391583738
CITED4,1193.71963985385,569.908233538796,962.34757855383,874.615668441185,4.70265992843663e-14
GCH1,0.0129502451973039,435.97656929478,57.0690699026975,1068.28354582306,23.5878332417319
ZNF608,63.7070297205804,9.67536890231608e-15,3.18952655018345,478.361878945125,1743.52812309145
ROBO3,317.546399179945,7.36700988685367e-08,1341.96042489417,1.08234083215623e-13,859.41049122898
DHCR7,416.592713106242,249.943528399199,1827.47595784869,1470.97191524327,0.00609545774219332
ZFPM1,369.7506005977,0.0139867287779128,1102.314068536,5.42581839161954,3.83059594302953e-12
TBC1D4,2.50579317367923e-09,0.0327778682507749,733.03047335465,10.3187886859777,663.137116597549
CD79B,965.607258559333,1.280130642325,1197.79350092204,46.1687560076145,1107.59836235593
SLC35F2,436.732636273179,0.00121516131135585,938.414994370517,732.627890380264,208.618694732002
SGMS2,0.00782998356604963,1098.72261720191,326.517268022391,1.49256135969348e-13,1.35839235104085e-10
RFX2,764.935671558747,738.046282010929,1454.08501192334,600.68491952028,3.46024197549515e-08
TSPAN13,221.231728763727,1.15458592459926e-13,460.980654194058,93.6833117809836,1132.21932219832
IDUA,1906.25638014249,287.541819829759,1289.31915897901,1217.8752785788,8.25782524632774e-05
TCN2,0.273479777484073,1187.24394416853,1011.59309276463,890.73602856965,0.0031015248173154
TSPAN4,255.768016945545,194.99175098177,1813.31609824556,349.491735857383,4.40933595361121e-12
OPTN,8.48509307206945e-06,3.31511920104451e-07,882.503929009398,0.000306707957137317,1462.75397950809
EHD3,538.57822699566,7.65017506690462e-08,611.965594969286,0.0444293894677856,859.820273056354
RASGRP1,0.353497573812709,3.82617018711109e-06,395.569177496906,20.916629429283,1346.94542257003
PPM1H,3.84848753976714,11.0915101854182,73.1606496136952,970.070991079315,1.11924991625654
HMMR,237.2041140039,1303.47269471217,6.52245277592043e-13,7.23345746887327,260.604202699113
MERTK,0.000177226170465409,817.634841414857,1051.04782151971,601.080285596701,435.89183575089
VASH1,1227.601428113,69.6911164312432,1509.2034375897,12.8280014398286,194.184346330071
ACOT11,0.000683569029560707,31.6905932232688,1801.64425233464,1036.35635462874,6.14513439394487e-07
PRR5,119.110107340717,5.13035942370931e-08,2236.40895263877,190.146473138082,107.215400472637
OTUD1,546.78448667832,380.681797578512,119.949165030196,566.506649566762,1037.46572833726
SMYD3,1564.55156057619,0.111103794061649,355.929187095391,54.1629033134493,25.722111296374
SGK223,1072.31996000707,120.411245761496,491.232600363666,506.392640310628,445.257401478535
C9orf139,687.273810285906,410.684459644089,1174.56378899564,331.767601063648,370.795208961294
EHD4,581.772306197147,1167.65042581181,829.559717085249,115.695877949947,0.0474460993065433
CYP4V2,885.091074601517,400.953082108789,690.719484568049,20.8782284774976,798.000316201744
RHOH,604.85980599549,4.39748542875891e-10,764.83477745362,260.673761742608,1340.84971345791
ZNF662,20.4657193345748,4.16388626390019e-11,896.960079309589,354.820343675218,982.293338955945
NAB2,1073.88100866654,0.0566741015338978,753.971875298073,1471.59068092682,9.81271229783117e-06
FBXL6,957.791450395863,605.678529455917,1888.08901547243,1298.83410420267,0.000186166685685677
LRRCC1,2.8115317105582,485.945191564849,0.00200825168605381,0.00159211040093052,806.132263160946
ICOSLG,315.555146560491,5.76500798568187e-09,411.741187950519,111.08147229273,2271.00670212412
SESN3,1.19779052780471e-05,64.6416075269529,832.456418277713,382.331488612585,903.079061225956
KIFC2,1059.08228429054,890.274000441244,1751.00759169439,463.472428829652,73.2909513454545
NETO2,499.009539862196,1169.56958855482,1.74302724780932e-06,872.234183091423,2.91099296721071e-07
DLGAP5,91.6424656578335,1202.92284164005,2.39963478275805e-07,0.589818840031077,439.742678082481
AUTS2,164.432731731067,4.59136180323574e-10,155.272455057383,1259.51075442837,1501.40810340535
AGAP3,460.745834465647,539.744316180411,1765.9858322697,668.745167585425,392.603630236013
HAVCR2,598.308189391557,157.9175765003,296.168363337846,3.9090645282343e-05,9.87116918248208e-09
KIF2C,371.033343971631,1247.7913489159,451.330300391649,25.7628425197394,235.302565125406
TOB1,743.415878063801,307.514130346611,21.6137577905601,1140.64502525529,716.342623195529
SARM1,270.497839779898,445.257006615694,1329.18265964657,73.117100254873,1244.80294909612
MATK,1220.53106486535,8.39447556306476e-06,1584.50513656278,828.035411261347,11.709792829045
EPHB4,351.644955154985,181.578816041552,491.113357505461,753.586954512782,725.492136900069
EVI5,119.691662074244,1025.10801074963,5.19531347429416e-09,649.861349501779,487.649453927282
FAM45B,389.130375877925,585.724147718129,0.949525477129478,2178.36493330083,80.2715925789055
NFATC2,6.70403771661268e-05,1.61963002435706e-07,1955.02492815656,13.2729822675891,688.158875691334
TFEB,1007.60092805893,1012.20799029551,559.826878357593,1.82321538566767e-14,555.926633943477
ADRB2,450.33219174217,1127.66050200661,210.335659981967,1069.80475071574,0.000820672608721906
RHOC,213.863809889695,0.00358244185398926,1129.46301395538,808.207129259517,934.517767581091
P2RY11,984.817419048604,1.75970994891269e-05,1991.90214014224,416.969798905868,243.806051077577
LOC283070,147.016034806156,1.8997665480021,848.785792277948,70.6994388058723,1097.52175654812
TSPAN17,879.835844115305,663.159396864957,1044.19737168285,232.925713332076,222.597047561127
SPDYE8P,183.040410422178,57.3029372295611,0.00842368096947193,823.526534847789,930.060542448249
TXK,0.0693306703359087,1.05904965393742,1067.70976696571,511.726876216355,204.938015697671
HLX,898.918968097338,652.702043711282,1853.84773678975,0.0190005448016358,170.925737082383
SPRED2,266.968714522971,745.74679270826,1489.71708083372,3.25939835790241e-06,373.159003698526
DLG5,39.5448364769189,733.128246152181,1004.10906417182,1722.8940736146,246.53302396102
STAG3L2,984.601188503317,49.3987205745608,539.406593689364,592.274368587953,101.772452533886
TMEM64,3.71547622571094e-08,9.34572887651525e-06,84.236533716863,17.4695944883445,845.003985180743
PGM2L1,0.156488049472244,38.173291029013,489.472342108235,0.114119187223878,1422.65466778141
ZBTB46,0.0267507052871679,1.31202521879867e-07,1363.05433933351,2.07078945403183e-07,785.831985680284
C5orf25,261.337628273141,1111.28346984221,10.6960597999549,1568.02398270992,1408.51240795206
NAT6,729.912217824002,231.521828815719,1109.52188318578,2008.37541894772,1.06582891393862e-08
HERC5,235.342427456165,577.184070749734,0.000758586033112813,3.62110246841527e-05,794.98681655663
B3GALNT1,341.794700144715,0.00015326849452044,64.4294006065749,2.23535336691095,0.00351738665033427
ZNF273,1.56690602726889e-06,47.6616706115011,0.138909327107377,1504.00282122302,513.101253519738
C12orf57,1097.11415915503,3.7317037873841e-05,713.918270500367,1925.94612395938,44.6655754579537
CMBL,336.903567498008,4.81188202786432e-13,299.256145084725,457.981098344898,59.9533039829624
JAZF1,0.00509126374194449,1042.44594605202,4.0327228356775e-05,946.782634143465,546.749405841865
LOC100130872,508.622456272943,898.289259332474,724.920371673415,526.827664227074,395.493443434978
ZFAT,634.115872878553,221.631863955433,329.112207541267,310.436029384813,1493.03722414141
PFKFB4,338.918908505079,773.58172385801,565.285094169709,287.941636986518,0.708920915762909
RCL1,545.405534899201,26.6262828829224,429.319574343098,15.176268587308,64.5334610043927
REXO2,248.549267462356,79.1601037650843,690.2252882259,247.684854945932,257.47632021194
SGMS1,15.0191566563834,213.770072605466,144.029194965959,0.000229867042376486,453.761741569478
VAV2,1098.81873225791,978.334623907712,370.197299145735,7.85242786909095e-09,541.541148100502
C11orf84,515.377052990752,167.109145831131,1769.8408282636,357.916345063467,474.617983808726
ZHX2,953.320894318082,0.000844546638687328,636.96642875914,89.5447327368992,1294.27291003142
LRP5L,572.86683871646,0.43428690960093,902.862415630013,1508.01189475533,929.824172276164
HCG11,764.76057661892,289.395356423239,183.539183626215,122.651843623968,103.836296628018
ANKRD36B,12.8201730459535,91.4334102859971,214.585605834355,637.354084099785,1588.74245600275
CHCHD7,834.718936082615,488.875724077878,409.168515882602,301.822661444538,1054.16993508314
KIF15,29.9716188336502,1082.76650318017,9.51736612449461e-07,24.9983696311137,498.636168154057
SLC27A3,518.887904392104,780.04318436562,764.178901574364,1558.01107046523,0.717465924243622
TUBG1,977.696677244064,725.559497086078,880.054652653856,188.756852974426,161.663613952758
SLC36A4,0.00429957937634152,1531.2061111947,0.000852108001072912,811.897357357695,303.137372660429
FCHO2,0.225282590371639,82.1717558405968,0.000462745145410313,460.581150724364,275.262805389828
DHFR,513.02917421213,844.808556218244,0.00030346170940774,33.1424495619176,686.107156056647
RGS10,511.458060450043,92.8147946169588,554.871798023378,4.97564101028736e-11,571.563571117464
NR1H3,265.913631470316,7.36183038390684,1299.77709724298,1205.30974246583,649.312385064309
ZNF528,0.000728093119759427,4.47910942999853e-11,486.869470801171,410.629626706684,1115.57731122206
TCP11L2,0.277124454849854,143.233840329438,438.483055731058,94.9828451626857,1334.85377176777
ALDH4A1,772.636739211832,954.923543987819,565.021719475732,1344.98550923765,7.24812725554762e-06
C21orf58,845.551638052273,215.664807620872,877.581314148424,508.443415165081,498.060841828687
TMEM55A,1.33584721078357e-06,680.560079652191,133.316759394495,191.460524972532,39.1813410206149
FSTL3,559.668994064838,3.42351912465188,700.460237708185,1544.22040398181,0.53107036253812
BDH1,1424.61211966337,185.745740092771,752.193692232374,1390.80646600825,8.84733056919775e-06
KIF20A,621.211850860687,1204.46464826625,0.000431920444938708,121.172829329648,256.619259761921
FRMD4A,200.513054934925,350.991688370595,367.419598625536,1514.23551322263,625.687354811715
KIAA0895L,1539.95388586047,534.165836026338,1378.27695600736,600.012221265058,330.66144458942
DAAM1,6.92822648098526,113.911408419017,52.214030677304,438.8387788702,1022.11492844115
ZMAT3,296.121138098361,200.531300943344,229.821668233978,516.105185877089,539.292257120131
HJURP,373.211808190462,1006.19443017232,138.418896083124,427.288556182145,497.780426729778
DNASE2,131.14180863761,58.2164676494267,696.535835121369,1557.5023002096,36.6679689616233
ZNF407,7.67730044324773,342.154042104849,138.316302567866,239.335214193597,1544.36286574257
WDR34,1038.40719252545,269.196354237199,1374.51166346999,711.574320594012,1.88235770480612e-07
TTC27,822.867276074923,152.513920066508,379.597090315721,68.4907149532349,49.3890313166182
TRAPPC5,1176.41911484752,596.708759816161,1169.10701163783,1435.23104580922,2.11927218543027e-08
POR,803.451361014417,1254.0326494541,709.903416245728,594.030064319685,189.949228153656
ICK,2.50932495834871,562.661831897741,22.4038425472099,383.382499381284,1324.33794134598
GGH,224.001274304552,645.993007856021,413.599135076694,528.070176096349,31.9948168245844
CROCC,710.599892539112,240.415967430886,1700.43999418842,107.091897646171,1040.42106585583
KIFC1,731.232568716816,1209.67434582175,490.833962241723,384.364226721344,397.526057308737
ZNF680,9.27206450935209e-07,234.87656125439,0.00132572230979692,1282.52742407178,544.112507763183
C14orf4,1009.37557156474,456.526274731834,1284.87739934648,141.519139936615,964.772069041765
C9orf16,1600.89025434031,402.682814014244,1374.09416605905,1117.59201366962,4.23262887751032
USP54,565.884698392729,272.098471900463,666.477711203016,571.099789680788,2.16123220571738
BRI3,464.799718135523,989.979419772676,260.914536124948,896.934295368086,61.0228153144292
DVL1,1124.85382912211,398.388612461504,2004.64649866742,581.462772367164,61.5818729135027
ST3GAL6,195.995940662639,733.477376888687,0.363340094583382,1785.73788571073,394.762532554996
MAP3K12,299.383939742946,110.060338665816,1630.39166748219,973.184974379232,550.617731594961
USP13,457.793118069083,66.6714051153358,1.22898557185356,145.014200278966,1394.64953803052
NEDD9,7.15664508570089,748.160581991474,855.406824870175,238.440294645703,734.049298482994
RAB24,1253.54719596942,748.453741092623,630.918257304124,411.982191395827,258.033508765704
ZC3H12A,841.85757998934,517.98979815083,1126.90630381142,893.413472317493,29.4532994917939
LTB4R2,456.86378473413,1053.78114475708,1235.87829587522,1066.11393116294,416.249567684805
WDR60,462.304153346065,122.232962232569,122.352432338329,1305.10104036483,867.269592923581
PPAN,1012.7118667097,71.9088976478885,1834.36871572069,185.66447899807,25.9285381119874
ASF1B,405.603212935885,1285.41055447136,1009.07199686318,54.2629582976567,419.669020448456
FAM128B,1336.66147750707,434.779153733572,1339.04417063308,1179.05584970532,0.00924328667053762
STK36,1027.57609723451,393.764591657875,1488.88385422784,911.611530807026,0.0752730078694874
ZNF772,3.36493179238757e-08,0.0024122648687059,646.404993961374,21.4552117878842,717.679927931699
NCAPH,230.30119615879,1309.94910079491,117.964307846412,68.7899451878045,459.161328637607
CNTLN,24.0276814971591,805.522099116165,5.45739379027901,149.351417211803,1429.36795824053
B3GNTL1,965.86947325948,404.040560855834,1350.32500857093,1310.78433916714,142.999859616401
PSMG1,573.752521406124,359.270808956166,746.410215944622,285.268511815566,105.709631231782
C5orf30,171.39983618678,0.000100783040320695,33.7621811393218,14.5339803459794,542.392713022965
TP53I13,1644.59043655793,544.052395545286,986.199634957521,1083.21405041977,221.959472410502
ENTPD7,33.5535693182023,931.136230251992,113.125773591859,68.4319468429322,68.3615452153242
CHEK1,100.128034494935,472.422252248959,507.384401989749,0.88654940353913,629.530410824944
S100Z,199.855713318618,95.3033046584722,550.618221903308,0.00817409635773642,425.902819497675
GPR132,716.004472386746,932.410462262792,655.326758156593,288.848173207724,361.514171292764
SKA2,104.138827079206,1343.28920286716,0.654173837324222,19.4425342702981,909.035426112309
UAP1,345.936087590949,238.807388682722,115.221990683834,1600.98819370924,403.594250086669
LOC100288778,1022.00438623821,513.234354806941,1252.82204931987,1102.29605287479,11.7920619481076
EFCAB2,838.707755060187,426.620405989882,26.8677546576441,918.142342566658,994.632903574746
BAX,1473.48947718092,1090.79144895863,821.81186993016,547.567750308386,49.8002600977015
NCAPH2,1007.9708687216,491.937365885346,1610.01363780389,690.329729455027,178.769747063054
CBX7,336.274218511312,374.181609027839,1059.63232765803,556.213809116793,753.308432395917
CPEB2,3.61347409905567,1244.09620139189,6.77111277611689,573.783425853839,1035.46867652868
ZNF277,573.470789939779,645.099557096002,1.19020445707756e-10,595.464799901704,598.441345283785
PNMA1,597.295555749001,1.01744291520129,1409.39884516775,291.552772315686,620.475517620723
FAM108A1,1120.28620790398,606.44858189425,1962.30264000779,396.333468547204,16.8043153692618
CMAS,605.435204454289,612.258246525222,22.2498606095851,137.054415459932,94.3988691801562
ZCCHC14,455.474999871345,313.855290329744,239.227793383754,631.772294845184,1808.59464336251
C21orf2,1062.56527224659,127.928571859379,1012.9629050388,1069.38210693903,842.682743555278
TMEM97,423.688211120851,302.384683408418,96.8568908979279,7.60687143597944e-11,693.662684533867
ARHGAP12,389.124841649444,584.221416454171,33.0235832859574,971.388995272487,1482.80489309324
ZNF253,3.54770691232265e-07,0.030725277843552,445.431185811817,376.731777812686,623.802255415028
LOC100286793,305.373567987938,162.607231348143,429.762922398938,1850.80749744292,368.341609957198
IKBIP,120.49324140568,1313.89902075782,23.7739118750865,568.365616152963,188.154650900869
XRRA1,145.795448943347,314.946602412116,719.851580357693,625.857105896623,648.992555292138
TSGA14,776.860287573675,5.01148534696448,1.1357008510719,677.60421688258,523.28266123075
PDE8A,467.551465956425,188.374370483014,0.00113791309428494,1371.62478845129,612.772982351398
NCRNA00174,1554.40525577718,159.888533234097,488.764071544888,709.247867916594,47.625119826227
CDCA8,510.635515765162,1026.22208209192,366.276486107961,176.67329091892,263.431696288347
FUT8,11.8276561675318,303.931002237928,367.336145121245,90.550210541538,362.174206203703
TMEM205,1286.28772592624,1062.90455011741,847.427711102516,788.319614403182,36.1386158025596
C8orf30A,1090.15852846205,705.330993284289,1486.17393178319,513.75185575793,7.60274421105364e-05
NCEH1,86.8728922743803,1479.5326319845,131.90212966266,91.2068958597226,311.941551019543
RRP7A,1042.43550795519,645.721032426877,1236.3996963262,666.722912656954,3.09016371768261
SRD5A3,472.276659168791,345.651440822644,227.28325445477,454.444111234586,487.432065586665
IL11RA,552.57063750568,8.00814714185366,1234.02982691759,887.187802521177,1170.50059101798
TK2,857.490826483948,1250.77177188598,328.286470307479,589.831404507666,415.292030001772
PLK4,61.1779079120436,938.820595078987,6.79521478323641,176.970889125278,652.599280668585
ARID3B,838.523500972204,566.988864690824,844.121110842735,366.60669468922,443.454275976335
YIPF2,863.628713625185,312.286699631805,1059.63967905527,1079.22626338995,0.0177704425130088
WDR62,915.740454406813,993.269210748209,680.496954189737,681.491190500896,308.167489407295
SAMD1,489.44242822352,397.345626421178,1828.95050737554,594.170281517068,74.7632727194808
RPUSD1,1257.14487251489,530.842116737358,1673.22571750632,493.356849123312,0.000708695455491872
BRIP1,5.56950188541748,444.270526289251,9.14379632009709,2.63430952998307,1045.52345350537
ZNF44,5.09486624195439,172.12513742552,88.0531531857985,1441.38002099955,746.3338388666
NPHP4,1080.29954074329,558.913843546925,979.731637514018,1276.0372254877,229.510016700629
ZDHHC12,858.568865257346,920.243871985661,1306.85265464979,1168.936549785,0.00107106316179157
MRPL33,957.628595597348,1426.53044626837,6.2079873322169,535.063883948015,71.4212909384194
STX2,290.630968983566,469.070394529841,200.865349709541,909.639104544198,733.37227946732
ERO1LB,170.657020781975,73.8390615325911,4.36677874279036,543.804295032879,1958.05332606099
ERCC2,1374.42592791983,889.095373731568,1097.37401303138,258.669248007808,0.0913774786230064
ORC1L,601.640637351354,681.232817704173,649.483758004492,1.751005050021,129.226380522489
SLC39A13,876.78748372986,239.455960999948,1433.2380262808,1555.42574912549,602.623659080992
ZNF28,8.14089344756866e-06,341.720876918819,462.801767156608,92.508819975446,592.873590552166
TNFAIP8L2,503.323011643338,810.304397654523,815.723185048685,454.054327700302,0.010738800785015
TMEM106C,858.693276032167,819.93597276683,506.669530937185,117.920783767392,257.314001385972
PLA2G4A,52.7695498871864,1183.59670797767,505.271300371186,1.53502530573748e-14,271.181865979401
RPL22L1,1461.46095284547,339.27764558478,15.0226889376337,383.608399694963,4.38450587443238
ORMDL3,468.980191711199,0.180447803548036,615.727846281426,1580.1988926498,611.75554035822
FAM189B,1020.15257005285,333.386923836089,1676.99108735066,132.871518330931,194.799346973937
CCNYL1,230.558709748966,1121.4885848772,123.601038406814,138.341514580698,453.676711437532
RABAC1,774.075783505665,393.432033918512,1352.0497806388,1313.62211720078,453.734675195693
DCTPP1,1349.83085229555,491.198605678044,1177.41876243627,458.37147426252,9.47427578592751e-05
UROS,875.420100671769,405.711021138307,405.383493865254,383.319726344463,48.8296047951793
TESK1,690.845519491967,308.800514874884,1305.92687725318,1398.08846594786,483.875367936132
MAD2L1,563.265525252203,745.75282575078,0.0883064394512624,32.8847142618551,152.052215655941
MLST8,1176.82135919295,452.895264330688,1559.93346354839,843.723079877776,0.00545542223132562
LOC374443,0.0806421364015883,590.056719674074,120.640841067625,875.379213711865,1524.61372598835
IMPA1,12.4399233587214,439.283218952581,239.156920372765,123.54146234154,378.561812042937
L3MBTL3,616.841892825073,85.6697492009868,4.6631701893106,201.781247277402,949.27806796847
AP2S1,1173.57600389886,784.704857844588,1094.89527476775,1054.93876660007,0.0563364645675054
ALDH16A1,1567.1423184627,819.776686746004,1295.87418794989,440.553359891666,90.0306599241121
KIAA0427,603.518980930834,274.143769765845,903.175952266806,1627.27644628959,177.778243440478
PEPD,1079.82947426498,929.306424425429,1386.330631911,401.101838821489,242.564174336088
ANKRD26,239.790236358696,313.166400823469,0.00125275218288259,183.127708157653,930.504552252756
PNPO,674.572829240864,585.729802852161,226.553131510829,26.4957312953413,76.7106683322217
TNFRSF10D,728.006415106153,636.100267867965,921.1166986365,344.453576004428,282.975315464188
CHMP2B,56.991143434619,742.742666400325,0.0225314822081617,132.649531941263,693.629839602558
GNPDA1,313.886239646652,606.617030751537,444.183009681905,572.52027516694,723.483242480158
NARS2,150.066350199785,193.03457965439,608.76604612956,348.764907572583,389.757123601267
LOC339290,557.378990435428,112.961970853662,541.231413714189,455.522322920879,981.835015102993
BBS1,755.709135255726,7.2096420293603,1320.52238735169,745.897446483818,257.126018862283
TICAM1,604.283168142804,695.142961050098,1405.53520743193,100.81315580368,21.5502607795294
DNMBP,456.153324385705,502.256169710482,577.444686320214,5.17716194797826e-09,810.739065571023
SLC25A22,1040.31902246687,367.455165948804,1765.20496641063,184.618377444092,2.76328028167545
ZNF175,0.0442554383725182,215.444072959196,340.005843938881,156.165249931333,499.615257819474
NHEDC2,603.203541306063,0.321982006854283,701.357658361176,7.51894943415166,487.893393297579
LOC728190,91.6305294851748,134.841301448853,1005.43998820153,377.382006436726,859.99091131206
NUDCD1,307.111348374492,355.123474923283,159.982695361348,0.511941637170012,418.067115658109
MRPL12,1290.60568148707,681.443608892577,853.256322894524,472.236277364352,1.59098164461767e-06
NDUFS8,1268.2291614223,654.10954730095,1254.2784744555,495.791733083925,5.13176321869197e-05
GTF2A2,534.174345493309,560.512293441672,59.8036118881875,1197.6867648376,1204.42665725191
PLSCR3,932.030175391802,470.016265942948,1119.13861440613,457.992998184399,0.000684278673085509
MIIP,1091.90866281222,651.919007829651,981.766049159587,771.986196458122,0.000659128732345687
RFNG,1122.54697918306,448.596307335896,1483.59585368999,932.08318996255,7.20279796261222
ZNF74,855.037696554969,8.35361662406157,1459.11058459255,536.744237868407,60.232831460585
LZTFL1,337.396741822324,269.304193634197,3.71279499840615,704.451544106522,1172.42068426382
HEBP1,593.073565422685,359.236757077865,280.639213320119,912.161996066115,469.72464062946
GHDC,1563.73788322368,943.325209141529,704.774608927959,827.469193238785,105.795153563291
BRP44,778.843412442058,288.914259986567,209.183714426115,303.617689671202,162.049909292522
RAB7L1,280.219712080048,1171.53544484717,689.728187377522,2.88105799658189,711.118455946579
RNF219,44.9831588626327,386.241938157344,193.334150713396,240.090354938039,811.284192149941
RRP15,147.960156083885,171.219413983395,79.8824357300558,432.753403460971,1078.62702675222
BLOC1S1,1146.15231887739,1307.44624087008,781.512528364389,866.196746944887,289.543801769229
AMY2B,683.041335917536,166.634482235097,249.747451179906,589.68935965734,954.605772968484
LIG4,290.780772604981,509.251975217497,47.0394499752339,100.02638087081,936.858641059221
ZNF367,100.540784087211,1204.43128025335,50.8460148120099,124.08912062459,961.06445511992
DAK,1470.27155593869,834.751745575764,991.622691141545,543.526574816525,34.7383739445061
PIGU,625.643003766791,1356.31633886646,449.97844326893,556.992249951848,267.847502331399
DHX32,816.038093150424,338.877219497438,187.495926475718,556.349056876447,5.80360340155121
PURA,396.406293696804,461.115487271268,139.972752380396,836.296865989555,1017.99060046891
POFUT2,700.914456731321,330.465656962922,878.281820548996,1131.78342677868,438.794147081651
AHI1,451.138825022335,188.20405868063,205.15849999421,327.833606466002,374.873094734371
DUS3L,1429.62588282777,194.658540060219,1202.67172615496,733.050183210466,1.48726530640966
ZNF8,123.529245525862,0.0651106428199177,963.177337597852,542.60334580288,881.820911763807
ZNF248,64.8649484824533,62.5221750711775,348.161766769611,622.604519763812,521.367205965191
PLA2G15,911.194041473491,1374.33647216943,925.062623563813,566.651300586862,530.136939011775
RNF19B,408.153603890123,956.946247636833,854.903959812859,680.236469304542,307.946581168539
KIAA1524,6.42450486611184,961.93418791928,0.106922541221121,125.746319375288,742.69428918822
C6orf64,47.1465063112141,342.484996003233,174.27514254569,434.353868190882,1465.21535299602
NDUFS7,1259.68912073607,825.589641481238,1204.22073808884,445.473792969852,0.227228727279657
ZDHHC20,2.51998795501092e-05,278.469834457938,380.478541906484,116.121058853938,750.858717909319
CASP6,446.447217839139,0.220548042596605,142.303758390078,1021.51866468707,56.4483344948409
AEN,1255.37706691519,783.711898606838,678.934846129779,131.979944899652,306.174537127677
TUT1,740.89836166921,271.096992026922,1392.87925268847,672.747869276482,257.870949506621
ZNF787,1058.96410218085,384.576953763033,1508.45487356328,778.50603534249,30.9288086157427
HACE1,57.0930686850024,220.611076169547,459.998236272251,545.912388929047,979.098455967228
PRIM1,584.77659060405,534.268487942702,34.9068220862742,39.3875401205676,598.936482065622
LPCAT4,1130.64242499734,98.5756860197409,1337.01999258561,524.299434817928,18.2430641917268
FIGNL1,5.57432405334537,543.853813138208,77.748292190394,184.588062275399,743.016347094872
SLC37A4,843.094211075576,155.856608381385,1226.16951053938,747.302193716494,48.1766279172959
CDC7,80.724501076732,786.30419413295,93.2135134998645,352.442904330065,741.043735393527
ZNF551,42.6331225273641,36.0321893049581,569.965271162459,379.038369393567,1192.00679374044
SNHG12,1085.21697479617,282.544032074869,1108.94306034876,491.549790485655,89.0335264991378
RASSF3,8.88847308675646,638.360376786007,427.778805392896,88.6281872493798,518.359453887512
ZNF514,86.4980765093537,341.710943023209,191.987277316022,1211.21964658158,712.504479064109
MINA,520.654422127123,471.750812551172,61.1826439132134,291.496566629077,1050.83219777821
ZNF417,0.455356542130539,165.298275904543,773.655506667664,430.245165250059,1028.9631861633
RASA2,1.74176017703429e-06,471.449779617778,444.028440121125,123.374654767833,896.395107117796
ZNF557,3.12223783690576,407.513640780272,320.400255853818,250.299294365358,525.841999271906
ZNF611,0.000391030715674238,581.933817363817,133.408313496773,349.605142683525,815.250978580618
PAQR4,714.205683603912,722.281401974086,1107.20319040354,799.13949500765,125.137708568038
ZNF226,0.0204212806192549,34.5219427811178,569.572034928468,532.265032042467,637.731732668613
CAMLG,999.794319484529,205.307237217081,0.51944514436549,646.220530377264,340.224889915718
PSMB9,774.465934899719,248.275512093695,726.983151310944,81.8065025646476,982.56700210257
NCRNA00183,253.252936316676,160.644914812355,186.473127285311,1071.79497177322,693.883820899974
FBXO30,0.0490194199210276,375.089003818293,124.273202380549,97.5040893763711,668.169750780207
SORD,1098.87526473753,31.687228855808,657.666545875863,286.204923973969,61.2686729680271
C18orf32,447.808566814507,703.375376709432,0.000216176426044315,893.513373719242,477.470691007587
PTGES2,1064.41533723377,508.562616670985,1460.12507143423,504.621749721694,0.0891129109221369
ETHE1,1301.2000456133,198.813965197909,733.417904523542,851.33174708693,12.1599545322159
UBTD2,100.422379577805,517.837923272294,99.2753191439967,119.524208158524,1247.77640801532
C1GALT1,23.1015661556622,504.4463250715,0.380843774514293,341.508925582313,970.666585855835
OGFOD2,785.435909119574,452.230655871739,1334.14838202089,1143.34945198037,28.1216533101717
ZNF765,0.0187124954410538,223.846970194987,231.267679673632,237.436721286192,494.030457501814
MOBKL2C,437.004580216097,461.885971524078,787.509151671768,483.638560964131,225.518399200849
GLTSCR1,729.793014888907,533.169917110196,1615.36412134181,673.387909006753,395.407000951629
GBP3,75.4056772504872,282.481439032539,545.102018073992,23.4061163582199,941.819517411363
USP31,295.744907255352,1040.46010489601,208.285549431638,831.985724661697,171.911553472612
CCDC130,1084.35637117961,555.40067676908,1392.9280393796,1050.0120353929,234.180999955955
NLN,71.2565056454686,732.359585775005,328.248185717134,149.988159081462,197.110472633922
NDUFAF3,1493.27893375158,570.442586012402,1029.03615660402,824.831574387337,56.0435748452224
CWC15,513.452514889366,304.709027982284,498.426412236372,337.442326291471,322.906215204548
IRF2BP1,1181.40168587122,214.650405972048,1371.04619418003,627.007457641085,38.8298802996296
NAPEPLD,55.8279356223142,432.951857115584,8.2045866929243,344.131343119396,698.879165796286
TRNT1,403.777835687903,64.4555119119559,14.0051598208011,1041.0141331751,474.700534775063
SEC61B,1079.93053812889,604.673138239662,346.055103228577,1212.22531158466,371.076245746415
ITGA2B,2.23424973005627e-13,2.1330505277876e-15,0.0589717694358659,472.948365215155,4.13268132486074e-16
HLA-DRB5,7359.97544737483,0.0475555956717965,57.3884484874346,5.29952739886594e-15,2787.81835543252
CYTL1,1.59100574470794e-11,5.13030585319976e-15,3.11427095453584e-05,13389.3543546331,1.53779137356493
ITGB3,2.79807224654813e-14,4.59436023386247e-15,822.56146494082,4.9761230227256e-14,3.15418007748566e-13
SPON1,1.54233523603202e-22,6.44876893402824e-20,5181.5507373087,1.63699570177724e-24,3863.70717246072
VWF,4.75231943323456e-07,1.69131093277602e-12,2353.89776410907,2.77142822739526e-15,4.36242635348731e-15
MN1,1.13811941666097e-07,7.70734901617609e-07,7568.98807002635,1.97271937733766e-12,8253.85203137733
SERPING1,2.49101032133275e-12,0.000111615468423777,2202.18821514144,14967.2119818068,1597.3588036422
RGS2,685.888693879975,415.870893919629,7.1544639060945,0.00296652719536394,171.871106595647
CCDC50,3053.56177974995,4.22000648488125e-10,1.21024421980604e-15,7.68808716822573e-15,10111.1659078242
SEPP1,5.66342740729198e-12,5.23544732048121e-13,0.278355394723488,2.4486729137099,2.48314294611767
C5orf23,0.00988675185683897,4.82190145463112e-16,246.813423573836,4.95354135411805e-16,13384.0225287859
HLA-DQB1,7720.95402448143,189.370765151418,187.417489059685,7.15394127858e-15,5375.5372205132
MEST,2007.84774121546,1.04260284529167e-13,1139.77502310219,2642.90130666352,1863.87097696038
CR1,1.69914511964257e-12,651.868505103953,3.79460086416843e-13,5746.32267543589,5.78225430130296e-15
HLA-DQA1,5765.37565781496,7.85125138127529e-09,1.87322303746571e-09,5.67737383934864e-15,7707.45879459998
NRXN2,883.19646195077,1.2449097842334e-13,11840.5561732912,1.40218999339146e-08,1135.60846022255
ABLIM1,8.17464175564538e-15,2.03413238359353e-15,5963.9718314058,1.31212557770013e-16,4806.73851908524
GBP4,4.78153037398582e-06,1.2179846906126e-14,3159.30095026975,6.49541097553607e-16,12745.54732668
OAS2,2844.12713590768,9.65469378873831,3107.75310615365,8.38583794199847e-14,4573.61911228645
H1F0,122.836832069562,8.10323763796285e-09,7683.1640371666,2629.72186597413,9477.38900821788
ANGPT1,1.28681088244139e-13,1.5009468768678e-10,4656.39894607316,9.62920369171817e-17,1298.84385757451
NFAM1,6.39522378296036e-08,6430.50844212769,569.472223542907,7055.68927951076,8.4153608233454e-08
IGF2R,81.8722256594778,8205.46000364939,3171.51243240495,5.59285311309129e-14,5584.34696988284
TMEM170B,0.802586898213498,6618.95284301127,1.01373631118896e-08,1803.53219968731,1631.14533381488
S100A11,1.4930954936653e-08,4693.73389583462,2687.79649237065,10238.5327907007,1.41969259969283e-09
PRDX1,642.607321189505,1893.66378959191,6373.28068129743,11.4893497299469,4525.52587524105
XAF1,2132.66931745068,1387.28380524693,1784.63464516413,7657.45905928142,5206.3732700403
IGSF10,2276.74448226328,1111.39120574867,856.951405327026,2.17806330476099e-15,2.66701370058283e-12
CX3CR1,3.63564532836999,6500.2811919336,2101.64493966093,3.10701282034999e-14,2.17985305035849e-06
SLC7A5,1934.26866681567,1402.4669133032,6092.37124108673,9133.94258106603,3003.33285319947
LMNA,1542.10955649711,6493.08788569759,3639.4852908888,474.822933723142,0.000346283571215873
IL10RA,723.169504066196,684.342488556205,2655.61530161637,3.95769468945799e-07,3069.25258850174
FADS2,2325.04187944402,4.22851153690136,5663.49185334207,14.4583855038041,0.330623717165382
SCPEP1,962.024085258053,12733.9967018036,469.56473589344,26.5298437875214,539.85617821635
NAV1,17.2025557726501,1.7543787791086e-08,6294.15683930905,0.000516179659608552,5477.57392623632
CYTH4,4347.29415148836,2039.35396660028,6826.38120418923,1.04504373717624e-14,7239.00842386024
IRS2,2967.91509376051,7221.21959575746,1492.74183859492,6555.34570886968,3018.49731649186
ERAP2,4481.40812090229,969.687852875669,0.132791243323501,68.9131156313804,3150.68411344611
SLC44A2,380.564020680544,0.0978104706698474,3726.43430866998,844.18847214461,4147.06447003446
PDLIM1,5970.5312354345,7.42048021376998e-13,2841.68882095087,8.82293241430339e-08,998.296507004079
ACSL1,0.00928905456137227,7852.54479749576,628.08584518955,4662.32278900584,175.908481180199
CAST,385.836549263981,5525.66634728941,0.000539035592443426,136.739267064354,3198.09731065653
PTGER4,1895.59755721549,620.387242079213,4827.04970535084,363.008472326469,3606.30695803959
FSCN1,1005.52327394424,5.18061403948309e-12,6524.79136141554,7211.68037512998,6.43877404927627
GATA2,0.351874094084277,2.53607252672677e-13,8416.22336065586,3287.99428022038,0.208396846776171
DKFZp761E198,1558.23576882842,9172.17831624308,3194.10537393439,5567.1690721115,4.53016656132818
ETS1,8.02038327271982e-07,0.794194067027485,4257.34042685039,0.0739492156993095,6001.57031355954
IL17RA,90.9043772439943,9568.2817596946,3387.94872857536,4023.01677135307,2414.11705370682
TP53INP1,8.7046727870208e-07,36.4223301295457,1905.88582665163,872.940919078413,8474.54280609453
IGFBP7,3175.48528592237,5230.09364257839,645.480828608251,6682.12827775991,1329.61031625686
ICAM3,2799.29611702218,3801.26374074976,11697.9186082324,692.802015274603,4.83533745892982
MFSD10,4103.02896647102,3634.21295115838,4938.51974577842,11599.4509649669,2.33316176422529e-08
MEGF6,652.058114303762,0.000534120249575428,6609.92093857305,10595.0541881701,1789.1380635561
POU2F2,4553.38762012989,2952.69778085514,836.874927466765,3.98706436897814e-12,3584.91069750441
TTN,2.40085978774364e-07,155.016687376997,641.614014162983,5833.21216720619,4759.74048571098
EVL,1464.65759623111,1.07446785377349,8426.42834548362,347.634750248768,5592.4096352494
ATP8A1,5.52469862883074,328.852097570596,1857.82704638725,0.00185444630768997,9891.46166626245
ITGA6,0.986181592263158,1.03471285212886e-08,2362.63101859345,0.0118595722755442,4218.38225774096
TRIM58,0.000487764665281992,0.974148833520831,3091.59831863637,1936.8202864893,3311.17564372349
CCDC88B,3834.18085020063,5487.24507156067,7804.88423690197,1086.44831956967,10.7914184965786
RUNX3,1203.41469904844,2.86944013534456,7382.72924290334,3412.12531652348,6616.20227867629
CLIP2,1957.55852662873,1067.87238457354,3884.60729139401,5789.00267508289,632.580022681607
CAPN2,1255.60455871531,5514.2899977075,2754.23109826873,2377.73092402018,1732.86003816937
CENPF,295.10081745669,5726.92286263356,4.40219515427071e-06,197.844736236142,4885.38221260527
SIRPA,1745.64186197024,8714.02968304999,3127.60601595119,873.998175150537,9.84722623692213e-09
SYNGAP1,1752.39170016776,1.13910165714165e-10,9498.87859994141,275.314866957536,2710.54101378405
PAG1,14.2060470340796,1404.14191954943,2171.84023697172,63.7023015177569,10415.1467630624
TNS3,1348.23464943968,6541.91223220039,5262.54641059507,3.74757358967247e-14,6084.83962377611
LOC651250,325.618012053103,2267.43193452065,0.0190487513328968,6649.27870964088,4680.33726723278
SOD2,48.8283110816628,1531.01391369106,7.70946844024899,12.8764725589059,4741.46644176639
PDE3B,66.4219026718413,320.268304089389,21.3616783098841,9127.2120028724,7900.58592281788
ERG,332.15517665906,2.84047376091632e-08,2569.2387649568,4282.88973192788,9673.00495223889
LOC388692,1876.78754045443,1379.41955827254,107.268573320125,9482.53900056286,3214.91425124534
SLC17A9,4520.31602773969,0.403904170283266,7305.05868295257,5979.96061017157,803.023017741929
BCL11A,1554.49243026621,784.466938131216,2143.320063159,1099.50459774016,11041.3639950936
CPXM1,4570.7755014401,6.58514331965381e-10,5697.41863366011,13.0254614565208,0.000378636617791659
SEPT11,348.840407191991,0.00518217818698131,3081.29918616792,0.0294213346787726,5980.210695574
CNST,289.009783413588,0.00426075697796494,3597.00630359728,9.21669054692281e-06,5101.53757824938
C1orf38,860.825672399305,5135.99188431178,4148.07439284119,2176.69358294499,1623.3836652715
INF2,1886.09072168487,1159.71767038157,8668.30473352435,3859.51121501996,2254.07447488708
CD33,1250.37388600597,4660.71596353511,4337.61187418104,4975.78261006469,2.94564289742848e-10
GNA15,3529.4073798607,0.0135990023116357,5444.68171590454,7792.39740872696,2211.2605844325
ARRB2,2462.06949181468,3644.12350901037,6557.30337691024,2923.6286718563,852.45598855159
NF1,0.890483583860196,392.192646430255,71.4655634977576,932.462605621285,6987.50791420055
SQSTM1,3069.87308493105,2386.639121315,3867.34390432195,9466.12671557387,122.078314560896
PARP8,1595.40141581933,5284.76303838184,0.247077562634555,2056.09470958264,1617.94332556947
PBXIP1,3906.44802129986,6.84466304184804,5560.51317613677,8202.9895051274,4134.47192494363
LRRC33,3965.0205397628,1305.60658387262,7776.433727902,4372.65911496252,0.000163208297523673
MOBKL1A,22.1045045167706,792.69367312626,0.128936378790104,65.5597476681478,7712.82009549319
TMEM49,599.316922994376,3910.50967119243,504.411850632016,3598.09007790062,2063.87627262522
APOL6,81.1059095897706,1589.35651479928,2600.10024347771,57.7913563839554,5796.39582896576
SNHG1,6711.84421731051,88.2652050981118,2585.27263617972,1754.40872407512,3745.14900884319
PIGT,5165.61636696611,4773.77359585879,4717.49493032284,7272.77433149998,54.2568707682913
PNPLA2,5303.84992147488,3203.24299948493,7378.8723231979,7645.04829232419,5.1949087424533
TSPAN14,692.954346641837,3928.20564156323,3030.21332838097,6635.14398569984,6459.23136513677
ATP6V0C,5387.60781525783,5029.27204808895,6951.58560023956,4931.75815463499,0.768725258717263
CD84,2.89093747414693,606.816079593266,1767.7146456549,14.8510272873479,1305.71904245745
LPCAT2,0.112341394876457,1140.80659442983,257.362904288085,5671.49588817776,428.737348335333
MDM2,2285.95770465931,6732.9410735602,0.376053282398982,1323.65111116059,4289.77639426205
DDX60L,267.280318422876,4907.06062351461,648.764105621296,1.67409342931967,2507.83315081757
VPS13A,41.4585643160341,709.985505147777,0.0322222878397918,2821.24435481152,8509.68192149162
ABR,2456.51626139085,6345.78686531082,7217.95114876001,5205.66064672668,1990.22585100624
RAB27A,183.516872986984,5826.99677962358,0.00117233315797472,5982.47858112007,377.300617013957
WARS,4482.84859184979,2854.18756700267,1582.73071688694,340.452886445918,3.21239327663295
H6PD,1555.01060649544,4525.97229300476,3800.67439953911,1719.74438083609,4766.89045291057
CBFA2T3,1335.80506769875,1.11532043041364,8039.76762110271,2881.83207735987,4436.12584934639
TTYH3,3958.44816681385,6293.166666961,4878.95980154402,6.45202621827548e-08,2514.36077105348
LMNB1,998.537351027989,6607.8378865464,0.973928655872495,1044.81130460752,2049.85475583781
FRY,0.909588153795806,1275.41462637951,2026.26174866757,4225.87595001752,1546.95494913115
RPL36,8503.11716845519,909.214485648015,3660.64206879173,5649.29730010999,4.05998082435727
APAF1,1.4068083963977,7360.21736502551,936.300440771282,790.035579106771,729.507901995217
CYB5R3,4092.8223117956,2414.8036380675,9435.58647565963,3065.89069682997,267.557516350753
PNP,3344.68445446263,5464.05010360986,3918.56214581267,5281.99316175511,0.21740927870864
HK1,1802.76181590906,3285.27462305366,3694.34020269353,1267.244384624,1382.94863816726
MCM2,4379.0995675898,1004.68138261875,6962.9111631541,192.498280307229,264.710869828982
IL6R,124.75603712428,6568.68628125717,4282.06292491274,1006.98490070441,3546.13715372881
RALGDS,4161.70843626548,775.001830967389,8125.53193369119,3401.37674935868,2718.63005468306
TCF3,6937.14802100146,0.0196526284929813,5455.18382201799,1302.69852634231,1987.80993538336
SAMD9L,1199.88954687342,1187.86341711243,29.5231515595788,0.0764069918153073,4779.00543036279
PXN,534.883423009083,671.880392073507,6015.28998569801,257.154635204192,1547.12368637042
PAK1,850.246437363695,6056.93799407114,1938.59959143093,4.1970570894317e-05,4215.02395047806
PTPN18,4384.37185181715,7129.7883003946,2595.11004975108,3173.58063147315,756.298790226709
PGAM1,3829.58586620748,9170.79372428868,2518.16901988126,1755.47581319348,1.31785057815558
RIF1,0.000152348140724524,1262.97697152265,25.3028150621512,1251.6236154593,6216.04516939205
ENTPD1,1309.46310101992,1627.01078761096,7.15156640310732,7020.13296194253,3301.6870123268
FES,5750.07825635917,6062.55847223017,5634.56958582877,4822.34312348142,0.0105666213750596
C19orf6,6474.52567615231,2508.95875381829,8495.03169879918,3986.40345911661,390.981887978857
TMEM173,4266.21860694953,5959.55103892538,5574.32297534592,3928.68798209742,464.737344083059
MCTP2,0.000114260913056711,792.880860027684,540.461948704163,2352.41299085128,4330.53505946456
MAFG,3381.15533535902,4798.82272536807,3154.49791385389,7429.37814281549,1468.07687936876
STAG3L3,3658.27454810979,178.429539591646,1985.86704104841,4456.53535530317,3270.76598559485
B4GALT5,13.5914099981805,4815.81994450081,1359.13632294722,6189.41187219521,624.759169221849
PILRB,6091.66650258909,2319.92813645748,3839.35448692265,6954.33351499028,1466.52702362362
ADAM15,3662.72188533925,2621.5495117644,7568.77628003594,2290.54187395136,2.40213405680738e-07
SKAP2,840.560221993724,5231.19117913031,27.5328992697909,4.36868171179564e-14,1202.84572337953
RB1,710.006173980289,3743.62137568456,0.0369666646836965,10.0776404922892,8606.07304728996
LRRC58,1329.81343863814,6147.05698968593,2.43557465742718,8.24901638843524,3289.98279674143
CCPG1,0.013913686914476,6096.14058065363,0.682274757486235,3112.69598788936,515.796766802426
LIPA,926.767326310482,4223.7450704853,968.802827996264,0.00127239339492656,670.994939246999
ATN1,2926.52017916976,235.670828624259,6546.59838897976,3890.74664587789,3246.43660049819
AGTPBP1,817.359191832733,1974.3337476896,0.0599243032137589,5667.04409963356,3661.26730077846
COMT,5229.27339759489,1042.14546088349,5517.44565334021,7559.79461843497,0.0047930767809643
ERMP1,8.7368964555631,2306.96083102567,4169.66899516111,147.56388854352,2685.47965156471
RAB3D,963.402776413873,7596.15998207184,1993.3233204786,796.293117252697,1776.54702503337
MEF2A,139.703865148195,642.034715064086,520.412242080362,2129.62910809475,9001.99313758531
ANXA6,2573.26671079268,4132.76979982308,3767.53668428181,3492.05607574988,1419.03488438618
SH3BP1,2256.58554744657,4232.92640740991,8345.71196803577,552.971280014779,505.067954244496
MKLN1,7.91435371068447,2687.22085564541,0.000835071364560411,2285.05051028873,8157.97569460798
LRRC8C,567.807811306759,5859.69379981475,1735.2367236261,301.382273354902,6420.31269527912
PDIA4,3731.89488213615,3726.16530347818,952.072498147402,6831.94794702225,401.600490771585
RICTOR,0.316410747539497,1734.09389702417,122.343913482715,2701.26940910992,9551.68403165748
ZMYND8,3305.09003359625,50.8870801392559,1845.97924009661,3039.08308381703,2895.58215988923
SNTB1,0.00134751328873279,4178.27349287127,1974.94663604164,4581.77466742684,3165.42459320818
FURIN,3285.32816447339,4005.06097716246,6663.05079315319,5993.01907300884,68.7750601692772
ANP32E,90.8759018439126,6035.4865800518,0.00011938219677411,2100.55614621299,1797.91947717057
SHKBP1,3982.93419154718,5768.41176375753,6073.63570436905,1918.92854816025,1.70177911849774
YPEL5,3293.0616614382,1928.81804771479,103.627915719057,2925.53552800971,6572.68008256887
AGFG1,3.01399178259591,5310.77823779847,155.748264092486,2593.2134551223,3240.76166125098
LOC100129034,1344.74934930237,4770.17122861426,5408.50657241798,182.948631135864,4012.67132438665
METTL7A,4622.46369154525,5215.35351660136,1.91564885152751,171.284832791228,1721.15248899772
ANKRD27,1795.59151246778,574.423144732246,1917.44151199683,5775.0260002897,39.7667806505391
TUBA1C,5026.59574662252,3978.10951283247,2614.60721306869,2384.68486346403,0.0372235376057496
SOLH,4323.65288278394,2067.91353627364,8215.91560056887,2441.40401225568,0.0307919971608567
PLAGL1,2318.90733697721,8.29657596808963,3032.21590900855,3468.22049747299,1753.80657459113
SEPN1,3473.08320037953,4392.81279962115,5366.12601236685,3149.20903339201,559.685275489357
BNIP3L,395.043929654083,1748.17560202192,210.025129832159,1233.92289309754,3198.65906560115
RNPEPL1,4531.8940422801,4747.74874593437,6864.87634314038,1167.70831497094,5.27652490437335
ASAP1,164.708168472736,3746.95367578466,158.903441197079,1494.05737145951,2518.94101355032
F11R,963.429191927501,1009.67548906516,3988.82950623506,4084.65171680865,1849.72829309467
LIMD2,5384.08424815132,782.412650516821,6935.842580615,3305.90720979169,603.866914550509
COX4I1,8850.64567095782,2499.28271661593,1460.11765225339,4638.1805155085,858.175589805054
LIMD1,2353.79160056603,400.961530922068,3517.76235999218,1128.98301171654,7057.6526608553
DCP2,1.47760383277082,3342.9820769855,2.72871934660099e-06,2244.62311889735,4572.6632150079
AKAP11,5.67974873397523,945.908047240142,1963.98740998198,455.622192542561,7256.17256469084
CMPK1,1047.23329376075,1997.51425584978,74.6620213559184,3720.50954193978,4477.59424510975
CDC37,5494.23757371629,2424.00232352109,7079.17012287703,3672.2783594452,52.836655926818
CORO1C,912.069450135592,3013.94639263238,2608.90645411566,1198.95837615055,4924.4781822813
LPGAT1,0.0456531889234107,2773.56679036864,102.166604651303,339.857057104162,4271.70107127312
MYO5A,1612.47445725905,2815.26588744179,649.892368615504,868.487502337914,4572.54209589767
HDAC7,3146.00609719264,700.46079181171,6009.42603515033,25.3575539279203,3488.87362218773
PNKD,2251.14267300538,2012.68937549348,5908.62643906225,4118.29719191763,0.00191116849540771
LMAN1,1100.79895014278,1464.15590069058,6.42366392542793,2164.5605356676,4005.15991283981
RNASET2,5108.92105785135,1498.58146691216,1924.26839668844,5631.35124549547,4015.90276854424
CSK,5862.7949493631,2879.05385345821,7400.6955877881,933.398902854299,654.73029168294
GSTK1,6082.8215656971,4427.45917817793,1882.37957480411,3608.35943866053,175.304535465652
MPRIP,2745.74195760796,16.785675167599,5948.43912906313,2567.05498295962,5248.79156571197
ZNF652,0.607242362043805,2387.94277272712,26.1250424843756,2552.77120372778,6830.61866453676
NCAPD2,2944.56524830672,6011.49018161858,2002.52424726333,1224.36905992729,2356.74791935969
PTP4A1,2943.52060047963,2993.52621073429,18.2626654186878,2291.17413669604,2864.36567512039
KIAA0195,2143.63958646955,2384.50170320758,6149.39023615737,6704.02914474754,3056.10981623408
CCDC14,2733.5340316208,1590.44998342002,4.90467384645139,2237.81157242941,6723.31381989749
CFLAR,421.613498969866,4429.12876276337,2748.8465369313,5503.88969496951,2113.28688902897
CHD1,793.111978713045,1695.5816792014,9.72029567889976e-06,1999.31159057674,7561.301225898
TMEM63A,2144.58261364114,251.831614566539,6974.34357111,1495.91627832708,5018.5443348367
SPIN1,1653.17476062152,2328.77509551236,1123.55639472083,1159.19419589962,5715.43312857769
DTX3L,270.882655760914,931.875771112333,1499.80744319591,0.161779045111371,3658.87171021196
CNOT6L,0.61925830982045,1468.88400196886,112.39172262991,337.881052067954,6093.165782063
SENP6,509.743609820997,4033.34668591329,195.579889956188,2010.48838387587,5109.62709656804
MIB1,468.204891663844,1025.94132559498,0.0421439423454701,3325.63965951394,4445.30862080265
BAZ2B,1180.26321051085,2945.4854474603,0.145437104380437,2553.79990651847,6117.86032004523
C17orf62,5802.90791734406,3823.45459288521,5319.39744184927,1292.73961672836,731.740465796163
MKNK2,4745.18946000292,1081.38304738219,6438.11273096496,1715.02986083479,1741.65142027
UQCRB,4912.60783008645,2183.79936470966,0.233828079583117,4252.04478325707,1860.06877936134
IGF2BP2,4007.48090050836,2821.81677052541,2792.34748318799,2.27035808480428e-05,1803.73746153751
ANKFY1,1168.42816818338,2749.87692837588,1826.4371996661,8318.62754387771,3956.94910315676
DUSP3,2188.13886536062,2222.71960000314,3536.78152873877,2352.74748002298,2150.5684608484
MGAT1,4133.38540911707,3995.17850083011,5108.17596425961,4425.226543634,1245.40958191835
CREBZF,408.028268847959,901.760900289523,2938.40583085677,2878.69708582294,4627.56335515976
RAB1B,4582.2868048101,3996.25433377545,5966.91610728334,3755.95750402379,1132.58436684588
UBE4A,98.1419853296589,2326.63182377376,3073.07672187279,842.819380816979,3650.84732237207
TTLL3,5153.44804481778,2163.62886051437,3131.52929951292,5286.81113250873,3533.94561393628
TCF12,474.560344835302,1050.84208579678,688.911433245201,1297.58912278555,6862.90373732575
CPNE1,5064.84758288275,1935.96310967966,5115.58519980332,5271.2409547301,1871.12011895836
ATP6V1A,74.9183156258631,5075.82524523613,779.154734191625,80.6862770084166,2588.9916377224
PTPLAD2,354.893431461064,4738.09608810167,467.406589779862,1918.90149958897,2785.0220031997
XRN1,0.0837791015223641,1371.70104336596,212.568881469937,1536.35352653886,6945.43636307035
ERP29,5601.52911121282,3573.06189443304,754.588008857658,5558.55478314675,1864.33264358453
DGKD,2827.5282393191,5383.19625854459,4602.78924745382,5609.20913292917,4031.59782363103
PRDX3,3786.85014656766,5662.72786323444,390.672470788783,160.552177410846,442.843885543947
AZIN1,855.607877364826,4822.49743470236,599.92793044303,619.350689934901,2472.45326008674
ST6GAL1,2247.04559431689,205.706791608429,2924.19948229463,45.5106304267113,4064.26751593433
GMIP,4528.26905403005,4830.14218724061,4004.29840771798,2466.35981532425,28.492829303345
ZNF655,666.892040588924,3323.29396870528,52.2755913529181,4494.15076243357,4262.98875805479
GALNT1,2215.99247685696,221.468363134455,0.234717989872155,3332.65853913163,2293.78037242432
CRAMP1L,3117.01835926289,866.74579328861,4234.24235092733,2563.69686008578,7557.72892912404
C14orf43,2881.99313698358,1940.34643512011,4609.35270013338,2560.3664514901,6793.18408615651
ZMIZ2,4397.30417663262,2757.38668003631,3748.6267279075,6567.3357560636,1960.51317944198
DIP2A,1674.95257813696,1921.06343273296,4414.79507178337,4555.21050860846,3235.30453464008
ANTXR2,1370.13698331311,3888.77419182798,756.398417647805,2141.39471618823,6371.7213548671
GALNT7,470.541831678913,1917.40100259389,562.993035026598,1270.72301527031,4042.74336362372
DNAH1,2966.74189880767,1303.19344381098,5088.72179623256,2674.25027081725,3357.19155165235
MKL1,5066.20059470127,4186.51204712353,6991.76579231983,1930.41868963384,904.13044794957
PCNT,2601.47695887694,1105.01777432979,3105.58535952665,2200.88405329958,3682.30203073414
TBC1D1,3359.72412785552,5474.46668451225,917.055511394192,0.364283028186615,3601.03155631566
NCOA3,256.839844689506,3139.00212793304,1555.48184043841,1138.37811624392,6159.72443382456
AMPD2,4036.71417018477,931.638921210428,6841.36245451949,3094.26232439605,15.8613414544362
LMO2,3562.89201609232,2155.60530905702,3338.55227632991,91.2231416375978,3805.60478511526
PPP1CA,5531.67358503058,4007.19920215778,5934.77811947021,2124.57146775694,771.164452692312
ERGIC3,5315.81845518997,2542.55626612347,2576.86590329603,7278.68927799475,1777.2485928363
EIF2C4,790.040443924221,4989.4482124706,5.5816933077153,3365.41586289398,4500.71915335468
APPL1,1096.31109224668,1924.16698053681,60.9751543553537,1628.80421896623,4743.56883758022
PRELP,4.8964850535165e-21,7.72406083245712e-26,6.64244314227693e-24,4.7741966622298e-23,1.99693134377425e-22
BMPER,1.23329442559168e-20,4.27615189865624e-17,3.42152537485487e-21,3.37242797224634e-22,79.2052651395961
LIPH,4.06143912668706e-17,3.90802524667845e-21,6.11290884530657e-16,6.82611202080786e-16,9.87798549468969e-17
TEX14,97.8316331997494,1.47627256793279e-19,7.49797354771319e-16,0.0349637558448665,122.511146855761
KCNN2,217.367780256381,0.0130556089467629,1.63090192866163e-34,3.38363807739683e-36,3.76344733599368e-19
DNAH2,13.0282704353656,1.93631127193403e-14,44.2506311786003,3.20148910826797e-09,8.28410287158351e-14
LPAR3,201.455999382433,1.92184881224369e-11,7.58416867750234e-25,9.38616978846156e-33,5.58746952244706e-13
GPR32,5.82528731720073,1.3506054211547e-12,36.8816819993516,10.8367576135271,126.9101424034
CXCL5,1.57289877874306e-12,4.97701602600638e-13,32.0355163962551,6.56267836258753e-15,1.60011989183942e-15
SLC44A3,1.33525639246015e-23,5.11830468420672e-18,49.2209267213022,2.85230142454297e-13,113.816051426236
HMX3,179.690060664916,0.00212477619967329,1.58764148372517e-52,1.83429900732436e-102,2.50874937675903e-19
NOVA1,42.5963487225069,4.61001903923739e-17,2.20122660646785e-19,3.3276245263435e-31,179.994678623719
SLC35F3,16.8688973261269,5.88897729766543e-13,1.4879162053667e-19,2.34052978814226e-16,287.403290932022
HHIP,2.98482896549722e-13,9.06058588338711e-24,4.71164006558583e-17,24.1259624932633,155.305280838066
ADAMTS9,0.0145857857872821,4.19347565638288e-15,1.01239667983456e-12,4.16885511678951e-05,15.7503289707406
GYLTL1B,83.7614400174836,2.1366321606987e-19,81.4007584848778,2.77474521984593e-11,0.000192669916381594
PPM1J,141.520384436331,1.58079810562079e-13,0.0264073199023111,3.1464927236141e-19,190.100154954593
SLC27A6,25.4203045665002,2.26997485652119e-08,72.4083055043231,0.706638205317353,5.12967820643452e-15
PRICKLE2,0.112901991614689,53.7567278248156,9.5629603650917e-10,2.74242197935656e-14,7.03501992529684e-15
PCDH20,4.95532185127394e-28,1.85443417880349e-45,2.380635257148e-30,1.49729537559765e-35,4.73938354371543e-37
UCHL1,26.6797466009987,0.915490913913073,51.9439692379012,63.6629912678367,77.8272416613975
CNTNAP3,4.45131088055086e-06,48.2164088114926,2.46874742295362e-12,120.088986181665,1.94398762064977e-15
GABRB2,3.50116391802468e-23,1.02850841525835e-15,1.15745825070108e-17,4.4053176129699e-25,53.2168419805006
TMEFF1,2.64560072081393e-14,3.4058621363917e-13,1.13958197114683e-13,1.1618360954498e-07,120.919068422512
TBX1,41.0198022888445,15.9273771479243,0.0855218398128008,287.222793428733,1.62401273525963e-11
ST6GALNAC1,10.3746623681136,30.5827320603062,0.000133945734627618,1.29701487412438e-16,1.62311669160774e-16
CGNL1,2.18805885684003,36.8827103185373,7.52263054427518e-12,9.15127767130105e-21,23.6197793772048
PRG3,5.5983065840742e-22,112.743351790905,1.28469060631097e-26,3.15609233189046e-15,4.62475756254957e-20
DMC1,3.75699414692323e-14,2.13927222502958e-13,0.000427223406758475,0.000113475153426879,67.0408380585588
GNAZ,1.828226464169,0.000339880957086909,48.720320520717,5.35209352749956,0.00445200039709834
TTLL7,1.17101599853488e-10,0.0869997538915461,70.0137372692555,83.7637747213357,1.70855145547216e-05
RGMA,171.709415220923,0.210268972868877,6.2231769002144e-14,94.0177248839324,8.71553860417664e-11
COL15A1,9.42134738602071e-16,5.76352192008507e-18,1.2396540089425e-14,0.218008265082385,4.8786650009106e-16
COL17A1,2.3037147392008e-15,2.32237345127745,3.28608613993719,3.07018070458266e-10,2.43151251148761e-09
SEC14L4,30.9437948837901,3.4963603729665,1.49624698405886,24.0398906754427,90.5083641324403
NAT8L,82.4798538213376,25.6725495992096,24.7846651767771,18.0254756090305,10.1519102655409
CXCL9,3.90511066535387e-15,1.58595495349999e-13,1.08567907936585e-13,7.99561052734958e-17,12.4699355181421
C10orf55,1.76204895263263e-10,7.15110687729154e-11,5.90336101290197e-09,431.336493498652,16.0967465443197
TMC4,21.6204560289505,63.1819590674821,5.81768452235064e-11,460.999337060419,0.231080527884571
NETO1,5.28628864711323e-11,2.93473109568376e-17,36.7673100449632,155.816626737401,2.52319807923293e-12
MT1G,69.6891828997945,93.6535237405466,2.37226004657816e-19,1.09117177363236e-15,2.3039813155244e-25
CREB3L3,3.23589784794769e-15,1.03544485162613e-17,85.1195656763934,3.53935377219383e-06,43.3002970666369
RASIP1,50.9648985837096,1.86499767117381e-18,41.1568848375938,4.79037168999477e-12,90.5144916132025
TEKT2,2.12609895103013e-11,2.6505586013754e-15,3.74245877701609e-15,398.918939628879,6.11645320996083
C21orf34,0.141048947248072,6.04721648803104e-12,1.99166318184624e-07,2.91705217022555e-13,264.396700525172
AMOTL2,1.07312535417926e-10,1.25219792483093e-10,48.7930316220162,0.878610182903739,158.300341392875
SHANK2,2.48256843990739e-20,2.21708537937099e-20,161.750403665763,2.99125967486904e-16,3.75119582231659
APLNR,6.04966123376512,2.11596782045679e-12,0.0450353777866268,106.577076407474,44.1096781698211
GPR12,102.248331971802,1.2286875152105e-15,0.27154458830332,36.7357489300659,4.2365178258945e-10
EFNB2,1.7436544930056,1.3989800247469e-08,2.57678852687894e-13,8.77660305066184,2.05849742304303e-13
RUFY4,240.478545670559,71.8535454180148,1.25518903809471e-06,1.51050360637925e-17,1.56745564902411
SPEG,1.37659473379468e-12,1.88833426453683e-12,21.7679001517666,76.4595161284936,65.6966314923754
AJAP1,4.63617721623859e-15,2.92702611443035e-12,8.46930508320598e-22,1.75910016308083e-35,94.6485219094636
PRTG,1.18464383023916e-15,2.33644015715232e-17,53.9100554002918,1.60068575910773e-11,50.5452763777834
KRT73,3.34124341800504e-10,6.57782857857747e-18,125.444344145006,2.62566726216248e-14,56.881692700431
ARHGAP42,5.69624363011434e-15,2.41557942978464e-14,2.08620787289642e-15,5.72116931066012e-13,52.806499821406
HIST1H1D,26.6643743184773,1.26425382246271e-05,31.0207889271175,1.12579865489285e-10,323.778733001337
RFPL4A,4.7482630627344e-22,6.27797332366455,1.26343939279352e-15,2.97181193681302e-10,6.26609207205057e-17
INPP5J,76.8566967951949,1.88999636289498e-13,7.82724386381918e-18,6.64884650368485e-18,6.18322459249174e-17
CDH5,3.198352057549,5.31278063401733e-07,120.05243964965,42.9610769159872,0.985843063307223
NKD2,129.946173465486,4.18212924151636e-12,16.1759903587494,2.75677382887491e-16,167.756278968396
TREML1,1.19651995534953e-14,4.21084648188181e-09,68.0146687291441,154.635110129393,66.6859848574518
GIPC2,3.90692098599767e-22,7.36623547472257e-20,48.9119557861413,8.69871977813679e-23,0.0112334454127518
CTNND2,4.39446531550802e-28,2.14880933708697e-23,5.27067423026532e-17,5.01817529630845e-30,47.4910572549227
CSPG5,75.1237777463798,57.5842066656655,2.16936003522232e-14,0.82219706593964,4.76683096019952e-14
SLCO2A1,9.07844097817866e-11,13.0117092425157,4.44339638592293e-05,351.41689346459,4.79752662759567
APCDD1,69.2558917062882,0.0278609507744891,7.0641913808443,131.105853775092,169.698036093709
SHROOM1,0.000293397058521453,47.1187748936471,7.48459048131624e-15,111.025551349387,2.59358174736274e-16
AFAP1L1,20.2795433228905,5.1984768410229e-16,21.2036786523283,0.0018926518386795,110.003008429997
ZNF560,4.91752111775028e-23,1.30557702225056e-06,169.875215840012,1.32039089661399e-12,0.575828719642683
NNMT,0.110584882728892,9.95817679610407e-10,3.2565717514263e-12,146.915585178912,69.268354087473
PCOLCE2,130.742396541519,1.65155772237574e-18,8.93280494776118e-15,117.832473573258,1.95893121859521e-16
TCAM1P,15.7954180570663,1.30286478430413e-11,35.0617474398771,7.23725251959111e-18,124.955265839095
PGBD5,2.79127611599401e-14,1.01969806413089e-13,7.19730714152916e-14,283.021671827365,29.846955134052
GPR81,1.43753711965726e-10,4.52447718791593e-11,105.837630377447,1.08353771783391,74.204968059108
PCDH17,2.92705542743988e-18,8.55183808039896e-20,9.708247356445e-20,8.53692038387954e-15,1.46702185328226e-20
PAQR9,0.290725698727536,8.67121631918985e-15,29.1582504551453,0.00203274506624477,11.7188934529955
WNT10B,220.849539763213,19.5844641006055,20.6596922478103,28.3091641507659,2.47658349951103e-06
MT1E,122.867339027092,144.401910631908,0.00084693189593656,4.20200146748472e-09,4.083304964923e-13
NOS1AP,24.885996624005,2.09713587319058,86.6868415456836,30.8045396511688,109.85234371677
ZNF683,0.0441989238946268,2.94023764977424e-17,70.6173549471963,0.00196865107577894,96.5865537898953
GPR161,0.000483070078836919,4.10906210559976e-13,1.49910646304803e-08,5.42794610120856,38.7582894394618
CA3,11.6188574201146,0.646866095401211,7.83742042690654e-09,4.41726551702771e-14,28.5278329921946
SLC25A27,0.281246279162231,1.27130978346431e-14,103.675146669412,2.33121956055848e-13,68.0836764453825
IL1R2,4.29604799438901e-12,39.8047390218291,5.72885972414998,7.37541680946758e-12,5.88931992428464
LSAMP,1.39528010995463e-16,6.79559427314647e-05,105.925846917815,7.10528131176377e-21,76.8378685955299
DNAH8,56.7786759072654,1.75483643906204e-26,1.68361457312843e-13,1.27324836188364e-14,8.53223044788536e-14
ZNF204P,7.79052415680923e-16,1.87500622974482e-14,1.82179193530632,4.78581312262349e-15,160.865604373126
ORM1,3.2110234626486e-14,58.5917261494897,0.000793311264176216,0.000166711911462388,2.52233348358803e-07
CHIT1,1.02575001237382e-15,96.8834783807039,17.9402220266033,2.46917701242159e-11,11.6946798270339
GTF2IRD1,86.6451588015893,1.18998158086844e-14,4.89436933823479e-10,3.47516401212496e-06,145.021132899504
FKBP10,3.05124207264556e-14,1.99308153956981e-17,61.247849040791,19.5375868218359,14.5994546710713
DCLK2,37.0711225941392,1.12311748091196e-13,56.9031511625882,255.795605885744,15.4826675464522
SOX18,4.90148676032383e-12,2.21137463630161e-14,302.876060810171,3.14644608836135,3.13377125499742e-12
SH2D4A,1.54514422568883,1.43761928603325e-12,1.04787876679745e-14,4.33818164203547e-16,58.2429692093068
KCNH3,1.75213531699859,20.446972006335,92.8536797208628,2.05402247818539e-13,1.60928239143953
KCNJ12,22.4631689610358,8.2394238515454e-17,107.687119868405,1.4476056686496e-10,3.48945960974287e-12
BCORL2,2.90091621614803e-16,1.46869169745744e-14,38.0639606798156,7.0736825794528e-11,116.980630232785
SPSB4,68.422409071013,2.49230773023632e-15,42.7017204637733,49.3381942444646,131.258632545041
IRX5,66.6057996125879,7.14978010717173e-13,3.83352480896306e-07,232.698700138079,3.53468735822851e-16
CCL3L1,1.37005234971388e-13,33.4550626805557,126.483494601685,31.376289459151,259.100500569378
RAPGEF5,1.83560424532055e-15,1.8581602647894e-14,1.75830325519048e-12,3.91085350299654e-07,37.0439023877031
MFAP2,9.80163609729042e-15,4.52665256343419e-21,255.279587680926,2.13524105292606e-14,2.58038255987476e-17
NRG1,4.20477943963946e-16,2.90525616861138e-11,7.16530291032142e-17,1.91058498743637e-15,7.284348561536
EXOC3L2,2.79446674609871e-12,2.19315387709703e-13,31.3269648485943,189.553737291559,1.43812878377527e-12
COL12A1,9.4992086672622e-14,5.473926758613e-17,3.733218904646e-05,1.53743840534476,6.56952655918194e-10
ANKRD20B,1.72105423577216e-16,1.86727955496123e-09,2.70322127561817e-15,8.70125097284354e-14,98.674361044144
LASS1,105.293370681866,1.37018081628247e-14,1.94712098447139e-10,139.618922616426,9.49714726794502e-15
WFDC1,82.945935997179,4.65497219606897e-15,4.16918251090959,2.91138648130003,1.81582379746267e-12
C17orf96,14.055173617331,65.1175633555537,46.9500200532954,7.59812450443361e-14,55.9550696328656
SPOCK1,0.117880758072589,342.854264791203,6.09887217742436e-15,1.41711470402033e-18,4.01102248806106e-13
PDGFB,0.684276567628651,2.56503564845474e-14,19.7963060995053,2.05705704114845e-05,4.55339120402648e-07
RFPL1S,18.289087724256,1.05177933340146e-06,64.7292518064361,7.02975360698005e-05,22.7098423340552
THBS4,133.910745838479,131.039902194114,9.00490698764065e-10,152.297544554218,4.28006010821766e-11
PCDH18,0.591526886962538,19.0983663973218,9.49817736456155e-11,4.86402366179033,136.193872248492
TNFRSF11A,70.2432977943143,0.00629948083357317,61.1084697703832,9.14489715974606e-14,56.3447071028937
IL15,0.680709339226686,0.142441355838292,6.81333379503229e-10,2.92243172127384e-14,185.892256599437
TRIM36,1.31269798669378e-12,0.160684545225464,9.85489608071419e-12,260.627090019188,4.29704171655087e-07
MPP3,28.9447482324729,13.0161223949998,103.111875391516,27.7222000205374,160.255811645017
FZD4,1.2608007126981,0.000258052869483179,1.48786123123124e-05,17.258722530072,16.9284473525549
GCNT4,6.3095528244417e-15,2.14457582029141e-16,73.4417545101119,9.35832359954373e-15,38.0916502668405
LGSN,0.0073471182413684,0.00390642041332236,0.00286934047786472,1.93947120209787,2.03720598489445e-15
COLEC12,3.50093938752671e-11,12.5323354307777,8.5819790185237e-14,1.60585946244505e-09,4.79121447748027e-16
LIMCH1,14.5039600462542,5.7603700030211e-12,20.1518204812474,5.62951460282872e-11,174.566772168527
THNSL2,188.129726225227,52.882049414212,4.98209578149515e-11,138.898744807981,6.52024003491667e-10
CES8,204.894185651821,131.607630894157,67.8843638576726,5.00434649899498e-16,0.0635455463296959
HOMER1,59.3856022394222,5.99623992685458e-13,2.61555883285204e-13,0.0341020915353237,9.14070334092877e-16
SCN4A,41.840108580875,9.85978010380423e-10,110.243220226261,7.38687767256614e-08,65.2925417486523
IRS1,68.970416041287,0.47090437536162,163.036159281535,4.43567667930931,6.84300966873652
DUSP4,1.2043138551818,0.0594858834842517,133.400949157093,0.704991219226113,39.7287183580205
PCDHGC4,117.080443504838,0.244431983334,3.58559303784411e-07,64.4705567209929,292.722453065977
ZNF703,28.7637360666899,6.34885418520468,113.39147440489,1.44283146614726e-16,65.8933625132031
PDGFRA,0.0062433248428267,11.6596297872577,1.16713770281631e-10,23.5150747209835,76.4352624638771
SLAMF8,2.18764961368345e-10,0.00012419152122263,86.4403449363466,11.270718312519,11.3609744020699
HRH4,1.88023934680531e-10,19.8803061292745,3.00042329076964e-10,356.131632670246,0.00226669277067201
ARHGEF37,27.0944356128021,12.4936622254622,3.7547212372375e-08,2.62635532608572e-05,5.75206593495744
FAM124A,69.3185659665901,124.964168021002,36.1173390018555,54.5080170036376,0.927443202096731
BMPR1A,0.642467495628697,102.845084225755,72.2617583301685,84.6330032672394,2.7860978288741
PPFIA3,89.1142978936964,43.2982330987366,135.720349264863,1.82408189417067e-10,41.3450259384573
POMC,135.539383395074,4.29702317938329e-06,59.0799162728789,168.890316638126,8.73066913709685e-08
GSTA4,2.53458192032628,3.78357358796038e-06,44.8559934295404,2.79361141005087e-15,177.638373419613
DAB2IP,66.1827791974253,0.00806172890776458,54.4067490704727,10.5218002988917,161.571445557634
SLC22A3,21.8932220974492,0.0500905545835962,0.322269985058057,0.000413020411210852,105.187436555076
CHRNA5,2.01560784216473e-13,5.54221725823668e-11,62.5254241345364,7.88143864112663e-15,127.061918543165
C6orf97,70.8588048854172,148.978931736848,15.4494594777324,13.9658634998228,2.86679602662586e-12
KY,1.12001441262379e-12,1.14132197450966e-05,55.9771562337073,228.205930730746,1.88125812648013e-06
PCDHGB6,73.8873525351195,0.398860436327616,0.0123758749599165,42.837402928847,332.06494943703
ZNF391,2.70065244490782e-05,4.57612826940567e-10,62.21777831319,53.1755210043949,95.3481669335292
FABP4,14.2547503605017,38.9850630250598,2.79194969532454e-14,45.2140005814661,24.7295869357452
LIMS3-LOC440895,0.309824429504155,1.72904578523186e-09,210.550663897207,1.66186455272726e-14,79.1537117828207
ARC,94.0859734774542,1.42023874121222e-15,94.2632280981704,3.78385199668012e-14,0.0010773784770862
RPL23P8,122.739449938055,54.8538998479569,1.04211962707753e-14,132.183128090701,40.6772751818764
METRN,130.151263934263,70.5241938321247,116.935396390593,117.198235115128,0.0942074364180349
SGCB,111.396024377329,17.1599364237812,6.7308446693533e-05,78.6739668156689,206.266889856474
SLC41A2,33.2209772295529,28.6208101986552,2.36431815925789e-13,1.93316769704092e-11,178.570585452813
MICALCL,2.59078622888581e-12,13.4417317102493,42.8267250698804,6.36667441460219,0.0676927339244893
PLEKHG5,0.00065646229305002,1.46046901929278e-06,109.203047702019,7.27485252298827e-12,91.2209421912577
MT1X,120.965573557692,180.653491201506,2.24622552649655,75.7121532742762,0.452808050201037
DNAH10,61.6109794228245,92.9372520835821,51.1267825459049,59.2262668446975,120.385215438568
PLEKHA8,13.4331103036829,4.42758491025273e-11,0.00151743952801822,0.00810644327398894,102.58641722211
TNFRSF19,20.9900322029366,5.21020005095848e-07,1.22949267481594e-06,1.89071150287948e-06,61.4611046047025
SPSB1,1.06174742337749e-12,28.1101378294997,143.261822993877,13.8386080318618,201.358176208999
NAALAD2,0.0089071368904463,39.0631385888327,34.139869013884,19.6680010576989,244.664680444043
HOXA2,123.899695138063,153.555110211339,2.0300070320588,2.40734197218916e-08,0.00133592434452773
KCNH4,8.54651118075685e-05,1.29000045473418,217.934224053753,1.19942548567826e-12,11.9798081103716
CNKSR1,1.89655494229865e-05,4.43428258520031e-08,211.407707684902,0.686749391599436,58.3451899209931
HRNBP3,83.1338670113996,6.13363801650747e-13,63.2041696243292,277.606067440573,1.17748067215659
ST6GALNAC2,2.07011424137887e-12,98.3540340097352,0.0117791939561256,71.436673409447,58.7470950837134
EPHX2,125.036707145841,38.2342266774603,26.8451734547667,4.22026586835185e-15,3.19238757259254e-06
MT1F,66.5774720903706,171.661725579434,5.08507026564159e-13,173.952711165471,0.000454306434153551
ESR2,0.151178448419718,1.06761151628187e-06,26.3071921331871,4.68847174712478,146.363548498642
KITLG,43.7879898657216,32.2451239406303,1.14920301051414e-08,6.19079897149822e-09,39.4961991317261
PECR,0.000263388470516796,91.2865298284546,2.65332805785134e-07,1.10252258197657e-09,66.2082988070155
PCDHGB4,27.242520219582,2.18219306553986e-08,6.89000138395876,80.2174715925384,222.297401190993
GRAMD1C,6.1196535485262,1.50531352471906e-06,128.01802128698,9.45828992314784e-11,264.161168336492
ANXA2P1,0.00015752810308811,119.745420759456,39.0035163835074,191.121368528217,4.2669373121183
ADAM11,87.0027808982958,0.00454566405593037,97.5362980005168,34.987884209303,56.1580863480442
MALL,6.64050947760807,12.7309805168303,175.711455845167,0.525186400761388,7.44158517541002
SH2D3A,21.2626980494168,3.92240910124203e-05,268.483924213605,3.24959756640438e-05,36.0720450522976
NOXA1,48.4083434750945,34.7332761150302,251.086758821787,89.5247006180684,0.00516087120802564
PCDHGC5,96.4066355297235,0.0361693396089698,1.36455208836759e-05,72.7366519057571,275.416421566291
NAV2,6.85443624397431,22.3889321001489,0.00357378275387315,0.502612719829556,96.9131714994685
KCNJ1,56.8818927774636,74.8823348420374,0.843484912891725,105.198420178548,202.96907144206
GPR77,0.384957174292131,59.3229684674704,32.8858634668584,37.2616863352377,5.54449031324665e-10
NEIL1,108.106140097381,36.9015663168852,141.441824222388,32.4068510272158,184.729506571062
CBS,1.81831924644075e-05,19.7780686677341,48.7508768617852,81.6087568539812,17.9028102041786
C1orf190,1.1696569425301,3.82279685664464e-11,220.718770595176,3.16253299830393e-05,59.3032264635997
FBXL13,48.797456926092,2.25541834912478e-05,4.0977791800711,0.257934970054248,6.66170190685486
FAM86B1,91.7176931573812,0.000135202305150896,109.038117247335,26.1577739556157,12.3781731282078
RADIL,26.8820587377062,1.34080582951931e-10,159.132778521804,46.4426803089025,226.359219741504
MAPRE3,94.703300544243,148.386251164834,156.135534125358,112.736051109947,0.00016384223604399
AKR1E2,70.4619588224584,7.61382632129964e-14,93.478028672471,36.996541697897,9.95147433875999e-07
DDX11L2,77.7244722446235,1.17323822016558,112.697400927287,130.944796900315,80.7734682280487
DOK6,3.7603560620753e-05,7.15478416275134e-07,17.7995359841085,0.0276622261419272,111.815547384745
C21orf63,13.3804409503031,0.0105665251225488,148.086456258365,0.0109731292661881,105.863360064009
N4BP3,52.2575514450382,1.25243560891358e-05,153.303794616129,79.5440924598568,155.080798320629
C21orf62,16.7030317565775,3.453956883114e-10,8.04576249256023,3.36171818972121,40.1355532780003
