,0,1,2,3
IRX4,4.3424761037958704e-75,1.2833616711523852e-55,2.719086829244604,2.0859441063214052e-30
HDC,2.5097702028456316e-65,19.456353574892088,6.0574733255515475e-15,2.4110994937791582e-37
ANKRD30BL,4.31000728770338e-35,8.215927854494354e-36,3.3961951804501798,1.542485406788775e-19
LOC100131289,3.3954178887818935e-24,1.3163618229559662,2.4958575793299596,1.208604144285387
SYTL1,0.2184015033883367,9.795653817372697,0.013851614073663992,2.596960364144941
MSLN,6.31067861246176e-25,16.866657518041716,0.00026904035713978916,3.514108423100386e-12
TFAP2B,5.533439045237047,3.712338460579796,2.922912184540237,3.150789044295482e-16
GTSF1,3.939489553986299e-32,6.199015718031337,4.4276704958652955e-31,4.682772317559972
KLHL14,1.8432272533518383e-34,2.694062886817101e-54,3.701579902142207,1.225843792177541e-22
CCNO,8.043846823247733,1.3568693290508614e-28,0.8797005143150803,3.632858446355644
SLITRK5,3.781827520137894e-21,1.572428177973745e-35,1.76573941452816,3.2575914902193035
COL4A3,17.136332465173993,8.83259824404631,0.5977655816296561,1.6458826991238287e-21
TNNT1,5.7394311454496155e-08,5.712912351096966e-05,4.650785141297816,2.054858529483431e-18
COLEC11,0.005674278529279025,3.570165910554915,1.6222210827787478,3.0815157057106397
GRAP2,3.6810724610295e-07,17.069606255833726,6.061552049809137e-08,0.012565610502048396
ANKRD20A11P,12.91690650077149,2.6026094999489824,2.324387945588444,5.5886841648449156e-18
CLEC3B,7.972918531084008e-43,3.773518273576833e-07,0.006914619533755954,4.971962019471903
CFHR1,1.844154394707495e-28,9.879461367212948e-39,3.589035812939079,1.667070540150515e-39
MGC39372,4.404963239587264e-14,19.78710589856951,0.7489621500817674,7.673418307922469e-20
PGM5-AS1,0.00033250067534107473,0.015976292156055307,4.187796124045824,0.9874900853889168
CRYBB1,2.1094651813659174e-13,22.57950509344781,1.2630702420733647e-15,0.9802758486302361
CACNA1A,10.003988538903853,6.388502378645225,3.1664374094636036,2.4238049967682148e-26
SIGLEC6,4.4105026108819247e-119,17.705427580079576,1.3123516979767258e-44,2.9630392989946435e-51
HES3,1.9326553324600954e-84,1.5412211319024582e-119,5.68460228338739e-26,3.3445948999355326
C20orf197,2.3981246563667846e-59,19.71756564396801,7.198616207910967e-32,2.674979173821445e-12
CACNA2D3,1.9617653321279431,17.760380594231286,2.0464842611436818,1.9444515299996353e-21
LOC100506388,1.7889201025188163e-26,10.793729174793222,3.1675489554249115e-06,3.637621047339321
ODF3B,7.764761791844211e-17,22.23413610257967,4.3069193020214797e-13,0.005740597675419398
DCT,0.00016777008675986156,3.0083414124787784,3.592574419400014,1.3688035786483819
GPAT2,3.2563711505017316,5.550591607372775,2.183712299905838,0.9687919866796955
ANXA3,1.4592400008762796e-57,2.0952819406291914,1.2756394927128554e-19,3.124310890699827
TEK,11.737711797825963,2.33116895553928e-10,1.508597445682334,2.554005035404165
WDR49,1.2288128653379899e-08,3.5757942675263173e-26,7.220037500922856e-06,6.552254732541826
GNGT2,1.3094985391134758e-28,22.52780715942213,8.224156789140836e-18,0.28444841375124597
FFAR4,8.328967746742893e-10,23.57414467049739,0.0016580532027222889,0.0006125384055213254
ABCA6,3.3929163136305744,1.0440218288773084e-16,1.8020817369148973e-08,5.499979961796982
CCDC64,9.053224058911214,2.6581776979575373,2.6374791416437615,0.4613021975146788
SST,7.068731458150072e-06,0.8305652746071653,3.8308736024652634,3.2533734569492073e-34
SLC16A10,1.0531406270495742,10.002026011745421,3.100253502236086,4.826346551591731e-08
FEZF1,30.49265751097334,1.7608857298993179e-37,2.849032718000489e-28,1.2252324832896726
SLC38A4,1.5426837593639232e-09,3.2554894857662195,1.7116326293122581,1.0984557753006055
KNDC1,0.12071131283097572,8.782718324952292e-24,0.002540102472024931,4.772439006825505
CNTN4,9.486931771941496,0.739786853782424,3.557851437588162,2.292930375447687e-18
MAPT-AS1,3.2531039943683995,7.45938042145256,3.1279385622675773,1.1142593735292811e-10
TDO2,1.2925811399523793e-10,3.0252162721771036e-58,6.641792739995425e-22,4.021446539845819
TMC8,6.041203476778356e-22,15.907186172905366,2.6688249731562745e-11,1.4310046962222098
EMR4P,0.0002890389454012985,22.522898983201493,0.5384341553493819,5.464980001225482e-10
OAF,8.737555158488892e-37,1.3981118031018396e-05,0.6044687160282645,5.696665442528825
CLMP,7.19538970415503e-09,0.12111986379931587,3.3789787480643816,0.7813192738613206
NFATC4,0.0005127944406532692,1.321688951374657e-35,1.5753185734782548e-05,6.197637316519945
HAAO,9.797862845860573e-09,20.30124145564274,2.0457564186605214e-06,1.0382516570241236
DACH1,4.739201474018452,3.3631591078773075,3.8026116822564617,0.0006366539453185023
NAT1,0.003701276225937432,22.07489161043521,1.0587040523051066,0.5379738341562352
BTBD11,2.1029483317716156e-35,0.02090450782479619,1.466197407072128,1.2516532769185293
TNFRSF10C,7.6126804604291545,7.896680363167598,0.07107220807174885,3.982285134500778
FEZF1-AS1,32.31874103037761,7.00836900006149e-39,4.1576355113706294e-26,0.35088631995133374
IGF2BP1,1.1551856133234834e-42,2.4981889999455025e-64,3.377119562427551,3.062085869371206e-13
CACNA1E,9.038144043379671e-05,0.00012109124259242431,6.230323036244066,5.431000894083791e-28
OTP,15.120454124709056,1.443975354458387,3.3959508289359337,0.08037110054680494
PKDCC,1.6248918479081604e-10,5.665660467018955e-18,3.0508405410950408,1.76667429963026
EPS8L2,4.444540492271001,0.36343168226677236,1.9440513614261403,3.919071739577076
CD79B,2.5891371994431267e-49,9.677376909315493,0.009580919716136423,2.929903376128398
HBB,3.1812501161377e-20,5.311916621272284e-27,2.0437907094372223,1.136700942037675
HSPB3,7.782137501700016,3.209946838111841,1.7447362132695114,2.3858594649519457e-11
RNU12,7.824725627999596e-09,18.661245377759347,1.0902101217823772,1.5499449752419496
IGJ,3.7738676594444545e-44,17.272922767210954,8.664609520770548e-21,9.103071417231592e-32
STXBP6,10.67158825798931,1.0176873538010387,2.146372332028943,0.7809803584617588
IL21R,8.932268549573455e-07,20.450866420380386,0.9755339347011456,0.022245573065797147
PPARG,1.5881910594502262e-11,22.072333467103945,0.0005461782236148429,0.9813810405319263
FANK1,5.002326066861434,0.07820489016145385,0.6655983679817387,6.051322893058152
PGM5,7.500312972350393,9.441324330317011,2.150319691538035,8.169935452510905e-15
MT1H,2.7382108513733982e-09,7.957326856870788,1.079758099586185,1.5825937258462097
TP53TG3D,3.6935958301465494e-34,1.826925608871896e-72,2.9234127991821883,3.859905593631252e-62
LINC00189,2.493770386970208e-15,1.3110103037961414,1.9892201841175148,1.9499469145354709
RGPD2,8.126151930937906,7.150324708082021,3.3016059275954217,4.236505937755017e-13
CYP4X1,1.0555220659602149e-20,1.6883727932455077,2.284598861904566,2.6060665553665496e-32
ATPBD4-AS1,10.79918768067278,1.6919209166203396e-10,2.0964868456167722,4.020955931517885
PPL,10.625342978349103,0.0019693377218702878,1.0890353787388132,3.105550326184152
PLA2G7,7.336875988926726,19.01393925477205,1.0760670502584468,0.005736474882762649
TESPA1,1.5226547728549398e-27,13.699346930030822,7.757448245848539e-08,1.0569043590998195
EVA1A,0.0017727182103123172,1.0950239301328497e-29,0.3930134040557076,3.867529106908553
CPNE7,4.393046722427585e-28,0.002106345988540087,2.3835477543224073,1.0956000725275044
MPZ,0.513295589351063,2.485171050047045,1.5947584117811946,1.2344095017237808
C16orf89,0.002571810254841162,3.630913928362295,1.0967956043494906,4.098307345244498
LLGL2,15.311633656913486,8.548004413377546,0.5541566371108522,1.2834242854491
SIRPG,0.16252741485595545,6.791890341111956,1.4928657577759494e-10,2.1457988373226273
BCL11B,5.5330022680896755,7.709103570110496,3.6739074125967757,0.005025390001151705
NLRP2,6.301712908180394e-36,6.7712625728293155e-12,2.9035696730932776,3.329446900148989e-10
SNORD56B,2.6520827447342294e-34,1.6531677534080372e-05,3.095818522826029,2.6841798579979753e-10
CD226,3.137452979842946e-17,19.357783674572502,0.16890174334553057,0.9200765267505469
BATF2,1.232835209416295e-25,4.568157898635571,1.6077287993837715e-15,8.312005910642057
TMEM74,1.5047472895625202,9.842186096504149e-19,3.098157854685964,2.5064578804261997
FGF18,8.849013457156693e-28,5.937879507589981e-38,1.0279325809540993e-15,3.435762978912305
C9orf24,6.845573769816969,0.6035131482144611,2.580229314791777,1.1108261314993226
GABRA2,5.152427616222343,6.022254338680885e-07,4.475748442962564,3.328294844858281e-20
CLDN7,2.4304024810295396e-41,19.195850936320532,6.796788214446145e-18,1.887832886520191e-08
RGL3,2.2932730435582137e-18,12.626485733070098,5.416482134269656e-07,3.99248426031758
CES1,7.950664803977387e-35,17.258569469459747,0.10273174888241021,1.2638587431381773e-22
SNORA26,5.464498490644065,2.323823565249753,4.304273478221251,1.0829817375265078e-06
OR2L13,28.72684520593917,1.4151236208169962e-19,9.749455164888794e-14,5.3951028019532975e-05
C19orf59,3.6151392944473186,13.828767934647686,1.4708643730396813,4.7956286997345655e-09
CAMK2A,2.6099918198914153e-07,4.330461039017096,1.2611015496279807,5.151062865132138
LOC284757,6.819193775992231e-07,10.407486554470413,0.04805380254989428,3.424673691147749
VGF,7.3820535782993985e-19,1.224958108116623e-05,3.5218140225853674,0.9457332233844852
MCOLN2,1.1868316838152097e-08,11.773319970354914,0.18540968461761653,2.550352382115239
ANO5,0.5056091685471771,1.1531827830954633,6.188585356525756,3.123124485368845e-29
HLA-DQB2,1.26179850637842,9.249259738491027,2.5362200396858867,1.7486573556157648e-05
ULK4P1,8.099263612570377e-15,11.030874856541493,0.9825752121967095,3.750849813832992
ULK4P2,7.817081996562253e-15,11.028968440628168,0.9863761008864873,3.749015448616227
GRIP2,2.4000498527275217e-24,0.7859642128228708,2.9628705185742197,1.5806177736964697
ZNF804A,4.315039397482783,1.4817056964042064,5.525951179955125,1.3616152335533156e-27
KIAA1199,3.6575110084643504e-22,1.5077407709206946e-12,2.6452115458943132e-11,9.459733788393132
ZNF728,9.222833439762582e-32,7.409117637011431e-23,4.112420592835425,8.517691434879451e-35
CXorf64,2.830038564187574,2.983916376984904,0.47920354844862767,4.188001912079991
PPP1R16B,30.411183784743688,3.542403932967567,2.458937803409178,0.002127840365287267
NPAS2,1.0707020551906882e-10,1.6603556551449312,0.6789807608727403,6.217206028834964
GAL3ST1,27.323693941407218,0.0004889836314351068,2.9569962003908885,5.778239676824409e-10
HOXA4,5.491824808876259,2.544851453501045e-05,2.6442522199420977,2.736818912662078
LOC100499405,1.1946650801704597,17.52478159127409,1.5765485084828348,1.6119236338248428
MAGEL2,0.6363276963272637,3.371027558575495e-06,6.552996963103124,3.002494952353908e-16
CD300LB,2.4221165861018066,21.626147829672544,4.1360666143496743e-10,2.5993984449826566e-05
VWC2L,1.6846523862578282,5.086135756235684,4.115852385312489,3.6560376784703814e-10
LOC151174,10.982756613295017,2.7713150273585434,2.556667993217334,1.3763153637882781
EMR1,4.1546046514066177e-22,20.58498791701518,3.022999259512179e-16,0.0005211872214111691
CLIC3,1.4232131957631764e-06,3.5434188591223608,0.35863022506334047,2.585792246626825
CNTNAP2,20.925584267510725,9.634207311729269e-05,4.559045164778713,1.7844791070600433e-13
GRTP1,1.9919834415400361,5.16319690195837e-17,4.0918390763997845,2.3774147086504347
GPR126,1.2290327658989249,13.188221408291689,2.2145277702184925,8.33282654425238e-10
MIR3650,4.993214139407075e-05,2.2253315334357477,3.518200189534237,1.6358506420947896
P2RX5,1.255722520585293e-28,0.6829114987520677,3.798914396157948,5.108364923235041e-26
STOX1,4.674487637971259,2.4725359272986686e-15,2.3936799307321364,4.718215735342649
LOC100129518,5.731428389823655,1.4533791694517864,2.6827119777655657,3.7915705378376487
IL4R,3.156985183820607e-16,21.450159045802494,0.6293933669516015,0.004654391752846894
C21orf37,8.127994508940974,3.4012270330779164,4.300163933783902,4.1189590702406544e-20
LOC100287225,27.828545319316625,3.447508025111094e-10,1.9487192232242148,1.8286079529512769
CD200R1,6.9764992512409055e-06,16.970355124917134,1.932110086178658e-06,1.2904430309096529e-08
UBD,2.3720107188268593,2.998536264228693e-25,0.5493872994216561,5.13202511339879
PLEKHA7,4.336821648328269,0.8901310894345891,1.4041093420848274,5.633429676024926
PPP1R3G,7.562950223277715e-05,6.007267861985027,0.6751287136121549,6.492349798321921
C10orf113,3.2058206142296006,2.2966343635314253e-09,1.6892414935639586,3.406973498938934
WBSCR27,2.076820225566665,10.00067615852089,0.6151348855196758,3.3054335141053497
RIMS2,0.004715804287697993,0.5131350220409348,5.013236177283995,1.1262355117214934e-18
RIMS1,0.007554631287866215,9.60803911209282e-10,6.762673583555906,1.1191018140773295e-25
BIK,5.657600588763262e-13,15.040551875937666,0.00018937975569228622,1.4115194941541171
MECOM,0.39326390460027333,4.7245582236226006e-43,2.047445133008838,3.9043379609658855
PDE3A,3.6508480305888064e-10,2.0858090067516125e-13,1.8940910434846197,3.8214640319185476
SLCO2A1,4.0247027738062365e-09,0.9948519685401408,2.4384733762627553,1.6917707884902349
MIR4712,28.78709328649129,4.364598698478066,2.4642622989386824,6.888866540799992e-05
HOXB4,12.812792355469146,2.9145888558605986,0.8983574160659787,1.5545795282124777
BCO2,9.003467121963824,18.22956181181961,0.8611553271833516,1.6843906306004088
CADPS2,5.940287449965145,3.874095125355336e-16,0.5788281080198246,4.548522956217187
PLB1,4.517367496972004e-16,19.467472635897018,0.009061852992429412,0.5037756599924741
C12orf61,8.382818245863618,2.8524137836146566,1.927858105466796,2.3012408189348914
IQCA1,11.407352467377724,2.8638530263213404,3.8394201685597817,5.060531187544387e-11
LOC100505912,12.814171483810286,0.037498478861245306,2.029706784541848,2.9079805553219686
HIST4H4,4.133616377231058,9.806874775287735,2.647588803035467,1.7670003125659566
AMER3,8.746734476328512e-07,6.301727981050609,3.1060105843864823,2.2215153368684084e-32
RAB27B,6.231223334393159,2.018241232361898,5.017315952125167,4.1794824855473194e-07
ZNF732,1.7033227347281324e-28,5.762556697463274e-35,4.2197995466230545,0.020901319457056075
FLT1,2.668037928960167,10.894681911720282,3.3669718153467763,1.3992737308031566
BCL3,2.2509321020100198e-12,2.840894662667216,1.078929533679176,6.247590837520694
TMEM151A,28.594839867312558,7.314068454833441e-05,2.150777605616779,6.033251912312676e-10
SLCO3A1,29.97275100798717,1.2567716836041167,2.3289932069611385,1.70321654912538
LOC100130370,25.72760569544085,2.726484170664248,2.6199413558762443,3.315033739829908e-17
OSR1,2.3558443461700156,0.9013581558371611,4.648034649635285,7.583163455352578e-12
PSD4,0.00015203193167099397,17.05692680743448,4.09915522434844e-06,1.0772387154758625
DMRTA2,6.7310424097990875,1.4947489010789064e-11,0.01023459856913856,7.5168319792487805
C9orf129,2.2327312136299654e-08,7.015869534181336e-07,6.229369505420974,4.288275914224022e-22
LOC100996455,2.05946633892207e-18,16.491069589361658,1.1170938182153045,1.0981154877291508
OXTR,3.838242214736139,0.00010109252054212636,1.7393599759829743,5.879965760583726
AMH,2.5255831525728744e-08,3.1020900428388742,5.319793402703881,0.00166140588302605
TSHR,2.4467175106995556,12.539631641588393,2.1362972831129876,0.6588460486414516
SLIT2,0.007931758021630193,3.3888871070615964e-16,4.265271917449416,1.460813814776753e-21
ELOVL2-AS1,2.68083062895217,2.1468754678109533e-08,1.2943903808040638,7.709909548631605
LOC286367,0.5523052963759103,14.53257587076716,2.9178233623590737,2.5546702282465432e-08
CRYBA2,4.6602502437660345,0.034317050806639764,3.0245573370228915,0.0003770191768001827
FAM201A,14.058856217829373,5.251895955981014e-33,3.0441802615861477,6.771171008468573e-23
CDC14C,0.7884194233054287,2.2642413155944703,3.7192999146851453,2.1510248550727367
LZTS1-AS1,5.715651257640984e-14,0.640821716008024,2.1695989170513386,3.2017362097298623
LRP2,32.844504109360216,0.9121459899096214,0.16541115379706156,1.1362003574931652e-07
VTRNA1-3,0.0011330498022207667,2.5753145739290995,5.719962245049346e-06,4.711955077177406
GPR133,1.825729399450113e-28,11.401445736158875,2.3128934318014873,3.4182482807818773e-11
NAT16,1.3236968091934735,8.024991483125103e-08,5.628335673722252,1.3519208951120365e-21
CCR7,0.7374285991251128,4.827375030389005,1.3841857781234685,2.3494370782235823
ABCC6,1.4164004906091564e-15,12.512354225137786,0.8948962447048048,4.363749329532705
IL7,3.4825446764511567,4.318506729735948,0.11489941367851542,7.317220259784689
ZIC2,3.010744896765248e-10,4.7541227118905555e-31,0.002257824905464374,7.361215556351306
DSCAM-AS1,2.1012993541679794,4.206296399159253,3.822038773008949,1.5326863050718265e-11
RANBP3L,2.579991243796942e-14,4.102204701692996e-34,0.011654918109072421,7.300919714670997
PMFBP1,21.258990966279843,1.0409580399933196,2.4691409047027317,8.40843794942883e-23
EEF1A2,0.15473405732690623,1.1292136245956879e-12,6.818707916931956,0.08042256063945993
C8orf48,21.80930923609746,2.1569945153036264e-19,3.638559396392957e-06,5.461573008061963
ATG9B,2.2748970744602757e-07,3.1088400466297485e-21,6.4768311839056425,4.350632154941138e-10
PAPSS2,1.9926148854077732,7.237950655197214,3.706360613781207,2.6968957842600205
RASGEF1C,0.00018789112505897897,18.68740663085628,1.2002298284148047,1.5242326139996424e-08
PLCL1,20.540422374735677,3.101292044473423,3.4997695907055504,3.993304877801144e-21
RIPPLY2,0.010911251294197299,3.821027297472825e-21,7.057947590434047,1.0653626036962726e-16
GALNT3,1.6809730051693559e-06,7.953509238110791,3.1468178761289956,2.19133315935229
HOXB3,11.415590651825715,3.153452425254747,1.4411842862609663,2.7897435637769252
LOC643923,4.724238234815798e-16,4.852737220715107e-16,2.5541939240279197,5.81217106141926
TEAD2,4.252604416043992,3.8081163898651295e-10,3.9606816029203147,2.448402997352636
KAL1,7.39349229113834,11.910613665521481,2.090540205642413,2.858450243618773
NPTX1,5.969644522270668,2.545108619903984,0.0007598937254759829,5.3621059061254615
HPCAL4,2.0011099061342035e-21,7.180722281737001e-18,5.834493979606795,0.0029716777874263176
FXYD3,2.4998411964504412,2.2943261027963806e-11,1.3764726467545103,4.404917425404897
CRTAM,0.04847261734389474,17.36331431239996,1.3038228469890125,1.801227647208593
PLIN5,5.231591523306664,2.954143114312294,1.983115416615549,5.343020742927459
CEBPB,0.10243889027971706,13.0556484635549,0.8585174885317481,4.445159392480624
TGFBR3,4.057215200786409,1.723397632434189,0.02271704905899099,8.285356430653232
PDE3B,0.3675350576208492,7.304875816948659,3.4460509345814603,3.431162308340257
MLK7-AS1,5.266347237677235,5.979362764392065,3.4242293287470633,1.4532966148647368e-08
CDH3,4.5365810911681815e-05,1.828714315970141e-16,4.280071588490586,0.6598618253945399
LOXL1-AS1,8.291036603870975,0.002259643307404209,1.9623465408187228,4.242835291355388
PRH2,3.4562071630140028,0.0005254501773426666,3.778217465865557,3.6776749062748957
TSPYL5,3.0526824180638064e-08,4.943540785306439,2.6811229082547623,1.4795592176528551
ALX3,2.3977772336751735,3.33777905632256,4.441977225070293,2.331151422316042
CYP7B1,18.314567996398665,0.0404704927933118,4.048799674759882,0.0005258070181593666
SNORD27,4.575286522891128,3.6032425995734587,5.912074744740917,1.2377754423773515e-12
MIMT1,4.657189276520987e-27,3.281968854539786,4.238976788466422,4.777473448867912e-08
PHOSPHO2-KLHL23,18.459298665344175,1.7867259993998013,2.9188354986291047,2.7556286042030314
TEAD4,4.856751440427572e-07,5.780310166294542e-13,3.5003470554081093,3.807389729385597
ST3GAL6-AS1,2.4316482726093662,0.00025354741248802504,5.900602401802332,0.9550737833888151
PPP5D1,0.0011609548048781878,4.2733740615173864e-11,2.501401448136771,6.950958411465607
LINC00612,0.0008610855146576739,6.617761228385749,5.715486034513977,4.190745476876719e-08
MIR3652,15.205062911944033,0.31682481706091126,3.3504794352292753,0.00729875053850513
SLCO5A1,0.00796889532917364,2.350574184880354,5.007366683224698,9.139914498597001e-24
LOC100133985,4.42439197503654,0.7780279255229433,4.214475448068963,3.163076234201885
EFCAB3,3.0900929497058804,0.1808371266760313,3.518864941739472,4.47236330982812
LIMS2,1.979802894843154,2.817991893605759,4.3845226243973805,2.6237374319117334e-21
NFKBIE,1.18832702466019e-13,13.350113994075608,1.90628710447208,3.4954901846664157
STK32C,9.027961099078057,0.08320998768146008,5.209613908001545,0.44752802865966307
SCML4,3.4607057118730995,7.03671480129789,4.659993962036739,0.22137117519671756
SNORA62,0.001508897165327191,1.319244287703157,5.563905218940975,1.0787855089067953
NDUFC2-KCTD14,0.7702143049952179,5.364263320712557e-15,3.010591647402791,5.169317748506036
BAI1,2.0355559186730286e-09,1.2843311773418985e-14,6.082338671201298,1.3854440262159269
SNORD77,21.995841559960144,2.1623964995040317,3.1040844155679235,3.748532465638432e-11
VASH2,2.733534677523136,0.0017129718421943674,5.870677421998276,4.987935892957314e-13
LOC100240734,0.009776518855596602,1.5072083704954757,6.432765337523503,5.908102231376237e-14
NCR3LG1,0.006033546805537273,3.2026128390474664,6.090259049668709,1.1411658097603616
ITIH4,0.12845106404972187,14.62032170648266,0.7761817367284739,3.0935694653786756
MDFIC,2.22321818895565,6.2876382882757325,1.211833642350665,5.799789413200669
CLEC4E,6.374226950377797,12.888632743330472,2.752350870433745,0.9492941548289747
ZC2HC1C,5.073213661378382,4.607703949752259e-05,3.3323197180571906,3.516432735460572
DGKE,0.17650129736077763,1.195494764275575,4.4129756805293106,2.32201417727395
COL22A1,3.8667926956494765,0.9325711965617535,3.290561936463754,3.9431404892391546
DERL3,2.5744701185310186,6.396099332900429,3.5663142498887903,2.478271104979904
CCBP2,3.2601680460735705,18.419477221524517,2.056749406225288,1.1073702074734468
SLC29A2,3.8430326113877813,7.210918937908113,3.448119400171731,2.294159932243385
PRIMA1,8.412873107424995,1.933749189235315e-11,3.527145900192332,2.416569520526747
B3GALT1,1.6054577303731025e-09,8.045953005237682e-13,2.2853799508764823,5.040542168316449
JDP2,5.452667337191871,15.137274757290152,0.6024041039017618,3.0798007668982166
HOXA1,9.817798230576807,5.427430039371993,1.2874618509254812,2.5994102896056215
TRAF1,7.336411183968495,9.99013487436312,0.9487417646958004,4.549860795658423
SNAI1,3.5949854671254937,6.962034797283522,2.8014530583399218,3.3620529661315293
RAB11FIP4,10.800125089684348,4.563732421084003,5.695207588347494,0.0008902163593927273
ADCY2,0.02968998305183467,5.034347269086283e-10,2.5424831163598713,3.736703242301531
SNORA1,8.32463539536589,12.161905218631315,1.2240193124707535,1.492288949755896
FAM20A,0.033065743538910744,15.331222155764497,1.681266135204438,1.9306970723530568
IGSF11-AS1,21.491901377158307,8.864526128465289e-08,2.0597577957932955,3.2224673070239302
PIF1,0.34969092191605605,8.010776446018361e-16,5.379056409424533,2.186684540732338
MYO7A,0.031841651068300794,13.530770330220937,3.382462052910899,1.225395951338848
OSGIN1,12.82256801823324,3.514765859773845,1.4121061094569822,4.677276161556601
FAM154B,6.478460276837518,0.15675388536968576,2.1950895642983235,5.410538059794788
LOC100506801,0.06478973459602637,0.0004883042779517335,2.9226322575198425,3.4812338299163366
DBP,1.4423972414847655e-11,3.9359638556770253,2.9519127407737487,5.548812303323161
KIAA1217,4.283496217525098,1.3345246915772384,3.794654200303847,4.332833254891439
CD101,0.0032961974022065934,4.092152939411259,1.8845002690967059,5.6714264707551525
SPTSSB,1.6024900313561932,0.9272987076592211,1.1452540948130447,6.187697359257446
ICOSLG,24.245893552523015,11.413603716824975,3.190978894322547e-06,0.7751502672165249
FLJ34208,6.4517415919640575,6.701339787337067,4.019225967899438,2.6267943253457555
FKBP1A-SDCBP2,2.4621237167559094e-12,0.007275347435111913,1.8148542416063391,7.1635635847201
S100A2,7.274052472060531e-08,0.582322194246543,0.004859517920589667,8.236842632764514
EFNB3,1.2521679491701514e-08,0.8368153000019782,6.217064249789459,0.09186274953072847
SNORA15,1.1274918864027483,4.940522049251146,5.424329047715862,0.0001827132055302047
IDH1-AS1,1.5518302127739008,0.02198472039551124,1.1247843163032087,5.946433238310685
PIH1D2,6.483715292447318,0.017487353707040035,2.6403962924541213,6.320664432521522
F2RL2,0.16183209548711416,3.315932201013368,1.8190222286414688,5.181718324890907
ADAMTS7,0.0032392717778479186,0.010970401443612766,6.372557568465072,1.7364229663842116e-09
RHEBL1,2.8978831882953716e-05,4.614399818480462,3.533529085582613,3.400744387578853
MMP11,0.00020602999989527163,7.753293369044092e-24,5.618881602164854,1.8857589294502503e-06
LOC100144595,0.07005937566011831,4.9293914943302655,5.157274479039062,0.0013059221478507385
C1orf145,8.150267571211424,3.1847011758656536,4.900531897421981,1.8330400077115218e-12
EPB49,0.07056252221311105,0.0023531269439487344,3.117434888518892,3.496781992164124
LOC399715,7.506729041433117,13.892484312209293,1.6631737169028464,3.3306939891210283
MYH7,6.147863946125408,4.137123150579485,2.5529574274811813,2.272545892743339
RNLS,7.421944362944705,2.8800100608296235,3.2817674513026884,4.46587650986326
FLJ12825,4.741104290858019e-06,0.24391995240017292,6.990076113146569,1.1875577582295163
LOC389705,6.339114770288549,2.4499545745519264,3.4587347808706195,2.2084595443715704
CHADL,17.483206161909983,4.878224262723456,3.484226745067979,0.025451157511950935
TMED7-TICAM2,3.0827162685823257,4.900432781267485,3.2073108372440657,5.035052628949994
ANKRD7,16.12344275276063,3.7300279093789723,3.9746824848130524,0.587181518541604
DLK2,12.229927663274532,0.0047166747072808525,4.436141662518096,2.877509510975277e-15
ACACB,9.90331882741786,5.84859424779641,0.44456907790266836,7.025368613762469
SNORA24,0.00015502289599874598,12.329998118595297,1.900965151199976,2.059374747250589
ZNF396,11.657236805459302,2.242598412480931e-10,3.473428244926123,4.521927446924259
HDAC10,4.418564977338156,1.978765423942529,1.423294733547215,4.536134112720262
SNORA72,0.012691124076094915,0.504642896448726,3.99983268409114,4.356704487385693
CPEB3,3.9285667664537516,11.760932127447834,4.508960868349983,1.3409775981519625
CDON,4.984233892569988e-06,8.356689334564915e-06,3.1897933306366615,4.461203090952125
SNTB1,12.033773023133541,0.5737660311345082,1.6127717570785784,5.796821677526721
PLS1,2.8117034407627406,1.2103101918696204,5.547607318661576,3.522417509936069e-05
TM6SF2,2.958707445071363e-16,4.519647305793461e-10,2.062685783448416,5.822594002617323
RIMS3,4.416035395723264,2.612302783043335,5.145667868497954,3.7997089910926137e-19
PITPNM1,0.0012885251625613567,9.929628887520812,4.063814971129379,3.146470967494149
SH3D21,1.1335407299393274e-06,3.0565584012540588,1.1588731675782764,6.8007272712391735
DOCK6,0.009187659707589405,0.4760797274700837,2.1677657742550616,8.164957991773516
HFM1,0.04301696853434617,3.691066485027855,6.970274091682808,1.1580226976556326e-08
TMEM44,9.3821848784304,3.2826696540102707,4.821052644697313,2.3790251691755
E2F2,6.854714877004752,0.07623843147342343,6.174678138833645,0.9704248348339771
RGS22,0.636832054847353,2.3231254194015234e-18,3.5467934077177787,3.615512301322629
EPHB4,0.02606869040947847,2.4320578199491063,0.01782540997991542,7.382009112369436
HAS2-AS1,0.0004944595183026049,1.0010182323939316e-05,4.551618064288207,3.97894041817099
MIR4647,1.6903409100147813,4.544661318907618,5.098904811405222,0.0006312060840523124
FLJ41200,6.371459712430082,12.1137012250711,2.757642343886078,2.4774664865708824
TEKT2,0.10034547999000175,8.027577815814113e-16,4.231794086004824,4.825007089092543
RAP1GAP2,6.20754927269154e-05,8.545251604310277,2.4964127716601636,3.5916704741850456
STRA6,1.4878188436673729e-63,1.9777562864000575e-13,2.5402333158065074,2.1468818566337324
CCK,1.1632654061650763e-14,1.7855534364565514e-21,3.0226054614081916,0.9728068282395081
APOBEC3H,1.3233199938039467e-44,9.425282636579961,7.142460828811209e-17,4.305774606798441
VIP,1.2440839489702426e-28,2.5720904214221814,4.056772899904053,1.8368360859394493e-35
FASLG,6.854878254260869e-62,14.733066512161189,2.1005179062216246e-25,3.113713991075215
PRSS56,4.577682563281316e-70,8.010901089607234e-11,2.319568701017336,1.554754889826832
GPR124,2.8213837286616022e-37,1.862672749600766e-50,6.816476528687277e-14,6.307382001172419
LOC100130075,62.311704917118014,3.699490659924956e-46,2.17823290491169e-25,3.619630895320931e-19
PRDM16,7.712955124143669e-10,2.578073656615605e-40,1.1963664003235492e-10,8.32983729600097
PXDNL,6.782476836199699e-05,4.239227503572953e-43,0.00042711330437558747,7.897063165544369
XCL2,2.1169185170102033e-36,5.448632701126498,2.4510956851757797e-14,4.488044063265294
CLECL1,1.0561149721958056e-31,35.01459668746087,8.369836214056611e-26,2.1221217500235607e-10
MTTP,2.232046367544243e-39,8.188229580836355e-43,5.921257835003143e-10,8.697715237147598
ACPP,7.005558224818106e-10,37.775145987913,5.609777461180975e-05,6.472490575182637e-07
FABP6,2.297303651596791e-24,0.2846744628060478,7.874965239298704,1.0997205636528703e-45
TMEM52B,1.2481219987994373e-11,39.37758111577907,0.00036286878227745383,1.7634651680907232e-11
LOC100507250,15.680964672469923,9.405255837132636,2.2798456110273064,3.588196654580343e-27
HMGA2,7.829265474631672e-34,1.7341038363331973e-22,6.165177376972538,2.7540152166672854e-13
ZNF257,8.349601027525918e-14,1.3848754215407568e-06,6.75036561169864,4.0145065688880296e-17
TP53TG3,5.774124183765105e-49,1.6349542148352491e-52,4.489934928412409,4.2125743281977856e-67
TP53TG3B,5.774124183765105e-49,1.6349542148352491e-52,4.489934928412409,4.2125743281977856e-67
PALMD,0.06437214330111093,2.7063180077298446e-25,1.497156615748446,6.443208858715935
SHISA3,1.9214650305907189e-26,2.1325937740153097e-37,6.57460089014259e-06,6.312754817064425
COL2A1,6.65660810014812e-08,1.5083079582850412e-22,2.7075650758520724,2.7804787513175517
CMTM8,1.8353889335339998e-38,2.2903343431109407e-37,5.0585334046129455,0.010004082097875068
KCNN4,5.537887346455839e-30,22.49604645125365,4.163382781701521e-07,4.399739919754081
VNN2,0.00017807387829536512,37.453193143455564,1.2125788646744507e-10,5.9540358256159955e-18
CCR2,1.1164204595436317e-35,29.95280105301892,2.2675168392641647e-06,2.6674584829123835e-14
GPBAR1,7.679862092858732e-39,31.006588231579613,1.833902920470373e-18,5.611229804729762e-34
CHAD,6.154317623330818e-38,6.346505259104559e-55,5.816522652153167,3.9516203716802565e-35
SPNS3,1.2329820254666022e-31,33.61441826683405,7.6202971320164795e-22,4.0515312198610194e-23
MRC1,8.128833092815967,24.886064645280708,0.9376844452768259,0.3637622618582518
SLA2,0.13377135203222348,6.48112196062159,2.2200938451107706,6.35233340765099
GPR132,2.4922703646988594e-10,36.67603966331394,0.158700235927209,8.184919228991486e-05
CARD11,9.650155175030153e-17,32.223124782507945,2.882880676336433e-23,2.912674485913633
TAAR3,10.6069574032582,6.821850308613964e-38,1.5544632838526315,6.652751863844068
ADCYAP1,10.376611204294104,8.246196676421574,3.7178641381213366,2.6351637485353847e-36
KCNK9,1.5436152533548228e-46,3.4489179468446735e-46,4.967741683357647,5.70265228439048e-23
PIK3R6,1.7816636917513717e-31,34.17158810222717,1.1530525501709343e-20,8.408871360743732e-22
IL4I1,0.0005137575343962269,37.715802370787,1.3504519930375547,0.0020014542091254155
KCNS3,4.0742170155229775,4.350661672748508,6.72303711730516,3.1237441448274433e-23
AQP3,4.572614146175867,16.49934115809546,0.6012430235215777,6.182728588292327
CYP2S1,7.619453209411887e-33,25.905542427524907,8.675223590391996e-29,3.1312246934703043
LRIG3,6.960922890601961,0.00019750278574864785,2.6890591565651594,7.5362062767265225
TAS2R43,6.433547334177765,8.368645056003809e-10,4.037688986342188,2.0127526483935343
RGS14,6.746740528072956e-12,22.397087735856086,2.521245985212522,3.036083056488895
FLI1,2.3387175010911915e-11,34.61199919285016,6.976563096825547e-06,2.524379734232861
NFAM1,3.649851588965691e-11,34.87575992815563,3.584030471582316e-10,1.1769854154890418
HS3ST3A1,6.701340108504743e-49,2.0676409399253234e-43,1.047438093322408e-09,6.983115231268306
MLKL,1.0911512642963926e-14,35.337571470572236,4.7733462606775276e-17,1.1888195377400357
TNFRSF10D,3.8642073308443334e-05,21.32536689817532,3.3856917433012756,2.033687593158003
CDH18,4.186319293832703,7.116878447620528,2.1512167657477237,2.228794985613807e-30
TESC,9.948672756193283e-14,5.015253234489122,0.22101109815307937,7.261907615110027
AIM1,0.0004553139521289255,10.610288122703217,0.3594180187117568,6.70887428245266
TFPI2,7.188593116012269e-06,2.4772088639071135,2.274124706255877,2.265695013138351
CD27,3.2399878328233394,16.21335503841357,0.847066994527498,2.8914665905393395
PAMR1,0.018251283602135994,3.0420106721288616e-42,1.168294319994207e-07,9.471085652931507
IL1RL1,3.801494764276997e-71,26.537426533924595,3.075147358800838e-39,1.2577271500905872e-45
SEMA3C,37.23922800690103,1.7788203879347146,2.478314408615009,3.2790747582072464
TRPM8,4.705916605886101,9.655191214493455e-05,6.415289449314151,1.7160347572933223
POU2F2,6.057780453023544e-13,33.243539302924354,1.5810728433361816,5.831552249817123e-16
TMEM196,0.027915399052219847,1.5952821921314337,9.750290381582081,5.74551714686133e-31
SLC17A9,1.3640289479943209e-12,35.982927219518096,9.609348104484427e-16,1.391869361920213e-12
FGF19,1.932323829179404e-40,2.10975210120136e-33,3.073186401545226,1.3958320372910173
CEACAM21,9.778361495945382e-26,34.15914787260456,2.036410136755514e-20,0.00019337789175732253
SLC17A6,5.740648008595121e-07,3.5618121677587586,7.39214960946696,3.068169959666819e-39
KRT19P2,4.735045462830304,24.89154951716044,0.11496011871431679,9.080398702457854e-12
FGFBP2,3.11145511896568e-14,1.5147790575106277e-14,2.3243026803230094,3.7437761723344236
CD38,1.4976830638947964e-07,24.841996802787914,5.674081779457103e-11,2.128830562842424
GOLGA7B,3.2684130311323095e-11,1.911774454937678e-30,2.352793204778008,5.064201045057716
CEBPA,3.9257768679518336e-13,35.37470352813297,2.7886403546448716e-08,0.002625638392485438
RBFOX1,0.06049080155717304,1.8148929293453766,3.836189466244899,1.0264545892945118
MYBPH,2.637354185979457e-05,4.957512981169201,1.4961629736802833e-20,6.30820670387088
CRYGD,4.921372971471683e-21,9.449743374164587e-26,9.786218103573166,3.6945887008382005e-27
LOC643529,0.39207767452368203,24.46137924706733,5.33965625596464,1.498059281593052e-21
PODN,0.07943013229998323,1.526821993704517,3.907180008997513,7.153638041586148
C16orf11,2.083104494248229e-79,5.125336566585584e-103,3.1117479870026145e-25,4.899115923658409
C1orf192,12.170458886292439,6.02976057642497e-16,1.0000044271666038,6.747853059406494
KRT5,8.61929616772383e-08,3.1804062946302514e-28,1.068933775899366,6.068627652122604
LOC158572,1.3115460702527803e-09,1.0732818279591655e-23,4.337096704001104,2.4191952280406124
GPRC5A,6.876404913194679,3.2473122342578615,1.1872499999709725,9.736319945889793
SCN9A,0.778725637631434,2.7436298811889257,6.162768860775676,1.6742329207262228e-13
PAK7,10.138233290824518,6.030768943497885,8.70400513976488,3.0286741523630195e-37
PDGFB,1.3850324131020167e-13,35.56022168880473,5.493767263673229e-12,2.4832867405777534
MUC4,1.4574964098620734e-44,1.1614040876824749e-56,4.310220476609595,4.0840551412531457e-19
ACSM5,2.1780149493798591e-07,29.22912738727778,1.106167312305439,2.3756300213782295
COL24A1,1.3951958706793612e-20,2.1120290095447088e-19,2.7284083655004285,1.9026662206048617
LOC389023,1.559753118551504e-26,3.1787259710819573e-66,6.27633039130878,1.9309268427569138e-42
PDCD1LG2,2.5767439016789856e-06,31.171422002402796,0.0005601562735261612,2.422162681376459
GPR18,0.19252537738250272,29.664856410989543,2.1130276126863468,2.8287587289037944e-07
SLC17A8,0.544960912600239,1.7136886220398072e-13,7.5517594689573375,2.348010621350266e-36
ACRV1,1.1835624012646936e-11,1.867441559512276e-27,9.819884864044562,6.06778761108007e-32
SLC15A3,4.0977910349700413e-07,33.62919401055948,1.5935075062127218e-05,1.4818013442672318
SPATA18,18.928010301678988,0.4775185687576143,4.035118458398245,9.604125039398545e-11
FCRLA,13.320161022445614,6.611333051759274,6.0567406321993165,3.2580101636251573e-16
ZNF165,4.406291840155846e-07,8.041430326859471,0.018864549118543305,7.720308875342941
ARHGAP29,2.1478966077316237e-43,5.825032930060834e-19,4.99320095839394e-07,7.593623336175424
SLAMF6,2.696177475568391e-06,7.626043569102068,0.002777401429104882,4.321040239055546
CD72,0.37570812721454067,24.027622022065767,4.22029116568298,1.2897869265905317
PCSK6,41.64398861309992,0.4001187072233869,4.052274717805668,1.4466212586583362e-11
FAM150B,1.6820872878326905e-08,0.002953578469373375,3.3120008257094296,3.678699417147879
COL25A1,0.13077599933330322,6.583627409509262e-11,1.0433266429088686,6.074098245995637
ANKRD20A3,2.2964827405961584e-10,1.6755626698984168e-12,6.977913704201228,1.233438945590125
SPESP1,18.733868837862012,1.336114625725641,3.8185102421167727,6.359077118143715e-29
VSTM2B,3.855634346845979e-05,3.0167404721402314e-22,9.012540187859763,5.451174793432883e-34
GAL,1.0458047558707164e-09,5.294516334021052,0.773924668666656,7.140484437603444
CYP4F24P,6.253830846486047e-15,1.2285032458255876e-29,4.346716958795179,4.285282989431274
LOC100288846,3.2517056230775806e-07,1.5293034325409798,2.3400857721166974,7.680773618458991
GCK,2.020987124649783e-09,0.0020734607499886537,9.724233373759336,4.861996537893511e-08
OGN,0.2733331711902343,1.0685888025079542,2.5803265001468683,7.648109257726646
LINC00693,12.27504225331386,0.003554426458613529,9.178603081138167,3.642771954017622e-10
IRAK3,0.1838332670168178,31.881740224678712,1.1212295283540303,0.00837837509679676
ADRB1,9.46734278532843e-10,1.455153441681947,4.1177618388262845e-26,8.377832334496787
SFRP2,6.904806015313087,2.6261193972215834e-19,5.737251971341089,1.7042558625961343e-26
SLC18A1,4.590613873166264,0.00788194635613904,3.1308016418298474,2.3899392668966155
RIPK3,1.0628354116817089e-27,29.482317023311058,4.095932545541887e-17,0.5354089352287799
FA2H,50.66676456728792,0.4465417581421696,3.1440728959068966,3.3847041130025966e-17
CDHR1,13.356673945202347,0.00010807727314494262,6.622977145787724,1.9447177335254882
SGK2,53.003141201411665,0.0003874811556567126,1.454795203494534,2.5721100800127528
KCNJ6,4.24663312314882e-09,3.932338120308356e-11,2.86603161586956,7.4939310152019765
MYL9,1.0936653752528355e-30,2.544925125228773,6.978354524160334e-11,7.454588152293668
CFB,5.896910748927176e-08,2.919479544466644,1.039616964424557e-08,7.5639343997526165
SHOX2,2.6573281635338765e-06,3.09018626698846e-08,3.192471915653905,7.955991435210272
LOC285878,1.3372172700448712,3.680917529733762,1.0073124728958323,4.185939239342167
MIR4441,10.838714803462977,5.9991011486662265,3.809681543234176,3.4675848219570904e-30
IPCEF1,2.708510439717174e-10,25.150166724878787,0.4085664579466531,3.6679752629748053
TREML1,0.0062946043315609155,32.455343764381055,1.9124987274786335e-13,0.0014902855418080418
FAM177B,0.9872774273015793,32.69528538035236,5.7240664214464765e-09,2.2652731864435717e-16
CLCA4,53.98181662257258,2.714715547702298e-18,1.1454340959478394e-18,1.192275761114667e-16
IL15RA,9.632662253452396e-21,29.3450082743345,2.3106724937438864e-09,6.790889071278503e-07
RANBP17,1.755663206259572e-18,3.437111561158266e-21,8.305517084042782,5.591480188578399e-16
C10orf128,11.17610680242116,29.083065204425505,3.3999203170562113e-13,2.387571104845395e-10
PLCG2,1.5273102038565136e-05,33.10567131852858,5.782421777593698e-11,2.2078852881748523e-09
POPDC3,49.33620933345405,7.035037499200342e-18,0.2517374668089556,1.0171406639711309e-13
GBP1P1,4.284602960363268,5.743637603943812e-27,9.053276904729712e-13,9.209300735309466
PCED1B,7.53817537603391e-26,27.160544900985595,4.919889677901916e-21,1.585192978361982
LINC00639,47.6399148884729,5.901594934985499e-09,4.5384741484640795e-05,7.03481221303867
LOC100130231,3.808059457278077e-15,22.120774516815157,5.420095169948464e-05,1.6556374959759308
ERBB4,8.863984342309005,2.720398534831174,6.080721759769325,3.303878647597044
AQP7P1,3.3478400468673453,1.5558209907231264e-19,2.2222046746253317,7.657579293556972
FLVCR2,9.852086012152871e-22,29.828753664546024,1.064288543656883e-06,5.3519392033526625
HIST1H3B,1.0407436274699144e-12,2.2342124438637476e-23,7.7078256477352385,4.1832453067719415
EYA4,2.8798856562779825e-13,5.0145071930268214e-14,3.1399593833574344,9.683121643473312
ALPK1,6.905928445268942e-08,23.999912970371767,0.07677060576658884,4.0183718608681875
XKR4,18.451090803289226,4.024121690862795,9.119008820914589,4.5389256391040134e-23
PPM1H,35.14408190133075,3.1447892533723927,2.3147649840221467,1.7638167314638058
TLR6,0.032385722498708074,31.303762110628067,0.1925714191425669,0.00017124359704465556
BCL2L14,0.13525055440355896,1.0871950232905752e-26,6.264123915162341,2.853878335816384e-08
CLMN,53.75785032117094,1.2600690875036191,0.005673740044318777,3.6777637710907083
DSC2,0.21059694319430142,22.162878796826885,4.250194652907023,1.6694230866476698e-14
SDK1,11.398611810885116,1.9127740047174484,3.3107158733539155,2.7797304470331583
TLR3,0.029917107729753416,30.504025518476805,0.00011906959217635948,3.4535610178488176
B3GAT2,11.652704715398656,7.88115308260928e-07,9.55800367622798,0.001683298854903212
LOC729177,20.011362616228347,0.43521426549904524,8.808587375573554,1.0634931241220342e-13
PIWIL2,2.8547937574527524,3.875966739166976,5.456512790970073,4.536620462762084
HOXB2,16.35558081408033,4.694457637576304,4.577473569490544,6.829728535506169e-08
TMEM163,0.11478307381322267,9.312322118409854,7.728999501962067,0.13245143858366765
BAIAP3,11.539970063036382,5.373387823283385e-17,4.013209668405991,5.1906870786588755
SVOP,2.5427721662188576,9.609009619884562,7.638395399769377,2.0388354252092754e-17
VWCE,13.732213265630937,3.166606175281184e-05,7.91463661019352,2.5081754211701863
SPHK1,2.6814576557659735e-06,12.30227831873691,3.3363152053739347,6.295213565378089
GALNT6,48.673760819253125,17.124677540263644,0.17988444874100426,2.354299309024866
RAB3B,23.777627459239522,0.28623696307833835,7.867725961848711,0.12792782716240805
TFCP2L1,8.224172479292653e-09,4.199136728072787,1.7562333912622197e-18,10.750696248458182
MICB,10.206040885958277,10.08480825581223,2.2510137687970064,4.459137645676623
LINC00669,9.65626579109574,3.797794987896783e-22,7.0855625358685,3.4265274166100093
LOC100130298,10.506248072305434,11.907631418449817,5.737185933689941,2.836581221723312
RNF112,2.83777845844798,0.05556514575702494,6.156534658168069,5.016796781663442
ITGBL1,2.4202538587698315,8.366320419232,6.206742619692804,2.2296845991771144
SDK2,4.8300684809997305e-05,0.33590188969369716,5.718972222043197,1.5559840464824128
GALNT16,3.5905486309307526e-08,6.8146520191822366e-09,10.16197941980687,6.821519950192124e-06
EPHB6,10.51178475883702,17.834439004163478,5.673526563134779,2.248098865970863e-08
ADCY8,5.522310451473564,0.0010757677894071985,6.60999307667462,5.242104016147205
BST1,0.022205996375481683,21.3441638051955,4.363664044242111,1.7511387958667652e-11
SLAMF7,2.5161702756849107,21.43721630527908,3.0679212145611423,3.8628132659517416
ALPL,43.19980791882315,1.4875220926049414e-19,3.869267900189688,3.7879055325329607
C1QTNF1,3.888324874579312e-26,2.7343237054970326,0.10865846346205586,9.587574121526963
DGCR9,6.01298852824404,4.277912409882705,7.765784326805228,4.190029222774668e-11
MIR941-1,16.419979561228818,5.306092041929161,3.2404519605872104,4.537866904843921
C3orf65,1.0439086416706062e-24,6.230580960561342e-13,6.685103343790972,1.7447077118002277
TPGS1,5.647509967124408e-16,3.276644868528554e-11,3.047993800907697,7.614818403656633
LY75,1.663830481910241,27.353592449035098,0.9488554509593728,5.469407623768682
MSRB3,4.667198980472197,0.02676031522176769,5.055502624433173,7.009398939014139
SIK1,3.5132116946583385,25.42928118322178,3.876259879749629,3.3226425202099685
SLFN12,6.674126112756999e-27,20.53510610344293,2.396345668632456e-07,5.850284959761828
ACRBP,2.1069676186221197e-09,21.969380285144997,0.0007349210275668584,3.862305744936596
NALCN,25.603383823256564,1.934766875590332,6.6787961703968834,2.147774481260375
TFR2,5.37627384698892,2.377661320231675,6.256377319672892,5.318839004185858
PCDHGA3,13.580682287329507,0.4819801685625919,5.711776599717271,5.575890487212361
PDIA2,42.611222293799365,1.295609499032982e-12,2.9473304858578144,1.3748439748087587e-09
C19orf18,0.0011675788800770285,6.141333828106533e-12,2.990696697491394,12.408620105063731
CLCF1,2.109862035514026e-07,8.191199163549506,2.3794398388339275e-09,9.796650961333011
HOXD3,1.1792629464123816,5.071093513167067,7.93691041504778,2.7419919115057235e-15
KCNQ3,2.782260666472968,26.18773710172905,2.3492005931093205,3.017464638136969e-07
GPR153,7.867073185420306,0.5823333531483538,10.768638066175289,5.972850185216203e-19
DPY19L2P1,10.097663455287947,0.00012691031099807301,8.028213077994865,2.457645740342875
LOC255512,0.4587304047960077,3.255238979647808e-08,6.024216539209048,8.029421107964772
IGSF9,0.003850258867726471,7.2605148657244426e-09,9.351312574875294,3.325443374469997e-09
SFMBT2,0.0018998962805064161,30.436254860535744,3.5400601191932535,2.52103945671788
EPB41L4B,4.246669145217097,4.068002742774601e-23,8.716352514834762,4.1242758295059035e-09
GPR85,6.955735938649457e-05,3.4963040793871323,8.765035926975646,7.374195192176274e-36
LURAP1L,33.63479078841394,2.4810210516039594e-17,2.677868032649456,4.765325143252665
SMPD3,0.0001498107087003029,5.52936015748615,9.138959419955984,2.4351904390019733e-17
PVRL3,0.019190258481873435,1.6519405216491847,2.482483523961999,10.281188140904717
AHDC1,2.7691205925090836,1.472015445590508e-05,1.728072022305151,7.610055062980732
LOC441155,1.3069537066078807,0.003266884486798589,8.195789784399823,0.8268068013383478
CHGA,15.438161940818071,7.815719897811309,6.545784885149785,2.4199833224912686e-23
SLC22A4,3.927355108164053e-05,3.5620427870734783,3.2132217507048635,9.713276911688478
ONECUT1,16.39874521845535,4.744651078210056e-09,7.632567667785635,3.719018881823124e-06
RSPH9,5.067740945686619,6.134091937386663e-22,5.206059318330929,3.5584450446534484
CCNE1,9.997361048846086,2.8905222894103133,4.56045558614854,3.659975394085572
GLIS3,0.001769093348914993,2.8384005377790657e-10,4.110014548436092,8.82544815458578
ARHGEF37,45.672661125776195,3.54208813184024,1.5743627674349763,5.436879084650178
PLEKHF1,13.251726786499907,5.823394265508917,0.009271581189143733,11.370151816829493
GRIK4,1.3577453297177537,0.014603097037150398,9.41508141104137,1.9144755538573417
STXBP5L,8.468037204897577,5.168730515293736,6.663457641348675,3.3046160992898246
FCRLB,8.953252194197939e-08,2.0314362525589456,4.380530505642419,5.8635729341285625
SLC47A1,13.880218879768508,0.777270982305866,2.8878499746795487,7.100456702592372
TMCO4,7.359634799302878e-11,12.837293029038811,6.230494257469233e-05,11.325545393461477
HLA-G,12.259589105801458,15.483318256578979,2.0626937738554414,7.3863425911305045
RBPMS,6.342583108185175e-16,6.122574022043827e-10,2.484061101974281,7.969436077097583
OGDHL,0.07264593001764856,6.68443835170713e-08,5.124356429176603,4.4248737955654
EPOR,0.0005193438825166819,22.3851835707369,2.4537846972268396,6.884649618065237
HIST1H3H,0.00021058743539335362,3.3582509798467712,3.1368173423297336,9.309798494194364
SYNJ2,43.704792947135964,1.0432370047574114e-10,0.20234660470878146,6.664527863293449
RPS6KL1,3.302340502271748,2.368255779948715,11.293776052594227,1.8817894316940038e-21
CCDC169,24.088823744717153,1.0824876242015621e-26,3.330353461407325,5.465568815176762
MYO16,5.413357038069203e-07,2.599526796418455e-17,5.874394824613802,6.061312580167557
PACSIN3,31.709401910658357,1.8037858893718038e-07,1.3742492827068957,9.435482663413454
LOC100505761,3.9517494126705905,9.546845893389483,2.9966265572534345,6.745749764449191
BIRC3,8.679583173626149,18.172741296509297,1.0961735593406903,4.262561481256653
LOC100507433,0.20561021822646752,0.0004626577939475342,9.618718444765511,3.8914521970226397
PLD1,31.62461551497341,5.276931840086924,1.8741254834228123,5.668849561231889
SRRM3,7.5054590519078594,3.6237515538741745,7.324769250458472,0.0006108609875142367
DDX11-AS1,12.903054972988844,3.09520021253379e-05,7.690595231344774,4.3537113987712805
EXPH5,3.4614469813530855,1.951352651466656,2.78968510879415,7.436102754058913
RHBDL3,9.370281996814606,6.464029670130277,4.5676134497769985,2.7486838968789242
FUT9,10.985203676883843,1.9927007056812447,8.914982763641968,1.8956840574839422e-07
RNF150,10.437886797070556,12.148953492527047,8.742914561851995,2.6446253244325177e-17
ZNF618,1.6432649932417286e-08,10.438983497667548,6.01731380242417,2.5111611852826083
KCNIP3,13.50581966487573,0.004855463966032035,8.838960480457608,1.7542886100488112e-20
KIAA1161,2.661394580859746,6.983736321088469e-09,7.606928239093101,6.0058128820018855
OSR2,13.476388331988762,1.5443169103811856e-12,3.7426583420461155,7.641121529537447
TNFSF12,2.2531439835511615,27.577084844296227,2.380701967032541,5.4486810385337465
UNC79,16.06182981153892,10.39639094212713,7.213203367384474,1.9297302872068762e-05
TJP2,37.62491027677819,5.700806844241895e-10,4.728010613591706,3.6048849160975482
GPX8,4.102861545777129,5.218077436684362e-07,0.5530100803615364,12.122436203110173
SLC8A1-AS1,5.382257335276935,14.637475625196203,4.225534784928884,6.629585590111804
RGS7BP,5.673369978450576,0.721441009050528,7.990173239801016,0.00011804810147129899
LOC100272217,0.0028799331461131224,0.8016231599906251,3.536221872999045,6.729147772219348
MIR3682,0.5159420247196684,6.782009597526552,3.5762211225483025,8.866256602324476
ZNF726,8.776258765126123,4.676102037580488e-10,10.167720901635484,1.9881344643498344
LIX1,1.3476145692436168,1.5856023550392098,4.481484827212382,8.916908238580394
RGS5,10.316477346050426,0.05653128573778134,4.8918776261607055,7.715312851297641
SYNPO,1.3508670187464904,7.269328642396168e-06,3.611018657701771,8.130321351388806
CDH20,33.409141618363456,0.0016273729130862665,3.2949032243235292,2.7162575348476783
LOC730102,0.7872966468955608,20.553686570900734,3.452487234411873,3.541606574440175
HOXA6,12.701765230636612,4.4432662873387105,6.374133875569244,4.256995620532478
ZFP69,0.08514819332429241,6.4081792856216175,9.58165892734414,9.962527320046373e-11
PLD5,23.88999376657338,0.0003906811330444936,2.8070889510013743,6.723130709244024
SPTY2D1-AS1,21.979406168122537,7.662911911539658,3.795869314998313,7.34048307640428
TFEB,28.893910100210185,20.255279420821278,2.1216640753717213,4.182630672500772
TSPAN18,4.390826421621512,5.47862939867417,8.738421623278992,0.001782502759359322
UNC5B,21.321189470118117,11.837133096067602,0.48454357756894856,8.025285036010926
IL27RA,8.26730994010376,10.744043684704048,3.2308866749619587,6.750155545796596
FRMD5,10.32605997264695,1.5199192363655688e-06,6.560181197082635,2.3874471860088513
GARNL3,6.9544704248348665,5.863370010175258,9.812012160095088,1.5112175024476242
MDFI,15.135742937629642,3.3845339312017906e-20,4.909298676101741,4.005537428199474
ZIM2,2.6454774824325717,0.0009418125607501045,7.608500061410635,5.010554378755705
STAG3,8.980564206396492,15.265364152098988,2.7261090888489403,3.409183277189568
PALM,4.3559307874491005e-05,0.0070246988075078265,10.348984835711802,1.1212111531490682e-09
ARRB1,1.4456182814356568,14.510270525043127,7.7476291191038,1.7567997765707586e-21
GSDMB,0.6285105054088116,8.47968147265463,7.2889300116532665,4.5617861289245685
ANKRD45,4.974367451262243,0.004494698008291447,5.04040118923709,7.941519426048161
SBK1,0.009957088880496704,0.09632228599816499,11.04551079819256,4.729719405275153e-15
ZNF710,8.346792913662965,24.474652180586773,5.033475751787777,3.147604055517836
ITPRIPL2,2.2053454011828587e-05,20.77951930215401,1.9923089623998143,7.510088076007557
CHRNB2,21.144053370040737,0.021217425499871462,8.547539074233935,0.0011218188876102016
GKAP1,9.009124978426408,1.6538007151262775,7.05068763126737,3.295365238568399
FAM108C1,0.00012858485766926135,1.7969387819954303e-22,3.5663309577363007,11.92738654952581
RARG,2.4316275827511184e-13,0.008353940826076725,5.704336320856994,5.032129290057256
TBC1D9,9.522874434061431e-05,24.290938253413472,5.706952404498607,0.12787410570434707
ABLIM2,20.199319605214153,6.967506619634853e-09,7.512438889908067,2.8814417194316118
ADCK2,3.5291520271125734,22.95489065302132,2.861974589553351,5.744859716420056
FLT3LG,7.0020261608808845,9.939912667109487,1.3247164555412922,10.943558295695611
FAM109B,3.009024261055987e-16,13.04089348870378,5.6801902074428545,2.427300990137118
CPEB1,30.17928536335928,3.205916023359093,2.2140308800483934,5.756694208324203
BVES,28.095089031957137,3.7748274884094637,7.302387840583099,2.657462216025147
SOGA2,3.4043256093025227,3.332998935583343e-05,7.670681306744841,4.619406625216093
PVRL1,13.09146038363492,0.003984566187760496,10.358290208908217,0.03863919249521471
WDR78,6.116869714522191,0.7891853934461466,2.348946656417844,13.38822423098951
LOC283761,2.838561165550702,7.224806063671771e-18,6.039418857758026,4.341291689074355
EFNA2,1.603698886794569e-08,1.468755225640953,6.311599071747764,5.156365995925427
FAM124A,41.5500498254127,1.029991664248164,3.210586025159593,2.7117591212936176
FNDC5,13.060140177265685,3.326203935414461,7.8598634867876775,3.8095809114840753e-07
SNORD32A,0.4866774967465122,0.7463022679140565,5.892040859231737,7.940386422372079
LOC100289187,11.338836299614972,2.1184254672482196e-08,3.0195525663280094,7.391020116944058
NRIP2,30.57304156824737,4.115785100810942,3.8317701667617405,3.0736707187464165
HIST1H2BJ,13.051650075791743,4.78781654114184,4.068741415932065,8.830366304036437
NKD1,15.875587756965125,0.012700656535365493,10.476523806882035,1.586584833863971
ZNF233,7.719158021814689,2.0251275543954348e-13,7.92889539727241,4.341474594198022
TBC1D12,11.931250717683412,21.61730745851873,3.416731822964181,2.203488508608142
PKNOX2,1.7188091859101493e-07,6.944709339749876e-09,8.846220191876203,3.7855199338710275
VILL,0.2512636434490848,7.648127015909296,10.264767668969737,0.32749025666592063
ZNF813,4.41968985137986,5.9071827693476076,7.515013130424712,5.720418213992957
CREB3L1,8.423820795730254,2.2422608720008105e-11,2.219500346683997,9.941814845876777
HIST1H2BN,5.487756686090567,1.838345109539826,7.278783079782407,5.060775898557874
EFHA2,11.709487255151608,14.069738077183718,6.134294015136868,3.8664109523471337
FAM188B,8.89017076203655,0.00241993666892323,5.207403796689407,8.855337115646075
TRIM69,15.538377046053622,0.0003999356674309329,5.599965449885995,8.344308681439056
TBC1D2B,1.0275686273461006e-06,23.17840988303667,2.714947203924254,4.433516790257221
TMC7,34.022570808491345,3.1733132796881542,4.415434974255329,3.9832288859286207
WDR52,21.40869530999967,0.4930393832690585,2.574138157704294,10.625541718942607
CMPK2,6.0611401402314895,12.29360888442377,6.544756648532865,2.8803102680820505
FLJ35946,7.653304148358449,7.50221059913943,7.841172891963348,0.33106920969100634
SNORA29,7.513350032829415,12.867908126362375,4.647843319909562,3.836189092444185
GRK5,2.1290225856275475e-20,14.99504724794115,6.855578281463516,1.27458460436077
CECR2,25.654032861909894,0.005815601205785651,4.371310266022651,7.865186447700481
LOC100289511,5.964920337412132,12.412957640811143,3.826344500696296,8.441290387436352
S1PR3,11.107323399200045,1.4120810596187667,3.475438591323471,9.211350175472747
WHAMMP1,11.871672161904362,13.147249345781379,3.145817008857562,7.552166723838106
UQCRHL,23.76938876139007,5.860397193252412,5.344485465731044,5.349661465513471
STAC2,0.695064375650723,1.130635457118389,5.936781678661793,7.194546206523241
PRSS48,8.23363443339072,8.863879859117259e-11,9.377556193116101,4.951151853148343e-14
CPOX,32.10702163644693,6.3759570961666245,4.793940481755888,4.205774315435566
IQGAP3,0.018380648503734914,8.84117417634859e-14,8.132003352057442,4.742333448726451
KIF14,0.0005264947329921864,4.3461628123690216e-05,10.431797427010915,0.9083848292570001
ELAVL3,0.05253405336718476,1.666543111248833e-08,12.49075254441117,0.0010426672746060629
SNORA10,8.483657003299362,6.780274345205098,7.551958678786227,2.7269184060136435
PCDHGA5,21.26545523465926,6.208490240301787e-12,6.648971203820998,5.41483255648364
LOC100505679,5.113818664375062,0.8029567258134562,11.379775533653628,0.0016525583234441206
REEP6,0.864635302155082,1.8912709561432752,3.5865955516055554,11.262953928095637
HELB,0.10010015939944067,6.00899392487459,3.5963341020218933,8.45459281250768
APOBEC3D,4.220023870193738,13.527115708961778,3.637786562195919,7.722813254375579
SAMD13,17.81485282815257,3.527869913473408,4.899062462383943,8.434212184886986
SREBF1,29.780162469320377,6.363859205419298,1.4600087557666843,7.546314055364795
PNPLA3,0.060142129603284106,9.1051108768434e-05,4.627002015849633,7.271698289396409
C16orf93,4.1400308803385695,3.245282888841211,5.875697785020227,7.19600066356855
LINGO1,4.63855385285029,5.257007802930719e-12,10.55927902457809,1.379602498721027
SDC1,0.509776502643556,1.6101736416782376e-07,9.736241527060379,3.779617217535803
AQP4-AS1,0.23235013356780035,0.35393175885548417,5.316513312101098,8.421231074145336
HCG17,0.0077203860733994255,1.4727930697124524e-14,9.59626547815789,4.1551496559239585
DNLZ,0.0001648711802887959,0.24536331519198326,4.580172913706274,7.1686739976809735
C1RL,1.5545028369235216,10.360031010856547,3.939475252346483,10.387396299735222
TICAM1,5.692524205732109,15.295356751242268,2.2031863533691625,9.84980302781163
FAM86B1,0.011045824934235456,1.7653826867736566,7.424823876053271,4.8063660764416225
ZNF497,8.98155367569421,2.0034096250431213,6.39639160062797,7.958207112018567
APOBEC3F,6.793004886890109,11.538601187749418,3.3718421087064065,10.185659116716865
UBASH3B,1.602436918654055e-07,9.911981298302887,7.069528165034265,2.4216366059647374
ZSCAN23,23.36124122263466,1.620866739034737e-13,5.992019602707947,6.523706136996641
ADRBK2,8.275099455981792,21.428453476139865,5.317115757224586,4.738813473800117
ESPL1,0.014203208015110274,9.35657165967884e-14,9.368650122928221,4.148331361579327
CRYGS,7.130125370329237e-06,3.4173968195793956,3.6951518101923826,8.127666629703572
C21orf58,11.66440594551725,8.661953316739327e-05,6.08008829695213,4.935094960821146
GALNT4,0.18555345401335255,6.915888816868138,0.27514489653392404,11.64547135808884
AGAP4,0.13232701194321117,5.0210829024293755,8.37295820417071,3.6841905124686494
FHOD3,2.46231886729168,2.0158478851254895e-11,11.064240760351744,2.2828318820069984
NUDT17,10.649276666945468,2.4891505237318956,5.358731509380864,9.236253513434203
UCN,1.1391679938596868,7.956294284280201,3.4159346260020333,7.488420642317126
C1orf94,5.064206716300248,3.459639735878075,6.43207388650773,4.080629546767823
C19orf44,0.5404539521298388,0.598000987554493,3.063676802302631,13.677838932345638
LOC653653,3.70262306938122,2.59007658040236,9.632137616417003,3.628812253355583
ARHGAP26,3.6358159019109952,21.891329757496123,2.8755231036432813,7.149109166411026
PDE4A,1.874415403680873e-06,9.1482853995937,3.5730491082235023,7.126409901891099
EXT1,0.042307334435502345,2.450524150883949,6.774958327614604,6.793521820016282
PLCL2,0.00030754806933125053,11.098765609813317,7.780283602852041,1.7108974724740893
ZNF833P,4.67668678583997,6.098779846338195e-08,7.513792348294793,2.974356118915709
LHFPL4,8.432090951183772,3.0478696306570856,8.950941750369612,3.3692160595416456
SNORD25,4.914841634117823,3.707591964435685,7.063798960317597,3.524240650306833
NPFF,0.2825909019697347,3.617105292384252,4.5405355864760875,9.311414293721343
MIR4737,0.6271808919157251,3.9150224460794014,7.406937478071022,6.772949018084657
LINC00173,8.196981884069833e-08,0.047522373082222145,8.060687418351762,3.2511129520328903
SRF,3.9969250281208057,3.3392445569777154,10.907912368900192,2.2307532459708685
PPFIA4,4.17500389966055,5.254049547673514e-08,7.703918572147707,4.454090550663858
DDO,20.02932916690176,0.7619320778507394,1.543952684088395,8.423695664468067
IL12A,20.257962906992514,3.9235454588870346e-21,3.210456863227549,6.828526077778945
NLRC3,4.728177022806009,7.16220644231861,4.5988173517399344,6.9690355796977155
MTFR2,3.840651119343289e-07,0.0007173156132776295,9.30046897877964,3.227469426430402
SNORA66,2.7449957343708453,9.238992360937974,4.797254009709577,6.081361685870879
CDKN1C,19.568582703708216,5.7097701254835656,5.9830803163819315,4.789823292250023
RAB11B-AS1,30.930382168212322,0.0010060970341282316,5.832786193553917,6.010505773612539
METTL1,3071.759264154322,8.144685489012705e-29,3.7878958223382263e-14,2.1492496375703983e-09
CD14,1.0713584755902301e-11,1955.2662248558993,5.250530956614862e-08,1.8387138139780434e-07
HLA-DQB1,1.32268724500159e-38,1585.290452445264,1.7191337551292952e-32,3.0038475202622024e-31
IL8,0.07413712596074969,1527.876546894265,103.03204691862562,25.846901719951102
HLA-DMB,4.434401414159052e-19,1726.294270238515,3.729895872591158e-16,1.8321262549974006e-13
ALOX5AP,8.30563258067632e-14,1849.9682564910236,2.3322943206451784e-09,2.716816386236385
LAPTM4B,1.0107498100625623e-13,0.15294264020469261,204.13915422379705,97.32801825352762
DKFZp434L192,2.3902071361198296e-13,1.2409031024328284e-177,3.269860342631591e-07,196.69814670524968
B4GALNT1,725.7903927789756,57.86211911187962,173.9026856805316,4.0791069871742445e-37
APOE,0.001296016349764932,1652.9408387971719,62.56454154928884,53.02096484419255
YEATS4,883.8745057779493,90.90566730944252,182.24238580927872,1.0967898605394381e-07
QDPR,2642.0463404315105,0.165510079851685,153.89052207290865,106.1012312173477
SLC35E3,2625.621430666827,4.386309972235386e-15,1.773095411950055e-08,3.9277812113791614e-10
S100A11,8.270335332644788e-17,1582.635036255437,9.629163959186859e-08,186.62100526473125
APOD,2026.9809126809294,2.3415931372580654,281.524564949141,10.946926350996826
ARHGDIB,6.272455742876165e-18,1506.8259510895339,4.2834740567836146e-10,68.734948078033
S100A16,7.358461384868913e-09,0.0005308136681201159,1.2687145981171115,742.5297174027409
A2M,3.5674219324362224e-05,1469.0272324447858,49.651378077916604,130.35395783608908
TXNIP,463.2664820720469,924.7960351162421,120.92388089310872,286.18303103919754
SGK1,630.0755223702074,1298.9380518657904,85.60483996830442,83.92241365525321
CNP,2332.015095007277,13.971016123954774,145.79299483062954,145.17918786520545
RBP1,65.14078298499277,0.0003729796994878871,576.9875893139553,0.03851871395055574
GSN,1220.0891661990252,781.6026941099749,120.2588917608171,115.08610825909174
DANCR,480.0321820582209,59.4284631040107,361.67697180145365,78.48182867647166
GRN,0.01977809229524376,1267.0580334634833,52.71483168329296,244.51519225782397
NDRG2,825.7843359206122,322.56891493658037,32.455384649842166,519.735053173177
HN1,163.53207181363538,201.52849009137782,585.7664399008418,1.0767058380292427e-07
PPP1R15A,32.7936644753645,570.6522760201951,88.41486152834393,502.9386477845033
LGALS1,4.76779407107355e-06,304.6292788343657,103.97533851648262,538.8142020831957
PCDHGC3,287.98181451345556,1.6131140703166437e-07,356.4136851193453,402.8275079585056
HERPUD1,182.61377930300648,1049.4632711739735,96.47003334895336,319.0918946727923
PCNA,412.9961121188024,0.00365279119969879,424.63402328126614,275.80510127177917
PMP22,1385.237058393539,61.83894203665188,53.37511371287053,619.6473175122317
MDK,8.347910911097573,3.168285893320844e-13,398.9988362397964,241.65609569556122
BTG2,1057.3997567617553,1025.9801988188865,132.99856944358848,216.7319254997779
ITM2C,0.2884952824318435,14.129213656319566,295.3259938086434,271.38436296068204
S100A6,1.009627677949957e-05,314.9558957944413,138.7471592938605,476.477793439061
GATM,436.86066404475844,0.4423339715914593,132.81640954880996,453.0396033475796
ANKRD10,285.88599332561296,300.8003161807452,89.21680387685291,534.6807585466277
DDIT4,333.31686656909386,380.22848457440995,107.52401999745685,421.32178277179304
PPA1,585.2302574071041,193.62138300410263,538.7968380133286,32.62266069806734
RPS29,0.0017912760992892247,431.2283822023573,314.4607230406935,356.9662205504621
SOX2-OT,1375.0105849419208,0.17426379072798057,300.83166029116836,253.22142994443377
CRIP2,799.0574548542946,2.5851983463826664e-09,242.79231125074799,332.4862938114407
ATP5E,9.616856855933632e-05,423.8673062253473,314.2616847660831,439.22378677771616
RCN2,6.973766582677142,0.005450773133328662,454.3427550085825,164.9835916107153
ATP5C1,0.176427177376927,169.0299585479861,487.966445612058,294.0018292849866
TMA7,0.003940895965603454,257.3512858162227,329.7832318295472,435.4852310946259
PPP1CB,32.122114206738516,202.2755933124852,218.6690155490972,474.0528180054053
RPL34,0.09704735512409589,513.0554495657314,397.6619199544106,228.14103313292333
PRNP,712.5839893660069,394.9634592391086,239.72843937862828,356.7030914597022
SLC3A2,279.36591525683326,150.24626378895155,204.17800873183864,558.2820222751717
PKM,26.0520275329763,169.2562412016216,245.78502232826955,494.33592949261543
SEC11C,374.47925959867297,0.3791017424650013,441.9503600003766,169.10338529841007
ZFAS1,16.054190361392536,55.33115297076444,297.71184031360207,404.5990981113664
TUBB4B,450.4061985147526,3.7903979551442855,439.8339506827378,310.8134259838722
LOC100190986,638.2573906647492,527.3851769415113,213.25320995649304,323.2961546309579
HSBP1,251.31164816161152,152.28432057427355,509.01518569526263,240.86989428219502
C11orf88,9.374869621745079,2.776815119450217e-29,2.4365223370745383e-08,0.5956167346354956
FOXS1,1.009033210545694e-18,1.2985677380575482e-43,1.3925681550794253,0.43985296985602756
LAMA3,6.129574806738037,2.7125215367757407e-35,0.6063645744041832,0.880547538908499
RETN,1.9351762709305857e-28,4.983519424383619,0.8608226378179196,0.021885110160949857
BTN1A1,6.71245319351494e-33,4.6021586300211984e-74,1.9752082035270184,2.209072848306515e-37
MKX,1.3635066497231072e-26,2.609118716943816e-35,5.723141791170352e-10,2.6695214464820993
PTGER3,3.3930947258843404e-24,1.3285558734473462e-15,0.016918164636037767,2.872701763690066
LOC400685,6.010519120033181,0.9007948768254317,1.2137673580412012,9.017496505124385e-06
PENK,1.3433873449929319,1.1347337328275113e-07,2.325962061263161,6.27844976837971e-08
RASAL3,8.794041257354334e-26,14.31935700454197,5.651442778723094e-19,5.096322297305476e-13
MC4R,4.260369928498654e-41,1.319158728791359e-62,7.094539219435147e-07,2.4381406085662425
GPR114,3.554043366560273e-29,13.884876489758527,9.61546674600631e-12,0.0009827224962317032
COL26A1,1.5376894768880186e-48,0.4748840522279775,1.3064329020821863,0.8394706085358152
RIBC2,0.24164049365592424,2.756423852522605e-17,2.2037798294438637,0.5556507255308654
FAM183A,6.633240124384926,2.0780797729869937e-39,1.1359948630399962e-06,1.046620608330557
GFI1B,2.835376581449183e-05,2.913564188128229,2.3188135795602857e-09,2.3272367169501353
LINC00565,8.128500212195077e-35,4.904678035774277e-25,1.149077757729312e-19,3.3342704339425655
NGEF,1.8573775688608234e-13,0.006884459309810035,1.1049888040947908,1.2195402897269734
CCL1,3.6086670929107463e-68,2.2585841799448994,3.8209271345705554e-70,1.8710794625304938
MIR941-2,6.86809840403301e-20,2.6835659175523997e-21,0.11522934512548513,3.4360945847378495
LOC100507206,1.4600628018287404e-10,0.00025948436845321763,1.0711840978294012,1.1192770459641015
CRYBA4,1.2431879722766337e-30,3.4665710261071032e-15,0.6858038789798587,1.5395030213288516
GOLT1A,9.911470399721764e-12,1.6788006368402265e-33,1.8831999966375765,2.0240440905961287e-31
HAS1,2.278457492955211,6.370792943620333,1.3429664021249768,0.0005048708768368241
MAL2,1.5072227432256002,8.68315745185134e-58,2.205506649167419,1.3530392205756864e-30
SIGLEC1,1.0941552020203043,14.09211106254881,0.13884351850038457,2.99816021675097e-05
CTLA4,3.887824853615711,6.669201624404187,0.28811156940853694,7.663640952733147e-10
C11orf45,9.94614624982682e-09,13.617420143389165,6.103296196418022e-11,1.3058054286971987e-19
WNK4,1.3617162340541817e-19,0.00025179851002933107,0.5956048694964162,3.290578957454995
LOC643201,6.696254215752214,6.849939636253821e-27,0.4867085920428238,1.0091758204568175
PCP4L1,4.34275671936652e-06,0.041731475684777225,2.9601784168580805,2.7505829260955392e-27
SLC25A48,23.067165643443264,2.83691617731714e-25,2.0408185459805408e-23,0.32935675699310946
IL17B,4.80163359794203e-09,1.3324457861644665e-24,1.201293197370099,0.5137952011001732
NLRC4,2.097723501464995,14.826044030416112,0.00022226811611216374,1.8509232207072367e-10
OR4C16,2.079015800995213,2.374754997692849,0.6119226724829382,2.915431888499045e-25
SDPR,3.2767814733211716e-05,3.572974631151221,1.4933603302936358,0.9409247465696351
DYSF,22.111450628326676,2.2390273101697664,4.041634274414168e-24,1.094841237784176e-05
VIT,5.743954105732092e-29,1.4505266513594427e-09,1.1815593547393162,1.5566446262689735
GPR141,0.08263224394034056,14.067621673518785,1.124323449989143e-06,1.8029691368538334e-22
OR4Q3,3.004405965992025,2.1830699576609085,0.7654496115267803,6.554740802736975e-06
MIR941-3,5.040502805131321,4.004412433575053,1.6112911791957336,9.455640256527948e-15
CD28,0.7934314867974425,6.347869731590248,0.4467227513374519,1.585661861398297
CFHR5,20.076249057586466,4.1216566442334826e-86,1.4095335385699538e-42,2.1292416189657842e-31
SNORD85,0.013957161844859367,5.364518064732262,0.5865830656069362,3.644112339196477e-28
GLYATL2,3.1340330913584214e-23,3.4301283442717014e-11,2.5435689706684554,0.46615649247615926
SPINK2,0.6439515477971047,6.530557799634609e-15,1.0267263369663076,1.546671243538375
OR5K2,2.358272022011987,2.444625451117823,0.5591399329993507,2.6855851128396788e-11
DMRTA1,5.4251537204175255,2.652822390978694e-12,6.861897711007963e-21,2.8424368660734856
HORMAD2,3.33610212154779e-14,9.023538997597819e-18,1.987712054445955,1.437561188833715
LRRK1,1.1761154137284939e-10,13.457407420185481,0.1953653213854296,0.002664585018428932
SNTG2,3.0376130143588146e-65,1.9413085911710184e-09,0.9028496315694768,0.4669402113403194
TACSTD2,0.09326013581913521,3.900263872989771,1.1690908064121341,1.4746812506174037e-07
DPEP3,3.351239859413137e-40,11.694097020880061,1.868216347932578e-35,7.915230440945055e-15
RPSAP52,1.2334030189018755e-10,8.96279566839919e-06,1.9123483664815628,1.138033366364204
KCNK5,1.4132179661431017,1.4238110311648384e-22,6.725122808021687e-06,4.3271629126694116
TEX26,2.6630671734249627,4.3916237029946824e-24,1.1886573721184839,3.1083780702752657
LRRC37A6P,1.5600300908027658,13.071314103289644,6.958818572210347e-11,1.3103736242409594
CNTN3,7.656748501051012e-29,3.856322986149643e-46,3.007533842545436,1.381783342754657e-36
HCAR3,3.960325331878244e-09,11.145390875302958,0.9338009567331186,1.5300128908736855e-25
RELN,11.170148492658258,0.6822959634744438,0.49350743894135674,0.4109274908758861
FAM131C,6.2109683063516785,9.804198694270991e-29,1.9031189767138523,2.409580613629673e-20
CCDC153,1.5331327682582547,1.593124052577464,0.006321400830796425,2.884716395330378
FXYD1,1.333967238138041,1.3536786368744513e-12,0.3630236463566101,3.0823844195322985
FAM159A,9.251794597971223e-24,9.977664554154947,0.9071026416736941,0.0022299805411073272
TMPRSS11A,0.001773730936693657,2.685601067240834e-07,2.1691447598060685,0.10342172405591792
ZNF733P,3.563572041394561e-47,5.493859222117545e-48,1.853435501529807,3.4250607198457616e-46
LYPD6B,6.708581829101127,5.058319973853543e-07,1.2572876931060335,4.074103673806442e-20
DUSP27,4.208748181252831e-60,10.974012378776871,4.0042491084470947e-29,8.260120309242712e-30
APOBR,9.279782140176749e-26,13.180705645270667,1.0214717461101224e-06,1.762461568879064e-21
ADAMTS18,17.83413710647952,9.494015417691121e-13,0.0017272601114573431,2.730580042228283
ANO3,1.4107853791749151e-19,0.04509955952208707,3.132839225204997,4.053018373856233e-30
HP,9.127238629289879e-17,3.1879770313780336,1.5141397926069078,1.817215039998006
ADAMTS12,1.4678377751499064e-05,3.042130552971767e-50,0.49158347980067707,2.0175281151151703
CYP26A1,1.0338744941701501e-41,5.760847385642845e-53,1.700891197563513,3.0224616826056954e-15
HTR2A,5.032262949431435,0.3270675743867183,1.456766366348517e-07,1.8220168385498725
NPPC,2.610601062493766,9.63769662201222e-22,1.0673100513796145,2.60130212869808
LINC00323,21.65369447201526,1.420409950097712e-20,1.4043846289830092e-09,3.456150088612477e-14
ROR2,4.922739121515245,3.3782040249711227,1.6364294528517878,3.024213641088641e-12
LOC255130,0.9833251496819511,2.6499413347017793e-24,1.4836598553297535e-14,2.418738993937238
CHRM5,22.21844295939539,4.922434476397185e-15,0.0032576395564614703,0.006579462077318485
ANKRD18A,9.64813188852876,6.894744585304602e-08,2.611645663623642,5.6278389217464825e-24
TSLP,2.2306216442284642e-10,2.4727153017215,5.793847650901641e-08,3.1048969931851977
LOC100289137,4.8177494670288095,3.0506939367738093e-15,2.572477669094109,8.446355935656453e-27
TSPAN2,5.539635660211236,0.6235397749035188,2.4976346233856948,6.7925028706650974e-18
GUCY1B2,1.2851087160465113,4.651379621626034,0.768693256669882,4.482648078068217e-22
CHRNA4,5.4137738835975135e-09,1.4753912511831544e-37,3.0933555028963005,4.972916734422266e-39
PCLO,3.455943628484363,1.0634278073915588,2.3767432578830423,4.635653569759048e-21
C17orf72,4.194186336304314e-31,3.1753070382928182e-28,9.619914165930263e-19,2.453713344731495
RASD2,6.678304280893033,0.0074778323123559625,2.780094164208005,2.3558118032114628e-17
TAL2,1.6099706574298909,1.5693641552932868e-32,3.5951674460607816,2.604243004407922e-16
KCNS1,1.1094218932633242e-14,2.3935118263949843e-15,2.3996109447856457,2.1054574529955818e-22
FCRL3,3.6634998296188234e-24,10.135643538058794,1.4932825114980567e-22,1.6304611055190784e-41
C5AR2,0.10229585262736282,8.708420769152818,4.4316983021505614e-05,1.7348359455882452
SLC39A12,8.301550710647694e-51,9.59672939401697,1.591503711743071e-16,2.1942982767547896e-20
C22orf34,1.001511800278583e-13,12.587915843996292,3.517816630897208e-10,0.12259950195503573
IL18RAP,2.6088098840048227e-45,1.289724677870525,0.003284280935846532,1.6665021717052853
RASAL1,18.727935686097258,1.7915261612983499e-34,0.0002047981860833154,0.5370015937316467
LOC613038,7.076450677760657e-11,1.9514453776257255,0.0007349267530894294,5.084079150566243
LOC388242,6.938140576620051e-11,1.9504764827911616,0.0007361995274421932,5.08503880763839
CDS1,1.2963792533510203e-11,7.238102257716725e-05,0.4325719436984824,2.219344873095702
ARMC3,5.9998135770705846e-36,3.2277146259538798e-43,0.0003398453898092068,2.0318474922024343
SNED1,1.9479790059681545,0.012211466540431202,0.8526937877583809,3.868533598405893
MIR492,4.192211775248301e-15,10.13775043307692,3.80268572236767e-21,9.423143502948843e-20
OR7A5,9.366523907399566,2.5871417595023742,1.1312810525329091,1.7196596142601628e-13
TBC1D30,0.13917747906081565,6.005814261631358,2.748225753877084,1.48972595360838e-07
ST14,1.444519742008088,12.310443543942895,0.49720130399055634,0.022454795366244947
SNORD116-12,2.2706097734743293e-23,2.107296732849739,1.9498115931281639,1.1176077469744602e-07
RNF43,3.6010853778951017,7.491151993881149e-23,0.08151414329366113,1.8038293736157278
TM4SF19,2.8638735972565086,2.531258585696797,8.141543659666708e-10,2.1225822925802538
ROPN1L,4.225599762864322,4.553227487502869e-07,1.0464818981603148,1.7914765490490403
EPHA5,3.0975173445279156e-05,3.4988487526216163,1.6173748061780064,1.992031556583911
EDNRA,7.794472808944587e-16,3.4301163496624456e-08,7.86574441855214e-06,4.015906542155617
TAL1,3.3298728944126905,12.382468803528681,0.020769322566703136,0.0002009183754508483
RAB6C,21.45038335618013,9.796013082537708e-11,8.146773134477648e-13,0.17228206747215113
CD70,4.813007770242539,1.6494449022575193,1.0185489480160217,1.3684029869287486
TACR1,1.0608224640585188e-07,5.711863188604235e-25,2.9595799220914665,1.0145195277670549e-11
UCN2,9.820848380931794e-26,1.613844554123437,3.1567150287095093e-16,2.009700545388538
DMP1,1.6600713395882372e-06,6.13342468748227,0.00924590905105662,2.490986678924346
RHOD,0.004358290782059491,1.1485320142699829,0.5577976042310179,2.334233598405656
MALL,0.7404292046574034,2.066835039056979e-08,0.8192763429866979,3.1141122205347886
GHRL,7.566617704970196e-15,13.291133990544422,0.8625842341230097,0.9661720926806738
NPM2,2.5368316414969513e-14,2.0804159875762074,2.6842547928869163,1.8921583155281134e-10
METTL11B,6.881987608935122,3.9815126941622223,1.159143645530594,3.324734589767902e-32
SNORD83B,9.550254317028414e-08,1.0862340980139953e-09,3.8709962061525305,0.3739405547146603
LOC401164,1.7409958296581964,4.0571595934209755e-33,2.0211680288242806,2.562250184596623e-07
ZSCAN1,3.966496452183574,0.035100215518153885,3.4068571531773535,4.4111331693094896e-11
MIR4426,7.871425544029509,0.38034598821893834,3.2823160979478474,3.726548867017302e-14
SPEF2,0.0012175809379948218,0.8847362271609087,0.7863405630236059,3.207567569318656
TMTC1,0.7667817871093375,5.482727183949779e-05,1.7317644936667342,2.778448467094904
WISP2,6.674006306151383,6.06285334839182e-20,1.6295404653617218,6.244957332749795e-07
VASN,3.624985094389875e-07,0.08437739115956923,0.5312559676393521,4.635047372377592
HSD17B3,12.456506137452193,2.558960173536747e-08,0.8679686598269386,2.181022004583923
LINC00675,7.535520894916797,8.497920887926465e-08,1.9744173319770741,1.8131751697196654
TMEM74B,7.678508651229833e-18,1.2188064490239783,2.2328947957311636,1.9390285328337473
HS3ST5,13.458322030017152,1.5112381675319752e-07,2.2588471393331195,6.274111009231336e-15
CYP4F35P,8.390094411585765e-16,2.5480272444737046e-15,2.8049687176650737,3.540959098113094e-14
ITGA11,5.670762499848478,6.188595165336284e-09,0.2959810591633834,1.804758222095767
MYO5B,0.00043330572755064824,0.00039551879445005774,2.233022744698398,2.7097585139440064
VSX1,2.110885491625561,5.945459118040859e-09,0.6078713597536307,2.732552308747697
LOC729080,6.566007433396106,1.124838987070413,3.0050509993602033,3.354147526230376e-07
SAMD12,12.586009565226002,2.0382897754454254,2.4245612507911343,2.240640608460012e-05
FAM225A,15.627871193432933,1.2292432794163999,0.003811916889889089,2.9949233502378387
LOC100506384,10.5053258614738,9.219200331762865e-08,2.1084583028838675,1.087038803808269e-16
HOXD13,1.4772149952880171,7.346694696384424e-11,2.312541081483851,5.5295218310317125e-12
HOXA-AS4,7.124342479742315,4.189878306093422e-15,1.9276347743096829,1.3373855580588571e-14
GVINP1,3.0531774299016467e-06,4.780109245105061,0.15297537904669142,1.582604230494882
LOC100506776,0.008868397162627778,4.837379063179635,0.8094268173403605,2.0747889438526914
FMNL1,7.259864022689706e-24,12.25629307480086,0.005236972615857574,2.748950125319613e-11
GPR83,9.297411933508564e-08,9.90269901060347e-05,3.1955230060365873,1.0615432895696222
CHRM1,0.2708855784913885,1.0166311906803875e-22,3.7092907615063777,2.572115789551411e-35
C16orf74,0.004713291427583251,0.4031202283592595,1.6651685564537169,2.4695197352356333
ANKRD36BP2,0.6101887857553409,2.0045599958492737,2.6339685013843006,0.7367090143925176
SP8,0.0008691458758237592,4.315990135271325e-25,1.7100599377390024,2.6361143028136267
ITGB3,0.11061128579266963,5.508367669990763,1.495508708753526,2.413902592938925
ENTPD3,0.017394709681182393,8.791469737334248,2.6493259148000274,0.0004997967751862765
GRM2,0.0006022353892387478,1.5897679938004157,3.996910391267824,6.174710976815941e-27
NELL1,8.029881098000475,1.0696745868876527,2.1795024809276238,9.580246994928242e-07
TBX3,4.066904344282275,1.5616891080881443e-16,1.7769457172687342,0.0004230613866666546
ITGA10,1.927552026456923e-09,3.1292210633941656e-05,1.85865987030351,3.3466760645951967
LOC645249,8.49196090879881e-30,7.011878590099448e-05,2.9824221867175407,1.715943484264608e-21
CCDC11,6.220579855902997,0.0023656185531966308,1.2125752368969045,3.2489835741560964
MBNL1-AS1,6.734792080642718e-05,7.156840284350202,0.18035603991118726,3.0796673063194233
SNORD68,4.417353816330272,3.981819561212429e-21,2.711024351072896,8.118369946177532e-16
EPHA1,0.06058081943302473,8.717553330391317,0.11984655080256865,1.480624682283069
A2M-AS1,0.255102877931011,3.577758932882372,2.707622100074559,0.8042372592381747
ENO1-AS1,1.2419033211332455e-05,7.584973271829517e-10,1.6239323432569959,2.0553307587752596
PSORS1C1,2.057938504175772e-14,1.1156281204527371e-10,2.155573388610149e-15,3.9734925083716015
SERPINF2,6.192690738231131e-12,10.899844580072784,0.21465582410644696,0.22463158478785455
ARHGAP28,2.5758087952453197,1.9306121827137217,2.9935217301867163,1.8220409547231204e-19
PAR1,1.043944549606944,1.6626276601254417,1.5108212203261884,2.3025606009512614
LINC00628,3.911709002471486e-15,1.3558879540935413,2.263235939564089,0.5467897870924212
PYROXD2,2.64189347653357,0.9609225672588261,1.7721104703026997,2.7030561962056256
ABCB1,2.1638907526528926e-23,5.502452663912464e-05,1.0406793272091874,3.1110110027145823
SLC47A2,4.0766565091505615,0.2644662820275393,0.30441422609916224,3.1718061763824363
GBX2,9.17512602148242,6.668467286271831e-20,3.174961231460032,2.633333130152049e-13
HSD11B2,4.9338088907736735,5.845701670131812e-06,1.329975209525829,1.8457070268186833
KCNA6,0.8317528753615001,1.1484269920162695e-19,3.939474428577575,2.975638257919693e-06
SNORD89,0.163696187025996,10.394938014571173,1.379403243241896,0.26029271701871326
SIDT1,0.6229853962600349,10.210300966599098,0.26802675526637126,1.6429120077251607
SRD5A3-AS1,11.92519044754486,0.8397929572713086,1.1603521927702665,1.467115762149067
PAK6,0.2999010564995157,2.6030336641449803,3.0419085160752437,0.5273513333570491
PCDP1,1.1385737566416294,1.6445096345283244e-19,1.8067960594298165,2.2645057620984828
HSF4,2.56289672334045e-09,2.2570416382463843,1.7108594139768296,2.8891302536798817
HMGA1P7,4.719169033150931,3.2083703963822328,1.905743861883715,4.0865325725091296e-12
MYO15B,5.953143819770369,12.782984326631581,0.8700687090604768,0.6406309833535289
DACT1,5.539707771102355,3.689297526815955,1.8944146609979955,1.237014616186772
DCAF4L2,3.11430946688157,5.588054941718021e-39,3.4194641230787823,2.855356759535073e-08
SCAND3,3.959076271684862,1.1563321151807782e-17,2.3892334779385864,1.9564109597471357
CACNA1D,2.3281725513327216,8.640253474633436,2.286281745868916,2.2269689178012657e-13
LRRC70,1.8095333955632247,2.8292162788419004,1.3416824963726086,2.429289944298277
PLEKHG4,0.05189803342917218,5.051057307020337,1.4243337807477552,1.0993901024632087
LTBP2,0.055827884565963416,4.395067525350331,0.4091680958539502,1.9930947673886954
ACADL,4.404279192770839,1.2882046938896762e-09,2.030016570717023,1.4907131639336346
TRIM6,2.277538789053536,10.411443864496604,1.4273705891891875,0.7912599553088152
LHX9,5.534607179844322,0.17867194336879375,2.5268930364537576,6.147618084037963e-08
SOX21,5.890752196381527,4.405299069808468e-16,2.3187479574635614,2.0554008882225054
LSR,2.717149038014409e-08,3.39580972246235,0.012881966177585089,3.4171917093834367
GUCY1A3,4.1064211476329907e-11,5.887771147414277,2.819747759391946,5.046922767400995e-17
ISL2,9.88140746127003e-06,6.00668480727048e-17,3.2981769177380458,4.192697016607304e-12
LOC100093631,2.0708485580132874,7.2445635240989965,2.580426054533443,0.005534031935968448
ADIRF,1.3381665600929968e-11,2.7102258846516786e-17,0.4076867762565807,3.152226241937462
TCTEX1D1,1.5506417162386918,8.174075806432498,0.0267182021206352,2.009439447119372
GRASP,1.2303290718008755,9.209716029842001,1.2490975313824306,1.933698189262411e-05
PIWIL4,0.1681403887672225,0.5070979497452673,2.5998134673595876,2.3525664088516165
RASL10A,3.111651100014567,7.067357759300297,0.9731221007703468,0.3440338481471606
HIST1H3C,4.003371382479909e-09,7.0218601511076515e-15,2.9583332623912497,2.3745152942268772
RGS9,0.02362433802822292,0.42131538697233356,1.692989646404742,2.039927389470104
RTDR1,0.007053945619132635,1.9265708322236348e-10,2.243660021695964,2.5169843799753115
LOC730091,0.019669583100527306,2.13244417329617,2.568956304245696,1.4700699386676188
LINC00854,3.3995829037469685,11.40599251988664,0.3023252339488591,1.4889149852603156
ST20-MTHFS,4.791640725713006,0.04412521373206136,3.4375680819233856,0.8920781791188974
RNF152,4.968569659594099,2.6153416207657525e-10,2.742737890456279,5.483968472488561e-15
SVIL,0.0019035294547662205,0.6311826584161239,2.045824514931328,1.7039639774526316
COL7A1,1.424269005577056,1.1226455736425394,1.3735667667462101,2.079308017887659
EVA1B,7.769686485663644e-14,9.94355626829648e-09,1.1528918754029527,3.068112619537718
DGAT2,3.023874649113282e-07,1.6667673549208382,3.1327099023201295,6.467674803204374e-21
HRK,5.358753058203458,1.6905029228213842e-10,3.9941052500138947,1.5118533798742955e-13
MIR922,0.0005483338635765136,1.0317324668412142,1.9536067699049051,1.894716951967085
MT1A,4.9934422292460174e-23,1.2013575175964757,2.1783723493193117,1.534047121828467
LRRD1,0.18532579761627824,1.1520519003504452,2.81376693715867,1.19550081232253
RPP25,0.000684918887064419,3.5647895343302456,3.512978614267408,0.00017972723829018754
RNU86,1.1918962855345168e-10,3.123137453664662e-28,2.049502099980452,1.4979442928200901
SNORD55,0.7251688233754939,0.8639721209556089,2.962712958914426,8.74811563186003e-08
HOXD10,1.4712398343665782,1.236249008448937,1.8728756949534926,1.688763564351683
SNORA57,4.184919672166545e-08,4.981048714802748,1.0079791079471516,3.5695100977980507
TMEM151B,2.9224997776373165e-10,6.156709508787415e-19,4.875817148841608,2.92949434391137e-13
SLC19A3,9.429706500093797,0.06434291873549043,2.5658329036490453,1.4008784743793499
TMEM204,1.7242877951512316e-09,4.911164319308093,0.6662127521578282,3.2051436071207253
ESAM,1.3721245167316602,1.1060426975755974e-12,1.2289323237587648,3.42475683257469
DRD2,2.308596504218975,3.153693360707506e-23,1.4816525511184804,2.1843834997183578
DOC2A,2.8299199392870893,3.2695028702239153,1.647155788403417,0.46088210516300604
SNORD79,1.2620483538586527,2.5788232739594528,3.081758671142018,0.258491947462686
ACOT4,6.886988638469242,6.622178686704097e-07,0.3791683798210558,2.8982290885857376
PLEK2,8.718958580699764e-25,9.962245930833243,4.613952937790118e-07,1.7409773355386273
SLC30A10,0.019283095677175826,1.59259273605999,2.462030553134443,0.004741083440663109
RASGRP2,0.018915018170286426,8.293276855820823,2.102259054334716,1.1856799637300381
CD248,2.3776728142648296e-27,0.001502280858142393,2.454310478927666,1.499323213855789
SAMD15,1.370130998632601e-10,1.1397885767123434e-23,1.1833914297195247,3.6771422588582396
SOCS1,0.05001457918202281,1.4813248112522972,0.6885603814166268,4.349194614881734
CASC2,3.1149626520579345,5.983996967477051e-20,1.4853867471173239,3.3646985695398692
CKLF-CMTM1,2.919807122853058,0.44780933168401565,3.4322506244619513,1.0608225176824757
HIST1H4I,2.2438731572710373e-18,1.4208667477073171,2.15805013572953,1.3813835990272365
MAN1C1,3.617626972297232,5.462578270388477,0.05785212110393152,4.328316210526316
TMEM220-AS1,4.017721222682877e-06,2.6565685603765603,1.5241871414401607,2.561723514188945
EXTL1,0.032977676080672466,0.006382519744781422,3.856171353194363,1.7639442152597034e-12
KCNB1,2.412922143766114e-11,2.897979754972194,2.959197937836666,0.03313081404008865
SULT4A1,3.611084406171551e-07,2.2240810942985427,2.4398797386229845,1.0290947066635372
GALNT8,9.410504781008084,7.179476482658712e-06,2.101264394778385,1.3971892223952618
ADAMTS5,6.774143193318777,1.9104088720307928,0.9370492347906957,1.9009319323493477
ZNF702P,1.0004246300913913e-16,1.0441519005998687,2.7816200022644537,0.2673024515791773
C17orf107,5.081344526755231,8.953268840804977,1.10499198466816,0.00013745384728230543
CASC1,5.4710681729152375,2.1741910851823416,1.216552805353663,3.08810926779113
SNORD36A,4.746529181343973e-06,0.6893494006672164,3.3023601643865885,0.8946873122987193
FAM135B,3.0011363261305717,1.2374942319751066,1.7475328660407161,2.117891943205369
REP15,1.2090754702007814e-11,2.887524662002129e-16,3.3041139574658023,0.10602321356487932
TAS2R50,0.010100400114236123,5.440238179076854e-11,2.0321212357170486,3.4662332458115515
NAV2-AS4,13.889465726096113,1.621639448557361e-22,1.238346355576965,1.9939939125423878
ABCA7,1.9500486487322426,7.6651686447672125,1.0843947607366666,1.951033004297278
C16orf86,1.22422990451034e-12,7.953525993809962,2.401500901005197,1.3726171569699421
ASPDH,8.648725879183797,8.373220724297003e-12,3.59209351903505,7.334082896607665e-14
RDM1,3.1380424983016493,0.0025942440772169905,3.246656866979629,1.5317581563520217
ANKEF1,1.9599449124740636e-05,1.3834950591867148,2.2978455263062822,1.2143749593649407
TPRN,17.518601972740328,1.0680429095137779e-19,1.2820493724506143,1.3253078526413393
GNRH1,5.868525550431914,0.7652341132893649,2.1001698489414142,2.7608483967017574
MET,4.5693657393132065e-53,2.8477490477423558e-46,49.50809036772226,3.760256587469676e-38
FCER1A,1.1446073402068551e-55,330.60264105561185,9.258290238552763e-31,9.830073082111712e-38
CD52,2.8421545771859656e-43,116.9314903901951,5.722088628284258e-22,38.68742051290391
FLRT1,1.4228775965842759e-15,1.3874464138265188e-37,0.04251498425985011,68.86422233719901
FLNC,0.3892776035338088,1.574607356989396e-40,4.082512343476146e-07,71.85439981659802
OPALIN,582.2063031804641,3.7126653998157324e-28,1.7548903682028174e-23,2.473744702545381e-13
CXCL10,2.4952230542226303e-16,54.386174454390506,15.044594105046631,47.59137887272581
FAM26F,3.119306981112382e-34,359.6233119756662,2.302929505299696e-22,1.631279533684273e-19
SERPINA1,3.2998584578336843e-16,400.0824507798926,8.468815452123997e-16,4.456980387900741e-16
CD48,9.531246459385771e-33,280.6934519866826,1.5950733245152902e-19,7.915169262182029
C6orf15,6.356421424216723e-38,0.17233698391992067,1.151840501550593e-36,89.80987445087847
CPNE4,1.1070438199894857e-20,4.1064021401447713e-60,14.949896476108833,76.46181441953185
CHRNA1,6.261960345551677,1.7216794010054872e-50,2.2257879146018605e-05,90.00178957210686
C1orf162,1.2946978972874029e-14,384.3659575676266,1.1382416086619868e-13,1.4261258784685985e-05
PRAME,0.026449321114361365,7.64500249748333e-52,50.96007912624424,1.7540796655145594e-22
PYCARD,1.9679145707620126e-08,369.8781417135788,7.1892957132319636e-12,3.9304069654526863
LILRB4,0.0016778898080151527,382.35494057759684,5.723860571173854e-13,9.427865386477457e-07
CA10,27.353017096655776,1.9410893736731247e-07,93.6500450456009,1.8562676237220285e-38
LCAT,0.028178235664854383,2.6605007494246926e-23,1.571064422873734,90.61802756405979
TNFRSF1B,3.648691607658134e-13,132.16252517073318,3.117641112408504e-08,63.21255393057221
SLA,0.7115306988702185,331.8493245007112,9.812980577591048,7.25800372496424
PILRA,1.7070491068496498e-11,356.2894932002915,4.476563416111249e-12,2.191799754071904e-08
RGS10,6.170916983016903e-12,370.63236003967546,2.11275313879703e-11,9.516104886019757
ZNF423,1.1315513979738855e-29,5.734755340651505e-50,1.5868588373907554e-10,56.538370038781245
AOAH,3.6785276772865785e-10,356.83359127408767,1.5018011875731833e-06,1.0684996174164002e-12
IGFBPL1,84.02209437884157,37.977315888978644,80.87137617837813,5.3708273081572564e-17
MARCH9,544.9754986573424,1.2038745757041368e-18,0.0002033909998670843,3.4334734008694665e-20
HMP19,0.0014768552662900447,44.495849837233,89.50356976573445,2.365664399351685e-36
ANKRD20A12P,223.62391830019357,22.58501292740418,34.06048287257027,7.507993107685075
PPP1R14A,591.0943208941121,3.210721195466296,8.36076988843961,1.032012594496888
XRCC6BP1,160.68480028495975,19.7604354960856,27.607926729878624,4.465333921861547e-28
CPM,243.85298979797494,138.68316877863435,29.81855545676895,8.785868304709313e-08
PLEK,25.735686543361762,359.6191400592629,2.710512370582073e-10,2.8404466389916267
SERPINE1,0.0009816339072172989,64.67870497232958,7.5907012780071454,71.93637525771958
DIRAS3,4.0271172177232505e-17,61.345178818905886,9.604227088866816,103.9756122530606
CHL1,5.920649662051742e-20,6.404129702355794e-05,21.75089650018828,82.75919431598551
OSM,18.20935733873949,299.9406905064801,9.701018372204384,0.01058877016562036
AREG,48.27118713003737,176.97247582350388,24.33646234617812,5.2603215422295015
FOLH1,479.12763060830173,2.0084120276548568e-19,20.815293459702545,4.40828247361243e-17
RAB3IP,203.1960626904809,40.85943622374652,55.65478408794162,1.993413126440247
CD2,2.4131774154888017e-31,99.96525222060585,1.639208794278547e-14,32.17732561124648
GZMA,2.0779964533647842e-27,52.385998477968066,1.492909668871842e-14,34.91553257726596
AGAP2,525.4459085513105,1.5585441769508353e-30,5.896788584949901e-18,4.55482846784937e-22
C1QTNF3,86.77893343899504,1.5385538278963593e-31,3.7764108497893223e-07,60.12508663779787
PLSCR4,1.8253565550830666e-17,2.5799974951006434e-39,6.175500101803299e-08,86.95768885378943
SAMHD1,9.025224924591128e-06,343.6545604358468,16.33802392736645,15.43979331532674
F13A1,0.3361005191987476,259.5016921419059,9.759738611868147e-08,16.187288626806495
EGFR-AS1,15.333337363998169,7.296239127531891e-20,16.92363377508339,96.65942982617152
C10orf54,0.0014615499375288056,348.308508769975,7.537967155931655e-05,0.001123319207252272
FCGBP,9.253951122601116e-21,336.74577271944804,3.417155353000401e-14,0.05367612719583252
ANKRD20A2,2.1678464080751207e-36,9.700175591075104e-41,54.489353418018545,1.8403987988268795e-17
NUPR1,125.85563045948223,82.02700054719438,0.002922659974405831,85.9126948002865
MGST1,71.54001662373958,28.74973525766907,0.7484744083724223,85.05946957137989
TFPI,38.325428452225054,1.4775980539853375e-24,28.28160237899006,93.19323656237108
KLRK1,1.0644109817297478e-13,8.225088223473774,45.38447895637089,0.0458782527865123
PLBD1,3.725499121560843e-15,302.05032196078366,2.0547050093966825e-05,1.7599231817142437e-07
GSTM1,0.03478197285233035,120.43398904594345,31.318373718539597,45.95508561988555
BOP1,0.5632402759688869,6.071518812663551e-16,11.75739179843477,63.385166779104836
TNFAIP6,149.76538369347523,0.0169792371585225,11.833040370620607,90.41241270942474
IFI44L,35.97728944107819,34.264187781864415,1.3166207683855862e-08,74.75574591488432
TNR,61.654787076253626,38.40375001542986,101.4769107372018,4.2459873926421264e-09
HBEGF,43.68628904271444,204.27792179206844,32.40467765376026,18.793327977529085
CHST9,1.2859560678454837e-13,1.7536401063565033e-31,49.336435340184735,27.0191799328177
SNAP25,85.90876460466268,35.848790877857525,103.08463558552756,1.6090714553909524e-15
PIK3IP1,158.8727414456652,219.23045653113786,13.780295430422578,43.388393776963255
SP100,0.9278346007414051,278.06871571206307,0.002838007800879035,73.75410152638463
SPRY4,1.6830105974292614e-10,1.364548628601807e-26,61.74916184037892,62.04576631106172
TRIB3,9.99241156742171e-15,2.973007731113735,11.294547141102399,98.4120727671163
PCDHGB7,0.0023962762494224637,1.481954584511297e-10,53.0052216236824,54.38282683556899
CDKN2A,334.95138712688646,5.060556680120058e-09,41.132929208238814,0.0009151240848246254
NCAN,101.64264165286322,2.1345484292736542e-05,68.07327458141596,34.16302068073926
OAS1,0.09056586519286158,220.28690537045722,2.4707253015560845e-10,55.01493211800804
NFKBIZ,37.103274094265025,137.21633262260326,7.313233135432948,110.4980829828061
CADM2,140.54848155938384,0.00018199726962907678,103.8324680232785,0.02565897237423884
CNR1,4.842894050371359e-11,4.765864948752067e-13,56.03195563806828,62.8326348169836
AKAP7,145.88625577528134,2.7525147222584934e-10,71.78085253973647,38.96737994800711
CA12,2.7883557369242353e-23,12.845649822939063,32.266140417799775,90.21935587521764
CDH6,1.346531835818529e-15,2.9768724433898303e-30,19.74746710101794,89.17117171908245
SERPINH1,1.789887180503857e-05,9.107030755249288e-08,16.74463010316286,139.6960197982572
CREG1,83.59482479630977,313.0565273440925,35.90908634582026,24.191429695088306
FSTL1,5.144158866301183e-18,4.246984144559181e-10,30.170012246997324,95.39405633270994
PADI2,230.45449362010928,231.86195693109653,4.932280925978678,21.32419724661487
MIAT,68.84222795476691,6.318341165914827,89.98773451551548,9.207159521270135e-10
RIMKLB,33.00904170233798,0.000962536153909324,76.9988934085289,57.07114303446604
PROM1,5.083971343224127e-10,6.893567740422432e-25,89.01635298363735,1.1855338165539817e-09
HMGA1,1.474110419736359e-10,26.422897748930474,93.8490519345307,18.214639657555235
RARRES3,173.7881312612991,97.04306648240384,0.00047207921774738873,76.80148307000228
LAMB2,4.0859452939553013e-07,4.355324111478711e-06,0.43150679856564045,153.6036827808457
WDR43,1.3282036968068405,52.77855473167638,71.33413665980862,56.19532352914509
ZBED6,28.97788551640202,0.002888290055031239,65.77170857022969,26.19440269645991
SDCCAG8,53.21547808237742,89.46436494107537,38.54022799600224,83.35883333530458
SLC1A2,53.48521985517873,0.0051223022527559815,22.107524005401046,117.7738888599318
ATCAY,0.5141604367273339,6.277643958599107,117.54726805282044,2.2628296712985283e-15
RHNO1,32.14548255910371,0.17477091819595217,81.55274664423445,52.216609582501725
ABCA1,32.07692264053971,118.30156293790789,29.55978637715772,76.45373967543188
PKIB,48.46472321474793,101.45410114578009,16.864595871250568,84.6366594333358
PCDHB2,64.14856435371983,5.641799252772062e-15,72.16158136378667,15.543826077871513
PDGFA,56.67858499548147,1.9213423716275998e-09,0.000598888602518429,129.35066247410734
KCNIP1,104.85361914525954,33.06636098386702,19.84946031307435,68.2521120520157
LSAMP,0.5340481186809252,2.2785639977717684e-05,116.3453169043002,0.2561068097200845
CRISPLD1,15.194064790444324,1.7539096868040744e-08,46.53150443528108,111.88570225534686
OSTF1,148.07978567550532,272.2055067885161,12.96440792345367,22.98709919797349
HLA-F,63.90205795517281,187.26267589647225,7.521299018928676,51.0208772148422
NT5E,111.38881291888156,3.341001403300298e-17,45.26679494350496,64.70309831016105
SLC40A1,46.990340018483714,210.25166954040586,0.037878616501854256,65.3345358598143
MAN2B1,0.18029728261902414,282.4074963228802,25.306322209245586,34.81772860562137
FAM64A,2.2376252877415616e-07,8.643800366671629e-21,103.54609029763103,23.921313239421025
SKAP2,101.59416232634997,242.9608214920684,19.694171339981693,24.346213426691254
JAG1,5.028439874167606e-06,2.711111139383422e-12,65.08944994580602,87.47465885587816
PLSCR1,2.9791490195126746,211.76865213279464,11.787711226133899,93.3823872272468
MMP2,138.73146284281742,50.61895769525185,66.43747341476366,50.63544420141359
SOCS3,7.233288957267252e-05,41.086775059457096,13.414720829527472,94.22020283666714
SKIL,6.53198751921665,216.3705640476057,56.025458800422776,42.99979225861796
RFC4,160.92520208059932,2.5699123458909655e-06,84.61884956077826,38.15787790211865
NOA1,158.61773997144104,58.92671628489488,68.06618716498515,20.427262464571836
ANKRD44,97.9475435599786,244.4254999883594,46.35095377843717,20.42058505281936
LOC729852,193.10394230216062,26.595872538841792,36.6395465592035,44.79129998350644
ACTN1,5.258139760055849e-13,24.701547089841082,28.77161008706726,80.00569439586326
SPOCK1,154.33635330744124,38.91620850374719,53.14696823939971,19.667494191984684
UBE2E2,71.72890400842331,75.6595360078866,98.48636961854336,3.932734791733072e-11
S100A13,63.00579432848844,3.732084240435233,26.750670169092892,101.47747828213798
PLAU,4.424311077101869e-06,195.15650250682134,16.91824626958254,53.56008243337198
CRB1,160.33479294197605,2.163599366914735,76.89152728954235,24.100561715992665
CHPF,0.0589839163967944,1.043813928536497e-09,20.928263199313776,101.20137341425868
ARL4D,6.204432238461782,40.09778219047741,58.61841789830581,42.91827421945208
CYTL1,0.5941710261871272,134.00458762332968,33.078553115559075,50.89518422090277
DNER,72.05783462714258,35.7111349583382,84.59123088074274,0.0017742388500734322
CPE,8.665913551193617,67.23102927420457,38.57944312375681,109.84874003902537
CD200,2.678486359223144,0.020805344655601587,98.3556747317278,6.493941028639333e-17
ZWINT,9.792211160004172,6.464624286283768e-10,112.11924138787215,0.8408761027254327
NOP2,3.1092158043400477,18.9322660709542,65.73478348664281,66.83568919779228
PELI1,109.43756889450239,166.31245131091103,83.34828549612827,0.12541560547806377
CCNE2,176.014344479538,42.218011502840945,78.3804302871339,4.138484187919334
SEMA5A,113.64606881104038,8.291600913269724e-13,81.4873573342002,37.58576378083126
CDKN2C,121.49297084580891,4.650233161795295,36.47923750300769,105.55794754676613
LINC00673,0.47032674685305753,1.6144896026704312e-06,100.0110169456621,21.26953647155964
ERV3-1,90.18240323831581,48.15639172667629,77.80970260527128,22.1502270335034
NTRK2,123.38387263117309,19.616186180037413,50.17446503261166,41.6265849327638
SDF2L1,23.636368691253498,18.864587255833122,43.7390722178602,80.63222947416115
MAP2K5,41.298497953788186,24.381356866873766,57.226064878907756,44.50600610018055
CARKD,101.3310518982685,25.4745885475784,61.48782363720102,79.60269838350962
GAA,8.470783201988219,248.06954220311735,31.416895260744205,51.47426720568238
METTL7A,161.22898942364495,108.84986057425868,4.039812300088979,109.31093415348049
ETV5,4.246332475708323,30.238692443072527,44.31783256030809,82.42519931827042
CD276,6.058887672271051,29.153052567224815,69.49826928179108,66.71756350747074
TEX30,102.48266563142688,21.664780614393305,81.527086601186,47.74979485115748
CDKN3,0.00187256580978274,6.651942292985694e-12,93.83404372485278,44.094239120632174
UNK,44.05241026548615,0.003340773543323321,78.28318032758524,27.69537350545041
HK1,0.040864660585765565,87.3287295050081,60.51609260600473,66.78682257719981
TNFRSF1A,1.172145521378303e-05,147.6786963055406,20.26168889075156,111.04610718604923
NCALD,0.2624733992565493,0.002054606851157018,75.11277710641664,38.379891941716544
CDK6,128.91640375403165,4.129114876438851e-08,41.28385589479929,68.28421500485705
MATN2,44.49595942617021,1.3071166602142401,34.73424775235604,88.04527630505096
CCNB2,0.019013250465470467,1.0002471830999468e-09,104.85081526636618,22.92635850082844
NIPSNAP3A,88.06215356234281,108.32629377521063,47.86964060025716,43.4911375752113
CCNB1,0.09409028035704382,1.9699387698043413e-08,99.59508881478705,42.61991856585958
EFEMP2,0.00019672023616879527,0.011246779942774858,30.749382381950255,107.53033533324339
RAP1GDS1,88.61244483872925,34.65628039161169,97.93060758348334,36.000233089492376
KIF21A,106.57973655203813,0.08590983588650865,57.78223530103367,80.48269453819083
CYSTM1,0.9480561532041246,43.93440256895218,40.4678963250781,125.15521858719833
GDAP1,119.40185746754693,78.34126569332858,89.89846051058855,32.20981116780675
TOP2A,15.749999549614737,0.00020571610035668723,109.44332191459148,12.582554310732874
CHD7,111.05377226240407,24.184886363934794,113.31923431760275,0.7613197767090366
CREM,0.14048673050115063,97.692237873095,54.94164585261778,63.83841354546885
SOX8,158.44408231291177,12.873609509475306,70.7949915467728,21.271723669696964
AP1B1,54.22475722033106,233.40536512804903,34.62200038284894,29.335321793125612
PDCD4,27.919518346822162,143.47970815997525,30.114081358307093,59.90184137284294
YWHAH,0.5004879054688528,198.81647726108375,67.08474054971775,26.295547217478536
SUMO1P3,284.48830559021025,100.73450819179519,18.204023774111892,65.02816795672838
GINS2,40.43885413255343,7.290860848410833e-10,93.82930116430197,13.331713220156358
USP5,35.594561356921744,0.053026325280700205,94.26055381953576,60.28256334662488
FAM110B,49.511771196201316,20.867429245945132,105.48846990890557,6.3624162170283425
ST7,41.42840941998103,21.96997857862531,94.08913812268896,0.29379639951950687
PPP3CA,0.010399592797614016,61.49071912633043,46.05646186310717,72.8434880121912
CDC20,0.6421581106197305,3.885814726509327e-11,84.0010849297643,36.020159659671975
BCL6,196.89865781187893,84.45049493249947,0.43969172312626686,91.5166500403035
PARP9,112.57258040082539,104.53160144532711,3.7058556571260204,102.64229633922663
SEC14L1,1.942421261503732,62.93439583115576,35.155489341547955,109.72129876995501
CDCA7,109.89288507070351,11.601799901512864,91.21258615287118,8.145187214931918
ZNF253,155.02832827253044,36.40658011415928,88.22927268159876,38.4318069472788
ARID5A,13.016609422313476,114.4733834882675,42.193861321519556,66.67107116460068
SEPT11,22.692774599119364,7.699060659789747e-13,69.62680371201566,85.34197348615135
ROBO1,100.84694612944583,6.6523989874304625,66.34772824403778,39.12826072702272
GPSM2,33.634542874827595,0.001585920630026328,96.62092722489088,16.913086170871054
PRTFDC1,39.16204500197895,4.138474645894705,99.84580214179186,39.558357218367725
BCKDHA,113.14117168416374,61.785206753299846,40.05256764305097,101.03572598473149
PXK,347.42487353442493,50.07288428313378,36.09989782426617,38.16298246703345
TPM1,1.0182205445349492e-10,0.25957939701087757,71.20097421518078,65.69004295127105
G3BP2,69.1316111949868,29.05390994722528,87.0947719300378,42.81219158982587
ABRACL,9.197736543283458e-08,119.16431477228315,87.32085376408226,0.5860308784059678
AGTRAP,126.40536865929026,133.89735309991593,7.033003556548762,111.34504108190585
MSI2,76.4097342511713,3.8781611249487353e-11,34.13054458437816,95.60675803328243
CSNK1E,92.10022769324591,0.7985049444445296,84.4825349356894,31.025720284556716
ZNF84,80.10002680243021,0.23728947191118957,68.67310138536887,44.00761056616353
NUP93,1.665744842648379,38.446841303944204,100.03151389675574,34.55670514435942
SPAG9,113.6176610094274,60.668706965277146,78.72736344665606,56.136864200767086
HIST1H1E,3.12823114665537,9.748187799452428,80.10856262646294,39.692279203637014
C3orf70,113.35138469366356,4.783659127686808e-10,81.16638592913301,29.221691405184952
ALG8,87.27275993555702,57.9341753440947,55.64510763071217,89.62935568611059
ANKRD46,108.22721038142681,47.39247730202689,88.13169503929215,26.287791375215292
GBE1,7.510617591994424,53.259977833297974,63.596672597788064,89.85598835951649
RTKN,258.2440499867158,0.4909348613231119,68.24019269103137,50.80905708708697
MCM5,91.39703006861642,96.26692325661782,94.93122817362082,29.766153586308313
TMEM70,34.563511529874106,130.59899128044796,79.81956849325793,50.73234981999388
ZNF300,80.77668412414785,27.1465327879332,96.16374142128424,18.041029434774728
TWF2,0.015217061535195904,198.4493342329411,57.61501462889915,58.230782656606166
ABHD3,105.95846262599717,84.13800218588084,45.51179317725136,66.32390751049697
USF1,86.49646078047107,106.34156331275425,93.2895070670433,27.09487299880341
FKBP4,91.22578356830027,4.820269691955828,74.79991933971597,47.55648838881035
CCDC88A,170.65683844584785,47.13292744999266,92.95007484786522,26.30233520577055
ACTN4,47.615829613031785,0.20500307021385827,50.69647322207015,117.96359939671227
FUCA2,93.14788686458837,119.7994053656143,30.560889283619137,91.99726460953892
MGC21881,160.44948168256875,20.35555048439862,68.11403917146578,57.78869469612116
DDT,26.929626019676157,24.894223576670935,80.274989609205,72.41030915130904
CRELD2,60.29599724358821,2.9309210995082053,43.44175351237975,103.11181001834787
ZNF140,69.26014201953913,9.616925187302769,69.17060135556663,58.7408058414641
CHN1,122.77241327206775,0.03322196621320458,33.20572804161804,100.97428164218555
CLDN12,120.19066844749906,4.064926157853845,55.224336037898254,103.64988393082648
MRPS17,17.418540513471914,11.721756660725685,89.31695691222389,55.197315828888314
DUT,70.6891629080698,0.01436492753911156,95.89871087998056,51.047669606376004
CKAP2,26.55247211252889,4.263033923412348,104.16207016869079,13.45548205430296
ADPGK,55.320558674609984,206.98307324153552,40.67433426560407,54.948077261161295
RELL1,7.485169611422828,73.54891230996502,56.81125317991796,73.15793406831703
CREB5,136.51692766214438,2.71724310382878e-10,56.5399843605114,67.14491192832925
HIST1H2BK,52.79090101326037,64.39529226512992,49.72938556794226,78.59332838164245
RCBTB2,75.57554424653206,161.96739049497953,48.42176481177097,37.26910917718726
EPB41L4A-AS1,118.420012832498,16.837426784921522,84.91534927564162,59.9790823006419
MYD88,14.446101647955198,192.13331887158427,63.64693215473703,45.72993755485855
TBPL1,77.16420739434834,37.492875401555054,101.69405417892753,4.117473907435266
SLC18B1,98.82743873459218,48.7766663418013,40.6335437771777,97.66436981000133
MCM2,7.155206262668457,8.14552948243699e-07,94.90670067723592,24.015755315107793
CCDC28B,0.0614286379988625,1.2629538611197334e-05,85.19924596012879,45.3888808815978
TCTN1,67.25899812936561,0.056107788548214875,43.62334470175183,101.85801486216988
PRIM1,130.6966966867783,24.391665480362676,67.61790241403415,44.130972914615356
COX17,1.0537864768650256,56.87986745216336,82.98914868846947,56.494534511737584
PLOD3,120.44503036539024,1.1635558360936533,59.973438329624365,96.76413072212753
FAM60A,34.40313108046876,38.81533759430704,91.45576240844592,25.21049862795584
LOC441081,173.63959493739637,96.95057756320881,56.40461697130766,58.85465031607067
CBS,6.176554734188786,5.601438041867035e-06,75.74471231025399,61.64824244712022
SPDYE7P,131.27134764610273,27.6238785912689,60.15218323278124,67.27202993333688
ABHD12,3.0181804194480306,69.80134964527832,62.19332222809124,60.035622622695634
SFT2D2,136.31910297280737,112.02879163024475,61.22750111359354,47.73253653934927
FEN1,89.6135037721373,7.473152836518815e-05,78.6599020706188,35.66139970182937
USP22,1.9314175311332378,2.522520781772404,95.00233384060962,56.18534245384249
SNORA70,26.522420604042022,71.83877545259435,68.89505776297734,36.68061056138363
DRAM2,45.75945207693274,194.81137462355798,43.11973610840797,40.29695139124771
TBCC,95.37145294393908,94.79131805403782,78.50389958335617,20.861562305986798
RB1,19.96468022015808,184.33752469695176,47.02826959123937,41.020030761784014
SPATA6,81.30405250630808,1.3555436001343253,39.95508327824166,97.47253376474019
HDDC2,0.06276591398110849,1.4258302887467467,108.56196718236313,43.225205278420795
ZNF736,185.9679683956752,32.429729170386175,63.826787495597586,36.88847358994791
RBM48,235.8080250211863,67.41185383449273,59.4956125495829,62.47177024826672
STAG3L4,116.10919288939485,52.6450155716142,75.48881589231958,49.86350339822347
WASF2,79.46585017254893,108.24207013927936,21.69858856165848,93.73102887077393
RNF24,0.03709735735070455,9.385540624303225,73.61521861320355,73.68558243708758
TBC1D7,101.41814496841519,16.7931079716347,97.00728610012894,45.39480367713142
LOC388796,50.75752079127221,11.064995422168545,77.06842778204346,65.1579649900997
NF2,61.55105416012277,43.1952067684336,62.32150851403241,58.005049886767836
UROS,39.873875048113185,34.87670720934542,82.15404704626143,36.90977839505385
INSIG1,204.99272714511153,81.17644272465401,45.073691476236554,75.17653511527624
NAGK,88.00295232386368,185.27588876320155,47.36214486663255,42.457241728615394
FLJ31306,81.86654783417085,69.70844696960295,59.526005618946606,83.97994738029635
SUCLG2,47.85965939711514,123.59829370524513,20.657184109243584,98.20452362073364
UNG,121.90418860134871,2.0006081197779606,64.0747365352855,78.82444133358042
SMARCA4,15.710320798538637,0.07460772605598291,108.62208840259599,30.949230884221244
NUDT1,78.95063555068515,14.236240119322519,91.28153876617354,38.65379521521766
ZNF426,90.54309465354115,14.410719607779798,74.0365136255866,79.04442165767047
MSANTD4,133.14382904562504,0.3209053265946953,63.74833105531582,83.14346229568015
DDRGK1,30.60720358431742,2.0792193818316638,60.052344585451856,95.9555347640684
ACYP2,151.54051348498288,22.98407458974901,36.20797872858039,80.5024442000043
GLIPR2,19.35710347944105,33.917657640929065,66.33627127442485,83.50645410798805
HNRNPU,44.77233692122832,25.032137240826927,83.08139723786815,75.12737782636702
GINM1,70.37877339164925,37.985504851799,50.406300331452385,97.40968442443251
NABP2,87.45717933674884,0.07108234064825027,88.3313720017221,64.66015332435694
ZNF292,183.84477473456025,23.459292988165775,84.05235269679154,41.38408452828099
FNDC3A,91.6062816174254,52.591522907923384,51.426215687938814,103.26813988322839
APBA2,131.88767438287152,0.002679398186547445,78.29708349125146,36.96045839743406
PPCS,44.723553307044966,171.51164206729774,41.024823315607705,77.91897173252266
CHURC1,130.24387145160432,104.16100184105363,49.18599087867942,62.85330305676282
NTPCR,74.85821835675814,30.19957143202512,58.37377833385271,78.07701941543615
RPL27A,0.6150499710219034,79.59475016154182,79.16737120286476,69.59597323108392
ZNF226,91.85878087210055,2.3183423268623655,66.96923925739708,89.34297845858083
INSIG2,83.00885886637305,40.42463053090019,54.04491576572999,67.97580876697675
ISCA2,9.535430003359203,73.61255182879165,52.0343326865867,95.85413206158587
CRYL1,226.56911299851242,87.28096659910646,46.71113391163919,68.01076514625152
CRYZ,47.865658972805086,20.57734573872581,43.15553214727022,87.92381085984499
MZT1,16.08051283246371,11.094195666805138,103.82708519434838,31.292234317861816
ZNF211,3.395130129708515,40.150470589487924,51.42773915917982,88.0988589982446
ALDH7A1,81.41164168369541,0.0018686225909526457,60.822096855990374,88.42070829401074
HERC2P2,33.925018893161,44.304353079330035,64.16073097835225,72.1462906483709
HUS1,213.77965415826495,14.974587684760444,50.45923993630454,54.947041538774705
ABHD2,14.447137627482746,6.020186513207476,66.40167931869473,94.49390043123611
MTHFD1,132.19792345895445,23.245441142179637,61.7437451447376,86.20401827174854
REXO2,67.01534596075597,48.9597228496669,46.90785055990783,101.05762378747986
SNX27,70.46664594495145,68.96233932309217,59.83741247099149,73.02904154594596
UPF3A,122.94235038117169,1.4258615227627995,82.58795688790089,74.19960476197296
ALKBH2,107.09117634756828,0.0003582186689892455,76.23901170974622,72.61146153901996
ZKSCAN8,161.25638278701024,16.463069106209478,60.58582469676559,63.635744276346415
NIT2,0.03275489173856195,47.17923776049476,93.29966464381617,60.32878385198337
TCTEX1D2,28.114841486116976,0.032884957119101964,76.34345551453384,51.76912927351069
CAT,93.24490195034052,149.63063356502605,47.91019810973165,59.68602526773763
WDR18,88.5870518437335,0.1534276270923808,75.56708232070507,78.79992646810192
TNPO1,93.9038863548073,33.15691282831211,68.96613804074624,79.24424021860617
PSIP1,61.98749918456949,31.711210893151126,80.60867019314577,42.68905602884015
MRPS12,27.871302853147213,49.51875876448215,54.30628491365785,99.4213236344412
KRCC1,219.54270627864642,85.14076713650825,46.0652143065633,50.5668896226502
C7orf49,102.10571023689596,44.34463319807406,59.19550059002452,94.32523459146209
PTK2,242.32615749060437,11.68753352878861,75.80423876582972,64.28601836400505
SNHG3,0.001905208759246889,30.437311519781467,71.23669398848445,54.38029392218462
NT5C3B,23.818006290923883,0.0004044620447026621,92.92375991677481,57.76528801355735
ATP6V1A,0.7718499012622405,81.62493213509975,79.0068165443949,51.17766495200829
MSH2,191.10182873428397,38.76738742156762,68.44512903941931,50.11037156811299
MIF4GD,126.16316098898471,138.72228560320994,45.7339158138712,46.19946421508655
LINC00657,32.04113218538157,33.121410311921814,69.42687054883989,83.05313610722547
SNAP23,68.26343876728178,153.46668914015865,33.373679509984996,64.49734524183442
TM9SF1,71.2218173930356,36.684717626960044,31.573074397277516,110.93879313163778
TRAF3IP2-AS1,83.34778593412034,0.024929883333179907,82.59533204532356,36.473891421403025
TP53,68.60743064461784,25.384795771393733,63.1263288252481,62.39246720629737
GTF3C5,101.76908544528693,23.26119801976319,87.15740606765667,41.05813602256944
OLA1,119.8635990055326,35.789882707521194,100.4083060280312,40.16791288635622
NCK1,0.5942051370219115,133.17791427845754,57.14303912146761,72.18016725487533
MAP1LC3A,40.740034563773,1.8112099388107432,61.66898193447057,78.39813697542897
GIT2,90.81529108816049,158.20795631535734,53.12122584713973,68.94244165479193
GSTM2,59.48214450242501,108.41792124836064,58.718861080708415,63.07483931061973
PRPSAP1,69.31490602851494,1.7129325760039684,74.25300288139272,66.03349833121591
GNB1,49.43091067545949,55.06023269619499,99.21880616397473,42.69216210024544
MFSD10,0.028274645966167918,38.027315257890784,59.74612370263999,80.18167125863754
TMED1,63.91042261026133,2.1314364076306225,51.257402627045735,110.17597983715068
ZNF586,21.906394361116828,30.692452383746478,77.87499032243515,55.97434723367134
MED27,75.898704283304,24.44596164672929,79.89403760554819,53.72664493300815
LYRM4,40.477495187341724,34.86280793827289,88.05394708303626,64.34881711134211
RABL5,51.37161467120871,0.5881256136627284,61.27597153476978,73.97272068440017
SGK196,113.79494120611679,30.196857863252173,94.61668393734571,33.12012870730229
CBWD3,170.9057946644381,86.51979077729094,78.6467732656007,45.326922590531574
PMVK,98.7293839905231,44.128309164704675,62.61979234869769,51.30048984977272
COQ5,136.58097168218907,37.79611476251695,68.83328138715882,56.87475528682203
SMC3,59.47255187886811,1.2812999126451312,90.10123877028086,29.164259093553685
JAM2,88.94339458083802,18.649727215261933,49.11051943075542,93.42014955485934
GGA1,70.8291354267552,126.75851318884794,68.66531619609044,36.14213120771203
BRD3,61.03412040714064,16.337698589636833,76.86380217963293,42.2669973951389
TSPYL4,120.38203834685596,5.269275760910516,77.14266847387917,46.96405536723485
MCM4,97.8908909313448,0.10554732508495565,78.69545511429389,43.514961742169206
PCCB,100.52466541145571,28.93649729713369,85.43019871966767,58.58091034631886
OGDH,162.49069131085497,33.87241174488515,59.39612073335492,87.9972675480535
ORC5,152.43857925139784,22.80395419842549,78.28194195758176,53.585753868687156
PFKM,2.943615954331439,0.003019875179748856,92.30862293449532,76.10622891294088
CRLF1,6.204662732173323e-69,6.221504806540889e-74,5.699481639236499e-25,18.755160178168712
IL7R,0.0009588346490037768,37.17317399087646,1.0444687414975875e-07,14.475572885864546
PHLDA2,5.987967011170432e-42,4.279066336205269,16.445725914003624,8.51899866032162
CXCR6,7.12619236468127e-26,24.477144250041153,0.00012347768583453013,15.812085561171976
SELL,14.917207410227391,110.61500656663401,1.823654787756981e-11,2.449786304259902e-07
SEMA3A,0.0002895892806715195,4.68888238659198e-18,6.0695710660883,19.26016268813608
CIITA,4.359855182874698e-17,112.46780004570897,9.126404793804787e-11,1.316052027193049e-08
CXorf21,0.0017154626144812008,122.24202849946843,2.4565170130064184,4.669510111772797e-11
FPR3,4.8474417004524024e-11,120.93414117616916,9.685196901045616e-09,6.832049547139029e-11
CST7,7.010151649146207e-20,39.32255692668403,0.00019362567462140537,11.192963726271973
GIMAP5,2.49566847968451e-13,102.06893027824304,3.2737925760088134e-11,1.8883076345047016
DBC1,8.996481810439267e-26,1.7305362331000573e-31,23.7239086370422,2.4967943986592816e-32
STXBP2,2.8465065202929066e-13,121.03477281118579,1.9251717702753986e-15,1.1281933769646828
CDH19,17.238504669856383,0.00041153548930232363,8.570728435033615,14.021856058611078
SLCO1C1,3.033656242482881e-22,4.152619094252773,10.382659158296873,18.83757076129812
CARD9,5.244076601145285e-15,113.77009036059354,7.028956675364511e-16,6.703205710328325e-15
HCG22,3.531906019986455e-29,3.50797696117886,7.152275836051327,4.72201610554036
FAM180A,4.870634015519408e-10,4.269200884616405e-12,2.3860035530105455,21.87821435592974
FHL2,1.9665260699529172e-45,6.195653320759449e-05,23.626150678424352,0.030956812988300483
EFNA5,4.1791282065823274e-16,3.4014328844049587e-15,14.502961342424223,12.829903639489071
CCR1,3.620953254538653e-16,117.81951754019629,0.00017729661549947766,0.0002844538835975783
LAMP5,4.01994775792129,0.0016502997556645037,20.678525140412543,9.66484398876949
SEMA3E,5.100285769743713e-13,3.0805870469622687,25.095149700210495,6.8585527734521694e-09
CD247,5.408534127500634e-22,24.653838856395023,0.7063727286875983,12.858145095733107
MYLK,150.04844290732208,6.93589308945317,10.814689934170772,0.0038335460453184523
LOC100505702,5.827963051116442e-14,116.14243062998982,1.0537486622141834e-09,1.3530918844677453
NPY1R,2.631938607802857e-33,8.061479148441196,5.389722590611126,13.624977920970428
VSNL1,5.847521461331821e-25,2.3562954735291595e-06,15.330942470883846,0.606676854106191
PCDHGA4,0.17356562693932404,4.1025189016041544e-25,8.48974873954224,25.72224693378262
KLRC4-KLRK1,1.6704732820868815e-33,6.307886100214558e-34,15.263864577956108,1.8426662332970467e-24
FGFR3,6.297024645120738e-24,4.117655702351934e-43,4.364499480353191e-14,22.96265702394267
TRAF3IP3,5.494229751915447e-29,89.93551507396236,1.633168722948906e-19,1.701880828078012
CD96,1.5479416756038596e-10,23.563150854666095,0.015135317754312785,14.457025707564153
APOBEC3G,1.0568740955413312e-15,92.07849873537664,0.00017503171448685702,14.432414935427586
GGTA1P,9.472201261211546e-09,112.92477850280846,2.008451993664162e-12,5.7816260482965963e-05
ZNF560,9.737915562282576e-11,8.435854139882161e-45,22.433521405168655,1.246307814178944e-17
LOC654433,5.089751625936379,11.797585699311988,12.462323902467151,19.83905222924434
LINC00645,1.0324463959069223e-17,5.484580313398376e-48,12.667667624601933,3.511784036882594e-10
TBC1D10C,2.1018385761988022e-32,30.241326604850837,3.5498256076907876e-13,12.209477234313715
CISH,9.862569381054636e-27,41.621832430339225,1.410255698413294,22.31612071106359
PCDHA2,3.4698891202110474e-25,9.198856830398976e-09,27.4945931613752,1.85240430608779e-18
PIK3C2B,25.335503317902504,6.455109176722693e-07,25.135287293873755,1.1397822075857961e-05
NPTX2,22.29367554918352,3.286522275525436e-25,4.846514229350095,23.968386771765942
SPOCK2,4.2234861149146694e-11,8.008178928734742,2.079166755546161e-05,37.3955787348416
SDS,6.463122426897767e-06,40.53600696222352,1.6595578611779812e-20,14.84323142485606
MSTN,4.565637354241457,3.3311167456097155,11.496625285525715,9.72554240605724
ARHGAP30,3.4101991399933356,107.79418463685455,1.2730532313226608,7.465336556828391
HOXC9,1.4439644961641732e-06,2.8832581794853947e-21,31.030749768541863,2.439954300754493e-23
PRMT8,9.390749978396387,3.983934304676069e-51,9.976541042262408,0.00018019243771299023
HSPA7,0.009187924618240624,100.74889773374383,8.63510055846873e-18,1.3720450143879433e-08
GULP1,0.3845902525867196,3.356442208104979e-42,19.548953662503394,8.808460079914216
DPP4,2.998742446892396e-31,4.3201833280633194e-08,2.628286149806945,23.032856828691614
PALD1,4.774260959045775e-05,113.89571393583016,4.338367076768038,0.5212951462117722
ZNF280B,33.34326826593885,1.985377135247967e-10,5.811592292609473,29.00698480140429
HMHA1,0.0009489146703663299,104.60439662963124,0.6272245463308366,9.532396390517745
CD84,0.04362989364564125,114.81656961828199,1.5417146738969734,2.058369500011463
SELENBP1,12.358580764598408,27.551662642357176,10.102070396610682,14.281516253317482
GZMB,1.251074645452895e-19,19.335194264988587,2.604917763824439e-12,12.014196691803479
RGS18,1.691960608810445e-07,101.10502751618012,0.03284162416211804,3.19861628801618e-25
EPHA3,4.4689294926949714e-17,1.0024590956732454e-11,6.30875926915827,21.71447874934259
ZNF536,121.96352553220376,7.954465293569084,8.178284719745164,7.60211424309387
GIMAP6,6.285191223815909e-31,93.79699774318463,1.737085196684126e-20,2.8726042141480575e-05
CNPY1,47.0011476153139,14.72912959664497,14.248255451775766,1.159655169605432e-08
SPON1,4.072748018383537,2.8374641766043434,14.099797082601722,15.468462833481773
ARHGAP27,3.219788384935629e-11,106.82906972711751,5.987600726358515e-07,2.1175580100406366e-06
NOV,2.389690448885978e-09,5.552332487636592e-24,15.4288709400471,15.16227451833148
PDGFD,5.833898787775691e-33,1.3661914869910514e-26,3.2718167074880323e-06,37.07470361171869
STEAP1B,11.920021642577957,5.01910857978871e-23,17.58289417377788,1.992523366958026e-12
LOC100507346,5.347538721408854e-06,1.7535647842497435e-38,11.32337333754909,3.3639436663774727
LAMB1,1.0816487493239093e-06,0.0007892483228027946,12.133168534616317,27.19620717694055
STAT6,8.622842759309667e-18,85.08780533898,2.8781515485367786,11.373410194946844
ARHGAP24,4.893298837171639e-05,103.29921625298203,0.9476321335868301,0.478634977911494
ARHGAP25,0.15148959142760168,92.47271653767733,0.6627152048085599,14.186151181505293
PLXNA4,0.30210149400543096,20.44895621780394,19.227060853427187,9.167490674568986e-10
SLC29A3,25.40551813889396,101.14903103489439,4.36775036858035,9.067678950068752e-05
LINC00599,0.05304603459771397,8.001270494206604,29.47098651783899,3.587900545106889e-33
IL1RN,10.7977184853639,66.1571005081304,6.184430721203703,2.440288198547367e-07
PLA2G5,3.384856443066305e-14,5.610018990030518e-07,1.171043628928145e-16,40.68254357718716
FES,0.0021382860323025618,106.06016916355003,1.8599963952554646,3.9136505413739244
GCHFR,29.688553641532224,45.137113697896446,3.0622911222047273,13.853373704427044
SLC24A2,171.97833593907248,8.579345991277737,1.3539440147799639e-06,8.182567504217564
F11R,53.78432575848468,26.014963700996564,6.244904797415035,12.720676261998422
ART3,70.79020979583802,7.095480793195413e-06,8.319504605247239e-25,26.963640469712637
SCIMP,3.055212282198814e-13,102.51346460882228,6.0931235726982e-08,0.04455016366415705
ABCC3,5.814996323482171e-29,37.891616504235536,4.4842945678976017e-10,26.752420384535494
CXCL12,11.481782946533487,98.68271921879207,0.0037750670925894778,3.588455736221124e-15
NMU,41.88779910848822,0.00019462721390675245,20.332385262433704,1.0342210840822234e-20
TCEA3,35.17872165284853,1.1101831250246026e-05,2.5389166572663506,19.37854115037064
TPPP,161.91348372703757,0.02890712734184279,8.548940547007936,0.00012112261117989209
GBP3,0.00035300686651145986,14.08018217892019,4.1381063795382867e-16,33.85180533314884
DOK3,4.074793128937502e-05,103.18171421189328,2.70604816729586,0.4509879338032534
TNFSF10,9.048660030413837e-18,90.43228100414512,1.437495860221271e-06,3.6932701425383727
PLCD1,10.786875665289758,6.2010142505268,7.8774976245928,31.9918738840728
DLX2,0.0009378678304131223,18.43680242839962,19.829674806255426,9.85424061241248e-13
VAT1L,1.681567825159722e-17,15.094177920629468,20.363582456215784,7.669705643636112e-10
KYNU,1.648844087016022e-08,105.23332880849661,0.00010073596871397713,0.02756179067432025
LCP2,2.3368893603595347e-09,96.12336318468734,1.5050986186976088e-14,5.477156554133333
LECT1,1.7205001880782715,1.0565201695964202e-24,21.318447782968317,1.819157670515694e-10
LOC643669,60.10681222205672,18.522646243217643,22.885032860073263,6.397649968145458e-05
OAS2,0.05886522942877081,73.95237029515737,2.7878726872046876e-11,11.4972932828935
KITLG,49.73835651455706,25.011236369285278,16.198679085520244,11.17822001392104
SLC16A14,0.4128960370633442,8.523367431952207e-23,36.4985685586207,6.940320768255384e-14
RNF166,8.027964043601138,94.94937714109663,6.729305816698491,6.671315779866951
CMTM5,114.16864792116642,11.19851886615564,18.828459081134724,0.004683918568216895
ARRDC2,128.40649170271453,45.00522929085537,2.952920075671827e-07,12.046299854320294
MILR1,0.005007164187670826,97.34561116573958,3.459685525903696,0.0009857959860369407
TSPAN15,137.4275928243082,33.97737518167465,13.082159533017416,0.001510755683604348
SLC44A5,33.93094738930593,3.7872305811462355e-18,18.454263540432926,5.301289526452515e-06
C10orf90,152.40217015328057,1.1767583291240205e-11,2.7067930080298488e-14,11.742019272613673
PCDHB11,15.298292292079983,11.88979441980382,18.096117937026992,4.135800228174926
CDK18,136.5951422951995,6.679101411462156,9.36677296219387,10.205811391678289
CXorf57,49.96687682634926,0.00019538289219223483,31.73129134595208,1.680540884123068e-18
USP46,50.77544747893261,11.030519760956757,25.218829435660012,0.5170634935400313
PREX2,12.70183261689585,4.2049046448962017e-13,2.7531744713656394,30.43750480392437
SLFN5,2.0812868359676204,40.043353831379825,0.32331948044056275,16.51329119832978
GRM3,161.542316964896,9.80406726526823,8.934809361503284e-05,0.003991243655800694
GRIK1,10.851570766622505,7.861716808338695e-25,9.617559747936479,25.830866691115542
ADCY7,0.0048514446177108875,99.60934389423727,7.206537096336006,0.0035589323190875896
BMPR1B,11.108463725748333,4.31687195242553e-14,0.0005620578569099722,40.96421252624024
EGFL8,6.173146771466859,3.0771556374612427e-09,6.771137447109268,24.005211924927174
NLRP3,13.003221973413376,92.76925462226085,2.1385628962529077,0.8256496219847868
LPPR4,0.007293186238562474,0.7876880066246481,9.805300199673043,29.101952729182244
MKNK2,10.26709736587773,16.460983225090217,6.609737192934996,34.41017848272662
GPR37,147.77155500353123,6.226635391442712,0.0167250765687614,25.2941504175499
KCNIP2,1.789885261306823e-07,7.166979692856643e-13,29.573633879615024,3.456428192805677e-13
NUAK2,51.50931438183278,18.415482185556417,11.916250854657202,13.852885416109977
NTNG1,10.023686289018315,0.0003816507542964938,13.501257801318637,13.356073754909332
LTBP1,69.19279987577167,8.443041150988036e-21,0.10953565927610137,26.019663891351993
CDC42EP2,158.8865993634816,2.120216943954805,2.605432233783942,3.324795987948111
ETV6,9.641545401782665,24.43968553746627,9.812477239525332,23.631962927028592
TNFSF13B,7.823022321964189e-06,94.21135291509913,1.232966737264009,6.463077602320592
CLVS1,0.37382412563241835,12.353438487910704,17.194164269760847,8.220032248942315
NKX2-5,17.96518757275866,6.90547750365986,13.897329270429688,12.72293141285041
TMEM154,1.3590469174828052e-08,57.340936615451085,1.952614290904982e-07,28.932633902852523
SEMA4D,132.42330613316017,64.80199572480305,2.7910512245662344,5.110033856956976
IGFLR1,1.8323871069855964,97.91218102576661,2.9600213642504696,17.043042977192002
COL28A1,0.007420284572269304,1.1997833952820168e-08,0.02142662763950257,31.910379633093495
PPP1R1C,47.92717595028632,1.1923034293677577,0.00040074217750195264,33.853159235202554
NUDT14,44.77126922042962,70.99980413147406,10.61133328109792,6.982344423421056
SEL1L3,0.08493080840531914,14.002694879309239,20.800619936789676,1.0755462939094777e-14
C2orf27A,4.526543100566726e-09,1.6904659481606877e-13,29.755243217569312,2.686166888941389e-24
ERO1L,2.9657479081554583,41.22149303696623,9.002441030962778,27.199827408990465
GALNT15,42.777957342606776,12.434877032917282,0.6763344367745526,20.587957696973163
IGSF3,6.4776131792386975,0.00011820958602896547,19.82287628737377,23.42860903688594
NMT2,45.772175449451595,10.129302584988244,23.60793318358273,5.848430097260751
TTTY15,51.74948417858303,26.43877290807248,21.586274389934665,6.6217750488226566
AFAP1L1,13.095057184254872,0.4260054151756134,3.1912479616411313,37.28034958789592
SLC6A1,122.44960505285937,0.0018464589540528862,5.643583834520709,26.037718634291164
IL10,27.02987839040244,75.96835398936778,12.333610682462098,2.697096175483346
CLSTN3,0.0005338791653134636,0.0017550241116365548,24.412159325328066,17.432744616940592
IFIT1,66.37084598488114,19.73657210253403,2.4796068438878973,28.311164461522154
DCC,51.0418108077358,5.645714311611858e-09,27.05273400731788,0.09293601145208633
PCDHGC5,0.000968745753664738,3.00121491439303e-11,23.81954381680286,17.82564507273298
LRRTM4,10.47496197711959,0.579391170240975,22.817647303292407,5.458232693248864e-05
PCDHGA12,21.82038649770054,7.6132374131558125,11.119810445179755,16.142498180709875
PAQR8,160.08989374745238,16.596726621822512,5.514272313915968,13.512555010266402
TMC6,77.7096206415142,78.31946235831239,3.757238287052595,2.104091379776617
ACTA2,19.309422646546256,14.549280144043147,12.007523049631255,20.16269929871292
DDX25,2.238252260426072,1.6175958139123788e-13,32.26319963469454,1.9457364655328857e-06
LOC254559,30.584095401499653,0.020878541125768747,33.329666841762226,1.4459376862002401e-05
MSI1,1.3425966682555637e-07,3.174467389707135e-08,13.13997016518837,28.902356925645375
PPFIA2,57.07479481171036,8.426227425516444,23.952309029452092,2.330382924463963e-16
RNF144A,33.771137246232406,1.131286581168684e-11,34.02156285003308,4.23985199539551e-14
TNFRSF11B,53.234148219590715,26.377861259353352,5.9600471107545365,20.9973967520996
ARSJ,5.252673424642669e-07,1.953343666956499e-06,9.471946243158374e-06,41.680760666325995
ENPP6,95.0899041101614,5.108326858374103,11.797628447637319,3.342021765762392
GPR137B,4.856235471972716e-07,12.472188245891617,24.16110197862606,13.35351165791007
VRK2,53.35649378845132,62.310145340124585,7.84141904983016,6.79348809688944
AMPH,51.22472142392567,0.24716954152049264,28.09023612888563,3.903630340445303e-06
PSMD6-AS2,4.15247456522383,41.12908528531458,7.08176849073254,27.275001762636155
DOK1,2.3128209795226025,88.06887238957752,11.62885185632248,11.683883436978627
SLC25A18,42.09165743420839,9.631748073384449,1.6769196642947652,38.51117706573339
PRDM1,5.252808045513918e-08,58.35427862324897,6.514041840744482e-06,22.8845369375162
RDH10,1.3686194497302697e-06,12.641118999571006,0.00584539938800446,37.68236657031198
CAMK2B,4.017644081224838e-07,7.330500987343965,4.946629669908239,27.370702848692467
LOC100505715,13.67092701304355,3.9699328165200176e-16,14.033526339406357,26.920730356676323
PCDHB14,23.688145890999575,0.24192863541159443,14.125963627594436,21.800265451860568
AZGP1,46.097825231300305,24.219686270300397,6.577879506454034,19.876369688279503
TOX,0.0009965208919141795,13.850211131059712,19.51203624859921,13.254661366815958
DND1,3.0776349260326525,11.66661023180361,16.811528263193427,26.61373884619028
FGFR1,1.2488258982003975,1.3512392558888543e-14,17.640777104499303,30.374553254861066
VSIG10,22.20528938618469,7.184374556556569,6.096427641738339,32.67026402305903
CHN2,133.04093471155434,36.95921580336909,5.55562384442097,6.594884162594639
ST8SIA5,50.80462633251899,5.557175264216603,18.282312514179086,9.976224817038126
NAAA,19.967544849115615,88.65808535131887,4.7642944558866605,9.54636989424902
LIME1,17.589464342564074,27.91660170533874,10.385483989194313,26.348957767978284
LOC644656,17.735114401938752,10.153966308854375,9.275705137172086,24.28611990289417
TMEM169,39.89363765253977,6.963902921213513,32.70455174214372,2.464224212761273e-06
COL4A1,2.0040109102423594e-17,9.642934481529004e-22,3.701918104540587,36.99310262745781
PYROXD1,0.0018506741405830273,16.63929888875368,22.860249337846092,15.29991163522106
CASP7,39.74498656132572,23.9961184573077,6.548726680794035,33.062540480196596
FAR2,1.388990820564284e-05,53.91207425831151,16.900217774606748,18.379728008264298
LOC100505738,0.00044736804460610713,4.9716146582935,23.16823822185657,20.909105293694676
XAB2,2.712367178590378e-05,2.2191595466152306e-11,15.215694384664317,29.400009140771942
GUCY1B3,6.298811035507038e-05,0.0012255372469222388,31.143170787590666,3.9499307593632103e-17
LOC100216479,34.39053030527414,6.501600580697109,28.67569034481742,1.8812465499988322
NKX2-2,0.0025307730230308277,2.9088404012255953e-06,34.28995156961049,2.117798298111261e-15
GSTT2B,4.873108897791204,23.916282057278387,26.567802519470927,6.989099802049534
MIR155HG,5.494813664836206,45.981828582729285,7.111090804520899,19.779979955474346
DAAM1,25.877062198799354,4.201561858723924,25.096446665778373,15.63861427657255
NRP2,1.8120492835084622e-08,21.153662104585845,6.585969315058712,27.86414063315894
POLR2J2,5.505820925835634,11.114362258218765,17.166006286342547,14.058662041446441
MND1,0.006600522348035989,5.754204351601958e-13,33.725326504130344,4.16081868879673
FAM198B,26.660714701701043,35.36222826911836,0.5641153404624688,23.888848231631957
EMP2,0.25816238290962235,9.786793786175698,19.58818618949555,14.562129634878033
ADAM19,0.21111528073751365,6.947193540392685e-20,5.070832556244034,34.39770306193458
ENTPD1,13.435405909262972,87.3920159813448,7.907206677340867,9.214305217772793
TPCN1,40.40591966396046,68.63874014925956,0.7811019085773677,30.359876900005787
SLC16A4,3.5502154877755856e-06,7.84785576348932e-07,5.957188396149688,34.026641402253595
TCTN2,3.769250771010116,0.0018553573191985803,14.892253616835895,30.70052364646304
FLRT3,1.172555611708156e-10,0.0002871878806456934,23.107917689906404,22.821606573962338
LOC202181,13.502189173689056,11.499730964074663,24.41402111079619,6.858444925134738
PGAM2,38.649025777490884,0.01825166868737147,11.404335657546572,28.426023546194372
SLC24A6,7.557477408747453,77.95184858209224,2.457494366997325,20.48399703521136
NRSN1,48.46057195400341,0.04030484810743529,28.812645691608857,7.263333459318026e-05
LRRK2,17.053683374128653,8.425441791138947,33.14475518906378,0.11197485609289277
TCF19,31.063074529964773,0.0002648676988827872,23.17259912126726,14.079448804157764
TGIF2,24.37935653630708,14.535115670495431,5.464355604387248,32.561181487484625
ABHD14B,1.527915152097983e-07,58.57999827808078,7.098212405962109,31.404361338208478
RHPN2,0.0014069511224340306,0.0009390144867625691,6.015085361992169,37.47485475830199
CHAF1B,1.1387305616158687,5.635199917385937e-09,31.0691221459129,13.346961850500934
NLRC5,25.00461151312479,32.30264921990015,0.0020356533685008836,28.461997922666654
LMO2,2.0685037774750998e-05,30.091000302643625,0.20125280480752736,32.03280011237362
BUB1B,0.018758713320529363,1.700858026825829e-10,34.0993140638352,5.043894655614267
THBS2,101.19799998827193,5.5424566198920886e-08,7.6887275719372346,28.537161903760186
DNAJC6,103.98740274725837,12.315738047000298,19.107220366168633,0.07528763702173799
IL17RD,0.0003055949987566409,0.004456521615907468,20.2027134844574,12.353527312282955
EAF2,22.414335020572043,77.49800128535819,4.259677192461633,17.485126691835703
RAD51,2.475264600464673,6.4778759423629555e-19,32.24970467109821,0.11857413713349553
SLC37A2,24.41250716056346,88.53101535463676,12.459754576357668,11.625882883729867
ACTN2,63.13022441876827,4.48610989353034e-07,10.798969203980805,26.229371689720768
GDAP1L1,28.7078324965929,12.127052065371252,30.860954112005448,1.4885162159494315e-07
DCLK1,1.333256615259492e-07,0.007014907592760409,22.953561796619912,19.085297959702086
TRIQK,14.41687613059602,42.79306880219544,23.603850428957443,7.552493242097361
PRR24,6.881621647796059e-08,5.894455082895598,7.573711201367971,37.392328383225546
PAK1,2.3309981752657163,80.87280632889113,17.4823617431338,3.2642284371077457
TLE3,0.005534803229537383,35.06392713208803,22.550094064931887,11.722205127538038
GNAO1,85.47479177611513,0.7287124665616338,25.696296496646394,0.4795896560591413
LOC645166,1.9698367276728843,5.748107151417756,22.5944110239928,19.59720960740068
NIPAL3,110.70119198201353,23.55963661413004,8.153976562293671,21.192560070773375
ADCYAP1R1,16.969755555869344,4.377245492054983e-15,19.199913192037613,28.836234405977383
TMEM2,17.899447033623492,16.140961516517283,16.849886229025667,15.223073068059808
GMPR,0.1383048862046879,0.0012084814683117676,13.055056107273115,24.985347553187065
PRUNE2,71.50737385295328,2.483549113581183,6.769089321892986,29.621843906472932
TGFB2,12.005133570480233,1.983110918203322e-11,4.238284281634772,40.01052876836344
DENND6B,0.0017948143210070578,0.06877712574630909,13.782213682767575,25.352356979952337
ANKRD37,45.67035145034938,24.35467030011378,13.78040763853681,23.23050689189084
C1orf114,37.81674786832194,0.04832765245317848,20.143459310255395,10.531850538718395
OSBPL3,13.78800088420911,32.45185933469725,0.015714807088233806,35.8555386858795
SYNDIG1,71.52471620630627,44.92493428197725,22.205938266780777,9.7760986198033e-07
FAS,18.925572252594975,42.41676500504305,1.3336714560570737,32.92055004529128
RALGDS,127.36844262319698,13.72018065358122,18.05825626341927,11.739033255637688
SMAP2,10.828996982528135,69.67563752471482,13.550981425700668,9.64501563598725
BTN3A3,44.97196623970306,23.23581634559337,0.8595182831832174,32.40912551518243
CTH,37.21548162196545,0.5578597569934677,8.022213528336046,34.058659515701414
CEBPD,5.259685174240676,43.44700656788532,0.29905245588745655,32.281018879101424
TMCC3,63.15416309480061,39.54799097007425,5.62422713680712,14.546696515656022
CCNYL1,0.0053395213826995325,4.699568529176206,17.7692922615112,26.69057803012242
SLC35F2,4.930624982857494,24.512046132384317,13.398256260063214,18.331816637900868
ECHDC2,0.00023944112450723077,22.042415695879555,1.6159460857949988,39.007977687565706
MIR22HG,30.528481147215977,56.070364803351445,5.764251855809276,23.309817907484938
HIF3A,38.34878498320362,12.802398450542004,4.080649249744665,29.713277502083127
SIRPA,19.819032763258203,58.96105777958418,4.220247984128857,28.355885806974815
FLJ46906,1.3094688966198962,0.009667079161957665,10.35652820084189,33.434099278628594
GAS7,75.33316288989413,10.963077889116882,5.351572447467879,30.041588439726993
DGKA,14.705822696294279,69.43563216344494,11.787809948946139,18.295201320927557
SNORD10,11.273013973241834,26.824735258698176,22.837775141138152,13.115493708255345
TFDP1,42.631157058167815,0.3427303305753497,25.71672735750521,15.401792270661385
LRRC34,6.590504178235298e-07,2.260926585886309e-07,26.04500521414374,14.475444013063747
WDR76,33.651633012836925,1.3507911948057843e-05,30.590609172575984,9.890324053462773
PATZ1,12.676805078494333,1.6302116275864045,15.771729652495909,19.675739947757908
TIAM1,6.3197283974945115,28.500394172236856,10.44166297728587,25.25719681044031
CLOCK,66.59279309177387,18.25972165225804,11.972140123108549,12.303425941328156
OLFM2,7.223829493827071e-05,2.429590105239645e-06,21.946649870879273,17.857270348402963
DNAJB5,19.412256027468334,0.2826165280995655,35.033114755349864,5.279417221493931
SH3BP4,39.90102364761488,7.338866362344277,27.085977338123087,6.437255254752734
FAM118A,23.043849974687404,33.25614870017255,30.571268575470217,0.74500782984687
ELMOD1,2.179514753284055e-06,0.7871606284606353,17.141796138040455,26.75679831428779
NOL4,31.703306273270993,5.591807714506525e-09,29.471391722231314,0.5314202493154407
ITSN2,49.84796893021791,79.57374201043392,8.773593261465757,17.516286360298015
VANGL2,68.5072206035275,2.281231481998331e-15,26.709285117991726,8.487863798029732
FGF14-AS2,12.268637624114806,3.6456473169902704e-14,21.151085634377896,15.72989465325823
LOC730101,6.152798424884712,0.003146342212308002,27.608727460018624,8.167663412028503
C12orf75,6.847864738632588,30.92289983207505,13.555147049430106,19.37103777413244
LOC100127983,15.396299716318321,2.313436075876578e-12,16.482228375683214,24.860877656952454
MTAP,59.420538535351454,28.713393993130943,20.46894994611578,5.940281127133038
SDSL,8.177325746212956,50.771337302814786,5.941785439991918,26.924562634165085
HPCAL1,0.8968715186122491,42.029324615103114,26.329166884819152,11.49766395252622
LDLR,4.588223816213064,0.47689913637756853,13.019480630556478,25.51203497565957
FNTB,76.23568282119547,23.054795787930864,20.787509071457727,13.41125356848655
TCN2,11.480474837581601,28.36761084329187,6.339307122034446,25.494463926580725
ILDR2,28.777715924778917,2.1587360346822686e-21,22.358505645532276,23.69288537361979
FAM218A,18.52081604523461,18.86735351321209,26.785383045506006,7.72837940949854
NETO2,40.0250052465635,2.2423993210718947,22.748801410275615,14.474418716645857
RAP1GAP,81.2115075872487,3.1389105820701703e-19,19.70049770785425,11.57213001789358
SRGAP3,24.963960797159743,11.391652670315507,34.903710645953936,4.735229871761945
KNTC1,31.64102610617693,1.2007758377215183,22.711981738079707,17.644533849249296
SERPINB8,18.371511651283623,43.59240819020318,18.670226865157268,19.395721391490543
PINLYP,0.5087265961434129,9.155640794596067,10.298147253023695,38.89452592679698
PEX5,19.91057215354117,0.0010743409506431274,19.11843812289899,14.606322943958522
DBNDD1,0.6989533575896201,0.0005046425597623138,26.381921242381807,8.894962442121928
ZNF790-AS1,51.11808730635871,8.05783664020211,17.5175327252604,11.567659219224325
NME5,0.04302558929036517,4.556566012213175e-13,10.988954933230515,29.951943713645566
CBWD6,35.48083328018801,23.42654166432567,16.186399784937798,21.32563689641235
MEIS3,0.09199221269482756,6.112391060238309,30.970053786239887,1.309268550644142
TROAP,0.3152019191615514,4.42292792407675e-19,29.622435204861805,12.577032421724299
PION,22.12362965688125,49.040916633340224,4.431684837421563,25.882037572371694
CORO2B,38.603133448345076,2.6181153102414647e-13,19.985323418430983,24.59230766821111
ABLIM1,16.926951308535248,5.057106964306555e-14,14.32921954092322,36.41767710657323
GINS1,45.93768366634595,5.7550489419602055e-12,24.353801983296616,15.866395598288438
CYP3A5,82.9629185980837,7.2350806277403,11.135002418032563,16.833598451348273
DESI2,11.751789781432521,6.54554994030013,16.3577914676966,29.24009454478069
CDC6,1.6975055304219775,2.359415328121135e-10,32.39343856825229,9.21999003295605
MSANTD3-TMEFF1,15.414567802345843,6.773293041768957,31.646510938988076,1.2976347807661634e-05
GPR75,58.29520777812661,0.030721724529507177,2.416404115624853,33.501347976267155
TRIM16,0.002211585647220081,0.12992555811225687,25.899080945233475,11.877550005987027
SGK3,67.21592380287784,62.51773061003608,13.577792814511982,2.108475839489508
ZDHHC12,39.42049048335702,48.41133742068894,13.31726888468856,21.669409457699942
PCDH17,21.80018076283554,2.814842968512237e-07,30.556916401028747,14.10075380384952
ZNF724P,50.639911107071235,4.822833387260824e-07,26.575042684492516,13.571269275075865
OSCP1,22.85533047758532,0.08050464707567774,15.896444922691021,34.20084908352974
AKAP6,27.73440646046569,7.631592658816648,19.894764394779347,12.012963247367365
PFKFB4,0.38832432340090217,17.143326225727076,15.786233479911607,24.590679489183817
SGOL1,39.51113930954837,1.2111025223389253e-05,31.955098097529117,5.7200955386466985
TRIM59,96.54290137987302,4.933494614342754,17.14400073377193,7.262081774520642
TMEM116,24.046052708299086,0.0005949349362724683,20.389547782718,25.919217915480694
ZFHX4,48.456831049484954,0.27728626487871255,9.11021804798825,31.24137561797134
EFR3B,3.405902882143328,8.779327763877054,20.41588504404707,24.916297853427878
NCOR2,69.01672557714481,6.7436357630785935,15.880608013136733,25.64118760334564
SLC8A1,23.051990118182957,51.81236949018759,9.042065077144247,19.07863744504076
LOC654342,4.789421376592538,6.539929699404712e-07,19.031556288289313,18.735526892038575
C11orf71,9.512216791934543,10.535208149293275,26.274449756280063,18.878222581238855
ZNF454,39.62081542837549,0.01775664450392377,26.1764453827348,11.28670274272589
SFR1,67.68267164836584,20.703961084891326,22.1862009145201,7.192252639040656
SPAG5,0.9907085796218894,5.416004758377165e-07,34.14109727767869,9.089434289231871
PDE4D,0.12533723924541723,9.487671615151372,30.268926280843665,8.656080106655754
MORN4,13.089923995821875,0.03585496559618997,28.83336364731172,17.173874372838426
RND1,12.352515873373491,4.400464949435418,28.02413342899794,7.44650127285379
ZNF180,0.0637626362499112,5.568851383850615e-06,27.787781421945418,19.769762939297372
SPDYE1,39.264846658310155,23.857878031309493,14.637789264254192,26.621566747203996
KIAA0922,0.36159305491989785,15.264824159615788,33.313785579030665,6.93754821178961
FARP2,24.4947691798033,6.40529158841872,28.149159619830815,15.384273644210307
C5orf56,55.85946315578478,25.42289550170078,4.456071788500682,29.139608901567396
LAMA5,25.68894868842411,9.741301598536648e-11,9.671817471932165,33.496626734602266
GAS2L3,0.06961225086238941,0.004516119507940823,21.305616882554933,18.49865957015066
MOV10,20.95043082811192,24.825071276237818,1.6520247655599603,37.4324784559158
NSFP1,0.35315558057807456,14.25603396490439,20.86252042013215,18.775623375171797
GALM,24.62498879404,45.231091782083126,5.970795363106523,29.815955892702483
CDC42EP3,0.0014700870873682807,18.331213788893407,21.076282907773013,15.554350808285278
ACSS2,43.27883131757543,8.507471287589322,16.934257876577387,29.00339746502664
B3GAT1,70.68519380615062,1.6420724754205427,26.336650805945503,9.706657077014055
ELOVL4,12.292128547790256,4.486857565005942,32.473128548157185,4.264250261621667
AADAT,0.5008020059893086,1.721317311705628e-05,35.189338541664,1.755854448836614
OSBPL5,1.082507813671704,0.023502636720200174,23.890639454540313,24.43409627771582
RAB7L1,0.2799918568439384,50.93853341984885,10.073352174566901,33.44964006815444
ACP6,14.080186783857426,5.98824004967166,10.671053888666103,33.883410564475696
RAP2A,6.3864026409372725,29.436427785323353,32.2778331980334,0.00012946035270394835
KDELC1,3.3067459213845343,0.00038986248231731075,20.50837792783712,17.89560688335067
N4BP2L1,24.146237434846956,47.8761815302662,4.297765802913396,23.825372141971364
TDRKH,14.587470999026554,6.988869621615281,31.42304749656994,6.398510030693082
GORAB,29.279009306048035,0.4968518745134644,16.17605538260857,34.771747527620995
HSD11B1L,1.2451448688440916,0.11076196550142367,29.677821719146973,12.122946777555923
ZNF610,48.77874598943943,7.14813614931269,19.186364692020206,12.986401453456923
MDM1,46.40893740786318,16.04669609844111,18.78431347250077,25.114076090022017
LRP10,0.02682703420314061,25.62097225419285,6.083987787352275,38.87639658756562
GLS,6.31851973214863,63.17706209607724,14.171347624772771,20.158886178076006
LOC729013,5.211306872782753,16.487532100316695,21.70408942312714,22.27277039929978
CPNE2,19.84561783189736,9.298339888920497,16.34622402863386,33.28164314298036
SMAD9,15.505570548215452,11.413253152559491,23.48902532122555,9.869980612109089
ZHX3,16.80423363884918,0.010529339021757903,14.553130926480716,37.95200354406474
PKP4,36.71546745646793,7.241211115523455,23.06704059693559,7.726040980235046
FKBP1AP1,13.414489771218486,10.341984796780654,12.78849166910535,34.38710602165415
SNORA67,18.597843493847986,28.62729869478029,32.18041376885072,6.911286634807339
SFXN5,20.01499237715199,2.801059772928931,6.91309066500499,39.19207664056052
COQ10A,11.049905708554528,1.3659072775472743,20.023115527332735,30.616736630481693
ZNF501,19.789063715606733,2.940879653718692,29.529030388155068,17.71633685801721
ZNF662,26.331470389046885,0.00046448356781750544,18.264060818394398,26.677242641756255
DCHS1,1.880483416949855,1.9605820050675426e-05,33.146866701791424,12.239729518089113
FAM210B,10.92483023201167,15.637000907850467,20.74213080941809,18.377292663088436
IRF7,21.653712637300707,53.724682514325316,5.088772695557338,25.258170622585403
KAT6B,38.51894064769506,5.13390108130216,23.62150581136703,9.943260337848493
KIAA1524,5.041443462999389,0.013045264750252743,29.979717275815055,8.01733961574845
MPV17L,21.173240414118172,18.018197676327812,12.400091807941731,30.164315860384413
KIF23,5.496064502416175,2.21648979063355e-11,26.135333490507293,10.747440945153704
MIR5047,0.011148313522951488,54.487108773843154,16.81417666464534,17.34351089122051
GUSBP9,82.07615364871707,14.29303099854196,19.63964461354086,13.02949764566614
SMC2,24.131470754526966,0.005197372082595459,33.96079925222608,8.20530087849396
NEK2,21.045024030496734,7.461546986322635e-05,32.203507689737314,7.517685531030073
EPB41L4A,18.246566738778323,5.266559271827011,30.08298506051782,14.846495700479338
SETBP1,29.538955197639403,1.721893728988763,21.03257737807475,14.846517872139144
APBA3,11.945980130665204,0.0007785530237949206,14.997554175793947,31.979986870316267
CCDC77,2.488639463860949,7.464311856394803,22.872709684222688,17.654876695937734
RANBP2,29.501079971603982,52.5149887206856,17.380072446688654,12.19665041631144
ZNF714,9.283009165777376,5.066816390699789,28.20394481764574,15.15730467485166
DBF4,41.15744248759452,0.0057312957391989685,32.82759289207288,11.522273228558918
ZFP112,27.07793441136556,7.361158189172429e-09,24.038858838682962,22.15482733992882
ZNF343,15.596307323477122,7.368913450085717e-05,19.64264697144811,25.76352526064275
SNHG9,0.005256646931010714,9.227144699399844,13.965389589329956,32.10314105364636
KLF12,28.652349181601426,0.8510246084976949,30.231694815812936,9.058544059816004
ZNF10,30.434091466605977,16.425541488831787,22.495332898996292,7.8966712995008645
MIPEP,11.897015292544118,6.74673035674941,12.63880571695775,26.366498152698277
SLC4A7,0.05273703110457042,65.79955751686578,19.264359374307496,15.590974682311895
AFAP1,45.51945057913875,6.882511193535889,25.762117076581102,15.375833517453682
LETM1,19.80927600071916,15.849376704147836,16.323960935981287,30.15197003440715
KRBA2,34.24913317878567,4.953185529203854,26.189280012328904,16.66813465080198
MXD3,12.798847218231963,0.0246878184285038,28.02758514863557,9.528833827970782
C5orf54,56.127481206503155,8.74184043852113,23.49458811572862,17.283707589419436
GGA2,2.281275809608431,64.68977254356663,19.131599047444734,8.352637025649145
PABPC1L,11.102940316146274,9.398629867379395,9.580908743893149,29.655022352677808
FAM57A,15.211592374506951,2.6651027966551856e-10,22.702714399497296,21.74722116999174
TNS1,51.28077230882374,16.294391770287397,15.96795957486676,23.19566114262026
C15orf41,27.379233203570518,11.270245353973204,30.588901842497247,7.6682975250043315
LYSMD1,5.694286264229093,7.158682337611059,24.942087695930528,23.54992534876167
PKI55,67.45151679990332,0.009491448230338194,29.306170572431785,10.520245229529623
NSUN6,10.345336858315017,25.29497273209174,32.28188911838446,10.234612998129528
RGL1,82.46732918061056,1.540580237974801,14.286451969668343,26.52811871203781
ZNF519,39.14690958605837,2.954193871211186,30.093555745375145,4.941872165684109
MFSD3,9.658553250624593,15.093008971118223,25.659468592651002,19.384750569863588
NIN,65.10664086039178,13.848196293011267,23.62680005379551,12.693186847996554
SMPDL3A,18.34757716278977,55.08886388593754,14.244325097749497,16.339130367040855
EFR3A,0.030188264567076826,41.98542876531469,7.647513458918953,27.436034879517692
LOC400657,43.23087413990618,12.691155617226219,22.306910735782093,18.967495475882984
HYI,3.033608773127938,9.335401395009763,27.745859023204066,18.32314439100936
PTPRJ,20.17670009369752,62.948421565497114,18.755338459556146,16.984909949651527
TAPT1-AS1,73.0707012445409,12.776219275833924,16.873837358843165,23.176418205960175
FOXO1,34.16670305829703,17.861790824626045,8.155197816106107,27.15568000721965
SLC25A20,14.475666026879757,15.503489458138322,30.655477513277788,13.979670559817892
C4orf33,30.230969658902815,40.94255919897581,26.870399841348696,8.408761554719266
LRP12,15.852869120348544,15.245116675353284,30.76885877661958,8.810136834623705
FARP1,0.032987320278067646,0.0014020983992078808,25.842932620824477,12.021253077162207
SALL1,72.06445306559324,0.02751855729708962,17.50308044590084,26.90438060827937
SLC2A6,12.212637603701491,17.29351584727566,34.82411099509452,0.1156326497683729
CASD1,12.94978986632456,21.850498504351464,24.839670451797044,6.421957035775657
ZNF660,42.12885247375897,0.3774992934841803,26.168752738371136,12.780965953210652
ZNF569,20.4971453296629,0.5103177715176065,26.28701903917818,21.28969923791058
CSRNP2,3.3882045568967785,10.628357703804653,21.29566367515448,21.203286217275043
TMEM183A,32.8979615943153,0.8257751887277466,27.501699218067774,15.286478999320819
RPL22L1,0.17384774623760346,17.123826829666122,24.312331557250896,20.763760184490145
PAPOLG,33.04385037328679,47.9470256148488,16.819208658907534,8.026564748377767
DTNBP1,18.58150244068834,5.969336274007451,30.40842551660871,16.108122605542107
LYST,33.23175937528791,37.34923223166398,8.538753921549171,25.238145477590727
HARBI1,88.47257195345406,12.936238419456943,14.396750138962144,22.834654033499465
DUS4L,68.15786289632082,7.505402697845248,21.22738605103312,18.220121050875566
TST,44.258556543259225,20.761219167773472,11.399994626676756,20.21369004589497
LIMD1,60.45696826826369,9.646743242693736,19.33527055141048,17.798521002907304
GOLGA3,0.7065799522036704,12.618281272161017,18.433437028521233,31.800995965973197
SYT17,0.06866687321694315,4.2045498300136215,20.493395757657858,22.304727939971094
ZNF37BP,1.083419525937341,0.07794911483628286,28.199391522211105,14.027794736393131
FANCA,32.85110446543941,9.687573545973261e-05,27.743139539986682,9.277706545009154
ZNF468,19.861872441514084,26.496706542460075,17.415761650216517,24.22762561830857
RAPGEF2,31.124472731457566,0.0291689697985089,24.67368946032371,12.436099775871112
KPNA5,61.30967483802515,8.868823445020826,26.859109871210677,12.895539412355054
DKFZP434I0714,0.0038605999421697976,7.343304909422209,29.807632445814,20.49294770976275
AGTPBP1,54.24022393282433,27.849778271658916,22.88204278602658,2.5171941288066537
CCDC117,39.403143351109236,20.203743748003827,20.450786087167497,18.507132767668754
CCSER2,35.51278665039762,16.03216539373204,28.245836598591247,15.126306375573767
PARG,6.183461222930225,7.695311935227552,31.846975472896663,10.998399416168803
NAPEPLD,82.67410433002034,8.628432745391713,14.513971188518658,24.30479928941779
BUB1,21.644716816325108,7.732212932809321e-08,25.77317249927542,10.518542111892788
PCDH10,35.7417626212951,3.1405815384434257e-13,19.912155814833962,22.620929469373994
RPS6KA2,23.457830216756964,11.008435281629819,12.73970744378022,24.0767194759115
NDE1,58.80593649108942,1.054739301292134,20.2746153752748,23.849584349513734
TACC1,42.522229115511635,66.70326418001606,13.940863142968125,16.913117025326613
ZNF841,8.954962497629266,9.289963452498315,18.046204588007022,25.24779288759897
IFT74,46.625396959132146,13.312741373272614,18.382315860050674,21.923231571601182
PTPRG-AS1,25.3709218606421,11.38265853622246,26.56144341089802,13.671230422686769
CD27-AS1,22.950528779833142,12.877910292397548,21.85337080847211,14.47913791896961
CLIP1,2.1956689697776484,22.83520907199252,21.04267647527033,28.094626354701774
PBX3,15.637069149385164,32.05852276289415,22.995546006514576,10.144533260581905
LOC595101,15.870663549336035,48.955789772277164,13.204111704943465,27.991725854246727
PARP3,21.22877132832458,18.107796014531008,14.42321740277449,31.360996280174056
LINC00526,0.002511010962707299,6.179069035631451,21.076260418506273,18.918752642560246
HSPBAP1,0.8689630336235981,61.63684404584115,19.01884541198376,16.330849545776278
ZNF620,34.53640068280844,7.755481899775583,30.748159335180524,8.870611843642617
FAM63A,72.26307784041117,8.991568832036625,20.141727702756253,14.601573107066198
DLG1,76.10562454030932,0.33856675692578675,12.55816261265932,26.204636060917434
EIF4EBP3,14.314095498269179,48.80008125238801,8.325312729763073,25.310160625827635
SLC39A11,41.05708899483801,31.83094947953412,8.160089376342215,23.193600679844163
PTPN13,41.23256825602465,0.0024480661716398382,18.552548090673167,29.401860517997346
ING2,33.63195977248031,10.34202388391112,29.770075490173742,13.079476993074508
ZNF37A,0.07836081934733312,7.977413406922838,32.84865163660228,12.28095142759447
TPRA1,0.00252086314445939,15.093574117752725,11.824695657885798,29.715950169183678
ZNF772,14.730747855882576,0.821460576423203,19.030818301663558,30.173483090461687
FAM185A,47.796781377493154,32.238591882251406,18.66605639982002,19.47854676510542
ZMAT3,32.80583242225341,10.288038045901063,20.390732837951465,23.521175412958954
RIC8B,33.86496116429275,9.614095901986952,25.223544864227893,19.696170107245525
ZNF737,53.27527028762733,12.150732740797318,25.339294095962295,11.75248488113574
LMBRD2,45.48450115619732,15.373360321264556,20.06976751462428,23.292232334926215
PVR,0.058453540657810006,5.685150725277722e-06,23.30514695500702,23.880867060056758
LPIN2,1.1760191564506657,40.36532767784049,12.402113132301176,25.952665795186387
KPTN,21.859069481683196,0.1437579067335946,17.65075570892691,25.137493094831953
LINC00623,0.01075680147915368,19.034283995271807,21.04585141631085,14.443946145229521
CCDC159,31.782601530983484,26.925201377646,14.105038560140642,32.374213584418946
GINS3,46.13925911905626,4.311049560473642e-05,24.402452996878566,9.563972399660553
SLC36A4,23.679994400255282,22.435153557660264,27.5225362357958,16.058175510068526
ARHGAP35,0.16648312905576743,0.00088667126163046,32.67861237748547,10.444049488577285
RNFT2,30.034052327115997,2.0602652346997643,28.62180907709315,8.328785515125075
ACY1,4.688184726861839e-05,43.341309289192395,24.886830385534225,16.26761292674596
SETD9,11.011569763746008,11.052012183027275,21.693864467920708,18.59303953175261
ZNF221,41.293390342589184,0.00016458791085520504,22.05996093301398,18.120235817565984
GOLPH3L,30.016256874168562,21.093675930172324,11.097904209757736,32.456338245876395
ITPK1,72.05732243460203,19.17140186856841,17.0972030381016,24.05854504070505
FUZ,16.744262175650313,1.2271534384001097,21.080854923366715,31.31089801287819
DSCC1,47.867476918922165,0.01350416290653585,24.39945206618966,13.17005127407505
PRMT10,25.579836590020577,39.40716108450849,18.955902721931533,18.606909505527376
RPP25L,22.101997900023157,3.893763442687687,19.655133266506382,29.968288504315325
PTK7,18.173558524910298,2.882244057842846e-06,21.61270233344541,26.438117584846516
BTD,38.569829639826935,34.971723395576355,13.265350817104293,16.867312502091355
ZNF771,17.568079100412987,0.039748691569527414,19.456011571329544,28.7382996541656
PI4KAP2,24.082419407893816,7.527665408746377,27.615502216843094,18.86806545287946
NPIPL3,7.939523898870926,49.300102224365816,13.972373527955453,28.52780817685031
PABPC4,6.628402258534273,55.3228938402225,21.435631849293237,18.218890764561504
SUV39H2,14.431882425505563,5.485233487148471,32.8930694183826,9.501548490600547
KIF18B,25.707974186857022,0.3656803774400218,26.306494137374965,11.480371331511538
GTPBP8,9.073996979139121,0.24815988658952648,28.43585210150923,15.068880177259361
AURKA,2.299673765776641,5.941410832881621,25.512276110759352,17.321241858664365
TP53INP1,37.119490963776066,28.341469760322266,21.91796913155625,17.770257961536196
USP21,55.11842380118256,0.009505705473638248,20.71212043685903,22.041332536391526
DARS2,10.404756208638643,6.385868301087815,26.35318662726198,18.5683566040971
ARL5B,23.509398954445224,14.663808491377914,29.644284855828378,10.889754715901386
HERC3,39.932308590081234,53.34828450421055,19.109285088926697,11.418380112518854
LRIG1,28.899306560996088,13.932534171726397,15.97083526958731,33.07579691719633
RCC1,6.781272765967264,0.0014760379196608142,31.148519831876616,16.74385589450576
SNORA63,29.45046139608618,13.436421800577177,21.429710826657363,16.19023618044978
CDCA4,21.65850989061482,1.2372791717707445,31.47516137220077,17.13654885618129
C1orf51,20.902194823277632,5.100265810955372e-07,21.778622210459368,20.938545632665253
TIPARP,28.185483030209696,21.161231976457888,13.652068771101765,28.09479730472361
LRRC37A2,32.52058586640321,22.521271907247467,19.870471046121715,17.732454446139418
CHKB,0.0005449056985370082,43.55942748875423,19.697789912746607,15.141761615989795
ICK,52.47097714490338,8.552351213250118,28.89546499907003,10.495075272591048
C20orf196,53.7881735883525,10.642493241341757,13.670920524176044,22.821851520354986
WDR19,24.47218631440218,3.630637285649076,14.04395496763661,25.212485008397685
GSTZ1,31.78017785356914,11.012206135187583,18.395125177131604,20.803042827883786
DHRS1,29.76278680402563,47.58828749486911,13.107332374699338,28.38111925333747
LMNB2,20.865857387040545,4.830600713502935e-06,31.19575431152786,16.929553695513164
PFN1P2,45.56453024625063,26.529259902989104,22.444329995821136,16.27137686849219
CCDC41,51.311787631009295,9.116786998465269,16.105346279964685,28.929034856303897
POMZP3,41.10181044600028,0.5053350933007907,22.74075808154047,13.45121867778943
GUSBP11,45.38859307034983,21.535145858091628,22.760810126861806,17.657916253701554
AKT2,6.581987933765292,2.318348794671312,13.10232245259336,36.39707649216854
ZBTB26,52.25807399875808,16.042736434952392,20.08247501098508,19.398338250180263
GMDS,9.990627716868217e-05,20.77461130685239,19.43053459856108,21.757437796884236
IFI27L1,18.40685835768409,0.007287071631443458,17.347695146730977,26.450927904607717
LINC00265,38.421048914182116,7.316356349818269,24.757425802179203,22.90725045994617
AHCYL2,27.367389687756116,0.44555700579712504,13.339633985878315,31.5084211155414
C20orf96,22.859960173769338,11.405432954592795,13.266248528401238,26.459017756011864
RNF115,36.31392987404723,0.29161972622216276,23.867567009020192,23.328107419251715
TMEM67,1.1171008048259914,0.010384727631568696,13.412522044004271,31.169152464603496
C7,1.537186825478571e-41,7.729332335425373e-49,9.972115901113643e-16,8.16855402096373
SIT1,6.035544765412392e-22,13.11204444700096,1.1055488778652656e-09,5.123608591021825
ITK,4.1253113147655604e-24,9.826346376037169,1.0584143700000145e-12,7.638618004460228
PTGER2,9.238446429431985e-17,7.355170996098829,0.00020751613649444485,7.198074149108387
CRTAC1,0.0002715480510125189,5.674810011989411e-29,2.327747124015742,7.5899925990665125
POU4F1,21.850263939461122,2.4983640184266003,4.272097525005295,3.8361666906161915e-37
CMKLR1,4.1655500037368545e-16,48.77664095120133,2.944968245190148e-15,1.794653052981692e-14
CHRNA6,5.091610762170152e-60,37.94330522034494,1.4436669201981589e-39,9.191618864458647e-44
EDN3,1.074779388459553e-110,2.7128834937354457e-08,2.642924749971163,1.8092680019993796
IGFBP6,4.066951204744332e-09,1.936046706589838,3.3396227945266888,7.130371030411468
PIK3AP1,5.1405738678560667e-11,49.26563401863564,0.06691493273239489,5.916141977616493e-13
ALPK2,4.4882620031595435e-41,1.9742113652400826,3.2924321067424933,2.14035251585291
LOC158434,2.6377466520550108e-08,6.05175134192598e-48,3.590950703793133,1.8615917010275296
PYHIN1,5.184245178864116e-29,20.728653595442367,2.478447917502329e-19,3.5288517327662223
CDH7,2.6438507102325134e-06,2.2996800051015946e-36,4.113468511016724e-06,8.345107142368102
SLC13A5,0.0010924848832679834,1.0846714005497255e-51,0.0018162826030120715,9.283979553076339
FAM19A1,3.5041062944616606e-29,0.009539896906635986,9.869075315191983,1.6465041118611715e-11
FST,21.452336019148888,2.6755907573526762e-05,1.7727976266983274,4.308278069435915
TRPM2,2.0360607150850503e-08,49.1569510523592,4.9309706360154624e-15,4.7143039827475814e-11
CCR5,5.850323974460921e-24,30.904704778834756,5.0410450875565e-15,4.544084543945021
GJB2,1.3250008018719894,3.1227066874477245,3.0092526495724528,7.663046137964555
ZNF676,5.361858843832904e-21,2.5747738063603864,7.8872287159701235,4.450543629564346e-48
C19orf38,2.673094031368366e-25,45.49834397332839,3.819787335522393e-16,2.5677510490397186e-15
KIT,4.463464763270698,38.836404395124866,3.173619254634553,1.5773234773761263e-29
DPEP2,5.978284794313701e-30,43.92386772732673,9.007561333748485e-22,3.696124531170985e-18
SIGLEC5,3.0825268315099026e-42,41.0352306062258,1.8472637835487198e-26,3.211549350030492e-36
PTPN22,3.629415184646029e-30,29.440828568645138,5.097814023960043e-16,4.682658185351024
COL14A1,1.5020810408450743e-17,2.2254908376458604e-45,9.597166392282358e-08,7.730848030166268
HSD11B1,66.33683316731185,4.839990536680503,1.2911440748112735e-18,4.631696617565083
PCDHA6,8.479659980429542,5.849522628569854e-15,9.595268531370593,1.9803554411478164e-11
ANKRD22,5.230458051126904e-23,45.13402963272488,0.00476790415609907,4.616362833554415e-21
ZNF98,4.401976442275981e-17,1.0268132745562948e-38,7.6177699040237,2.518356772984577e-20
CTSW,5.5412719085415306e-14,37.66850792555753,2.4124149230366693e-12,6.2128639904869065e-27
E2F7,20.114757608205302,2.1207163382504243e-19,4.094166128096183,6.095469665297226
NKAIN2,74.82670776006904,0.061305687476721285,1.981110350961731,5.190120055680926e-13
ADAMTSL1,1.0522799170590538e-10,2.4070213971374597,4.310237378739082,3.5813137193049145
FGF20,3.0238708951165127e-46,37.7673212520013,2.0474396377687506e-30,1.376573297738082e-30
KCNIP4-IT1,4.434130259282265e-15,9.369174281221113e-42,12.588446940641841,1.1807805533463477e-29
SCGN,18.15355330468449,3.203782611987207e-05,6.128827935840441,9.480434139765374e-18
IKZF1,8.18752238764496e-26,36.58917695530932,2.6223016636202156e-18,1.5350690040229042
DENND1C,8.73599542074666e-30,37.08652820290638,3.984649400640871e-20,2.292437887311297
HHIP-AS1,8.329400768637717,1.0360725215916784e-18,9.406263206524851,7.165166287011789e-07
FAM19A3,2.2210751346778274e-32,5.386726801250161,5.02346015519345e-24,8.590539473595806
AATK,76.5807323268701,9.979654703363528e-09,2.262350133993856,0.07781355311429995
NXPH4,6.310356718576736e-29,9.507860791791567e-28,3.6076490935714893e-07,7.8420717980247385
LRFN5,1.8539728973791547e-53,1.4967857642380637e-54,6.9003834072421375,2.72470311756633e-22
MMP9,1.5214072557714938e-20,3.3051374062019256,3.5441222753129305e-05,5.844317570272137
GAS2,1.4343558914119534e-07,4.480104938690098,10.479811851373158,3.906656019591331e-14
ABCA13,20.325983305864533,1.3742005054193078e-38,0.8453286536982059,2.170675494112312
SH3GL3,79.55661499946906,3.2232030502469117e-13,0.05829450735703732,1.0733704854963113e-14
ICAM2,6.196925087228123e-09,38.853348093739214,2.4666159969883683,0.00029468052551183047
CLDN1,1.8810257387399833e-37,38.57064410654945,0.6113190180151435,1.657255787191908
ICOS,7.177748245819479,19.050424093363457,0.37909165821753565,2.3636290527866084
DMRT2,5.6503358783656195,5.887992571564022e-19,7.652078921154342,5.5745548915950856e-24
IP6K3,73.83222463686876,2.832908878818748e-15,1.1802788954140859e-08,3.765129939595918
CASP10,1.321919034904088e-12,43.523652464590114,0.00017358051736521312,0.8465714426791774
FAM179A,3.249648336126212e-33,4.357123349149008e-25,2.4847327237647457e-14,6.964333056040418
RYR3,4.762873567599598,3.275346588435023,0.0042564085044262635,13.285384382734593
CASS4,0.1995739868890072,45.50633039666933,0.24200673127874028,0.003564543521999757
S100A12,6.933298599723185,34.21504446818478,0.0346597927713552,4.906771347845805e-16
PRSS12,9.732613609577161,7.0821874728550736,6.93261423034994,2.876763492613666
KCNE1L,14.42372411665025,9.559854182341514e-09,6.781615716792959,4.06001045855791
ARL11,0.00015514375010327732,43.19572838484625,0.4978715545395408,0.37212347456035977
RUNX2,1.7940260824936337e-16,35.5899824686503,6.048112224077934e-08,4.74236679753411
COX7A1,1.1632570838965697e-07,5.879771131924904e-25,0.9349750616856783,7.475486304563719
PIK3CG,1.697950231486794e-30,40.54256746092777,1.4597364687796596e-17,1.4424884837588043e-09
FAM157B,2.0278533757326884e-24,41.46750669535083,7.263995962431902e-08,7.886796116175181e-24
MAP7,77.78636765764391,0.05267367371726579,0.2946048719330158,3.614613114123323
ZMAT4,0.00013107746621371613,3.392927873570309e-05,4.976686289286018,8.143004139946102
C15orf48,0.0009486729537886397,19.808354100984893,4.634695850119987,1.098366089811476
ENTPD2,5.213373531388538e-17,1.3704685437139545e-26,2.32006847685302,5.416720474629141
EYS,11.52150758824965,0.4011173769628026,5.961550806617498,5.1294738114324185e-06
CSF2RB,6.694183648109342e-24,41.816710858112934,1.2951315438940344e-17,3.396950512314794e-25
CRYM,1.0150251203999782e-18,6.521864608907438e-37,0.01702631567374671,7.816803505953548
COL5A1,1.345405328731176e-23,7.912303576667025e-08,1.4174987287170327e-05,10.894229071715905
NEUROD4,16.60068390525059,1.4869610282567512e-21,3.0873907196245467,2.494139741363394
ZNF683,5.651869037655277e-40,1.418813375109055,9.214090301263121e-16,5.114818614382105
ITPKA,2.6923387797454605e-21,3.563520568063346e-38,7.621861903039137,8.766190711183104e-17
CD93,1.6953647959106235e-06,43.98672891454254,0.046029994679006536,1.2282732178055466e-08
SNORA58,0.5639322271795425,5.223769668274059,4.337363003910533,7.5755073928201595
LOC389906,2.67202768233225e-19,1.0523859602621419e-38,9.506440543164322,3.0749048053002007e-33
ALDH1L1-AS2,5.993191381027721,1.3018779067531987e-09,6.39988949562632e-09,16.817249016633816
LILRB2,1.0036274544727674e-09,43.14163513890314,2.2864954667211913e-12,4.39639182837771e-06
AK5,75.55553495436413,0.0001691964186368316,0.026283345322550465,0.05247324964906552
WDFY4,1.3678753435500891e-27,39.501485344626516,5.760904341049015e-21,1.5484342471556467e-23
CECR7,3.8092210395661204e-21,3.8455540766584103e-26,12.005483049987259,1.7487631811033019e-16
C10orf107,18.01485919076251,3.5893263387801622e-25,4.471779661909742,4.820208272962292
LOC401074,4.195055602526899,1.0136165200258773e-31,11.399395231834452,3.8934729622055066e-21
SLC6A15,15.105741075146632,0.36015813028242655,6.7039137327424285,2.133277524740933e-26
PTPN5,5.547037530129413e-22,1.373906935182699e-06,13.254063607270602,4.4310084992915584e-16
GNA15,1.9716876482398513,43.607391012775906,0.0060163899237001515,0.12685299531488126
CALB2,3.288654623221379e-11,7.937023660543905,6.995381737589239,9.785651829959499e-29
CLVS2,33.48195243860044,0.03256138285705926,5.009650012623051,4.602687821815458
VTRNA1-1,5.762657645731994e-13,36.89307789334082,1.823246240171907e-18,1.7383010456949793e-05
NPY2R,6.712415947004801e-50,2.303242126202943e-12,2.2179920807222227e-16,12.147546956965511
DAAM2,71.95668900527743,0.00026463687176818597,8.85160910282422e-08,2.3314603668469744
CHODL,13.662276296877238,1.5687636868048207e-15,1.6057697075637622,7.617536126846452
IL6,2.026321150706833e-17,13.63844433901139,3.103779613314642e-05,8.715195069738966
NR2F2,5.3570338125525185e-11,7.91389674170278e-07,7.389358385881619,8.22991204624565
LINC00473,3.08100970002218e-13,3.3548800514051887e-47,3.502336270421774e-09,9.656004086993015
APCDD1L-AS1,3.0090296218302835e-29,6.807565684454542e-32,2.221945161807338e-06,10.775841742708144
PRR5,1.5234531683412684e-09,12.11456440694686,4.748802207924286,4.171149028445246
RMRP,6.3836486247441764e-18,28.8343614904537,2.6521671032321175,5.115921992081135
FPR2,1.0567462364932514,30.705477577180343,1.3359138841129283,7.290452494330492e-11
SLC4A10,16.786413493065815,2.7110715709852538,6.603398276031315,1.760976983797893
ENPP5,30.575581684051294,11.590049487806859,4.204565926811247,0.0021181281721332243
LOC440896,13.7299915868993,0.0003579918845611261,5.635861729798574,5.319230304969441
SH3GL2,3.0751435808220706,7.990377919548033,9.31091497098511,3.6730478223083897e-22
TTC9B,6.5399321369648395e-06,3.9687270719819137,10.504337509934492,1.0517219839219823e-06
FAM19A2,21.782314133395325,0.6971397427364604,6.545551464800328,1.0923569629948639e-20
MMP17,1.1148496160109582e-05,2.0500012433280603,8.167471416325089,2.007720010147372e-08
KIRREL3,43.25209113543237,2.1528070322984383,4.3267529753209555,2.303110426527405
ZNF600,1.1713925289716823e-11,11.192338997787758,0.5144748538617719,13.819376297018543
CD180,8.020380383662636e-14,40.03489684113359,9.889978869606338e-15,0.01196482406792936
SLC30A3,4.348217351261149,3.6722801993906496e-26,8.292602342403082,2.130664062948887e-39
LINC00654,16.726080499667738,0.2982851781089439,7.262959493853931,3.805575073362173
IL1A,6.470941623035787,32.01601611300553,2.365659566309063,6.367404860710703e-07
CA3,7.499717149126148e-09,1.6130754350140976e-16,7.15631379076809,6.232218962151841
PTPRM,1.0228417245883058e-05,4.250909040822947,4.888278066583325,7.661487239127552
TAC4,1.6553871140798114e-11,1.9498111326183707,4.162083394595681,1.664589681254502
PCDHB6,0.0002404047705782968,7.894906854720842,4.891439893584419,8.094000688430778
GALR1,3.4710823563651504e-20,0.20679131006309845,4.95930924010069,7.695778716268843
SEC14L5,71.74782803582714,3.917434064919512e-11,5.209753447786314e-09,0.01691151493638883
RET,2.394576467446575e-21,1.8460432566792548,2.089707176561754,7.0931884948154025
SLC2A9,6.492010244992675,39.43864509966485,1.9880540061632848,8.790568002637601e-05
STX11,6.0717696687254765,37.39434066039631,1.3207844107623292,1.0214071315662199
LIPG,2.129879185497221e-16,1.2723667351873027e-09,0.20746752918505412,11.629668660287896
PRKCDBP,3.3691294014527227e-25,0.41679070019898223,5.760561697103994,4.748404577164441
OTUD1,2.4568466357987577,33.71910486364799,2.615110211992421,0.1822336121692048
MYO1G,4.2212481336583184e-10,33.369564708625624,0.13299732004656134,2.700185725891745
FOSL1,3.763751375980546e-06,7.76588495777162,0.5309076465336455,15.534071582240173
TMEFF1,47.07657801058382,0.002827744628545133,9.276508762828305,2.99164046892365e-17
HSPB2,8.353817023710013,6.276038958232434e-05,0.6866450728108889,8.45474376702844
PERP,13.645760222556797,4.607097159187702,3.791300031819168,5.907803398450126
DAB1,6.868828238863273e-20,6.6201628135290586e-15,10.695968729828142,1.8403139052813753e-21
HILS1,15.803050073592336,3.995340142619491e-32,9.768280172245298,8.838510072444002e-07
LPPR5,0.0045396744473297675,7.880660954081384e-08,9.190174360941578,4.521735934707293
ANGPT1,4.920627889617439e-19,0.027921081999488978,7.699636524860677,5.2390069347665245
KLHL35,4.552377548544887,11.524199759878746,8.086128980399321,9.106488973284536e-25
NDNF,8.2270797753002,2.4095353315598123e-36,3.0325319976589675,5.750700884646833
C7orf29,7.079229956296831e-36,3.004500258348314e-07,8.786122913504947,3.29650216254055e-18
GBP5,0.14735929833206585,19.50323273546822,0.08482872975729232,6.066171563189913
LAYN,62.103277243176045,0.43335456908644293,5.764830501301817,1.650693464448281
RGS4,3.7860409641369496e-13,1.7416566063311552,1.0736094652445332,9.493909462280852
C1orf151-NBL1,1.1860222725300621e-08,2.9008386492696037,6.846640680764984,2.2874193449519913
DPP10,4.959166114606057e-08,2.5385652142485376e-44,9.221082682131886,9.933299039672264e-22
DEPTOR,33.56436906174855,35.210798482119465,1.4836736985686803e-05,4.1444419797857455
GRIN2B,1.4090410550612955e-11,7.133891106591069e-08,8.924702191466203,5.3905578805002894e-17
TNFAIP2,0.0034949202278915024,38.022202293465284,0.006071738402136222,2.148267671936952
NAV2-AS5,29.999668244481565,2.7693786219476897e-09,4.72603952872887,8.949520803955046
UNC5C,42.721212429339865,2.4571254429565784e-16,0.08200723973662083,10.699881623137061
RPRM,1.239977814087677,0.0014699502851457707,9.899214930345941,1.7924634645620634e-22
CADPS,3.218040421907932,6.141216039159981,5.252603914710231,4.723965393943485
TPK1,6.564894067796739,37.539459336528786,2.373020542976786,3.8382584504702986
ADAM8,0.7993222720895283,26.588625890174633,2.4335788323130316,1.0332978132153459
OASL,0.018698400199326427,13.754367171334625,8.836201171524083e-06,10.786278383559493
PIK3CD,0.00010651210628785036,36.36047291092799,2.9858238835479156,2.4429510611419096
KLHL6,5.439296371257785,34.20020274014181,1.291131655179348,2.237597282069512
GMIP,0.0037849962061743854,39.367575513286596,6.451938642552992,0.021716310534690215
DSG2,0.0006909971011841395,1.0546081224088251e-07,9.195911723749768,3.182332682625306e-08
H2AFJ,0.36142342332596333,6.142435563167352,5.555052950537764,10.288400698948935
OTX1,0.0016254805855130776,9.412210696260718e-07,2.1501163844891833,11.537492390269849
LOC284260,1.289522170356532,2.867873391729316,9.02617724606324,5.245120775709478
LOC100505865,0.6727160666130764,8.559757128349537,9.61704966014142,3.319312454572333e-11
GRAMD1C,15.517369036240039,1.9792844582432152e-05,1.0848009648685526,14.612299529029135
LDB3,64.70592338271815,0.006389074396607412,1.4306205365789757,0.026761375130899673
HECW1,8.907288402371174,0.01873978426216553,11.324622109393914,1.3298113414795086e-19
LACC1,49.557304816423155,23.32340102884963,3.693404888079956,0.010331629797473426
WNT16,7.526628715959411,0.05981795185119686,3.5136279391383014,6.981227992075284
PRKCQ,47.9159866839566,1.6521409566258431,0.2000500042415092,6.030783765795344
TMCC2,53.77621993171033,5.657060061412957,7.274395863034266,1.372936705308882e-06
SHISA7,10.290934275366473,1.430187446836808,11.505837415079187,1.7648431976395437e-20
KCNJ8,3.017377570638877,4.78038315608491e-17,4.474372144424682,9.629225535010553
SLCO1A2,66.92245411568769,0.6553665818798178,0.10998688981192505,3.1541369185126773
MCTP1,1.7371600505002796,17.850120303205323,2.2487117442457185,11.627511326570335
LDLRAP1,60.832576441229584,12.715159886604509,0.13142344748372967,4.609114658150051
EFNA4,17.358459960016614,18.7332740901334,1.1077642095436353,10.683471374991496
MAB21L1,9.21625191418989,5.699432021413897e-05,2.018484022338498,14.58708878383633
NR1D1,9.637485041268901,3.116305610972775,0.9185719567967583,15.606249312882053
BRE-AS1,8.188977485592284,31.792072220713987,2.6775713429577266,1.84919426863072
KIF19,49.27877353721565,0.00027328776341944375,1.2727192081926175,3.1686082311777755
NAALAD2,19.39333324191035,2.8822426052997367,9.098638063342227,1.2150724421092714e-10
STARD4,12.93674981963487,20.136372395853346,5.483610976529578,5.781132728656333
MARC2,6.058013985875799,0.0002787214231901309,3.4444030353528095,14.45335731750518
GPC6,3.0237415163903605,1.8951028478381287e-08,13.687945915119819,5.078812912711458e-11
LOC338817,2.7575939440587924,0.08017683735357616,5.926764538499244,8.601347049046533
IGF1,5.1465337313936566,37.774408287940126,0.7202386586403202,1.7010611989424838
NMNAT2,1.9888315541403407e-10,0.8814970014207504,12.26311602975,1.9329973614893402e-26
BMP2,2.1877596306736855e-06,1.6223880119736123e-21,5.803046033791086,9.0954697419929
CHRNA7,15.940035511939557,3.238497941700946,7.070748968400985,5.4325151664283835
RPE65,3.399631973524618e-36,7.793295750576612e-22,5.740205622190115,6.103278644260525
LOC646903,8.444756194717628e-14,6.471621638325995,11.213163357592967,2.4509940506331414e-20
HPSE,11.025502047565867,38.27243227943761,2.672973215031131,1.6002451662246304
JAKMIP1,10.271705119848914,2.35288063533915,10.066987065377932,5.524972500061274e-10
FSTL3,1.5130957680432985e-06,0.05019134514300955,4.736427450530093,9.909103601818096
RAC3,6.793977245401872e-08,1.835297639005023e-21,14.148341006746788,0.0004895465533253843
NINL,0.1248920260933503,1.3980349008038187e-07,13.104182617833954,1.8527613635894147
CDCP1,0.0010826041902191822,36.97266533708113,2.5031793522070425,1.7521463983716046
HIST1H4J,2.356451466233353,4.281764086466681,11.189996126782136,3.4987939228668066
AMPD3,25.30716837927039,34.14315808831929,1.2715555120539694,1.2811255672708672
FZD7,6.9013358551041765e-18,5.249400660116686e-13,0.6452348383209782,17.512522562148092
ACCS,1.8338036108161115e-06,33.42106071974041,0.34834897496144546,5.94292893147055
KATNAL2,9.972056769296154,0.00039700774539636004,5.13540360993273,8.44364015190076
PTPDC1,8.84096893240539,3.946963645796116,10.599849429881155,2.7026755145052404
SPATA17,14.334627676448337,6.447014614793557e-19,3.2184372090867193,9.928607525816183
ZSCAN12P1,13.34866165657899,1.0424973376640925,11.180213502546732,2.883299669213959
ULBP3,4.8420517069748466e-15,7.3688364898280465e-28,10.0674954375722,3.4582604335537153e-13
TNXB,4.389514454448001e-07,0.3157161538510888,0.0010765842977157433,13.916160984753523
FBXW4P1,4.9940094080512,0.11317651096298685,1.324469254393097,10.262508956158191
CSMD3,5.1346015269924244e-08,0.025508080777503377,11.049155265004535,1.2567214665508707e-14
MIR4440,0.030793754741330556,1.8376894297474469,8.276975805563179,3.916716770728537
CDKN2B-AS1,19.788689193772978,5.920380799581343,8.797241036595533,0.007329694896831003
MEX3B,9.912710505432777,1.4582327736597058,12.4005312702758,7.316161356240652e-21
AURKC,44.76511390780043,2.7928461451522527e-19,3.618721185163064,2.8605152834249776
ITGA3,1.2715943658479363e-13,2.9815964614198247,0.7860434863521056,14.849572684421068
PCDH7,0.00014459191003783552,1.4174143241246493,10.78408698094965,2.5393100140354987e-08
NTN4,11.660249314814463,6.126578373143778,8.17977581282849,9.370273014585674e-18
IGSF10,2.0822768735034212e-09,6.8444738471273245,0.1119544356740885,13.819067605722465
VLDLR,5.914335146984887,5.137858931226803e-06,9.141467904936542,5.557215763724326
LYPD5,7.498992751473865,0.45491301338639484,10.43120812509413,2.9367585624928803e-13
FAM110A,1.3086643966764059e-08,13.131942168828754,13.34869094865516,1.512433711496179e-10
LOC100270746,6.80582312980378,3.270641774428282e-10,4.720026117716251,6.768456978990507
LOC441666,3.238504329031248e-05,1.8321957698994285e-06,14.123307567357923,8.959054508152312e-06
METRNL,0.5328627139078909,29.049903932316116,5.99126065653377,5.219856496752213
FAM24B,16.104258235745927,12.294783729060228,9.415391100018413,2.7677357509465614
AKAP2,4.57037811223158e-12,10.417389838443928,3.3564737213051004,12.564195425151611
RAMP3,11.83690786699856,9.072786381825834,3.65646402762052,5.403552389900551
STON1,3.4456262596611698,1.0817644086091245e-12,2.830391953987773,10.736417485897327
FCHO1,38.09641351254977,19.244781575678058,2.9038937330859245,0.8346118550760219
GSG1L,7.050466766892272,8.117040410932702,2.6138184250552787,14.61987801580231
FAM198A,30.34157367732277,0.007316982800558069,7.16403927640501,0.3275983904572548
PIP5K1B,7.4964395009648905,6.811521759350449,6.725185725740655,1.1869874657635415
MT1L,12.255232764172119,10.082497430535662,6.0499216192649e-08,11.543089183811706
SPSB1,6.247447383349452,0.9817893197703642,1.622977871825305,10.25908767759948
JUP,33.00990456784957,16.736149593673538,8.563966676341071,1.1742467123189826e-09
KIAA1324L,20.99491375939622,11.134201325714304,3.9719179788900916,3.0140678938256213
NUDT7,4.423294004662532,9.630752848117153,9.045476662401205,4.760643602958544
ADSSL1,0.8101631231429858,4.567229542526893,2.159609720937776,9.694235161880075
SEZ6L2,0.2114212147673437,12.024187968505064,7.62095483198177,6.1912762673431025
DGAT1,3.362727056831872,0.04220171026303147,4.554521881971849,10.101434834145786
SNX32,1.5852230893173926,8.654223418535282e-06,13.648457580127412,1.545141866434844
ATHL1,2.7236279741872062e-06,26.48244059391264,0.4349891725789396,10.876861983282756
C8orf56,1.845917510631173e-10,1.6246249720750446e-12,0.20903703213737043,13.11982820557524
MYO5C,9.656340112031847,3.9058281987246654e-30,3.44435884211728,11.416579649089218
ADAM12,0.023972044075305763,2.2178176233323298e-15,4.980348567457679,12.872424286047652
CKMT1A,0.0006076806402790998,0.05617018875288717,11.955398205999836,3.627941142748785e-23
SLC7A11,5.314531033223577,4.857413900099606,2.433345562900518,12.425709207589652
ASPHD1,6.367084253804357,5.317190293338373,4.5880966350245895,9.799280049196195
CRISPLD2,25.060420697565448,0.05890877051831343,0.19275701616914606,10.310284388402303
PIFO,3.6590718178490573,5.619844942546342e-09,1.8859214020206108,12.921109544702224
IKBKE,6.301841903811397,30.950524181604226,1.77944019247609,6.206420536473646
KRT18,12.680948812816377,1.4776490731656727e-06,5.783419996299599,5.000943360024369
C9orf131,25.81134264864054,1.0156661346922335,7.902521053347512,4.310756725625216
TEX9,10.625583102284285,5.44405145876182e-06,6.508912821383792,10.817397764571417
TMEM158,3.342854602458336e-12,1.1866411666916533e-08,3.9499791595948532,12.10267138508914
ARHGAP20,6.786899203059037,4.172840239147483,4.59925237857572,11.0042752011175
PRKCQ-AS1,44.97615086303317,2.9617611829587944,1.357227576957011,5.282820919129818
SCN2A,2.8422986399132966,3.42605769391756,12.698014608599456,0.11806534703524188
FLNB,1.3523880486682052e-06,2.0168618059205206,9.153835784213255,5.410081926081271
ZDBF2,19.079802065208856,4.2076823376118835,7.109143840316857,3.945718370462416
C15orf52,9.67525857336952,24.26567676891413,2.118370418534711,9.184197729132006
ASXL3,31.966104257445902,3.844012486130662e-15,8.960624865508859,0.05894208072714145
NR2E1,2.5285188774831216e-07,1.47917009898497e-22,1.2729624232331578,13.900679652873375
LRGUK,4.160763746998829,5.248172784384124,7.470535479207032,3.2439178626471046
CELF3,1.2015666367792677,3.103669071473593,11.809318606322282,5.537985840832588e-21
EPHB3,0.0005284893297131455,8.27076502163554e-12,12.214033020490323,5.414945692654785
LOC100499183,3.814366461177306,0.04855168030328453,4.701538173185191,13.628914854461614
RNASEL,5.023178986860248,20.517594051416562,8.027580686339451,4.984798935052793
LOC284998,32.590833011271535,5.207899775855176,5.41163221873953,2.7401321845756312
HCG4B,0.001054115788533413,0.00020243571187087664,6.120397730077304,6.5851079669934744
KCNH8,36.629879928317095,4.611813285328386,7.760020198620329,2.2869208140732386e-19
MAEL,9.851463976640922,2.403394041822251e-10,3.739125070939678,9.828334481521628
SLC25A45,0.038154081451159554,25.03051914330244,2.6440222101078805,8.532719457443887
FLVCR1-AS1,25.004444718860512,18.21456359347609,5.792470874648579,4.057588965465687
DHX58,3.5901011834548995,20.51617305087193,2.868222498209636e-11,11.124803817102851
ZNF214,28.521640806057036,2.2972114792628034e-07,4.2192962564640135,7.243144109628631
IGSF21,17.761631534900726,18.602765011161953,8.564479215837698,5.801659773765467e-07
SSPN,0.46720393882808875,15.616765364838544,3.8019719826848224,11.813799737025155
P2RY11,0.041887534880341935,35.05444411222789,4.48785561036626,6.239779910981492
APOBEC3A,8.771302262552906,34.45925858170813,5.935468835197987,2.834758789225733
SIM2,12.603119377628513,7.8588752476588235,10.408646214430522,6.216849910544854e-06
PARD6G-AS1,16.612592224622,1.6056985962169682e-10,8.751126919163388,7.413842274317658
SNX33,13.921426659429931,5.599874714622516e-12,4.11436737730252,11.03479620184728
C9orf116,0.04390144764406908,2.5331934602763136e-09,4.797356243493885,12.417506535502133
IGDCC4,2.0643497646054257e-05,1.632861907756305e-05,6.09051638186531,13.942446707322345
ARHGAP22,5.487037112125298,28.648165885646332,5.264646114551202,0.0006897593066511207
TAF10,0.0007982959487993487,0.09181937925125838,8.539368049981471,10.093917866202085
HP07349,0.0010976824180056323,0.03206267870947555,3.755133903881669,11.818871928559906
GLB1L2,1.0409156708339757,1.6419105686991148e-19,11.30697145328931,0.0053456844105825635
MYCL1,24.645449820933358,17.771172165397278,6.128918577667115,2.036069411253872
IFITM10,37.04785151295253,11.484832581378765,3.4625130019649664,2.815573133250058
HIST1H4K,0.0019394352480640422,14.844968056867947,10.712370839211745,7.383449068653687e-05
SCARNA9,0.00014857073992009427,15.962111810612168,6.406621931386572,4.406609930477523
LOC145474,8.920887038986642,11.501396229081843,5.3050269950871405,9.371992218531473
PTX3,1.467902262745699e-13,3.2640902417529025,2.1950984719071926,12.640425785384958
PER3,18.925740860662682,9.09244510891783,3.2923002874702116,11.2418105132991
ITPRIPL1,16.423152851151954,0.02656760346754377,7.057950065327346,9.040656204267117
TTC7A,18.979482275635085,32.222375938204515,2.778425671386408,4.9402618092633315
CITED2,0.4017753601186166,11.366587052539618,4.626369594313072,10.633085205108948
RHBDF1,7.830772901670738e-11,1.656386875607042e-11,3.114170676382881,14.089202919989289
VAV3,14.817922674384985,4.278139122422172,0.4405645706983979,14.571004752182763
LOC554206,3.3941538380162784e-06,10.332410704266927,4.696725216633654,10.144750467980396
KIAA1755,36.40402768714566,4.589777837364352,6.881439344201094,3.065481773659607
ZBTB8B,10.419074278639826,0.03700003265981231,13.073765752977456,1.3208806148921968
TRIM56,19.548725717728324,8.211970269671372,0.818450481722525,15.209622576709451
PPDPF,4.561623733925216e-12,0.09724313545331327,7.494048894687836,12.698187135673495
FAM47E,0.0014458745344269612,0.10710783102391198,6.95578466999363,12.948754570380638
EFTUD1P1,11.184195899215847,0.460001867118636,8.151780246284698,9.128861603987586
SMTN,0.3241859697524855,0.003682541905376607,13.130946333674169,2.247354464498579
EML2,46.236679337160204,3.3689136336229555,4.320405159639058,6.310409697220343
HAVCR1P1,0.4083870966180345,0.0016517870771473285,12.32094704898612,5.659923385854223
PDE6B,41.16945710507266,9.889312467646688,3.338934880209777,6.375664698890978
LOC100507424,8.720635134821183,6.936416923386285,6.880343492766833,5.982038226656128
ARSG,1.1948645642425508,15.193800275691542,3.9636669232588058,9.750707198741324
DKFZP686I15217,14.281144644551262,1.0657756044472697e-06,5.284647846700629,11.747769424652187
NOS1AP,17.62377958911197,1.6387691401317658e-15,8.388710326292484,7.689894295501362
MIR597,0.06574579557827476,1.791971607636556,6.810645281159164,9.574541554394344
SCARNA2,7.2669110497031415,5.058571006687586,4.149713086418772,11.175867373331263
ZFHX3,8.74049017617271,24.877275699870996,5.47932204211069,7.767523325058998
ADCY1,2.3498721164899745,0.00020063824747716688,9.99207995056617,3.198661507103651
CDCA2,3.5048755056640677,8.046849600016596e-06,13.688035976045589,3.591829860480868
BTBD8,19.469962452206246,11.756671269777339,8.38787101437663,0.46691633416428885
NUDT8,15.717339275040697,7.111555497784101,4.920374510833357,9.79372701436996
AMZ1,37.18718998970724,4.523162015659119,6.1413387674618685,4.190769229591044
KCTD1,18.73230729664932,4.475853260143192e-15,8.255854520973369,7.810715484274676
LOC81691,8.63240641616839,0.1320064046790051,13.02770953682102,0.03383483843189456
IQGAP2,4.80530790967725,6.034089068699153,2.7869414949384375,10.544321705947727
HLA-F-AS1,0.04318781731786034,6.284237432069788,5.619107794555852,6.937032765485134
KCNMA1,4.137266269401177,10.46460703700541,4.409227911882484,10.573723981144095
SMAD7,6.602040899200526,28.17931427116173,4.085712370025223,4.669548063124712
DIAPH3,4.446293044548265,2.1735355541004453e-11,13.9964175570557,1.6216151436929567
SAMD9,12.443296063321267,21.119541654478862,1.8622535196523975,10.241397650399712
TTC30A,18.4274190246793,2.4027283976400603e-09,5.7065601309520675,12.54771479845765
EPB41L1,22.146395906962653,0.023545147016500408,12.19943227362061,0.8878034076500446
LOC283683,8.122027385586392,4.058920916826185,10.945412886578904,2.9725670829009534
FGFBP3,4.469835395757437e-09,1.0031805843826252e-25,8.551691265709572,5.17192483293532
PPP1R18,9.1783825382834e-08,28.32418833741675,5.199405669862557,6.798684378782598
LOC729737,20.032566082497485,29.166250750263945,2.9360933028290326,3.495418770679602
C19orf73,12.68997457943114,0.0021686838045676783,8.279116687885576,9.158973378908117
ATP10D,10.681595038831812,17.23334740112888,1.741269371058282,14.128818238289998
PCDHGA6,8.077437685822028,0.07578616245138153,5.279655531554237,8.563928067016171
RELL2,0.13246570496282156,6.459221784814762,11.398893643155244,3.162080422203482
LOC728024,3.145688253702806,1.1497396751151207e-14,9.32010511076071,7.394481057650485
GHRLOS,0.0010135553452794677,23.415433149743713,5.299250948711482,10.033490972404678
LOC100527964,9.493150537023647,4.221242560034057,10.322800084089645,4.2535473533024835
SLC24A3,24.742016977845445,1.0698318346578007e-13,5.127316825072509,7.466468688971016
ZNF681,14.824175947799045,4.968455950968099,13.200661850252265,0.2034913472007307
GFOD1,3.171195226952423,7.058430517309617,10.39917730454581,2.587134220254189
BATF3,0.0008800982184271856,9.07702776742406,2.8770651577003266,12.205331746310057
MAST4,31.379539305952534,0.018955307069476495,0.2848376970674509,13.698428951462883
ADAM23,46.75753326305147,4.3810160265914435e-19,4.682079864634212,5.529562424333934
NFATC1,0.22296290671682456,16.29207629853483,5.551031021726609,6.492254078899733
PLCB1,1.3179777482978944e-11,0.029579899971395235,12.181948976190824,2.0959352733192085
CRABP2,5.823153509747884,0.03978066753565718,5.591657704635763,9.152202259593304
VAX2,4.956846882248789,0.9288826722184488,14.666994237678404,0.00021207406411108938
MYBL2,1.9181077706099294e-09,9.651032840625247e-21,10.793880923359392,4.841602977035508
CTRL,8.063932692569146,8.464722690183155,3.5722606993436545,9.740590171198399
PIEZO1,2.4786366969945755e-08,18.89042472831841,3.701798898744563,12.967289481946954
TMEM57,9.726870821388214,6.254798034191334,12.916569259495095,0.09172545730790026
PDIA5,3.4341408624856325e-05,0.7376909246741663,7.610377312796492,9.369429160189199
LRRC1,21.324280441067003,6.838404947459102,6.679755370810113,8.752709494386906
MTMR9LP,0.1997304451466225,8.757235152408688,13.098042828821248,3.6562261769794787e-06
SGIP1,25.20217355616876,6.656625371052379,5.150138653161224,4.3625243104640825
FABP3,19.2200984832074,10.785545546850319,5.2951284878581735,8.776718085966635
LOC100630918,11.915340678831125,7.242849501878095,7.206586799570994,8.063531322256821
DNM3OS,27.786529141177308,2.292116941013342,10.269388050651578,6.84755051618367e-08
SNORA6,14.778876101150178,3.6145200974558116,9.877965947327514,1.0993096748260417e-09
ZNF230,25.729903739818692,2.9430853477953946e-06,6.915237725457774,10.299719323840296
ABCD2,23.170578514252,1.011700755589004,1.2463808149232665,13.6641529794712
CTIF,14.031092223010097,0.00032431603094209286,13.084483153121111,1.1160594317588681
ZNF204P,6.313753303837143,0.6671979392338199,9.006814824660026,5.283056482859202
PEX11G,6.3138814930199025,15.733577247046219,3.923064340962951,11.354686674621844
ZNF641,6.928345629621759,21.804720771432493,6.098237287046521,8.390699601202511
SAMD14,0.0029555880289599975,1.1018121154810774,11.813921385408701,1.8283318707361043
RASSF8,4.678309546902251,7.899299806371467,5.054503116136451,13.32433391195081
DDX60L,16.514885750587613,25.451103196277113,2.0889729634285357,7.746319147734656
GPR176,13.684308896148938,5.082116682865555e-19,7.374036515037928,9.756993412755191
MITF,24.15335406273129,25.03402230312457,3.10382169805885,5.131696514412903
CERS6,8.876317404505889,11.562876538668142,11.611432827570141,1.8008097512538697
C1orf53,3.109220831685774,2.31834823571452,6.351694311478278,13.896568412150302
TRIM46,0.7694887908601963,0.3133364875108279,13.257080262074918,2.4330165876164553e-09
KIAA1244,36.67745865377141,2.2979687307976993,8.231187278325066,1.0704556195925217
C7orf10,24.5832006534264,6.82363307732046e-07,4.547520793163179,12.9931157653011
KIF16B,0.004701340386507028,25.336378036340694,4.678887560656209,8.864204950541952
ZNF485,22.048296060706715,9.45957224326829,8.987640756091452,3.789845464042728
MAP6D1,30.854394568632912,6.114773158672299,7.7934998484789695,4.705729622834253
ARHGEF4,6.347997909183409,2.578135145712954e-06,5.893247715575935,9.038097899334453
MIR181A2HG,15.516947809161264,0.00031241705959350423,7.353178172562719,5.118381864348378
C6orf147,25.238735152299324,1.6991788607242175,9.332726366144403,4.567260295765289
C17orf51,11.97502762490144,0.000149056558351037,12.151488916081426,5.392929690281601
FAM45B,0.011856879575481039,2.64443270183375,10.354443743092034,3.4526448665473692
STEAP2,0.05192067832505265,5.82722089591049,7.013075662138936,7.481229663593873
CHRD,2.3930750638435874,5.986765477692205e-10,6.773990490322236,8.84168946057951
PCDHB19P,14.670981499917337,6.3654601906601584,8.761135959458482,3.4941483978264065
MALT1,4.586606718533639,15.231955486719716,6.758428762775562,5.297965050522788
PTCHD2,23.561736387216207,5.144600425121852,7.866010758871159,3.099365569090021
PARD3,7.14187004146709e-10,5.990442958986586e-10,9.391379977409246,8.111736720934081
LOC100126784,6.148786345835654,1.231142348011351e-06,5.6216054265047966,9.75186713309762
SFXN2,0.0002728552372510008,23.85183989063971,8.700718036045647,4.459862561944085
ZNF365,33.51228174098166,0.0474702590611427,5.964636511332662,6.274142689714828
FUT11,17.932873813320178,5.208917503865916,7.281994581994765,9.941140475712096
TMEM133,19.95979475995629,1.1648985299989777e-17,6.7217224553612045,5.763526572083204
ITPKC,1.201145183110609e-08,3.551362110954279,2.6413165354795307,13.585442868414694
RASAL2,2.8731501516749236,12.921240552111165,10.649931466200057,0.09349598766427644
ZNF425,24.68716025888643,0.0019188451219642627,7.739601145509628,9.819168287428456
EID3,0.056785998323483876,0.5954265195261618,9.381238422908975,9.319984988876579
LOC100270804,1.0735340970443893e-10,7.000846415909087,5.821248800968656,8.30151901238253
HEBP2,4.8388139233258025e-12,0.06077778593649897,9.549566567239955,10.642713989507598
HMMR,0.2362957809243553,2.119436524072942,11.370648156666002,1.5512902651801987
NLGN2,4.333175999892381,7.196006197274884e-17,13.001955130278448,3.414105790553063
ORAI3,1.8510892825978242,19.428168560538822,5.87166756633152,10.176487143986764
NAALADL2,4.466019185892047,5.6708377277474724e-08,3.8896428614833884,13.18766139226839
WDR81,3.2752590729345017,26.888322364453135,4.772027898960648,8.882288912872701
GFRA2,1.971829620071292e-67,1.2448206899086418e-76,2.4020262970064494e-09,39.33464528783461
LOC650226,1.1482928805718232e-53,3.501938892836608e-61,29.809529744407048,8.110542116734977e-54
PDGFRB,1.0403685268626257e-53,5.697429250801698e-52,1.1099588539518012e-18,46.430348467274875
ST6GALNAC5,2.7481821917650868e-45,3.073768668063584e-05,14.673957143353118,14.755418390164143
PTPN7,1.4957228109612467e-35,27.064310608977912,2.627638722782853e-12,43.52728603518405
SLPI,14.59501201407385,47.957196430091734,1.0048712960269983,30.92186723888232
COL3A1,1.308261120954581e-78,3.333023192422047e-83,1.5443308238510874e-23,37.22113985571364
KLRB1,2.172774597777312e-37,38.72023703514854,4.853098754979023e-12,28.379197552864177
TLR1,2.461649646677857e-12,234.7854874859331,4.138422565499649e-09,3.1804183459796473e-16
ALOX5,1.7236070582291118e-18,245.30468942900836,1.957833520665269e-14,5.780379704973502e-12
PARVG,1.7617807705193524e-13,249.6025538315676,1.5537172106813287e-12,0.0009992174909489138
LINC00260,9.9749712692294e-08,4.16676417376424e-11,43.62700268409829,4.808898101612358e-24
NOS2,4.9776569201620726e-20,5.302961819273165e-25,3.158651067750587,59.236365541501534
CYBA,1.263968486159609e-06,254.95322701701417,0.1540152044383082,0.0005508945220013572
MYBPC1,2.1711639557709227e-77,5.272674370924213e-11,13.772330726733479,10.616202481340622
TAGLN,2.5778140390756835e-25,10.95469265186294,0.5265043823611877,52.49169980591657
COL21A1,3.0366844070590305e-38,3.7189966307197254e-59,1.569242350661701e-26,34.98440848565428
DTX3,109.62462015843634,8.132647446076602,27.575371238087357,2.0249810004906675e-07
KCND2,50.10837430169088,6.609865226930073e-20,51.64370987768973,7.740729429178143e-20
GRB10,332.7181130271742,4.229703366403964e-22,1.1388918719876198e-05,32.17085884406211
ABI3,1.1469237244125905e-26,220.06681391350773,1.2077434064689622e-18,2.4650461649874354e-10
S100A8,1.7502704061355102e-17,221.38479884379683,9.19188425047152e-09,1.4233001210063458e-10
MACROD1,2.2707935998091942e-32,4.2207035177118605e-55,1.0318625332481653e-10,35.46343745817445
CHD5,1.2747297819704805e-74,1.3670167373333302e-76,1.2180779405021075e-23,32.13506789760565
ADAP2,1.3354803729635672e-20,214.327098585999,2.36211016493786e-18,4.4462324351825964e-18
TPM2,3.5673176510739847e-32,7.942157137340648e-06,22.373651568651766,46.99330388918068
KCNAB2,4.5890500695133225e-10,9.118489524652647,9.507304247387148e-05,43.073756677770476
ANKRD20A1,8.379838160084443e-20,4.806944483470728e-27,51.20983034425127,1.0308967512344498e-15
LCK,7.372700106165454e-38,38.69707914821125,1.5849345219850956e-15,23.042698438282628
PCDH15,29.605218297699643,6.64193571808862e-27,61.999694293297004,7.488483456856949e-32
GMFG,1.3113139947675948e-26,199.58838808204237,4.518521419889282e-20,10.225115671659475
LPAR5,3.7813519696411084e-29,207.6670246502345,1.5955776938533315e-22,4.513091089491861e-16
BCAS1,126.33901110373448,33.61480517099429,27.812143459820795,2.3157028616499342e-18
SLC7A5,1.2987663340700152e-08,18.435480581760608,9.63725816482091,46.770690592219786
LGR6,7.148166594768248e-36,4.878705600247142e-47,2.1078505026925386e-14,42.608525947314696
TREM1,0.0005729530696927205,163.00669592415386,3.8423887697158045e-10,22.469324675587714
INS-IGF2,3.6371667921334315e-93,1.397486518670774e-123,6.975223381493564e-26,30.64056074724017
LILRA2,1.6201682458610044e-28,190.81229165974108,1.1680451907186114e-24,5.339952610647969e-24
HCP5,62.65029374878092,95.01801100969365,0.0005145847666461059,32.575720367011144
TMEM173,1.6104168117778985e-18,210.6271950388541,3.473497461383842e-16,0.0010035304494897133
DLX6,34.56960388537813,36.81235379941931,36.225838370966386,2.4338061251655123e-39
GPD1,143.5196560945653,24.89007174602448,39.823751355663255,9.084816974205452e-07
CALCRL,0.000108999397737862,0.06882712336797585,64.17689396748867,1.7937439425628383e-08
LY96,5.345637745450323e-10,224.5144482878435,1.764042739006962e-05,9.454609482970184
C1orf54,9.240537491768016e-16,158.32695637726098,5.33227375545199e-11,51.04952963196659
FCGR2B,2.8013708907430632,201.76961444196291,4.661857033349371e-09,2.0613230897477562e-09
CA8,17.139078535056075,81.50807342799975,31.872256515209767,8.469547526138794e-05
SERPINB1,53.76485359460995,220.5245074972661,7.872794191780065,10.95974353759176
ABCA2,370.93007574725374,0.0020834239720742037,4.722169360134415,18.07177219499511
SEZ6,126.55677860361233,20.44305719653936,36.36725221040117,7.724426542664554
SMOC1,53.99385843200425,1.3840583639364372e-19,61.85710557548654,6.570943135429577e-25
LPXN,0.06054839495461635,212.73326966058943,5.236075529080618,12.589998386476772
HLA-DOA,3.880830570469225e-27,192.80351485644167,8.944944745744872e-18,8.547279280644262e-18
GIMAP2,30.874007083658004,193.9719565770614,0.004752550228552146,26.502281483076235
NEUROD1,0.012783631247518018,1.2114447744332349e-17,30.792462633312077,27.631232215306635
DYNC1I1,47.606741492928776,38.86663275790653,45.56965187167118,7.269880696593567e-26
BOC,31.65251837303934,9.424968121294684e-13,4.001035024358317,57.20880754712079
RIN2,6.914895358866476e-05,94.9783208842657,14.362844027512727,41.22685260101315
CD300A,1.4774217693640623e-07,213.65379731602061,2.2566921458916617e-13,0.47394645246845696
LGALS9,3.30173924090159e-11,211.5362772746318,4.506598604438964e-11,2.788654910208714
IL10RA,0.04200442662459926,213.5588559305416,1.6445681362187843e-11,2.478923125528191
KLRC4,0.01118207456385276,1.7144713829702834e-15,39.00262906038543,1.534095578268004e-20
MFNG,104.26501022246673,105.39267972287244,24.057140416831185,14.294963580990844
PPAP2C,353.94227181519534,0.5453783619056624,0.00467948001634975,4.282123332127584
LPCAT2,17.349725947786293,203.8996776349184,4.0425303512909325,1.9168859726054932e-09
C21orf119,26.135620805255563,2.784244316914133e-05,20.216706922724445,53.003668501785455
SLC11A1,0.1254615373094985,190.46206923249693,5.159762323802096,0.0003787919919510969
REC8,20.094314446223667,4.618244506255597e-05,64.31215855197895,1.784228450373054e-09
PTAFR,2.3033113760972405e-05,195.6918903402072,0.003937764701128459,2.688395203186431e-08
ARHGAP15,6.132204134642975e-10,190.38383869085808,8.047809834907795e-08,1.7041936101637132
CNIH3,2.6648295454162815e-15,14.07254581726224,0.006026473829980687,71.95757830018658
XAF1,0.004849877009000425,66.46710215639236,0.0002360567777424716,74.4634946580264
INPP5D,2.271449363720689e-05,178.5814204995903,3.0075061894778448,6.386148841344072
LRRC17,245.05888698352933,2.808383101571056e-11,8.552232924425626,25.617083571682095
RMST,75.01802395485504,11.568404840854123,18.93964696159884,24.891590929155665
FOXM1,3.482454511860261e-07,1.3416654379623277e-26,39.10521723793285,15.125850037087181
COL5A2,3.96373102562511e-09,2.3508901831320928e-21,0.04223482221288687,63.40081520702548
PROS1,1.454775779118616e-09,50.693621917472484,0.340966232344782,68.09234070910665
PLA2G15,0.000400994685316084,207.52171540132917,18.83698972871604,14.262595950061497
SLC6A9,131.9432014987688,1.0624054669885099e-17,0.1604402303445875,71.56409609346967
CARD16,2.3708203033903853e-21,101.17903954291071,1.0909070076539355e-15,46.093059734725124
LOC150568,116.31079695332691,52.9925767127951,49.45018552946967,8.530630937580375e-07
BBOX1,0.013576076170495771,3.332237053438108e-19,0.006232037097147096,77.70822071156796
SLC25A37,0.20312110483588713,121.21041559595322,0.22926196153883804,56.87914472674168
ETV4,3.733665356302963e-07,1.2466280195116599e-17,22.488203967590987,43.71850065226419
EDIL3,254.502176456875,1.737269570641237,12.999210563986367,7.170375869491733
CD55,77.24890033634482,164.9249338062429,7.261415125623423,13.502514125647448
PDLIM3,29.906464519126775,2.2154498390396354e-05,32.6888957555302,49.06842065994983
GSTT1,174.5644788023933,28.380716122564728,3.7208535629902083e-06,56.68285971942436
SLC6A6,0.0006220548434062826,21.121659091913653,24.342294861489467,24.174227300004134
KIAA1598,237.75756096692285,74.62869087389323,31.378175401686857,0.003024620632041198
CHGB,26.31240470932865,20.093349036334363,55.75132102278471,0.0014088695406148032
KCNIP4,2.2495589938275774e-09,0.0912958689660302,47.12324652598143,19.174885143524236
UBA7,4.5450074409189123e-10,177.52529507307958,9.90320245257146e-07,16.524215552068988
UPP1,0.0568150055284794,51.52537402156538,24.84010604527708,48.9883015323622
PLEKHA5,1.5427391142792224,4.360025225899009,32.525990471537995,14.871871879249596
ANKS1B,219.275655279997,0.11173048037885353,52.23570179026378,1.5652057884664449e-21
APOL2,33.10251960575291,49.29655029934985,4.092765824651297,78.67316967150674
TMEM100,214.98126727639723,4.349217252513737,30.78137419542701,8.912210673122367
EGR3,39.27943119871277,131.04560598963806,25.71493010991252,2.6102836067384017
FUCA1,25.300219754379754,198.5312522582586,15.959110286895573,23.256660955851675
OSMR,0.009588401265070878,0.9391747151724148,10.281556868647252,82.36654090648187
PCDHB5,189.09420391956374,0.00017948124085239304,14.788372876690794,23.075638102695702
CDH13,166.94730721633164,23.7663157121876,22.80215852217547,9.137114814793275
MGST2,10.696798305846691,188.38618703375815,0.39422770414796016,17.982675668855684
TLCD1,0.021619805238836394,3.0775884601380443e-25,35.69669770810995,33.622038498420395
DLGAP1,7.310361231153857e-13,0.008019834513119401,56.180994841567546,12.436424231575694
HIST2H2AA3,1.2373211919101592,87.26273677074724,8.047844726172054,51.05307294668287
HIST2H2AA4,1.2373211919101592,87.26273677074724,8.047844726172054,51.05307294668287
BTBD17,223.63252288150352,4.191604373478724,25.08538045679985,33.01659502342455
TRAF4,31.8161104854878,3.054120945654113e-18,69.91396428914389,0.15630659353316914
COL9A3,3.829297749256378e-08,1.2598456738397791e-20,51.23088948520927,15.607971606334043
SERPING1,4.2675055593218937e-10,43.150424704704875,5.842808459342278e-08,66.977756987044
NTRK3,60.297118358337954,1.745351049596493e-20,57.82980407689201,12.51528993735868
STK17B,10.320374179600755,127.3666143050524,7.88026423630557,29.472571092961573
ARG2,25.80934297559783,86.13311135574297,50.34349388788139,2.6046032896543543
DPYSL4,6.092704280020634e-08,1.2313542191847146e-10,72.07282490178032,3.3756749354315716e-07
PMAIP1,9.72385121941823,99.76899842076908,27.543165061305345,0.035503910804147824
LPAR1,196.97191232320606,2.6793882551679276,6.089611377114117,40.19150019059424
GSTT2,0.04669668210739883,36.28015076314341,52.291218164424954,21.76392241838542
EHD2,3.4145666210449385e-21,1.4719670344037996e-09,0.0035595438425809218,78.20266837384304
RPSAP58,2.2271913289758785,16.18535735363659,55.69918573664486,21.649345399371512
ICAM1,9.024230381085312,135.26364672519358,0.2752328990352698,33.99901684238955
SLC39A14,0.5631833866610169,37.261692267457505,9.643687258263782,81.53056982532155
RAD51AP1,22.7442760651245,2.084914459491713e-06,47.368311791030784,13.028722492080412
GFPT2,33.90644652195944,9.677356643317399,36.64420450408524,45.57135551720742
BLVRB,0.682111914669924,110.41537501203989,0.006790650956755072,76.40606641081229
OLIG2,0.12192695685319922,1.0649930821146323e-23,58.94841263555032,0.0007024293114684736
PIGQ,32.148636135097455,0.00701495540048872,23.668855513829957,61.96824952169744
KIAA1551,5.815756203331208,73.7061587472198,25.887814686598357,42.477835391374704
RHOJ,56.08914025837674,6.993313751912366e-22,9.56843453195302,77.62826852780157
EGLN3,95.07485022154026,0.00012005465184070004,17.613872387343104,53.403774918484466
ELF1,52.44933436526979,161.3768295790879,14.100939663605436,22.101322021630832
ACSS3,1.0208426267824469e-08,1.6916146354390263e-19,13.179530304677142,63.083166542964065
DDB2,88.26876647782194,42.04985647791571,15.500937773405981,54.65452399654497
SPRY1,1.2321935416604701e-12,4.158950126532079e-06,29.238650200452145,66.37426863147114
MEF2C,0.027973747889577155,161.4891571674888,25.246972801957867,0.011694293263012863
KLRC3,110.09490546672833,4.496022509453055,43.310356993944566,12.899128885323677
DPYD,21.13308269700922,129.56284088419687,1.4183407399835888,43.54324438570689
PCDHB16,98.57259507118941,21.017910821836324,47.63232426827994,2.334656682038293
TMEM178A,33.6888359670269,8.746714836421226e-19,35.9297721437038,51.3369764189915
TMEM35,47.28373632133514,3.4369228060302382e-06,65.31910035123643,7.712340201279043e-16
SLC20A2,101.411960908034,0.00032741079290946143,9.946358987939414,73.97939595360786
HLA-H,72.47954759263537,97.86606474067322,13.186010514062618,53.069426675558034
RPL17-C18orf32,89.35037635833191,3.6508859870332843e-06,48.644638375629896,10.600786161763791
GRIK2,157.45393009255446,25.70445069976035,44.68657787664027,8.992199436078838
MEIS2,66.0589499127993,13.852913630637323,49.89191774324974,0.0015506209628883833
PHACTR3,64.64799964808921,17.98521804044498,54.162405162758695,7.368572211571529e-23
KCNA2,201.62213221755633,2.7896271908283373e-17,39.30757549416802,13.566676790143458
GNG7,74.22453564784307,5.653870426830321,19.016079837593978,70.8180992611549
MARCH1,33.940768230018634,146.72326570820158,29.349108816862373,5.4866275437791626e-12
CCDC50,53.593423283818474,37.191860752652055,61.361064442707736,6.924307038002415
SCARA3,34.71199315358763,8.793420990814204e-10,19.213120514497803,61.135275442781314
SOX6,29.91804467989213,0.0002964760977940809,67.89193481514218,5.7978752493430806e-11
IFIT2,187.38376566814406,63.20415825103039,0.00010461168972778208,40.45143226199665
KIF5C,64.10490837829687,23.14843480790838,63.45382697424388,0.014777113414212163
PDP1,19.74333703227541,63.84237663160767,47.10772379978825,17.03096323976799
LMO1,165.6554151351014,5.042302361249425e-09,44.00425862379679,5.160603483418349
AMOTL2,86.4758885524196,0.40692915339688557,65.82361693573222,1.0186473386955443e-06
MOB3B,155.1931936672071,17.02850408327224,42.586867482520816,2.32347035609052
MTUS1,246.16123580314422,49.994971648328864,11.069027194040682,21.094274625970677
BIVM,25.844200449083875,20.229516507136484,52.465850843296295,33.37355787730826
PHYH,11.107235469864689,11.810337179113697,39.00037874650187,43.21976440801697
GOLGA8A,26.989145245256417,9.406179036940118,35.766993425082184,48.40469784075168
ARL4C,41.9153552904842,85.53033949474913,37.60128190977173,23.131822263655142
PCDHB10,27.339238418585985,18.088888432459296,53.865253715927004,5.608478542774365
MMP16,0.00046680396072971807,3.137358515648036e-10,70.15033358515021,0.008536391750394067
DHRS13,0.9697382317598794,7.214545050992419e-15,49.28348076052148,18.909947549938256
NRXN1,99.81649141343922,11.1131707044349,47.59392335387695,5.378722957666019
CTNND2,35.16884807728446,1.9043180741942268e-06,53.26968896848899,16.410417288398463
MPPED2,69.07519032448891,1.9326541897157525e-06,52.0599992440655,15.869661850911928
CDC25B,0.0016372866625064659,2.3748168224906766e-05,44.48993548651161,52.566101741901875
BMP7,38.092558506643115,1.1695940127373086e-06,27.794992968544054,47.1370262316365
VAMP5,7.968053338423747e-15,43.90691901511142,0.008990370272388023,76.96703104161422
OLFM1,29.764377253286256,0.6282244999736205,53.90668765742139,13.94882314127877
ACVR2A,28.83496151081998,18.162865193441462,52.934526185789586,2.430331827292062
BHLHE40,7.546001594616437e-08,103.59413419905799,5.107931594705039,54.45084263884577
STRN3,22.6039474272073,40.027265322184434,21.650781897427976,62.6678890431369
TGFB1I1,0.6992093450920089,1.64185884605721e-12,30.73705992090221,49.18653974027995
ATP6V1G2,41.70740174504919,27.900750990929232,56.53398113388603,21.94094863938414
CSGALNACT1,0.04785674200606293,43.30459261667364,45.35681681473778,10.39695431884568
REL,58.97822329067794,146.1590057831969,24.571264680325807,13.20038850792119
PRH1-PRR4,49.90542045894649,0.0003134173230780215,30.214683443900974,37.9644678337861
FAM84B,68.93362488498857,53.803793665152696,19.785579061725695,33.643816644001895
GNA13,29.834129950186835,107.15593581497667,19.92480553144612,25.339802370596328
ZC2HC1A,17.994865550882515,62.389363631250845,55.89787849451163,6.755786393222659
TPX2,4.6684620982421296e-05,1.249164941272221e-08,66.77315380234607,26.827854958165453
LRP6,45.81163486873077,3.148782000227194e-05,50.60265004798963,9.905717756766922
PFKFB3,0.1107119228341752,117.48224891490136,23.092727493021712,42.465426816001695
DSCAM,186.221768016664,0.005471327852140521,25.382836717043002,28.7575214315709
KLHL23,131.64862307058368,22.356482104518058,52.719737366714874,1.3450935564015847e-05
USP15,67.24285350946599,92.35284298187777,40.84236468659664,21.444374077649634
IFFO1,0.0004245521829355596,52.811974015236096,28.983110358601945,59.029353051822795
CAP2,0.0006763509833318583,4.165931033016802e-14,49.22310500520122,28.5891777133115
KIF1A,150.4021582275307,2.036872234142245,50.509330846761735,2.361484689008399e-10
HNMT,96.64889498319828,100.48661732503777,10.975889346346595,41.16815819094704
CCP110,190.19576062128743,30.370474422463793,40.15906129279855,23.128214039206593
LYPD1,7.29820073323767,6.104707475746136e-10,22.957545353451142,68.1195535115632
FGF14,3.319113406974152,8.883578188032983,52.77086670580869,12.544962676525897
ZNF268,49.42258339816109,4.571062142991941,48.54181536250799,27.194263630093253
WNK1,57.47841415711322,28.813896091445123,38.192243516164936,39.3919469786907
IGSF11,135.0302936327219,4.2040589839909675e-08,25.77681616399904,51.175196362995024
SLC9A3R1,123.51827838840771,33.87545686992133,24.475371315365365,30.467310268886745
ENC1,0.08943787052178703,21.082627842650115,55.83969607808257,17.83980296175843
MT1F,0.1066361589437563,32.489761518149535,43.471958743194,42.31486285298308
WEE1,4.213474332778316e-05,0.08142324325969286,21.98003034077446,75.92688705505334
LIMCH1,146.91802910904073,2.136262971311331e-09,10.551851837206524,52.80499141141964
BTBD3,74.0451375946791,1.6389659461755305e-10,36.58711192255592,56.66104021683857
SORBS1,0.014910400991538073,3.2218513167322045e-06,24.747835839040928,68.34641280327358
ARHGEF26,16.867486589562716,4.647887198643268e-08,13.554005862277458,85.27608100569046
SLC2A1,25.441608878301217,0.06204519177979532,30.93593907836005,52.52859280258216
MBNL2,188.48652588558687,52.82659298072728,19.125292337593628,43.88556154302756
CENPH,72.81221145183628,0.0007514013984891235,69.75180645803577,9.459267053032722
TMEM109,0.06150863394935392,138.21847487616236,15.588561617845446,43.564969478762606
FBXO5,66.55184949344033,0.02195046794160683,66.48402302935264,15.680071649138156
FSD1,0.11141203815868098,7.703960919440615e-08,66.8176277237094,3.312468052999381
DOCK4,36.43873831073746,154.69586648660777,20.684792078357635,15.106069601022128
PAN2,27.723509778066543,15.46062341327793,31.295628941214716,40.117484364698356
LOC541471,8.343804069264097e-09,12.486341450836342,17.010698894772013,64.13096488055797
HIST1H1C,16.518792615365157,9.50766114325142,50.862507037136886,42.225884376239264
ANKRD40,17.80007088044947,46.34259268580603,19.938358620506992,58.628369953494854
WSCD1,56.779707155673,1.1107025926547256e-16,37.90550497368728,36.70700866637491
PRC1,8.671725561577256,9.743910779251254e-10,67.08168050345016,19.187441042881257
NFIX,62.03139287115251,12.12283933568683,34.933868838413034,38.34410079402561
VWA5A,0.12522000991633891,106.16139105152777,24.56726124129131,35.25487826511607
SHC1,7.365462331287784,35.538702565976045,5.095246866832957,69.30072778228212
DPCD,0.009081909792070103,0.07602732537915448,41.269828449964976,48.874622898912925
TP53I3,0.582595835230758,0.033583332749822996,53.480512604367675,23.033883834109
GPC1,0.004717036807733164,0.04558596716618247,26.905636917768437,52.92798469822587
LOC100506421,84.13730576686768,4.907595694293776,40.21244808845525,32.603740249608535
LOC100505687,82.6930475893403,0.454644126350724,65.23914077632521,11.821641539053614
AKT3,27.12608783566717,4.066631824755558,46.07420887236774,36.3844841041106
LSS,107.06033600598936,0.005884382244333168,26.7766149308555,69.11045405570239
PLCG1,8.18086293499338,2.350225275750095e-06,32.654556580951215,67.54135753689354
THOC3,21.928670280046838,8.827873768566219e-06,57.52935858028222,38.116310706530285
GCA,135.7381713062993,114.87962139350162,21.554631657263457,20.128482424951088
CDH11,0.5913028301096105,3.98330086734561,46.49118754940798,43.85204001173138
CTTNBP2,93.147583226998,43.27303379516671,49.14668661850715,0.001560461640126664
LENG8,4.758432496749352,19.14181933271369,23.655866176959783,61.56670647334986
ZNF844,49.06864098861225,0.06915874031255792,42.2156544289784,45.92270475069351
ADD3,154.10169469878676,12.454929263953348,30.82459885440537,48.127972483879816
NMRK1,60.55000338256965,100.4123197932084,24.172171552137346,33.00272506224917
EAF1,0.13452010166010875,39.57202269537039,31.981761403702823,42.643984675998844
KANK1,1.0193062985777381,4.997711147116724e-10,60.78188942521955,31.38589846565007
TRIL,124.15438039560956,2.58281244491605e-11,20.980016702345072,49.70040339711789
KNSTRN,11.921159277576963,0.6948660368275964,66.68677863822074,14.4561309525112
ENDOD1,193.61479267178322,15.852319712210386,15.744746215179203,56.0618837502856
APOL4,20.49181009676753,34.49381573538511,25.21925545963554,46.605033603606614
PTMS,7.2323370583833025e-06,7.942190786735815e-05,56.950819614336396,25.018905060783904
ZNF124,42.54174354605515,110.02207063212644,60.231116053359784,0.003182936157216055
SEPT7P2,62.42915246009187,29.752660182116596,46.57198952695593,34.95943752167131
HTATIP2,47.99120129869516,85.0350441014802,28.250216199716167,23.00721198918294
LOC100272216,132.9666440490811,61.74095268888421,29.496096669453365,44.974902558475904
MRPL41,15.276962917624871,1.7954674445176215,58.1000859469521,32.964482646943125
GNG4,7.811983483363115,0.0003701176672468669,64.71672119783263,0.011461782390651414
TPD52,117.17097330203543,41.52160768926112,25.39357402968886,57.13379125076818
RACGAP1,76.84106960641994,5.509102660390925e-05,61.551630775747334,22.167061645052218
CYTH1,113.42299737222919,113.86185400974038,42.45319251257911,2.2724372395136796
SUMF1,1.397212052535694,115.63152269568101,20.508846545328346,61.09740479845398
ZFP82,116.7850496428265,4.90041245035078,47.17237670207504,38.35989664048293
CORO7,127.77265353017916,88.29670733123925,43.531958165332114,2.886397094592297
U2AF1L4,63.00538116170253,40.14047011104085,14.523513889933765,67.5091815375293
BOLA3,41.39322190172787,20.546090102334283,29.461966698345112,68.07402870315441
PAN3,0.008432752321592,74.706310666752,33.66518898640617,47.730672242299434
EPS8,45.006847720450665,65.0003522603084,46.952832757303355,26.89437380443604
ENAH,50.695532549975965,2.3403452313691373,73.97377449198706,5.6769269760842525
XBP1,38.03121835810929,85.20303087016454,25.228659019849008,53.46972654480085
TRMT2A,56.10868802254552,23.900443089321552,25.815096991530595,58.829715126550674
HDAC9,121.33547124325759,47.759613798844754,33.119794599450906,18.905077347032773
TMOD2,54.5548933768761,0.007903032201902176,72.14019958778938,16.627963861665236
PCGF5,42.24843412069792,57.14587516454988,30.61002400639641,43.466758358811056
FLJ43663,75.73730839942822,84.05594805896976,20.428289010877396,54.271789815779954
LIMS1,23.613503402390425,137.61153092062358,24.954332117468475,44.44420824626555
CDH10,45.43770310494337,1.110761129489487,43.97382554193734,27.620294953684553
ANGEL1,156.53042480848683,66.89238174826983,24.353940765116217,26.586317484897684
ZNF267,40.82116083307662,121.30298923018576,21.42719478010514,34.70204811982777
OCLM,96.55544095907916,53.20462623683126,33.75421467550264,43.21775258090807
LRRFIP1,29.507660627267214,146.22377570050625,31.72028834567279,27.9947157289699
BEND5,30.693491905747706,0.4605306558258863,71.54920454816865,12.296272541850216
ZNF93,54.0689335926502,0.10693402060918446,58.41164522020495,18.74202260711022
FAIM2,146.48822515950062,10.662401998016863,33.89590125301005,22.620372172595083
ATL1,117.88895852918125,5.82746619333866,60.89352312855993,6.619078346519316
PNRC1,45.57996776411599,112.82717100660815,30.23687656276805,39.73836476695661
HERC2P7,27.76540515941288,31.348283635221037,24.63172480277157,51.542696118456085
LRIF1,130.65200865806742,44.48500415492494,38.941264785965096,38.32982040824294
REEP3,9.26689234446252,31.336848191193646,33.29568373577138,48.461003179547056
SPATA13,5.3027728512981405,69.43984648905897,18.202460842838903,56.060915401807435
ZNF439,0.587785067577686,33.502388207435,46.394287371200434,35.44345776567851
RFX3,33.24796666068467,0.0032790776703032045,56.737713511590044,41.10289886050433
QSOX1,5.144319780428292,43.798872942821056,25.734582128930892,54.05104329780662
ADK,41.15971945967237,24.571639306587183,43.0492092831424,41.644482420505724
NAP1L5,17.60410084899782,12.639952586544533,56.77211266437601,20.662872891016757
HDGFRP3,34.19633107839231,0.23859286401920665,66.26850801712024,15.449289097294528
SLC25A1,10.505734303350042,0.09659230783983717,50.96313855873412,43.82423615444262
TPP2,29.91728879840444,25.2616141212291,72.61814662818423,12.611108362935944
PTCHD3P1,26.652150247237543,17.747491656605817,54.877075681889764,16.13547681948975
CPEB4,121.78282510569214,53.19730896527672,37.06961076259783,34.38327981449197
SCARB1,0.07926276198532001,53.44521147544101,39.40470228268661,43.81175974948394
MBNL1,58.41605429376336,129.87269271048666,24.926134379970218,48.19789514670933
AEN,69.03589116588773,0.10578292888888986,47.337759855229635,45.31073097666745
ANTXR1,52.573479325206804,0.5895229635193685,61.616454789398134,16.674217232115165
TRIM24,13.48877427970006,0.040083014897051655,61.99474114932116,22.955135402072056
KCTD6,48.405633136895695,5.670525285451177,43.90364521233866,53.68644708762428
ALG6,56.19202172220457,45.787595750705584,35.210951446354365,38.27417367710948
LOC100131564,46.129256819540565,110.36184875321449,16.08679467720126,38.033275048960576
SPRED2,142.30479975509266,0.0019289674715334396,14.810563149555248,58.29120896085204
ZMIZ1,54.41818054251333,27.57060742656592,55.25966367083683,7.420641997990089
RNF168,34.168148366129415,64.28927696095951,44.17041606323937,38.413151537840875
CACFD1,43.67152136849787,0.04714957063076442,59.33310093752633,16.00700842570105
NAIP,74.46303278882914,113.14254376169862,22.284044001022696,32.99188934818455
CCT6P3,116.36434289614661,43.10380080703836,39.95234000858759,30.382041435779545
NFS1,85.34351068700008,20.5572456692739,18.491096718439195,69.503176749794
SNHG10,21.077360059658066,11.918686026603224,41.62554497652042,42.164688201620166
C3orf58,73.43850813592654,49.14720155723318,13.567720842671562,66.9471967386572
RANBP6,77.3051557334939,30.976355332667882,61.65386622328516,15.50313622075588
NME3,46.17956657977719,36.73199445563959,23.0816285050462,66.36170248299494
TMEM184B,94.000541411774,0.9655190508314511,35.7868475491512,34.68761911295023
POLB,62.37290761244623,60.24932424888879,60.96856607704273,16.631398577015798
TOP2B,6.702412893623057,20.737243066975584,66.99157078940503,12.583311235617623
PSD3,64.65561764640711,0.06629457933221483,50.0251053065642,23.98535632988349
LY6E,19.344045403054366,78.35984958292181,36.394695686693716,33.48744416001918
ZSCAN16,71.06724751349336,29.817480330535602,65.49854670453868,15.52480436009944
IRF2,73.97271669591127,103.4844585632772,16.49888176475091,59.567500370057694
NAPRT1,83.19494908993424,78.47887804360433,21.87125373507378,36.37039146038526
DIP2B,80.68217197428402,14.122549115225826,51.61368686302664,34.08848083550369
TUBGCP6,51.09822430204201,28.165574056521617,33.22013115674442,53.06526132098974
NHSL1,94.2732145161521,0.3050669058709057,23.851169576970587,49.223213046507915
CTNNAL1,21.178811948768647,9.600955624309732e-14,47.809097482873625,33.32924826763993
ZNF281,100.52593731104545,19.561961990994455,59.6269677590414,17.29897929293595
ARF6,19.046523423894193,67.54264037674719,19.109270558282418,53.105690417104235
FKBP10,13.94639942330008,7.891154796342121e-11,22.876699057306556,73.28072713838286
TANC1,78.25603681320132,0.0009185072531997661,38.647348522579584,52.508460386075996
FLJ42709,59.13061648998511,1.1796023837467052e-06,33.86713505987192,49.392162724708115
LRRC42,0.0003481859869710789,0.0018192325153520655,50.391228227862854,27.591761429284706
HIST2H2BE,70.00277522057303,54.333825370418765,41.142104479131696,37.669096436269825
CCT6P1,79.40870683079699,13.572621638928263,40.89667547946357,28.59820617675964
SIAH1,105.8051859290889,40.83537763514301,59.6681868948745,17.829754843674607
HSPA14,5.126101240163757,21.13893450939609,64.17302633920578,27.63421085023738
SFXN3,0.34669780791354576,9.936044729966799,53.32310958091527,50.49094489070594
CDK2,19.349065287715764,0.0033940778560261563,46.47081845588773,31.34232696305688
MAGI2-AS3,83.64541090685609,0.012388990103267446,44.6161832393334,47.863545490137085
TRABD,0.12646472876747927,119.2653021679851,29.514661249911935,32.03044445496037
DOCK7,0.027760839409212087,4.32984021500713,23.96713106710561,62.56358539764439
MLF1,2.2322484230761948e-05,18.186874514066332,50.60244413842518,31.717182413274433
PPP1R12B,110.08152275597509,0.2895261733290602,43.000716149177656,26.16051847656833
STYXL1,94.11510332775988,51.597146737049684,40.30269173578196,38.52887506960564
PTGR1,20.382493459857177,13.664262791800525,36.271368319215576,55.45371261668291
TMEM181,42.52297231968523,22.722958400211372,37.589946173801216,36.615422934945926
ZNF880,47.47665138788341,0.21079510761472411,41.19021453331164,35.46518578237335
APBB2,37.30856679984512,8.432033629862345e-06,54.12080468357743,24.275630538871592
UQCC,39.2344529557942,2.261345006854586,34.36578049341104,56.739663447566855
PCBD1,12.764346081040278,24.989316643485736,60.03126046344879,33.538693527820094
GAB1,129.94722784871226,0.04227512663646688,34.16643453704703,59.41798407500216
GCAT,27.879978205264624,9.191559989811249e-05,50.9558075368221,50.804466539410015
DRG2,39.40388069324031,27.283155948441667,34.95391607234523,56.87169728962698
IFI27L2,80.88233203936088,50.50288884646472,32.173505701029626,34.78522515164282
GLTSCR2,0.02763312164928646,32.764967477218555,41.32659508431819,40.29821143039846
ZNF14,4.470049966781402,29.545940573341127,43.11308507756665,42.837809762648874
DAGLB,43.20694200558819,118.95720582080624,32.769708378531256,22.76456696902713
TSPAN14,26.841410854604806,85.05364178329893,40.17772048584541,25.87890713250873
B4GALT4,0.0004346401851927282,36.31426511677099,38.54136889687254,51.426279625729194
ANKZF1,53.72740118530711,40.359015002586155,40.42413404456231,48.13849931001782
ANK2,66.93988991785255,3.276987542204554,17.517181802201353,63.83295504001161
STMN3,0.018807022769320628,0.016162631612936147,53.938530873922176,39.825164150695066
TARBP2,6.564028064433109,0.03267939899931332,36.46597035792652,55.17719580278951
RAB30,159.13642150835244,0.3476135572756559,31.42968011465927,36.15695446448186
HIP1,100.13774867928502,5.1425793941320595e-05,34.87223104312747,42.646666867613135
TMEM256,10.717972089833088,26.52627050994032,44.060613906189424,49.225482608947374
FAM216A,39.61051758229645,4.404650614167271,54.03654949380234,29.4516364589097
PPM1B,91.17619535486524,60.13411081001273,40.508080563212346,36.191151907841615
MYH10,3.99383396090915,1.6709277650785814,62.83527862664917,22.44302857779871
SLC25A13,90.9807827294024,28.37925449862355,44.829134604525414,31.81221104260731
BOLA1,68.32215557309094,10.032918437077456,39.26791440987828,43.844752499617975
MICU1,58.79046688170948,10.181920220732808,64.41289370279817,24.620928605028947
SLC25A25,69.61009758958603,19.27514672166934,40.51772462116761,55.78076899525504
HIPK2,92.70398904010553,12.900922998936844,53.178276475280434,9.151025361716023
HLTF,0.15087767576127528,28.811234759732073,64.63878505564179,24.336598071834516
RABGAP1L,72.50652687135631,83.02745435317442,34.424957731517424,34.51354290186795
TOPORS,108.39306208833125,12.717284882396847,53.988591667181126,25.448429121130566
LOXL3,1.3174463394921083,68.77689289480743,46.09760713815699,43.4041536817305
KRIT1,85.42225763287514,28.075756170980405,45.73726373373314,34.50870268110967
NRBF2,24.503014874103812,94.49350486041843,34.51375198852779,48.75488026222699
HMGCL,11.923978025907273,84.1579653047433,20.931040945642767,62.05255433301227
CUX1,92.23719777493544,45.47918663518578,36.0442604647647,45.94172607666426
ZCCHC7,85.66827718753248,1.8885513751083987,42.68916058115222,51.0632130682025
NRM,0.16994687518479293,0.003891784296149939,53.43630502832468,32.41182546367285
GABBR1,21.80410173370907,5.1460019553460326,40.110704963561766,49.910850870332375
PLEKHM1P,109.54170742597312,88.81887516162818,30.265089607014936,46.53327956308667
STAG3L3,114.62638190493475,24.138913395048505,37.35296525264024,40.382077797961664
ZNF160,40.71699993434503,5.132599070526428,36.05329286691763,56.13778794402939
NMRAL1,14.439604071891091,24.064497502072086,47.75922665160897,46.96365584236609
REEP2,2.1452707906216008e-05,3.206298170070776e-06,49.38664283131308,41.99945814469182
KBTBD6,83.6368069059851,12.185356862019997,57.375155753142494,18.4111413532073
ZNF85,72.50503201498651,10.426648551906364,52.769671990472034,27.95930134894456
C2orf74,111.60496074557486,48.257817083789774,42.03344620825263,26.705363105643126
IRF2BP2,64.79914262490468,49.734661491385914,42.14978995751376,46.597982653958084
PIK3R1,77.4201672580829,38.39278514186611,34.94369069045334,32.037377073752154
POLR3F,44.14011174430003,12.504922127997945,46.44192640816313,38.37238197268876
TTYH3,74.16251208265426,36.349924720784095,44.31173381207305,42.25938202647195
MTPAP,3.7462054503889277,25.486641793247227,61.497789288822034,17.581713784217197
AVL9,76.9018788636409,24.47282234930689,34.065448713313444,59.11366986730134
GPATCH4,131.69205456995817,1.1873729316867225,43.74057017194718,37.31860759930097
PNMAL1,17.10755136804652,1.628596357800507e-09,54.42964502638831,23.966718911778354
RPS10-NUDT3,0.6522185141630424,60.47299770417249,62.38269913340912,17.50389916605296
MARCH5,35.704845686190325,18.83452072756394,63.26566727527233,25.310326825341807
VRK1,45.6650044050193,15.255503520732793,53.31677493206709,23.10467458333958
EPS15,85.94097960972374,62.08850484277967,13.548867302840023,60.73158532936474
COPRS,4.847857981924838,0.0018764822484017647,47.52938348133225,34.351062761296795
FOXO3,18.869397046998365,25.341203036443023,33.46494450364086,46.67167509389658
SMARCD1,40.32687821202393,0.0003258882269056229,49.71956397129463,27.418277581747358
BICD1,16.057420950081344,9.339397652738469e-06,36.313249419896636,47.532124030929936
PTPRA,23.77063312594014,0.006656375845945691,35.86702593243639,56.44372679597256
RAP1A,50.190777780993045,116.39239361955931,31.69688945461256,39.999079535965606
ABR,1.3669110608014388,40.36733585381089,43.25962328964967,33.88230944141592
CELF2,3.2042441246025595,82.24408448262425,55.750159829727,28.932422866324387
CCBL2,15.009414769812972,52.93635568663929,27.23192806246044,60.29556395751474
BCKDHB,30.679626312875815,22.036316498757856,20.540074096658692,68.63409311249289
SMC4,20.305813018826203,0.814018564970478,61.47465916808689,27.60280061101556
MDP1,57.66609394150274,22.954043452140844,27.165249929531768,64.53939198219028
CRLF3,29.12933453065279,114.82154350166502,42.799006871433534,32.57223084344981
LACTB2,47.2069690562728,53.82633855058122,24.49168602613736,44.90208467854049
DCUN1D4,101.66976662093883,24.60938356685128,46.99340042009878,31.811098613242272
MCEE,108.95017568585465,49.16452371371037,22.911569300478796,43.26341863484311
MAGEF1,43.552373463966724,0.4504353666766848,57.641578626473866,41.32187676823577
TMEM134,35.06063800233242,41.866785344559986,28.68920243747187,60.35193195199099
ZBTB1,72.22482720901809,81.97012170623124,44.98928837657252,32.45825805937404
POFUT1,0.8129282060502399,11.665373581539232,26.893584024248792,68.5900296376616
DOLPP1,98.23076332740246,5.621236478054265,51.9418925897578,23.188509320393752
NQO2,3.8275729666993485e-06,47.33502176955611,30.16388004510028,49.0789388250299
ACYP1,75.97752253299869,4.468683944736678,48.51076153592103,39.42920302435868
DLGAP4,21.046193860121523,6.327028402001643,58.48315413686772,40.14902534181205
PIGW,40.392289547075144,6.0659997658840314,39.96796180528901,53.93493730798288
APC,89.65910205701208,21.35542138279177,45.56612611431733,31.14848228040198
DNMT1,14.243839057828449,9.05421869789079,63.14715739556961,34.250668983966825
PRADC1,81.93517774442434,20.90780742425721,40.46340002821473,37.45289593957228
ZNF606,31.765299578972066,2.0100252369198492,36.73270942321512,49.831020127024594
TSC22D2,68.30228831496615,90.42629249752315,38.84482805147878,34.28359347819175
JOSD2,68.0600217651317,23.359745182689025,24.273915151912725,57.35691836146771
PHF14,73.37606848656381,15.722722744584438,49.178710183022005,19.28924635677757
FMNL2,102.65070881071844,48.973408330103425,37.60796589195664,36.148880204100394
GLUD1,45.633799156509745,29.13768224666566,29.033083322318898,52.83198048347179
RRP9,0.8880471932208743,1.9461870686082665,56.05397184266385,38.65024254407679
GCDH,11.103709866452517,12.702391679238328,38.60663343337751,54.856481888078086
TOMM34,25.66218890871194,19.363250878998237,51.07291183509996,43.26363070203516
NUMB,7.224833809098642,105.64117946953573,30.594613624852936,40.19909225417964
C10orf32,53.01987898400213,53.472031691824554,39.1178421079567,40.79251708702677
NDEL1,12.437113540044425,68.08539562991889,32.95689049600974,54.149345799549614
MAML2,62.34462288522744,0.04830907495633895,46.557041582047866,33.07782920452578
ALG2,63.27592982193704,43.43593521267767,31.26847423046494,58.1567384623357
TRAT1,3.8097932250370904e-30,12.847292189697944,1.1456328705676236e-16,6.618833761233481
LOC643733,1.3716118481517192e-42,4.550629629965968,3.471727447617501e-16,9.316430741172125
CD5,1.0089929825847742e-21,5.644061918400816,2.0839866049473733e-11,11.336015581516623
CPAMD8,1.5050326572449127e-79,4.0460454417890034e-70,3.6375351789903804e-23,9.318164177396302
ABI3BP,2.9352709579822885e-06,0.013627088148985465,0.0018935541992866178,10.992982579544975
AGXT,8.272991400626393e-25,3.6306226154664875e-35,2.9113519013154674,3.749197663206874
IFNG,2.9818488152619475e-47,2.325983543005862,3.790736677899755e-20,7.396113773545737
ACAP1,1.3327510538725504e-34,23.297642773971216,2.6272146582002757e-14,6.1416937890044725
MS4A2,2.7977510041646903e-44,49.25334519135106,4.953033495104997e-26,1.923932281753376e-32
CSDC2,2.034905220996283e-15,2.7199537295018534,8.19114109784498,1.4209873032951703
PNOC,8.266017204818285e-44,1.410559680694018,5.63420401951731,0.0005747549465276857
P2RY6,1.023202801183179e-38,50.18459070065312,2.208995405928765e-22,2.1153036829243212e-06
ZAP70,1.3713623527559663e-32,19.067476913277,4.293546946863317e-12,6.610048821819862
PECAM1,2.803658173772547e-09,62.62352758821183,0.00013152921460666468,2.825614210189591e-06
TLR5,0.005322789377533467,60.99853519732749,0.0003997737111220992,9.370319497312435e-17
EBF1,32.14261513552651,2.4754854001529,8.272508126861839,7.797135958611129e-13
DHRS9,1.675164262635674e-22,52.55737952677652,1.8845619610745554e-22,8.646762581817847e-26
ADAMTS3,5.204143532157908e-51,1.4833628913219452e-21,9.12404143380904,1.6090100768256834e-05
PSTPIP1,1.9212589727747745e-08,43.41846341111713,1.3024058061525791e-05,5.314571860809258
SEPT1,2.1611006608819412e-36,20.047931394778008,7.964648669531121e-10,6.272786947497586
CBLN4,1.4130773972589444e-19,2.5052218592652786,1.2066776274937648e-14,16.07590311796425
PPP1R17,0.002339953294840408,6.987780389807245e-10,8.598589340609937,0.00024529722175419883
PNMT,6.981944343507985e-44,7.898281757978138e-41,6.746173346008689e-12,9.409037918045438
GREM1,73.84594562647933,8.113850030973756,0.47081220916108507,9.555313340940322e-19
CD40,7.309834991221668e-24,57.84612298636619,6.752767412286142e-10,9.996768760948488e-09
MLIP,25.713062041837272,5.457045143176279e-30,2.93586686779231,2.3014734599429074
VAV1,4.485104247983097e-22,59.4637139871521,6.542565284990584e-19,0.9584813090778783
PROCR,9.805942012682774e-15,52.96964106531421,9.93034488284359e-11,4.832840135980392
GLI1,1.3117779057223457e-29,2.4530239942483242e-46,3.7978938197304144,2.119559042029726
MYZAP,12.993406693922696,6.024090751156689e-35,4.933255961729118,5.64435203543867
C16orf54,2.9181847555096967e-27,51.06005199985743,2.985971493413418e-12,2.672859413551496e-06
ITGAL,4.605118705115563e-08,49.21992773015854,0.17416785510169333,1.5871028616843492
TENM3,12.001655633056918,1.647731959659035,8.434944236074701,7.0648423126027394e-09
KCNMB1,5.425467076623228e-28,55.129260820806046,2.1326738525075084e-07,0.33690369266017284
RUNX1-IT1,1.2181838319988093e-23,53.926291293694405,0.0003103186903210986,1.9875863792779842
THEMIS,3.452679261595478e-06,7.229824758155853,6.7251215777382816e-06,6.9685451251646935
SMOC2,1.1362990103005193e-19,3.237991436097392e-27,3.344428433132566,11.4553351323721
C10orf11,1.6742890741730515e-11,53.716290603595375,9.007113394866444e-06,4.715173790360712
ANKRD2,8.707463064397825,9.198339001960415,2.0892508089016335,5.47543104401335e-24
GSTO2,5.538163425400442,1.1772081337251972e-27,5.364892428939239,6.670890506809905
SIX6,0.01361065563817837,1.986432424928788e-26,13.911164012823072,2.1422702239559157e-14
ELSPBP1,1.414366368983487e-128,4.684898935615316e-211,0.016198327172693622,6.130267118687291
NHLH1,25.54525050257622,5.21447114627724,7.495833308991885,5.975472453381156e-06
LY6H,5.540440466652528e-16,6.2650627896658975,8.92727862395012,1.4392088752178567
LRRC8C,8.583340632855775,57.025820372573804,1.5789821270469806,1.5811029932604055
GJA5,3.769585785855683e-123,1.4241689834397588e-182,8.546045087505513e-26,7.956599908772344
PDCD1,9.45699001257977e-12,13.536886754089226,6.737863615878722e-06,5.972581604364295
SNX20,5.534296662954593e-07,53.11808863646493,2.782174801994443,0.00012575716614717682
SP140,4.962350450013968e-26,42.259453595704706,1.407240014410214e-14,2.566144591195073
SNORA77,1.0584984691006351e-26,9.373088102506107e-23,8.25872158076584,4.9903829343711e-31
ITGB2-AS1,1.0576545253349706e-39,47.21320094911562,3.5521660426077542e-28,1.601623817415517e-23
DOK2,5.664584772112892e-16,33.47304807944999,0.0027598258681690766,4.806606511990297
SYNPR,3.848726584321511e-05,1.870593567411307e-05,9.486150397256946,1.3236598672510423e-13
C6orf141,9.268459424663262e-25,0.00017568852047297116,1.6193725905478525e-12,19.04532500187415
PCDH20,27.480134674935094,0.0001843272461406662,10.755600106895772,9.3252464964669e-16
ITGA1,2.4416562366267675e-38,1.232325062118744,4.745419627926091e-09,9.295344382991221
EFCAB4B,8.400628132112987e-17,1.1336960184835654e-15,6.566283014826503,2.420595191218414e-07
PI3,1.3225762779125214,13.81392940007087,8.75655599861304e-05,5.697639183435557
HAPLN3,3.4305703440196446e-06,0.0010985376330156947,11.864942486292824,4.54442949021586e-07
GRM8,13.12429837871903,1.8102151706550822e-30,7.45596954360874,1.7658022462293062e-06
PRSS35,2.048684332171041e-31,5.56924081156078e-17,11.502997003822404,0.006581442763619731
STC2,8.73865943620868,18.180816253768658,6.209630177452188,4.941253765368968
CASQ1,7.207063023507858e-20,1.474669158836458e-09,9.201360064904877,6.517738401692013
GPRIN3,1.5164418884314938e-09,52.529396216164535,0.007979027126296558,3.107604177824222
HMGCLL1,3.063349175870241e-29,4.928491362587939e-38,0.0061962013723893174,8.259239130196283
SFRP1,5.694788999407418e-19,1.480276817204463e-10,8.4839408760083,4.1119272929716635
INPP4B,4.601741703042726e-06,4.569746781429888,4.724704222578982e-06,13.947355336103808
FAM89A,4.616761555631184,2.147498995610366e-05,12.315350872367292,5.032089405163102e-10
LILRA4,1.874748080822604e-17,49.94096688401581,7.630015051094924e-22,4.451280820708506e-15
CLEC17A,6.762490375462907e-36,48.34431358127286,2.8657043566033067e-25,1.3738294155930334e-24
LOC100133920,1.2557423596098282e-13,1.369126790187576e-23,11.652907562996564,5.221251637394594
CLEC10A,7.997127612099288e-54,16.462337462899555,1.6741257833454604e-24,5.8439494469481925
CMAHP,1.5886356620275334e-21,37.48044533849046,3.9579299265343097e-13,5.708859453597971
APOL3,8.483685487099956,43.11917126164688,0.0007458641705580593,4.671153424126353
GIMAP8,9.395695441177523e-27,43.00363580042295,6.550102737718295e-15,1.7602001775721636
B4GALT6,3.1371600696941415e-13,1.2785335483941179e-29,14.995410586697025,2.0896346048566474e-15
MX2,8.219525532080348e-19,54.25643044336903,1.75532637042868e-08,0.5441645623346337
LXN,4.4059237106239063e-16,38.48467054385318,0.10654823661461987,6.249788360269404
LTB,1.6217886844873357e-11,42.41960280956465,0.07427575429839396,0.1902496686636566
ARHGEF25,23.411826318675736,0.1049148809923993,8.452504691577383,0.0018662893120132238
CD1D,7.173464547518024e-33,45.62745235395403,8.365425759766415e-24,2.5180148413737798e-29
FAM27A,1.084943350223034e-19,2.6026240865221836e-05,13.61077100076987,1.1446213537291279
GIMAP1,4.49677712319548e-06,48.166827558504146,4.042813013730981e-05,9.145035563520813e-05
KCNK6,1.1702057207883027e-19,27.307323494185628,7.263943065063733e-10,7.07916496431888
LINC00516,1.7971011970480517e-12,0.00010905020431913983,12.284519894188737,0.10846451122044867
LOC101101776,1.7971011970480517e-12,0.00010905020431913983,12.284519894188737,0.10846451122044867
MAMDC2,5.4298114834492474e-14,4.23352887579377e-07,2.634072838610525,13.570018725400288
CSTA,7.473221907552091e-22,49.53871606170678,2.7921311739979473e-16,2.718795461506911e-07
NEIL1,0.0314332090023077,1.2900983628453362,3.6456107285569823,17.376760208260617
LOC644554,11.074719443581536,5.078677763394643,11.99844446910233,5.13326372784563e-09
DNAH14,0.0005819776952143345,1.0390971387212282e-12,8.546997845029304,2.3854304620301554e-29
P2RY14,2.277206672166009e-15,20.019937313022094,7.1006662403801985e-09,14.732016885369504
IGSF9B,0.002420902545130684,6.66091195178586e-12,12.976789398894793,4.240810883533786
NID2,2.787824183986187e-12,0.05653978283628478,11.121852269635069,2.7534004750362766e-14
BOK,61.068617246857286,5.974509876954432e-06,8.938064430153254,1.340453559767589e-05
S1PR1,3.8517661653220836e-13,3.808259919577915,8.783368410876452e-06,11.33928850665858
PPAPDC1A,5.275368589732037,9.676364262216707e-22,12.856659154586893,1.773380080526336e-24
KIF26B,3.92529941234027e-06,0.38204642396714045,12.621297821543527,6.4435435652428126e-09
BMP2K,0.00012124832500065882,53.00689559033452,2.54156621091543,3.2311329227384094
SEMA4A,1.2500013279369935e-06,52.33821640588638,0.6847673888233637,0.002847538209905464
SLC1A6,6.6513990271784765e-18,1.7740397367682372e-25,10.279299035046977,5.390773782968618e-32
HOXD8,7.714251303470117,0.0675493925902738,11.245314731155945,4.687023496821561
CABP1,9.708244852107554e-07,1.9444377582397154,7.6611041893419145,2.273544191246887
CTNNA3,54.73726529427227,1.5671448589546238e-16,4.468162864552992,4.283005118585512
ITGA4,0.000295223261911367,43.60562219870637,1.055641768700569,4.924813827535851
PTPLA,9.78208469724493,2.3904558793104853e-09,13.693151490464688,0.009786475030869643
FOXP2,19.273319380352504,6.6954249290242736,12.220348837336951,0.000857911548244512
ZNF385A,0.015412036912226694,29.42221706390855,2.9476634844640013,5.6875162622527355
DNAH9,0.31882366921319294,1.966286760081058e-05,10.976973318131284,7.565488043139779
ASS1,4.2438514245128625,0.0006506190672260702,5.2159651586662585,14.661300681030152
ABTB2,3.8540220437085804,2.2725898140944003e-10,10.019861581555931,8.810101938652018
ARHGAP5-AS1,4.247837764960994,9.749752947008181,7.584217575749585,9.797501801275473
TMEM86A,0.000547939005265083,48.73310025726954,3.946411502225731,4.441134175356902e-05
ECM1,3.464935215037853e-05,9.016029973362375,1.5338929446021818,17.265516591275983
DES,8.944852915701961,4.9016999157340075,4.965639284709306,9.877068294364072
MDGA2,3.414798688443353e-14,1.3022600690530644e-09,16.51621343313991,1.2487488369399261e-23
MEGF10,18.70041062204564,1.1939373215805848e-17,16.310520561812616,9.681915710286131e-18
ACSL5,7.451224079590234e-18,46.82589687480999,2.345114032624934e-11,2.8970524654573224
TMEM156,1.452772237458223e-12,47.1158821689624,0.024418256080527445,2.7313491087431245
PDE1A,49.121878324942145,2.4649122493106843e-18,1.8773711794489927,6.908783872781478
EMR2,4.655260798972006,37.663242107512446,2.4716843687171246,0.24743584034645869
IL16,2.9530571138030316e-08,45.687881867090866,4.5585377518317673e-07,2.978648537539958
FGF9,24.28639617678126,9.995052150027115,10.874272007295689,9.420504332571228e-35
PCDHB18,7.676260708108763e-10,8.991560044040747e-14,14.820603138594095,3.584773315128667e-08
SLC6A11,36.925917148427146,2.7104619601228157e-27,3.046501371646046e-12,13.51413721894069
MXRA8,2.3671686031033345e-13,5.47036426097592e-12,1.7988436452380874,17.020611649428144
PDE2A,9.349702580471227,12.506138887367534,7.413982955480144,1.7460123540141845
ALDH3B1,6.610123383569034,50.595617283030066,1.7155828373640882,7.232647844764416
MCHR1,1.5058227959854554e-33,2.123826494370178,7.059733112177705,9.106243065551434
PLAGL1,1.6543978680448635e-17,40.70149288295961,1.136077255120922e-06,4.3361795836370245
GRID1,5.0039231218179845,9.067459206413257e-25,5.937339733673642,8.397540820569391
TMEM130,7.570371210928756,5.071597049971963,12.176954643945733,3.1916058360950634
KIAA1107,3.1714746367382376,13.39045749420867,12.231288194301419,1.8543809761863776e-17
DOCK5,65.75299247672001,13.03903162505692,1.7149894209193222,2.7035955506641516
ATP10B,31.879682723444205,0.12760407997422063,7.819016567120418,0.3461549010117262
RTP4,18.141735912620867,29.471218662267596,3.177849774757472e-13,13.565490074554253
PCDHA11,3.468362967829003,8.219525736305557e-08,11.018048831505473,3.314399059246608
APOLD1,7.467034330444641e-05,5.116652140202998e-15,9.020150631849535,9.678280910924013
PEX5L,84.26732405813779,0.19733097707734645,1.2051646578674247,1.2191669849607754
RASGRP3,72.71389893010767,22.98425096300791,1.710393190856412e-10,1.8346685493968813
AKNA,0.6845940002286361,36.29790195358878,5.78402522960046,6.6689849336413465
HOGA1,17.122581621709493,10.78393826805573,6.279990022063612,9.35768364028285
C12orf68,2.7380208254310377e-13,3.804550539606485e-15,12.7928984521786,5.040450739591455
LOC100505806,34.00394774749819,8.735531438088187e-11,5.481804662986806,5.726662846309572
ANO4,57.95148622380595,0.3362843735975238,2.0602584315737293,4.913353984463619
PRKAG2-AS1,0.0003099433728493115,25.262558488115502,7.5124380699852455,2.307231048284168
ABCA5,21.27845688922244,1.356637551378179e-11,7.808599021591835,11.075321935592083
C1orf106,0.0013717402853627388,6.297462165976805e-12,18.188403490411222,4.887920399729712e-10
JAK3,0.024687178056944734,47.85977450219334,3.8884969225087773,2.2362480126640425
RBM24,0.041781925581200745,2.6678125442157134e-20,12.31386147577181,0.016944516182010965
MYOT,41.23682460848282,10.017655341243755,6.100365641151866,0.009776586450425213
CHRNA9,3.611231791852153e-25,9.962186625589618,6.191350704587392e-13,16.198623189767897
PAX6,8.049848044335988,4.599799353308058e-22,2.284954016497724,20.38433165216816
GAS1,32.05375547979885,2.477415827409281e-26,3.129129155657864,15.280828184332083
ARHGAP23,7.834498839599364,6.296451074366568e-19,2.676774483428101,11.43343767939408
FAM69C,60.01520698798754,7.196834600502746e-24,7.443765262235324,7.707502063282226
SNAP91,0.228459724426111,5.81510999749112,13.762206552312625,5.660735701645149e-27
RASSF7,14.36844071443723,28.440337289828037,5.251173410585758,7.562905471048916
MIR17HG,5.264624185772616,4.9483578103908865,17.106895103713846,2.828252274639964e-06
ULBP2,2.5025097509670644e-07,0.005916863204662516,16.77173378407732,2.0659022277905604e-08
ADAMTS9-AS2,2.65859839774743e-09,1.6165612823450235e-15,0.10393185322658322,16.783579821515293
SULT1A1,11.800732306098672,37.0913165870772,1.9595541548006272,9.160509967048654
SMAD3,11.601142491747797,3.645051847992235e-06,2.18316774008302,17.436454243290267
HOXD11,2.955423787747545,2.987758458871136e-05,6.319227006783011,11.649570463324253
ECM2,0.7174873505255156,2.4312860827156353,3.507296031311983,17.015424258794454
DGKI,4.72383108231557,2.112423493131731,19.040002195052516,4.4787197442802225e-17
CCDC144A,0.07109808024079976,16.165208328177144,15.27711393677496,0.9343727304388164
FAAH,44.80555152674152,0.03664605696860181,10.324292875918248,5.034687590414818
LOC642846,5.17974682522313,5.715437408458897e-06,14.512202625759285,4.111426578297078
ITGA2,19.40189966083111,8.28687267370547e-19,2.4587469225619487,14.70505404787423
ME1,13.961108702838677,9.240605612762664,13.113403127948052,2.72256624714373e-14
SORBS2,2.6202148350763563,0.05662095495304743,17.37493963503448,0.0033751709767202162
LDB2,0.05171597779283872,1.483135974948567e-15,6.368179381521223,12.783334389038597
ERC2,1.14921203344307,8.509820618490977,15.421088070295228,1.2273414988601772e-23
TNFRSF25,11.707785016849114,25.832362806088355,7.623229401006927,7.265643620653873
ANGPT2,9.557948793928421,3.9287439678460743,2.707075480503449,13.733071468111742
HIST1H2BC,37.95380663973876,9.131813134639321,4.372030956153045,12.734134165903521
RHOF,2.303063475568976,31.39598058709081,6.261524636616833,6.8063090141686535
ARVCF,0.00956163882189071,2.2621400298164637e-16,16.849767103882197,4.771051679084617
APOL6,6.971333071890718,14.946323860715097,1.1167557807268906,15.967835573959004
CHAC1,0.35261142817393804,6.24295631093944e-13,2.1451960428227186,15.69400868959107
CKMT1B,0.5789307790262008,0.0038198397598772217,13.89930992064281,3.457187295687437e-22
RFX2,7.313184432683429,1.6099751066082124e-08,0.0001869358025442303,22.20418785028677
PCDHA12,3.094873432611415,0.00029785628131120706,17.345915636811014,8.803838680427986e-09
ZNF578,8.549556760978811,0.0002175570181542037,12.752434484425603,7.303584383688495
E2F1,13.789909856465405,3.558671075171865e-23,10.143956762489413,4.59793083637097
SH2D3C,9.521896795271903,30.264507448382513,11.084502278072904,2.566029178469136e-07
DSE,0.9409539199536897,44.92674123078635,4.750575751871077,4.531091356698857
DSCAML1,33.67510572831384,0.004488646172326805,13.434909764564818,1.8361941338237575e-16
CAHM,2.0162759054650747,5.6246091352297745,11.572131314029143,6.815414118969134
HSBP1L1,4.586834074743095,26.755808311052643,0.8950739412861038,11.498111349403855
RORA,11.805807929163418,2.982354843832299,1.2246205207749814,21.03984606854209
AMER2,70.39850559602372,6.0171432360864366e-05,6.551607579265603,4.097983733204539
HSPA12A,13.279565151074602,0.2125634169886126,12.094033848631675,4.045031155989478
SOX13,10.41470892988636,2.1598893884465414e-08,11.760258192264052,4.230254380948966
GPR22,28.748751838946355,13.200061540093468,4.894756384505444,12.654786909016662
DOK4,0.03976650282730918,0.20903907552374998,19.40463233208147,7.255144962531108e-13
CDH23,5.5513576199114345,9.460954706907488,3.862147154143091,9.719021568239569
BCAR3,5.101559149874779e-10,2.5353008048734327,2.6667110479606113,15.089285895901773
PACRG,2.845607786648893,5.181115983512189e-10,3.453555833522032,15.350230663360005
RGS11,0.0017023637688649996,7.101618824615399e-05,10.169446526750626,8.167179100601963
ULBP1,0.01808384340535764,0.00014132988996355138,13.923337195400617,3.5049565343304316e-11
RAB3A,5.902336405351294,3.353825144288748,17.694378555279645,1.0366131013697801
ZNF774,57.59243703500854,1.7066083135298433e-24,2.5455885932306224,9.341454651902131
DBX2,4.4520964787998,8.88612076067714e-18,8.125499833411128e-05,18.226634818854794
ZNF781,11.218988488087332,9.606160351008668,13.76262590771058,2.746992076801942
SIGIRR,5.82142882956414e-05,30.498245028194365,5.628578745142173,3.374555425406687
C21orf7,9.691642677251547,6.308001331642716,4.950232571235241,14.970607603699754
ANKRD6,2.777650581822532,10.506653328026013,15.387725384004394,0.0016743359188532354
FBXL2,1.388693114460845e-05,2.7013541886742116,16.934685386297833,9.094400141889714e-12
LINC00467,7.761784293158167,1.9220638834051698,16.236287268330265,2.3335964122437822
TMTC2,50.24101154045774,3.604417534311024e-09,5.457116471779522,9.686976070731085
FRY,7.475454163233566,5.179745128640759,13.642644760215763,6.797868245065576
NPTXR,9.815010648692795,2.132742834630073,8.785394583322581,8.500884626268817
MB21D2,4.855794165229999,6.929091278232953,15.663166732615732,2.684741030830404
LTBP4,4.135348958733113e-05,11.336987545564384,11.497517922632888,0.016554817752423474
HCN3,18.377405677666466,0.0026689292989945956,17.155128677410314,0.7500083620993868
SPC24,3.630856796366945e-05,9.736569861376493e-25,15.514919497131807,4.974240579590921
C21orf91,67.1650956044978,7.791046924749802,4.852108669823227,9.531914154094544
DOCK9,69.04968776807311,3.9035337368202265,4.653132618247153,3.0896756154612803
CDH4,2.511777307864127,0.0007851354951315753,8.288400717858057,9.061984249239565
ADORA2B,6.359890580537566,0.00010066638541678254,5.571213966079221,12.990980522173347
FKBP9L,9.521160289243362,5.960681028851906e-07,3.9945572361545345,13.941082215007194
ETS1,8.571061250523692e-10,13.261828193997266,8.976329510548892,6.949422310751284
KCNJ2,49.920301171348335,5.797202101932766,1.9920905493067531,10.08238641533759
FBN3,7.280861347390818,6.355179443493923e-17,15.901100735198717,6.338085406103106e-17
ENO3,15.176293509749895,8.659617310699389,3.962997673439816,9.135132612524677
KCNMB2,0.17653092569085393,5.948322774315425,12.466806017446753,2.0096206119906275
ANG,5.91780008690816,29.475497368057887,1.8302706518611551,12.522269617158562
TSHZ1,7.830353084521821e-07,2.131203232002546,17.943764226966767,0.7543385012149008
PFKFB2,9.58553304029681,25.432014369400566,4.5544823886339065,12.138114509853986
PDE7B,10.834605550796894,1.7938459736446946e-12,11.112919327747921,8.95728406285169
CCDC15,19.64704925434091,3.3624183347690826,10.571899330426191,8.767627904990444
ADPRH,0.9610904400566328,40.52751378171394,4.292818695120997,5.3255315965206425
PHACTR1,15.692294179078964,13.167201747421979,12.52599478580615,4.402885435307651
ENHO,2.9681421370705157,0.29243248552614354,13.098472567688844,0.0006153885693076865
SAPCD2,18.63730358412448,1.4057957669198744e-08,17.533198985240684,0.3375067525361838
GBP4,7.694873272420328,27.139103659147153,0.34126267462885784,12.035490269658752
TENM4,0.18578564884622528,0.002182357271573787,2.183150887096289,16.6508735688812
CASC5,12.01992773472401,0.00018539471671474907,16.549726174273285,2.3258599042584627
LOC338758,0.0041754393002860655,27.693176238020417,3.0945360739640835,9.233346872188132
TRAM1L1,33.928855928988675,1.4890496447345916e-14,9.381622928120075,2.4858093910521166
PVT1,4.956263746413081,8.173860541359012,8.944092835118932,8.24572906944367
JUND,0.17620451584846183,1.1202678953095355,7.8398893145210655,16.40014616010277
PCSK5,0.00013007417272010765,1.6281280864087275,1.4392841255185478,18.194951495153934
LONRF2,1.928298369260749e-06,2.03506039795733,7.644376079412228,15.481356253613132
C7orf53,7.852679352862537,8.055378397357364,5.750383986059512,16.55286232265683
WNT5A,4.220372546073275,23.900624326022378,5.721302958400917,5.831884604390866
GLDC,6.827616230653344,1.5310014580915446e-06,14.788144454085351,7.778492936776784
TBC1D8,15.849604582289741,15.787034571479811,5.733274679304863,9.255935637379222
MR1,12.414667446104097,40.74419893509001,2.8356559746371146,9.214313532805644
MMD2,33.79323336381126,0.29512481275433916,11.696004927152144,6.812798266540929
EPN2-AS1,14.13106862515497,6.645312293986897e-11,13.44209226957305,6.402561257384394
SLC16A9,0.023386986624689823,3.6203335929601594e-11,13.70928158399482,7.1313156672500195
GPR158,2.7328269354615207e-07,1.385947016726559,11.831616320693813,4.390116257993808
MCM10,0.0009656808030878565,9.759956601856491e-25,16.47491035709036,7.105328620117641e-07
SERP2,5.027330859188936,5.426240752954737e-10,17.8318666062575,1.5790231774660677
RPPH1,1.5842965751793983,16.025366933198566,7.896392973412343,12.55417417179896
EFNB2,4.932580437701158e-10,0.004799587662066275,6.87835276221289,13.430922056836494
LOC100505812,0.09359103288183385,36.23361915151464,4.526583000028458,4.780613098287532
FRMD3,1.5563669601275636,0.028683278612596192,5.960999025830278,16.0175452759391
MAP6,0.015696460035078456,0.0073266017405810005,14.536180626889575,7.612183841610715
FAM65B,18.92757221997741,24.21169924146541,5.492980968474975,8.728646150894953
ANKRD35,31.871986264827314,3.401453680269426e-08,3.3540866512058813,13.731895835328991
LOC100505695,5.968710192858646e-10,5.6087355868240834e-05,6.942280006940592,12.839102730530218
PURG,7.340568552022279,6.973016037412524,14.127128166827598,2.732280416214969
SLC29A4,15.335900430372297,3.2625066409392276,16.32853180512928,2.5951802217693736
LOC100506343,20.318745263432305,1.463788510212805e-12,13.156992071862758,3.836790280745053
C1orf74,25.600797329025923,3.534613082945339,8.033374709566957,11.347413288806713
ACOT1,0.0031670416701798875,0.0024337867774610607,8.215569485679193,12.704963743609428
L3MBTL4,36.79443776018582,11.094294993907356,7.337233335199481,6.491911004327891
SMAGP,1.3192614384374297,12.121007067313432,8.640726990051968,11.061997738900375
PLEKHG1,7.756486457185108e-11,2.9270714087615384e-18,4.443341319973885,17.788862554957376
PCDHA3,17.25268236054311,8.923863660221624e-05,12.532838221444443,1.5865043943641266
TLE4,20.601298771772946,0.1306991176103839,4.771667646939266,13.578076251562933
HIST1H2AM,0.039312138070703995,10.554496292070736,12.520499802717616,3.983417032723963
FAM134B,42.270831539043186,1.0819533148252662,7.893171850570026,11.439390418143967
F12,3.043990441713886e-08,4.198761617478872e-14,8.445899569961535,11.224616648569668
PVRL2,1.0223480816136148e-07,8.248629190316896,6.350680317120141,11.285549692120298
IL6R,9.546080908612533,41.613867659680125,4.595968798183011,6.291964573055117
NEIL3,15.55425829357981,9.253432183350766e-07,14.980803465087233,2.9186507268964377
SIMC1,4.658984111985609,0.029880584596267246,16.099261380099133,0.10337700708784617
LRP1B,38.038535146558814,0.11192326352267531,10.212123145024899,9.069876195465186
INTU,15.611745320151146,1.7025432663476842e-08,5.613548819732605,13.379974143474021
KIAA1456,11.341776048911582,3.1787026877296363,9.253202697902168,6.700163368650182
CRIM1,3.48115281268923,3.4490017873373446,2.8468917772345335,20.346604126973762
PCDHGB3,17.45012002284704,1.6495947333255803,7.938994537698923,8.824085192259824
PLK4,25.28384235741516,0.0072890441748794796,15.811695418905567,3.20354915908753
MIR3198-2,3.8078289781805926e-08,0.02423977658784406,16.133079445795484,4.68356766929773
PDXP,5.048603825279405,3.040363148221152,17.698494642696627,0.34830219323437145
GPR3,0.07046298266306038,0.05379112930690837,9.97737368277179,10.908038584780249
CAPS,10.277512485728524,3.918881520389001,4.2921073495406805,15.65218793276641
APOL1,12.981800864272458,13.49821740988604,5.877342113925635,14.392257125138634
ZEB1-AS1,3.2602471372677377e-06,4.004644972805177e-12,11.587781678893833,14.404779222902754
SNORA25,3.0279339915030623,7.869727166772089,7.057941838929611,9.526047689037904
RPL13P5,4.395832720482303,9.756605229522027,10.808215994847524,11.323333682471322
ZNF540,14.594641923205048,6.19230902352269,9.132742961420377,5.210586685656567
PTPN14,19.724886865183166,6.687137991063298e-11,3.9217554843163085,17.2568820976106
ZNF876P,2.780242304605549,1.308960827126882,14.238698707516908,7.9475902389134525
GTSE1,3.6982188625600263,2.6824041327331867e-10,16.614463083831506,2.093046187285588
LRRC4,0.3939130136571823,7.5127053406995365,17.113742646632137,3.8533484804364685e-15
NCAPH,2.167527683061816,0.0077414774638301966,18.75675320255989,2.6462962408458357
ZDHHC2,6.3128463462395015,20.425092875135324,7.897707554359892,6.30616073800783
ST3GAL1,0.407649369173123,33.90921845275044,4.0051033757308865,8.018727048003768
LILRB3,8.726346552009227,41.501057336558624,7.209182153403864,4.64494421807353
ACVR1,7.030261154483305,9.835268804555477,8.493852174271515,8.615307777273701
HEY2,3.4435361794577106e-12,2.4298705734323714e-18,12.513603293371832,10.594366004359799
C6orf118,0.012257295824883345,2.0942206356609858e-22,8.2609161299976,12.148065366983507
NET1,5.743281668246415e-06,12.650114699576188,15.73969223184398,4.7756309153696
YJEFN3,1.1619006032401915,7.990535332610921,9.547884096261672,12.892963525335643
ZNF663,0.5593265450675058,1.2838217479729153,14.902278188588724,1.9421725193037351
LOC100130093,0.08608127309768256,6.276312750381226,11.10475458271809,8.899274430859379
C7orf41,29.00398286096996,9.515001613511066,14.556001375926073,0.00012505797514577186
LGR4,1.5548841776392803,5.078033813134162e-08,6.034777772115829,14.1448407013882
ZNF90,5.4850827521875205,1.1240809818310928,13.438679109070467,6.262052233081988
MOCS1,37.13502130542316,6.955311563054735e-07,5.7455303322755915,17.008032195039558
CRYBG3,13.8372338031885,12.720522316909094,7.806915214150404,6.34345028337248
TMEM220,14.307632853732525,13.021360298564007,7.6805091064522815,10.579019735586845
LIMK1,0.04268066601085736,36.23237443756564,8.790624556439099,8.021332561117466
LOC283070,9.292665355694353e-10,22.7644636173648,13.499742887937497,2.4289113013830843e-12
FAM19A5,0.003832948469807235,3.4506925865657174,15.25460586913687,1.1011784502819818e-12
CDC34,0.005141915192059726,0.018789412004465496,10.51406023884382,15.198339099119867
ZNF836,24.57740880849839,5.612506361288903,10.737056775831599,9.027708628723225
ATXN7L1,26.197032390466834,12.44081759906913,10.889954782776424,7.293705092710326
KLRAP1,8.964877579638133,5.448480866140406,7.9961592436415465,11.0722419449583
CERK,0.8370181576814223,15.535688655278353,14.884069191554856,2.1134487668536655
RFTN1,4.573833868586193,19.748395164525206,3.569855514954629,13.339641339203576
ZNF229,0.00031175845345473663,8.737831044945229e-11,12.462297244954538,11.91373171968136
CCDC103,16.318772222221693,7.903960015065939e-13,5.461960502670965,14.287814996157756
LNP1,14.80649529722088,1.4763580368939513,13.973942135361353,6.777781418708079
KIAA0895,29.42529112568653,2.7300689549850235e-10,10.12890374891264,11.826488214972334
KLHL26,19.3696544808901,5.731683166241046,5.708737665193752,11.998897010379432
SLC35D2,17.168176525103654,4.878456379643878,5.214127402517831,14.12865059157417
SIDT2,1.608747879001641,25.466926612850884,4.522710155403352,11.27250189192487
NACAD,34.43294985132408,1.6139073752750648,13.61413519068137,3.478637239989315
UTRN,0.008323985509685142,21.73104407952794,3.8153115234762636,14.514227126823451
STBD1,0.9489199516870515,1.5710171806751112,10.409229599860371,12.177659155244422
KIF18A,18.931350945805157,1.292343908593989e-12,14.60663897885659,5.556665611542337
MUC20,10.11248645104496,1.419362945742427,8.910390068169823,8.8976840204354
LINC00672,17.47870178771725,9.9217721489787,10.922045285503335,9.166052530232417
NRIP1,0.527730728974063,16.09316033942134,9.836986123546472,8.64486583352432
FAM207A,8.461100503565783,0.0009100071718359786,9.30649963341932,12.177275121764762
SOX15,3.942355493590823,2.3369491372170537e-07,4.579504739112717,15.49672116768223
UST,5.2178947446644885,1.925213529558901,12.568900771728147,4.789135392146397
CDC25C,0.0061244449790512235,1.7382383727768552e-13,14.387449961027594,3.6914630385177665
SLC27A3,0.004682344058625084,5.609172118985698,4.732698409186039,16.61686661086744
EIF3CL,39.43710264787061,6.039807191762669,9.409023493555935,7.373528767132383
GCLC,40.13789349025551,15.97387288338086,11.763706297591044,4.234734298644329
GNAZ,34.53411480170921,0.15103544697174448,11.724786097942172,9.387226623808425
TMED8,8.03440036614408,0.3937145924885481,14.655418155201756,7.1575505696486665
STARD13,25.18537385717137,7.6063695598352,6.757294390260699,10.147217578190014
DISP1,6.979247998411852,18.760045729547652,4.3262591655011935,10.771567828631396
NPM3,5.79887322560059,4.457840336681157,10.688113499048717,7.407941733562764
ORC1,0.28246146449540754,4.334935485805044e-15,14.747504451920543,3.203420662475786
SEMA7A,32.94779812914455,10.354501544897605,11.733790471332776,4.398656705701972
YOD1,6.486616972491152,6.110481659763255,13.567145454527864,6.925123038892802
HSD17B8,0.048817063965205576,15.549651293098664,5.046013225995819,14.727515046641697
PELI2,15.794899120449069,8.24871708195898,10.611344890430985,7.0699322388748485
SUZ12P1,0.0003926114080842912,6.259571002716968,12.800693657639572,10.157865262566744
PIM3,8.086207975677304,18.937162925114635,9.038802768379284,5.722541298077433
C14orf79,0.2749285985992114,0.00019385401412607282,5.355513022032103,15.801955810769423
LOC284581,1.7451654004471535,4.531696256274445,13.371310095089502,6.442516335072295
SNORA48,3.3085103864339924,20.663323429356527,10.031237429535274,4.650727971975854
CADM4,13.08660813128101,1.20526064200618e-11,15.28337084594922,4.552887932830173
PAQR7,3.829622098072873e-12,10.095158905686704,8.020561579628483,11.721342437391138
PRR5L,35.94620139169456,0.0001580873705306768,4.758205603406924,12.693411222908226
FBXO10,22.04302706871985,0.0006562396982579446,11.61725720377972,10.662799661202683
RRN3P1,6.345906013330402,5.635953824505745,11.872203856782196,9.429545799827814
KREMEN1,11.320960422688648,8.602038757057667,12.34255159568425,8.280297059243658
LOC440297,18.49210333833506,0.00014651052398873362,14.204039608156776,3.636118529185639
DDX60,18.825365224445914,16.97285999788432,1.7358468899341066,14.483089070565038
MCM3AP-AS1,36.10250869855842,1.6639436780661017,10.894576117309068,7.282221365175883
B3GNTL1,3.7807514532894806,19.45024896036603,7.147241626624555,10.721257991310303
GAS5-AS1,18.10475066415291,6.761986131254439,12.27830526771982,6.306504282253375
OSBP2,1.2259520856829067,5.3093286393316745,7.065788423918955,13.633886044300622
C4orf19,7.171678117101949,8.507774777443005,5.14793755972782,15.879122678098422
PHF21B,21.59069274887103,0.9324808846459357,14.229718147715106,4.774650819294878
ZNF470,12.671108110112208,0.039225371616446215,9.957736744688564,14.800241364465627
ARHGAP42,25.003179622342724,2.0657946991505695e-09,7.1236514181515105,10.254332684809114
ARHGEF10L,0.018336397472796674,31.176246500941346,6.215539985533503,9.81877369055325
RSC1A1,23.142791135142538,23.33686585216387,4.23156743408241,14.768472150550375
OCLN,7.836126247671126,16.309705042223257,9.216423335869807,11.556847118355655
RALGAPA2,15.522676380792557,4.356001822687163,13.973249577444067,6.1342686353048865
DRAM1,6.8720946390124436,25.493115050295046,1.3721207499089354,13.648838009568895
GBAP1,16.51161500040131,0.08669319749415004,16.36002408064991,3.134987933177505
LRP8,14.295536002199823,4.759398770545752,14.182913430812482,0.2863817297708882
OMD,25.45558905846089,7.615218119034929,9.240663159614455,6.8799592375741465
ZNF701,14.380238976297779,0.033985820999476966,9.759927977113486,13.214123395603087
CLUHP3,0.22098194398122092,0.012251810264547457,12.595623156314092,6.450086097017487
POLE2,13.811503531381602,1.0973366480407114e-06,12.60253423830455,8.63107258727744
CLEC11A,6.469239204835848e-05,2.087216624103937,10.760866949358377,9.305316578382762
LOC284412,13.007571551155761,0.11550672359621907,11.503518704648878,8.352949566541609
PDE8A,38.02357805867678,10.224996848711454,3.8593449126419124,17.728566247224222
MGC72080,6.345865039093727,1.5778221004606903,13.630704467474834,4.9891298059866305
CTDSPL,15.50260904098391,0.10424998809467974,12.240486527998202,11.933163704467535
DOT1L,11.340870834802901,3.2080333619785093e-10,8.405855137922746,12.733826735572382
BCL2L11,10.544009392360275,22.44744764675656,8.696776374345994,11.189781011812919
EP400,11.636048510293834,5.354140787552014,12.046764664146536,11.046366814968213
PIANP,0.02511510067664956,0.0002288999295215267,15.424135176242759,7.6233963504508235
AVPI1,29.649391484018864,27.575880488386936,7.201184700926456,7.512973000299805
FAM184B,13.270155336468978,0.0001519369785829189,8.299857812079466,11.740830211105981
C16orf59,14.674715607939609,1.6566655541660793,14.65803325051737,2.291744876543651e-07
ZNF782,17.122948375442938,9.769089669677708,12.075320786995409,8.371885378399424
EEPD1,11.78132653572071,8.39309006872623,9.512714962834103,13.664114948720078
SH3BP2,10.088626340915338,29.887046549117017,6.776846775484399,10.398687611391507
LRRC8B,24.58036159640932,7.017356379149114,14.334141993696502,0.014390418392394067
KIF13A,24.504340542049015,0.38311510367565027,14.14506988823032,4.622645096307369
MMAB,23.892652685940583,1.7724101565534232,9.620283241482001,13.81515448815724
ASAP3,3.848687741744979e-05,0.0002099342529569797,8.431530730474666,13.04194881189778
SLC22A5,11.745030360922511,2.4400060643192303,7.555858853901079,11.399681050039723
C14orf101,9.834639800260657,4.661205760224881,11.754997127737111,9.697698548247942
THEM4,12.118757105301068,8.255099805955668,15.003097285410243,1.0599621097714023
ZNF33B,0.49802193883068596,13.860924476033823,12.394660070448593,7.562475591256728
CPEB2,11.493844746409467,4.138504705451282,8.688174242874434,14.808960363147778
SALL2,0.07941391294026523,4.686715685007106e-11,11.46944885012703,15.664992191940742
FNIP2,36.19767262856958,13.906409359148267,6.154955054761657,10.575692003225923
LOC441454,15.412830040827346,7.3674243270025,9.051913591411097,7.0903243000986205
TMEM91,9.021048912895028,19.99250062880323,3.1902636241329656,13.713856964854203
CD8A,1.4331603265152052e-38,35.422613848329824,1.464553077473829e-11,36.93199473641073
GATA2,6.104755306722542e-59,1.6180558541699016e-10,1.2549421923090263e-12,48.308957516742446
IL32,1.7779662534486676e-25,88.66438744221853,1.365570853911136e-09,36.14987321182963
H19,1.7648780152237993e-30,2.1673036519520182e-33,44.966040400137864,5.186883919554842e-05
RAC2,1.6403658249327696e-26,239.21342110112235,1.2789083361508608e-17,6.942668746666589
TLR2,8.904185192705933e-14,312.81868505149527,5.012607400931529e-09,1.0777867215898634e-09
MAL,531.4442719767314,8.27092635929684e-09,1.4825577906268985e-05,1.2360788446700397e-08
LOC100130776,321.0736511371763,3.712214845662102e-07,20.34573581371707,2.4116056130225843e-17
GNLY,8.95366561334171e-31,50.1473124634006,3.930629548008399e-13,35.30243497068032
HLA-DRB6,1.1293393985773636e-13,285.56967021951914,1.784594114779202e-19,1.553368866818019e-12
RPL21P44,476.1593945080919,1.304516431291865e-29,1.213132031984329e-11,0.00010620115856838696
TNFSF13,5.606445002316242,319.7454933212109,3.59269619340384,0.13460966108869796
C2orf40,1.553430230839763e-38,7.125530568539375e-48,2.803553859079081e-05,47.72563791481869
IL18,3.0274037426274165e-05,302.02647528619525,0.0004363749893337975,3.607325274356512e-05
HAPLN1,19.652827758656077,3.594785023119967e-35,45.760230744306305,3.8859775190390715e-08
FYB,1.8306737907446235e-15,296.34693125597147,4.0774434648316054e-09,1.8086674025262632e-05
CYTIP,2.459397741854593e-16,104.91148977697935,5.768803564583703e-15,34.17481311973612
NID1,7.277684833923086e-15,1.1181978980222582e-36,65.65598731193909,7.543969035976603
TAC3,8.85668496836812,4.333660344523028e-06,47.10668321741758,27.14793994801162
CP,1.9284514592048033e-49,3.4375241542387995e-48,3.1482197563462853e-19,47.641261505527716
FRS2,176.33280539110635,19.81482401843988,32.64695508284548,6.017071918314069
DLX1,26.90138598753238,57.00929695833245,47.44326550344823,2.2125859069505364e-14
TNNI2,4.8530496452133435e-71,3.734547134002429e-36,2.128297091153588e-22,40.94493570036165
GLIPR1,1.4980206664044604e-10,288.2716148874212,0.32476256175322726,16.823766626666075
SORL1,1.6762674012272976,289.5979262201861,9.925433980876338,6.568510526853471
PTPN6,8.937936124565073e-11,284.32505912294005,2.293170623199237e-09,3.067362815886785e-08
SCIN,0.001226796916300038,232.7283558088045,0.08276588044764875,9.185937846051623
APOBEC3C,0.08707030660875445,175.27836083308878,0.125161744912172,56.63629074697681
PTPRCAP,2.4291466252047394e-09,53.900490895331174,9.076166740258687e-05,33.829766129777056
CFD,1.5444659533564106e-15,249.66503335978334,7.860368463198665e-08,1.7622077016139103e-17
SLC2A5,4.100761558941002,272.4996552362895,0.05724822077306646,4.22085102468081
SERPINI1,369.32317357442696,2.9111004551017826e-09,13.293668630400557,30.881348445437133
FGL2,4.566920781828418e-15,262.9146710838996,9.373641641389145e-14,1.680906054929192e-10
SLC7A7,8.97589785258088e-07,274.0731451715461,3.2016540940306204e-11,1.596254928881191
TAGAP,2.1028911662586742e-16,269.91522711535896,1.008850505646517e-11,10.208545764561233
CXCL3,32.37758430533212,89.24079676119469,15.364059544236417,9.220580240227674
CD86,3.9849568870742255e-07,278.02885768499505,1.918838191157337e-07,5.782581293767348e-05
LST1,1.8698861657144627e-26,247.35108298741818,5.935199843282835e-13,7.555775533883222e-20
COL20A1,241.96455351578942,3.746573865693965e-26,52.9581323809288,3.347788357505515e-14
PCP4,9.158607157373041e-19,6.945660825691458e-21,71.11219746269697,9.626216773051649e-17
PCSK2,150.35351783906265,1.8040409809676855e-12,18.62049733647999,3.2028900975667747
CTSK,50.09794241152483,0.0017988012419033405,13.223591936380458,73.36521559990149
HHATL,424.2701413185117,2.116608040682738e-14,4.669780734316498e-13,3.770308872779122e-22
GNG11,3.4075658489367187,3.635547749885492e-05,17.67895011737222,62.897071074576786
SERPINF1,0.43374393424452645,162.31981665580042,7.196882546571207,58.790145905974434
LINC00643,0.0012459491829985446,1.27544210681105e-15,77.1724800951212,1.284493426276126e-31
SYT4,1.4448507580524615e-19,2.5902046248060867e-15,59.38216701627964,1.228153384356679e-25
TUBB6,7.320386112642253e-21,2.114388249181724,40.284642827271995,55.874013558883114
BIN2,1.2585965612507437e-27,227.74839521705744,3.303772411097645e-18,7.24424143419799
HCK,1.785903802483939e-17,255.1487378542448,7.348645407516668e-16,4.868665759495333e-10
THBS1,13.398851073580174,90.50526216842358,16.856094150672668,27.002371930725957
MAP3K8,8.668093026284154,181.48138654600916,14.037844296303211,0.0075816062117952734
ANGPTL4,1.4146423328440463,40.892372985912694,10.069054071977325,75.01166099994403
IGFBP7,0.0010961365746651618,3.2998304301564424e-17,3.4496996647339238,103.48946329832242
AKAP12,5.73432661934625e-14,9.637798904480235e-20,32.2026581502357,67.18501192573062
C5AR1,34.48751818248867,208.36836532746347,1.4234779506498838,8.53193383447204
BEST3,289.75798689719215,12.418279547789956,20.07191005436143,11.94580594853757
RASA3,17.868790811462393,17.21145585160599,4.238520175201094,70.2584549196311
NMB,4.11578140672317e-10,2.7466828173112503e-08,0.0033243280482045004,105.09035596353483
RGS19,5.959456748771997e-07,254.1162071997397,16.84624816398621,18.779358825612217
GNG3,2.497161215765061e-24,0.16314847330964372,63.12180846735413,4.011477062265204e-18
THEMIS2,54.96606192579173,234.0909412634994,5.7965074228532805,8.519115161277355
GJA1,0.000126021236131111,4.5392557676565387e-10,0.0031974874204732475,84.33955517298762
PTGER4,0.3599099006483978,226.68550229258875,0.06916806981732977,11.713261861359857
CA14,297.80737544072093,0.8912822266549194,18.772680777747762,49.484583483311546
CECR1,32.31354019581156,226.25260725528744,0.08463918475817891,18.993394137810533
TSTD1,0.9291785270194365,50.77016622387098,8.854643106467854,90.27452817408208
PDLIM1,1.8499928852008965e-08,2.690994439198425e-28,61.151911561658856,0.3692324398473732
RAB20,3.613145485224855,185.14810109446964,6.2897148635690145,43.435661744998605
NSG1,2.651467348624785e-05,40.024305691652785,62.550572548536266,2.4659272113367608e-23
RASGEF1B,51.8338004594598,167.57977415033955,24.93846806897503,0.00010201587371354404
WWTR1,3.526609647662631e-24,6.531538441864737,11.657882881282747,71.96154435918139
HNRNPU-AS1,27.95646217046271,5.92543399279629,35.928239712489955,59.513266792631704
IL11RA,17.095834697462614,3.09284427302421,21.731023104696405,41.919511950664955
PCDHB7,74.31511462451411,2.0276954730719e-05,34.79333525696908,51.375965590284416
B3GNT5,18.587322982174395,183.2075434203601,28.345048891906245,20.632327510245567
RPH3A,2.8349661139713684,26.624415882765092,11.122984069452428,72.83522397731211
TNFAIP3,38.821376011029834,138.88182684918434,5.879513012368201,37.83336904791902
SIGLEC10,0.8495795115589007,230.86961099596414,12.62770004752393,0.08029668218873946
RGS17,29.37107441722634,9.32484035430656,59.22507747267898,18.653166681803555
RNF149,41.41295299189504,251.36201712515668,24.61024153619172,18.172934575337948
ITGA7,3.827103887041539e-06,5.2040953830548585e-05,0.064544950781821,125.6971270490045
KCNJ10,226.85599591413407,2.812305104886551e-14,7.099385451861717,53.552136596269925
TNFRSF19,0.001233863978615741,1.4592222428832771e-18,29.24230617529001,87.41415587502834
PKIA,0.026616333488466735,73.77892354540086,77.19634838018719,6.211429342106749e-14
DNAJC3,10.947453184633902,84.20554565414164,14.883184063515278,83.84540454704533
IFIT3,156.02556701497954,62.79344515477895,1.290121346868589,80.39307662278881
TTYH2,376.3768611160504,2.842491742773524,4.741400945823756,43.06692605581573
ANLN,383.26608711619815,9.74059154511409,21.357024073275703,15.055880085787848
MT1M,0.0020718996316975453,21.93029164751167,10.366027385805754,105.1819018961655
RECQL,45.94989512114443,40.79446678957009,42.910199198764055,49.175376199806244
HRASLS,3.3780066725447686e-10,6.866895558653168e-16,67.21917716890356,2.4878542548459817e-16
EPHB1,6.906526814267985e-06,5.228606064052652e-05,71.19249803537302,2.414616846698653e-17
CD302,69.77431911796029,236.52842685949966,10.616399229330876,25.111620523832816
CASP4,3.4538265334993296e-11,165.55832625134295,1.311452272068727e-08,61.4837317360941
ADAMTS1,67.83441581667218,3.320529963194494e-11,11.660176060643913,69.7621391003237
CCDC80,5.223473089581928,6.744317280883082e-21,5.406871303971051,86.88330690785095
KDM5A,24.528019694583207,20.629235415265054,50.40009904175348,38.78562861794202
FMNL3,52.48085996930199,193.32390629728553,14.627356781302927,48.68300272769076
RASD1,59.06910650372438,40.938276829151924,1.5768930532397563,94.28911722918981
FAM5C,0.004113623324363209,6.3881780285486176e-21,58.92466469264722,22.488081492908957
C1orf56,0.25191459045468056,44.86771370656237,34.251406666011356,68.46287568207923
UBE2D4,24.1353561248546,50.195303920880946,29.244427754827914,78.94529029567272
NAGA,4.755823344477832e-05,229.1220382494077,13.713163912811586,16.72486800865289
AES,18.284215488079397,0.013556250689673692,36.68344611845749,81.25996833353247
LOC100507463,78.9325305841146,166.60714007622886,0.0388701916081857,43.87523216283396
ATP13A4,36.519143212755225,1.7788053123853615e-08,12.82364848003687,91.56834694375151
ERBB3,154.66499437271472,1.1114484375382288,48.39386348338491,11.329593559651148
LOC374443,4.682862556670703,111.79136846333655,34.76944233876652,27.082002398733817
BIN1,314.1753148395445,127.68084033765518,20.905839147421965,15.601160094637402
PIPOX,91.15757283165395,6.933964986908178e-17,9.80852756688035,87.45824828477437
PROX1,301.790696288232,7.5334252674871736e-06,29.121575048382443,30.109701834031302
RGS3,43.357978875278,4.8575435537609384e-09,55.83230584534979,27.113094184716758
RGCC,134.9113664522692,60.384467550804104,17.888009805386492,41.706698690066744
PPAT,89.53280461242517,12.412101419366124,51.77928297637735,27.621039157947216
ARID5B,0.01592231423045787,53.43292578857056,25.253750536931815,73.45630612552118
MCAM,82.97168384518237,3.3395862547045057e-07,75.11316321491577,12.178197079096469
PSMB10,1.034223643997277,200.78537785294665,11.259816014716062,44.77283265804041
ZMYM6NB,35.0660560273845,186.71953756203723,9.248453078328444,58.09243411380263
MX1,97.49160383192644,82.239486016155,0.23332400532161546,65.85296670892838
SCFD2,92.99412526152682,25.34446166245492,58.22341877948385,0.0007452117074287995
LRRC4C,0.5807501239402569,9.590826224873342e-10,79.0952295334421,0.23040259320435044
CXCR7,251.9737326764937,7.029078482188463e-06,51.97549333777943,31.766138134370667
NDRG1,103.17528599619386,42.26947602567275,11.702117183977284,69.6679261089052
P2RX7,126.138298597977,84.39878149310115,67.50792118796656,0.20289431434766425
CD97,87.77092310010534,66.91772334941531,0.11552524330499918,76.21070574292665
GAL3ST4,44.47600373759733,179.87887001799965,25.131467260270895,36.90218955719125
DYRK4,5.497195792444361,4.7252850984986585,46.74939616589094,32.844913345086916
SLC44A1,174.96101816761217,26.103341061009623,52.28613616413983,0.004207315760950727
BIRC5,0.009484260965700729,3.531623163945217e-11,92.85143856591591,12.227336928633973
POLD4,1.4017193914594568,206.70053883478693,8.12734282339923,40.68312003244605
LBH,29.09829489506025,71.13708046851757,74.96795069032201,3.7080552314133404
PDLIM7,3.0281233092745796e-11,30.806674526779986,65.05570484884059,40.27691872066447
SESN1,75.52501940469088,157.312586399864,24.288692117210974,55.808236679124484
TULP3,29.871197425355067,9.341836312676036e-17,37.78976396596398,56.150421516389635
CPQ,115.31653463062072,73.09962950853401,3.4052031354033327,73.77312729397875
PTEN,0.5376360834603081,61.57264575360378,27.88407268548606,73.51137432093789
REV3L,72.80455900061806,1.5370553577885812e-05,79.80415612326232,15.735973462246042
RHOB,106.4921879043241,91.80643995207733,38.866411850055144,51.44178663106801
NELL2,46.07801766358945,29.678349776366815,46.29030786289098,48.08470961257587
ASRGL1,120.17002858074964,0.19087799743715966,94.54988226597585,2.9092726912333232e-06
TEKT4P2,81.83001285680025,128.916557712115,32.03165082451858,41.05760767472654
H1F0,49.654606147796834,42.0510666173145,72.85117558151475,23.03189108386716
NRP1,1.113090448963754e-05,101.03314333079844,14.775427769802134,70.15963333360943
BCYRN1,5.191948156655469e-05,9.045431794454466,48.962814318574445,47.15180468353469
MYADM,31.98434065653245,39.94609894811775,56.18857035977793,52.92415048798284
TRIM44,155.22785238994325,14.606445665499278,25.730761863615644,71.82922731819774
WASF1,22.734135641589393,3.199504542106594e-06,83.33966988345043,4.688265633043615e-11
DST,59.407460421518095,30.152306135795765,40.76948635299858,71.05048635053832
SMYD2,0.08013244667190673,25.282164656662204,33.0651439782054,76.97933390049663
C1orf198,239.5963166728523,22.333667637077177,50.251347091901856,34.16124274759246
AK4,65.54628645659535,1.702912932027732e-06,8.878695374246169,103.31415690915722
DPYSL5,138.88139352368862,0.12148542647144753,73.12999017145468,16.0917193589403
SEMA6D,6.749268357315436,1.0049735337374959e-13,45.353738880434875,72.09192564410608
ZNF649,77.12640526805095,0.9499639808128699,85.74528257137956,19.221736557890555
FYN,4.386400270577668,0.08299936219299767,89.14738496190398,23.620532802490438
ATP2B1,0.004477213077595198,36.45306270677683,35.07521873527276,62.29388979372831
TSC22D4,174.07126374582896,23.218973768374685,23.749675321454912,68.75612295351425
NOTCH2NL,82.76657453939916,34.40118105741982,17.272075167473975,100.28017017750473
MAPK10,110.91377703480437,20.403533379136064,61.30682529987525,17.54237467800514
CDO1,72.81131969238918,25.32388232474526,67.35303683363225,37.15289889677103
KLHL9,142.36355785414838,46.659298924055264,48.94188000124562,19.56163979086752
CDKAL1,62.05804728244933,22.294259965323775,64.52472234929023,17.896016869278775
ERI1,13.488329014755614,58.36192037642018,19.356237005236718,79.32743668199551
STXBP1,45.769431503732825,11.312232365485016,86.40474629018213,0.00019525460012027158
FAM171B,126.08322210852212,0.0075488744780955845,70.51029970282622,4.376637323028633
TMEM45A,33.05891747738013,0.0012034936892204385,62.61229671348982,37.03234209027559
SMOX,0.12285115233916817,11.710094835346109,28.716530775489964,100.71756960114428
SLC29A1,0.05161698229370181,170.8436322777263,35.30812206446318,20.029827285223245
PPAP2A,166.10811449793422,49.63360556017953,36.4386243243821,65.35727535228636
NOTCH2,59.73257401000456,31.767547935081502,24.671752403484614,99.56399446138302
UBL3,59.64181562143859,78.55501163428526,55.7375611783488,42.319782962094834
MKRN3,164.2010930702056,0.03482546336960287,65.32752529949025,37.2707059607925
ZNF462,48.52420154763158,8.464909616765088e-06,75.53792186261165,5.178667637679208
CBY1,70.946945684812,0.0029543835284159005,54.432571130976584,63.068117415674934
GRIA4,67.82948462559571,19.13158180467253,61.97143807633018,35.77412867525605
SLC35G2,24.30356717185155,7.795257803863585e-05,41.176321714061025,85.76596573880838
SPDYE5,52.285889677070465,42.44529154941755,43.36166752235323,57.8880175097542
MLF1IP,37.719645520859224,2.835869729922309e-05,85.2133344613855,0.8347397335745476
PYGL,38.61449811209372,89.91850471065126,13.687878029762539,78.65086503896443
ZNF83,49.427081462911524,36.029354626724995,39.64335058310865,78.84454694672561
STAT2,57.26235549928921,67.1386216515879,23.102515085072366,90.04302730924482
ARL5A,32.193926882707146,166.23427188369186,52.6939892452953,33.78549306666689
PPIEL,176.0252941560819,42.457151243591824,41.26833895448382,56.18535053933054
FASTKD5,21.864696251939424,56.20372381761924,48.35375373724341,44.612512886779676
MAFF,38.29643619175663,53.79222451684855,37.33319789995588,46.69497123003741
FAM46A,0.0025104185407427673,53.68424444381612,25.093093306258734,67.19761777084712
ST3GAL5,132.00300640883955,39.91901087395314,65.0056669905225,11.603650901152367
HTRA1,44.419623352872705,136.18446820664474,16.494920089484598,71.08736762959293
ZNF577,14.573861960065196,0.29739857751177307,46.68493632687736,86.2171157111457
POLR2F,51.76924327190811,0.00012295175548750008,83.02751449035769,32.21788773160251
ORC6,84.65455581348947,0.008465989337220271,84.57578904636512,18.82420856500726
C19orf70,0.0077115085785698775,22.404484469101266,36.54278915079245,94.03142884365172
RALB,51.458653443368874,50.89536944129738,42.351911015572725,53.27563269228805
TMEM243,21.508604888020972,161.56776297502276,29.082704970981123,56.716986158715535
ZNF573,102.6294775180474,32.69472360990549,53.295221934543356,51.49455385989934
CENPK,69.78238111318717,3.307510696415377e-05,58.29960004735775,29.439280611440353
ELP4,100.59115285979661,14.183771150662093,32.82482151399632,88.66064467700606
ZNF384,31.59608533179102,0.06290407053097166,50.35812739451969,45.942960607484615
GSTM4,55.515118427796445,54.47499564505109,26.157441033500636,82.21958483070016
TMEM160,7.284116092365143e-05,0.00033664590785336,73.44729416492359,31.55961050356243
DNAJB4,219.39920597742952,87.81905060887811,29.00956157097956,54.46806375524112
BTG1,61.873844267383326,106.59721009964453,39.39302097925499,40.9724427819936
TNFRSF10B,38.74054551237915,66.52504254479373,41.29581694912076,51.820084672656684
ZNF883,80.3916515599274,2.9946150810946648e-05,61.591110275570266,27.680196890708974
CCDC144B,51.724895290374505,96.90764592741249,52.729188306596164,23.392913686706592
NT5DC2,0.007791509105585081,8.83880312976992e-06,84.03667081745809,19.13142708626695
SNHG12,44.55592376613413,74.70384962295844,29.224033202747595,57.150795743330676
GUSBP3,223.6736371551037,23.559049929977636,44.496461560973785,48.974103484166584
ALDH18A1,0.007456730002609025,0.0003029372408758657,74.9399412883666,25.534508859552474
TOR3A,122.73100755855724,69.35821481876206,41.36766204115867,54.288124673626285
PLOD1,4.830276643282225,24.00350604624884,39.19173954190953,96.81829284764086
ARHGAP12,0.11427280882028273,42.89018938819443,57.34854764312771,46.38528418252178
NUDT19,17.58620810926229,53.96991799811637,22.741349468769847,72.08224209863953
GAMT,136.1608405752718,0.41285439762325843,41.522016248342744,79.43864477076322
GNB4,0.29517745942104284,92.91804851033788,51.70384752911176,39.23989334003219
EXOSC5,28.452757651236176,15.951611331878942,54.96520715422451,61.05645223626962
NCAPH2,102.37854643881873,4.565340311405754,76.61129396321468,32.8271366797718
UBE2D1,0.035727900953916605,49.476122511011184,79.63462493170336,10.433794632755523
PTRHD1,35.610713680948955,40.43175047966913,37.652785552873134,87.95592721745076
FZD3,46.616017633563956,8.612354259242458e-05,49.22038194133737,65.93776758703063
HIP1R,155.39602961348777,0.4273085917685711,57.39298567766971,20.919741540085077
TWSG1,29.665693558774894,19.28641216922049,27.825634710725655,79.61536401698957
CD151,0.009442773156659237,1.914851683893051e-08,29.574484013818964,86.05385428217895
FAM69A,99.22679181663581,24.449370252614784,45.92582041208423,47.45536665881877
CEBPG,51.791439096070626,68.21637714037841,40.65102673771437,69.76091817585807
MYC,0.0018644183132789597,70.76113196440092,41.83023395767612,54.32824360398978
CERS2,248.07887312537483,46.57118625352939,36.66867202321599,56.10344203311977
C20orf27,0.0015352504119891912,102.63232772864903,50.79336684449506,50.47468345862063
FERMT2,30.122725465680187,2.059196091085448e-06,35.280164761457655,82.72544024129925
NRSN2,36.049730322353554,2.582724482517009,34.89630681992176,72.10992878567781
WDR85,65.80470727209537,5.2685974368085535,60.03642409761404,63.248250337118314
HSF2,27.866576195014698,14.450950565668606,86.41858495916536,11.183238614343288
CTSO,38.87714448869602,80.78841801740198,33.73594389535184,49.84966347628747
BCAP29,150.22568839796085,40.75769230954871,39.53956540356367,69.41901725542877
CRY1,40.522791062026556,3.1311364831182096,45.53617689224683,85.07178439368879
PDCD2,0.005900328157946644,6.109729427621673,64.7151808010876,58.027211663493695
ARHGAP1,156.97911618912366,24.881383812380918,42.36007009202608,67.54598329609043
C17orf89,0.12622315900430595,1.9126103423234107,59.59210970438288,75.86004788337465
USB1,15.276629272200603,43.89039493671242,60.42857911528153,31.60072291723314
DUSP14,67.71671373314003,2.4043269946937524,43.95284497367428,72.51668113548536
EXTL3,26.371905455236867,0.0004122607540079214,47.613173200516385,65.17333360065902
XPNPEP1,37.41214239314336,19.616590946735798,78.75020915558218,35.55418384182311
DEDD,54.04103793166072,25.338758896543414,64.50261131084878,55.65204185166288
TCTN3,0.13863408733570026,11.620788046801543,44.83660569164034,65.99498723195347
SGPL1,3.5503784383399495,52.2072272700374,48.035202505014354,44.91233383302907
PHLDB1,154.16645177209097,0.015998607014118385,62.96128263270539,26.308636562822276
RFC5,109.08973355838306,0.01269295089791483,61.233062164926956,35.57683926312598
TMX3,74.66672822870811,3.8269096684450084,52.28635842067922,75.2136393556509
ZC3HAV1,40.357932271316336,79.0417356406939,20.526905472312336,72.04049330259106
SLC37A3,67.98597429733073,25.041802893220705,75.49690658386518,36.72882301092551
TRAPPC2P1,58.00725341814276,35.06166616588066,55.67507563485625,63.07270471028143
SHISA4,115.36366802819863,6.069270821547021e-06,49.83740955488268,61.61956330107538
PGAP1,60.927763584900624,8.396392715244243,64.32393946289706,35.22950214201749
SLC43A3,45.05147171338351,52.48837556519522,52.6942255104234,42.32945230074049
MCM6,97.41379698900442,7.836381822011984,65.48579305291136,29.38196457940708
SEC61A2,7.241428009462074,0.036940706186126895,76.14575185610241,23.35162123312701
GALC,141.09426406388272,85.3791390543606,17.98857581997831,57.45785370788969
TMEM120A,36.3864236157023,28.665608593018288,33.511877335382046,87.04783417811025
BCL2L1,37.45681253961182,50.79560129946412,26.382112206739237,85.83660626663539
RFC3,17.890494878122844,0.02119470612004524,82.42530865512273,23.884615691637958
KIAA1715,93.21000392826251,46.841859751842115,51.27275629202742,49.02161303467155
ILF3-AS1,13.856258467115168,32.79126232966429,51.71801933809939,66.06536337907103
GTPBP4,1.65912094849236e-05,34.80527504226123,79.67002146586438,34.846165064785936
CHCHD6,0.15772350109113661,21.524940437284666,72.85874187473834,38.74991838894624
ZNF181,78.48191854467908,0.8511957426025708,30.95008922921522,77.08412487421626
RCBTB1,147.58505911238504,58.01583730707756,48.927044704971976,31.263268036559566
DCK,6.322019114248281,152.15468527984586,63.074395343527165,28.557519884032146
IL10RB,74.88004885206747,144.75582659353776,35.482430801694505,45.260134527236005
UCHL5,57.22523399415414,44.77885966061225,63.567810204895586,44.65932911011559
C12orf65,85.04639978196764,7.805731378172611,55.53548918788718,45.764119647100344
ABHD14A,44.18187597500273,30.04769313467978,58.039601750049606,62.10355178138598
L3HYPDH,63.805935659939344,24.931944949798048,31.145519768091372,69.9822891172264
MTMR2,76.27421605321479,2.500447432906979e-05,74.60398761061573,37.56365998001696
PTPN12,71.27988687829907,60.5294185881962,52.541828008715235,49.801690979705654
CAPN1,0.15771237983569658,98.4171197023438,43.981289882896036,63.69311812572189
WDR47,55.6591153452001,31.58651367751079,69.06868380380126,22.627419591071067
ZNF493,58.297394244332104,32.01754766029966,43.67853287439658,60.91098041495823
STX7,53.048491181319825,128.74137511717385,47.98662256967126,26.36806902653585
TRIM4,106.48261958996916,52.2054714617077,39.8205825384661,68.84874786497932
SORT1,196.70028295058734,25.770304400162885,27.506119599124414,50.564385741942964
C20orf112,7.043156127090487,47.87502481850257,73.2348677568981,17.914698685854535
ZNF627,79.83161393866004,12.539044208229623,59.30667425692526,52.55448758624992
MBOAT2,102.30876839515695,2.9234109072056946,48.08134289855061,65.77255637100049
TIPIN,37.09660858450512,0.0004578583300745876,63.210895684185864,34.194134864882635
IMPACT,107.56595325850704,22.883825859171708,58.1033984943622,58.029632079950744
ARHGEF2,145.74848540386935,14.214775989771919,55.88434099590324,53.46064634708143
CYB5R4,31.76809578527087,114.4028486784006,60.84342418015467,7.531565873008365
RHOBTB3,68.96230291742313,19.52804632459878,55.67577371487989,50.17884109842787
DEDD2,93.74109969507566,71.87583576746276,28.41051549133495,61.52688601415361
DAG1,39.22067382971513,1.0314938704079006e-06,35.449352749476354,87.77122046883336
ADSS,94.85158425656202,43.27604724085552,43.267347146405555,54.07455855410511
ZNF669,82.09966612256711,12.083140621690742,65.2322512664493,20.00471759374616
PPIF,56.0304071765976,77.41510445583341,71.43408633391807,29.236686745844413
ZNF568,86.85963391491842,0.9290227052502407,40.70630576615863,67.64150279417969
CHCHD7,41.18785755686538,134.95877140757653,37.32907873969905,47.049653628487555
TMEM97,66.57738683976478,0.007465173214445955,78.98481666949453,38.59081233959608
ZNF286A,21.805659821016405,18.45211963885779,74.87805280096,25.690553988700856
C12orf45,69.02817414390631,29.89262292407935,62.20551741226741,37.72384212703482
NME4,1.2144212727155264,0.033998344485964505,52.17018419011251,63.553167179042006
FAM92A1,11.914512186847917,0.0013967440413928686,75.84586619950689,37.57345453235865
SQLE,38.700300491691046,0.06418488608364847,76.20009522306685,44.89528600360189
MSRA,88.50522279198715,40.025762438265126,64.11462340912749,28.33159591045037
ZNF227,90.0615487797875,0.02239049255480341,46.528665931333,58.009572153545015
ASTN1,39.493022196200414,0.0033092020804981466,55.227275747054136,43.2597706351368
NDUFB1,0.11160183909076231,32.72070206391695,49.96867774998449,59.90152309171746
UBXN2B,48.480412383812265,76.38016771879465,63.134703239743956,49.08013111239748
SPDYE8P,108.47661803923705,33.339343253521015,42.52914885510646,45.246205507685005
LOC100288069,152.65914960443268,98.60426200122009,37.41590564940493,52.3373337676813
LOC220729,90.1859371734121,15.242275513365312,49.93785668093908,66.89556632751665
TM7SF2,123.12178461774944,1.1501167552377591,44.171674158657346,59.012867596866606
ANAPC15,0.0016119670738955092,32.70281404259007,75.34682963814664,49.94692351640633
CTPS1,49.462926358737604,15.651423332998426,72.91469565067196,18.15337706244275
POGK,130.62552452866055,22.8052551687717,62.476206082717326,37.780586624240705
C12orf76,157.72665158631418,0.11197487754784662,50.508459393340615,70.56254910596311
IL6ST,37.07013853709235,82.63769233868665,25.45130131272047,77.7565222808928
ABHD4,106.33187818707201,22.83941452207628,26.636414747559446,89.24133309352223
SMAP1,38.399089866628735,12.71693323432999,78.94348398258731,25.19356529123036
FADS2,28.164245992817648,0.059040242309388355,64.23722427660758,48.00891426467674
RFXANK,52.14470734564798,0.0008852316536208781,34.50532444952947,82.48047375044573
ETHE1,7.438541485621615e-05,86.13062447178613,26.216580378755637,69.97843103844977
ZMAT5,5.13090775381828,39.02463575654099,63.869001678811145,49.13016532178433
ISOC1,146.46725689540676,28.96619707587341,53.40946283959311,43.42435455045443
RBM7,100.89477686348016,60.835002997261924,46.06059207902197,57.66966115251052
CYB561D2,0.0012263729714966675,96.32059083823728,39.525063376138235,59.91804256578825
HKR1,45.580434539515345,36.47407343363006,45.17634029963764,75.74299423714352
IRF1,102.1189970268343,103.05131169357041,27.29554974358242,53.907275745571724
HMGCR,9.941863644333965,0.48975618018502354,78.17124013444037,44.98797932537863
FTSJ2,103.38965007066608,36.58248919195553,53.31746868589995,59.0932331398436
RAB4A,2.501274180758196,6.17802884003173e-05,54.783925906117794,62.62200772940243
CBX1,52.5112879597318,6.942837222656587,79.65874902761296,24.07741185049085
ZNF512,127.00110259021527,43.102587549149625,73.17743160227033,32.24207147509248
LOC100271836,63.19926743624839,100.63993056109479,36.41776168889869,55.77840788665756
NARS2,79.21631537439312,9.570588112538776,69.53097446988153,27.2656382726819
RBCK1,97.50644575649997,60.64762462086018,27.02631446983263,82.06635736447451
SNHG11,67.93498491564883,17.323653752834787,41.46057655444614,64.52168024777744
C14orf1,99.02749406165843,8.992446507488609,45.55352309140656,70.69806063633467
TMX4,0.2611525052431401,9.39302852972385,59.17426747031893,55.742198983681504
PPP4R1,71.18852301153584,0.011608733225405291,57.503204651875826,39.198882760856904
AAMDC,90.71306003124387,11.308683676649064,34.68494054848867,72.20362809306472
SDHAP2,76.31607701779745,38.228037994206474,45.59280432316037,56.2339792477306
NKIRAS1,42.750641918628034,9.55093196884216,70.83108786691831,28.144713355437233
TMEM161A,0.33227232369293197,13.164231379556258,34.384844059899464,86.03907595608331
SNX7,0.0002753092577463616,9.312426497792126,59.33316241605289,45.011943374332816
KLHL11,142.3095692921293,0.053109448787994194,63.28027517700026,56.32542432713429
CDS2,60.34073393195519,24.452654045941983,42.81245103031347,71.20973342591412
AGPAT5,24.729880108897323,25.736262044756987,27.290535024160764,82.52128396558521
SDF4,0.026887745570617724,5.579980976436822,54.208996841196395,86.94280255662656
TMEM168,99.90461449222835,25.79783594956468,37.020763075135726,59.02426428454921
LASP1,6.227890123910216,84.94899585358193,56.01583743034284,57.18913521443543
CDK5,64.16935693655584,9.771581709958985,69.54189005085412,50.59485195910721
ZNF134,60.50375327551583,26.679656582452637,46.09271153092902,72.16482142279845
PYCR1,0.4125076410562148,7.998170791820257e-05,66.56744147813372,52.46654704470847
TRMT61B,179.11440379162087,37.444316777878036,59.16058999205589,37.31152396422698
NUP62,3.6304622517070153,44.796229189830136,74.28231352517007,46.26648396115192
ZNF548,57.6213430162906,38.52258048160246,58.98180635500219,51.83340008603953
C18orf21,74.60986578747608,13.899589659967447,61.96739179814321,43.5149790173764
RNFT1,53.490345716799574,65.9271327667074,47.71045327749103,53.60620836288153
IPO9,81.19936368185743,0.34820863560832543,56.496669992512786,44.04538008307805
SBNO1,63.79105329696983,32.18363383813009,46.50585478402805,47.353513492852144
CCDC126,118.8552137494401,48.03983003446747,47.78561869332457,32.793521306538445
SLC25A17,70.80414007131289,1.0993297677585798,66.89422843629924,36.477007847592525
COMMD8,59.18892925993892,84.72944784478021,38.93756135562268,44.1125470431679
LOC100132352,67.32469256331414,51.46202394034451,56.817389884022276,53.67436064722275
CERS4,77.88159086131958,0.5216938857551991,52.289995781617826,50.8726729159153
PPP1R10,199.40061107032056,45.91932688646084,48.34202239831926,48.579377429293416
ARL17A,129.10648799912042,44.491868840531204,60.653212030015936,39.71664693126198
MBIP,135.62268197613906,29.592313881638834,59.430477797730994,53.15122459852677
PFDN4,11.959461327125391,7.648375937644554,67.90625914574966,35.27095311920012
ZC3HC1,65.52338633082562,22.83888594283596,58.2685816103758,55.467636879244026
CMSS1,1.330943078028505,3.18451245637125,79.61355328803174,39.0838776758306
JMJD6,61.47247874546394,97.16245285962717,53.035416142207396,49.538238587676744
C18orf8,52.376193046400424,29.04665303005824,52.812432616332075,42.22009590370231
ZNF397,104.83438304203604,4.908091149470994,50.81049657544552,40.2718462607372
INIP,102.44805997902041,70.59383901339028,72.15506964953612,23.148362855684105
DDX23,34.02838089663734,17.399218488890114,66.33420172516952,56.565505437662594
RBM28,104.43920768049078,16.7338185541463,55.73420231970367,47.07613270780774
CD59,12.273117471164076,69.31963507975206,39.12277975074054,60.932618639769935
DALRD3,47.26478514494548,5.261855775755468,43.72220261014424,72.85337186802722
NGLY1,15.607372832841687,58.76544520112234,46.18594144398782,73.6372106608684
GPCPD1,10.774256116106349,66.86374016530671,42.20486551168135,52.31996078125735
ZNF7,149.10588661837494,52.726101285896426,57.159308036498764,49.04193052730822
RSF1,104.4256497598309,16.729621874230357,79.05781880661276,34.61882248562669
PMM1,66.08716697990705,20.773512772538545,48.424304082325186,65.86330610792204
POLR2A,88.1902621704943,31.29352733424511,38.73518429350421,59.78441814327752
ZNF506,93.21086977666812,27.292244459969766,55.96532340408789,54.062318816766236
PET117,80.66785746804126,10.813417245285692,43.96373938247877,65.39354592579741
DYNC2LI1,70.94247008306746,17.82402865748758,51.38220541955342,69.78000065850304
TAX1BP3,8.620536735691575,100.52529851315879,53.80658258824954,35.525582938263014
GALK1,71.93208494811772,54.612780577003505,27.046540056035145,66.32883635068559
LMAN1,33.23038154510758,32.80320106512504,38.31575440414794,72.69837802844077
WBP11,34.25071678565907,23.570909262126733,58.48993925046268,59.65487647512835
GLT25D1,0.0014507004129392994,97.82148777939311,27.559039179665113,68.25163964356189
CBFB,97.23061161653128,47.962580594041,46.48130981178668,72.10739868819776
SRR,61.6833051853459,9.43728428225667,62.51068018958355,50.29944637150671
KIAA1279,117.92009735032136,13.833539351382738,68.57909601838666,44.06002418534525
MOXD1,3.3048073173958437e-18,4.722777601667586e-06,58.958763835136374,135.65232106667412
HLA-DRB5,111.56729381313002,798.6676922434588,4.784544108657291e-11,16.171831432273827
CTSH,1.220166122102147e-16,902.2021965089077,2.585187999653313e-11,1.1376979202146014e-15
MFAP4,0.00997295178163278,1.751964787823306e-46,8.214195230679404e-07,177.86386917702043
MAG,1561.0611983510953,0.023983365545982543,2.480674762153251e-10,2.2017063036553056e-11
CCL5,3.35699904724845,192.63850329577838,40.8548615150813,149.31078474923555
RNASET2,0.05985177223619123,927.6415081065609,0.06282524266186788,39.25931109154657
CORO1A,2.115529247017011e-14,854.2061686299863,0.14332766438909472,31.150840425182754
CPSF6,478.12539287032564,70.34109521326069,146.6332789141084,0.002354106487858978
CNDP1,1263.8230665557162,9.198761064930167e-12,39.35539413459751,1.0760391148224902e-09
SEPT4,1430.768043994814,2.71298069483001,0.11098501366901588,36.93953325488515
NEFL,9.902087407071958e-46,17.229334568771826,114.96155989070047,5.937216369420388e-08
ITGB2,4.604053505402489e-12,835.5060260225849,2.11825770355864e-16,3.073254624123593e-07
CCL2,2.4939910324540753e-31,716.5375035448416,1.8870160246829807e-05,35.07935122607216
MDM4,2.321761216546348,0.21491410899961683,183.4129243726548,0.028428990372437693
STMN2,70.03924282942283,185.09767061587658,186.51981804227603,4.693684523008626e-40
TMEM176B,2.6019716116452393e-09,484.71576447952754,58.116822806251854,183.70063455708475
ID3,1.4084104008622454e-16,0.006591627781854908,62.88112005868779,148.08655528863906
CTDSP2,386.82860325106003,60.96326012931668,102.7332130107217,2.712773265799899
CDKN1A,315.85449638008504,253.4281592402361,46.900370895449,214.5482347833218
MOG,1325.6928833329368,18.689518410725814,18.052873995240624,0.019889875004261794
PLLP,762.0854562131258,3.942679951402028e-14,161.4445914696079,15.065318040554397
TM4SF1,4.7631281481187083e-11,7.108507024164512e-09,205.4715135149899,78.13363151304402
ARPC1B,1.624252469268957e-05,749.8949627111989,0.2921089146740227,55.78104522192208
CAPG,0.8904018052015591,713.349958625692,0.00016004737072546912,102.51071750255103
GADD45B,347.3549173452206,340.0701251354365,0.0010360079565799108,261.0812094400678
IGFBP5,2.482027252095371e-12,0.09844098675847694,62.81814022212979,177.333004748873
PLAT,2.7413500133775356e-21,9.740107670615133e-20,246.7511762173669,0.5102464985834976
ZBTB16,510.2024043257587,83.36588584900657,78.62657780028157,190.11618265841258
LHFP,27.95125252669462,6.174506438214118e-17,109.26791025773143,255.93811408191
NKAIN4,507.64057636665325,3.150561666449599e-06,172.83041083564817,4.0405735035750144e-11
FCGRT,0.00014033729041560222,662.9415562346938,0.0002815701224404056,122.73123292668737
PHLDA1,0.0002433167533155401,0.0034811243293874244,215.3740283872522,100.47941562304872
PAM,2.362415827689367e-11,0.010899967510447176,64.22954825583741,205.49837062151616
CDC42EP4,0.00023684286777681543,1.9086114131530066e-18,67.13147399480005,248.10528003158836
TSPAN13,476.82488185680876,77.84533946929658,202.21567637222685,0.0002372193593910762
SCG2,1.1450093378647784e-12,76.8307845915029,133.8047456978626,134.4815817478511
HIST1H4C,0.009209206149097126,0.45017676016898817,260.5086239507669,79.91384368917323
CHP1,10.161357589161087,180.4343154550862,73.065163918335,210.62676306882832
SCD,1102.9654104918363,0.05608958351417429,68.6011384277757,133.49310051654749
PSMB8,356.66071547506687,275.81321354261337,15.788399864523699,299.1768215879523
PCMTD2,84.11376122613585,0.18122664648614198,146.85507740867,210.12809456016038
FIP1L1,446.10264955243304,33.17740017372996,180.46345552387893,6.016852508037669
PLEKHB1,667.013577205957,3.5890430330739673,178.65198229363526,76.2456949454495
MFSD1,42.77383468725501,644.3010207165225,76.83730374141865,84.49876803771804
CKS2,177.06223640532502,76.14977717688373,241.7643643381675,62.16421288638341
TTYH1,1.0511975575807695,2.7222104846369037e-21,128.07821290191183,214.12350656184228
BSCL2,1.1727378504635152e-06,8.88184052004873,190.27453481583763,105.90301908490667
THY1,7.789424454578351,1.3431334101047177,239.2910522059809,0.0022352133332662247
C8orf46,515.4919305556583,0.05243645781494176,183.73591071817887,68.91212647676652
TMEM59L,55.28221322468887,0.0001515477894183227,107.23711507066244,198.8549222210875
ALDOC,489.63701567699724,92.43216874913601,40.8771918186961,193.31215067044414
PHYHIPL,507.38985705852923,3.0289505456725663,156.87121337758046,53.43434072586168
SCG3,212.92157238244553,2.6335593693609494,264.7745788503893,0.13081851522793062
ODC1,0.039528505699500296,0.03892864737159584,235.36315839666295,25.389080887373197
OLIG1,233.75274112402755,2.67476187492388e-07,193.7694425192946,82.43133800552305
PDPN,378.014789529812,93.68051121191927,27.18402660029592,242.22666332542514
CTSL1,136.29972364562124,543.1059911002179,65.95207555449899,170.6201067901556
ING4,97.88517813809204,44.02127694045563,188.41385424612292,136.05706705143209
PSME2,133.66777879274701,328.35002036994393,76.57444952978136,269.21294571176225
DBN1,41.15173931226212,6.257225610859971,297.114027252358,0.0929858200494663
CORO1C,306.7767879388215,114.63238185677771,239.24937114359733,73.20472461664203
PAICS,273.1842028589425,8.10597915205231,169.8254553680212,151.61193312608026
NRCAM,180.17316653513438,169.78156735253356,101.26266314942153,173.32586119217976
PHGDH,645.9289785851059,1.1580597825522569e-08,123.15229194138361,178.12581648233183
SAR1A,23.7242259778057,102.48445888885526,137.31414959649447,186.83873332238275
TMEM106C,141.02356115110075,1.9199967649384672e-05,166.7745496384123,116.36852737470878
CDH2,0.0032838833696487357,3.271398088341702e-10,182.99268978591357,171.41016022540114
SNHG5,6.363351991622573e-05,284.2757132858761,162.5675028558698,80.93277742360561
SCG5,568.9779338823347,114.61943397850028,111.60473526713606,153.2822180197674
TYMS,216.71285444276114,2.629806921581185e-15,209.3426446722961,93.39244829283096
ARRDC3,189.52268657271105,156.70495558332783,129.3913779468354,208.09233311078464
PDE4B,102.06899145178511,20.846423736011953,169.64330540839097,143.49018725066097
SNHG16,0.4606689352861209,0.5746565000766736,235.07706029952072,104.92241091603883
TCF4,392.4950023586182,19.871909824499035,190.39607792046357,99.74934901817831
TUBA1C,0.6700743571317709,42.39996870696879,98.30993543086933,234.67467297696464
RNF130,475.3981681513211,476.3582428465783,118.24463951679415,54.62276300270399
CTTN,75.31776142213404,19.7103336055269,113.5136938321383,204.49129378161226
ARL4A,187.46365688786932,0.00043377379181297633,144.32921556315617,170.83132532010947
PAPSS1,208.23562871632524,38.17533778822846,259.98237548546876,60.568141774157596
MARS,79.42680345421768,43.91743682363111,180.90360793286348,157.1873026238746
UQCR10,6.76325500201463,129.7249374622731,116.4797473085369,195.71288475336777
GSTK1,240.73994477173719,382.1419000921665,69.49239314773209,251.4946404700115
ATP6V1B2,48.145053257526556,419.5045268890425,115.82108582833696,142.42216307503887
CPNE1,25.828400650285587,97.96031145144497,121.85108854128451,250.0263654342009
SQSTM1,234.8027833334114,194.75383397775002,79.8777330922337,236.4377152277544
MCL1,219.2697743795727,357.1585148960601,130.35790475969168,142.4487965280893
KLHL7,135.72640212166445,31.58191212784122,250.69720543924026,55.70285174136365
C16orf80,377.0579990857742,43.469498784659415,256.5351926236039,80.87669356440806
ATP5I,4.962602525581677,97.00411331896646,141.33425832513453,178.91957269583523
LEPROTL1,63.073610974777964,83.72202450947428,256.69216345556794,60.295750551626405
LSM7,11.872809835141167,0.017545483806093904,232.00103674380796,190.4605369508685
APOA1BP,224.19735895339997,0.3019308727085417,193.4653558955852,153.29449121760607
ETNK1,192.99074408857808,151.28207271660898,134.10181160767985,148.5603741856083
OAT,275.6519814682039,91.66550099762154,170.07100188885568,117.66664722627718
MRPS26,45.6002605006119,0.7287626730313522,175.5002059002916,213.9686661666977
USMG5,0.11382640446489342,110.55010759232972,196.0815353030128,138.28413789605182
CCNL2,21.579848935604737,91.67315237222624,122.10302259500851,266.57102845620943
SLC38A2,413.98463190470545,172.97140984142212,154.18133620180868,93.5182615783892
LSM3,2.7607648537282747,26.795746809450353,240.95405104232458,117.02050794281648
NDUFB7,48.06953225518722,7.452694786672794,161.02132266760856,279.15666623970026
BUB3,228.36240332195518,26.79088476331919,196.91333179103103,91.10741341559358
IFRD1,304.412376351227,253.28629685721535,141.69230758124093,192.48347289690574
GTF3A,146.26865509895038,273.51036160827664,212.05475683326046,104.83168290164025
BCHE,372.9116618799355,1.3834346741817158,168.78043443342918,150.66709186689863
IDI1,161.81513303430137,77.12894578442982,181.90479141920673,103.41920262010794
SMARCE1,170.34632102407235,78.89829229124669,278.6241659278382,81.7249731585699
UBE2L6,161.3660931259819,208.51679430968989,131.9827905229646,242.17574779623143
SNX5,109.31501238883727,143.7290857185613,86.89708093473052,227.8737080312688
SHISA5,7.222287782838464e-05,99.43156799528704,161.82549800719434,174.26890684779028
TKT,0.020338781501513806,198.61692342906827,216.6348432985356,145.12447275917785
MRPL32,195.18999178982804,121.63272919204375,214.1991079497426,161.9603188443487
TPM3,34.41824203518849,465.0966423472469,166.7283810095287,163.1022630209007
ANAPC5,249.48011551483467,68.608048105398,209.09718498289408,160.1456985377477
GGCT,228.9713945999925,16.12435835948541,175.30727413595284,141.69763337960745
COPA,626.2924256983221,60.09377015343319,110.63673889959139,158.81027874675
IDH2,211.41999550758217,104.33077563226473,214.84102206741403,73.85576046465152
DDR1,318.86364093046154,1.484841095885208e-10,136.366902077872,185.35272384557626
DDX39A,99.12168466698289,65.32823045240512,185.38483727454238,165.45889058574213
PHB,210.90984775830248,8.20721492946294,199.5251286223187,197.645805874246
BLVRA,177.81561134427685,42.566378645754874,178.1114003473551,125.12361347561885
SNHG6,46.43303312736343,54.540605432267675,222.22931087530134,109.81196354043902
GRHPR,468.65543249818444,0.1241860938346106,157.62834179205146,172.89755718269174
GCSH,227.8988400291812,16.067018344057406,200.3039346274219,190.09895948471885
C7orf50,261.8707356812156,45.84346921273426,178.77539027063784,174.0959773629296
UFC1,271.542470933899,54.0358682438787,181.1963357502313,193.5448544518135
DNAJB11,182.50417840437578,32.78715775291825,206.87962172665294,120.08079923764299
PLD3,0.9590405274506887,226.5289251697263,138.39582246675627,226.32804799516873
CALU,137.93909465390777,38.02316059521329,149.80615193295824,256.38516058782056
EXOC4,426.2849513306608,138.32955438605703,168.071272049059,194.44767609917696
SARNP,199.41470627842259,15.796684320069007,245.81112523545028,146.47868927514196
TMEM9,168.9986809510399,0.2599157258238505,208.30999009743317,194.974850640026
FAM195B,69.19154277013595,27.216244201629575,207.93139246223345,116.98003995094015
ERH,70.72814930649227,25.436980842368932,209.36589816490653,172.59454135761095
PTGDR,2.634881769618897e-60,3.3927014817415757,4.095413244171006e-20,2.3068016809044862
SLFN12L,1.7982792359054805e-85,1.9011728218729322,2.120751409454306e-19,2.3043621061458595
ANO9,2.2963357846513988e-33,1.8029955691651223,1.7892599353676366e-15,2.361406856277838
FAM3B,4.6963625392517144e-38,17.496078894121265,4.2934713495370705e-28,1.3048122576399389e-36
S100Z,2.6190434811676516e-25,18.448530044947532,5.0380382540308534e-18,5.82933161552603e-32
MSC,6.161024022398634e-08,1.1037313485621691,0.623888167147186,2.569687693334318
HGD,1.1585734711723288e-50,9.453262007496642e-29,1.140385817369918e-16,4.954266676933895
SPATA22,2.6044855672766487,3.593986261025901,1.1912805419223542,1.9840356767007887e-06
STAP1,2.2862570983730145e-39,15.80501705386728,1.066294033589688e-28,9.398671627949112e-23
GRIN2A,2.4808586665575353e-20,0.14767367340587234,2.2140483754432725,0.6621327537404279
DLL4,8.144092974019076,0.22433312036478945,1.2347336364959247,1.3271740729696986
OLFM3,1.0633055996930902,8.152245117864124,2.1911101722061503,1.1428709785000627e-27
RSPO2,4.028963939893405e-09,9.098141149969142e-54,3.1977549845422596e-12,3.2191716922408005
IRX2,3.23436076972453e-42,1.5277574629237118e-57,3.6358962183047843,4.706870182272771e-42
EBF2,7.1350622598059985,1.1001779555873594e-26,0.8865871540030589,1.126822762914562
FAM19A4,29.488921128947997,3.1636467947788595e-21,2.192489951888503e-14,1.6468268464437189e-13
TSPAN32,1.0490605612026397e-42,16.807180649373326,1.9897186104471914e-20,3.22001076078728e-14
NPAS4,0.0010185439771064771,2.67550626131826,3.421060846596106,1.9144210662736762e-31
KRT17,1.7532285418055102e-30,2.2745348955357945,1.3766935747459899,0.8260618363375939
C1orf173,7.0559564111017785,1.3458604987856533e-19,1.6726964482534326,1.4049745489722105
TNFRSF8,3.60479601102963e-39,7.301785244331367,1.9525534654727386e-23,3.126801046570386
PAX2,4.810477330546807e-65,4.285440899134103e-68,3.892448380399049e-21,2.755252334820208
KRT222,5.4700904544189235e-39,0.0016497411099028417,1.075865248418609,0.9296854455952436
SLC32A1,0.02217510238381141,2.8866666362274973,3.1880686431459773,2.1241200512509793e-43
LY75-CD302,2.08771315722436,17.764900691088275,2.8262939890540763e-09,2.4381809802424293e-08
LGALS2,7.812087529732234e-41,15.368158137964755,3.48482479398395e-24,5.43296304649194e-18
PODNL1,7.633928968737198e-09,0.0025887259691219845,0.7199160445524808,3.487665824038781
EGFLAM,4.190761008064066e-33,6.901083414679962e-28,1.5127544442481757,1.7804587188152063
TBX20,8.72429736102859e-17,2.6855819677302425e-08,0.5528210306405459,1.6098437907974004
LHX1,6.95768386122459,3.9951883291308636,1.4304517913007777,0.5283197286345873
S100A1,9.25365226388588,3.381590265289413,1.8348116885915589,1.4866159553389298e-10
COL13A1,1.0004573888288972e-10,0.26347054195415776,0.7269273312144136,1.84108763165442
IL1R1,0.018023122928327615,4.106016114202593,0.00013373635979672702,4.599852610984183
CDH26,2.922495049704162,9.973144127558474,1.1768127541170166,2.0959693739719447e-13
MYO7B,0.0010012014684175408,2.0681700332006474,2.9285705877985517,9.229154054467116e-14
MMP1,1.2050836775751745,5.037964401285772,1.4313180175335214e-40,1.0388707147810592
LOC100129794,4.322083019291363e-08,1.4308823027769322e-33,3.803836348474793,1.4689645099410308e-35
NEBL,2.3605702236184796e-07,3.0460996783497305e-10,1.0549649800983047,3.885772687273492
OR2L3,3.4792102538614285,2.761808485212649,0.8503172479405101,1.0722789825057958e-24
SLC27A6,7.171510911919613e-23,5.464355779944221e-62,1.122741674316572e-09,2.877456878233249
LOC100130476,5.711625241202231e-05,8.56157288306093,0.5775260444221001,2.9146900153184307
ITGB7,0.00285440912397443,5.078436110940415,0.2806164655962374,2.4546460968158264
NPR3,0.0014239908731743863,1.0292356601447006,3.845009422541462,8.949125368042833e-12
LILRA3,1.371825086969508e-18,17.021489696634532,8.795059308056259e-13,1.2656416793908217e-23
TNNT3,1.3806532099870943e-41,1.6963502236773975e-57,2.4169995566893287e-05,3.0587240465923697
SGCG,1.7717102126243297e-05,8.003873939658579e-10,1.2108888585761528,2.8548556580383515
CD22,28.006616003640886,3.0605517604346906,1.5317549990030557e-17,7.363994647801562e-16
FAM71A,5.234039774984034,3.8496390222615475,0.06848059403553892,4.192260090438873
C8orf34,7.3445974779713215,2.1756544319982624e-19,1.1742349015043123,1.2591534306161476
CSF3,1.4144198271157324,4.81817532766436,5.390814498145036e-25,1.665542063347186
OPRL1,3.786417811393535e-26,15.43267376940451,1.382798248147621,0.4361954165713759
SH2D2A,2.00823468175406e-07,3.607298574395645,0.00033468446277511496,2.196970206205715
NXPH2,6.066076131992818,1.8514231073772802e-20,3.6355475458053528,7.908633827335129e-16
HOXB13,7.694342473806069,5.889843003515516e-25,2.357102587757168,6.281194762685459e-12
LOXL1,2.70526288639934e-22,6.494905081566719e-14,0.7834562172217602,3.4177563527310677
MIR142,4.455149935158515e-28,15.210047907530685,1.9565334662154876e-21,1.9719966730183132e-36
EMR3,5.360129667619144e-69,13.447498132253425,2.966297461660645e-38,1.4828568440461153e-45
ACTC1,0.00602954399751986,5.4812412990002956e-09,4.489271737443562,1.3398520984510632e-26
SVEP1,12.446729223359215,3.033173908562222,2.7712266589434433,6.18859258667968e-08
ASB2,2.8478631347850474e-42,14.33556127073201,1.5435520690528252e-07,1.8687028459412053e-20
RGS13,4.187085822385299e-10,17.201726930355303,3.73360852105048e-15,1.8341469610841237e-25
MIR3651,4.831646975628393e-09,2.5796594749540116e-20,3.8195269320647465,4.504977128747559e-12
SCN4B,1.760121761885745,0.0003378235130791549,2.435483099724473,1.5938570595640968
DLEU7-AS1,0.0010388891549696047,17.070368926520153,0.6502581981571743,3.849730763615845e-06
CCDC169-SOHLH2,8.25830151081113e-12,2.8508369386572597e-26,1.7336115058544452,2.3304965886153246
NOG,8.476684462877305e-14,0.903584008302193,2.758209116216466,1.3712026158687878
SLC6A12,10.188679842222177,4.371960402606342,0.2562985109635564,3.3682385919291913
TGM3,2.7981426180014433e-21,1.7152767893110343e-49,1.5560076349507217,0.0005104837913637714
ACAN,1.6356982080309197,2.0040962541913534,2.500735765648541,4.181624280959071e-07
TMEM88,2.915392404487949e-06,2.0777656214048568,3.397805269690128,2.3656924180693936e-10
OR2W1,2.631811268626796,2.8167684803355275,0.6159988111131977,1.329807145716246e-25
PHLDB2,0.6214691933128083,0.000510984840153091,1.4141729271000103,4.405755447837417
HIST1H2AB,2.3489048072919232e-27,0.05309369040911465,0.5903210178885803,5.023371928013454
SPTLC3,2.0342027217809282e-22,8.261725948792595,2.6887026583994435e-09,3.160463121085845
FAIM3,0.00017292748283898222,6.113588237609697,0.0024300695540701942,2.0591976512254884
KLK9,2.7790943694486835e-75,3.952821053839602e-71,0.42459069368737734,1.3525246672001627
OLFML1,0.13603664733098075,4.135806983097468,1.812218706395092,2.812999307658242
RAB37,5.266720448757793,8.649285968663367,0.053293651677499915,2.5801290388150235
TMOD4,4.737398905378031e-25,0.03921261861555929,1.6959483717472552,3.3683573521366874
BPIFC,3.02457943789248e-24,2.157759344946083,0.8517327386215245,1.9723967068080002
C1orf158,1.040314581001559,2.1101438835944507e-56,0.9354391238555151,2.3772501704833804
SLC17A3,6.403307426375186e-54,4.863364045104715e-61,5.096099668746568e-20,2.808583266214919
PLCH1,3.012197323793859e-08,9.885739657980438e-29,0.06707417853763831,5.805215181185961
LOC644172,3.7218348702006356e-08,1.33069511837883,1.55766614706359,3.9041821740056295
LY9,2.7299847757576508e-18,5.191974484974266,1.0572117070372091e-19,2.2416558144174896
TAS2R30,3.032781691986566,2.0627401193293186e-16,2.6532788203543993,2.8157322392680473
C9orf106,5.780132722368781e-09,16.34747172556703,5.055116606271356e-14,5.899162247361023e-10
GRAP,0.045952027622748526,13.454022910599319,0.28869958898177867,1.6633119469083557
LINC00648,0.3355730968784061,0.0010113881286327258,4.277251202323067,3.6318443777273515e-05
LOC647859,1.4724152401349643e-18,9.487559695329733,2.6354597827197237,6.759863025097207e-11
CEACAM4,2.2090539613344117e-12,16.51399948165244,0.0007046958245978803,1.9860258726132462e-11
GALNT9,4.259860008532728e-23,0.8449972471511642,3.4331259446914486,3.2907706708164514e-12
LOC441461,7.780041235896239e-11,4.199220483696571,1.9082350837217084,3.3373012061492426
LOC100129858,1.4149219929249057,3.0315510426502925,1.6777743734967046,0.7874602694294941
FENDRR,2.0174943030346917,2.5895527350078025,2.279182911539202,2.0111724946813907
LOC100127888,3.741423224556437e-27,1.6558522272596183e-14,4.846526835030176,1.7896894059472674e-21
PLEKHS1,6.483310924150341,1.0763803885617566e-25,7.573147401828592e-05,1.8341837454688883
WIF1,4.9752723896338775,11.393730813909022,2.318692902497567e-13,2.87157832588944e-14
SNORD116-18,1.7070921718459142e-07,2.9986700311573555,0.10481915131812813,4.145614427666896
FAM157A,1.0012037655837524e-17,16.36514769007434,0.07047672869832619,2.1686082988517165e-13
HAND2,0.007837654730433446,7.500980106352274e-16,3.9626933468814522,1.0115470815554064e-31
ZBP1,5.5753465613875567e-05,8.923274479443517,0.001014056738823667,3.9646631448936063
ONECUT2,3.800748866788347,2.7745750141060297,4.107871060627947,9.357064828411507e-17
MLXIPL,5.8086859374071764e-27,15.197478977353535,1.6690502597937723e-18,1.610803595877404e-15
LOC100506585,6.3956679300254525e-09,13.622606316350787,1.5262704645067078,3.5984730332161304e-21
LRRC66,7.481065972873109,1.5043750416436108,2.874046763345377,0.016070832738749836
TRH,5.094689838377461e-06,1.0617011462883525,2.556734637323058,7.97476774726719e-29
RNASE3,0.0049028331118518035,15.000808807164033,0.6945187643349159,0.01862962427482766
COLEC12,1.8052337623558553e-11,1.7072282354909039,0.0007650023876007256,4.736434626997667
PTPRU,2.4485743463274887,0.1387941224392115,4.177368759703758,1.0195742313445135
LAX1,0.04775740139851932,4.976776880646356,0.6946516505493522,2.129937604040353
CD244,9.976433324398661e-30,14.472723755892886,1.699237555625391e-19,1.9372856893720536e-29
PDGFRL,0.7778697988299904,0.9329303453958101,0.9908841371000012,5.0136986533053385
FAM155A,6.470500422737635,2.394616115949423,3.5995559710743135,6.6450435639073495e-09
LOC400752,1.4800240499288455,4.975978710834536e-13,1.8460452705923107,4.483529010606045
RBM11,23.153665406768717,0.01700986111134024,0.6167368145778941,0.150922750190232
LOC391322,4.889889442131922,12.532590703384503,0.6314861399578195,1.914686605072801
LOC389895,1.702400385023838,2.4408656814006723e-36,1.2925821580402512,1.8761232052607533
GRM5,0.021227627261446877,9.192078270844057e-25,3.889204672575018,7.148598656828379e-41
HOXA11,6.462743714613845,7.568226413733262e-26,3.583995074261621,5.119208383783295e-21
SLC10A6,2.4976356426120945,4.20210513004129,1.599603189991239e-16,3.6509762653244993
PCDHA1,3.128237589740117e-05,5.804593892194904,3.1367224183019706,4.208468877224799e-19
MST4,3.129706552371067,13.396428025301958,0.5340809524095229,4.339967720753076e-09
ALDH1A3,0.9994407551607016,8.20837977897719e-06,2.4410868618019426,1.561953518637915
MZB1,1.487139130043162e-32,3.8046715963852917,1.586925825707152e-08,2.7543269296401167
SPATA9,7.845689990646108,4.138057862976934,3.818949631010884,1.2597311776796782e-14
HOXD1,22.972342878175017,3.210457528063292e-10,1.587298984427326,3.014106087650601e-20
ATP2A3,5.906306522443455e-32,7.760256944345155,1.2230561916547375e-05,1.6040078642724847
EMILIN1,8.349892267290083e-14,8.130804252954946e-06,0.8079295855591707,6.049708843835318
HRNR,1.8199963485699002,0.0016782262517777797,1.8959890560455386,1.4931983595230982
LOC100133445,1.0964637986712864,14.068009658670437,0.9450154780155657,2.121125362069081
NHLRC1,3.751897460231583e-05,6.719869361239666,3.2731663458174065,1.303214387468283
GUSBP5,0.00011511355781200153,2.9581365728899516,2.352489134791715,3.0115173704940923
FAM78A,2.2418822721918455e-09,15.0598293986434,0.0018949100180300354,0.10354554729597844
CCNA1,1.1319305521220044,2.8177651644694164e-08,3.637587360139703,2.6888003710327877e-10
DSCAM-IT1,2.7665680890518346e-10,1.3790165894709654,3.7669337316719007,8.409938640166054e-34
MIR573,2.606650519564181,1.4858537758364225,4.689823253401613,3.761308587560579e-15
LILRA5,0.493024352628661,15.43952613278313,0.4787859357006856,3.3925348983301643e-09
SNX29P2,2.700887337976297,10.240654318089492,0.5225311358798818,1.9552233607736673
PTER,3.1236706365458624,16.096614054385842,3.988827135901109e-09,0.8872983035766216
PATL2,0.010930331695090913,3.5135294674443283,0.004215953552552049,2.806101669602524
WNT7A,1.4900930704739065e-05,0.010318920326060162,1.7078396514709502,4.1582352627407
CCDC71L,1.8670648832457668,1.853380603352796,2.493361254940933,3.260629051142037
EPHA7,1.606736908079579e-23,0.0040305330054546465,3.6396722231158467,0.21110740337357534
ZNF99,3.387543604542431e-05,0.13070456353572285,3.2575557424120545,0.667654416358812
MEGF6,2.2414994550501297,4.648238020958615,2.067284226370156,8.483155360965222e-16
SYNPO2,0.0004856901599807381,2.4241499495717234,1.0805017953579044,4.345560612249622
ARHGEF19,4.673741748557244,1.366980175356881,2.556700742853311,2.387500357919101
SMIM6,27.3391942718252,2.18792630967465,0.04205995000868226,1.4857464224623431e-13
COL12A1,6.99692160578476e-29,1.88500936801091e-19,0.02374787506469795,4.241419950644745
USP43,2.142195365039371e-08,0.5523673603883141,4.538457824444852,1.0965434966106722e-31
DIRC3,0.8944785303166302,0.5813747374169493,4.889586425590853,0.0009496949901088464
CYP1B1,1.3569852715589765,3.160376329767621,1.0513090744868936,2.3137810270692767
FAT4,5.016410817363082,6.0072533433681365e-06,1.1730235035381085,2.82825305126248
C20orf166-AS1,0.00022384542146527506,1.472173822662612,1.5477817250538046,1.6681674287933526
DLGAP1-AS3,3.301500248786333e-26,7.823926018249692e-16,3.642757256205002,6.780555790664496e-30
IQUB,3.2679909424062417,4.7062658594095923e-14,1.39776351172622,5.434833059206366
GPR62,15.985353761063251,0.13038216606228642,1.4763202432206382,0.04960583751883134
SLC6A1-AS1,20.324332139553945,1.8909459418993824e-17,1.4464188077106799,1.4643830745787556
TAS2R13,0.003877094120277972,0.0420996871141392,2.201770522459227,4.665361700176628
TMPRSS9,2.705033809434728,4.855517885994833,1.1258167205627543,2.4121746309946626
MGC16121,1.2197573603717878e-34,3.5798410185087555,3.208349432136695,6.419842257577728e-17
LOC100506136,8.944182812076763,1.786278968021156,3.397024004483749,0.055708156753927464
LOC100506100,0.016990113914999876,2.233151121333742,0.7292165743369684,4.098084330496329
CDH8,13.377379336677306,1.246956591812079,2.6778773447421678,1.6077589920794258e-26
PRKCG,0.5544880409795722,1.0230397788548875,1.2157496951103741,2.7039784165109966
LOC100873065,0.00014460224848603957,7.094181084086326e-14,1.62599452610468,3.3683124191735763
LOC642929,6.565243335969008,2.114815935781857,2.6510023739997632,0.00029269643570660177
HPN,22.293564275421502,0.9323459617660992,7.037999405858431e-13,1.1938371621092032
TCEB3C,0.01156671304858034,1.0409805135353123,2.286399252692171,2.676782030422888
FSIP2,13.114388395767193,4.120619853415552,0.80430882127113,1.5667294711352069
NOD2,3.1286540241623575,14.48899470466957,0.9114544804768827,0.5117475995357978
CRYBB2,5.4731897762171774e-08,0.12541771295943702,4.290930073576805,2.6821539464720467e-11
REM2,0.41967408442153104,7.319276572064952,3.590425614223483,0.004168279727739728
SEPT5-GP1BB,3.176059284568903e-17,1.7599659756646473e-09,2.9774994440289118,3.321116360713573
ADAP1,21.655234747804005,5.69821595567737,2.111615576267622,1.0671233218709259e-08
TRIM17,1.113518638218881,0.20069885792062503,3.2623708391081134,2.0101761599811567
SRRM4,1.4255762219154037e-05,4.105401999158366,2.986215866273782,4.03147846707247e-23
C11orf93,5.37620858919089,2.788407740839621e-12,1.7898507927992808,2.1865723549130545
SARDH,10.129616476861557,0.7678575618202885,0.7050328697672485,4.2583461550229105
HSH2D,0.008229300464449151,10.245037113310776,1.8752302985682323,2.4862108542226515
ARHGEF28,5.69269037600368,1.5956022390066022e-09,2.867917486039611,1.8160890417017042
RASGRF2,5.171634829959369,0.004534024568641415,2.4404688940701504,1.9321064587483745
EPHX3,2.5202513059842327e-20,2.130823749844442,0.6083049357016813,3.9660852303226797
LOC100505666,1.971099112653315,0.31684287696098434,2.968533989550281,1.5864060933356614
EPHA1-AS1,0.0006187238882055885,2.7990496379534338,1.6016406485340826,4.662660059108475
LOC256021,5.509357218729724,0.8685209411578413,2.16276365962704,1.6294427438092516
HOXC11,4.198488889859511,8.648531665939753e-19,3.7749659454583866,3.194777597874044e-12
PTPRH,3.1189252627640016,2.6193607201298574,1.2331762097015628,2.8573302826925535
ABLIM3,0.01743997955365466,6.483928127104971,2.706519989849824,0.6429525991633701
BMP4,0.49093559908543477,0.6724315713802202,3.9766909846237546,1.5568327389081367e-05
ADAM11,4.702672205461228,1.0035253177326162e-08,2.2433234333049703,2.425911917235517
TBC1D3C,0.8558188658897502,0.0007172892262978298,2.3721603729433007,1.4764027508183921
C1orf228,2.063222602249228e-07,14.26895592970084,1.438524619974079,0.1419470748885596
EFCAB6,3.78534136783674,5.653071112092381e-07,2.1131583712277155,4.673629880014391
PATE2,0.03210279786930624,2.49823523530792e-06,5.293622013928316,8.316505917574474e-20
APOBEC4,6.5554468831582495,1.094594336457251e-12,2.9511351203026153,1.7859540276092478e-08
SCRT2,0.41306990657647774,0.0019879510681128647,3.0542445574542256,1.3494996875991903
HOXA11-AS,4.381162690181926,8.576890718584788e-21,3.5286518525161616,2.78873076328017e-20
DDX11L2,0.8520352905909071,1.7291301276537538,3.2012539630979955,2.400235339341863
TENM2,2.0251902887092563,4.603073504710945e-05,3.4938293215680996,0.009784239631064966
FAM47E-STBD1,6.5558819629277085,5.255687334124955e-25,2.160497439651839,1.7930100465941077
NIPAL2,1.0080035254377957e-18,10.75246833571896,1.0762145765480151,1.2215645643603588
CPLX2,3.239512726026831,1.4607538663414636,5.088412647253613,5.104505019846891e-15
TXLNB,8.275808341381513,0.00132270994862016,0.5893823308372406,5.030524905361817
SNORD63,8.194282540209946,6.2692427658275935,2.217195955134998,1.7905058640242835
CNTF,7.712107938706572,3.8588445020791884,4.006286543821448,0.5094868913538998
PARM1,4.353612076222731,6.176757292200555,2.3692177614644274,1.0257444794466787e-14
PARVB,1.796140098573668e-17,4.87371025395962,2.9723332610537203,2.2342646318886787
SPAG4,0.0011157773057130999,3.782040242770427,0.6556547216189945,4.027690403920113
FAM81A,6.44552817428642,7.468256810598842e-32,3.109326529556936,0.09899251044137358
SYNE3,4.294294378131292,5.6661803762006,1.4885543270035784,3.4797279538501025
LINC00324,1.8281249911222022,13.719443871411366,1.4153257420728924,1.9893539660783477
KIAA1671,7.155590616461222e-06,9.177698666657189e-13,0.7700407319462931,6.396003462585105
LOC400680,5.531477516988904,5.13213594956252e-25,3.124292829148369,2.965992835116336
C17orf78,6.893751697916284,0.04236291927273376,1.8808000273602545,3.5230385663929753
JPH1,2.0092900944530057e-05,0.00020817073115839905,0.010552299463441743,5.668487913291626
SUGT1P1,16.21102830004968,0.09661337289677831,2.661456448962987,2.031700387392946
TMEM255B,0.14219702623135255,11.755082758990756,0.389857135678232,1.630462373598245
HIST2H3A,5.135185860124364,1.523323505897554,3.6328361576962376,1.6515998767619189
HIST2H3C,5.135185860124364,1.523323505897554,3.6328361576962376,1.6515998767619189
SNORD116-20,0.45973828887725526,2.9412623818967196,3.4292905746757247,2.5229673477030246
FUT8-AS1,9.584547629470853,3.6673206956026347,1.6929634209996511,2.1076298236712048
SCARNA1,3.474361148261461,4.087965089653931,1.4621990257988917,2.3724170340307897
PAN3-AS1,6.606730477138838,5.591812737176169,2.5531088280705574,2.0136615325631047
BCAM,3.938367325785229,0.03522992445486849,1.4317783353816684,5.704088607877798
GCH1,3.7273619552861588,10.955550952458143,2.022705625212771,0.6307699397488515
ACTR3C,2.153387861537113e-16,3.6778795221247633,2.499051328877065,1.8328628682059405
AKR7A2P1,0.19527548830171737,1.556235990732964,2.3365995747398878,3.2275966273151115
MTVR2,3.453019088540679,1.4200359271904257,4.261331498709458,0.0036098113536092427
HIST1H3E,7.855295881935394,2.6336061660977026,2.151369735217356,3.3751063198273883
NBEAL2,0.00792429785336703,7.67422983826871,1.16522870336329,3.13369006384394
CGNL1,0.3940406056150227,3.6028994345913436e-05,1.4948235907147396,5.974875487884164
SYT16,7.425159681125582,0.00103576323225364,4.331727699403966,2.819497315895761e-10
LOC100507194,0.19366339682942038,0.8200205908176222,1.518767295160781,3.6239027537992214
NIPAL4,17.6799504256186,1.6844934762318413,1.5664915191659727,0.9571261024466992
GPER,1.8240504918214007,4.280733550188568,1.1247643833708862,5.558540782399974
SHROOM3,0.00019065000993438933,3.8830212762092366e-26,0.46448893847809103,6.690102160567328
RASSF3,3.3383932433397546e-21,11.321030329501877,0.052852640091847515,2.4818209528454585
TOB2P1,1.9805452440827875,3.07755808625391e-12,1.9464606419581596,3.133929903852607
HLX,0.6000657155018516,7.2066081045957695,1.591384170597804,3.6571872995203893
FLJ40852,14.06851868008866,2.942557693211981,0.07570746989981672,5.541287706271921
SMKR1,5.557326126850808,0.24630473377828338,4.377448275567211,1.224004641446944
TBX19,2.7425923300584167,3.27472060867002,3.4121613165053906,0.029216677432089555
YAP1,4.0688689126118136e-05,3.236287218852305e-14,1.522506364773839e-05,6.222286884163789
MORN3,0.0018559193497215412,7.099920385113951e-07,2.962003319143451,4.2116395510579965
ENPP1,0.041693089718252585,8.695914374889796,1.9609641148527712,3.424002535782442
NOTCH3,1.871702811489632e-15,2.69449079496332e-21,0.9064345124972653,5.932399950425157
FGD6,14.948020754512305,3.5863446269312056,2.859718270891588,0.8517712395015571
PPM1J,0.0018848621706220386,5.882003671531424,2.20548323994941,2.767574563032977
HUNK,0.3342972503111949,0.0056310987263849905,5.497459773014928,0.2403097586578348
HOXC5,0.7380795756806644,1.1398897680632412e-06,4.247062956639162,3.63366248748757e-14
CDRT4,0.046964131504027694,4.116367471093557,1.2670496542020744,4.512788552658404
LOC100507634,1.518547255414641e-06,1.921635069983577e-23,1.9302989585190227,3.4993628227990308
CLEC18C,0.007589270606463058,5.9426910158623765e-24,1.6114712421833062,4.33161155769118
LOC100505978,3.85242070529759,1.080561923944465e-15,3.0784732634235934,3.2592859810060224
DGCR5,1.0640754395776602,0.16507519383399935,4.239491255277384,2.282427014777579e-15
MAFK,4.534630820572143,6.780551254564257,1.013883236884639,4.070161975050601
ABRA,5.742407727362643e-07,7.105347320111829,0.387205034174088,3.936122982198257
CCDC88C,0.4294509554121771,1.6685584392804025,3.737071414691666,1.6597438576229078
CBX7,12.50413327241067,6.776052223584072,0.8853116284546687,3.8925286498142406
LOC100133957,0.0033631582921335064,1.0320448569191736,2.458657209597034,2.0294962218082793
LAMA1,0.014764802172598542,1.6332947798848052e-07,2.760849645361869,2.204039022362166
FHOD1,0.406807942643748,14.380332790904877,1.8637696318980599,1.447644806222451
PDC,4.235479039679101,2.79666596643903,3.4916668662621015,2.2336843880080064
HCG4,4.321022675869753,1.9901246976258293,1.2929944084036924,3.1873567625309507
KHDC1L,13.043107588169477,1.238651598829589e-19,3.0412800722598434,0.0089307283711675
DACT3-AS1,5.8192146698737695,2.048079517973645,4.361694308144394,0.0027404605404980193
SLC7A14,12.973758539443029,3.17996416515049,3.5378001007102,0.7377692911739018
ALOX12P2,0.05994728489007877,2.1204147180840223,3.46401508892148,2.554642130384475
COPZ2,3.3600381073869804e-06,2.4751346305185358,0.0791331721932809,5.0417188065787535
C1QTNF9B-AS1,8.87678358593019e-11,0.00040512794725949163,1.7549290572450262,5.79565307724122
LINC00271,4.905347565752611,4.063822568714796e-24,1.2846592404710926,4.254686843666372
ZMYND12,6.552726002672539,4.6413735699321,0.7293095269336964,3.9904793836764214
CNTNAP3,1.604115005635519e-05,0.00031868948990562885,0.9814174287642733,4.908647888457916
ADCY5,10.830683112128144,0.23611526937307012,4.907628893775335,1.8020046450227143e-07
EN1,2.0760853926916165,4.78235243999598e-06,3.2200617497292785,1.1377126309691976
SH3PXD2A,5.199326963565901,0.0021065970463255844,2.3967819973973175,3.7559905042923383
SHANK2,0.00012354840039120518,1.0075317455032289,4.525905229932156,2.817297396399652e-17
PHF15,3.4347177042424084,4.4839462932440295,0.03139182279898766,4.516081591066184
LOC283143,0.26712129768669024,9.20683022224051,0.3930946195167925,3.1458543606793743
CN5H6.4,10.079374837083533,1.1182731380791096e-20,2.705388653327956,1.9768588389116664
LILRA6,1.9976598640200094,13.00676954901054,1.397082210060461,0.8848515541163827
ROR1,1.3445396040032358e-06,1.2798972290100292,0.07966329524858785,5.776999776672636
MAATS1,0.0017552516806965085,0.0005526311350016043,0.9468883244422122,6.214705107046339
SCARNA7,5.062518362548132,7.568117690911609,1.3162234649305606,2.1944016451186443
FLJ27354,19.160814190850072,6.768511639594377,2.487961934054782,0.20063344778993503
JPH3,1.6597345686420932,1.4825062572463905,4.719190638117147,8.210220568525018e-18
SNORD45A,0.011974855436091225,1.219813687354486,2.2499525468715924,3.9895298100428063
CTSL2,2.441095625072246,1.1341462311123418,4.837994495533478,0.010613838118848343
EFHB,3.167845368248566,4.759831824980283,3.6036965976301483,1.7346615403449897e-11
RHBDL1,7.565709364290245,1.4379297550199854,2.5647574113605054,3.798387354765704
BLID,7.383205901458736,2.08176481929216,1.5834678745808513,3.159877993814072
LOC100289092,3.969863303772433e-06,1.308251751675395e-16,4.189119328579553,1.6256530131627964
PI16,1.722063783936365e-38,3.3595097334543835e-68,2.2185283069336269e-23,79.64016067369116
CPA3,1.7174005675336675e-144,390.0712113529814,1.2582687526591672e-45,8.3029898674204465e-53
CALB1,5.2810450575216634e-24,1.0203053458579292e-52,2.3945074373132975e-11,78.2847949155646
COL1A1,2.225740368397478e-68,2.430082300381001e-68,1.5622461611698519e-18,78.70862227400868
TBXAS1,1.9570919968794344e-16,502.3282911176802,2.194238930178399e-16,6.392515711756736e-07
SPOCK3,847.33347282341,6.669960909216828e-05,4.465232702951159e-14,7.03327366854275e-05
CD4,3.06144848048107e-23,470.15951936616733,5.367829015339825e-18,1.0551900177282654e-14
GIMAP4,6.375779384666176e-29,434.1142948397329,3.0496475418955084e-22,1.702261055334984e-13
CFH,3.78423274051929e-57,5.962485250324666e-46,1.021706037650427e-28,80.77456865092005
NR4A2,71.32489374408401,425.2762853497671,17.393487447760478,0.00017525459284056962
OLFML3,1.1741525914738792e-18,451.35521525997365,4.439736903141775e-18,16.66854781589418
IRF8,9.364810969520253e-10,475.94886196104596,4.643608482936122e-16,2.5519329671710634e-08
BCL2A1,0.00010853404519657793,383.15214929827306,26.679499566621743,0.060583600798336655
TLE2,0.01932629091234277,1.1404524445873106e-26,0.7562227303960932,98.2685439334191
FCGR1A,6.519259909468909e-14,462.0331784666204,4.116680054273741e-07,7.758069622078888e-16
CXCL14,2.254014551416409e-39,64.8184888701294,3.1768219746924504e-06,90.02695512244604
NPNT,5.5981322113293515e-39,1.061535714038027e-09,11.56577227719652,90.00189815364983
CLEC7A,2.1859913671975857e-07,470.0623908578737,9.683798806938713e-09,0.006873523115298928
P2RY13,3.116763593576054e-29,395.31722329246367,2.013917050419922e-25,4.0486469833198844e-22
C8orf22,1.8818214391866494e-17,9.397869198036523e-66,25.382055022835573,24.10916781005083
HHIP,97.19463424512654,3.260594788012788e-34,32.650447166973564,11.896567108514054
CD3D,1.0757617459406642e-33,94.18673842925406,3.3872917173692966e-19,45.17019282880553
MS4A4A,48.53562361288569,437.61196067169726,9.498770479372643,7.826120385678212e-07
RIT2,4.3218231697405495e-13,5.08753610614387e-13,98.27980500680543,1.0562942262004555e-21
LAT2,1.3077937716742658e-13,446.4157592882962,1.8042956036074938e-10,0.009664450622704917
FOLR2,12.29840013624597,444.08982932747614,1.0878601932984113e-09,6.190080772004339e-08
PCDHGC4,56.11814221237077,2.3046597445032592e-14,111.56213944224395,2.15133417098011e-12
LCP1,1.3037191605183361e-17,321.4625756573233,1.827220278537009e-11,38.42622806127002
SERPINB9,0.24313153638935145,350.3356773214541,1.540888092805563e-05,38.13046600453048
ACSL1,126.8918638492698,303.9385993236794,40.530508100786754,0.09529042611015583
CRABP1,35.27436010592718,5.3112464420270904e-40,22.323670745125447,49.566577674590796
CHI3L2,1.6839545947531034,130.06750363987612,0.09859959006747099,62.22528944522044
HSPA6,111.12800145621542,226.0023003172145,0.10547813887867344,57.40960553094738
C14orf180,2.284166505015012e-89,1.197583592702659e-115,1.716607985072391e-23,61.15089967989348
DCN,5.72967548754683e-40,1.746079001864227e-51,0.00012125941788696663,111.85162613650894
MNDA,2.4578892389464247e-39,371.3358255444485,6.459737577623252e-26,1.9479434734883334e-27
LAIR1,0.6786735618943316,460.55811572775946,8.564434652816201,0.7627404031820777
CH25H,48.87991084728693,376.45064423398384,30.335414491824622,2.0458540270849768
TM6SF1,0.02108187515384766,439.2187727808675,0.017664591448109883,0.0011729550722968055
EVI2B,0.004673691492931316,418.4159456945208,0.0010094764026273965,0.8113462622831124
VAMP8,7.658901581639187e-22,407.06143516819014,2.0033065544140622e-12,0.12897903008201575
TMEFF2,221.63356638405375,0.00010956095833133433,110.01953524980374,1.9492317864631866e-31
EPAS1,5.995510315039282e-13,8.628844837656957e-07,18.859117413811134,113.88954373627385
CASP1,8.218186972890286e-26,366.1920156392686,3.979081298011632e-13,34.95908647795832
SDC2,1.5477489689843665e-23,18.79949608750201,29.54452368413812,49.09768434142425
GPR17,36.324158626865575,45.30459240652545,80.61851602856702,2.3013781570462485e-33
C1S,5.212472553561149e-18,2.3971560979018003,5.708795547510571e-08,145.71464835827598
RBBP5,2.4269550703846825,0.00010460065437893981,94.13135597986495,2.850457629835228
ID1,9.649457305588138e-07,9.500982847913587e-19,69.33364117295746,66.3805666078426
METTL21B,624.1281314272082,2.2979973068745255e-13,1.9342303055204937e-09,17.700070742977616
MSR1,5.285870434050329e-06,406.5673516641809,2.864361597451332e-06,3.3752998419153135
ELOVL2,0.2075666144738559,2.196686798380036e-21,20.247304021027638,142.09858043446633
PDLIM4,3.803351460743513e-37,0.00041798154267509496,71.16976265646667,55.222202911000686
ZC3H11A,0.02471437501653512,4.175388432798133,109.20958095013904,20.595505147858674
EMP1,6.655145759439868e-26,24.16405016096738,0.0030226317721541393,154.32438084774273
GBP1,0.010494085935135868,33.92212296927795,2.0103279636688065e-10,131.46055753623133
LOC284454,0.008807650850781725,326.54957218852223,5.841658034105074,107.38001375604603
FBLN1,4.433644803663511e-12,0.02112586820683744,79.02843823297863,26.952019550656427
STOM,0.0018879464565733203,379.9822339069807,22.0635296126933,50.06494083604017
ITFG2,93.79040140527266,22.95109673458921,56.28763495800261,70.73575898072818
TRIM22,36.043300385904494,311.9314291374237,0.0001760742245044219,95.47608242231927
PSMB9,182.8495976778638,145.2204836374992,0.2971520771425716,137.03681547823928
EXOC1,211.52571860251092,95.98424380306203,81.23700401038039,24.751135743329353
HMOX1,0.031217374820688596,335.20442930186687,17.998661609053702,13.769461327343558
DLL1,313.20476382303303,5.89981605620362e-16,91.62461114294393,0.038680334417028624
NEU4,462.1664267529203,3.3574488226626666e-09,36.71215007140752,14.97013539289435
TMEM98,336.0334479892712,1.0200653255469679e-05,99.84645342527963,21.643917623198497
MEOX2,144.76051117378165,1.0280728856461091e-23,6.015622380941855,129.9675111852715
ERRFI1,21.11227135469068,4.97819683138276,21.534552835744954,139.1149017394402
ST6GAL1,9.180027781254823,334.37532495941804,36.61515078177779,9.391450812998386
RFX4,117.29918919583749,2.196727091883372e-19,48.114749199887896,103.99619224341578
C8orf4,154.06017408797757,0.018788819415579215,24.112730172542374,139.5676528566874
DOK5,5.702208496096279e-05,2.7639353885635937e-17,32.908516014481485,102.42981833109407
DLL3,114.13570774578422,16.32914837959335,90.99622086241523,36.69650319314455
IL1RAP,7.807461230447975e-15,1.3974553510247658,54.123931774027575,125.64426670074508
TMOD1,80.99605365277712,35.320168522325496,30.43776965882456,114.89065797848325
SLC31A2,519.5661562519844,157.02846809957327,15.983226822865335,9.061799216263374
EMG1,99.742382112672,3.6075288259890694,75.89339223294077,70.34692979550809
SLC38A1,97.6512403613729,25.108739104923018,128.92271180404555,0.0006554736580105939
NPPA,82.6638612477115,0.4027849156260738,87.68936458947394,17.284189916752098
RGMB,83.10450155591039,111.9126285144986,117.25032551730429,0.14405687108993262
GLCCI1,173.92849285506716,64.72306470413204,85.90658174080026,0.00248912205564383
PIP4K2A,453.28357707151963,110.89131425407523,30.142578374773514,41.357016085583346
SCPEP1,45.621267682802234,337.7289260336198,27.706464507010537,28.486663014905535
PBK,3.667388062784463,2.579440163171517e-11,139.0406631065963,29.25680538083425
MTSS1,160.1939615714167,18.527790682732803,121.68651606730124,2.2501848348535958e-14
SLC35F1,1.729830995098145e-12,5.115525596660885e-07,96.10549512658125,34.21020153153235
ZEB1,0.26619329507581846,3.7519885768459694e-06,127.1302721019428,56.4476844777128
MGAT1,52.48126814647011,320.5552258737758,17.91245802485061,70.97463969388404
FAM49B,64.91492428796867,331.2179784673064,95.45764214579575,0.09175640746104086
CAPN5,1.5536228694676665e-08,0.31247904684707845,79.55105648288504,52.74825304560741
TRIM2,244.99023738616904,6.76826035805719,83.32305516924659,51.73794228582346
TSPAN12,280.2934074509193,1.6519690292915883e-13,88.2446339366513,45.12832158695749
GLRX,0.0024913869403379693,314.20371775486456,35.69965801897917,72.17519952136651
DERA,174.54580400482368,43.96182001966357,75.27083820518746,83.53090615697349
EFNA1,301.70062888707776,67.25183732868727,47.6943551998343,81.89453860422893
PID1,317.40427814896685,0.28450617408490597,78.27139910199436,14.240691818262135
CCDC109B,7.066584783338466e-09,35.5455465761796,41.400161472020756,133.79549937817836
GNAI1,359.3456861694934,20.1549460267845,96.29169177457564,7.205411031781129e-06
ZFYVE21,130.05918406623908,50.51409742059375,17.26188401611065,165.65484146291269
HES6,333.40235082764667,0.06291006548725712,82.13571883346259,22.343782106710528
TMBIM1,163.56554844114495,175.72972959185043,4.854351819227325,115.02662315928725
BAALC,0.06433838186783385,2.7415805000043094e-06,88.4716232205973,91.099123793271
C2orf80,206.03874965002862,9.901473813095556e-20,102.3141830517654,0.0036645998263272685
ZFP36L2,44.342476902099385,226.35223347870735,2.7985329280697058,138.93374199562516
MRPS18A,6.5254416675728875,5.785252722353632e-06,103.28428168172888,65.10290540184663
SOX9,0.013991104912477077,2.0860596619844612e-14,74.97647953402422,90.34983770748468
C4orf48,19.29080928330369,0.06964194023656085,109.85836977120607,35.635548965109564
RRM2,42.049951717023056,0.09484363114865427,129.85499285440437,4.513334353551605
PCDHGB2,264.23119595775574,24.432456388641295,48.65226086055105,64.53646686948723
SNHG15,142.20932756611595,0.01797686481265865,81.2479281706444,81.69220895853584
PPAP2B,151.47689104513765,4.75407249381661e-11,43.35135659946449,150.90529057718405
TNFRSF21,10.379322627618485,37.712945750976736,85.02275502024978,54.30896773898535
PFKP,0.0007556823417166592,0.882148796418174,67.52346786550784,95.06443654123971
LRRN1,221.69207211725544,1.6860942240968312e-11,76.14632524775321,57.24415567428627
GOLT1B,103.4865133882407,31.185757171844745,73.11150915673771,96.67017795845584
DUSP10,280.26504434206004,22.58487535308823,90.48000722161383,65.03918944894653
ASCL1,313.41986970483674,1.5881229649146635e-07,97.34863208495665,38.72911113424929
NEDD9,3.3381589982544364,112.25239802866942,26.315591674521322,120.56941935580222
BCAT1,8.067968379751528e-14,4.87149804950006,64.47952750725266,88.18847720617212
CCND3,3.8946987547063876,121.6559525381797,62.8549007959867,110.57147971903287
MIR100HG,19.880516810455145,35.92398241583474,114.48186106055452,59.71044122269794
SEPT8,478.22906198939415,9.920417364684221,55.36183946418522,64.4091696178443
PLOD2,0.0005335808163736585,8.08041452243058e-11,43.80543640744442,129.81855758677276
VOPP1,27.793144104007727,60.803235323549664,91.77134581215039,89.74041881428663
DNASE2,7.522773350563208,289.68731759027594,23.194705595139364,71.34260072007318
GADD45A,1.4019038718559247,13.850768102276085,44.425906063888924,137.81222053298418
CNRIP1,76.39099248185326,67.64625810203304,116.64942795027845,16.975184257570085
DAP,0.1422384224535793,39.502432510559366,116.79533397605051,68.73784056878075
ZNF138,247.44085494999365,52.98051355698931,98.77517005687032,38.10928273278134
FNBP1L,41.66925454930113,22.964946770311993,107.1134074958573,43.494109071907175
SCAMP2,143.23779374359873,275.9791230323095,52.15081615465982,80.27284992134788
SPRY2,87.18838498679834,0.6737844339428045,54.151186189684566,134.79840842244457
GABARAPL1,131.28906764806766,97.9122196134011,82.37433935322008,64.44213279184322
ANXA6,0.0004286545097021661,30.257910467404574,96.47838984981027,57.708744852821106
AASS,219.05298296191282,23.702341711318187,40.210303762639754,129.2591070715602
LRRTM2,177.3808373858724,20.30287162223534,112.14404336061374,38.67615436512982
CLASP2,222.77363426345747,52.848356651882064,106.08801203648373,20.61972778235271
TLK1,138.73784724751292,73.52122906856584,16.4810149875485,122.72646979967018
CALD1,84.7622450368426,1.4289588480693518,76.7570463829481,102.95426505751712
KIAA0101,90.86379892303856,7.870597763099235e-08,100.44868923084492,32.57519767976025
LANCL1,411.8428289276319,40.98025695946612,68.33763008237074,32.8848893543971
SLC48A1,415.2182966473808,30.038451637292585,41.196846891389896,58.1557489623524
SSBP2,96.08755045638512,0.03724459518735073,55.95782898299004,148.09498624419516
EPB41L2,63.18817972338658,253.69420744866227,67.63453650517825,26.841380287665746
CDK1,0.3016910175097608,6.15240088752925e-07,127.23694685706133,31.96855219905653
GNG12,1.3866133017186411e-11,8.617762407102474e-11,68.7098076550489,98.46740119268561
F2R,43.849997604477366,0.0004885269453855187,86.06662200162961,107.98225607321372
ROMO1,0.002566398992447644,2.234901744253156,77.61375407337091,129.52060374516572
EZH2,131.23244713112385,2.281600097172663,126.09017875485753,24.023198329676816
NECAP1,33.47071074212251,60.20865794171193,103.85746876953337,66.63046000750366
NUSAP1,18.45703617877661,6.713186646329161e-09,111.88605492819539,48.0511832253324
TPST1,93.14460157983744,31.0171998728304,84.86940706179466,96.10444744146804
ZEB2,287.40323659876293,127.74692946789415,95.98395972049772,27.325367210001403
RBPJ,203.82557249083942,109.3478557537217,114.36131873037536,25.419276740302095
MPZL1,0.009895745381725407,20.379899740575183,118.80759630531234,21.95276155472496
CCDC167,0.6508401060679239,0.00010448161837694498,129.35267180630268,45.46340428929473
GLTP,406.3799347054972,33.39845169849318,73.64253508109027,56.20577663258508
CYFIP1,15.798801555018983,272.0729706372617,61.27559940245077,68.07793532978587
STRADB,107.99696542986598,61.77604166810105,86.40735344989741,92.65075327820746
YWHAG,131.92156643562691,28.633514736340302,120.14949423166952,29.855819896210196
BAZ2B,288.47107993962373,79.92451215608767,53.61103527430261,61.95062577168677
FAM221A,253.76814838112102,15.931511391110417,83.85412341561538,78.85306058165908
AHCYL1,100.30532763545328,68.21917609188914,54.22913840040667,114.79459358030098
COX20,104.33374506060058,32.772043861700325,80.77986114787325,98.0069493296228
NIPSNAP1,53.525157810074255,38.69064962523471,114.09889042861458,44.359647159666764
CDKN1B,146.53862716473662,38.77276501443534,90.89989185813737,69.96150180035214
ARC,139.97334177268627,31.841805538726394,70.87751655743914,79.81866269546745
DHCR7,99.22279327585055,0.23486967828945107,57.06950541736517,103.53400302793776
IFNGR2,0.1169649072801698,241.51126465437673,70.95856443940538,85.14171188206382
ALDH6A1,250.95113855134804,30.90177113479121,29.248248388656354,134.24033238310247
XPOT,10.153912547897104,13.007660479669344,69.18775030171724,120.57930098937902
POLR2J3,96.33625962531,0.1742671667535886,84.23665881334423,83.76344444957174
ZNF680,215.1749193428803,19.601844609327102,89.39363577561522,75.01476597556169
CD81,69.02988090169777,198.68057359250267,58.61493392600876,73.6869210256342
FLOT2,0.6318531748560497,44.56171392354332,111.70311500433768,68.87026426210332
TXNRD1,115.30810265603772,48.15762660383499,90.62485174283748,56.520898702989435
FAM115A,74.62221017597919,44.89779038492311,124.34517043020386,18.665531614479075
GOLM1,0.6267857999742743,0.09563134420909805,130.48318471055717,45.731419551881444
CCNB1IP1,39.2514438754767,30.37229421771235,95.27420398334993,95.61278399059714
LSM5,144.61282342636449,3.432938451334861,96.67682209297585,76.15789155242484
LBR,12.89853728480553,105.38751120396891,126.46872895769648,20.802399527024768
C9orf16,0.024949891942039004,47.06453219920172,119.16496054196992,56.52470660018233
RPL37,0.013302164446996919,122.72586916215869,114.1603567763149,59.49989695354218
CKLF,0.1855585715549101,220.566477051312,48.75784238327008,68.11162155306292
PTBP2,123.81617863313052,23.86727025388769,123.27971714738716,23.64533051144608
GUSB,78.86429950722489,135.39229338974164,48.00911098211854,108.34580038853434
HSPH1,107.21973564261145,137.08010762334374,70.84345540417588,64.19908633976834
CALM3,0.021824393721915115,0.6593032705224314,122.67184330800711,61.85777180363432
POLR2C,45.86403914680825,23.588062207805116,73.97183859935406,84.7160011255755
MCM3,155.7558607619713,0.3233504794722169,105.12544129542727,67.675351554303
RNF180,102.68022143122627,0.05110023637591198,65.26762081673829,101.32030613809182
KIDINS220,81.50906221557342,60.66927881159444,98.32539466491512,43.50720118861152
MORN2,5.082827961247183,0.006608414098136764,84.49745365048923,124.2002700008233
KLC1,105.53758628349628,57.97416695645273,96.15681388351005,67.56276084789114
HAUS1,3.066980420972204,0.7584032787978924,119.32256947950742,53.33632260145717
ACAA2,106.58675589374637,84.46558339982795,94.11361078773709,55.17492760802838
FSCN1,107.38926881075642,45.44093872507081,107.97032364299265,32.45403412533022
DGCR6L,131.1138792365859,1.408366000952439,89.99228998387593,105.25020218888032
GSS,55.841163976323806,77.76088414345205,57.974552698464095,98.25958954618743
HSDL1,108.27247610570046,19.801447082318088,119.93791142181237,22.35621330368558
ZNF91,88.17961124766343,49.04709768878739,120.00885342577557,65.57867724218828
SDC3,44.469635365893204,1.5174927524958017e-06,64.25068007970764,107.64478537880491
WDR54,47.34590850928379,0.00016972943895783728,92.31616829660894,94.4324603148775
SLC20A1,61.27077287126659,95.05446559933435,71.13877466483282,93.16374388892686
GNS,0.021702666756989838,126.09443824738344,53.62385396875752,92.44971653645725
TIMM8B,76.49981403703693,39.62709927422807,119.50785434164513,70.59857110055125
SMARCB1,122.41611633319297,6.682999633231132,112.98407737511857,68.46610078835684
POLR2I,149.95933931621317,0.0027207583600287275,87.20108722666478,116.70022009439202
DPP7,48.245779146403116,164.1733066007516,32.045292755002194,105.7853054974025
AIMP2,167.63607696417677,25.55468458820931,74.10806830111274,91.93670867109824
POLDIP3,126.2331753503772,5.589630998230352,98.75040436671225,59.64894574385288
GOLIM4,81.82942230971112,57.78417339004132,64.14730091241506,90.92667559183764
ATP1A1,30.731151269824032,115.22274417040744,43.52742381437328,106.47782130820362
ABCD3,121.32444344160734,7.5822564312652565,82.68111934293547,120.04405069855693
ARHGEF7,135.46216771414635,24.95256401089252,89.06497426408018,76.0464346741047
ABAT,91.16648091148924,9.838853030654828,100.82189301948566,44.33412057845977
RAB1B,46.320577688095334,40.20273020232094,63.224948104091425,109.40643338395685
TMEM14A,92.03547998431681,39.83399962453503,108.38324249062232,68.38200301902866
RRM1,130.68614857067618,20.73140145484138,123.74705162424596,60.61863498188332
RAB11A,78.83333025853946,47.09612374782636,128.1707466941929,52.91099432143193
LTA4H,70.81481069729192,220.01543119177765,69.38740886503106,79.57342184247678
C12orf23,6.77557333679206,35.30514176491146,84.86641539804033,118.15930278921796
C20orf111,69.19524023115845,111.23645752608643,69.25075264349927,97.62150257223644
FEM1C,64.36112455506927,3.531593440417889,62.82265451779271,121.80233757794319
ETFB,56.674031452233464,31.695865025946926,86.23938398229991,103.85302961089765
SRPK2,209.175883167027,36.372732900952016,99.69932296851543,53.93002416053667
ISCA1,78.52056309843903,27.429243036860502,103.76176724107717,66.0266534683372
CYB5A,51.45015653771059,1.4660224537178959,106.31609941070583,57.92066304046887
FANCL,244.8183831063969,42.4045390491267,94.20621822321566,43.127814480919504
PSENEN,64.75831464846065,52.97261592264502,74.88453011918462,119.62529016048722
STXBP3,262.3833620319161,87.97337287171817,40.507945244085874,132.87063129277522
THOC7,0.5453442704405606,76.95157334648302,123.17794299706098,61.724027250067174
THAP5,97.34156766304312,56.19623605487018,74.49806746567418,105.02665507661678
YBX1,0.00034728629274138976,31.874476125719152,114.0326060560629,51.50366122944053
VAT1,2.2550177304169177,58.37200348121413,110.13023475298382,70.18347147534404
DNAJC9,63.64555755785311,17.381476887782394,114.93530720885659,34.81350489831299
PNPLA8,160.33046722585308,88.23048792068488,90.39261933660048,77.8997513615054
METTL3,84.37900619559176,10.918517499832811,88.54965403702359,120.88586036948541
PPIL1,46.027262532036204,0.014997201696411165,118.49126121224637,63.86580115181057
DYNC1I2,232.3936406336977,66.71768907047367,108.43868892579965,57.287997497451094
ASNS,157.6903946845015,40.38302134061318,81.98838688475878,59.35279964530243
DCTPP1,0.0004311228549295566,18.995815888063355,121.50181179448067,74.09408111926918
AATF,162.224040289557,25.483993072035705,105.0028790433842,67.29289975162678
KANSL2,123.46411643654051,31.60278064786704,88.11688434554286,84.69807059781341
PEX19,304.5445043191939,21.439754387210286,58.514703949568855,78.71146417568099
RAB18,40.572975695474064,43.969110959009186,106.8024267720108,64.07172322643234
ZNF708,216.01919765781093,45.574318514990196,72.21684849725847,67.93366598531384
SNRNP25,1.7086553190122844,0.02302294407081699,113.63289889802803,57.33354588029935
TANK,149.31868731028823,144.92650152449536,58.74995361424551,120.62013180065426
ATOX1,26.390166834316837,51.24149254754956,99.96345191516703,92.19306658982441
C19orf43,0.07011184366686078,26.68850820516344,110.74019207250413,90.8215439426563
CECR5,40.3959218258595,43.233518495063905,101.45976047050497,73.17641027210873
TPRKB,60.12245738054255,51.99502940791911,126.85070061736066,49.841589327883995
RUVBL1,35.50743214154239,16.336433519324803,122.18026750600418,64.57708422526426
PRPSAP2,201.29873513518191,67.079268554012,103.08133988443176,48.91674201439635
VPS72,164.12877794981642,0.14008459776263346,109.48710036398576,71.83293168599656
DPF2,222.26257593202638,20.758377760815165,75.84873375920066,110.7371380431324
NUDT5,3.143180349271226,28.790227439848916,105.64216094076399,49.80144679624903
AIG1,100.46030594551549,103.82651742971838,46.48424274526066,108.47224943318321
SERF2,5.396601655810037,98.84226083868703,66.97210581438155,110.17211718078403
TGOLN2,224.0016381485338,195.31309385367064,67.40005406578848,74.98465373703543
PDE6D,241.2069793347718,5.657523713566482,107.39338384731468,50.95900847598341
SPSB3,105.20921372213085,118.91728007376864,80.6442799471224,84.96157546656006
TMEM167A,0.5038627178163247,60.03741114710775,115.24872572088285,70.48893802575432
LSM2,60.2411275000365,7.2976534144004575,120.42809199570918,74.18974644474827
USE1,0.9158278100742681,15.109430823278942,61.17386064054446,120.49590443118329
MCFD2,168.12794497940487,60.92713412931935,58.47968582548576,139.78458077461093
PPP5C,81.44284937205059,1.530519227644731e-11,76.751219370347,92.55170836840631
ARFGAP3,115.33660188892121,77.27254237006454,98.62499354228585,84.29551309089167
PRMT5,150.59663720625352,23.66686684486546,64.65885582846691,116.97461150140433
LMBRD1,97.31023251455974,194.2828781672132,55.27584111279921,81.01044405954035
CXCL1,12.212956926008655,20.204422684571824,6.1493440919724875,0.19138368116634538
PRF1,2.5496871676562802e-12,10.772949514012687,3.1572028108611596e-08,12.804202099207435
HPGD,9.137205161293476e-55,1.5270469629481083,1.1150685989145038e-16,15.706778322638732
FCGR3B,1.8809202508419592e-57,81.23429534323373,6.227139175768147e-36,1.3914046591044956e-35
LINC00707,44.1409657852093,1.713838340875613e-29,2.3619948831835575,4.03850623557257
CD3E,1.1259646504703042e-13,17.95226133261228,3.4081365873389116e-05,10.613894678908784
SLC10A4,9.457696430651689e-14,9.26250083008936,9.722491932642427,6.766101172116193
LOC643401,45.757665149413825,8.97919915448871e-18,4.558884844360803,4.643221131860711
DIO3,1.4258366124330949e-108,5.497318733085174e-126,2.545488734778235e-26,13.976104492449492
CD300LF,7.348814721696116e-22,93.12690307746018,6.79961965238016e-21,8.35940920376317e-11
ADAMTSL2,7.0258328455566955e-15,1.104106716446547,1.2628289557000916e-05,16.900838664611438
ST8SIA3,5.691782266355697e-21,2.3133947305711557,13.578080922297413,0.00029036828862776345
CD3G,2.483883747363896,20.44849874619212,2.150962251265036,13.425266138422197
ACP5,8.028405256349408e-29,43.188448235703945,2.755195454786575e-29,11.239943588579184
NYNRIN,4.240198288577018e-14,3.0218875197978683,0.10350809037062478,18.820665297541648
PVRL4,41.22974899614338,2.9726189247318737e-56,0.6211527921342271,3.3531202049577074
ZNF280A,1.2582738831302441e-26,9.196177051103171e-45,7.060080006856497e-34,13.32958166461471
AQP7P3,19.356836285771774,7.890357045996399e-15,11.211194218260053,3.8576841595188016
IGF2-AS,8.536465837738882e-100,9.215666452348915e-129,1.0650881411431675e-24,13.327145544926058
AVIL,53.393756342190215,6.8513512573538335,9.968718449667191,2.058814112846179
TPD52L1,2.7901174061867137e-43,5.024507726531863e-18,3.883088858460571,13.691308001112125
IL1R2,17.469724722408216,55.61610554934778,3.2629203588214177,0.7151324945772148
ADAMDEC1,43.67802434741525,28.045544237586668,4.969384470341268,1.0923745567529206e-09
SDCBP2,6.302895806848527e-26,4.4981744444487655e-21,15.442702599165917,7.127238093692879
MMP19,0.003948829905759494,31.34385261184028,7.795993296306742e-06,19.03769661482004
MIA,1.253156935528182e-17,4.672143685350671e-15,4.5611189618100186e-07,16.922237803225766
PRODH,19.44337481078183,3.5705693719740506,0.000181299747203746,20.833935884164585
SSTR2,7.219495701611306e-07,2.576225288954044e-10,10.458058697463878,8.8864734908295
ZFPM2,7.931240598564969,36.01289290472384,5.106115814065459,1.2147035598143536e-23
GLT8D2,3.2453099339568764e-24,3.077610717120715e-29,1.6354626307280035e-09,16.93972258505123
CCRL2,0.0008056458281770492,72.3995465894581,5.322770708551755e-08,7.276003491800687
NCF1B,3.296337858613025e-26,82.72189032764385,2.0848375031597043e-20,1.6235999321334864e-26
ZNF727,5.758070606691587,8.379459290404967,17.984704697505563,3.3279990207277266e-22
HHEX,1.0435925312539145e-22,77.25205904154608,8.265332786420716e-19,7.720224154643301e-33
BMPER,20.24419099256853,19.38019203540222,13.072220835864268,1.4093115193304165e-05
AMICA1,1.935759299520523e-24,71.90049144918893,2.2092534570974448e-17,1.988768345739973
RGS8,41.64926207665968,9.255503220661894e-36,6.864859235913776,1.5506619378521969e-09
NCMAP,2.9339699407527683e-16,5.668476682658838,8.28847081952795,6.4369445016732065
LINC00320,151.31980801298823,1.2913561426383054e-07,4.446539525270554e-06,6.234474244381843
SORCS1,9.189377470222342e-19,7.954804214402628e-09,12.52970066404997,1.3565459354443953e-05
TYMP,5.81292683428885e-09,92.397987245873,0.023824732737588578,1.987375201712669e-09
GBGT1,8.729927032541172e-09,85.00045913839436,2.702717805732672,6.264467751477263e-18
LRMP,7.529424624318576e-05,85.99933458640454,2.7192729080054917e-06,5.814261267731047e-07
SULF1,24.688874107899558,6.493232017349385,18.787840196974983,2.9966675627550903e-07
SUSD5,5.561785867430773e-07,6.562459425081592e-20,24.023981021951553,2.84349676026391e-35
TMEM106A,1.3873178673581748e-06,84.59074520357676,1.0275996793370485,0.02754258556580387
PDZRN4,18.140206769371403,4.470241341176723,21.394804778584696,2.540258713476621e-17
LILRA1,2.7852648779300168e-33,75.28711613602583,6.466062627961764e-26,8.208083123521792e-25
ACY3,4.802447202341619e-36,74.07957263644148,1.1089701118470304e-20,6.443662510851837e-07
MPPED1,1.5994819737232291e-43,8.312861875468292e-75,5.0195720977475655e-15,13.099499375636247
SLC5A11,135.52767620025,0.1415398366307498,0.7908113087253369,4.103759861154214e-17
MYO1B,1.5765214316138108e-21,0.005314254366447195,10.89556943686999,5.143737768278632
RHOH,1.5001613034723978e-16,60.06146882391322,0.864218047164778,6.098637445059389
FAP,0.008465502991111006,6.038520766797863e-38,0.00022968500920836485,22.114649363280826
NETO1,32.780468654307235,8.696333456963739e-28,19.60520201334724,8.856959566663994e-33
GALNT13,11.502339693920701,17.998741726713853,20.80080672569875,1.1239701966173957e-27
SPON2,1.9082329781774987e-28,5.750458009709043e-19,20.708426582199476,7.059823435514629e-13
ZNF812,5.15794774433288e-09,11.959433231593355,8.040258849992856,0.9831297133110193
GPR1,105.34612958297275,20.849982973124643,4.9815633931117835,1.888869611785277e-12
CLEC9A,4.374351874015693e-55,68.12194558662227,8.855472299534616e-39,3.9465782447921467e-38
CLDN5,18.44825220238957,8.19624239475773e-47,7.561915258559219,12.22525921968213
RBMS3,1.272475506700305e-09,2.3796838624454726e-10,5.198597951057553,15.522497967414319
HOTAIR,53.583007935960715,4.979058297245532e-09,13.962036566562533,0.2411715327766372
TGM2,4.017252518531321e-13,8.655882787537475,3.7571668424338127,11.169872257327322
CAMKV,0.17496742406831906,7.128841730701095e-06,25.660864338299753,1.59523469443416e-11
PLEKHA6,0.005917082237680832,0.0021732715235850517,17.332367329538002,6.194153910507083e-17
TLR10,9.885232914084078e-08,76.54554487991524,0.025658055836808035,2.3811359238124086e-07
ALK,4.069033970520674e-21,1.7455227669361393e-12,6.37843460557693,12.313992430172005
CXCL11,4.962689184587155e-07,8.033975559695763e-51,1.2235139800579855e-05,17.59933280049027
MYT1L,2.2508464549915823,22.232238804700174,14.410753400648728,1.6231283511282464e-37
ARL9,33.434030612772695,0.0014933953657347275,11.516797057054243,0.3296560103419709
TUSC3,5.480985614521684e-27,5.1948989190888304e-24,19.82557054425697,7.439738957947307e-20
TNFSF8,3.4544844542324746e-29,70.5540010667738,1.4006426114477897e-15,0.01949664976005273
HSPB6,1.1302288194665484e-05,10.419394060168502,1.621691161092201e-18,23.83767576321927
HS3ST3B1,6.200988121657264e-27,1.6080233452950323e-17,2.3601093640850146,26.92326877696166
SYTL3,1.0119215143812369e-07,73.44901192666286,0.6372775281176718,5.400598469861671
S1PR5,139.73893796731613,4.148074776201258e-25,2.4550517497228984e-06,7.708046262917843e-07
DAPL1,21.039512551284233,21.239744028085923,5.581718792014145,2.201499738752254e-15
BAMBI,6.057817361662548e-07,3.6837292661694475e-18,26.720746197017906,6.5319012680331864e-21
HAMP,1.4351763551560722e-09,70.2261985840158,5.057828670453146,7.036021901997171e-07
SYT6,0.5123605744222883,25.11856994834933,19.329215491044884,2.171557542608544
OLFML2B,33.34921075656554,72.75687391694032,3.193434736219452,1.8219386148242347
CPED1,8.34735718479194,51.66636195192098,2.87033734561094,2.1908399407296417
SLC18A2,2.762209450388247,65.09827938667824,3.925827947471112,4.205107083115056e-10
NRG1,118.00783809833665,8.017909654089205,3.671163246649585,1.501208169629689e-05
GFRA1,1.9120864060707912e-18,1.0217457954064355e-05,14.327796598592414,3.5736780244758475e-08
PHYHD1,0.9222729077927188,9.421326525834623,4.529889052384144,26.415016944960104
RCAN3,0.08877484388275778,8.172630250287284,6.122079677998866,12.584914723476503
AKNAD1,29.677193918389364,1.510497866416103e-29,10.023543990101183,7.676429046987674
CCDC74B,25.50486402662656,5.320662791970298e-25,8.526414118736774,8.129298015561584
HOXC10,4.469773658699298,1.5309251417449559e-18,22.989359619087715,5.5793703795923375e-06
KCNK1,84.8289902038143,5.201689809213269e-05,9.020357602249785,2.0941387150464303e-20
CARNS1,137.28306988992486,0.00536017815206767,0.009387721215338292,0.022185820226460637
ARPP21,0.0005879368389315872,0.06594040401669359,22.65379343552876,6.653902071706992e-06
ANXA11,5.7045715302028445e-11,79.05426399147647,3.2580315037957734,8.94340059607674
NDN,3.0396423070038347e-10,5.115249919370688e-06,21.13038686391172,2.0129858184096636
RARA,6.420697324745278e-07,2.068869682201691e-07,8.978297565653698,16.964192954485593
FAM222A,48.41180076630861,9.041254942044351e-19,13.579529307327865,12.651422592298042
HSD17B6,7.678711088464032,16.211439038803753,0.00024059831837982025,24.606415318081254
GPRC5C,16.494945408129393,11.42677547019221,3.330294616290589,27.38151099549605
NRXN3,7.136694297155942,10.753063519620916,12.146220268933146,2.7516043745806176
THSD1,3.9783087759470385e-08,4.344628250492357e-21,5.718441386885173,24.182953589417448
PCDHGB5,105.72281082289834,1.4338597982004974e-14,4.3199353919430505,9.310928023267834
COBL,37.08325913595609,3.4120372672283714e-08,16.314140517558666,9.914603812389494
PCDH18,15.092842174127348,2.708176309327659e-09,5.059990811279109,18.740152700342957
RNF144B,0.00026915417593585434,57.868336658174464,1.2323688967535648e-11,9.71168521670666
PCSK1,6.34741126588124,10.554803248341164,7.509748897664934,12.269405194570805
ERAP2,5.82327616786162,23.21367755288967,0.0049328336172062915,23.898942869423532
PLEKHG3,134.57854886890004,1.5219262535634848e-05,6.59965429517299,6.226055635100132
STC1,0.08481228684604532,8.478645650732616,20.64577766880276,1.3637737084366784e-18
PCDHB4,69.21721989254256,5.425344232984659,14.373762277149156,4.96922829229435
TRIM38,0.0008897622067396448,78.88113400867826,0.06329896412319401,7.790597089136399
ST18,79.68932417482876,10.007123043840169,7.6403513243987975,1.0008197010041935e-14
SLC22A18,5.815860727183957,49.993969055237834,0.03321128783175411,23.619088590176766
ADORA1,0.10004387769458702,6.168697617365348e-18,4.005355109431335,22.742864974845315
PTGS2,15.997293239135361,60.68488708313993,10.802137902392793,0.254234581798772
TGFA,3.1912504891572504,5.375283771002045,16.913823235489932,4.801344397538181
CNTNAP4,82.92422105930085,1.7995368348584632e-05,10.054583401350815,1.398950653657847e-24
CACNB2,0.00036850314190440067,7.172242830933081e-05,19.423709946749003,10.442254951183134
COL8A1,8.23261019567231e-13,15.951834055546144,2.372370044384921,18.096562509099968
VCAM1,15.2350881097512,7.120447073760987,0.2555289672506491,20.64873447804689
ROBO3,43.18043643177522,21.846104520609753,11.619199971742349,5.566909810933651
KCTD14,4.96025090053028e-08,3.4359131960340115,4.030331866310748,27.86128292200794
PIK3R5,0.06471097800281378,79.87154768494318,3.2615026924380283e-07,1.9340760706021567
PCDHA10,42.95367861909156,0.10951660553231926,21.441551103723302,0.01133139797969162
TES,6.507760988336468e-12,70.62751096480233,2.43597521232548,5.881244658014866
TRIM34,27.314240752220105,71.68885920008309,6.27058435705368e-06,11.821726829708046
ADAMTS9,3.507711653684992e-18,8.204341128550642e-09,2.6632931425900837,36.34811995518661
SLC16A3,3.253923095553128e-05,62.932969659344906,1.0148633442448767,10.687292002496749
SLC46A3,36.32700078683161,76.35300154977651,7.220526590363528,1.425345577279359
EDEM1,0.0010630943872855893,35.94481916793211,2.6630893481505042,19.73462645896938
RBP7,127.65110729626586,9.277515838135628,0.5064731238609489,4.332305452560761e-07
LGR5,43.65841915821906,2.0436320251635045e-05,11.995405620950232,6.547557015622232
GPC2,13.175972041606212,2.1582018837081316,28.592827820554533,4.586891095956879e-20
FGD3,0.0001563880238628862,64.1010744573181,11.8886245248231,5.876426364811297e-09
SCN3B,5.6131926170039765,13.177096798726339,20.106760420684864,3.2690228397642754e-13
PARP8,0.0006853445809511505,26.967346315150433,17.54026494403203,7.474810263640442
MGARP,13.897099497789643,1.1175686408648156e-28,9.305427099666076,14.177426721202503
FAH,0.0009948162565919549,48.23540479327156,1.522511940442971e-10,18.848450969935957
PPP1R3C,31.228885148318387,6.496643238216466e-05,8.386405011845934,24.230982868054113
C11orf75,0.015875372511506006,75.6760125471525,0.030465316713842665,5.770517677038894
PCDHB15,19.6394708841897,1.580075121043285e-20,21.635356345721128,7.003801944052667e-11
STEAP1,6.406877508489505e-18,1.9288927724705303e-11,8.053895733801532,21.880359709522192
EMILIN3,11.205373941256601,0.677042927805414,3.9093427457799286,24.448153855822895
TXLNG2P,26.682727098627918,24.511639201102643,14.744019845375794,7.862447977266121
COCH,3.7272762674224995e-09,0.07164205183698234,21.281163613151936,5.938841635381792e-23
ZFHX4-AS1,16.633047305185904,4.579701660663336e-19,4.3549695064015825,28.809257496197034
IGF2BP2,5.902561391461626e-20,6.530979508019942e-16,13.64312716990463,7.078156666106827
BLOC1S3,14.20111352586184,20.517720747487935,1.7689803537430042,24.277237846939414
FZD5,4.0854818864161944e-07,8.306498447917331,6.403873017725979,27.49713944217441
CNTNAP5,25.648392502961315,2.7530904261215876,17.279710071771582,5.571720847028164e-17
SLC39A8,6.828694511344905,11.085126261799246,3.979901161755644,15.553474632355917
COL4A2,1.3222043100881604e-15,6.060354199113055e-16,3.7523191015236343,32.51455956174464
HRH1,19.494802303766768,1.7840861762652488e-05,0.5499643832783331,34.26966110251252
C11orf96,1.2810462144255215,8.856503410879553e-18,11.33078782448235,12.40458914928949
CALHM2,8.052241152047733e-09,45.32180675538376,2.3277514899004936,16.918501709710746
SCN1A,8.529690330083111e-25,9.226585842043699e-21,21.981801091470643,4.839267458759663e-16
FCAR,23.498677760444032,47.02011952084324,14.355935254169284,4.709213022226252
DLG2,116.85644750084779,0.7613244410854776,9.283450890321346,10.2205896683777
SALL3,4.9101129534410495,3.617150108022661e-23,27.184081533141516,2.1121366290394015
ANKFN1,54.43577048443108,1.176869214000484e-19,8.767455901499009,17.76348357518502
MIR497HG,12.199701412847968,6.2043578821272,6.739258497625115,28.037063412826296
CDC42EP1,30.818033427427256,5.045132841931906e-16,6.6400672235666525,21.16205426508312
NEDD4L,30.620029156598143,6.558502352954073,17.498661540783075,2.9658894198594528
FUOM,0.04412903119110594,43.3911794957609,15.336385536323967,1.197831276480423
FAM129A,3.673945204987592e-05,48.510631407067166,0.848741448345505,21.392399228075284
PCDHA4,0.0005071484748284641,0.0003041701763432493,20.92088946246151,5.08583766548551
WIPF3,1.9384174838330363e-05,24.696056529003368,4.445077691407819,24.905357294885
UG0898H09,9.27930907329256,7.728498176030317e-05,17.276700787211094,9.465785680395921
FILIP1L,0.00045660656458422656,58.36704010013188,8.837969648040042,15.395588826968556
CYB5R2,66.07815351914427,0.4573038220591557,8.101251642058253,10.062285503732287
KANK2,0.9267767085963622,1.0764094231819532,1.262123952003374,37.98884731185053
ITPRIP,0.0003049431890174542,39.04193961575552,9.52235951540908,16.509800116184568
TOX3,20.266689364421172,7.886178235889514,25.757585102298624,1.383920625617225e-21
FRMD4A,5.284168497358366e-06,55.34712970365529,18.68009736075807,3.278402445220981e-14
TRIB1,0.0026016377633603705,51.643259943867754,6.622135934332093,17.644069006503464
GRID2,14.788539864826395,8.010948281555788,18.901279799600097,5.095962145908664e-05
VSTM4,11.830827925068771,0.00042206993470385047,21.25922783375557,11.461838406735174
CLEC2D,1.9315985741584258,50.838388270811464,9.99958240624446,13.282309727661717
PTK2B,0.22522096988537585,49.34428105260824,2.998708674068754,24.131407420308534
PCDHB13,17.011791523414775,11.530481069166097,14.314170374726913,8.845246401357196
KIFC1,2.2316333134038264,2.8460867761610245e-13,30.38209170307063,0.047826708325063305
AGPAT2,2.3786174209082263,27.976833511337748,2.151932823656107,30.461778597177233
FGFR2,80.65185358549869,0.19993485945162812,6.191711653592135,15.483642996642565
KLHDC9,16.876391591186575,7.968007150605999e-10,10.867538248906856,23.123909409960312
SUSD4,1.9015789065031055,5.727064568276035,26.956187228442552,0.29845485516700676
KBTBD8,25.35250323926264,50.15089516462134,10.489442227684341,3.0880065233277745
GCNT2,74.06988563483615,16.246930100660403,13.22504215672194,2.9460366655123384
NKAIN3,10.531666854369197,3.108666986263178e-05,14.140688412156635,7.985501846398479
SH3BGRL2,36.53162961444398,4.147227887617235,22.902571411224297,6.954115336602011e-05
FAM107A,0.2728276643105694,9.409652844126096,4.761440305327807,26.574285202041217
STK32B,1.465516059764628e-07,8.13237573299005,21.59121934745505,5.232777982214037
C7orf13,4.5069959274390853e-08,4.938745568804704,19.916070565465155,1.9413910659156162
LOXL2,2.8836398263353597e-18,0.32941356874167027,7.952930935233766,21.55217351898395
CXXC4,7.346162584254262,0.09729263066291557,31.029117567542503,8.002351016281748e-08
ROCK1P1,24.38990883399125,24.106030013444418,14.210517358273473,9.957090176517372
HIST1H1D,0.8946898843299331,12.691412669484349,9.406822871667261,23.29233852307266
LYPD6,31.955558387687624,3.0513778615635326e-16,14.095344492720875,9.52045115181735
MGMT,19.72871317983187,49.364759155015044,12.858146355859555,7.15329522256621
RALYL,11.320864863342969,2.81623325708394e-06,19.55606284596855,7.284615034802137e-11
TBX15,14.035257724108595,0.0007184035652024177,10.874570547334008,15.68562082757167
CABYR,18.641416853098928,4.25729820193543,22.196645790300394,4.659443417522948e-16
EXO5,0.0015221882859431696,8.303841202317978,28.65368353183146,1.0359257829264087e-15
SP140L,0.001407747682664007,50.25242216284316,0.0019127493644225842,18.203526758906392
MEGF11,12.274782757801347,2.454227931551464,29.04121654334221,0.3994005480090083
KIF11,1.7426900823496176,1.3946670158433954e-07,32.15404432101516,0.0001935734239636809
PXDC1,1.1323059788685427e-08,0.5975523638219357,25.365207724761593,7.346385158176306
MTMR11,1.3939313933179828e-12,4.598954355312984,0.3077097434141968,32.36748956841495
KLF9,42.207373780676214,1.0467256583591882,3.1658172907866065,28.959918533796998
TIAM2,19.47718256671573,0.36105838233425824,15.773595393711043,7.176098900330496
LIN7A,9.580236568423473,5.9405040587964906e-05,15.897798349935679,11.34727731380997
AP1G2,27.38249355514692,58.55808691064934,3.6642453605931595,17.335794029900406
TENC1,22.44245794857868,0.011412333281762084,10.092999375719844,16.84892246063986
PIN4P1,34.61998395673818,9.860921777239354e-07,18.29875289010256,7.208162969443736
USP2,11.414037264909599,1.7207535868824493,8.475141797449027,21.668177031377564
HK2,0.6208225109012484,57.33374021191109,11.481514347963918,12.106687800449185
HIST1H1B,1.0464707515574463e-05,4.571416081651942e-07,21.15825857100139,8.0535007820002
TRADD,8.952592289725741,45.379941726409626,3.5119677824377646,20.42497251656169
FAM50B,21.011292044749258,20.357326962921917,12.811317133500193,15.6153002252023
RPS2P32,39.22973647492692,14.951663530302184,11.664907394839043,17.61233291620287
ITPR2,0.09827026012591444,46.32247542641412,7.62762588153899,21.210959386524195
HSD3B7,23.988874770770856,23.928351085956123,6.06648198773895,22.577149171247072
MAPK7,14.62069152591976,0.00019106249026854585,13.500444608037537,19.740906991896985
FAM13C,85.13374822726827,0.024979594173588388,19.35079891494998,2.5356772190641426
CASP8,11.27275590860015,37.640392840936514,3.74361560025027,15.385013463568328
BAG3,2.4694556515561086,29.79478121524472,3.0393159529766423,26.529507672007348
PRICKLE1,5.388845943669115,0.007039131460332079,17.078013179642618,9.914944573330345
EHD3,21.78091865032367,1.1973663376055161,25.211828466121933,5.556151677829364
GRIA1,0.02204343162500129,0.050721098749554716,12.72903090193899,15.320695014522654
ZNF605,5.6592098050292705,1.8129136968605158e-05,21.441960635482303,15.069755160258822
FRMD6,18.491146579415382,4.748736892446279e-11,16.607204694574662,17.34148559494446
SCARNA12,2.0886037410556044,1.4242992349460526e-05,17.930397744099256,7.608627619661981
CCDC152,0.0006720527799840303,13.213228779474678,11.191755289030377,17.48596225500339
RNF165,17.729624702689172,7.2699827701552145e-09,26.39442967423685,2.468161879745943e-13
SH2B3,0.9352450222202063,67.17113777352824,6.884140009673737,9.248922955485774
HELLS,10.447687033241046,0.0010002573534407895,26.9665051941629,6.355271629429834
CACNG4,8.466117968331016,4.722352719001227e-08,28.55722415814899,0.016308077256369093
OXNAD1,5.888093419711678,15.703004453714797,10.948271537225574,24.263056649754866
LIFR,0.0646736562532741,7.526335853135848,11.829780227751582,22.856661196789126
C1orf226,35.51322112211101,5.182201634641571e-13,14.345942607376266,18.833110904074104
DEPDC1B,0.5101908109041999,4.645913532251534e-09,30.19360695910915,3.4550101429789972
NCEH1,0.05775219934736451,41.12825547162233,2.110669634231335,23.601945173104006
CSK,8.115176974358807,57.46288847218189,12.912161027497191,6.044954569554415
FKBP7,68.2348176795433,10.309772673614892,16.42911837502045,9.973143572046261
CDCA8,0.9503248176878124,5.119521220130125e-06,27.919044804687353,7.284477858581707
SATB2,1.8528599985512987e-11,5.206869035220628e-12,8.57872164863107,21.74649785815927
FAM111B,34.79205157909531,0.0001694929746020855,20.27447315902709,4.993137199136718
ADHFE1,28.58618351170955,21.237437938227178,2.0660468839487116,25.65363472922492
PRICKLE2,24.790989786284992,2.5910551965129187,9.559094469734038,21.402201043079295
FOSL2,0.042825024123304946,23.241800965159673,4.61321901303396,21.832398108649194
B3GALT2,44.10168059514346,18.489515878568934,15.90554086584631,1.648273535048207
ENKUR,6.136373713526914,3.6781964760153394,6.856838632287742,29.700313349055115
BRI3,0.18899356503187745,33.5824499930158,9.050587414426223,25.4156128579219
FAT1,2.7622939544806444,1.3974654259238926e-19,16.30742998500159,16.032657806027167
ABHD6,58.35190652620661,9.288501094409163,15.888553620821536,11.077547968050993
ERC1,3.9434723294357688,2.110092318572668,15.716628551806108,14.013149386866369
PCK2,0.33071581728048643,41.961578554985884,0.8446106402910106,23.7408761778383
SLC2A10,22.034700004337754,3.6784967523883495e-16,3.0207808132292415,32.3738176012822
WIPF1,28.010308057601474,57.223960100616445,6.6072159446859855,10.414526685656963
LPAR2,27.824464508009587,29.43129453443677,19.15266461175426,5.6379663477818625
ELK3,0.04192514222728946,33.209922315086025,4.711563502820393,24.376927004316784
AUTS2,44.827260030930844,6.251791454406231,15.236088323506348,9.319534078436943
OPTN,45.37049607271272,2.590542814569838,17.55808438929363,12.988011630054999
SLC2A13,9.55290269386189,4.113168006154835e-05,19.941796906560885,4.737602148675902
MOK,0.00032032924868537107,0.00046975605380441366,15.241742752874929,26.10482436982128
NEK3,42.399143094428304,7.195334813489865,23.181745618018976,6.887583482159759
GATSL3,0.0017373743077820972,18.043116371558874,3.667817068609157,25.338539442520442
RRN3P2,24.295595139179028,42.82496113409019,9.778463459340026,11.997034798704702
RRBP1,3.5537433216977528,10.450652929866612,5.490043585482965,35.153884944701815
USP32P1,6.869955698885818,31.71487112109496,18.85843734442529,5.821434152043851
ATN1,7.366731520247132,3.472503453792342e-08,18.282502013608447,15.045901200826092
LRRTM3,24.425871796126312,1.290425093147216e-14,19.205923820699493,15.769526323018034
USP18,56.28139104952591,15.311797168298465,8.345756993536355,23.466749699184767
MAP2K6,12.269696289339862,7.8362835823726895,19.252558993116764,6.9901170149964615
ZNF57,3.456064656304077,11.353350852324175,13.708054071500515,21.851949440621866
AEBP1,11.098610610918291,1.1926156560388395,11.341911573981495,25.063177486983435
DENND2A,27.575338282089817,3.1373426487609735e-07,13.013761918672609,24.449545373339053
FOXJ2,14.496225437333754,5.654405085845286,12.392889201676663,13.882142674062655
SLC35D1,28.880810234004617,0.24037668050859864,5.998189186821884,33.720719433090025
RTTN,44.5315044653079,12.061870614467605,11.165548188287278,19.571123393078302
HID1,54.95041891839628,10.356979830512627,17.838424811029775,3.142976728899517
CHD3,18.207879694097493,0.8714216786851987,16.218880615410708,11.74972669995508
ST8SIA1,1.8588015518002339,2.2400442333388047e-06,14.072531928495085,22.86615756034256
C2orf88,41.65468342295195,0.0008960903644640165,6.3849357740145125,19.931515039322495
CREBL2,14.53750822737626,56.695458250694024,12.246367514345186,14.032327532307157
LOC100128822,5.539923893721893e-08,0.01684378149498164,13.321609307644064,17.136537048855043
TUBA3FP,35.01488193432192,4.762026046182437,14.782263835149275,8.73026898857383
TTK,0.3885345732395115,6.152201322140459e-14,26.30587984827628,0.003016611331222771
FAT3,37.017901889539985,3.646714190752623e-23,10.805473062430202,18.44478827617425
GPR162,0.014534690443641984,0.03355869778004883,22.191874338091864,10.086776014541362
STOX2,15.512966070027675,4.24869001323839,24.641542631588653,9.241889926818849e-09
ABL2,24.22689451617108,30.916170786644248,16.41589261635944,6.296506471568249
TOM1L1,12.295328279788734,1.2564284366136373e-29,12.548829605900586,16.862686287610238
HIF1A-AS2,24.759304102591106,45.70444744748644,8.97624276933885,6.902736672647734
CCZ1B,62.0849973053814,5.5675951580704455,16.792929121633758,13.11207316068524
MLLT4,35.01468590228864,13.563838051351116,20.730845510953056,7.496416928011797
SLC41A2,0.04677011813895645,8.48796762972982,20.25002744827099,16.185876702864398
MAST1,0.018603874748714194,6.359441041684713,25.319465117191697,5.188788152496335e-08
ZNF239,1.9605906970184346,4.987231515481061e-14,21.10971548841252,10.397549506358525
LOC728819,51.851278374597136,5.634846072214946e-15,14.287087828303067,8.14109829367999
TLE1,0.0310860999783089,5.346045711537239e-17,9.955025849625027,21.868445251210012
SLC25A29,42.525097203719795,18.318438722293102,15.07726150869845,16.235683010569236
CSF1,6.735435624085422,14.668653232078146,3.063380250686272,25.886231295828004
THAP10,19.81112995633061,2.280913678048418e-09,20.826237673294585,17.33081444539357
C19orf57,11.919077741601441,5.939355481377092e-09,20.50934812250105,9.566997202948206
FAM117B,37.92521032136266,18.261075113192902,26.156253114469255,0.8218903940751824
DUSP4,5.786438609373612e-08,9.30983896811989,10.471663558108343,19.036999938408048
CHST11,50.10136042569831,8.521151815700938,20.361200630764046,10.189852368173296
SSX2IP,15.31056085034499,2.4860159385731703e-06,10.447144924070471,21.466694132835254
PVRIG,26.259966287964996,13.482876121946498,12.987527094863854,13.94624565480903
SLC15A2,26.204771716739227,16.92028579780673,2.899813826204483,25.333934256001992
EVL,5.841173626867251,46.81094812470544,15.329994864459083,10.368696994372206
TMPRSS5,7.206998310477129,8.719839666772746,18.57842914272611,16.49135914296907
DOCK1,66.89796764205943,9.15293408493748e-09,10.402567023955294,22.128474408696256
ARAP2,35.31893890413094,7.988786555618194,2.2698532732857273,31.83684998982483
HDHD3,26.528264948724306,5.009471289659814,8.121207741021626,20.17647667788598
STK33,15.815195365940145,7.32240187039924e-14,11.67379331808658,28.724876363823583
SLC43A2,7.371462632989495,40.83379734552048,20.066287826209976,8.84407207674191
SMAD1,10.838835436553717,7.869238019253377e-08,14.000700831542481,25.00959968872716
NCAPG,1.9502643658129857,7.544493241889392e-06,24.63762900607158,5.020733149609942
AP3B2,12.672479271928074,1.756267199331611,21.115059094873992,6.542008070440664
TSPAN11,47.346974600258704,1.8455724741214106e-09,21.902232557058095,2.049790188757156
WASF3,31.59191185851647,8.739002715408459e-14,8.513476766352003,23.862706172742246
PLD2,0.8441366715600903,41.47497833685201,8.461833705027374,22.450645537423767
SRC,12.340974878302772,3.5196581897798573,24.46536072806723,7.969267534258427
HIST2H2BF,9.016767519187507,40.789853465145704,8.57503723270921,13.242836110901415
TCF7L2,0.5098353503881639,9.188139405154323e-07,16.285494275651494,17.24109964071651
PANX1,27.890370309212837,10.452353230641457,26.62410815394248,5.243878161915135
TMEM54,38.65589486077036,2.8954592825833465e-08,11.68832921645411,19.04236447371687
FBXO36,60.86593894603919,0.0516747282660436,9.320278344146356,22.56535113561986
KCNN2,12.24782884497437,9.607746183144766,11.580094877770907,16.152761029530414
PIGB,26.947312464392652,13.960008122948345,6.868804479110217,27.13791842827591
NBEA,2.21515198610906,11.407832296470573,23.189015153874525,6.109881478832405
HJURP,2.1801216067665097,0.00014855637648338973,22.851088830280066,10.783350377108516
DPY19L1,15.101490158377313,7.303641765267553,11.070462208061315,27.183858011659634
STARD4-AS1,24.760793723938097,10.98868908599068,16.91797589998036,12.510654036494035
ZNF285,52.34948961918836,2.6791524033934016e-12,15.770971022327611,12.65069896969175
LOC100131234,24.79684550800982,14.035328748871972,25.539252681021352,3.830925842011005
ZNF596,23.908325178575815,0.05401453480007395,17.280445677285286,18.69610860771075
TBC1D17,24.927871079306197,11.407825841161833,10.844514195683983,26.357996493144043
TRIM21,1.481757948938941,44.666329547129756,6.091489035205077,19.4510339926355
WBP1L,11.679725434607938,49.53896525058398,11.441294655856083,12.126716131887568
AGPAT4-IT1,37.52010131063155,0.014286421307323731,23.438054530794965,6.46889140830739
SRSF12,1.0172985559519545,0.7925661448316518,30.691111337495908,0.04436998073340924
LOC100506451,19.18839275794283,22.056875102981767,11.770025637456182,22.30499542923097
PODXL,6.906332574412406,4.407513227899412,21.36575965635279,12.300092015707785
BCL7A,27.156648108545852,0.0007121458049215181,23.919271047911625,0.2601360056603544
ZNF524,4.483658962841075,21.270930399676956,9.399354378129429,25.943291123812394
CAB39L,36.11153533748674,10.345961130914345,19.30358442121609,8.216911563276108
ARHGAP31,15.018392591745544,17.78623017138247,12.978938963851075,20.771288239314575
ZNF273,10.290342263678163,3.4523187301883715,22.771062266511947,11.686146518139918
ATAD5,29.40635239371984,0.34665091282313953,24.205417211416545,7.2993138843432765
IGF1R,44.677128668570326,2.0161807460528855e-06,10.655157798902035,17.75223848189364
INSR,14.453773285815094,15.685080128818292,7.430743338531309,22.266994919497467
NAV2,43.20128603244628,0.0006819227064622556,14.456950302731164,21.19123647871807
SPA17,0.1804420348276481,0.3407374123450114,22.116346112612916,8.283576668523997
GPSM1,25.203128617475336,2.585403495196346,26.87462673764307,3.675155041907645
ABTB1,22.75251996439113,42.12154269301375,3.751173170682212,20.977480740572375
WWP1,22.53348251597439,13.913474220023616,7.610300463186627,21.477459330641572
HOMER3,26.330355502862947,13.68697096255018,8.559318208589886,25.572525188946297
PRRT2,10.1192636858339,9.38569368189305,15.663134077933705,17.879359438205036
YDJC,36.222845116962816,27.28198712697749,12.546065144082625,19.18456733358727
MIRLET7BHG,43.525531069519616,11.984570042532363,18.936500214218707,13.853102490145393
CENPJ,31.109961222723093,3.2328256632332173,24.332182592445367,0.6894803742250251
FANCD2,8.44378883496218,2.0370608617565074,23.342703813373504,8.924836946715724
PPFIBP2,38.41188585480794,26.50721678052783,8.895833234568205,18.5142056564033
LIN7B,0.007419029389932963,11.779723570467615,18.32679688313537,18.33177344578127
LGALSL,34.36744786522389,0.05411328642652895,20.141833485809475,10.78503527327844
MAP3K12,0.6180014541101455,6.218405926740897,14.711103559915209,21.048620091741135
ACTR3B,38.82731494745358,0.5291998161990845,19.898102931630078,16.17026958309036
TBC1D22A,12.134607724680803,49.31406563488301,9.193895648349935,11.292714395498939
ZNF354C,27.07050697968521,8.508128049831514,15.867194672571303,13.546235806648598
ZNF713,34.35853044295007,5.9967084100975825,20.850145665166565,9.754379862990012
DDX58,57.33009457643476,30.944193107717865,6.073154443622698,18.099806470598956
ANKLE2,6.587251809272785,9.734645088188673,20.870297245825558,16.294864836700064
SLC25A24,0.0904276843683806,36.718386599003246,13.623488339557277,10.27311491399078
ZSCAN18,8.955988970247322,0.06596017390745945,21.349561998225823,17.972941245213807
DUSP18,0.2637902355706996,29.1755264348962,10.231471290556629,25.46447611056136
FIGN,32.1728623877533,1.9791970122393023e-05,7.82761526970979,24.083058655794257
SFI1,21.317117225944987,4.064980754915127,17.520087119705583,13.031288450472749
CCDC138,34.91179890571954,0.6128715235441022,21.77272240292133,6.036472315183631
WRAP53,0.839732310168482,0.0026633487661912726,27.33140523965406,11.774122978425547
LOC100303749,57.4867152621826,12.274609912427467,11.558509686015512,19.206505705981126
SMARCD3,7.438719801468591,0.004166502505009172,23.96061875942219,15.856250042745357
FKBP11,0.0005959266012502059,4.827950060970748,11.13097404330563,25.371163014334474
ZNF879,25.417474072786668,2.752382106696696,16.533015370710903,18.072540346121446
TRPS1,25.182374654071896,17.329552732718046,8.180308743496624,28.285341849103805
CEP112,20.792418203568793,1.189590744515312e-10,10.889778196274875,22.338105949278997
ACAP3,29.52020513403106,0.009919178178939234,20.9520477307866,8.685947631621312
RASA2,1.5031795057565618,25.15716844190665,14.668858936024753,15.899453691740964
UBOX5,19.896728564181142,0.0028128539544893154,16.803953066261546,17.79280079204928
CREBRF,15.773440207688775,37.714456739474585,15.208078412957423,14.397760459237888
CCNJ,5.496105167060406,3.5735876066478887,25.08880780790247,0.054232477269071884
FAM161A,23.590403531162828,6.575623185367881,19.119130822055872,16.065178809821933
ARHGAP11A,32.943741827102485,1.2691580990330315e-05,19.552267936395925,7.726720614368631
CBFA2T2,23.29578160333238,2.810984715527466,13.432385413108447,17.893899656829603
VPS37B,24.38499670590792,7.248442804877704,17.69626524334731,16.01256612583717
ZNF217,1.9847323684433968,32.05328257159366,4.451718462479921,23.889351842253497
RAI14,1.2568395657078608,3.5351689027510154,21.949652934173447,6.505034320560197
ZNF250,26.670175914413406,16.12053190649014,23.351861339394887,8.134512601927335
TMEM178B,25.762004374787093,0.010755047163869777,22.26047956043298,8.463381010755228
WASH7P,17.368196035361894,6.858361920643724,17.689570085080362,20.72332883387612
RIC3,48.16287893098361,0.000247200941909078,17.98028586121513,10.593046287229626
MARK1,4.267286765740481,0.001402824724973972,19.15929040121918,16.314312219785705
LOC728392,0.0005130698776734401,8.354778162967206,20.282725450011288,17.844849589937173
LCMT2,25.343285756614826,6.64210420657692,17.891779140888037,15.709151794938784
SH3D19,29.101520314022487,6.613046399237892,22.6692419759476,0.05064001920633878
MCAT,15.819292018768907,0.021186272007507268,22.240333924308715,16.846382905259716
USP36,15.604850155943828,30.57794440882872,10.7353083898271,24.085300415137464
MTMR10,72.15367012337067,25.008819376846112,5.172345416583806,21.890594224983847
ZNF808,14.229087922698621,12.45135576259339,14.49056527360204,21.004803562333944
SLC26A2,3.818645208805134,21.348890826199717,21.75991703118816,12.607505218036213
TXNDC16,17.593568452444725,15.735624285063707,20.216048791268264,10.059065984748878
STIM1,4.643075254805213,16.65240171412066,8.885920092397987,29.68833634428373
TLN1,15.465333131189075,46.26794095779621,7.858910844429887,18.259238819531753
MLLT3,45.0528936835683,7.582131292580909,15.925360001660966,10.518294362597999
ZNF607,38.94164683134435,8.225445646706388e-08,11.759082960567564,19.938128259115715
DMPK,21.373126260204625,1.7624892148393277e-15,7.946656076995472,24.422150669120867
B9D2,0.09748553244406147,0.8872731653459607,16.014460816607553,25.129432741856778
SGSH,18.133275094320446,12.501714865078593,11.201389206897092,28.199682733132605
SMCR5,1.9283577693749847,8.53990637201709,20.200568862739782,11.306092441735112
DIAPH1,0.004718021195762614,6.207056877873917,23.47920327998062,8.13583513542414
TUFT1,32.9274603551888,15.64037957649357,19.922229687515596,6.438116097180561
BRAF,48.25910395965269,16.54185137567682,19.68047557771322,11.44316464496566
AGPAT4,30.84648920316104,0.006216916875591616,24.18391987031101,5.922886793969302
PTAR1,47.96680920783177,0.04505803493448917,13.223167340882648,23.389657077962195
VKORC1L1,28.569237949474456,3.531618132283939,16.86233702339089,14.169327536293205
DLG5,9.562528957981307,9.042060955948792e-07,17.90674403327225,17.362299003031232
ZNF667,0.8658028576692873,0.03769415733966501,17.79480780371265,17.95276079686867
TTC39C,0.8914112847081701,10.311229522156157,20.767131444029328,9.619641310151435
LOC644961,9.441847488223997,10.40531139146286,19.24526541492209,10.704289898207733
GTF2IRD1,23.77417637668296,0.1802174056665536,18.879717715207512,13.540262033812182
FTSJD1,27.605923238763456,44.37240004602048,13.774164332516802,15.010454733823527
PPAPDC3,62.580757502186586,4.351166544812053,11.309301987434816,12.863152163347301
SCAMP5,39.815554281623974,0.006412577716893914,20.93805380273186,3.791403760278959
MMS22L,45.022162318542364,3.422428870165945,20.840788670164034,13.548761580348872
PER2,14.778782616635779,14.875195811837772,11.541244282611311,18.067709111406504
GLCE,25.62223663971416,17.558585228903784,18.785178714658475,12.789439534348103
ZNF582-AS1,30.992237187377736,11.305595653242476,12.243500638253117,20.35226146472402
RAB39A,9.912418570178536,30.018825059438644,14.009903689580582,11.033669338688155
ZNF28,13.940000657572416,12.81144901869933,13.148172271116517,22.495305626763106
GUSBP2,51.77782848812886,3.769080232128477,14.796998218477778,11.635626970383825
ZNF155,28.264955296033662,13.49071729005193,15.196324226948152,18.832217406677273
CRLS1,0.4491159371483834,0.05581719630514287,15.582213564275701,22.50202212226446
ATM,17.541339746334454,49.19339019954467,8.733227242865919,11.227555458267215
REST,26.52433971617888,12.679782390928382,10.205881513300586,21.865489342641634
SH3BP5,48.95241855012522,17.55316371911616,16.345379214590068,7.247918902742515
LOC349196,23.22618166087311,7.072163100420182,16.137495639982934,12.001313477319083
MASTL,19.62761901665989,5.063498053113494,24.514137958666385,5.263921804770625
NMNAT3,10.297352306673055,2.0925491421093407,14.906141799292785,16.698085463004784
ZNF224,22.479416145568567,9.624651503882399,11.24865032282924,22.399463059340846
PLEKHH2,13.65697645838998,1.9353854371003167e-05,16.177828502425847,15.680078673962132
HDDC3,6.3909829174260935,11.780208824160841,11.598233742741092,21.00695437044823
HAUS6,29.55118817519116,1.1149117817089786,22.03056379823193,15.489465801560312
LIMK2,26.439618555294693,21.991165130155974,10.980203749970714,15.54367503631153
H2AFX,0.9232619558703484,5.464461602533639e-06,24.548136773728068,15.251743788366088
EBPL,0.001256556062090245,3.3933133603540777,23.245229625758785,17.628530986900188
ZNFX1,17.1691273201719,34.30129508985933,7.328754147278273,26.011924434252343
ATP9A,46.38672867818114,2.0631529889342533,20.614623169578984,14.095237039068188
DAPK1,21.78454548299459,29.466605349108875,7.20913185987944,18.965205566955262
CCDC144C,37.3895643133353,9.17460178437676,14.395835220215139,11.649301717313518
MEX3C,0.47370310449657366,1.2172427360632214,12.697813078093398,24.06927762895892
ZNF12,17.701893725579083,11.670567408989564,17.079181096139532,13.433396189398826
CHSY1,0.07913713424813727,11.764078237757188,11.657875626478026,19.359372126026006
FAM13A,13.842821823849123,27.174744959795618,15.664145594787907,19.034031745423654
ZNF304,1.4402874316822634,15.241452927321527,16.676863876264683,19.589706920928947
CNTLN,29.080280580693582,14.191656209457111,16.204951628073594,9.619142139700228
PPP1R3B,0.7768424171837973,25.16378511790732,11.042088868457812,19.695765399844586
UCK2,15.988524264854357,7.8492715642342725,17.871742442811662,14.540565522140508
ENDOV,15.645772235337907,13.166490946015161,16.17292852976377,17.588731644691357
ZNF829,36.64997192646947,2.751108174515477,15.292821373571327,18.176381804904526
CHAC2,31.000234517271693,10.934251107564826,18.053567427868195,16.26547709635133
LRRC27,13.839569412171693,0.4836700895847982,19.10203153302791,15.756222007786851
FAM214A,45.36534491428275,18.102294706643125,14.548774206299809,13.787361352130072
DIXDC1,61.474587453260206,5.944421021399251,15.57355126168561,10.010109392122727
ZNF189,54.79431567237438,17.72105328301701,13.898850166176139,10.219386970550397
NPY5R,3.4832520896737224e-58,0.009968354786651342,8.487795445361261,15.994656489555844
KHDRBS2,2.0421328977132997e-69,1.1491663849315528e-61,23.869174597007245,2.5623441692509724e-38
CYP27B1,255.73520918743256,1.0219197064118528e-33,1.3411248172113547e-18,2.3613350125485866e-16
TLE6,6.96809774450243e-24,5.4960187497836544e-30,2.6431608494190654e-06,31.586296218466146
TUBA4A,0.3249147436801285,23.74122444369183,6.3669904414527126e-06,31.231593555832596
RDH5,1.648041442422007e-39,7.351963705748963e-36,1.2983501176343772e-12,33.97655732975223
HPGDS,2.4523151173706317e-40,137.8327661849299,8.546929274745881e-26,4.8910004376414056e-21
LRRC25,8.920178191496417e-17,149.6796554207552,2.1460717948353673e-10,3.902334775261233e-10
ALDH1A1,6.866749506647788e-27,103.16778031381153,3.542075772195045e-16,6.340652696492113
SPINT2,1.2234409428526017e-05,148.3849779313105,5.187015820592388,5.154593416677898e-10
CD8B,4.91604619261483e-53,8.716069379197545,8.536618302495494e-18,16.926643578857686
LEMD1,6.33291455954024e-25,5.7594977748005614e-21,25.84475870762639,2.7373841776863412e-11
ZNF488,82.77271412037521,4.09701541212734e-16,22.719494839763353,7.738206190668348e-25
OTX2,1.5466878746739633e-76,8.018679858995499e-31,17.822817951388792,4.615776260726353e-08
ASPA,230.45376024592096,6.789323756123816e-18,1.9894698089229878e-12,8.866201393861704
ANGPTL1,23.492383370107106,1.1242951337492746e-45,0.00014818098767055397,34.86782456544348
TNF,8.381618760769595e-13,142.8852342419075,3.382316689731186e-06,6.248181222582921e-05
HCST,3.1045552420286644e-21,128.52702489945844,1.700732530762747e-15,7.815428925421359
CRYAA,3.1677105896671553e-34,2.1444971989766842e-82,5.361363491481381,9.47646661220919
LRRN2,1.7278363416141297e-07,7.512329028323194e-21,27.02909586094602,1.1501517694272178e-05
CXorf28,178.05137962823827,0.01282533751966213,11.67266233451848,5.445834718711204e-09
FCGR2C,8.545608319800404e-23,133.40178213300794,2.374680007931958e-22,2.3760503417349373e-14
CYTH4,3.48039965933982e-18,139.84850037360755,8.112408307497734e-19,2.7132483929552436e-17
CPNE5,4.7616696373121e-38,1.4254270112933239e-30,1.9280349981150512e-07,32.197293195432415
KRBOX1,33.75553436204371,6.281651927553439,24.5618902370439,9.756011914161355
MICALL2,0.00014823855265827393,1.417307384080801e-17,0.0009605094810204509,37.97648316878144
PCDHGB1,15.50320975897383,4.009044757482311e-12,18.9242529105302,12.336471770024634
GPR65,1.4179719339344013e-15,141.04481185410904,3.561111624194244e-07,2.3434634181755907e-09
MPEG1,1.470297275171392e-29,121.57875301687363,1.9041191564221235e-25,1.8236259235599722e-30
PRPH,8.439175326807822e-28,0.0029247271417555238,11.571994019960556,12.060480131250097
APCDD1L,1.7265942428937442e-59,6.638431315425129e-56,9.009374026205826e-20,22.298267574911243
LILRB1,1.4007233537225484e-20,136.559949570776,4.562196173798802e-19,5.947646761761084e-05
PTPRN,5.6819384740113296e-05,30.60211506408935,17.46293196528731,9.045507936099542
GLDN,83.08236224589956,50.43721363309261,1.1851041253538782e-19,17.2983784069047
TMEM119,0.0682586970115788,143.60024828225704,0.24640660580183635,7.415963725683756e-05
SAA1,1.097984286848069e-06,38.095329471636234,6.774823674440887,1.91990436564294
LOX,1.4953248202177418e-06,21.07885685269425,2.5321935037362375,37.381535703545296
MT1G,0.07168501887167746,86.61829916368495,6.49746499280205,11.97181083504583
TNFAIP8,4.058320814120989,118.65168638913083,0.06213545003732319,9.224297341885746
KCNH7,48.33406501229797,30.547411496584377,28.360082502314373,1.3300171375451422e-24
FAM105A,21.437878015919868,106.05122675954702,8.85510579747664,6.117578157879892e-16
COL11A1,1.6438702738550068,1.3337587462792081e-11,37.58750044185424,1.6124681762461577e-29
TH,3.1779198185301666e-67,2.2396697551711364e-07,8.429521162385818,4.281885388811446
SIGLEC8,21.413415820630384,128.29929790664886,0.1570681006516147,3.9234036826208043
ZNF300P1,1.507882332075038,7.077261416217334e-05,38.91173166611348,1.0137217944282528e-14
CRIP1,0.2725410965834734,70.83283941691299,0.11223227772990506,18.422177493460502
DENND3,6.454525374906652e-08,140.99627894529957,1.0918032762274168,4.476024469007911e-05
FAM212A,7.788637006327415e-22,118.66191414372037,0.06903109334156708,1.073191545190946e-11
CHST8,0.2136869260767723,2.1873934064279813e-21,8.345803047901015,23.910746076071266
DOCK8,4.3201493580323513e-16,129.5975983229538,5.831290551188239e-10,5.1210057195521245e-08
AQP1,0.00025036143993754174,4.388138846371395e-18,8.579853748070098,30.45044006007696
MBD6,64.2486926878719,13.637179039504181,12.742273282900282,0.0003571589248081393
SLC26A10,65.03005494290332,0.017921708339455975,18.340274041626834,1.1914027992409666e-16
TCIRG1,0.011226963243636204,131.7105308440495,0.4717522500836267,14.960312520025921
MOBP,233.1399141270226,3.466683334660838,2.34805932752336e-05,3.329967819613872e-11
PCOLCE2,4.8779141835692985e-12,7.883665863927059,19.973415026037372,17.91869762346045
SYK,1.287154761128063e-13,130.75436784847363,0.00037732473398588206,4.228852026822378e-17
PDZD2,0.003607325511964873,5.379625173338701,8.145959693130527,43.386861200349024
SOX10,19.521269241470822,5.0959202156656763e-20,35.01879929817217,1.228239062527236e-23
KLHL32,231.25720838686365,3.525625919353073e-12,1.8825231752356621,0.9032785091911718
CMTM7,0.5945244358444469,141.26777206715875,3.185018751614658,5.877136429414675
PLAC8,0.0045978289706190825,130.5386401844869,6.134146888834535,8.491004842638779
RHBDF2,0.0004445019811778375,139.27828429396118,0.00011237504041631318,5.152548908131051
DOCK2,6.167990470428091e-21,126.226402626785,1.3224400539136186e-19,0.0001123079372303378
LTC4S,5.37171095467672e-21,132.5820450087713,2.7994664635546232e-11,3.620373185223426
HSPB8,33.608643873646955,0.8952241020693273,0.36729523079816945,39.80533432080455
SLC7A8,8.210089591102773e-09,61.15259895220917,1.437922561143772e-20,21.972573102791916
FXYD7,1.890148883925225e-11,0.2424538465878715,27.342507918909313,4.95616465266852
ANKRD65,123.25748904691116,0.06758537392809343,7.669670114624484,24.206596398711326
FCGR1B,0.0012895429659379226,132.16464863354605,0.03719018332349413,0.00028345655131288344
AHNAK,4.520099599411168e-18,77.48333079710493,2.7577353267110083e-06,31.247040884843386
FGD2,1.8765203812793229e-19,128.01266513125043,3.302317153093654e-20,0.0005379409181474374
C4A,8.792861696865913e-07,1.5240654405678176e-09,1.588612384448279,41.22334539929109
SLC12A4,17.71558307065722,1.5065404302210907e-05,3.2221373077335738,49.254578089950215
NCF4,3.199343905408129e-19,128.8368157451145,9.707026702271242e-15,0.00026951922748710795
SIGLEC9,2.1990417056075175e-17,129.39226767401288,2.152057170022272e-17,0.009514687285022581
ISG20,39.95352181417642,34.479352541164594,0.0016138562062372104,37.30312724745122
PSD2,30.00261781969035,0.16025841238011374,4.802101259250427,29.93406683332205
EFHD1,195.28510623824414,18.437651153727217,8.193382304994635,4.501372733779342e-05
IRF5,2.5195963845565954e-17,104.45737683653296,7.489959988300043e-09,6.960931221430477
DEF6,2.46923255156074e-28,115.34339413694579,1.4754674988296234e-17,3.3142202310763578
ARHGAP9,2.2185104034327466e-17,114.54472965815069,1.2665385206798564e-16,7.343199270415046
MGC2889,3.0139356761357284e-11,3.5578546672219036e-13,40.47333184228736,2.0652225192417793e-14
ELL2,24.057381849285274,81.6420912814018,3.5065589907294807,19.829151095058815
TMEM246,0.7800328113468218,0.013242553123364996,40.76740783027305,9.951282720396477e-22
LOC154761,3.193056066076297e-10,10.044715323936972,6.366961317986695,39.8144531283827
RCSD1,5.4456023754706274e-06,123.77759953483141,7.692057876250593e-05,4.001390369491784
CLEC4A,6.047924674429982e-07,119.0341702287107,0.21401948280436864,10.76270391184621
TMEM132B,15.809166957310055,0.045174303460483324,16.797766571071715,22.829527967183463
CPNE8,2.2286740813314154e-33,1.4990615568664074,14.30566273035707,13.31911832459157
FGR,4.335857301148137e-08,117.8587270911233,1.4894229429156327e-12,6.206253041860294
TLR4,5.078858375767479e-06,109.71654741133597,4.862860006817318,0.07103059463406793
FBP1,8.491798258045442e-07,113.29933097644262,1.3803099760991442,0.003001948248668962
CA9,1.4190562318325455,2.628275614214454e-11,10.859940047448237,31.304910362990448
LINC00839,7.149512372768755e-25,4.510967124249951e-25,27.42479344095239,0.4148215628102959
RAPGEF4,38.01641262470463,3.4502749384834045e-08,37.18939206402677,0.006130634130945809
NDUFA4L2,22.8348785342904,9.295144935644484e-10,13.651161314588487,18.85782244875076
PCDHB3,5.391334915393788e-18,5.250535162315792e-10,26.420442803715137,11.134510200990084
CAV2,7.858735774602339,0.2029374836583407,31.219550464009917,6.894384404475488e-11
ARHGAP18,0.0006519158528922396,112.49944541112635,0.45240829685493,26.8555177171351
ABCA8,107.59655325289009,3.0896174539699808e-06,1.5420308688234073e-08,37.1247684091365
GSE1,15.373839328333668,20.794776563616047,19.704608275740558,20.461187824208505
TNFRSF14,6.762666381350485,113.59679803824233,2.599143871820113,25.849687581566304
DUSP2,0.10961319882023941,103.21993097661625,3.739884052383073,11.636315623553081
OPCML,1.796201034191156e-06,6.623073968121773e-16,35.36208764109963,7.39949075787888e-27
GPD1L,4.505119702423639e-06,0.004288215296678043,30.8639715081804,19.720264826429148
NFKBID,8.989785802112172,111.13549090674753,4.568391050620785,4.164680969858794
LOC375295,7.681747370981497e-08,23.82512681018681,20.602061123666477,16.689601880370816
CENPV,3.5656245887998893e-06,1.6237615432799855e-12,48.548836037709876,1.7740891204433641e-19
CLGN,18.748953897842842,4.035084092603273e-17,34.7414576517295,1.0772361504911736e-21
GYPC,5.314894381994327,84.03139860323681,7.7424151194242885,28.76128317261111
FERMT1,10.257120420144867,0.02834682482816705,25.29193488801602,7.2914183343165275
C2,6.0726066723614e-11,109.88466195873046,2.264556309479642e-05,11.7076284943262
HVCN1,2.7059420252673844e-07,109.20237217336665,6.514877567729505,12.023270252633093
DGKG,30.692557957686134,32.99024294340345,11.205641774316103,35.41721275803337
SLITRK1,45.10713494903296,2.8302945212388796e-20,33.757410498597,1.9912588093293733e-07
CDCA3,0.009595062223049008,4.690787567153832e-18,28.44191252063641,18.708046364533377
LOC400927,42.57233784636107,1.9319074795133848e-05,16.083497435073006,13.117020207669535
SIX1,31.868768550078272,1.3370807756323364e-24,29.27835675810522,2.8601359713096534e-17
RASSF5,0.00015372228815853278,116.48047660826927,4.370934526937633,3.2083004685205054
TMEM63A,200.71535727896796,16.675144519961083,3.098293120676163,12.50541714829987
FREM2,1.284787677871888e-06,4.1968453540965943e-16,27.971295248333554,23.37822114947078
ITGA6,5.323419356381286e-06,12.537142643638255,11.04174765459871,25.053822899635033
SEPT6,3.0274811636420665e-09,35.02622957112038,42.05795159283389,5.231192065687419e-07
AASDH,89.53693592488871,16.651190373564532,22.567332583512375,17.011686318709668
SNCA,54.72346036114289,65.62094012497343,4.198670474833369,9.86080729841411
RAB3C,5.73578411399798e-09,1.9691470928636394,36.65329067088774,3.7314049288939014e-30
DUSP23,4.181847568014208,99.3520139479027,17.513675534395173,14.447560286553282
THSD7A,39.16040484260172,12.671756180780273,35.991399676887895,2.0390275532034783e-06
DAB2,0.0007662926932027222,97.3808981690159,0.08505725193212811,13.920133842177059
TRIP6,13.246142560366822,9.951198047195107e-10,0.42870070759815276,59.74734068973723
MYRF,171.52073846875288,2.243045317086727,10.735094443833328,4.129618633959461e-05
CNGA3,0.17358429734137537,3.5158545688455666e-12,5.226621569437938,42.421366340762
RNF182,1.9772497046986743,0.0002469674002499872,44.986223796367526,1.0956223198281257e-08
PLEKHH1,190.36233322728228,0.0015689690397409453,10.689864495271276,0.0006320631184091035
GSDMD,1.9072280378508844,70.50518367944127,0.001969605187124976,42.87333560973558
CCDC74A,28.38479311164869,6.985870897668108e-18,21.948393918922367,13.125545211512335
LRRC16A,0.01362138554200652,3.8193346789751854,2.148105211913621e-08,51.9054896117884
MAPK8IP1,54.62623653099336,9.512181544628458e-11,13.997893196633367,28.449128558867812
NTM,118.43390671627529,0.20061424740834338,30.950434868345116,6.43410467395736
MAFB,20.980529054769452,101.41436301084487,9.990037505902615,11.953422994662684
SELM,47.47001327115829,16.612918044989815,26.288840535198673,17.10232258704536
FAM107B,182.34368424612597,16.171241685335964,21.337895412534966,1.7487823342459696
IFI35,2.42069322913089,65.33337373007075,0.00033861940779888246,45.91129461414217
PLA2G4A,1.6988597016313437e-10,50.94448695698927,33.09936757295515,2.1296172255053136
LOC100506474,8.892844183229315,5.141401311860205e-09,23.975121485370064,26.880243232899325
SPSB2,46.93794618900915,9.416368448027114,24.180102707714102,23.169337803092006
NCKAP5,90.07449047374799,0.00794530156705953,13.65350553504544,10.332379498347583
SVIP,56.122657920295175,10.25425053327628,34.08800293550174,2.0172686619905456
PTRF,16.79087415385281,5.0208583539401185e-05,1.062529755619651,55.747474365128895
CNTFR,21.68714096557452,2.8976655446645312e-27,15.78947420715386,20.475269502727397
ADA,27.108816784859123,8.106799781112944,10.365404502290184,39.28209841685957
STEAP3,29.764502100691434,68.11508551399966,0.05664896216307816,44.30910538276492
DIRAS2,101.0321867510959,1.866474083104491e-12,15.146653441213946,30.8704166000259
CSDA,1.154006129400403,25.760633895235085,8.787400587633394,34.31422693799393
DISC1,38.12348038825301,19.719984334008508,30.06182790340139,13.722702276890267
FAM181A,18.15386578033326,1.1219911263114214e-10,16.709691927144995,24.3978553433354
FBXO32,27.91520932921567,2.0461899970805977,0.7248988740991213,36.43056874155891
KLHL21,30.406862033491628,13.435767210608264,6.664263430153726,40.177514604905696
ABCG1,110.06680925901989,69.98757365578692,22.556209422050493,6.058153442392139e-09
LHFPL3-AS1,79.20724922390401,4.3246009538182564e-18,31.71709439748936,3.123283542402225e-13
CEND1,25.864278723243174,9.04193682986975,24.466737689702736,24.022660119179427
AGMO,87.46744606740442,6.45267178553738,2.861383764725652,37.74436777056706
SLC9A9,40.302261701580846,113.09458911917093,7.921515859834263,13.617650126921491
LHFPL2,0.07407911428940873,114.19090098033337,9.31757897833036,16.11300136026515
B3GALTL,33.61070539131735,1.6459699042798695e-20,5.613538487134723,50.7190696794998
MRC2,5.373795075295136e-18,15.565684274247968,10.004748745313412,35.446731745910036
C1QTNF6,1.7391786356560386e-06,1.2942314988222541e-05,15.238484176790024,25.42179506977871
KANSL1-AS1,4.6760517898987075,24.235273727445666,6.4761614630329065,41.36147975039182
PIDD,48.24756873341586,7.343501737874882,16.95343516587119,19.16663875994141
RGMA,0.006513961986571777,9.917036061724789e-16,19.332579155027307,43.27665423031209
PCDHGA10,16.91214260427814,6.694043075669897e-27,10.8924698708269,29.910413766587315
GEM,1.4805349025190149,40.411701682803674,10.105241041829713,36.18565571446106
DNM3,88.80193607835302,4.1508956283935285,38.558127309069306,7.515378114639752e-10
PARP14,30.4016294727455,77.12620846439361,0.29099731999128164,40.53338498283463
DTL,23.800262315559362,3.593079309250154e-14,41.089338058999296,6.177853766729066
CLDN10,84.1819734311241,2.602685469392499e-09,0.04338623299774817,44.6531654448023
SPR,64.82622721879171,14.2160069525822,21.601947795494667,15.981059905749717
WIPI1,0.0017323867787966314,86.78788850660496,4.895563833649067,39.1674898823472
PBX1,150.2118979890021,2.0445839156934236e-07,21.89364739706787,17.430568399703056
ARAP1,27.89190633262913,118.37670140771446,14.448226780331487,12.264820626855164
PCDHB12,10.695081282804178,9.534069282551103,34.66090898322717,7.466048819338129
ANXA2R,92.04708314748561,17.017949468749038,14.193264970876491,13.509405407463777
VCL,1.123703025445942e-08,21.003389666565138,20.401002965584244,32.535756728283246
AFAP1L2,20.068770949384238,0.0013062885910538116,36.19506347593616,8.410542939481151e-13
SFRP4,84.6504254821307,2.80752282039082e-23,0.0002724071844381848,39.00297750463601
NECAB1,173.58124275578146,0.022538698417685975,7.05406804070142,12.206246361512447
LMCD1,24.571564665675492,6.738397490062234e-24,19.71663111875331,28.007298340000133
EPHA4,35.110423620723516,3.257275117966751e-08,19.714673973956856,33.85831519358821
TNK2,75.77409577781579,0.0671119734335678,18.70197093646976,23.953268149227444
ROBO2,50.83709771174713,5.60218760269127e-13,18.895293160379648,28.35946480465351
SHD,64.80079178257061,4.543134790744997,34.598639921246544,4.1606786859783593e-08
FAHD2B,185.70576876870658,19.0012892916421,11.82745257771348,18.825749297659907
DUSP16,28.97953164957242,1.705903568193293e-05,27.85162025531278,12.281994702566843
EYA2,2.33362430800252e-12,0.012347799184215746,5.501253358255865,41.531330484507514
PRKAG2,1.8571473445222144,67.54585551583662,24.513238772146327,7.986533060026675
P2RY1,0.0007986916903081147,0.0030602320868012476,3.194971519954171,57.29342664771232
CCDC102B,75.37716678528645,0.0010869456864641143,0.000136678851976989,40.53059751749215
DCP1B,28.49778035245754,1.631486550728358,20.501353468352157,27.571902691345215
PXMP2,12.64290516571679,1.2426701575015521e-08,26.974544379930045,24.477221294802728
PTPRK,75.41960219761813,19.475971944045703,32.23993499441677,0.005123671999746622
SNCAIP,36.77014226787172,0.00337175568644022,30.920783257175447,23.578888328805593
NDC80,2.0947650302768928,3.8656286991122745e-08,41.005825178449975,8.685093527038292
NFIL3,23.110017692017518,55.99670049291709,19.017306134755092,16.592984911255606
ARRDC1,0.006280343214322918,98.73878124810797,11.567381390040536,17.44452625761677
BTN3A2,63.90333513889418,49.04932423661288,7.2311437878863645,38.814999819462315
MYH9,0.002830475453462573,84.03159285855472,10.60889096082992,28.941784840102898
KCNE4,35.16777808933773,11.480318072619431,6.404650579293372,37.298404403079736
MFSD2A,0.9203494645326519,0.037610689128423,33.86127180168464,25.67552928030605
HSPA4L,35.24427069671919,0.008942175177782972,22.952332690109767,17.955690064494853
CYBASC3,20.165101276654376,98.07462006346385,8.287841271151871,16.67263086956979
MIS18BP1,3.1587537521185055e-06,102.71611740036913,18.186416615343838,1.388725336284399
CRNDE,24.025206914823695,10.12660186549622,25.150966667833263,21.494738949898604
RASA4,17.36791465337341,32.51697910735644,19.332272620468384,30.738126761591225
MAP3K1,21.595280934471923,0.0003209329192268958,34.73518644814685,9.708329156444131
TK1,0.08667974014336047,0.008509172480686002,42.95101716783486,13.151728398851079
DNAJC1,0.017012885501447503,14.376553040126291,35.847432282202696,16.435053842316115
PHF11,23.727018444434943,78.21873300242714,4.5566704337409165,35.79602131684299
OAS3,49.44074485465817,20.85954454926658,3.2085955576875507,35.34928091279171
LARP6,125.88941696024398,10.685238154731266,23.62545956917862,8.912650708634933
CAMK4,51.13444394605622,13.54370007261072,23.80099365466767,8.319992508469603
QPRT,71.0860064003035,58.29847024882382,12.703629683891354,20.304737234760765
TACC2,6.417931313906167,1.4983112089980143e-13,37.94146877484176,8.033258699998251
CENPF,2.9016250115162667,6.166379585381382e-13,42.28127421391525,0.14212075197207052
C14orf132,54.367213742337924,15.72588799250407,38.63545980583068,0.15171510251460907
FUT8,88.40628369357651,8.757610717454865,20.093183760731563,26.50394046450936
HPS1,24.25396247585216,68.97146296334502,17.51719719630995,19.416926511039126
SNX22,38.28319047871896,1.6641175754739728,38.79546128763821,6.710389610889937e-14
PLEKHO2,3.0112767925337827,107.24895659459393,10.476603648898127,11.993703189367688
TPT1-AS1,20.948119674199663,1.9871551010938815,21.765514882387944,27.482298901735863
SCN3A,18.639914395721668,18.905218598945808,39.73650329348466,1.2177065433101816e-11
SEPT9,1.1686315490052074e-07,2.641501227860466e-07,27.618935137057573,25.41091752850147
MANSC1,11.188878128928403,0.45124328441745326,24.136564081164515,25.474295276670933
ID4,29.037876477675823,6.256405904813723e-10,23.119854959773605,34.01502666999624
PPFIBP1,0.030883954817335777,7.06904030512478,29.1125922874858,14.099348783585157
CAMK2N1,83.1005770574141,17.62110769699839,28.941270829448097,16.858619599413046
ST3GAL4,97.25942969112663,7.926168733503644,20.856719949682727,19.237035763143762
FAM20C,3.4025905072593816,21.64969710789309,9.430166664407365,37.5543662537365
TSPAN4,0.34614650626318383,49.26030766095054,10.42955814972765,46.101888334931694
CDC45,8.924668497176128,3.0739404664972655e-13,41.66021134996711,6.324396495676864
AURKB,0.9906682636915725,1.3883287901524807e-07,38.18207490703095,12.674714752130846
MANBA,0.8919288415596326,104.4057368937589,10.578612164000548,19.46532101387585
PHC1,3.8756595848012183,1.0278843392490398,37.58041662575541,20.355769444937803
OIP5,0.006103967544574593,2.3618424622839575e-08,36.87971230852197,11.9406438513137
HIVEP3,4.280964095884541e-11,29.695517343328525,6.595685395165103,37.22817264534016
P2RX4,32.103975696998454,100.28373201370856,9.819914504325263,18.781229263837606
MAGOHB,19.30462509975999,0.09663337294539917,28.724635412755728,24.287271456330405
CDK5R1,1.166981557598309,11.151447617863369,38.68646314143344,1.6199906944452105e-11
MAPKAPK3,1.7652068005161328,84.40695192281909,12.362276984537596,15.654858122481878
PCDHGA7,66.6287004075525,0.3440019737252446,22.420498927746188,22.89047729614028
SLC38A3,55.33422222673538,2.368390602555675e-08,16.033900449072807,39.05259224926956
EPB41,35.1318338864258,32.98509872991449,31.204714190665705,0.6157935565901018
LLGL1,131.0793241366252,0.00026096779271117234,25.37836970973599,21.017243657780934
THRA,65.10829574573343,8.63896479153389,30.82390191224843,18.754900687743643
RBBP8,37.094633034280974,3.338991579115258e-09,35.8758308873433,17.970316301289532
TRIM36,40.187628455755544,11.005280023619317,38.78430887910245,8.317425582476812
FAHD2CP,152.1957073410811,12.551858456192404,9.296891913958092,25.86178665546646
ZNF154,44.761284653216386,23.671523113572867,34.10470536746358,14.698425553900943
CDCA5,0.022937406880023097,4.288060277794104e-08,44.14829102523598,0.051613376853292516
RFFL,90.00108360449352,11.01209502248618,14.332980821769254,32.49797948228853
MAGI1,56.8115785252054,0.003760614921514857,46.525206424083635,2.401001383919445
SATB1,42.939371787277196,17.117192757090336,38.73834272146791,2.245905502538561e-05
SULF2,30.25612048975602,1.8801786158889628,37.270555165550526,14.387932867300584
BCL11A,16.5691758573043,13.375534403587976,35.63821782367362,2.053270625239447e-12
DLC1,29.246497567394144,0.16062820358424343,8.227225354244254,43.76470954050116
TMEM150C,7.657298825857046,0.001057061795595678,37.88321480642421,5.1563710140640495
IGF2BP3,19.109355954694983,0.23022487145490336,32.2506711680025,22.749970383318672
KIF3C,31.119713583020186,18.046876021019507,43.542592422231714,0.0002637868517799613
LMNB1,73.86339521478642,3.616997002762434e-06,37.71519340962572,9.885687787015051
ICA1,38.10599512742866,30.699613696044125,31.29772320302724,0.4849680897490159
PXN,3.784961300479567e-07,23.41531802661444,14.071540003104865,41.968491101684066
SEPT5,0.0003651017482702995,0.009379261366315289,37.35826915836885,11.310673016912737
PKMYT1,31.007605222310684,2.1851545592639787e-05,38.567254575106375,1.4285799648643795
PARP11,60.990127134604215,0.3122665233307697,29.998181399331134,14.684746592140066
RNF122,39.386458794706385,34.47850553831205,32.23016594985714,5.543564072802936
SOCS6,0.49299991238916163,67.3940497208829,18.578124639032463,27.027486149924023
CMBL,22.52191921979634,0.015635426832475364,32.91949857076463,21.221351016610335
ANGPTL2,51.18280487432991,0.362662155640857,26.84970097531481,16.792099691283983
TGFBR1,0.2673637842991735,88.45282765066816,23.33908373433661,6.6913471894817285
B9D1,28.37365758698208,7.562594525956327e-11,29.196570079730932,29.20080938753173
LOC100379224,58.23127335615135,0.0001075998976448305,30.026740562688037,7.5519285095676825
KHDRBS3,27.32221883972471,0.2486223291187767,32.84707677661951,15.217835338929271
ZFP69B,52.75284374596854,12.885166102352702,34.87801193237352,5.0548643051803516e-08
FAM102A,136.83322399295372,5.323922778508006,11.561791170770585,18.885743419874885
SWAP70,6.771035576162291,66.32438672356814,10.179511911501152,39.3107457801232
RHOU,68.42967598689161,24.094428501787416,13.789049056104044,27.60061911244326
LOC400043,32.9361026665301,30.120666273049483,29.1872557020007,5.425006686685606
PDK1,29.510814789444705,27.42053470525707,28.733346968824566,18.746617286688743
FAM76A,19.879614254268294,30.788339738655218,10.853627594041445,43.904570255605144
DDX11,31.83229872046127,1.9875827711284124e-10,29.829497099941435,16.864957645988056
ZNF550,31.619844022341873,10.476925103291958,16.21383732865703,35.630873198848455
ZNF415,59.79465617693145,6.769221290410087e-16,24.042699781826336,22.606073620860485
ADAM22,78.4397019995531,8.000021400091356,28.751939488280648,9.03681402399723
C14orf159,35.27521886764745,57.69829706831974,0.945785340942597,41.4788015019636
FSD1L,1.0523053113797483,1.327774896791905,38.041111012036374,17.280098908686217
FHIT,34.27253440900146,35.73510107736702,32.14312976454326,0.0009911211220701166
KIF2C,0.0781738545987367,6.348017255335167e-12,37.15888351365297,7.622183635760555
C1orf21,0.2668538478911536,9.55318166719053e-11,29.107292830890486,18.221120526051216
PTPRE,24.700223081167263,85.10836782515273,15.39550454743934,22.48124246370975
AK1,28.968453802586456,6.44454504659937,43.72896135750883,1.3363122692732274
EGFEM1P,39.76914116743137,0.02122312495465924,28.033932646304375,24.073010583871426
CHEK1,31.993715006944253,7.5153095872357225e-06,37.35875858724862,16.875548796894506
RNF157,0.7980172984923697,7.562069567106158e-09,33.62071328222033,30.064639676918908
ZNF212,83.74871368650199,10.786857800027976,22.65548615513822,22.68008708965438
TMEM38B,72.51742447456212,10.787495369738588,24.53323753895794,29.544139149837545
PAQR6,120.16649379037034,0.14919289114623022,16.90855336801001,24.076441560453986
RPA3,32.56909639813092,0.2126007222748095,31.178926142926983,19.84841284754449
DHFR,6.006520433163981,4.821645820307464e-08,40.32041441234498,6.844318480410316
SACS,30.752319175999684,0.0018367557172137615,28.370259871596375,28.463932615825296
TIMELESS,28.126230398422464,0.0013676928163929057,34.41841768419792,17.40180563780106
LOC100129361,28.162733352678206,6.4548399833841215,28.92839274815813,30.138604590672223
MGLL,57.45657467311444,5.2786777008805545,12.123342112133848,36.43641125810139
KIAA0895L,22.91241735105002,12.182165035631744,37.52556382377339,10.562684166861253
ARL3,4.672600151369008,0.005921365341444997,37.998568924950085,23.193701255829065
DOCK10,103.3526850056571,58.57273259595746,21.672314657846997,16.301748694334766
CAPRIN2,0.8574020281408382,8.344220958915649,20.09555487139684,31.145104035800752
VASH1,38.83994547628767,77.96093970338609,16.209931547393705,12.637592539826668
MRPS31P5,69.81208837139442,7.264968109454133,33.27809280010661,7.332705130510301
MFGE8,69.76987749603954,9.215842385704572e-10,29.347668154458987,20.205307678404168
TRIM5,41.6445784211239,20.35986076497603,5.140053775658272,41.16992513670265
FDXR,54.4829025889736,1.2865090993954793,13.997160802611834,32.11659835193794
PDLIM2,0.006271361720278019,7.970758513885786,22.91419369378233,35.367338581375826
C14orf23,3.597681182255109,12.80236800748598,19.686835809524165,28.36356513204566
SLC19A2,72.75506268447911,18.724306098935056,21.707885173952914,23.077912076319706
TMEM194A,23.22025034861872,0.0028397546263738377,26.11584936545536,28.20479745601834
TMEM231,2.086349730053953,2.6816892119214357e-10,18.896229417677752,44.53867810812907
ZNF74,30.90367939600413,0.5270783905397043,42.01391677136741,1.2806639394003105
ERCC5,13.100165836815668,33.2447865370155,24.567816814988564,22.963533807242317
GRIK3,62.53365266897695,0.001716754586810151,27.367732818692083,18.52368619387715
ASF1B,0.16858313069169248,5.18533480243141e-07,31.615591397740932,19.815666025489584
SLC39A7,55.54831761233259,7.954902436891502,24.169920125465506,33.28267686562024
KAT2B,78.72989731836246,9.653583224893378,15.494445136117754,34.344932239326354
C9orf3,72.63680432239747,21.36297749919339,30.24868554844354,18.904939566162565
FHL3,0.015474976597315008,48.88016723209101,7.514902050717459,40.867875012921495
RUSC2,50.87517990483217,0.08695269901902096,37.76468076312548,7.870847208975583
ZNF443,14.657362603883675,0.010265609467181875,32.30941441342668,23.531597834035143
TOR2A,0.21329957402594946,70.53528194603147,29.6474531044551,15.529447600538893
STK3,67.89840190182119,24.075572222650713,11.355056955065336,47.087038021168446
ZAK,34.58596637743953,20.815140537731168,34.541593577969465,16.966715177245657
TMEM140,109.374080981737,33.50390348388793,11.804829965673461,36.50999832822453
SPTLC2,91.73413224484429,69.48786267675128,16.534639450733316,11.152686270254074
FBXO17,33.74706809033051,0.00867785223857432,15.588910003983667,38.473825294696255
SUN2,83.5645764648294,37.11610333855024,17.25537398447522,20.263326986201143
TCHP,56.265386807356684,12.760116543063319,27.99182765601277,26.73374229254308
PLK3,0.518664079357903,81.6614368365651,12.170725073041352,20.832306624181005
DTX3L,50.34158080903417,42.095898942019375,8.7309952680464,38.253454801634646
SLC12A2,113.08077205129825,0.0105386179122026,15.66974797902001,29.772298441391822
LRRC8A,19.546527168644058,5.925318173998971,21.566413815646612,32.243639493300094
LOC100506990,38.403887890484334,30.735293258536505,25.784169932775463,22.161250360757336
FAM76B,33.03826720896615,4.549190999047577,37.638836420299285,12.830511439187376
DGCR6,45.72649098817912,4.311829898631108,20.63056866616657,24.962869281092907
GATS,64.60532684569343,14.43506233397093,35.64283399617692,12.056641741133152
TNIK,0.0001504117532616939,4.920352620323534,28.643712108412075,28.6269717068972
TANGO2,27.473685241083356,79.6808021669794,20.862375124434955,25.869206138526422
ZNF20,62.70626505378584,3.359439208711405e-05,26.74918421165977,26.180849795654172
BDH2,17.764084381774804,0.011187283697544648,15.814483108230794,43.86227852397883
FAM111A,38.83554964880038,60.09666152336482,15.680964686514484,34.30860278218513
ZNF141,17.460126306437996,34.26599395405719,30.776163386177586,25.580823290464732
METTL15,34.644935735812645,23.585416225863185,14.663182132218123,44.61612740040851
ZCCHC24,68.72308295156756,1.383369695842319e-07,29.65316656870386,15.311949039098723
KGFLP1,3.4308346154984393,8.09352592968822,23.892069981619755,31.831712742708834
XRCC2,38.41148400393538,0.3345901755137404,34.709283158259666,11.78149765623141
TREX1,20.35054975354686,29.419243326368235,13.79996350598518,47.636154198961684
KCTD10,6.352185887291804,27.11682226041505,37.9027453661268,18.07586848681041
ABHD13,31.826603036692507,27.14113079404603,22.285247006678432,28.41869901670154
GBA2,57.90752166829169,0.001060232795653782,15.798951095407524,32.96405200879438
STK17A,0.9591768544063128,5.576354849768083,26.678592943636115,40.88392789425982
UBXN11,26.605326403079196,45.356705556380604,13.260679869433064,40.24045012286342
C1orf216,15.130009107775106,12.960719829227566,40.74782990338982,16.614828204208713
SV2A,14.06005820396177,2.6828161638355212e-05,36.64694605639225,18.403191102003927
DHRS4,44.50486454791631,65.56491234665567,11.047586246766295,33.116194862815824
JAZF1,30.374003225656452,35.21166187325874,31.546970558137787,21.75846915612131
STK32A,0.22216674104224085,5.3681251341999,22.52419108527251,32.816283632891775
DCLK2,19.313117466329878,0.00036383143805392224,33.146075540885505,22.6482542046902
ERAP1,14.750174581700266,54.8896528541294,7.420615036336036,36.68228993886435
TYRO3,83.26861531390168,5.808447119011161e-12,21.067587722378835,27.441649210103133
RNF219,34.55789686162875,20.750166159291357,39.877824664614415,10.308678147275861
DZIP3,0.7409339802023012,17.685393549090744,36.9804830917444,13.01070029003774
TSPAN5,13.149203242045663,1.369708397008341,30.455426927441657,29.4659408517278
PRKCA,1.4087237158897623,6.806082108739395,30.028310234290586,22.210055005486648
CENPL,62.905996253481014,0.00187742737366027,28.979998397453386,20.12033726184588
SPATC1L,39.80695923232628,0.040418563185768565,28.58431894371033,16.61533370891611
TMEM159,1.7764867871779153,9.538175070175695,33.58194127241805,14.280111567338855
PHOSPHO2,58.83439020037765,24.66795812174739,30.388081571194633,19.754848136922778
ZFP30,45.17336558941568,8.581507877144464,27.66590571413026,19.89564780796461
RRM2B,33.401256030036116,53.04250921561656,19.663922594124315,27.06979347088203
ERICH1,1.9704541133458835,71.43019582403076,22.969349712755356,15.322081685781958
SFSWAP,23.257753108023657,4.7001427749857925,32.471628222645826,27.299355948457602
ZNF324,38.6788651086293,10.344165538948749,24.008517282851688,29.050073142649243
TRAF5,0.04638693292597263,11.807123968313482,23.301804290846405,25.999905866921925
KDM4C,53.16707544379478,39.401699625992386,20.68380742966427,21.6216624922485
TRIM23,84.89206560588902,22.617576912369483,21.52010513581069,27.874179402330107
STAG3L1,41.03065013727062,23.245763822467264,21.788435405892905,30.169745091443364
POLRMT,2.6140130727846747,0.0658262518415512,17.02502182368948,40.495030929867006
NADSYN1,58.897197997242145,61.23210176821505,11.112707421436436,38.3611236207519
FAM160B2,2.402262959748033,11.606962268059274,19.054909425098373,34.13065783064013
BAI3,20.46194333250552,2.910791165447638e-05,34.32451646940611,22.852880296107195
MTA2,23.197349061564896,0.0032832804453542396,43.022207115065875,14.127246492264694
ZNF614,35.930344412506486,9.5259937804653,35.51746226978546,18.458800754110978
CELSR2,66.45066971755953,0.0010779396025993944,22.631741972147683,22.194853258144075
GPR155,25.152094792773653,58.37317476800964,33.214555608545545,9.587462961978057
RMI1,47.80638572295655,11.558475651834284,31.905858564992332,9.630256430181154
NFIC,11.884248956798928,8.235353332020711,12.628895060958747,44.66895945203944
AGAP3,42.610487694361,21.572144251287064,31.554844899221255,7.529133246105973
PIGL,0.049845265435483586,20.82064974291391,26.88324111794097,32.59916716167572
COMMD3-BMI1,31.820321640233043,30.36583659463044,32.91439629184918,19.491275620717172
SHMT1,18.030037437027076,75.35938123972475,16.884611037205666,29.707913438505255
RBBP9,9.853768599788125,0.0006218336300708477,31.403143084465707,30.731725567129104
TACC3,0.16307687675060323,0.633198878682362,34.00803933193239,13.542205868348635
ZNF428,0.013330328379793536,2.650672014521889e-08,36.53564150845939,13.850159607886228
SNRNP70,6.975022605712987,3.7001252958794186,28.121085248180723,30.587621872945757
ELMSAN1,32.27893003381044,33.14043150529137,20.11638042986232,31.996292889974217
VAMP4,26.4479363592995,9.327097110825097,21.348522502357554,33.11861322406646
ZNF446,19.214522341978018,2.1952222925062608e-05,20.770092318403158,41.88614745436312
LOH12CR1,27.7939850071874,22.0266752423894,22.77670042681856,21.90682473416402
LOC100505783,17.72283868179838,2.771640119761909,27.543473865362586,35.29416493395879
SMIM8,16.33778749642701,8.371057017401103,34.50639958755231,11.036830162703676
DDX55,54.09446573024009,11.6618557896771,26.43059143150114,21.78612175074816
BAI2,30.30704571274,0.0003092630251167491,24.473751937098502,28.972556577959313
AP3M2,61.36778814425834,12.695435267541082,26.48073648583882,15.476779013890352
EIF4EBP2,6.321033533064611,6.525805946983673,40.04039461229169,17.185324120777484
ANP32A,0.8557605364244734,7.272812648549497,38.43150850725817,20.81249733647392
KLHL25,0.10009894529302941,1.195166366165403e-07,27.05247544591312,33.036486984819
TRAPPC6A,26.898122097694113,54.39086573858158,22.277978480227684,22.30959347662894
SORD,29.065683042995627,0.008587525398613014,29.825806161748616,20.46959868256548
LOC100506054,33.97001849408066,12.251396812864002,28.26479373087526,27.37490981296905
ZNF767,45.10781887382092,21.46353818185055,21.88860302192675,22.037965171783867
NAV1,74.17455574862359,0.0010654743744536556,30.956262235813096,17.725758028690027
FBXW9,0.2350994247055183,6.83931849296366e-12,23.64879307474556,33.8890879289327
ZNF107,47.39796260686446,16.21667194524388,27.87188414111469,17.28746384878425
NT5DC3,11.418359412550789,4.304732506011429,21.39319945808826,32.81797073609876
SESN3,23.345292725293454,20.351943019488022,23.966204490592954,20.68266994384886
STK36,13.419293384250686,9.561533813793497,16.91213628966275,45.48333122186242
PCGF6,46.62770085554678,6.905975991834619,39.413949281441376,16.701245884007275
LIPT1,64.56627124643944,21.07096146784422,23.19419980149288,23.265668001267507
SYNGR1,36.776933584684,26.812533081870036,34.3580505971683,20.105359349342983
PSIMCT-1,33.37856151390551,0.00879991319260582,33.93985758708321,13.199641394533149
WWP2,16.124784042345983,32.785811085318926,35.60639134068204,19.836176055439253
TRAK1,46.31920495801381,25.818503753557007,35.022236043621014,10.989870475462459
CARD8,52.5249978082161,76.13619562585342,15.296415464686817,30.06492957112782
POLD1,1.293355611095233,17.15235175904949,33.50630353384649,12.421051464401872
C5orf45,59.169414764396656,3.251406547397043,18.981270912786286,35.05027274841595
NDST1,91.40117964755748,0.21056000413175763,30.577071784118782,25.51781104781811
ZNF700,0.3218704247527901,40.6885439321657,26.818345951664092,26.290271382940816
GALNS,25.80253190194835,21.3446947163233,19.635692977121217,43.2645776387987
LPAL2,39.9460171267146,28.910972565773612,36.48120984769024,14.971090791351001
P4HTM,8.354430537510133,10.588651263676313,19.84788242132112,38.784407715560704
NAPB,5.01068995296648,32.78156119954293,25.70759599206488,21.945069341104478
CTDSP1,46.071919922025415,58.50243072290788,8.260541546341866,32.94786963179809
GLRX2,20.021736059125818,21.795687506823512,20.22875221194605,33.45093522475464
SLC41A1,42.69077250130845,0.01252469367188331,16.61250886366364,34.84419631360304
GDPD1,52.31605649728745,19.78207662830529,38.05488629747268,12.779828927288305
ZIK1,40.42462066908591,0.9452399414038386,30.45158938573872,20.07371206057973
ZNF805,41.26081220139514,16.90414168486274,13.136653347249446,36.73248757309364
GTDC2,0.0004503233890637694,1.408858870566073,37.46248781442146,18.907962604489967
MTA3,108.03746494063964,12.755602333077556,15.20105040037361,23.482381854089336
TEAD1,46.23669813777568,0.009451897487454224,26.884410948888945,35.32437049702613
C4orf46,53.226437795666854,11.511110313373333,38.029598617711386,12.599408964716615
TRIM14,52.17101797060585,54.98664334115496,16.488657047383438,24.344909563051345
POT1,65.6454066436703,23.47263396172143,23.33764634284601,31.96042267488759
CEP97,72.7250826792079,0.48442578270489123,32.2419352700947,9.247005608930394
SMARCC1,36.80060352599344,3.631093154343604,41.67080523012042,12.475302397593909
POLA2,35.35344613338257,20.192247900200986,32.48405099011258,14.620204802089711
MZF1,0.00909878869221141,10.413206886931052,21.053257485630223,33.884065675318915
NENF,12.804341686727382,0.7770722303430417,27.2174797980197,29.536865513528493
POLR3D,29.758335626407206,13.172778585018191,32.0321588859824,26.398971202374398
SPATS2,18.383216536759743,9.602548318605828,40.070978774108525,15.496343072709193
MARS2,91.17124357575945,0.0980530376315296,22.702874874156542,23.64676565688025
C11orf1,48.111810596750374,29.503122816262742,27.521221307736507,26.0538226692652
HHLA3,51.44294373346579,25.579984529885127,14.111600775325176,32.76357037707699
SERTAD3,56.57447150916593,59.660717733352335,15.450644980887455,32.2229994846816
DNALI1,21.59407282708292,2.1377874829394213e-09,22.380241172679852,33.38893880769727
ZNF789,71.45330805820028,16.860754030766458,29.408159220011694,16.78928868017012
FOXRED2,36.399850037877215,0.0040116663429321025,28.74294365239647,22.148287281196424
NIM1,50.12242347511176,1.7891264464579925e-08,28.077058653973367,20.75815418313847
SH3RF1,14.937282693870824,1.9004135015353616e-08,38.1380865892619,23.047375790938716
PICALM,35.77554350001219,71.79829731366254,21.874159585973523,20.199925173454794
ZNF671,48.41520835989888,13.3900075243559,22.134785035055017,36.873622604309354
PSEN2,0.002277227618043279,28.293801413223463,16.802315879108416,35.97536978782513
ZMYND11,3.142204784047661,17.814107113399665,33.23717227425662,28.8732974020633
TRIP13,20.044994451925017,0.5548046094839902,38.08349471930724,12.449013678223602
GYS1,2.766824498980062,5.8759595183812365,23.336876049869243,39.015827144394876
ATL2,32.69156377327294,27.62660189996152,23.642440099005963,32.77568644215037
OSBPL6,38.48197731481841,0.38298265969462386,19.306324377717008,35.15422654512347
COQ3,0.009862892205154943,0.48201750660074216,40.10147682340552,18.284769702254664
LENG1,9.148711867713068,9.635596867202837,18.017314266922703,42.07760686409955
IQCG,28.755678488900262,15.62536534190476,26.252096358460946,32.16557023014116
CCDC112,19.458851598939386,19.056047208688724,35.81720203419022,10.18128495570931
RPP38,32.62204840961897,21.447900857463246,29.769598556899236,11.828511917786644
GALT,1.5565041182223411,39.11814447247944,22.099952724356257,23.04692997722535
TTLL1,20.490792049788794,8.570655543799875,34.57512628022266,16.762042635093316
ICA1L,72.4413196244142,6.4330811555476615,27.09958609999244,25.117751197317773
ELMOD2,0.6912199297089161,34.51770324645149,30.433504495344405,27.129004734445466
TK2,22.773629092019622,53.01621155427226,14.473734143259007,34.284822327057036
CENPQ,39.18097570101797,4.920500369359927,27.022980883819997,23.318206397999813
EXOSC1,1.9212045857435618,23.223400084315248,34.894859956160545,21.589068658996165
SMG7,53.187463571620754,19.6332525641853,24.21977851052206,30.516082961072577
C2orf43,59.448945306046234,3.411813031055269,35.490746718616656,20.660567191296064
ZFP106,58.521391765421434,34.561049866303726,16.959492699312,33.45156863418888
MXI1,89.30352664559511,11.788395312123031,20.296915444094758,19.060702499723888
DNTTIP1,0.0015625915177063547,23.877477498611864,20.911576439816525,39.073278556341116
KTI12,44.3516998362338,8.446794180452235,30.64057937781944,27.357229220514718
BYSL,22.250770678063006,0.05061821468865352,40.16214750625208,8.966986245020273
NAB1,70.1520189239502,29.95534059320865,22.334675227943052,20.114980671229386
SIAE,31.923463115413043,16.914122001376505,19.94238068437048,30.1875298926562
ZNF350,13.170114933065616,6.971063992076371,31.25215776794562,25.476331929538983
ZDHHC20,79.23024286323857,21.297152531897243,28.997503750899067,12.241546597535683
ZNF528,42.20507575017196,7.789728199468863,27.72866816530485,26.978682436366093
ZNF17,52.76541204822248,14.086943428858604,16.92464368540879,36.76125215122045
WDR91,43.89724223104415,50.60874516197788,15.379727770612538,27.153926978256415
USP42,46.57078906518027,14.792389896290691,27.99571945224794,28.305699965425653
CAAP1,72.34045568949037,14.366965204252663,19.629597517174144,24.271710553056906
LMO4,17.6200396756516,6.289896324895493,31.355175253701553,20.81611973890891
FANCG,14.817647757934852,0.0006672310067339042,35.19415905035756,15.287035961153665
GALNT7,65.85654146247423,11.028922290950975,14.527863851149219,31.573140400885208
SCO2,31.871627844707398,51.197639308944964,17.15277161050939,24.923623426250433
IMMP1L,13.90626322016608,1.4717341399242576,38.42884391499618,23.95203551445416
ZSCAN25,66.8308986367426,8.132916850507621,25.083877669103927,26.838750832366294
CISD1,5.3289547456230775,4.263229835755712,36.06494970699172,21.47705798783841
SPICE1,51.61254166599895,0.013550312985958823,17.85472344493772,36.5297919571078
RNF44,32.92589569336508,45.53121424723996,28.218292993047783,8.002793635161735
LINC00094,0.8176622988854353,3.415503980711108e-06,32.00849154501821,30.141487724942348
ARHGDIA,12.794688808183906,13.32827190423114,33.98289862651914,28.234215938640265
GTDC1,87.1640539254297,11.092629971843968,28.420091940039647,18.87858160531248
PPP6R2,12.599905178057783,13.179262083839408,27.27425354189895,28.360839591950743
EXOSC2,23.235924756283662,5.872811537710865,36.21863476878148,21.287917044376417
C16orf70,40.00683983678583,61.621922734460654,29.493889024715102,16.01421872706486
PREP,0.2559587836060594,20.62042472302955,41.469533816071156,15.628582806890241
LONP1,17.853900982825383,15.620428619906436,22.262869991301173,43.93989127114398
EFCAB7,60.46017580709701,19.0634512535916,27.517201910433585,20.04725799985142
P2RY12,7.73389110380791e-27,749.2384455574994,2.2189289482027138e-23,1.1043221476884073e-18
NPY,2.8108481336482073e-14,4.3964706415518706e-18,104.61438792598999,3.341959393242601e-11
S100A4,2.0559327749707145e-35,677.5764013405133,1.6672078039086054e-22,1.9575481403339166e-07
NAPSB,1.601908409727669e-18,765.5952772002219,2.0949398420988156e-17,8.18887960231429e-10
ERMN,1303.2959724938116,1.7925462709625806,1.7858739811601265e-08,1.331153741497023e-06
ENPP2,1271.0079873005056,2.458977377698993,4.822760783888981,3.0593583729518135e-09
SELPLG,1.4368151081926235e-15,689.3649930559097,9.058941370042465e-19,9.857787858869865e-12
CTGF,2.4236868775212437e-20,2.8100024352479135e-13,0.002199988663519095,137.10143130366114
PLXDC2,9.058888554010034,756.6994472462545,1.940586780926159e-14,25.731586044218783
FCGR2A,56.97974140371814,767.8885753598901,0.2567595787107096,5.875645078434774
LOC100506844,350.08189884205575,37.66518998490421,87.49651683231671,0.0739742465221626
NME1-NME2,132.736599446155,3.415997686653727e-21,143.18756466444418,0.009612180176825061
FN1,1.04955649805625e-05,140.97680232021298,33.66462326605469,125.78922559079768
PPP1R15B,0.018453564305626745,33.82739059114261,156.71238340948645,7.506528846025583e-05
PIP4K2C,352.31006082116363,52.04504571436579,82.30791026697358,0.011187474610144634
ELN,3.1213717603255206e-16,2.7852198444505827e-34,1.1337157474421734e-05,138.91876394553788
CTSS,2.31238490560532e-08,702.0561164478859,1.5244827495139787e-07,2.7423819624164692e-08
FPR1,74.07865202753212,625.1184316902875,1.002150530542648e-05,4.36265440791309
TNC,3.5716746377824103e-19,4.59031707218291e-09,50.135396620142565,152.7916733121452
CTHRC1,1.4471311008794173e-23,4.577366164145526e-34,131.95430322985345,1.3979383267561866e-18
KIF5A,298.48935471315315,25.074204521261745,68.60681120059311,2.5567102185540657e-27
LPAR6,3.001717041545695e-06,643.4239123139301,0.0032485003816713847,7.724819751594769
CD163,90.94108566138898,479.3648614040491,22.3501790268502,22.29026958207901
PDK4,325.7306133897999,408.01054729493995,0.0780259038998744,16.31862989229814
C3AR1,0.004300172722476614,686.2349886284292,6.300093277070963e-05,6.875520344641218e-05
CAPN3,1129.2120213392593,0.08329519891268407,12.243056656047258,0.00035198058742115697
LANCL2,0.0015911131686850812,0.0004954774165248105,59.50538634661619,108.69355479259333
SLCO2B1,0.00014144199027482993,668.9994799637885,4.335056484532582e-15,1.044935276972406e-10
PTPRC,8.86008356174027e-17,596.8057355128196,2.589833688204914e-08,5.733123233605212
GDF15,3.2992678939625524,6.099845515774322e-13,1.2366302547271992e-08,156.04088312839906
CXCL2,118.50611706742163,279.4375972707674,4.0133400588879855,44.24919922406663
APOC2,1.0224669058247636e-17,547.3262441075027,1.3391117641066438e-17,45.44124093731471
LINC00689,42.417888643983204,95.11489921658738,96.47930260193809,7.324946047559049e-10
CXCL16,0.00757075466304479,657.1544838285743,0.11643725351471845,62.47176916399658
DKK3,1.2031322482438045e-05,15.193818212346713,81.89413394064935,121.38616118062986
TAGLN3,0.0001222394706542998,0.0037455027532230156,243.52230992329265,8.570972162487528e-20
OMG,1006.5925167671257,70.93720225519267,104.07728687046182,0.012930106607548683
MLC1,402.7306932486246,1.9100045734870837e-22,8.675820512005128,251.3328028542095
CTSC,24.458679168442256,624.4445034251966,30.69408839305401,54.157087880740505
SERPINA3,0.2274902753256923,4.709846392013301e-09,26.570897800731853,212.71552381438303
NR4A1,157.5470379966673,374.00110051269735,29.71202677810069,61.41165155696191
UCP2,65.85046053734277,547.3661377593901,73.87315967330316,0.002282758475939648
EDNRB,3.1300488935438324e-07,4.277714058516347e-22,61.24145398253231,198.8893734895332
POLR2B,307.48664639464766,93.02817779911166,163.45460050824522,5.866082007436048
NXPH1,223.73913400611937,1.3139962738717188e-06,168.17679933560666,0.2964067712632374
SYNGR2,421.71251405293594,513.253651472886,0.0071533354976521515,45.73223671753462
LRRN3,0.04227480227906375,25.460253584539362,101.18513133513828,113.83565931879014
DHRS3,1.2337937751801974e-26,241.26666423124766,3.430387561538098e-13,186.45768527032016
FKBP5,125.33145367361817,239.6673387034958,33.37892433363584,205.18786111971576
UGT8,808.1345960601909,57.0938206331273,123.67008711774163,0.18269619542435456
KLHDC8A,219.24786681660333,0.0012746092405291826,128.34423926293698,138.78812645527248
SOX11,6.266045730928217e-05,27.121374930413605,205.47000097787267,1.1152098246244305e-09
FIBIN,0.009491993574885506,9.707711673350012e-05,159.71152335950134,118.74644818202042
SRP72,302.19515367574775,77.94347085586722,140.7466149486853,40.71475581276459
KLF10,201.27212281735248,337.541972479113,95.94119138062653,58.03528168812183
ELOVL1,858.2008488304187,153.3270924322901,38.05915039617215,90.8218158926723
ALDH2,9.764570714276042,538.3532674329315,71.94258825119712,91.18643768448233
TPP1,167.7675859926147,434.5297194607137,12.15131822557845,167.5800782407346
TNFRSF12A,1.2572172508013355e-10,0.008555815924735888,49.133231281411305,206.37015047339378
LRP1,55.82412614133483,11.717969810307803,42.42752636757612,208.68632122646093
MEIS1,326.3061128707625,1.5059773974228288e-06,34.36084049452977,196.4716280353567
STAT1,367.2719886977018,151.21781135524427,23.044227064144888,188.8970940031557
NINJ1,56.22252465824118,503.00848155993344,121.82838369986919,52.725007144821376
FKBP9,0.12181457405050637,0.0027230896317218386,95.6782325994811,205.76638342036296
UPK3BL,170.73902991082713,45.31893796820122,136.02923227240595,150.05153191522618
M6PR,41.18368922301339,237.00531387131014,128.4620025334559,117.90109012170564
PCDH9,388.80818263484446,4.261918374309946e-08,55.40560677649988,193.99316996856757
MAD2L1,0.013848824465071284,1.9279368812706657e-08,232.17264497947235,0.11670141920806737
KLF6,69.73824511578424,345.0790487647861,94.28449123787632,147.79607753947514
IRF9,358.54104710782514,164.55514653977264,12.042891023856143,192.47689534253624
ADAM9,0.0007898796462327248,121.96488384547037,74.94599759320167,220.46884153567586
PFKL,104.44091609816316,103.78455857806716,72.63793057812062,204.45058072059612
SGCE,114.33549452704692,0.00030212311512963446,113.65632524652266,133.13396066914376
ACSL3,135.64776502858035,0.5593083869899064,76.38102544335449,207.15154858116477
RAB34,0.09044008119128481,29.418643454230686,57.64314526643517,197.95284722890395
DSEL,458.34394521463554,7.81896123084128e-12,108.25239766473875,74.50356498868251
PSRC1,20.748424882920666,0.8062445901997831,93.18956186380727,205.89751201655255
CEP170,83.3527873622207,28.955822520702178,118.94732506409447,99.73726063489724
RASSF2,145.4248283724631,44.33516889989061,94.28436327203542,147.37237791611946
TXN,144.02576416679636,10.945112743662916,188.54016720216418,97.04062199302089
ATP1B1,390.49021586309925,61.17107160866229,144.15472383726956,7.822767696255159
EZR,155.73143110495292,199.9489953870807,104.94625495074105,122.15999779485206
CADM1,233.6536486664252,118.423968918881,102.64695232934979,117.38833060899898
IFI16,88.95894441469518,333.6165587935116,44.737547732268986,156.5053151925576
PAR-SN,237.04612987517137,0.00990524855146341,121.2598675439562,165.95003235029424
ATAT1,105.09069921662511,1.1815955545434478,227.00444631394302,0.04623067575308821
VCAN,9.57501820612174,97.65350317513145,165.35777260762185,110.92175004889052
MSMO1,231.71059503358597,0.003599877041139762,115.54127704326542,179.66759242216858
DDAH2,0.0024632460929557517,62.19280238244982,181.2448681739313,87.14543320409894
LMF1,346.888362296802,34.46401571998049,131.76525044629483,51.21456535680593
ACAT2,161.99565550890648,0.0020193012661362105,183.13992784797145,97.66692162739425
MTHFD2,150.19446040627406,271.46461645420214,111.34188175451452,115.85628812422118
SERTAD1,218.63076372995693,149.08277698790764,29.282915002909835,190.10227658656544
ILK,135.74003727257193,164.22906463565317,61.61040633898251,242.85478669208163
ATF7IP,147.72076747117725,45.64128344395682,164.64578231173448,101.58091598391096
FBXO7,305.666678010844,93.55074053355837,167.6698369743793,85.37802059570711
ZYX,0.016139350843470682,58.26023052580708,71.20130064320557,200.1559225141923
SPECC1,352.01914937565425,16.959589905090784,116.23641889432494,132.44857190913837
LMNA,284.3122374360187,32.45714075217227,63.6406498237132,219.57875973379797
WLS,4.650422434441225e-06,8.995051846538982e-09,114.80345783666614,163.48859919847652
DNAJB9,141.74342227337635,180.8312126867606,103.84351157869375,179.4323391957826
BZW2,72.27873862254489,46.941962836615865,201.03880197782755,29.140247561081527
ZBTB20,319.40892815952793,33.88712325219709,110.1943479958494,163.52058126895605
FAM213A,103.7433748066566,9.618059437914145,165.7033197310923,89.23512627572592
HEXB,14.207430979006517,405.08567354736095,82.2839242941439,154.89037372381583
HDAC2,21.62019774236509,48.2748160233604,223.61755033433204,0.05196807966225508
PTTG1,0.05198500079028353,1.0998706460788461e-08,201.0908825528995,67.99888176021148
UGP2,9.516027368161643,111.54074322748862,117.28893911815362,180.81712488606155
RANBP1,41.997777968911315,0.24035580896651,143.02305817918653,150.35651562863916
WARS,7.356524905922928,192.76914910300587,60.52150448801939,182.48438537777042
HNRNPA1P10,210.42260964128423,196.5565058679173,130.93378880376358,80.59185629270691
SNRPD1,100.6782512881374,0.04451317500143676,201.87828828145228,101.02390092820083
RTN4,302.8407566303423,140.63582924073668,176.69302915255,53.664161785061964
DTNA,192.67718943160506,0.00010770588040467379,56.605591167211536,205.04879162555918
RPA2,276.6115375918599,94.1027623835349,135.77068714990037,148.89272559109145
H2AFY,183.90049009536534,50.67902429348712,162.87553802250002,69.81653806198099
RUVBL2,30.838622447973393,0.061876121669593886,147.5641864731787,186.40935247827517
TMEM206,294.3138192744452,38.974842085770696,168.46073607905518,21.673982775067532
APBB1,485.5051430581018,0.13424595717107327,144.18533767387564,74.48109431702558
PTPRS,177.03745680250617,3.4160132682473696,163.7459251315989,101.10226873951814
CDK5RAP3,110.93090591906446,108.04090043135767,129.1786471782268,174.00232972936925
AHCY,38.51482724873548,1.5224354557859783,144.39742551671347,171.44627960677116
CTSA,75.29880117413838,206.18510663308308,59.129362615788224,192.77569811977412
MLL5,325.97982052684193,133.3085316254996,152.06946521688985,81.77275409475769
PNMA1,124.66089202884179,25.859844078568223,137.7963021452095,134.65483857734807
DTD1,12.153946574694144,3.1724406706853863,210.22395744601832,74.26067596786352
SUMF2,230.6370128025584,132.18517423146963,121.24979897354896,167.73389950222625
NCSTN,534.5217751251766,89.77890962895415,63.60927316522126,194.9390602666568
PTPLAD1,148.66816248160669,0.7230058503386781,181.64296239993345,125.09743944386665
SNHG8,227.225960170367,183.71680222489553,132.29173895828293,126.41839833247546
FBXO21,217.78232993543443,10.024734707349527,150.17449271629127,97.82164459886484
KLHDC2,206.55027655440486,81.49384612750501,115.87326843143705,176.44175503315725
NELFCD,67.37521760484275,20.095461522178706,143.7556222268848,162.32355870023036
PAFAH1B2,110.3717364307389,106.31199517717157,140.3316482875477,117.43014621133968
ANP32E,0.5497415575510557,25.563622950479164,139.68764047550118,169.70145121705048
FDFT1,245.29262927909969,114.07860237384446,126.3496810787076,145.29130956871398
GMNN,138.09129413450768,1.161164331690143e-05,150.37387313151922,121.59744351959789
TMEM205,50.10556361725143,72.63111883602197,74.23357022217124,234.7829207408759
MRPS6,0.07242007469208617,59.85524931025264,159.43826739449074,161.46031087549915
WTAP,0.2393172137256699,160.9680401807287,111.6406922407123,132.01253443385752
CACYBP,205.6151491061737,59.36217215783387,166.4658158538116,98.65012492774656
MAD2L2,174.84670280122793,0.7976729639246966,203.01755803950778,93.97069956942225
CD320,1.6659442861681255,0.02187321646809937,127.05446991590983,178.60291512990295
ZFAND5,160.83238465921283,137.35334582992908,157.1306585527938,111.33934943467446
TGIF1,45.34238201528915,108.34562462626931,88.58285370270097,162.93012489263407
TTC3,187.0795766953923,93.58797958616209,193.98400482815117,46.80538064135633
ATXN7L3B,249.81828976790763,4.701520092875589,148.11899412381837,127.29804660612722
NOP10,0.018665770836481927,108.36502810672482,149.48224003750914,136.6241956875306
GTF2I,206.91542953853985,44.233514613019146,147.60294536735842,96.95315977603352
SAE1,14.093915050990296,0.0003121770594226118,132.85270391783664,136.56325475056687
NDUFA6,145.4263816057228,64.5857190040508,158.56837898951613,153.09742211852608
NFIA,308.3505412963652,15.650159853632362,121.65384637644853,117.47611129225692
CBX5,144.47104459094254,0.11554297295377074,186.09236365397402,113.38835100849545
CDC123,0.018862851062189594,79.7202642544237,174.0775970265969,56.89434742176366
GTF2IP1,272.48874859422403,48.468924384550604,174.94157955728394,75.3888015351258
TRAM1,114.93702060510778,192.5361977905385,79.65755241726642,214.0343639654115
SNURF,231.29698543072075,63.66935410166296,185.77200185270522,102.9399533456689
METTL23,157.70082476861697,106.45996003474872,136.29878236740322,171.19513972945518
PILRB,258.48104142180057,80.44565213045398,103.16983796704241,132.05889711041857
RNF13,464.4980377975488,239.36225769263848,105.44902262071307,103.5936931359591
DPM1,36.68660896103778,54.595532900714105,145.06051005655948,135.0202241960959
SNRPN,225.7711622920682,59.75804856452574,179.69585156137234,98.83649917637878
SCARB2,292.64244566980904,101.41622053279713,162.44820265157986,103.81061728204143
TERF2IP,82.20405524041252,95.55694510852773,157.26325330780148,65.45492074975385
GGH,10.213102953366633,0.006576955862476396,177.15817784797156,79.8275722726623
SLC39A6,69.87670750780936,0.016363035373868774,192.33619656165303,97.08987197560181
ACADVL,2.869823802923307,98.32488101538118,67.64477078239437,205.96539518799526
ERGIC2,85.83553268655155,69.8828973549879,153.39116899123738,113.35387508187688
UQCR11,16.6907674393822,51.649587394156,150.47164573936104,179.28023685153116
SF3B5,12.487606656004997,34.75997329061796,187.3802287782973,131.7839358871213
ZNF664,147.16253439926126,0.02706768285392834,155.8048741238088,103.55387056405227
SHMT2,48.74598479490364,0.0075552702864729575,135.84660582794714,155.76990533346554
COMT,169.93025517273838,114.99262560431004,108.79565801968327,191.62538076877914
SNRPF,4.642527231245891,7.949682116461531,192.32405123410172,99.51821644310552
TAPBP,115.56320145087423,261.39093427383534,68.72647945034059,169.03722541369692
MIEN1,140.43175762685368,36.19510830488218,171.21565592296005,88.85493968020018
SNRPC,46.79270386168432,1.9567406803762928,195.87240077428993,136.47015227508493
SKA2,41.98122469948358,4.262270174583244,183.11862489210438,65.04026323834323
ALDH9A1,179.50930757139525,66.43850706229085,126.24403856375466,172.24399784988245
BLCAP,135.29263770591155,66.41116481981459,131.39812719870096,108.47206727501697
PGLS,28.5585947828362,106.48783329156413,128.21829847415765,155.50087744140936
RBM6,66.40135063262477,119.80845028832185,104.06329514066151,152.2117295663758
SLMO2,8.517731044995005,79.4126077941001,114.01580076458417,142.56009990275098
STAT4,3.591706641661447e-24,15.938382473353823,7.309407392129206e-07,9.469294651848923
MYBPHL,42.2400544672391,2.35836897302011e-29,1.8270263747578854,4.827625881520666
FGF17,3.7120420570542287e-69,3.9656340040313124e-79,3.3277691669039476e-23,11.704621675485381
OSCAR,9.697679536295247e-30,71.62808482751824,4.670194502285675e-15,3.9457650071165713e-22
LUM,1.1976975740509982e-36,7.435421278240978e-39,0.0007621291877319112,15.30090720478076
LCTL,3.048938478046371e-23,1.029277681993957e-27,2.7371225536507244e-13,17.69250256337953
NCF1C,2.7577945074955277e-17,78.65207685153874,3.1349061907711905e-13,1.7138600145882602e-14
OPRM1,9.141332773472113e-68,2.72819641170337e-07,4.449952221985502,3.1890963923623885
FIBCD1,8.622846112053922e-50,4.562524894605294e-75,4.644520237592218e-22,11.375372832574175
WFDC2,3.427784974281386e-11,9.68896317229009e-22,12.696640671431503,1.6164965174812265
LYVE1,5.0729951212737125,33.086991861636854,7.454175279415524e-15,5.092360271324374
LAT,1.6265991567784686,33.44212801607548,1.054605107311356,8.730994316400034
FGF10,4.71947028532833e-22,3.2770051798844246e-66,4.012942273411608,4.910932428792998
SIGLEC14,0.033817030884819015,32.61225530532623,4.289129770004321e-12,11.41274162573523
CD300C,5.688880190677973e-25,74.26971381021654,7.087835093226402e-17,1.1375725437229425
SLC26A7,1.14449564043848e-40,3.2941064226560084e-68,3.472627679429512e-12,12.50434111042041
PRAM1,1.0520527823262894e-30,67.87321630979508,6.998615701821326e-22,1.1797409215615674e-25
HPR,18.678427335993334,1.942583773324128e-28,3.161651714833506,15.259915544568772
CD1E,6.008189478366017e-91,56.853595773268935,2.826491674834559e-42,4.094593520944272e-47
DLK1,3.4411810216272015e-67,1.5212309189970797e-58,11.369539624747796,9.915364070672745e-12
LGI4,9.51805147642888e-05,1.1780377690059936e-10,1.9266764201097444,14.914395102032406
SLC4A11,31.279744061599484,3.1301889516109076e-05,3.5222199259693228,3.662806555245387
SLITRK6,4.145475581389853e-55,1.4548935391697608e-58,7.552869191517072e-21,10.561832302845657
C4B,3.711897598359298e-16,1.1344696263856629e-18,3.4980551641481464e-05,20.01171164087335
C4B_2,3.711897598359298e-16,1.1344696263856629e-18,3.4980551641481464e-05,20.01171164087335
PAX3,28.331619464466893,2.379313366430972e-16,9.915048420715701,7.449514648198454e-09
CABP7,1.3412471673416598e-09,0.005660832462797464,5.4022508764294175,12.714737510611545
STAC,1.2548448952961504e-13,1.814767349224162e-28,0.3552776673749088,22.32752353031108
ECEL1,3.872629802521972e-45,7.161347612076924e-05,4.564376636476325,2.3119327860363073
NLRP1,7.343955565769181e-25,66.92520551174358,2.1778282109562856e-22,1.0789211305765147
CNTNAP3B,4.819971919312711e-17,0.02791081959449609,3.586024368622064,18.439037680805583
HLA-DQA2,24.373039497380233,36.53954569768065,2.8825225769621636,3.381290678328508
KCNF1,2.76084433456974e-23,9.291333468798657e-24,2.576887913578512,20.32786199428331
EBI3,2.397587610214099e-18,71.79521103092493,1.9072768878465514e-16,2.8105045168092014e-22
SAMD3,2.900496861197913e-48,13.047842780363654,8.760677831947571e-09,8.005768310167996
COL6A2,1.3126707825229005e-17,2.0491650009250444,3.457829247059839,10.974539047599636
HOXA2,77.16328229584401,9.532912088364913,7.994919114228385,1.3394581094964593e-07
IGFBP4,9.845452734812063e-22,3.25169974313741e-05,6.827751662601951,13.817515848157212
LGI1,3.242283195720088e-05,4.110679417808956,3.8245099301919216,16.373342123731
MAPK4,2.1207202706703093e-24,1.8945641414762512e-33,3.429292120404909,16.197218155394896
KLRC1,5.669935007848816e-12,6.02035442528027,0.4507764228854172,8.927549732422762
WISP1,35.60527370212433,1.4836775543379993e-20,0.11270629873837258,17.24922692484843
ATP8B4,4.359021032416948e-22,67.77998692543532,1.8252958953370244e-21,1.5020736524401715e-16
EPSTI1,10.232404640458123,60.01472329753709,1.1534432920476691e-07,4.206144578175483
FMOD,40.46454597887037,7.684995193786203e-20,1.0906029131042158e-06,20.967296386577658
EGFL7,0.016490991046556908,3.9450257288773325e-12,4.582030022920679,13.163823745061583
RIMS4,1.9584374578111146e-20,4.370904824720177e-31,0.8388213227661221,16.98201532208384
EPHA2,5.245854280690918e-38,5.551999523444394e-16,0.6617863542608925,15.080795962747759
FBLN5,1.0520360287624837e-08,6.6829659777258416e-18,1.1374087218206003e-06,19.190815885567154
ZNF679,5.416914289853719e-48,2.72088951793286e-33,10.457645995820219,2.031384023463041e-51
TGFBR2,3.6549644677568307e-13,67.51427362154003,0.00013741968450013684,3.958388435779519
ISLR,4.6039194357657166e-77,7.574343118335927e-19,3.820271789029634,2.7607746513464217
MMP7,0.2392396050591294,11.843258796341313,1.7622292928236892e-05,7.4140756536930486
GDF5,5.201148937491203e-97,4.902119769493551e-88,4.1029327498349816e-22,10.105804568722368
HENMT1,7.749632913045953e-27,32.90002007746813,12.83762103084583,3.0460580090499376e-12
LAMA2,2.2495432431405437e-14,1.1514925108300747e-23,1.926563228980882e-15,25.20088841030943
SERPINB2,2.0485817789745376e-34,5.879506375827222,7.499812296065522,2.579109811678444e-19
SFRP5,5.510834033134664e-55,8.81885274211675e-96,3.727860312923842e-14,10.421101904686635
COL23A1,8.828833724480674e-43,2.3838250302586755e-11,3.0910732633678633,6.888391839331952
ZNF695,3.186361120687022e-23,6.78125771395203e-41,18.327829316323335,3.065213739006317e-20
CLEC12A,2.2816031038046367e-12,65.65484191173135,8.183604757528284e-13,1.4137712811313854e-17
PHF16,0.12270538726894195,1.1815972631815746e-14,14.124974824223562,3.5457512480901863
TRPV2,4.0739651500406997e-19,62.56644004012555,2.265669722616006e-06,3.59406858116991
RCAN2,96.49068489745177,0.17545374187119972,9.089714161003316,3.8653572285595506e-13
SH3TC1,5.661215695763168,70.78095886010007,0.8842944318497028,0.1065114579200069
SKAP1,2.2184309347524924,10.02458808432618,0.49188630837764336,7.4606200149083275
LOC400940,31.65462596671969,4.637736693677104,17.92552190723326,1.2888721965828113e-26
CD36,19.36054216434937,29.42432238473356,9.167897608867001e-09,6.183270617482888
CALCB,3.0117161805968393e-17,1.571217851700407e-29,6.48329343348052,1.6820407101377
CRH,3.156038508381901e-63,7.349976094788867e-28,1.3450086452980832,7.271795629184894
VMO1,2.1828359714078487e-08,65.59089190813967,2.5163752694888144,2.237352081059441e-14
TMEM71,1.9854827467468828e-24,30.459419840659912,0.02388273375619871,16.595528446781245
KCNE3,6.310245778912259e-14,63.223626268855135,0.0022837435197267907,5.394961129355242e-11
TC2N,1.259597576443773e-39,3.189729768023643,2.343784448401453e-10,11.653035463918156
PRKCD,4.257411036213134e-19,65.12871496584192,0.0022274210275185155,8.09482415288964e-05
ERP27,7.264258009522797e-40,10.276767360277772,5.667051751740603e-09,11.591486629082372
PCDHGB4,0.0014919509297280516,1.009723763171191e-09,6.022477425684415,12.061325952848785
PRKCH,9.081959208204768e-12,42.199619300407484,9.246108325351018e-10,6.727232286400712
DENND2D,0.25277088436674366,28.202325572775532,9.620743908137317e-05,10.464992605162307
KIAA1211,31.814725987272507,4.6529459885752305,13.230943023531651,1.044240501653018e-08
SLFN11,15.15357719885225,23.30834947301467,9.123840100861893,6.1967357573933874
SIGLEC7,2.663860917967849e-15,66.61682585175558,3.449503478133774e-09,2.7734168251525036e-10
GABRA5,2.2229525883077807e-62,3.505096797425798e-32,8.32836067374144,1.1472954345417488e-08
LOC284648,30.475923646905247,8.430368207320037e-09,1.7830796833691147,4.657599376743198
CDKN2B,28.653090759490826,8.371129820997776,10.339037307165674,3.0021334930902435
PLCB4,9.123732380528498e-37,7.714745236632143e-09,14.68332386697709,1.4419733119578969e-13
DAPP1,5.635042291084215e-18,61.03840191554173,1.631581444809334e-05,3.097773171026841e-19
LEPREL1,2.5376210925633737e-13,18.048278315472274,2.6349645939091124e-06,18.951217122659607
GPR171,3.258424030817125e-10,8.983098673930014,0.022530101271426215,16.098811960770806
RGR,81.38121058221789,6.0006323281557625,7.845440559333271,4.045529531786806
ICAM3,3.84478326201302e-12,50.07903813479206,0.009873653795345123,10.997656978829195
RNF175,3.5393026545090294e-12,0.0006657442681996965,21.968155342158234,2.4467951491676686e-17
LPHN2,2.6939767410465043,1.5191579530466234e-27,6.348573551812149,17.02727432587897
LOC90499,2.4170449407944005e-36,5.2740947652514134e-42,11.912477493008273,5.721368009705757e-19
USP53,5.7922385386126316e-08,37.99472478465919,9.571015664044911e-07,16.30876709367163
HAP1,9.91239752130798,5.149909696684481e-06,4.312614037301621,20.610708621848122
EPB41L3,81.1302532923882,18.450448961561392,7.836165901706874,9.080329155373928e-06
MARCO,1.1253802340193432e-11,33.19835668916539,2.3773870946345183e-09,5.5358873176773375
HK3,4.0880097518644996e-13,64.94378299348197,6.3727373514277696e-15,7.39768762910114e-15
ST6GALNAC3,90.92466753699114,34.9670831081417,4.3890577576566,1.3431300694532026e-07
HERC6,16.50963673377325,6.780366821987155,0.5612880161056938,24.064780992096786
INSM1,26.94202227611237,14.48785764079136,16.86623849976895,9.092958154023457e-15
ZFR2,1.695717144431272e-08,3.6249951708873205,19.121500471740095,2.819388052798474e-23
FAM27B,3.0234100537528838e-30,1.0960556562693262e-24,12.120099896106705,3.7804957834485917e-14
LOC146880,6.272139636512046,59.01055190769934,1.9226201977663135,3.732921397137896
SIRPB2,0.0007293904796883267,63.55713209638404,1.3020862460963232,2.0028120837684876e-06
PIRT,0.4158216666272973,1.5556744894555328,6.827469876286649,6.505408639156267
THSD4,1.8914461045806186e-08,1.1414893478585055e-14,6.833435833059919,5.572040746856926
TBX5,92.9124478241972,5.634833747189502e-22,6.257136116265014,2.948936224196949e-22
APOBEC3B,8.935571465109312e-06,8.075597075431393,7.258917605660839,7.990777330747849
GPR84,10.169061285144851,55.30922235782767,1.0581970261893552e-09,4.0504875012534685
GPSM3,4.1662568174387705e-13,63.97109140680184,2.593405351680795e-13,0.048120023351807845
ITGB4,4.048612964692455e-08,2.2248775891476527e-05,0.000999513342985789,23.99384802070621
MIR7-3HG,0.024516723068940743,16.463363202715822,10.878207861204778,1.2603369220308774e-20
TP73,27.5066644861756,1.6525997898789873,4.2659375440369836,5.84143194579874
OR4N2,31.10468709490894,0.005054101666830146,10.696655664833754,3.49699234866309e-21
RBM47,0.0004186501863501906,63.441312420979884,1.9304904615480804e-05,7.972239252227627
RIN3,4.121826131853579e-06,63.584270057314,0.8863269720694035,2.3650157767006172e-06
NIPSNAP3B,0.0569608932663681,45.53117379140833,6.973245073214763,5.199292576265366e-06
PCDHGA2,6.440862863842584,2.273976738827267e-09,8.129398784350757,14.807288166513121
TMEM81,4.813846005690493,2.3096522141779945e-16,12.07194415746652,0.39370569881695244
SPOCD1,7.148472102670324e-09,20.200947135577948,4.6233483678180294e-17,17.93516680919169
CACNA2D1,20.21396446510034,4.262421334753084,16.58258950807966,2.0919297006325912e-17
LOC283174,0.09127848527529699,1.2485834199995991e-11,21.296975038261433,1.8238942440512147
ENPP4,79.95794866742216,23.048740614301956,9.617521119423394,6.038350958526189e-06
DARC,26.919302510736472,5.6107862567628495e-11,11.038899972126568,8.166235860886278e-13
GABRB1,0.008418824188196608,0.007070997014262956,3.2802097591361843,15.07017546414586
LYN,3.121132149482826e-21,57.7444664468694,0.38248953658244694,8.779946550197225
HIST1H2BG,20.38045233861441,25.800459957787748,9.69468649184513,7.82579284195548
RSAD2,21.218993116075666,11.485845068058389,0.03760044395475125,15.024265641223803
TIFA,27.368153707430825,36.86117103989547,2.56643290305016,10.975298585498056
TRAM2,8.383067898403739e-08,0.09391903925168488,9.420696306239087,14.585550209909934
CELF4,0.021694945475093458,4.231444295239802,15.348463276666164,2.8205439878195844e-23
TRPC4,1.0939910059975818e-20,0.03880284173141778,16.50930802158303,3.4512747749706437e-07
CLEC18B,0.2096603290677765,2.773124200663489e-06,6.531378816196922,21.63160707918948
SAMD9L,7.019031938668898,20.952679065296426,1.7356070325396029e-07,25.380942431741598
PDZRN3,2.555206443390686e-06,3.2875526833391513,19.990788523239075,2.6087965218067326e-08
NEGR1,8.580536290767139,0.0007521823190914943,5.548373504124255,9.094000296901104
PCDHGA1,23.343807807658166,0.1667621643342292,10.745431243363205,11.584890110744942
RLBP1,40.53097176932683,3.516036566616353e-17,7.2936896999787315,16.5720048487016
PTHLH,2.0935468305264005e-11,3.124220487754485e-05,0.609468068603351,23.30302056657065
RPL13AP6,1.0698114060511466,22.378467977797836,0.48901650049021383,12.143871160617312
CHST15,4.302615551000901e-06,59.194269948896114,4.895336589401045,1.9595372702313987
HOXA5,31.78084590118155,16.591545170440497,12.402949518967663,3.837185631662461
FZD6,2.3876561852325328e-11,2.935941508747763e-12,8.929298972092475,17.14377848100271
LRRTM1,53.36626211251148,3.306295543939297e-07,14.071829050380181,1.2429668012295706e-18
ELAVL2,20.34751893717562,5.518621670297907,15.79536956921834,4.801847709766017e-26
LOC150622,25.85791570100997,0.28480411601534994,20.579664160444068,1.147373239801513e-17
HES1,9.511458039889904e-08,0.027107421981711798,6.454992414198841,18.188108638630602
SNORD80,0.2077261904903912,4.418914185833498,11.271616390330243,13.964421873342557
SLC25A27,6.539809778809646,4.501697362290047e-06,7.682890231991084,13.705815941403921
B3GNT7,0.07529335870914208,6.319577932862101,14.497761456955676,3.723940199604034
SNORA70G,31.23012966476171,15.596263293045759,9.20954725205352,2.2173964433053683
SLCO4A1,3.6163301590809587e-13,0.30474822378654265,15.286544546851722,5.0225773433418155
DDX12P,8.468389284302711,3.6511591033765454e-06,16.490031271749505,4.140335875096966
ACOX2,3.141136908757051e-11,1.3023275864906043e-05,1.823395821476193,20.800445498548747
GPR98,6.440204175141271e-08,1.6025634058385473e-13,7.102791977802171,13.431464568684184
PEG3-AS1,5.754888515625973e-09,3.121922379025032,15.79843874023472,9.153069443803517
PCDH8,5.389156283074862e-11,0.18916975930284996,9.151076588359851,8.43927321863854
BHLHE41,8.423432808187354,51.32836061902277,2.342981229133701,9.531889198344311
GALNT18,0.035950204642793936,5.102416937535899,3.3568919022633703,15.951266867600381
PRKAR2B,0.022030309398369072,19.061101272884663,17.794189573957066,5.176285011440287e-13
ZNF385D,1.6418559079482938e-10,6.340525183978593e-15,10.84797995944232,8.561802450770557
PDE1C,51.52436757468914,7.723846929328612e-07,12.950695029862013,8.317250190429544
ACSF2,2.723497926029911e-26,36.592206192022715,0.010922535191699724,14.992765435513578
GABRB3,8.838248671716693,0.4078766483333882,17.523751733789034,5.760800623877412e-17
RORB,14.53002298572894,0.6949826089202903,8.821482335588078,12.733711511564556
CERKL,4.0262027608511275,10.196186045974805,6.498368141589736,15.550251950676698
MYLIP,14.86953555433061,16.39276948796148,8.530015706205441,12.020082322379439
BEST1,67.17785586639354,40.338731542247984,8.088630151862086,2.024415069730798
CYP2J2,93.42562120631041,6.712068816490496e-14,4.855866653295548,5.895858714221523
LHPP,85.81975983113729,9.472610784617062,5.633222166917966,11.272266080011512
LFNG,23.42976438348773,0.023615309153868946,0.3292828899949828,22.550074463678097
JAK2,14.692631539667163,55.13038755903758,9.094524995013764,4.912706396655818
SPEG,0.08521681605879658,1.957829956149066e-06,10.878595017905885,17.288477727494467
HIST1H3I,0.00411200540482014,1.2712945509693358e-16,23.887387685947818,1.2200649553136358
GRB14,1.838558556549874,1.6429977110773159e-24,16.892600212506842,1.6127850138108598e-16
TMEM108,3.0216058114110758e-12,1.4221511191673e-18,17.014828222885868,7.66956015302083
PPARGC1A,22.855368933555233,3.323172479001849e-11,2.749399829860874,15.34560096531773
PRSS23,1.1192143973840593e-07,0.35752202163548374,9.877112194302416,12.324213098987931
KIAA0040,4.1753678187876e-06,18.526418953323503,5.270701324173412,20.481554470522344
DNAJC12,42.61513782078681,4.71399029305496,12.639180447144126,7.134427919903641
PARP10,19.96135241935267,24.942758833079083,9.381438556094367e-06,22.196239146016186
MICA,8.137609213661086,28.77794491156975,0.3042982106570077,18.294317609675453
HOXB7,29.361765616181746,0.020829978479047755,7.947460986548253,7.028240480675881
DDR2,9.071653810931553,7.455355547437365e-11,3.5605759368567504,16.979241353091144
ZNF518B,25.490621061244322,11.472604606811103,12.390842871384578,8.089928245459362
HSD17B14,0.005107396366141107,6.691795772809302,9.278368797740391,15.591964854130486
CSRNP3,44.24613622463922,5.238447893933313,15.151051560547252,3.7653460281257813
MED12L,0.6637558325021778,0.09903681125808207,3.39996173330979,23.109483853018553
PLA2G4C,62.00699709423311,5.085809652675876,5.426544431675502,12.20399226626826
RAB32,5.889962238416021e-14,44.79034158090559,0.023048539416640135,12.031682682559682
IDO1,10.668579114249123,11.745505043143272,11.40966142951288,10.098228469051225
RUNDC3A,13.814049937504965,3.9850737834274423,21.21232501500313,3.4924207042410316e-08
HIST1H2AE,1.552798263216619,13.707572865019069,10.320070873575418,10.88375291263287
HDAC11,95.63239415913125,1.02858050524414,8.476794847267806,7.566840868940754
CEP135,24.745629416636785,7.1319594506687904,15.077565824621313,6.632612155419347
ZIC1,8.057685150087359,5.774749410656533e-07,9.731382495314152,8.50446776903259
KCNT2,9.130777201430721,5.508712280214471e-12,10.9633014306529,8.62306891623994
B3GNT2,20.332197791231174,31.57972651647792,9.725888156721055,10.311287319745576
PHKG1,17.435147005164172,1.0676102996116157e-06,1.1990119401540869,25.576235887232823
RHBDL2,93.72580477318743,4.621297185986844,4.618170360581092,5.292195605107534
PTCHD4,53.534128271823235,3.5340503668900647,12.680788127736296,7.6960816559077845
KCNJ16,12.366523141112738,1.5320139908757332e-08,6.270780528333384,12.90149499366999
ASAH2B,18.037608896454724,1.9971430475679786,21.78194938225469,0.0978302378556965
KIF21B,0.05297875576679327,11.880484552261928,20.187922367580267,2.756552291918036e-21
IFIH1,46.289626999883424,9.568380890255868,4.32151119603576e-08,22.70498078867732
MAPK12,0.003916712380297482,1.6722125244461968e-20,9.606500175104415,14.955707050308728
SNAI2,6.001646466209574,6.162922571674787e-13,4.5189985298194975,16.874023929917254
HERC5,36.938063772433665,8.925023839637632,0.40139063272095743,24.291369311423853
ZNF516,0.0899644649970212,9.701445545483542,11.632413152055355,11.716445952602752
MAN2A1,75.18436635012662,26.800652294220296,3.7260955660500006,12.062868052516354
MKI67,0.03133689552724979,3.571922783061002e-15,24.4899135608245,0.0020393509762831573
CCDC85B,1.2342663562504503e-15,4.718130069578871,13.679068103005003,15.307554781407536
FGF14-IT1,2.429087433969505,0.00020007379374662964,20.588298586109964,0.127682830988285
BCR,31.613182964937664,4.86690445556389,9.057558112059866,11.167135804539045
FRMD4B,65.7284273007134,37.48022071972612,7.270097609149323,3.592257578004405
STRIP2,39.94094334634753,4.158193742984087,14.579790011827505,5.936413883736592
ZC3H12A,10.650254630166819,37.80130099739728,0.013216903734600317,14.998967525742646
FGFRL1,1.2826986275082755e-10,2.935720464001904e-14,6.065986078692999,20.431155420084757
GGT8P,39.13604520389515,7.228013729761579e-06,8.180136264493981,17.815067977879483
SLC37A1,37.15115676627642,14.814126419935448,13.801609746386053,1.156670495562866e-11
POLE,15.615619345063301,0.001477243638890241,16.51319123718186,10.632605676171345
SYNC,0.11348447047976389,13.452754515351634,4.714149638085197,18.86393667774937
AFF3,16.38604142673744,14.933713240254178,14.290395898712971,7.031921085321968e-10
LOC653513,17.007168991014723,11.48464672901832,11.763760108769027,10.598340745301757
NT5DC1,63.323065290982285,29.00758141040376,5.610575384784327,2.3990814607077553
DUSP22,21.887313572502528,47.51128376391306,2.0900071654991597,14.256548667765054
ATRNL1,20.597254636441814,1.5249517444373333,18.358650246187118,6.482084140115132e-14
LAMC1,2.749033679432395e-06,2.475479643122203e-17,7.771621195044429,21.33949139803369
CADM3,12.246621298275695,3.6875921357341968,15.695277670394455,3.6505731050980696e-10
CSMD1,45.265262540980416,0.00047712771513988827,16.14443448475307,4.372196619972103
IL33,24.367271156302884,1.02317578498401e-09,6.161505355227534,14.647506470282188
STAMBPL1,0.4001557120001892,44.47893710188733,8.915710009583961,1.346723355652283
KIAA0408,18.364614538003067,10.883554923113435,21.151626730155137,7.018528827685357e-05
POC1A,1.7600899023458378,7.924806051119455e-09,19.978340241787873,8.358286493529125
ANK3,48.02388898352147,1.219218881641185e-07,17.774578068202626,7.132490972947212e-14
NGFR,0.0015921725479415825,0.31880273342451737,10.860102496689196,9.47316157092616
DEPDC7,27.112718781774042,18.629139717057264,19.96010906257296,0.00023562757230036535
EVA1C,23.048966659764233,6.367407767509284e-13,9.827665863158114e-05,24.221848179096273
LOC100132707,5.797421212592757,18.9005115182372,0.016290559755919976,25.16982006695569
ZNF395,0.061199522763254216,0.00014728404910755268,8.488864219686992,21.11235332037226
ARRB2,0.6915977312462953,55.15480205516307,7.815705554638277,6.511051230506281
H2BFXP,17.27552926070411,3.645422129949736e-13,18.700241406006924,2.7662683245195206e-16
SERINC2,8.396570941743771,7.817556713215615e-15,16.901120728480482,6.564107814960033
P4HA2,3.2382681178839623,11.903646599634138,9.706355358388372,13.10713397901735
ATG16L2,0.11853147058084898,52.300527243789965,4.363301450788911,5.832549966242911
FKBP1B,4.558256096020097e-08,0.0019856354431713953,12.703747138049046,7.844740350147043
RUNX1,1.3302366301084484e-14,46.51044722634869,3.068862813911254,12.926540875247106
KDELR3,16.397928336285982,2.8103411894751026e-11,2.744380157838203,19.018344944414416
THBS4,31.32866930008244,1.2326443482042096e-08,6.471147973764248,17.300107593608715
EML1,26.167284811037714,15.82703094615205,9.566205275667105,10.720408713351045
SHC3,4.079415734504782,1.1462312132188764e-19,19.110228572084047,1.7841395614742817
KCNMB3,37.45193871765901,0.9788217516456122,10.64475828262932,6.226131381573239
C2orf66,0.003616551165912165,1.0020852753985825e-06,14.72144114736819,10.085984905523858
HERC2P3,27.361510878450773,4.804950982648706,11.578106159681564,13.582744687644562
RGS20,1.1622447818866006e-13,0.003625022885138472,3.819895324574965,20.45220540630622
NCOA7,41.889861462019226,32.80492587694564,6.67562346185989,6.073271816186951
MARCH2,7.619467080090573,35.79616603043363,4.365336002894579,17.92013669548632
LIMD2,8.66795192183702e-06,33.431251230188,17.225658095581824,2.888276273503324
PPP1R14B,0.003228060563608414,5.8672530346942135e-08,14.823284114601128,16.54442412270879
MAF,9.16354055227383,47.66568872232132,2.2867460382080593,12.797999210452312
FAM115C,0.05677753556153215,9.431540569663142,8.719113991958274,20.387710380865254
KCNH2,26.72009079303488,5.892572776581219,17.743824314777473,2.9138554904691594
TTN-AS1,30.612885533176943,25.14241696848569,13.230641415339703,0.002296289689126701
TGFB3,8.63789873408697,2.842183465728115e-12,1.4884376679998863,22.398459233207138
LHX2,15.70972941453095,8.545547809795238e-12,15.869548141808616,4.397479609857896
EXO1,14.087731288442047,1.2045641418678055e-06,22.073876502212535,0.00587214469414365
PPM1M,3.98129772390829e-12,45.16510577006586,3.031336706831534,10.646713033622609
DKFZP586I1420,49.65227408517627,34.392379799990096,8.291496893650898,6.953825658377163
SSH2,17.59707841665848,50.580213395061314,11.588754574756617,2.7358605501285207
KCNMB4,61.81103760866091,4.2799650250100365,7.052329751864568,11.350930934165175
ROM1,31.617223335022203,1.3400635610630882,8.162575644286065,16.591256979102464
L3MBTL1,18.445907084821556,1.451607721998872,6.87152763864805,18.321708716117815
ADC,27.33127992352877,38.09386027672005,2.1198750803127133,14.499967082134942
KIF20A,3.9128702901853902,1.687983413947692e-09,21.393924053368952,5.473840900336178
CIT,21.840830855190358,3.3959364548960855,13.595779929939274,6.7028337629440555
MIDN,12.036798188139596,0.11068852944089329,11.408192456664203,14.86175270905564
RPS6KA5,59.4072205334688,24.96853632106175,7.5476160333507,7.56860525544382
XYLT1,20.900854200570965,0.000939809889759634,15.804484788135648,4.769662309233024
MEX3A,14.40289444539278,0.20015680282305112,22.959463453046176,1.7519354580192467e-05
DIP2C,7.728295686891743,0.0005992334650090923,20.167014460298518,6.390680271907772
KALRN,0.002757795073557506,7.5743721072127785,14.922292257359077,11.78800821373136
STK10,5.887379814838224e-07,42.426502314248246,8.83502189897078,7.817880338696573
ABCC4,0.00022951348167350686,47.04886418920223,7.742339604965667,6.943577942946612
ADRBK1,0.0005758518786695983,48.769546431549976,5.5324220538849325,8.307329469308966
ZNF442,9.217224460337622,0.0005283859954257062,13.639178597971995,17.15152924443681
SKA3,5.337342124934884,5.026817319745715e-12,22.670386692205017,0.004011343824562064
ENOX1,48.58014984428432,1.1678597387166963e-10,14.2170819518753,0.7776094340361117
CELSR3,6.523240023123893,7.428006915493196,20.34447361272949,0.0027076727637628186
DNM1,1.812611282169918e-12,3.095384231079945e-09,14.67836686214206,12.744435043815946
GAS6,3.4703945420874094,40.409069220073036,5.783299930786384,7.914399252264536
ITPKB,47.0138842651281,6.621775039982579,3.211142264779253,19.003899005833375
FBXL15,15.410934365548014,16.19397670743504,14.270853935098021,7.8224141065534
CACNB3,7.798514877101258,0.0007690329677811127,21.243477390389952,3.0115601203822386
HYDIN,33.33263979295432,0.33461621405905795,14.493939936359245,10.731339132277618
ATP8A1,64.79397941957839,15.26111308319362,8.761561327609751,3.430229084858735
TTLL7,80.31303524663952,0.4367979985992697,7.862370611758826,10.039807526569913
PLD6,6.784044309054207,1.4190647227560227,21.74556053739111,4.937341696597209
RIN1,0.33567152672569067,0.007084955569977605,1.9464878690388143,24.096953671793628
THNSL1,15.033444310692891,8.809967552732793,15.38124465483347,9.642171461555375
DLGAP5,0.0026176187605608855,2.1290888332925744e-11,20.271038306520257,7.595777097060015
STX1A,1.958453376886582,14.59208234681083,17.773429864487802,2.985851263425856
ENOSF1,41.77790251184658,4.529762190098748,10.090097748261725,12.878823575413438
C18orf56,52.950516509435055,1.6083165745102444e-14,9.452137077005865,9.186422252504794
EFS,40.03187070038573,6.599096621160844,17.62582754163777,4.6239839950550525
TRIM47,20.82657520316152,3.690698883248831,3.8872861371158582,24.627747604702975
DPY19L2,0.04700805038048717,1.9619429319378028,16.645105553552135,5.404156120346816
RECK,9.064552887360765,8.442750654840763,7.569835341171859,17.962959649689452
ASPM,9.127485487220277,1.2069121888909946e-09,20.611668850267947,1.151780696037611
USP32P2,19.55375489502375,23.410251226678028,9.416668457837266,9.769215807621881
ARHGAP11B,23.77535818864864,1.4353124329779878,19.71052827179085,2.4415825060623564
EHD4,0.0011788129876666483,36.925943817733724,10.534988165581769,10.862959395814721
LOC100506668,13.616846626236809,8.318439098975005e-14,7.762122829451651,22.802223905266224
C11orf82,18.767593634046154,3.1160969392453384e-09,17.34004572424014,6.1845788844208744
NRIP3,7.225483296631809e-06,15.946411432764924,17.712139028587412,1.1277589292724626
FNDC4,8.205654896768188,0.6167899369351754,16.58073464568342,10.55736407983566
CKAP2L,17.937664100075924,0.00025190031000866744,20.62353955250446,5.217096359296341
GPR161,0.4228883256131587,0.3064908542826656,24.23269620074155,0.002555869917990249
FAM83D,0.5179847999555165,6.073447839463173e-06,20.841993988316684,6.160685471794309
FAF1,17.757386758357043,8.818193610853816,12.042154044870683,10.3242233998364
FGD4,12.165598752431732,42.5661444994353,7.044031108748497,5.07643609496116
MYO1E,30.860469222196045,9.608571048650234,1.5107080974814873,25.91384473900556
PRRX1,0.09944557891893288,0.0031678745146138513,10.050489869166523,15.113425366181371
KIAA1549,9.24288173952053,0.06581192758964725,20.733025576610412,1.333111142924499e-06
TMEM132A,0.00011091585839562165,4.62729148407077e-05,8.889848049514349,18.369656762809097
HOMER1,4.6748236395435415e-06,0.007415896576504161,12.093557886215585,12.870488294319332
ERMAP,0.025197631125061275,36.393435024064885,2.6526828405105154,14.638558044807683
ASIC1,41.8526552265677,6.208511658056755,15.889990491725088,7.154906238867364
RBMS1,2.6073319403230806,17.708054171462436,6.512660623995404,23.727150229349647
KGFLP2,26.013973412169346,8.60476591575924,11.999677392217736,14.415252059539792
RAB36,3.9580250529574337,6.915756578678081e-08,9.54918201415009,20.021540008456817
C7orf61,32.341495920601545,10.779931900743374,5.8225452681493985,16.578676520651687
ZNF718,22.793164375580233,6.1725749568963195,14.41436474594369,11.40336649887675
NPAS3,3.8798889183622656,3.994017596123269e-12,12.416556138506795,19.934196995568758
MFSD6,69.95381575434233,13.172847093257262,12.274032135859589,2.0522687360906837
SNORA81,6.785784991131561,17.80500584171164,11.119915345899265,14.803629894204876
FOXO3B,23.971673269342524,7.272367846537426,18.532119099306442,4.456159931126763
ARRDC4,3.207063673528201,8.05305327346861,7.414989228255808,15.35694300012878
H1FX,3.6172099187213647,1.815687507066338,20.964381226437144,0.16369970395311634
HIST2H4A,6.009167866128851,15.275109567746279,15.20260130761955,5.085170691058118
HIST2H4B,6.009167866128851,15.275109567746279,15.20260130761955,5.085170691058118
SCARNA17,6.572787192076066,32.21630114095186,3.900845919600593,14.395650143902564
RARB,21.958033347042978,2.0278407834948194e-06,12.592703373342852,8.215077933582515
SP1,27.483483409858447,5.867337879092892,10.015161350318065,18.921062527012896
SH3PXD2B,9.000973664507146,8.411995523001e-06,9.091798640323928,23.996901096396872
CHEK2,1.2840061520901228e-06,15.89731249817029,18.32181482037812,3.2624052100978282
MAST3,56.95236097853196,32.5729442078625,5.872110287184038,4.669803983356057
PMEPA1,0.0001192304815138328,14.288980371644374,12.146349739229644,12.083019203413413
MPP2,52.90740529029172,3.4763213162088773,16.09253867034688,6.856185320506577
C18orf54,20.837938168102156,0.0019399299703247166,17.37368785078108,10.282401988535439
LOC100289230,0.0021274171925360547,16.84595004733768,8.869005016890933,20.24050983137689
KIF15,12.68994053578482,4.05928428505422e-06,19.22298873347899,2.6030650956867016
IL17RC,14.977665764620632,6.738867916707307,3.5051281907614977,27.37330839895031
PHLDA3,35.009967309157545,8.717978626652432e-09,4.9072063343482535,17.297137170832777
FAM215A,25.346348399682334,12.609096123867364,11.073578396804638,14.399870958767178
LOC286467,12.615660238788601,17.130403842492527,11.179825469202992,8.087019325247205
IQCC,21.863506109730764,0.3630273598603559,12.831799400128093,15.54545381470551
FAM171A1,61.571948146727195,4.272452025966976,15.272686029733423,5.963322900042369
CDKN2D,0.5077435173908121,11.71652258220983,20.890255937717008,3.2967492159967895
SPHAR,2.5614146300362153,5.1406499468341575,10.973682339542382,15.331452319424386
FICD,30.05206448890818,2.615802912410385,10.181338197116103,18.47014772586943
TRIM8,5.942378872042169,17.584930386201854,9.939241753176468,14.38373485408503
LOC253039,26.275485348969966,9.514084355472246,11.453095362095135,11.72586386030738
TYW1B,29.653682767026726,14.218737119185585,11.264405667716629,13.989475492341894
CCNG2,26.973291948318685,15.026037437098433,18.877115121983913,0.3473449495628559
CBX2,8.827949481552661,0.0017747758058241634,20.5058567022045,2.90265420943507e-05
SND1-IT1,36.97300419236288,18.76033001277312,16.72021511746321,1.8053477411091545
NLK,12.21672247524542,8.384728947014116,11.861564712829288,16.66337377772342
TVP23A,0.8576233011676152,9.347616476650918,14.842904784146201,5.134978306172194
TMEM79,33.851049164001296,3.1212328315809694,9.842781837589616,15.648632292606509
LURAP1,71.4258254979497,11.845269030176082,5.343083044792594,13.944162211598789
CHDH,29.41485256730068,2.2028269060630605,10.631361163713787,15.051951113713033
ANTXR2,40.85685031236926,13.015229673738519,12.359542398033103,9.974647576953862
ZNF613,16.31069905432594,0.20406551957508912,13.010654268148329,15.927117922565118
RELT,11.400887520022577,41.82089014384563,10.799235272021829,8.046501957441755
FAM195A,3.892925186364812e-13,19.252763223044226,6.022300043079312,20.95546505288585
DCBLD2,0.0015962155328314604,5.4509362560916035,14.539874882262788,13.529811414735557
MAPK8,3.361232422792654,3.3065868036202812,21.37776320211898,5.6637075339078775
ASAP2,3.454392220689134,1.6127717272064077e-05,13.314812608912495,17.411138203609358
SAMD4A,3.745832722295489,3.8332208142929736e-05,10.394375692197837,17.848392445766706
ZNF491,8.014623144552493,7.48139634106776,16.752035668501165,2.578083246004465
SBF2-AS1,19.66668547993697,6.764716260790237,13.248613009109667,15.275009238899116
DPY19L1P1,15.126689758419044,1.0651883153361206,10.355987042112138,13.670762249421124
HYLS1,15.057287768768115,0.0580320087953063,19.367179157250323,8.159158284596069e-07
RNU6-28,0.0009856774749285567,11.669479755567261,12.445769819639981,11.095859275205486
MCC,2.003081113978889,0.003381013509213022,8.754491256484588,25.59825743936537
NEO1,36.9251070463164,6.3305813202104754e-21,9.203039045427486,13.698008528716041
TBC1D16,0.14992606743889336,7.700451666900064,21.976765430432106,3.207915869212742
ZNF311,4.523090563149268,1.5881555569709016,12.797629125678279,12.338850681972039
FAM66C,15.985665612804516,4.113934737689379,15.328570673222549,8.58115847459218
CREB3L4,19.811449327668523,19.165706580048624,15.177409728265552,7.757321392960373
ZNF114,11.842513165439266,1.2933622099434445,16.30923459388255,10.041392455335867
OXSR1,8.001131486202159,8.869349941524241,16.41441918591168,12.18494200085983
CERS6-AS1,15.638478914175568,14.540141920126725,18.034966624843175,0.35070855312540195
TRAIP,27.4410317912016,5.902911075659351e-07,17.075805479976452,3.307787779797417
CHST3,18.733507353561286,5.76513049835809e-09,13.481818459822515,11.76745953068498
SSH1,0.5541975731112395,37.30785866146013,8.744101731068879,11.642050947931056
TUB,21.574157610388728,1.0122113165524381e-17,19.494935430528557,4.712787494612778
ZNF816,22.704922274201362,6.256641156161976,9.188467433316923,18.640457639825257
LINC00174,41.94578796242655,14.670108877112138,10.70742974882511,12.30373520104475
WDR59,16.71411256539026,5.632150524389742,12.094575801649722,13.438229521213831
RNPEP,0.022290111372583223,17.65028819669336,19.635450564715597,7.307263138260625
PRR26,18.833911486887594,6.432365378592553e-07,17.352245581439075,2.89824310013712
ANKRD28,8.574420576274507,5.958512016327959,12.563474791180314,16.17481384101268
IRAK2,27.476812088081527,28.442318928374505,1.5734147419556113,17.31145483394367
AMY2B,25.62299650647983,12.127798003354576,6.372530523834501,16.12431557340713
EPHB2,3.2579547802460422,11.458695985928022,20.34573734949249,0.008973436281118173
ESCO2,15.878953672426874,4.9575878203671865e-05,18.308353241587355,2.8178658581730907
SHCBP1,0.0014292104415539733,4.4230825411692845,18.975626650757057,8.147559824589132
EID2B,4.372225543640858,1.6827537000717345,14.15730056655891,14.41169545211541
PRKD1,6.844025731750288,7.854181829347296e-11,10.38736802223959,19.822197653790813
ST6GALNAC6,0.03576038994764021,15.243352138587783,12.3432867459946,15.324085318569882
C6orf57,0.0068561479031070535,11.111533778183425,12.063827108713147,12.248696084794457
MIB1,29.363202891045514,2.8250323482468687e-06,14.208783063615995,10.35261061203768
PPP2R3A,25.560650459229436,0.6507830295006664,18.813066808632836,4.851622753378859
LRRC23,22.462958112906826,4.025236317085044,11.727787839140744,15.951847909468503
CHST10,1.7429196612608697,0.6860511849456836,15.173436778115413,15.90501636792339
CCDC34,16.24525452026738,0.01627091501896763,15.931159125853037,13.796250515413586
C5orf34,32.20568649789453,0.29495257687871795,14.238527547041981,11.972110787719362
NEK11,0.49223654600608135,8.546869207293613,8.413871046748701,18.64910391944923
SPSB4,23.84090869987604,1.152249634528012e-15,17.722594524609224,5.681290335914398
AMT,6.46536886774995,25.781515984926777,10.580704653634566,16.338907804911557
ACSS1,2.181216626957412,17.080010130127103,7.192871273204338,16.1676303750261
ZFP28,4.634436684751045,2.9042926594121155e-08,10.421212047790902,16.787257222741548
ADIPOR2,54.04787191023089,4.119941510854661,6.163621087184177,12.16320404271099
PCTP,0.008839754781962677,42.728497485906466,9.620500149883275,7.596417126398524
MOB3C,25.260891175388245,41.8779389314039,5.570311867206381,12.590119695825553
KIRREL,26.56402353681768,1.3714312888308514e-15,11.947958788876544,12.672084411160606
FAM86DP,0.04996254875417763,0.0011956993402480471,17.59540490344535,14.539243318803198
CLIP4,51.10128654606168,13.534242405073819,8.97903749698585,15.486955748451587
PLEKHA2,0.03083654011098801,18.014234071803344,11.348247467551127,14.57332904419386
ASB13,4.842383543371149,4.6048741211224815,20.671346663159053,6.755208332608847
TAP2,13.13655879497661,21.386539189067253,4.406310204356893,17.2059353330117
ZNF765,3.810319911364596,2.639559153053427,13.833264309990295,15.840741193570471
PAXIP1,29.98544770404669,5.880426750978962,14.636269408004438,9.382939813432232
SRD5A3,45.18733792183203,13.084235207137125,10.58935678146628,9.001550346525635
MGAT4B,0.9930968102742054,12.668267471405937,15.727608866900459,13.810402651726367
C9orf9,24.49477614075547,0.3695725873865025,14.591707654445313,14.59335890506028
TTC23,25.099722236097353,4.765621206075014e-06,6.912938720978675,23.22946452163914
B4GALT5,0.00017248223905778331,1.6344336863813151,11.04007978152994,20.864244758243604
IDI2-AS1,23.079697133651827,9.220942308398449,12.484836491676226,6.746295324610102
PPAPDC2,22.965031467116795,6.284570783882349,17.295416138222414,8.431058646327237
FAM131B,20.923338245414715,4.229931327242855e-06,16.970772550782257,9.113188757497994
HSD17B7P2,4.127920847676423,9.686510867566096,13.072498964236814,13.065082131837435
UBE2S,0.0053235048422249995,0.0007847887518003693,16.21333163637994,8.672251889302181
SYS1-DBNDD2,3.726857556817376e-07,9.141853213530314e-06,13.25026071131569,18.300266574121594
ZNF665,7.801977411334586,3.0360388067257564,9.437353389487942,17.215989362826253
RALGPS1,9.168647747649327,2.882460197864897,19.94332390340777,2.675617268718451
PLEC,0.00019027267024856117,28.999890395043703,8.380390261428275,17.873877021560762
OCEL1,5.892608231258876,31.628493654081286,4.577161132700999,15.691331563292588
GAREML,25.47107372346374,2.8726799013728996e-05,17.31280737196592,4.069294871247154
ZNF382,25.718511178138474,6.9067047114601365,15.336763495953052,7.862874986213629
GTF2IRD2B,24.606826544503175,3.124854877053635,14.688188738660388,11.074629614754576
ATXN7L2,15.69760409348104,0.003054092781449536,19.176935561293167,10.590653992519684
PI4KAP1,6.022616232312326,3.0917395083520174,16.128171815429052,13.898584001363579
SGOL2,13.204886873052798,1.3780669448358767,19.851336744320577,4.842991343987552
ARL6,0.6945158533249975,9.431156700938013,14.848878719747983,15.4659593044348
CCDC136,28.493473242968875,6.977656744580718,12.454123062288964,6.590747219972523
RCN3,4.109371767999349e-06,21.24096061107319,10.668768399114672,9.96261299623672
KIAA1958,18.504536352945014,2.0970861513297636e-12,16.581780106859767,14.686103081011003
TMEM55B,12.035300074408749,19.48351678302444,10.25199365785883,14.618394063558931
RMDN2,15.622365653353484,20.4814693123726,10.170904938724487,16.464105919908082
MPDZ,24.098672811977018,4.249267103441346e-07,16.680797181111767,13.162469062896488
LIN9,38.01778870306344,3.037635780136011e-05,16.918800949876676,6.579210593937218
ZNF252P,21.14873705453464,12.690611757450586,10.444725063404638,17.1909963315908
PPM1L,2.4554196464311677,3.0533053305836244,20.003400058082498,3.7658002951917497
ZNF597,29.091287606459357,7.649654185413663,13.668266520801902,13.240159952974365
TBC1D10A,3.494393420878957e-06,23.41726743495271,6.061548653617252,15.60147445087174
SASH1,11.63094228001959,3.984387794359531e-10,13.218737065594418,16.90915690915162
LOC100134868,0.8397078671148217,1.573533001620808e-05,18.398400356900535,9.650031020401297
PLA2G6,40.365822967284295,5.121492945139322,8.709384001910315,17.415425317673847
ZNF225,8.191759714959918,3.0537221083737e-13,13.030282943042618,13.24375280405448
KLRG1,0.011941041102975768,17.166805421831253,15.608686458349444,5.525987993458572
BRD7P3,3.591758835739652,10.613309292408145,14.700682967258038,12.512937554063965
GREB1,34.27422705800241,4.169290684089618,18.637161811288195,6.0507827092327515
BMP1,22.78643488527638,6.322869726880862,11.217451283819038,17.52369478244763
MYCBP2,14.587856549175287,22.648567671827905,17.103550316084153,6.087727375605502
VAV2,15.4097109500824,5.021861440420721e-10,13.643999427382926,14.6532825880804
MTHFS,15.763166868856162,17.21276683347892,4.5180853404401065,18.13547226795957
DCLRE1A,11.257477548127591,0.0070236215741688295,14.795681651730964,9.752875672448345
TMEM87B,8.414020534552435,30.745139283371554,7.611273204294224,17.23393332746254
PARP16,22.661829892478977,9.649517436593671,15.169292475732322,13.240686726017323
LOC100132273,22.444580119256205,3.644674542923509,15.607634989184616,11.074502645384838
TMEM201,14.988607218610712,6.929452416301538e-11,15.504877430587083,13.739300470861147
C1orf186,1.8967089241711704e-110,24.819155038850162,4.1114402407536e-33,2.5556739355924303e-40
FLJ42875,1.0602295871478764e-10,5.308363399934521e-33,3.555505586823171e-08,5.518444293849485
P2RX1,3.1311937693563027e-30,28.797982693863894,8.883595937137486e-22,2.2445815962945684e-35
HOXB5,14.768777311321523,0.00013866106625820234,2.3965288894025494,7.658181805605638e-15
NDST4,0.0032557874038068335,5.409847385583564,3.956482755747701,1.6485105597264706e-31
PCBP3,7.160729550644228,1.1420803561228647,1.9407316797593153,1.8443566357226653
CPXM2,2.0568571989666022e-42,3.341790581144546e-87,8.564623208217328e-16,4.775958105730302
ZNF208,8.291036323607415e-15,3.665046467443924,4.596397812469872,8.722878979039403e-35
DKK1,12.261765891438197,3.1072157399678007e-34,1.0890623815905436,1.8671847963832091
IGFBP1,7.292237685446314e-28,2.324104978447571e-21,7.352021835046435e-25,4.965815811530337
SCN7A,5.025188376886179e-06,0.005932180529433195,9.419773877862592e-06,7.404597274626378
SIRPB1,8.216750347625538e-28,26.361161179489294,2.2259702675148594e-13,1.6714008996372942e-25
TMEM200A,1.4713931738219696e-30,1.9825001413363217,2.9816783887076563,2.9320851371589094
CYYR1,3.8562660393438686e-27,1.672130640744803e-26,1.655212544177555,3.757563466894782
BATF,8.01990528636553e-09,23.576023138226446,0.029163829186066963,1.6511292938730338
PARP15,2.230388192430878e-34,10.93049984202529,1.5153148844924291e-09,3.3111379046121017
RNF212,1.5833764276925837e-40,4.883033733822104e-05,3.736091054492562,6.704158963525651e-34
FCRL6,3.519375323345056e-47,8.432337646059155,4.381363808758235e-21,3.0471975741305206
AGPAT9,1.8562375632688598e-08,27.53402476440747,0.04381368801981274,1.2182899423497016
GYLTL1B,6.947047912236095e-53,1.3979877749722406e-77,7.817528864517381e-21,4.513423470573202
GDF3,4.706044771117041e-26,1.1708356871439667e-44,1.3588923466803675,1.7487221428025461
DHRS2,16.47874872501403,0.8743112435555811,2.48630219140857,5.081118298990296e-14
ANKUB1,14.08678949013498,1.7028504668995321e-31,8.391944775114491e-10,1.4978204158663098
CCL8,1.7646878756576412e-22,24.58733887980434,1.4334586060154518e-20,1.1831879632212203
KCNA5,7.345397751770004e-15,1.9274900310729607e-19,3.4757943105474856,2.034045043515204e-12
FLJ41350,5.173857823081009e-08,8.421636304108015e-23,7.4076964144411725,4.231145127223645e-31
IL2RB,1.0410715261581655e-12,9.887221083090852,2.2972593723256526e-15,2.8553660128600478
SLAMF1,2.1833875920480755e-06,6.138625720750756,4.263259552531033e-05,2.9964016127056894
ANPEP,7.729030992181794e-16,14.49815176784725,2.7462045007711868e-14,4.677295566516077
CD1C,5.709280200178161e-55,23.745891909046257,3.072841088442696e-32,3.2597425150622507e-31
CD300E,2.439904830260081e-06,25.81476846620983,1.3956929271277044e-12,2.5325355399552705
SPI1,3.7357411932064944e-23,28.925651020626972,2.1209089514935368e-18,0.009819020309916656
CXCL5,5.608549153694605e-22,3.524483692392978,1.7315254972978484,0.8692300850422023
FLRT2,8.486205749033521,2.3863301082458492,1.9793084838252293,3.8300927544850794
MAP4K1,1.8228217966843982e-06,24.069719521637055,0.040939699272836895,1.7953031699729733
CCL7,2.109528876831054,7.963631437406816,1.755376429484957e-35,1.7541665222928322
DNAH11,1.019116596636278e-09,5.2292303669664846e-17,2.8252330686612033,5.307947305820738
ULK4P3,7.740935083716121e-07,10.920518362105465,1.8344114904185005,2.8521733210998597
SRL,9.553154379921216,1.0629395883676147e-10,3.556783569868872,1.4105003034949402
CDH5,2.344613335633856e-13,4.76224694433072e-38,0.0037800421858677265,8.892807833782811
RIPK4,2.5998105849736726e-60,1.9163604883867088e-93,2.8515487418281085,1.0680173028312632e-31
MLPH,2.542255326744378e-30,11.708225341867992,0.49170553468045863,1.0988769811178338
SGCD,16.39366730298379,6.621145846186815e-19,5.126134578332861,7.0717599665228925e-06
GSTM5,7.710613445655424e-16,1.0142516226209812,3.9991077048925376,3.4205674006752136
LOC100505795,47.738449411157575,4.66254355431599e-09,0.3704150023720468,1.4139709046226694
DPRXP4,1.129030293549494e-16,25.506401314513347,0.33884075829330684,5.00485812640306e-10
FRAS1,16.249106050018174,2.002513354274027e-07,4.902736662130492,6.608854522020471e-16
XCL1,1.742933356688853,6.543686417115295,7.5457688729253526e-06,3.446274082112022
ABCB4,0.13580754420518398,3.907767331299936,6.085437964479985,0.09619817572717634
SCARNA22,1.6164664921254694e-11,9.476762274284056e-22,6.314281571186128,1.3486445166171298e-18
TFEC,3.069062831857344e-13,28.47351911623763,5.010770654651906e-12,6.357410965168278e-06
SLAMF8,9.056271386347446e-10,27.228824346433928,1.3097860405507207,6.28250804218737e-07
PLVAP,6.041414701798009e-14,23.3588857887905,1.279368829327199e-10,3.3441605825016802
DPRX,3.3467098689181344e-10,6.9040937353916e-56,0.8946795258430723,1.978484865880747
HOXB-AS5,3.566770804968224e-13,1.0682800438241886e-50,2.5273709378156006,2.0611213703252687
SOCS2-AS1,1.1034588137160267e-35,2.0332800516666158e-22,1.1043805749247904,8.871608127229287
AKR1C1,8.418886079452274e-11,5.599152943755361e-15,5.775290368297914,8.385601856377207e-19
IL2RA,4.9697485681713,20.209373083289965,0.892768086461776,0.7438832130534614
KCNK2,5.913423442791491,8.005779854969787e-05,7.680485246537119,2.5558008484683082e-23
STEAP4,10.035658542531976,1.6927539146248813,4.580707058561362,1.4634549381165356
IL18R1,1.2536117676239163e-33,13.860746817018818,9.349671385607047e-07,2.378195487084331
FOXD2-AS1,0.0006515321983212287,0.0005652292252364839,6.190284249884547,0.6545584202350386
HAPLN2,39.13327886226302,1.9571802094139825,2.485423957891184,0.2133914644975515
SNORA42,0.006471598612599932,6.458209095526464,3.0629765935068898,3.7620090112191917
MS4A14,4.906946072945792,25.950472387098028,9.045334704939772e-11,1.4307497034905354
SNAR-B1,7.276960122471546e-24,4.046107721202236e-32,3.028230302286162,1.4986478232810505
SNAR-B2,7.276960122471546e-24,4.046107721202236e-32,3.028230302286162,1.4986478232810505
KCNH1,1.5126431814372652,3.8208302195731164e-05,5.636583577629085,2.671198282572589e-24
SOHLH2,8.258703607731808e-11,9.195625550580317e-18,2.372181654303671,3.2629007353539934
HLA-DOB,7.811958984427111e-05,22.10264940762669,0.7757799745107578,8.186261328195182e-06
TSPAN8,5.352544998296734,2.5516843313149294e-05,0.868891567140135,3.192408909997542
KCTD16,13.101453188399214,1.6310893560156583,3.1794128653831035,8.630891654348828e-26
MSL3P1,2.2689399624036676e-30,5.375221005227785,6.232238127350999,5.234278720840629e-19
TPBG,0.0010422343731212157,2.8684046929779436e-06,3.9817792572069535,1.6620956949098584
VEPH1,3.4716961805061674e-30,1.1496322453729406e-15,1.5964561843441565,4.389345254547471
TIGIT,2.320071265492535,6.219496530248013,1.1300098630286186,4.964003317510696
ZIC4,3.536077185462308,0.0004989636926122155,5.453290086483362,2.159790927012875
RERG,1.8229419827811804e-22,0.0011042167967098807,0.5454636229817236,4.196660498908163
PDYN,3.0592649765811944e-28,0.00282321353387792,2.015760655711792,1.775261751766135
GGT5,2.639418278319462e-17,3.111974485889117e-26,0.3492999480377186,5.192191058574158
PGF,7.37185341031993,3.559821623794903e-14,4.209744186809644,1.8837786872981206
NHLH2,3.1857489881297134,4.689425335221863,2.9736815599145023,8.715927883059754e-24
PPP1R1B,3.5440182917833445,0.001860031367669973,0.002799907804687421,7.343150745717107
GZMM,3.997749057805845e-27,15.975458928946024,1.6847983856351356e-08,1.9769744306609083
ANXA2P1,4.889324351881032,1.169375408413666e-05,4.389917179396856,2.8913365517227017
ADAM33,2.787882854951191e-07,6.641668119892337e-22,1.5383915145735347,6.621946300146572
SLC18A3,2.0061885148646892e-36,3.0782571218345826e-53,3.955723699753804,1.2463899037824017e-17
C14orf39,9.615658784428294e-27,1.0103244050224631e-53,4.786819576483701,7.520542234496315e-37
ST8SIA2,0.003945906505594716,7.154291483621075e-07,7.184347936243531,3.121770785881402e-14
DTHD1,9.032563969795055,2.583492916477444e-13,3.878471658189241e-06,5.8314599223315415
TPH1,4.853608913190152e-21,6.463973222519434e-25,8.647574034898359e-08,4.966001776842468
ZNF826P,2.50220325287866,2.1739939211959083,6.841560312123474,1.0872842656905792e-23
HMSD,31.5142577404442,1.3093157483311199e-10,1.9936941311063212,3.302254058042949e-14
FBN2,4.2830280995287456e-29,1.892059203696693e-14,5.866859613882771,0.06601777065923717
BMP5,6.838027266129237e-23,8.902287566023426e-27,2.1639924562719473,1.8042971117432263
TWIST1,4.268878490183508e-16,1.1708191309095168e-22,0.16391443375487627,6.1521641879598015
NUDT16P1,8.93920198753941e-07,27.871871427720954,0.2083454870500246,0.5109451285467361
CPS1,10.40613443585592,1.089853413096069e-09,2.6814815351908425,3.764038113255498
DDIT4L,0.0006670292489289533,4.022842205303017,0.2832623959514807,7.832712025594993
MATN4,1.2484545823528576e-05,0.005657600369734509,3.6890199967377106,2.5742015323722867
CRHBP,40.32816397191374,5.593253607771954,8.593510811568457e-12,5.010194580066251e-13
CD34,6.4324496887268685,3.882514209385045e-23,0.08159790605514369,8.12877159035943
IL17RA,0.005376045291067208,26.55633492356492,2.2078574510813267,1.211199503583254
GLRA3,10.21636897472189,7.466955493349727,3.3426122814134662,7.522663341951485e-27
MYOF,2.4216202990488327e-17,17.80655139077737,2.1907409132582857e-07,7.241093768184187
SEMA3D,0.11236532952199452,1.0637191117799711,1.030096438766463,3.5490166733748922
SYT13,3.271558165105931e-07,4.709290418884332e-05,8.166764656709853,1.0777627425260832e-25
ZDHHC23,5.456419757388909e-08,4.1893773271150174e-27,0.10843956152563612,8.576243938157237
HCG23,0.00013238926224682016,1.2098376667163118,6.496354590165803,3.1472287307839353e-11
ELOVL7,23.007887457900292,4.193244456491395,2.6248391738674473,1.2403194021192736
HCAR2,1.800764472909372,21.511116860018188,1.5318632640559642,5.148594805678821e-06
NEXN,3.6266362854054512,0.0001904738607374777,0.4552140877798767,8.152262938062297
CES4A,39.893790757391976,11.142262160861396,9.876312973528013e-08,0.012725591908777426
AQP9,3.6878666235089566,16.361697227295036,1.9664052693645178,1.6082341022249975e-08
JAKMIP2-AS1,4.287462691915422e-06,0.0016056955947325426,5.398767732151358,4.14053500979152
RAB11FIP1,5.33948351530934e-05,24.353326077165217,1.018534963513366,1.578333323576608
CCDC170,9.127362699838514e-17,7.526611886954551,2.8934644215454677,8.69910589340526e-26
NPR1,8.652246115505671e-51,9.118602798072332e-08,0.0005893449451958397,5.1748608302415535
KLF2,0.21248147367684378,24.812847251012798,0.1336642045252902,1.3345676225649878
EN2,17.58632419897101,5.233564256785492,3.658412780523591,0.0033577500529713743
PCED1B-AS1,3.074991945788284e-05,24.730482702671704,0.8437029201297264,1.2183923243689818
SPINT1,8.628408263777342e-13,25.514412627700747,1.188510689593332e-06,0.05843812481951408
ANKRD20A5P,18.323321908306188,4.085037581305226,3.5489571643833338,1.2376249089713744e-08
FOLR1,7.5637800388338485,6.854548907875438e-09,1.1032286941927796,5.009303204243433
GPC5,11.83888964462196,6.421341787049472,0.5634285590647868,3.1726184996457576
KCTD4,20.713742660490563,0.0013279301400117081,2.5711489574860136,0.3692077366774848
TMEM132C,4.234161909714441e-18,5.491149388622759e-08,5.114934987333367,1.6052433335279593e-06
TFAP2A,20.830366088278073,6.346761766788367,5.169069293645598,3.5633356681907586e-08
ALOX15B,6.997438819107806,13.672629190705779,1.3982466636757018,5.277071526874519e-11
SYNGR3,1.5905705086598888e-35,9.771015141155269e-06,7.420425433346162,1.5029695560331022e-22
C1QL1,4.275680460864727e-05,1.3255267156307602e-18,6.987263436164617,1.5681510992789813
THNSL2,7.44053544435796,5.7696654285790965,4.740256303436712,0.6801689600655569
TMEM235,36.79651090567873,1.3269147337450501e-18,1.4147118582450531e-11,0.4422996373463155
DLGAP1-AS5,2.0801191121508587e-17,6.601923153438589e-12,6.686358336303013,5.505728009384271e-38
GABRD,5.052926917424592,3.3535897819722864,4.6955841860829635,2.8929992598332823e-06
CMYA5,1.776291445291222e-05,3.7709135048077367,1.0820636248489852,9.554629045282077
UNC93B1,1.874667560024821e-05,25.278988349445257,0.31623949660281314,4.909909204774321
UNC13D,2.927297102066413,23.737459986765746,0.7184805144424767,3.7630399237939773
TMEM37,10.932464392574708,19.921880393764926,0.23959852592808883,3.508406438999909
MAN1A1,5.927635079188879e-24,23.21828882961595,7.537608696344474e-13,2.3413278772529904
LAMB3,3.304654805374541,3.7815700013421336e-25,0.16417973095718855,7.0684612858802955
FMO5,10.213455287612812,22.40801336899972,2.5705096604784763,0.6997746704626621
SNAI3,4.8003433652015966e-12,23.524060474755316,5.72983319356909e-15,1.941323900943173
WNT5B,13.17470251005315,3.104054270951433,2.334108487879126,4.011317935688934
MN1,2.9941545579387193e-05,5.697560738727374e-12,7.473238246153806,1.9596008587962477
C9orf66,1.0509174900529789e-07,23.5537274934364,0.5476500970491772,0.03704355345194377
TMEM14E,3.0191117655943653e-07,17.820879903015978,1.5506114358909198,3.520372373709696
FAM46C,1.071521805849124,6.260199844599093,1.5953394142881938,3.7688434979393803
CELF5,1.7520905644843114,2.2656266651496675,8.850194225937651,8.580664636664134e-24
KCNN3,8.658430131646766,5.2801725050669955e-08,1.896379206791926,8.588512871165355
LRRC3B,1.5378677383542924e-28,0.0011236224843202396,3.9603558089457027,3.857187538214423
HIST1H3G,1.2629306725298545e-22,1.9303724197633918,1.0555247245393993,5.4856073388244715
PCDHB17,3.6381740973016297,4.002711953086068,5.270241030208897,2.222871331886424
OGFRL1,2.3822946084217387e-07,24.879162820341758,0.8877966860836098,4.61917517408343
NOX4,1.6034765343594133,0.006481891271865833,4.753575272648921,0.00027598247544307643
IZUMO4,2.832848979592172e-06,2.2011760561813186e-06,1.880910856907807e-09,8.923570944756026
HIST1H4H,2.522549244062169,4.08902463568966,2.2834738517626882,6.529909200089189
ADORA2A,19.71200539899413,5.665413549546291,3.31294378045819,2.8564883687066303
NEFH,9.95392314966184e-16,2.017893696921742,5.724497710217129,1.4429300017867669e-18
GNA14,3.2997127020189377e-18,0.015921160239283663,1.458436657864386,5.9385014847031075
CKMT2,2.3992438140318715,3.622668172872582e-05,0.020180624608862066,7.039973232223033
ZMYND10,6.908918654911645,7.851235272245823e-06,2.128329507631839,5.488311667355912
SLC44A3,4.259350768118153,3.9695903430042324e-19,0.033005229282382725,8.410494910514892
RTN4R,1.8609310042300562e-15,1.7659639679959774e-20,3.9170893367658124,3.1462490220998167
NCRNA00185,8.127872077924987,3.3353747907880122,5.698367375689205,0.00796716982143792
TMEM229B,0.0021282402666772584,1.8947363774843486,7.1183126499601075,0.23494721913444405
ABCC8,4.469914042729486,5.744343537248189,5.819481963349415,0.0008061244699866751
LGI3,38.66097647842513,0.00032383030564334456,0.9425811380438754,6.0535789193304886e-05
LRRC4B,0.0001355180790938583,2.0956119949255287e-27,2.423106596219092,5.037361157296255
FREM1,4.666928733098701e-06,1.0182731887172427e-36,3.8786555468606814,2.2060735346685885
CCDC69,0.6119255523034589,21.944675129735085,1.7897452563798046,2.8365741202530317
PLAG1,3.977926965692976e-05,22.36934882442564,0.9380772272285675,2.38141806601653
NKAIN1,3.644662782984602,8.276800804726767e-06,9.404970667530907,1.341074675924811e-26
EREG,2.3643031011334075,16.8227998569072,0.8716411905740123,2.195865628997982
AMIGO2,0.09570350109416187,5.677811474321476,2.69269908742944,2.492559715837733
RAB38,1.147665852676188e-25,12.727811636412916,3.992878181723484,0.007648403251070465
TMEM254-AS1,7.323777653460505,1.1002587312210126,5.490402432630651,2.8610607412838593
GRIK1-AS2,0.07179949798894211,1.107772948698811,2.740130783832837,6.662334417889768
SORCS3,1.708876079655181e-05,2.7844659829485294e-13,8.855427251832731,0.4103198599022316
LDHD,0.09739306507666141,23.54174237206632,0.8135120369024249,2.8693417153850547
HCG26,7.580858034954303,15.040713094709727,2.871123152437884e-12,2.8132691423983753
HRH2,0.14973083160620515,15.426350213330288,1.594664593799325,3.1719764387968956
GPR87,3.5850845455353977e-09,1.2183979490931157e-15,1.9904169210818834,9.30551013806424
DMBX1,0.012858427822321413,0.005928184385861453,4.849325294698138,4.126728134213162
PLXND1,9.845306592790207,24.137118266034175,0.7771463962614088,4.098176510660634
TMEM27,4.699375834915602e-11,1.09588062479807e-20,5.014629713829166,4.446822411070554
MYRIP,12.677947169743051,0.000542177592207602,2.6095229605671593,3.2229554803807945
KIAA1377,6.462866370505199,0.04782097987159859,3.3692486222228912,3.917665376171695
SYN3,2.7828890320421946,2.260996662583766e-12,7.678998919940311,8.784445414479028e-09
C11orf70,4.988348684221021,2.071522648450502,6.610152175293725,1.9763604645695574
SIPA1,0.6537276157450841,24.302498878432974,1.4506000262685381,2.1831897901690542
LINC00609,15.369649888233267,5.7419296268066535,3.604056447122664,1.072220285616449e-12
MIR3671,32.83819582448346,0.11594762402608376,1.3631594357183152,3.058644815465406
TTC12,8.444354791921432,3.097654117295523,1.9841080907640447,6.264077269378135
DAPK2,35.73502700756009,3.173519016167536e-19,1.9171879307622695,2.7249688346908916
RRAS,2.848279872910169e-05,6.255499763665004,0.7966587859090465,7.330512627046237
FAM167A,9.57540235311375,2.656586522950435,2.516613946661527,3.554518101475806
FAM149A,3.9722905137327627,18.885916155111907,3.5798750538105333,1.7156036050647059
PCDHA7,19.72268972526052,1.9222544328626644e-26,3.93028720383408,1.4832194852294343
CCDC8,8.016093675657332,1.12184575620894,2.1279356253868547,7.311249599718278
HHAT,7.681153402018424,2.861819964588999,3.0190295745236626,6.203347451026432
ETV7,7.116251599635789,5.248637544945499,0.00014008778312052167,6.887044672232329
ABHD12B,11.71623191600451,0.8650571101463823,0.8140619606270451,8.26832621052391
KCNA3,7.971340157297545,2.162932790919015,5.082354735144424,7.414675944813088e-08
ITPR1,4.799682825227683e-06,15.658478594404247,1.0573950513348152,6.65688623194457
GRHL1,7.179228212531194,0.4535949608576043,8.637067761523555,1.0924901310280283e-06
MAML3,0.6206847620899557,21.106047906259963,2.2715754593076434,2.7491486621043353
TMEM139,21.155948092799374,7.500762139810626e-15,3.2787811465953904,3.744945792841358
SLC8A3,6.132812987164123e-06,3.413385436500588,7.590587367520093,1.5563153439701352e-21
GSC,4.245882598827891,8.301291763364966e-09,1.892365423269973,8.102671533877988
NEURL1B,13.861460071901297,3.138647075692525e-05,4.469216505052081,1.602642166920766
STARD5,6.3819504785530174,22.729788813753885,1.494658233307232,0.7350372672893551
TRIM67,2.0861743973537767,1.5187776263770625,6.376914331376731,3.054235618288999e-23
MAP3K5,2.2414225030043967e-22,14.894022421146223,1.0883617879119446e-05,5.782504298731552
SYT14,9.689671867106286,1.9174058452734433,3.942656681949312,1.6475733884823842
TPRG1,10.716047134908685,8.617438483555521,1.0489326685821507,3.2393073920356055
TAS2R10,3.053687807459043,3.2429701339873667,4.075296313740357,4.385425841731676
GDF9,9.62760261142462,2.7567469854713542e-05,4.788765940654295,2.983895258126952
PCDHA13,5.9742241963812095,3.287387491255066,6.026126654588537,5.182075134918812e-10
LOC100128239,23.030216361711165,0.00010570120178771426,5.835940154466161,2.0121593799675805
PLEKHA4,1.0133798188877524e-09,4.9289584842980565e-14,1.2369499866388984,10.73432758450551
CARD6,2.58243352417002,18.897201255383777,1.066349902896233,5.298060043553514
CHRFAM7A,3.8497539273933374,13.266039224311177,2.872617657855972,0.7969246448457165
C5orf27,7.664008706553415,14.397237825732937,1.947052289622298,4.549973217258432
RTKN2,7.333936676026797e-07,1.9519661103871087e-16,9.603320506816388,7.83416705167382e-15
PRH1,14.955357052119876,0.03852086538405376,3.350296801387356,3.54264042542014
MLLT10P1,0.00019204660645940925,7.6469867222940175,7.716718501772291,7.965154825734184e-15
TAS2R31,3.528762718969442,5.979414224989477,4.869656330307439,4.41712255474293
C8orf42,3.5309597730874126e-19,3.5584955104971656,5.1611428508100765,5.2424738240532704
PCDHA5,20.68974027391714,7.604194988278589e-08,4.734029528604132,0.00022062223194192432
RNU4ATAC,0.03141945121715315,12.970836571372068,2.1241640922167235,2.7059932346135604
LOC286297,1.275962220258833e-07,5.189163616797703e-13,4.862712547010492,3.2585077650239103
NKX3-1,0.060529736584389995,8.070209224272807,4.718899302603756,0.8276232253616784
LRRC6,8.827130305576676e-07,3.1117552555116204,1.2936727846450384,6.958286819026453
DLEU7,4.34506148804227,22.382116724307753,2.1565480937113146,1.1419158239909999e-06
MB21D1,21.687813641306455,12.081851510998778,2.3637000172076936,3.019757284235089
TAS2R5,8.632788298895518,4.583785043794244,2.554380879556862,6.95479535697611
RAPGEF3,36.61835973600945,1.3485994388262252,2.014589152953142,3.317500118346987
F2RL1,1.5480800562506816,6.877322715557526,2.639092701130444,4.782323935183029
TSHZ2,7.3983351074622705,0.3635991793453379,3.919938970331423,4.845889567981921
TMEM257,6.937281877326692,1.141069711806958e-06,7.329029559241128,0.00023789641573226418
LOC150381,6.877496987685395,8.225761943278563,4.543356339951823,3.7456582391514575
KLF11,3.577339373268917e-07,2.210948806863135,7.438438951491133,0.042305140743973006
P2RX6,6.939678797608818,0.499459703126167,1.528368845541689,6.450001717907243
LOC100288911,2.72038486790737e-08,0.04497612637675526,4.267699160611244,5.409684653740516
NAV3,9.066491817892842,12.928985735679381,4.051829044167831,6.003450978690598e-06
HIST1H2BH,2.9485158422366783e-09,1.9204635434140835,5.2548649356816295,4.276390219516261
RUNX1T1,4.4149069457095695e-05,3.4064605818196654,5.678451617636464,3.372899631514217
TMPO-AS1,8.296224864775818,3.9723516919775963,3.8337359205454637,4.948652434012099
LEF1,0.0006036807995366308,2.6424797358344065,2.782706501082554,6.7196964664884415
SCUBE2,6.260232857898221,6.818438377331468e-20,4.000555687841236,3.4241507060905323
C4orf47,0.3251500604450912,3.276278704292959,1.3832706261707526,9.032829283049855
DNM1P46,1.4000397298972873,5.978489945005958,4.686717209926087,1.3755120632347948
FAM222A-AS1,7.628207194273305,3.292409566163739e-19,5.448866451299963,2.3950290058908075
AJUBA,12.959401691564047,0.9641432551430484,0.07455337969078232,9.619166894151242
ABCC6P2,4.9882950470435906e-08,0.0004365473633474479,1.8793521888079432,10.270974281667696
COBLL1,5.031067254877762,3.1612728147169515,2.1902739934717834,4.8810470022848325
SYT3,0.21590312138537063,4.057340700002138,6.586790907262571,0.9802263910537917
EMILIN2,5.260383312560469,9.683728031966643,1.7517841461725951,5.705422172631246
HOXD4,0.10778245348852716,3.141508817813436,5.7516729417705506,0.8958521470865455
GPR146,26.962035533314506,3.0407792719969122,2.031500518589857,3.7387609710294036
ZNF492,1.0215821840440819e-05,0.24429378046772074,7.989390143280046,0.4788038850240674
DPY19L2P3,3.7292682174739626,2.969670384422815,3.3615388810074207,7.362434945747599
MIR941-4,21.530387732415306,1.2750674088666385,4.01198287278051,1.4301506543564049
MCM8,6.1955899550697096,0.22147807283357085,6.389437484520383,3.109092266439263
CCDC89,0.0035749874504418136,2.8149149443344066,3.1205100937250734,5.30092946623306
TEAD3,10.856451197640904,1.5300051223852596e-18,3.8155401997754903,7.0913964678893135
FAM196A,0.004330511023227781,1.7079781771756319e-16,2.9027187342898295,8.460012678036875
HIST1H2AG,0.00019556691474014595,0.7265218319849261,4.180090836838524,6.851564090686728
MIR210HG,1.3934563773131237,3.624280015275783,3.2389625911208952,8.428162554906487
LOC100289361,2.401540072126021e-07,3.4115455445598446,4.944963576320967,3.5909940586284717
PLCXD2,9.943591330325589,2.4892912184685665,6.556589612771865,6.084187476428029e-14
ZNRF2,4.32529148247057,20.404795920103293,4.018636484652511,1.6873790747080653
MTMR7,6.548457030656628,5.046436591269093,6.827438390844623,5.675552739852353e-06
GAL3ST3,7.087083266023871e-05,2.88813375151989e-06,8.652308879871196,2.35906156493783
TBC1D4,3.2961347756367854,20.574298641709007,2.0378795824164757,1.9294352298373472
STAT5A,0.9406639605139898,21.040429295749874,0.6032538576403033,4.626620817507966
BCL2L12,1.4526734525215184,0.2601623590480286,1.369187097443924,10.384425427359412
HIST1H2AK,7.710532975685315,0.6578203804212798,6.654541428605181,2.4913902235414196
HCG11,0.024670810172198448,8.338313814109965,3.789428719675687,2.9681304447959294
ASPRV1,29.10307925767258,2.646426085986215,5.821274887587784,0.0031373780309043252
IL15,1.7754303606643984,18.76231029785261,0.693329872791318,3.6050146405913055
HIST2H2BC,1.286462610544647e-06,1.116865456549472,6.325999711526995,3.144465912443484
HOXA3,12.006873187972559,5.49467379694203,2.617772669367942,2.953585482215297
BMI1,1.5343301209510636,1.6636536065450016,7.273521055228254,3.5887198724358456
ACOT11,10.773011409654494,10.041472852418162,2.0979903091096372,5.952659330076899
BACE2,2.9221873251562123,4.6131281812403735,3.47156998834129,6.356810274085074
YPEL2,21.0548051942938,7.944245104820073,5.086770471283708,1.768785453284649
KCNK10,16.758296842617263,1.988903427955636e-06,4.874450759520299,0.5719358009109826
MMP24,1.6814097717979126,4.937421503922746,7.939544572038115,1.7524986466366568
BCL2,6.888581636582531,9.232627918209142,2.2388838553463772,4.390776549147631
MFSD4,9.309770228124538,1.3447701282392894,4.668159268795415,5.453670976500914
NFATC2,2.3796633969004003e-09,12.309801333833825,0.47785096517408704,7.226674736517782
TESK2,30.957328546709626,10.568550321712822,0.4827713827174124,2.586121251861241
B3GALT4,6.331084790647388,17.299437477577307,3.838535867767685,1.5177211572248293
CLSTN2,10.315223775595053,2.120059297865531,6.253595082570081,3.6233466127307805e-12
HOXD-AS1,12.349072029801913,3.15699844370329,6.047395826357869,1.1177543310502348e-13
CD274,5.20989194312602,13.437049763780323,0.10019642248741076,7.941104736497367
TSNAXIP1,7.223606625092998,0.1701117879182116,2.777228463097091,9.318107761186202
ZNF878,2.6112053497759233,1.4571865082130628,6.443661255925915,3.2066051725873495
KCNJ2-AS1,20.229798558998645,7.384014932852951e-21,3.1142376681741344,4.11115765084044
SYNM,8.572461030429201e-07,1.9057242868544703e-08,2.300246148317232,8.894349934214098
PRORSD1P,2.8431348865633344,15.69935234839328,4.420084506269343,3.6262977156554954
SLC43A1,9.629873158094724e-06,4.044609364996453,3.417998964208151,4.852450738444918
CIDEB,4.265376206015134,14.532114879695117,1.6926773852670156,4.646570248722288
OPLAH,3.0013950835130845,9.814850114732439,0.0055680589274915765,8.426304154156618
CYP2D7P1,18.129117695925665,3.117593892352675,5.929334069567448,2.11833885905092
RALGPS2,0.2760302482441172,4.422637535633748,8.829389122362151,3.3318415316571064e-10
PLCD4,15.611818429077207,1.6763791372432815,2.000273384503048,6.233634608803139
TSHZ3,5.521628806361496,6.657357171618295,5.571643062954051,3.8813668183886105
MSX1,2.60720306319938,0.0317600770139304,2.971308607113017,9.579178152709721
ITGB5,0.04600668932245698,6.69967912893022,4.278294650860147,3.9745952615247266
AIM2,12.13901428514936,11.407092738001975,2.5865254801580946,2.427757427827283
COMTD1,4.928931613146215,3.6692021522604477,3.4987415508657267,5.497892304377989
TTC39B,11.243900808823899,7.669176742906854,1.4702470738446174,7.25237593355211
MSRB2,1.3114614690920543e-05,4.843851843824778,6.358355814051108,2.7883204341970065
HNF4G,8.71281236251166,4.634735406411202e-15,1.370739761009157,8.450508549895847
HFE,13.496888839933659,14.724236520693076,0.006625973208767684,5.817015322352193
LOC285540,6.837603313617925,6.127192070228294,6.157918607029229,2.102069365168496
KIAA1522,0.04903331442544623,4.3564092431131884,5.921703547794451,4.265514444140525
NTN1,7.688059141298482e-05,7.208189747277125e-06,6.503427978144265,4.508370435394642
LINC00092,3.062765101587412e-05,0.009990298716980282,3.5276071714934476,7.4049056024532405
RASGRP4,5.136979562420462,20.221125637553172,2.154552686785922,1.3888575486103731
TAS2R14,6.707087926078449,1.8126007287687764,4.697581422261431,4.896505244110309
SLC13A3,17.879623077526222,1.059876762416715e-10,4.34205198222063,4.0593331190617885
EPN2-IT1,0.0016128877509540515,0.22180155828766904,7.635208325611509,3.9418147685156786
LIPE,32.68061697923929,0.1294545027741099,3.2830933768204,3.755696515731218
GPR35,0.0005031485956265102,20.859924185443194,2.318194554956497,2.147829100787393
SNORA33,0.004160727365876271,6.656971261677154,5.908443701360651,4.763004128514453
FBXL8,2.012295090796512,8.376948923166193,1.891973023182408,6.398532095482965
BEND6,20.57397345981393,0.007292663319882204,3.9136549809499015,5.926395974035709
KIAA0930,19.40975521398469,15.637582983382401,4.467564137142765,1.1510494447256452
JPH4,0.004418573436437939,2.9828460033977966,7.648214218540555,4.734525041921127e-08
PUS10,8.622477123181351,15.644651339873732,3.252298429824537,4.206747876558086
ARHGEF17,6.9108468172408545e-06,8.533546653393476e-09,3.947507569001244,7.886204711590772
PRR7,0.00019127537376999404,2.5641505242950373e-06,5.14530547271997,6.093041593941591
MYCN,20.184468618732225,4.523978382281657,5.430908483472665,0.0070442106271124206
CGREF1,5.413154342293758,0.8927419108295535,7.237474683228494,2.9798301838553822
PARP12,15.511519300591855,12.037708366770637,1.5587719086576248,6.260905756113298
WNT7B,0.04561511247710975,0.6459968397127073,8.222301823544122,0.0002303639890504458
LOC440040,3.901448006906438e-68,3.4595550756958374e-93,26.14258205846451,6.174252967904858e-36
NKG7,1.2675671696500366e-22,34.81132791295405,2.9485826721013482e-05,22.632034603100042
GIMAP7,8.148685856924473e-36,146.61180813979797,3.5497154199410097e-22,5.9099003135709935
NCF1,7.078442048547852e-27,191.42278985212295,2.831625203032364e-17,4.983153999926365e-20
VSTM2A,3.3213987170589987,9.536471300934988,13.678679803227588,20.664925942388745
ADRB2,4.553142673257557e-09,186.78642159221198,2.6182887004535363e-15,1.9737686777919753e-12
NCF2,1.2162807022914358e-11,195.15132083920165,5.463396797819006e-09,1.7850565834329903e-18
NCKAP1L,5.50645633269943e-13,196.59629854894462,1.4090925598517288e-12,2.544237443638082e-12
GAPT,1.766692113499003e-40,163.9137153420852,1.2675129502239886e-26,4.875446458421183e-34
TARP,3.2632295017797906e-48,15.742703755777152,3.1939453905099695e-16,21.717796719368625
CACNG5,2.5683529482732384e-13,1.6033091391694216e-07,17.59418937672792,9.895797602142768
SUSD3,1.2974664984902085e-35,171.62779313545204,2.3569702822405133e-24,3.529094669455702e-11
ETNK2,2.9123524731951137e-08,1.57391442430173e-26,32.404896727923024,7.412474593303603e-14
IFI27,0.003503494612178874,13.600235219257193,2.0871137638131228e-06,35.36030224209788
CSF3R,5.1431851207211367e-26,182.54596572243395,6.109124824042245e-22,0.006956339530206913
CD33,2.0739551111859974e-27,175.19792722221655,9.340969153862015e-23,4.0415538677795047e-14
NEFM,2.1378508209876908e-36,7.52128176108802e-05,31.569605950347043,6.389370637521922e-15
GZMK,7.504356108167874e-27,76.60707889674225,2.4046217542855565e-13,16.210765739563396
FAM95B1,9.744815788016191e-39,3.5769453714598536e-43,34.28224071498624,2.7043599871290214e-21
EMB,1.0901827770218064e-14,124.65027599093206,0.2350334573314937,15.115257206775228
FCGR1C,7.566985666370803e-16,182.0789410099444,4.396675933753724e-16,2.354608414111407e-13
STAB1,0.0012007373971826072,193.94464380308298,8.16586464817755e-07,1.1541885428063575e-05
RNASE2,8.184281899434637e-06,178.91457236748047,0.00010038390739545553,4.82968673142097
ANKRD20A8P,8.09214818973453e-29,6.266224955012668e-34,36.20443268718863,2.6573861796979423e-15
HGF,2.7438122091044824e-23,38.82550676859262,2.413374056265788,31.436540040008573
PLCB2,1.151205024960875e-26,169.89998859431557,5.264164798150255e-17,4.492471301765036e-16
ITGAX,3.1948810546930695e-13,179.8752008574808,8.787320211690444e-14,4.069659289894285e-08
GZMH,6.442450288973191e-43,8.431218483783065,1.1598395657972783e-15,20.46570997916958
PTPLAD2,1.3312968729224412e-25,161.32690078625916,6.967043043199837e-21,3.0192477209270525e-10
LZTS1,3.7114542567323635e-14,0.004031929712352273,19.073736507055777,38.665374291900946
HOXA9,124.08999161637212,0.3109840058394046,29.718074876994205,5.85668642861055e-30
CNTN2,182.08103608937716,1.2205703194082722e-08,26.731585086191664,7.052634415105365e-18
FBLN2,7.22128021257021e-45,0.008179929800222592,13.020712352056718,9.629649865263046
THBD,6.612822559495334,102.48548217616721,13.111003196493439,0.000366846467317509
PITX2,43.538257792760696,1.0752127960227523e-14,19.613277225694873,4.704523708185348e-13
C10orf35,55.71858525794951,1.4862785167094836e-16,34.55579869155857,12.540701231665759
FCN1,2.214546838790525e-29,152.5280328161713,9.972241762313452e-27,1.6674308559137308e-18
RAPGEF5,289.9904218223412,0.0011642687700504455,6.771315535220708,1.1966478304575105e-10
ITGAM,3.87055354234512e-25,164.38703876636754,6.67077440410331e-23,1.2156210045270712e-16
IGDCC3,1.1637601501797201e-19,6.492266958343908e-47,9.296561700875241e-07,29.657967736404178
CYGB,4.04858293357231e-57,6.854937441698299e-73,7.757917453357385e-20,25.043368331616534
AKR1C3,2.920860171693094e-16,4.637420983760162e-09,0.00046845739694613707,28.311031758614106
PCOLCE,1.764449434737989e-11,2.850694033120834e-06,4.025378405383545,53.59954978164878
NABP1,0.04228544414011556,160.62242120910852,11.522346834913659,7.11924635571462
NR4A3,10.370377502525844,126.65423808980393,6.8902604448101865,0.0002834601258071888
BLNK,4.563660882944264e-34,151.94687037223815,1.330014055011899e-26,2.283880075549435e-11
PCDHGB6,35.89590460643773,0.016651479646999156,24.805869719331927,21.0974685008873
FERMT3,1.8647160261006354e-13,171.96915079913572,1.3994876877973968e-07,7.309375128361641
NPL,30.06847020183944,159.67197620636256,0.0033436046004543855,22.512293529417292
SDC4,4.380573376645867e-14,20.871369691387102,2.129470728821534e-08,69.87851114191749
ALDH1L1,2.0871295545783015,6.140528635599132,1.3563468393808062e-11,66.05490958636322
MKNK1,0.00012138278568464518,182.14708735564648,8.06715482947887,12.230480996724411
QPCT,3.3785262399877277e-34,43.21875728811036,16.767690407603453,3.0394010678538934
CCL20,5.250293726595239e-17,55.244794074795216,4.607768127617801,17.862350787058816
LTF,2.158715138649588e-07,30.99816715815131,0.018941646082616954,22.771462139978336
INA,0.003053040279579761,0.00010900533716597368,50.758928631471136,2.849727327990698e-31
FRZB,6.676913114722877,5.344006910718314,7.237425784429953,24.463143777700164
SLC1A1,1.6353671548711468e-06,5.0174347304315e-05,54.96533505823216,4.384148020986619e-30
FGF12,2.9614381656023574e-13,31.491398384679666,41.97857424779334,2.636926715962839e-21
LOC646329,21.199097921992216,15.93299715299927,8.172420406214835,34.82145244206444
DIO2,33.429230032480355,1.5791447409407365e-12,0.00023391106451165449,41.28785800299354
LTBR,2.9132819096794526e-07,161.42105741974086,2.2553506822268354,7.066790929815145
ST6GAL2,55.564413387434115,61.93432500126292,25.871099340163408,0.007454440160157979
SQRDL,9.948294675259001e-14,146.39160388431046,3.019572882054333e-11,22.225169627702954
CAV1,14.635810608890285,26.225792708213955,23.297520718974685,24.659034860085104
CNN2,5.31588179703934e-29,60.670181167042884,9.66274911446444,20.99014624251944
APBB1IP,3.4894135572562495e-23,157.03482688566655,6.522235683417217e-18,9.644800297265951e-06
TMEM125,273.61852266063283,1.5257703758024133e-19,1.0641496641188849e-13,1.039874050592903e-14
GBP2,0.004371512733439906,87.25005805601515,5.40853815312525e-07,48.79429983500536
MYO1F,6.888800786115193e-16,163.5138266688809,5.028394240511371e-16,0.22602492673243027
GSX1,76.60212158008329,3.1402387017961684e-28,39.10944610842015,4.2305860904696587e-16
PCDHGA9,35.299153513267804,18.30268894148314,21.99172263840222,19.724664059619666
CLEC2B,16.444803524876797,89.64024507790948,13.690666989344708,22.675789452132733
SEMA3B,279.3090375083152,1.128333813839982,0.017595460365795283,30.085843151954286
H2AFY2,0.2536948467448917,5.836742080142032e-21,56.03272882670859,1.2274343495583526e-15
EYA1,63.65906317464219,8.45574184353273e-09,28.919206739958216,1.0173678589256057e-26
RPS6KA1,2.8506169151744875e-05,166.7072484043798,0.004659257587019544,0.6584760307729238
ACSBG1,4.8928403704984384e-17,4.77802367916215e-16,0.003551699137106363,67.69087508666946
ADAMTS4,213.70646535877606,25.813687996148666,16.38706109770321,9.509642969999707
ANKRD20A4,6.281091871975637e-16,1.0120113313471955e-23,33.39426866339608,1.1877474480796392e-09
PCDHGA11,27.580726362972474,6.930799233957759e-21,20.502618327659864,14.667759675384762
IPO13,31.86045856239671,15.434823997699388,9.233730527834794,35.23191950380559
SYTL2,34.02975278960207,10.463573287473631,3.8380672079684808,55.67875290672797
SLN,2.165933753006221e-07,0.01773991730595495,5.973017585893061,44.25144577592183
RPL39L,0.016177317017582873,0.07454420746600249,44.081544505837975,1.0052335499874153e-10
ACHE,30.656320809337554,8.429545896784811,26.178982485240102,26.527526151948948
GPX3,4.927222951685027,76.01981785865364,9.550945001116142,41.64662591080095
CLEC5A,6.881878325573231e-17,159.65617275778627,3.2919089577863426e-06,2.8204347569305694
PCDHB8,73.0290954178606,7.1438578077251735,34.584754945469435,11.426880542362314
LUZP2,114.6122199835465,3.5784995029611436e-18,37.66157090253983,1.3219950136397652e-11
TRPM3,1.0382244161919766e-20,5.70957086422612e-36,0.30873453088953184,46.78513279243418
LINC00340,83.00335196551544,0.08214032192586673,34.916259879409374,0.006634760705358434
LAMA4,2.2479552750159443e-25,1.4148883472904364e-23,34.78321431901927,25.270787262154123
ACTL6B,3.4897694055458084,12.597471799651418,41.17056518106377,5.174136794357025e-22
RGS6,5.6251165510223125e-34,5.908386527702144e-07,2.843149388247256,54.10872161747349
MERTK,54.850426662877766,136.50181468847296,2.3316786393667233,29.489527240607433
HIST3H2A,2.7401176018985707e-06,5.645288418505863e-12,45.6298713237413,0.010363678021943474
BASP1,0.014502645646870453,29.083678300344506,46.844150394280476,4.643462549166831e-30
MFAP2,2.96713216222856e-20,2.3080968057575123e-34,37.08580450748053,7.682620942614053e-17
B4GALT1,0.26832369181608495,135.9912154893187,2.0750627978034,19.264562911985394
SYT1,55.681563804440664,15.846762278911365,32.20367828846551,3.209214846715546e-22
PTPRF,0.44025937952404465,4.0990064374400147e-11,16.730733914388907,43.18457056990956
FGF1,167.42584478890728,0.0003021165607416859,0.0007462728484730415,44.88590690458166
NINJ2,251.43964072878887,45.97696956915424,1.5968896103624184,0.02599788002758262
SNTG1,50.672821562392585,10.42369124560663,33.74876218106369,24.33760858759029
KCTD12,3.2072641514814153e-06,153.54803359753805,4.657859876657005,15.695206792732765
ENG,0.0005184982635726304,150.53270338378496,6.309161778625994,12.877982540807317
HOXA10,52.61583507244939,2.404227622939139e-10,31.591112352263963,7.738898846302338e-09
VIPR2,72.32465680853863,33.308347414186024,26.94550152416942,1.4605061355031973e-17
RAB40B,239.03837807055524,11.81813610692445,14.51605668195565,1.602575727448799
ZDHHC11,114.57280259400834,6.726856297946266,26.850679397072906,10.022250308735883
RNF220,193.4496359646949,7.062169443916209e-05,6.508950273839795,43.93033857525752
GPR19,10.747497598897395,1.9503959679102376e-06,49.33123927984718,6.084716510280158
LRRC61,1.8383601589464868e-34,0.047634309304383074,40.18793525590548,5.923704286333174e-16
HAS2,1.1444369209763659e-12,5.2643733350270366e-09,34.92270440515234,27.178012935839966
AHR,7.581533598679472,24.04964904516482,19.301971321004093,17.45451106590034
PTGS1,1.2056340599369946e-15,106.68541540596142,2.847903971221836,21.154560671911952
MYT1,1.1150802421133368,0.0037790516340256044,57.32411379121467,4.135845567710144e-15
RILPL2,28.082905553628123,147.6914716934905,5.804914093909259,15.80712980429959
IRS2,0.007712327203035402,24.140938051855137,11.468962484848461,56.10202463107764
TMTC4,114.6585342494435,8.302041870624361,35.090748019869196,16.069056937308677
REEP1,0.9223444984000416,12.411530638002395,54.25547631043138,3.398743959347423e-21
DGKB,87.77820937484351,16.899398263797703,41.03477699702222,2.468270038691298e-06
ZDHHC22,174.71724825816227,8.080668302239959,39.36073214924388,0.0006983378367556811
PQLC3,3.687848171369932e-05,134.32664822058575,4.245601701632251,38.34041022088924
MGAT4A,0.19018818154504918,152.37925364723438,10.574254197630648,5.199343164179198
PEG3,3.82337355409226e-05,5.052590468152975,43.89954141031902,22.484154772993616
DNAJA4,54.41910640351493,51.67477290173093,2.244364536753416,30.221020718874776
PDGFC,1.7687949402895024e-12,5.636700596537122e-06,15.595859892642832,63.6710961684055
HS3ST1,0.007624805498702849,26.86148231225554,23.132823620524714,34.50177161123559
REEP4,10.37296580063221,143.0667450250917,11.63992463474335,26.199059251080293
MVP,59.76847624474324,102.96671585761811,0.03641400695537042,49.47598677060999
ZNF404,10.02545556419287,4.666604931991276e-25,9.353064080593581,47.708000145938
HEPACAM,150.67689365105437,3.3684475221224706e-09,0.5141155589906143,57.819786418440515
C5orf4,194.85831955495513,0.003972170624110543,0.0023019244554981755,46.61267256113697
FOXP1,0.18162175122573723,45.11407477679416,17.05971266200804,24.14143792338434
SLC4A4,5.906331597864531e-05,3.7589581443924583e-14,0.005168446831625732,63.932079606532135
TNFAIP8L2,38.758965524572574,132.0406184537759,13.268973827022865,12.093037698653601
ETS2,1.548989834042179,131.45186603306396,21.170950343777267,0.330519265809034
ZNF521,17.969919526123242,2.5922836356979992e-11,29.877460693648583,38.50785218512259
COL6A1,1.810819609049706e-09,0.011944734870653822,18.027022037790285,49.30746603844101
HOTAIRM1,101.77299349800963,51.14980158104267,19.995200454876354,21.50023975927636
TSKU,0.00012632216793945843,7.671223548652353e-14,25.674798465013517,31.385833292427876
FOXG1,4.143039956541234,1.080246764927777e-09,29.67754557992487,38.862980905790906
LOC441204,47.52114102568721,31.0411253210019,29.126896519813474,22.918175477913177
KIAA0247,12.790976230810102,143.40336911319216,12.720885432857205,31.002496538197583
TIMP3,1.0107498754964806e-09,0.0002959514750802877,3.9601211165523633,68.25356352016486
MELK,10.319650042288318,1.2989632375587694e-09,51.93975872456833,16.695587709361813
RNASE4,0.5648788854144058,82.79371649006966,15.706579871810304,38.87423802727192
METRN,1.4842234985171344e-08,1.0523490250568631e-16,38.561954980567705,25.002872406138437
SULT1C4,172.87689878523014,5.5524249686329586e-08,10.672053305257863,22.426329948233995
GLT25D2,88.07132086585271,1.874935451307082e-09,16.626733067425107,42.72316814902759
C19orf66,34.68870248177376,52.35066728646922,3.869351930457526,61.39588092402235
FAM5B,48.46801404110059,14.193577480401999,38.719527709658436,3.3552254579602763
PTGFRN,0.0003736428179488998,0.001484895727032695,23.718550917561814,55.88656698342442
RAMP2,1.388882089669884e-07,1.302677884176455e-16,35.047040025316505,23.79647125457874
ISYNA1,0.13591152463131995,0.06826705730567163,40.777118245155954,32.1453578057015
RNF135,0.5393790873084227,134.11052220320227,8.23868711617085,23.797482505412045
CENPW,3.35667041560699,9.310894892298196,57.819483502459654,0.0027749527003176197
ZNF135,44.8231370799804,0.007036639879292672,35.629813954291556,20.739628813297923
CERCAM,225.92527187012453,4.391660327465876,11.368593416217532,24.07444429527614
BCAT2,16.515796814067293,9.686587966331507,15.347533815928454,41.891317042432995
C21orf62,0.00010746635565249331,9.022172050621137,24.308140647420636,43.96073455939497
ST8SIA4,0.9822288210016957,123.41138583573583,15.58689142601694,12.794994540432784
LINC00152,2.1345382784589678e-10,23.516504602341737,6.052790211418457,62.9168174226581
SMIM18,45.794400699239155,23.01650783400515,40.199054284883346,1.441073551257511e-17
CASP9,45.98726158902703,62.24208445703857,16.200408186702084,22.004053833928047
KIAA1683,95.95040123613033,24.116613783423393,3.099488471530182,52.16719166798648
LOC285758,43.839357009621274,103.2640376684672,8.100590457440648,20.846664308037514
INPP5F,3.3381690672606044,6.993581297186717,47.93634083289411,10.322249263092024
PPIC,79.55004119504068,1.3992338905815772e-18,7.253845327138962,58.73323876863206
SLC1A5,7.688179624210451,86.78348309682144,16.69133720631036,29.542185484582728
BMPR1A,1.6827354713823761,2.7149879597256323e-05,33.857906600058456,31.900069778845882
SLITRK3,86.61783619742917,8.458037510449531e-05,26.454485011089886,32.744491642414445
PTPRG,0.13731841474209242,0.45122819835635963,37.04829481758246,20.116984121788377
CHPT1,4.7205312966321e-14,5.965227925095343,18.195141333561697,44.542867930753296
ATP1A3,30.614590012949154,4.647997329582705,51.392590438172675,5.0952752310653695e-06
GADD45G,77.80403032000045,1.2372219358166694,35.439799397588345,6.6800858426569025
RUSC1,41.826175876389385,1.310413039544194,33.12693127012326,37.16903351431273
DRAXIN,33.094122202974134,8.975413929459583,33.41809060685377,14.774650736529757
FAM212B,100.18614512138384,7.149414891936477e-09,30.120278287211594,36.07615567125045
HIST1H2AC,19.989561469540845,23.69239187432269,16.484336842727608,44.273627324817454
NCAPD2,0.02644478381108323,0.001372982189798191,36.81507198110201,12.134745012629187
IL17RB,116.51452550890453,16.412176440871306,27.742052195181987,31.84681197234758
MXD1,35.31157594946261,63.56438799857273,23.951398036993382,21.969851503756434
FANCI,22.70896332214026,1.2672754838597036e-08,52.717286591700464,10.89944780528948
SLIT1,28.351842383699818,6.871107694120546e-17,40.028005285128664,12.991630655003759
DHCR24,113.8752130843393,6.860957018078252e-05,37.23463877391869,21.165733475979177
HOXA7,69.6233894230335,4.386337093314921,35.03286948286515,4.825465535053956
MEF2A,6.118266791737793,134.13883657687413,11.924468506533211,22.511723564195588
SOX5,1.7233159714019408,1.9940176921839092e-13,54.428316179013656,11.489765959438438
TNS3,0.08328837511606409,45.500158499418795,41.005601034267315,1.037206059658754e-14
KLF4,25.67904167840976,98.49721361871835,13.921320642047974,20.52591402586166
LINC00263,162.64997123002257,10.825564430414843,8.450010557243756,34.34203394175046
ITGA5,0.02476839343179631,71.62839003570761,0.0016424500879525868,48.16924724302744
TPST2,0.00021017723855380123,68.56271900379811,17.471139176696695,49.009461363884064
DPF3,33.47646883032291,3.8017579414663256e-10,10.08088636463348,50.411324805069036
TP53I11,1.9008331603993987e-15,33.252812497556874,35.02501861084014,18.218556489627613
FAM84A,22.835266800846142,3.233760540342846e-07,16.41414308629946,47.59572125074322
PODXL2,0.08440372947279003,0.00012045669566128976,52.96760629698046,4.4357782049111325e-12
NOL3,0.015306918166086592,34.35577242976211,24.168570223869303,42.1166287006976
COL16A1,76.6047356294855,4.41511748080656,7.462763468225342,47.39945982745848
ANXA4,66.14185794771926,117.4600235403943,4.064424434874283,39.18642916121545
MASP1,118.87197362831107,1.3588478757850545e-07,21.26831394302182,24.797349278831394
PCDHB9,110.24213532789146,12.091160698489666,28.398990694393937,22.11588606980801
NCAM2,36.0364623752304,8.391373794027478,50.93091630027211,12.129217299647447
MIR3064,0.0008855858397885966,82.74964499794788,25.656462191115626,17.93310733754253
PRKCZ,67.09655130705788,0.037173351094703495,46.131163425318135,1.9178735074886807e-18
CENPM,6.91442133003177,1.767151470141603e-08,51.28499565187422,11.818628277372984
DUSP26,68.80703944110792,25.118638404626914,40.244511159791976,2.2207813236868064e-17
GM2A,39.08600687072984,126.20610490252955,12.86562310374433,14.834596110308429
TAPBPL,31.903048351201175,82.84503750980404,5.416628273044896,37.29659010843895
KLHDC8B,2.7079398285533424e-07,25.54255882166735,40.82494741440412,15.804068794892673
PTPRD,138.8575178173641,1.7571918817189357e-05,28.356592463794858,14.512803207395601
CTNNA2,4.951977539276173,29.865974892375434,41.30618422812432,14.863734756869084
MON2,70.33809063893906,25.257616422306587,25.60474469065452,29.243446436927496
SP110,41.106266200824884,104.6193007637419,0.6210555578130327,34.385378170588886
KCTD13,49.28469711913457,11.673831133537082,28.401468112881243,38.124693706171676
PBXIP1,46.240266831315864,24.638784948842833,4.538997730068878,53.4168622450851
C12orf4,14.887159145102064,12.583269834235123,36.08156152986836,30.45349673455479
POLE4,6.235547303294705,9.443172479439015,34.53991118106772,30.74216687891163
PIK3R3,42.78009170163355,11.570342770255662,50.19386487115991,5.959098045728573
RBFOX2,32.78135205689343,16.818417084741608,55.83989600543712,6.619400390550931
CYBRD1,32.68589165448557,43.930188060950535,0.09988440869307129,54.14432859769743
SLC25A19,1.8085735473884816,118.17224539830265,27.47109090538496,21.775542821448283
HMGCS1,20.805699603026554,2.2170234422409444e-07,38.26838028828931,39.78918646012343
PER1,75.89207501617825,30.387928127563715,11.0803052628233,53.27014122141373
NUF2,4.809323593893632,2.0252934531322868e-08,54.908021696409605,11.525280027473093
ST3GAL6,1.8287231717870498,100.72898514459573,27.221581926009208,5.225197233589246
INPP1,192.81350322720814,1.8939254738377194,22.69759902777218,22.654621842386344
PTPRO,39.72500600195414,55.72561692768244,42.189228683824744,1.70387977836209e-06
KIAA0226L,66.84839941650243,55.2176915036113,19.22231217669743,22.80521774620715
KCNQ2,1.1236999552314662e-06,0.0018650994259610796,41.40405921043818,21.223355960362227
ADD2,0.5471400396139519,5.625640127425427,59.68886362004201,0.048424622000197724
PXDN,43.191347758805186,4.995277407339059,40.81160453644187,10.136755119230443
SEPT3,12.140784980135084,4.306056796295535,51.20999542707259,3.1822358639144336e-13
BLM,50.42784058354017,0.009225958276610982,27.578762630601638,42.19941929540128
ACN9,44.649792250415636,40.66729489102633,29.212755502037947,31.303736823696937
IQGAP1,16.543830014050133,57.964191451010215,4.88123388267997,61.0215619416708
ROGDI,193.67478005394523,31.44398701862623,23.04753666738706,15.994486112589803
MVB12B,108.37715480758105,16.91963046393452,42.80990310289132,3.800787583993364
ARNTL,28.845599127966185,19.26078950407587,11.783502427171044,57.03509743968709
BTN3A1,46.731877213322946,44.31562654472995,7.212485677554484,42.58378250039326
SH3BGR,51.905373764414605,25.502177947147192,26.0945331776179,26.57234243224041
PTP4A3,0.48758591162836007,0.0031872531232472806,36.788562147065875,36.32386895300978
PTPRN2,45.72502688702725,26.69872154663615,50.734593664568415,12.137125806550584
CYP27A1,179.62395728847534,13.976836873200941,13.294200286675892,41.85058856457219
ZDHHC13,42.21219548735661,22.133398435986404,39.77601315686244,5.030664387522606
NMI,51.95653523723103,60.180182978361934,5.447709437175883,51.940640824917125
SPATA20,0.8315708293867198,77.07863586711096,14.436349355600548,44.28864750896324
CCNA2,8.858865125976578,4.232725376454835e-13,51.01998575047434,7.888602312052125
AFMID,135.54615139680828,35.6933657474357,32.04928943908419,14.894972087238987
TMEM254,16.17333952428116,18.87302242605311,24.360230019463707,47.585102622768446
SLC22A17,73.21231169163059,0.37277877969240514,32.28873230476902,34.490502890418355
MAP1A,141.04385095536125,3.1043914917501025,34.90680881889047,23.190325428569153
PNP,38.94406487108824,107.271904636605,19.832676592908197,35.97778134343617
SEMA5B,29.402382095027843,1.9977215308896762e-19,39.3349024752803,14.601236687389054
KHDC1,96.7480975169333,2.6262085403977734e-08,33.84565105677696,15.720161510488758
SRGAP1,3.8956198225826664,43.269457884611704,39.12000231536778,26.441279214966634
FBXW7,30.40096735125346,16.477149936756245,31.234440037491463,24.060917620616614
LPHN3,1.1031358782311012,0.00010456874964360276,54.5985436967881,15.405475735392997
ECT2,29.960598706137834,9.929094064826376e-05,54.05582412565768,15.736400545433181
MORC2-AS1,12.143286139001699,21.721486863877384,44.377494291505855,12.455953057158899
ZFP37,47.27920436570926,0.7119820724178627,54.559087624961556,14.070555670329686
GALNT2,21.18560609766291,56.94357935123276,16.601746340077185,55.20710453258074
HEBP1,115.70828833277811,72.1610151078649,23.558770345116574,24.532588033971315
RAD52,29.938933002587525,16.212946487857277,28.832673533271606,36.63052924537947
FNDC3B,0.014881546953890053,12.572568925149262,20.783967639626688,48.16184945553057
ECE1,33.90877488844309,0.213795820456614,15.799042419351126,47.26443676934646
NES,0.0010671967738714173,2.8112079635482514e-16,27.502893285409037,52.50307523216539
MIER1,30.92698862465177,47.388956894800344,13.965598194955778,51.35521897190542
TUBGCP3,46.437232384672114,23.17869240588531,30.76166293501513,38.48698954921278
PLK1,0.010299018161306942,3.796446141075754e-12,49.10775298415218,13.530839181531485
PPP1R9A,64.75526933492982,15.886695031036545,35.06996799216328,10.469406088128613
FRYL,128.52528594545782,23.82636265775781,23.640736037930683,23.7288651963916
MAPT,72.4899648033233,11.359590112938935,41.99218572624332,13.738199129873868
C14orf37,5.571877167660781,33.300542501557096,51.50278515232996,8.049639624554958
CSPG5,75.4874358169987,1.0107505099014808e-08,31.615349370548746,19.40154359891521
GOLGA8B,2.6436636575598285,0.05010746534001566,17.58847269749124,50.61303749304397
C6orf226,0.002992561213794568,11.27464028003349,22.89988375180739,46.75808115252675
SLC27A1,68.17294843298767,14.80530819981171,12.96440644803487,57.74561027254107
STK38L,29.280806246742156,38.99316885512461,30.923881989110242,26.185136095514846
SREBF2,55.17003644374474,0.0189245283483746,41.155334703987954,24.371098040339156
CTBS,22.706544980582002,100.49267421646232,10.187314664432794,30.814659408629986
PAR5,120.95166148819592,13.24377166123072,35.72672049854023,24.871467295339563
ZNF26,58.63485903820584,15.67093470500699,32.54488287559661,40.15321872748322
SIPA1L1,45.89360536409557,22.025341280485605,10.58214541067223,49.65565983985109
MMD,1.7370306672596785,82.6859171942945,39.01472461280413,0.004336991442861722
VAMP1,44.01683805985428,40.37337639471235,17.5243745764024,31.563486833195153
LINC00478,47.97095346790398,20.12934581016135,35.87962909143002,22.260742222907464
TRIO,4.972650981140231,0.0031644977233919185,35.749829040970035,34.925367296386845
PREX1,54.96475430051758,47.481932338535564,18.745566717148613,45.34800581304438
DSN1,68.7167794230315,6.4513512770847345,35.91451129605537,30.931707468801612
CSRNP1,4.1488744075272095,66.86442590893151,16.119551091285448,36.51129039659995
ZFP3,74.54451564691527,9.881638850828473,33.02138039527549,37.55767814611601
SYNE2,57.42853278203873,12.86540398742608,35.97000856363614,29.626961271721648
TMCC1,12.311991239409508,6.57584414167283,50.79701126957088,8.731542401440988
NCAPG2,48.10052593853584,0.008448155516344627,50.10953866025085,18.79831469325067
ZNF571,67.17008292581626,0.17832531122558407,29.69750724433677,40.73085471750218
C5orf30,61.18274834603193,1.4201266552938236,46.52748902410826,13.077981933437353
ZNF30,111.20420128906417,26.772326180751097,24.9426041416535,27.77628725536846
ADAM15,53.15029558378579,27.185237934055454,23.349676030581005,50.43905886115703
HNRNPL,9.60271624143939,28.414249011687655,24.526013893070772,42.69106810782059
LOC100506233,20.36721284664365,18.51297609354747,33.76264304246537,39.07381036698336
LRP4,96.20530989205693,1.0288570621106776,14.31093416218964,39.535785092716814
PLXNB1,113.79797499855873,1.2122491997632048,46.93467031650282,7.532646915640513
BAIAP2,0.0006456709540057371,9.49841430337519,23.309046364344187,52.948259127070024
PIM1,25.174543859631946,55.25449671811661,25.06616943810099,20.879783145208012
ZNF585A,82.84086597675463,2.423703133048861,29.28152982256126,35.197613844683936
CUTC,84.29745526116497,27.996310545730797,36.694897668474496,27.879767498652242
STON2,0.00017787528572890012,0.19996212763041946,27.159286408639705,37.595073596837835
ZNF682,81.72528148759898,0.3887350910940447,42.82109863334788,19.678468265459458
CPT1C,30.795105231892293,0.11210600818487988,40.45890623909984,32.803435057948384
NOTCH1,60.952806530443624,1.9161728014141593e-07,42.388239418505734,21.32943363527961
ALAD,54.843925850858206,37.298960323266954,21.614846146915497,31.624756470595422
GLRB,23.037026343589684,0.6026612079711084,38.89505670678166,26.740060451409978
POU3F2,37.73171188034439,1.4099203657158496e-08,29.04209674094184,36.62570208670889
SOAT1,25.13912474580339,105.82335428418192,15.451432941812081,29.59715625457903
ARL15,78.49558327456467,17.314791943015237,47.54454607568792,10.172015875416674
SEC14L2,21.31693626712972,0.19751127828525555,19.598210350124074,48.24229199858317
KDM5B,1.4675130302929724,7.321383256437214,46.65943472720291,15.914031912897551
USP54,113.69277261173394,0.4732954604226965,20.559885622195065,41.670773275626225
MTFP1,23.735631390642194,0.21517872000857288,19.66003948774303,44.50968609912876
MICAL1,15.958352512716008,86.75591910787077,48.569491116893666,0.4222102638501555
TMEM107,0.052956997085040924,71.31727157096826,21.395227710342766,35.235395713530885
EPDR1,39.471091664916024,6.000517379972619e-06,20.565575783511903,45.37308406086732
SYBU,13.09774585011027,1.5120140861350968,38.40853818635687,28.605582957187227
YES1,21.56012270802794,0.007163001308444843,31.789348999070008,41.78336627844472
ZNF436,6.806633357747948,0.047907268516566105,34.3715538546945,29.89488329151874
HDHD1,3.413819550440715,39.70699907743718,35.74746319043105,27.401956580686544
LOC728554,11.975102185586593,1.5958349456521508e-07,39.949831711801,28.77453709917777
ACER3,127.64085413509139,49.996501718092404,28.15065324539031,21.9041570484992
SESN2,32.944288478660575,22.356746498152457,20.23839298888337,41.68391805981813
KIAA1467,18.70897200958321,17.906847573003216,26.58278328611599,35.72820628806169
CSTF2T,67.64227329457924,21.835573151768116,47.704999949450965,18.27125761276646
PSMC3IP,75.30335650904429,0.0003815063535281477,35.51414254366429,25.76839158008351
HAUS4,54.89573757140037,86.50853663733679,19.41501024868202,41.44803640214183
ZNF595,75.67649009484389,18.31447462080597,36.8685532232525,31.07249808304381
MAP4K4,61.85041183128219,23.922327749386874,49.82506491670617,16.162423396090375
LNPEP,61.5458390982629,56.96043978349049,13.194353728890771,55.88468243496005
HS2ST1,0.014748808210418757,0.20668974357028977,19.19964984630398,55.269720653667974
LYSMD2,12.40093026042818,82.45494600946347,28.073499419621882,21.3552749802959
BRMS1L,80.45888796216353,20.208770470377278,38.73928481419181,26.887553453779596
OSBPL1A,111.80514514414756,26.972952142489408,19.065530622119297,30.15639896259979
ZNF25,6.0021383481593106e-05,25.56547612256342,41.85278312323376,23.72120884914793
RNASEH2B,44.026703962855294,34.56816137676648,53.424348507584355,11.02832052341943
RWDD2B,4.063242796296254,5.995716757014469,35.09185366326712,26.986555763975762
LOC100129034,0.024023044396901505,11.49271935037881,24.11254645053751,42.82810077248167
ZFYVE27,19.392864986273988,26.24974714587197,45.61007552817636,26.873114024520717
TMEM216,33.45609169560896,12.105481243195866,20.887461345405598,48.363580090836734
TTC8,56.71090302440067,16.483551720198715,30.139663109166353,41.33735668394401
XPO6,19.04487552770147,28.38046354401005,23.54718831546916,48.35953412912451
LOC100506548,57.70554106896015,9.413440269785617,42.37955715811561,10.815185405235436
TOM1,63.6422803733086,57.58056660823195,23.79647212830524,40.23884903634947
ABCB6,65.30813673537659,8.19320573883591e-06,37.09650669958358,40.45578500269676
LPIN1,32.75284550846049,45.045435347351344,35.67972475841206,19.808192698750293
AKAP9,46.84940722050916,52.65356184934987,42.91623212721581,19.752233743353603
SHKBP1,32.63761976074634,90.73293272117465,19.794868746500057,31.52762873700657
SPDYE2L,36.53226522025195,14.607135310688879,32.27439870777037,27.344578440717076
SPDYE2,36.53226522025195,14.607135310688879,32.27439870777037,27.344578440717076
CACUL1,0.951154151451698,60.19461808148824,29.376613135282117,37.98726415469491
LEAP2,45.76417218252743,54.38218982886122,38.823318390026465,21.8608392833897
HYAL2,1.2583640959854389e-05,0.013241835460918939,42.42375475854082,22.969920122884872
PHF19,7.939527932562652e-05,0.0016083230931540763,30.273075908732014,37.60993954397267
MTERF,107.53533054002001,14.841845852356293,32.11163518013056,31.534234509370297
LSMD1,15.014352895835179,12.306081849472069,29.38611048504412,51.16757748423579
FAM49A,27.199590640593183,42.149564932362644,43.24884585718524,22.76701968470744
ZNF441,34.777249209508774,16.6331697573708,36.92599953014532,33.16532870508669
ZNF567,57.807056041896324,24.794175231718683,31.27562258048545,27.639449271213167
PAQR4,104.29775116503701,7.090242573932716,39.740688161027705,9.98047236974806
AEBP2,18.042735232569363,15.225793065388455,21.179786399209668,43.01237514637224
HAUS5,54.33682699457916,16.70190344668306,22.228570489329204,37.62262984511294
MYO10,126.71199752010945,4.296119981182156e-10,28.209374154502004,27.66124298628442
ZNF544,14.573921778849565,0.0007227671022825917,37.63849298590159,36.15159142621375
ANO6,9.920643102959737,23.283564935646552,15.860659200287161,52.42651298858868
FAM131A,46.359057499338704,0.28451310503959915,38.785592006764546,34.15215611387859
PALLD,0.000614343614772249,1.7912309135445963,47.12598533434114,31.85503223823334
TRMU,55.279038167304975,6.389722524554334,33.31437003190237,40.35648029868312
ST5,3.747802122017711,0.0007167678711523336,21.464502164266086,48.11372471193209
ATG4C,124.09271278361446,65.87777302443445,21.20911928507534,21.24252985144121
ARHGEF1,43.777892180087726,69.2342170934339,15.635842301541164,45.84964273886642
YAF2,18.345848699313752,33.76399426600394,41.62469335010813,25.64618652660232
CDC7,1.6874556161099392,0.14038660181987783,47.072246607656204,14.286093310021183
LOC100216545,73.44376853641099,41.42191764782817,27.54457178355297,34.781197340445964
SLC25A40,77.25173358668273,21.21462686631671,29.115747095155808,33.45444009412728
SFXN4,1.6696946226408391,15.96446833003094,43.96772930318857,31.38131782991089
GCFC2,114.21146379247517,13.432011797209187,31.864586054451404,24.48182419146521
ZNF256,25.56008713397896,0.3066388785910703,37.06781785179556,34.0702833509525
MAVS,27.326761757738115,17.949348232465198,29.172678323275267,45.051655319886
KLF7,83.04549270037148,32.504151288113924,33.53997036139067,15.649856234069805
SOGA1,50.52572883086545,5.818431933032071,33.625057431202755,40.59522966653458
BET1L,32.28444118472494,38.5650035660589,24.61822117888549,45.47260209357296
LOC202781,0.7538352289174707,3.1163323680666117,31.576775056727794,45.67072803070904
FAM200A,61.096684516728445,24.07929140620682,38.74445172713315,23.973265205914096
LOC646762,36.9790287999351,11.816006712822633,36.752231004157004,22.307074806187472
RP9P,15.047511251251017,3.101211156351603e-07,33.99579960282755,30.922491135392107
C1orf85,52.53048700761743,46.76124540221643,12.998088998182524,50.162151800672994
TFB2M,46.415563285270935,2.5081503015471283,49.67269560148261,25.566767440955307
CASP6,0.5906241997099068,24.60312349794563,25.441886107372753,40.8769573798391
EXOC6B,134.75643106611142,18.965874604029203,31.81203460272926,22.665520954401927
MAP4K5,72.61048887230909,22.682063083018978,43.36437360066554,23.710394716054193
DPY19L3,79.92759310864606,6.01648528640198,20.142179874527084,52.01861081492387
ARHGAP5,54.025891084792754,5.995874398025041,23.371110940083646,52.99033798830263
EFCAB2,63.83341484588861,3.3259287899673065,26.213055828670488,37.28823517187728
ZSCAN9,73.15561481736513,18.657990954470446,40.71371413948357,15.249277021109188
SLC30A7,1.259176463681735,41.29358340588752,16.69096405208612,44.37130395939615
GABPB1-AS1,81.69620275662405,23.773306833389665,34.72267256273364,32.30586569482162
RHBDD3,50.84982182796813,14.843438610348482,31.39475663338916,42.41293897216106
NADKD1,0.8107673205551089,0.004120548619815145,19.305182501035784,50.43328048488864
SPTSSA,1.645895127791269,37.44090043519503,27.09771190822395,50.713352555192124
ANKRD54,27.578814108625966,0.7032140003637732,36.30672315392442,35.26058285544084
STAM,97.89006882707638,23.721362787182297,43.69972276659388,20.239414702226668
MMS19,41.134628534235844,22.05805562294849,32.17649014764945,21.825464641986315
PUS3,85.52016937883009,13.8278255346516,46.736637177772224,17.30227234053291
PIGO,54.94690651385867,21.25336833096831,28.037984896556857,46.623870777620276
SECISBP2L,141.81805631616348,0.28163779246576104,30.73059658328692,26.170803423653517
MAP2K3,33.860354514686136,62.9513945270791,29.09215487553246,32.40267091739265
FOXN2,92.94657003276984,37.947607017275715,36.66484633788194,16.653957915203144
FRG1B,71.91216135659772,36.659445176015204,28.60282449544849,28.036087185153665
CLIP2,83.53520898166468,9.008472622832636,32.872327498536364,31.76190139362161
MAGI2,64.13454508120431,10.189587129094676,40.86965883690543,14.84339242445278
DNAJC15,9.554870700916814,15.203225653068188,41.04310858220085,17.35752958317049
INTS7,51.34360915962006,2.2632537093717526,46.29672498371613,18.645996973028975
COPG2,53.22104234794586,16.67968810889066,48.555073943201336,21.08843996559395
PITPNA-AS1,11.36126878912589,9.706101589813521,38.581506687362285,30.53014721175048
XPR1,3.7771033215756566,6.9069561368796535,44.12778929180749,16.523431700831097
MTMR6,61.16112548923077,43.970966644814474,36.665170800434986,8.992839233655875
ZNF334,63.26996605267088,1.1000450953542584,30.10037902419193,35.31899229074233
METTL21D,76.02585156469324,35.95892731103965,29.17883618640715,20.910763121066445
SH3YL1,91.31804502793332,31.31279773011432,29.61204655500777,32.852527594929334
DLEU1,30.510528091033482,9.68313191542961,37.92818384860655,25.1730395676541
SLC35E2,35.221388254198125,16.94645211328784,40.611218116154085,26.421673490597573
ARHGAP33,59.54808194644269,4.661099111813355,44.57105287094602,11.866546861130457
AKAP13,15.896524990027757,86.9573684229726,23.972540141932836,43.34933851011652
ZNF766,16.012187449519217,29.297096307936094,33.89306915947927,32.88832079286514
CCNDBP1,58.63972372704361,76.5099468559997,29.84655267967138,31.36688866883401
LOC100294145,52.13200863963691,14.12595108325347,44.943296980624815,15.405216513697034
IRF3,51.088842504862576,31.082144132395637,16.90734297147914,54.73691664793355
YPEL3,54.06920902210607,50.19160758290472,24.33261663779039,25.49834827471406
ZNF583,3.5775986223265983,3.4298946219433857,35.144599027070925,30.586011741845144
TSEN34,4.954784390302521,0.0002780425958497284,35.63728319565698,40.92423279395705
PPT2,72.8035549577877,0.004994709844098028,29.806494836826666,42.73658772181125
PCED1A,20.46358961433234,25.625580433766725,28.343645583849543,51.957478006137535
ARHGEF3,0.21787359922222568,37.50191516979975,36.76444770900903,25.388450740164572
SNN,19.569962391267104,31.113648736750868,48.49083525233724,16.47721046594944
HRAS,26.811689875322195,0.03064790445683726,41.13342654711554,27.285100774185658
CMTM3,0.012863681966656593,40.96256689358918,29.15124341274859,32.99779069740137
CEP78,63.79222781453305,0.05479847897264174,45.66437215126186,25.697436586978498
CCDC132,77.80439416401879,39.882452262141875,30.65178277360601,26.35692385679984
ZNF419,20.48052562626329,0.47213938711882947,30.45276267004537,46.72633096664639
PLEKHF2,43.187780121871306,48.738278323796045,18.77367586154117,34.25354981566156
FAM45A,11.481475839625167,6.130165339657643,47.060861761179446,20.863774867620112
ZNF433,0.15948246605040278,19.013934568925944,39.76711492487101,27.047279532914107
EFHC1,32.20088855179628,4.924029618234853,20.501414080364356,46.74111713026341
CIDECP,35.4203614480727,13.554330568269151,26.710422112664993,48.86659063995063
RABGEF1,72.63694919846377,32.93080054160931,33.585824229314696,28.03743253389455
PLAA,37.53854914536451,18.261022416737028,42.41627829694592,11.947431140687414
LOC100132247,43.48619940241457,56.67702965118331,18.186993714402046,39.666578295553236
ZNF542,27.90227311049518,14.820612760737381,38.73082999160145,20.721291512161457
ZFP62,97.49055041373816,19.976304201792235,28.595026715257564,31.04447818019153
LOC100506123,33.12850480924311,4.950340504224625,29.191860219457112,32.29039603819124
C1orf122,54.48441819101303,4.323385539475997,27.40494013566271,47.272070548543375
SRPK1,5.279909353603531,0.8593389748669532,54.41919627772969,22.19352733478626
TTC32,61.566033591486956,30.297972203747822,33.41818482221538,40.00543417556901
LIG1,30.333947097817898,0.0006502920692192879,40.88427908516601,30.714470650089623
C9orf89,6.710927276197447,38.63863020833426,34.53799709622632,36.107910674937706
LRRC47,11.157941100354284,1.0075542507032684,31.101970917767485,37.952062747702236
MUTYH,70.81972696772183,23.735968826200576,31.30601132855122,38.30940414875429
ZNF675,49.57691232469095,26.020212813271094,45.30286470877758,23.04621017257011
FLJ45340,77.5506861690983,25.10611036147138,36.056208522722386,30.882591263468434
MPV17L2,57.79944992691824,6.785773523059966,27.672436617734437,41.34273939138899
FNIP1,44.19216614361529,33.505234965720625,21.206551666818264,48.535551925203855
TIMP2,36.7459296732798,27.385425197636447,32.0733686363967,22.629155618841235
PIAS2,21.320267206365596,5.294626672483676,34.2062530672469,42.98793438113106
MVD,41.22127235995429,13.240155631192849,35.325444295680676,43.586805460741026
ZNF776,52.35098430151971,23.859454637630122,29.001939482419854,42.28003886172871
THOC5,59.397161371590826,19.134996205768676,42.94254870620989,19.61659323044345
CCDC23,0.0043350926059723275,80.6655628560713,26.364059356512747,25.931526140063983
ARNT2,61.123215082078204,1.7208548844901517e-13,43.18350791819966,33.0515485694785
ZNF584,29.484321059102655,0.13715031354067647,26.47205762986172,44.12404153758302
GPR75-ASB3,72.27836941614345,15.904076189715335,31.439567776926925,22.871217496243673
ZNF117,33.299782204036454,16.143950917680694,36.56049721373553,21.294340955035068
SRM,0.0033694073131769076,0.0005027025750263562,39.56540270525984,31.632652837443224
FAM126A,46.30773366729851,17.856825309409075,26.75720693092442,40.27506167021471
RMND5A,73.8012505981181,32.14272139759396,33.24367123671784,31.91249868476853
OXSM,11.512605290055106,22.04633643620215,31.517186291500074,41.74601641867612
MGC57346,47.6412049826192,0.7521078420449168,49.301472883945294,21.554264706380618
SPRYD3,29.004247298872706,39.322773381377914,15.800678933165111,49.26793801361534
C16orf88,86.06808622588879,0.029971293070482626,40.753307913495235,26.445521778963112
LPCAT3,68.1079341878176,37.607491562386414,28.11610347218861,43.51712064518903
PI4KA,36.90589741325934,18.32632575310272,42.27814169288548,21.345935015414753
WDR60,57.82668507999543,30.55171100071057,35.512410745681294,32.663898422970455
SURF1,57.9337439114549,26.408117105483264,31.078424981674747,35.56923432191239
NR3C1,70.32409661642909,74.06263082785219,21.32035629751794,37.95224958460488
RUFY2,74.84559534675411,4.310298976702649,36.461066590426334,23.37764358505407
BAZ1B,56.96133658754829,17.258162030529753,34.01398136158354,28.048741216625075
CHCHD1,0.022048693584147846,32.494972304389776,33.988660104980646,31.922336957315807
UNC119,0.0003610035145603668,44.11061745261479,38.79003670413847,20.907481940457266
KIAA1586,38.5587920898866,19.16880322407896,48.5960629350371,11.821819314791602
ZNF8,45.762219393866296,3.416047986874061e-05,39.91483723542567,29.616787569991647
TUBE1,30.743850343449846,8.750075395020758,39.88948077865745,40.94964099969706
GEMIN7,31.726027901274254,13.551911190562498,33.028499189299836,43.44644691841516
ATP5S,33.892388850173184,25.107214394614882,33.94939494373101,42.334755482293026
AP1S1,2.862526906216202,8.488783970280526,40.194959799330114,26.56401683647822
FBXW5,0.006815350071471812,28.435616975125473,41.03527301413512,38.13150407339039
GNAI2,0.5482462362045477,65.44849060231753,31.857103146040018,29.871172438867763
ZSCAN21,89.35967124740372,20.123427761481526,32.714471304013166,24.930840135560572
PEAK1,45.59978664619787,0.000649896504037997,34.41177567405223,31.874386309419744
KLHL22,33.70367512453053,7.5046067249633035,40.50994462460541,20.776342423955267
SEPHS2,4.080288640482424,37.19133192234397,24.238209139009868,42.57946495099166
FAM13B,66.4994966064273,27.68044978075583,39.110703083417526,30.048962274106927
GTF2H2,1.3160337109522018,16.94498182550541,42.237759359759494,30.665874873721403
NIT1,38.0023144854988,27.441474084779045,37.79783252891384,38.49030243876306
ZHX1,43.79706159742179,29.274312292316214,29.313609838764286,42.34013077430038
ZNF222,44.47319099589309,0.0025069365475697833,39.095532091248344,22.19461654045475
TRIM13,56.479468078150845,40.35483254572903,41.592283244474096,27.687470929131266
SYT8,4.793084834048898e-106,3.5526743289696444e-119,7.45608153126546e-26,88.65468049495907
IBSP,43.91377005942753,263.4808153511491,18.552486133840215,2.2447153282639914e-30
PTCH1,0.00014244116043325085,3.180577100818728e-37,60.724099469510115,18.191041157852748
CD69,0.0005410682566026965,578.1606811376002,9.466454459107233,0.007781822884247582
CD37,3.4660703979982985e-19,567.164261226862,5.895388588812865e-17,8.173152462853021e-05
NFASC,108.19773872164919,4.013575341874434e-16,101.09111167705824,2.050362784736423e-08
CFI,1.7187683985644383e-55,3.356497162513432e-14,0.5296345890530362,126.55211613652902
KLK6,849.4259346953218,4.904863982750477e-10,27.352044183048537,1.6606657968245158e-17
TRIM48,6.49740889472887e-88,2.018560489619976e-111,55.19745323157554,5.740026881284275e-34
LY86,7.46364419976199e-14,568.3028892070763,3.909936504628734e-18,8.74076471657191e-12
COL9A1,4.255538844474286e-09,2.018769298633233e-24,117.70384205873401,2.6872256673774145e-29
AXL,2.6610417040763994e-16,356.10502045332106,4.567354975118116e-22,89.03165547812323
PLD4,3.53273854897028e-29,516.8288611914701,2.2115601027473577e-24,3.8363158520329915e-20
HCLS1,0.0018910621222017548,583.8025213288705,1.44524324132856e-05,15.928380327512308
MS4A7,12.995419588844573,569.1253740496112,0.004284874380322935,1.4194987958630031e-05
IGSF6,6.73909199135794e-30,502.9437740216603,1.6168058852546098e-19,1.1273066724766127e-12
ATP2B4,2.606312738142694e-11,2.568481563620676e-09,119.42836684861396,3.5578262426205584e-15
SOCS2,1.39621518574144e-32,3.722778625431239e-20,26.639391869217352,171.65439581418295
CLDN11,816.7411431010981,22.998275191143836,45.720002350666356,2.839362898070742e-07
LNX1,860.2887340208679,8.38532377807662e-19,0.00903776382979816,7.193111660136389e-20
RNASE6,1.4430906143315347e-06,550.262056596146,1.3786394470577905e-14,6.413691475726964e-06
CCL3L1,0.00029807692711327134,485.257185759386,1.4304323648875164e-12,25.018323312899557
ASIC4,119.43152913160476,18.552441678000786,23.650784669120856,100.41035689164426
RARRES2,186.48177676000594,6.01842188757074e-09,53.82661069590728,57.157017614390575
RASL11B,273.5248322070394,2.948814117218081,51.10645518935987,8.876124534807281e-43
LMO3,269.0550411501908,4.097667573467909e-06,32.662433379077676,106.91867033902884
ADAM28,3.0743760493560024e-15,527.8156699604999,2.4878497890745015e-08,1.9520711628715669e-10
G0S2,168.49507927260814,337.523346961937,30.388677104093954,74.67440544518487
ATP1B2,0.15975856907247654,43.314633656565064,0.053927413140199096,221.43068717033643
LPL,5.243828738338264e-19,43.0760547620407,53.51284401675793,153.04513019298622
LSP1,3.530677381177812e-34,419.392392012208,1.698029164515546e-10,20.767777166025567
TGFBI,1.5333587034543676,452.23443467495764,8.063615916742284,41.9991757732762
ADORA3,0.0009016423636793653,511.49055521126485,1.5635458274872778e-06,0.0064928725430699824
C10orf10,4.141922413399457,36.708259058810384,4.6381402344025584e-10,161.50261946484864
S100A9,1.687487038998097,474.5743649609448,11.021993033348954,3.832670279699517e-07
FXYD5,8.16131623726371e-06,383.56364479713085,28.869528859127257,35.2166646781399
NNMT,8.92519973127848e-35,0.05915271524984916,7.483446457944739e-12,171.20613332258336
SLAIN1,816.3886811782452,16.494306731124254,69.66901259953988,4.809358091072746
TPPP3,514.0027857135475,4.132611698963961e-09,67.00508778579015,57.39730592703719
ELAVL4,269.3532288555367,18.804827874028337,131.0039365357895,6.033037159939639e-16
HSPA2,767.9115938870439,38.34207767982917,1.8570651285960775,59.81632344479442
APLP1,684.1910155029202,32.20113432764911,69.06806734408428,0.05119955359321607
HAVCR2,5.735332123674737,505.4204323099855,3.9465031380461633,9.154905942136239
SAMSN1,0.2893189052596323,479.34255146407963,8.427633319096145,6.671879779175693
IFITM1,1.7326511797252418e-16,92.82210542925071,4.076761664467188e-05,130.10539281842182
EVI2A,675.0681522507527,314.92422956543453,0.18336973887940078,4.2622945496862355e-05
GPNMB,123.88732901106297,377.2404001379967,27.812939101010652,13.28039694897337
KLRC2,148.1819713282261,63.67408866642785,112.07073431936784,4.4676409966731534e-23
UBE2T,32.74189668231353,1.3268012065166695e-16,179.69876683765332,4.040308966158622
EGR2,71.41802155208333,389.23391034522353,48.70187158050407,66.78631413453985
IGFBP2,4.538854039061013e-08,4.761368023655467e-22,40.46752835472245,137.37853563635852
C1R,6.498170126282769e-12,8.499281415035126,2.9277203150877644e-09,195.22613749091235
FOSB,173.73077595703467,166.89062319852744,31.807249342792023,125.08139163878238
SNX10,0.005214169156123371,113.14060800221684,88.07725009621215,46.78333519240878
TIMP4,0.00017051220798007348,2.7912626791910405e-10,91.64090925160959,103.94477593212815
IFITM2,2.6803371976981817e-14,344.8078239717934,1.793699423621832e-05,126.31924551104223
PEG10,6.971862622823155,0.0851130783553477,110.4307694952911,25.11029409782384
NRN1,1.6600507213666087,5.612127577443184e-08,78.2732114687201,131.08858242842726
MIR568,107.21511736942443,47.02815989471326,111.96279242059263,61.409479163444914
CD44,9.310078924696922e-17,204.19026330341077,2.707933460660949e-06,161.81323885750598
RHOG,246.10028442444442,435.2858909323917,22.901628419496657,34.94295688420816
MT1E,64.48263320285919,25.571702503743566,0.008780943375456868,218.4765063387507
ZNF331,13.868035144408923,345.85864933882226,36.4596489752209,61.62516697502327
ELMO1,66.58959998037831,42.64352793489861,154.90475217372372,5.681392126294841e-23
RP1-177G6.2,0.03443132930414402,0.0013974168917711386,141.27855234787475,1.0178386026971312e-18
WDR34,191.04939103765344,5.187006914669448e-15,81.76792034422259,83.8495965998154
TMEM176A,1.8536735673297218e-11,160.12222863067365,35.8831662063633,98.55253215078164
IFI44,195.72655071623262,190.9990865287059,51.25795537035018,102.52895351362761
CXXC5,50.225440548947276,6.788263457797555e-07,38.99871330290158,141.47384903479357
ALCAM,231.581671573705,134.21391859705744,144.7492563566625,4.416861584481371e-09
CDCA7L,214.92873834236823,2.76199136654549e-06,91.64832708296218,122.12752698911214
SMA4,413.96317220681453,0.8077538593135513,79.21455330709851,76.29920326084205
STMN4,296.3812933008582,45.357832737506094,127.66419695154883,2.5480360487124105e-14
SMIM3,0.0024202595986944227,60.49857381774992,29.857131518833622,178.94338770083294
TMEM161B-AS1,138.79359709187952,42.672451055146034,121.5222031526593,0.11500886558124035
GRIA2,113.770602297202,0.3226193515182781,176.37901295094795,0.011353025309645961
UGDH,0.039881970016701976,1.0935056380602322,165.4582871517904,8.935748166446
TAP1,207.9478764136062,51.55853530659701,14.582745844292466,181.83454796131306
RASSF4,152.65156422170702,320.1483728775331,20.60206613149763,138.383278892678
SLC2A3,0.0020680805897021555,195.36737372185692,53.19469322455827,99.22587837244133
SMA5,411.59891110856256,67.40122786623984,70.41427673035275,64.62024035578511
UBE2C,0.04442894214837237,4.159158479761415e-11,186.78628451862025,33.775149945819656
EMP3,2.5886269353808445e-23,162.11120173834985,0.017098949795380052,177.88187887853772
CPXM1,158.9611063252147,0.0008291690940382124,113.90752596599019,93.95376323594702
PLA2G16,663.398506302587,56.58371492166332,2.7543205481458704,105.97780284013747
SEZ6L,210.65095377458655,0.3863114831772244,111.50909708434307,59.88173053100135
GRAMD3,148.5603325652717,0.4665915011525803,17.298380935985087,163.1300138443067
TMEM165,400.7531879291397,124.29820595251421,73.63135765527785,98.38423369595024
CNPY3,65.93477081213632,424.1218303810353,69.44619393982495,47.26475156643338
C9orf72,146.87946490040545,359.9018951320303,68.83058663375998,49.16781710083063
CASP3,0.0017587568701250428,17.841469727139884,118.47052467374779,112.5855811478478
NEAT1,117.16500467388744,223.64764877935207,2.9418453581245196,158.09162297488984
PLIN3,214.2959166596635,66.22754095632786,2.1258603496054405,206.780091822533
ACOT7,66.51708410814211,0.47970040710225376,164.02591489296978,2.1777382492856413e-07
LGMN,68.63749906845452,370.24235256228764,37.65005009271482,75.86820650758575
RFTN2,519.4430267622216,3.8758467081376247,60.75981086021247,91.23149756859107
PSPH,105.30114192840446,0.00021462990176795133,98.1077356484298,80.77424856871981
GNG2,0.9950612309639305,71.55227115307062,185.26287290226222,3.7832465008388836e-05
LITAF,262.28593521965246,358.01518594032945,64.06481898607723,51.95044701173597
PCBP4,150.05204901471336,0.05434591590389609,158.72243609204156,41.737477196307694
DPYSL3,2.90171513832312,44.06191068498864,155.34508126110427,34.542105212313345
DPP6,108.8754159731239,0.0009240787827980826,104.87330160567406,108.62537543901801
HEY1,154.11822809685896,0.2278144213618775,103.75588031760444,132.87914690816092
HRSP12,191.49952982309281,59.251916271409776,61.925188519440916,153.9512497400603
EPN2,89.55077691899565,1.792297220419781e-08,98.29651664310893,99.5913091678189
CD58,1.4558225922113655,300.1367872680728,35.42177737543233,126.02368340520674
CRMP1,35.57269072337463,23.685371751368557,183.55462478346996,0.0005040006598240707
FAM162A,0.15055467043353926,88.59473730738493,76.6799325828232,137.64479124790472
RFC2,222.64175760684893,30.56486399624864,118.56818578181982,94.3689226823494
CAMK2D,2.1886108007963405,0.8168975715221203,52.23749257448533,185.6293955685709
PDE4DIP,115.37659233819684,69.28930281459512,76.37216371953765,100.24350127370396
UHRF1,141.49004230697886,4.88297864162037e-10,89.75656317806268,88.15996746237346
NPDC1,1.7618960332270714,9.916426195913975e-13,108.00040406395026,143.0502204073224
NDUFA3,0.0018598843755094783,28.870323742227438,77.26168577656362,158.7040478180678
RAB13,0.20115648421900797,12.488378137122801,65.31080229606125,164.27715164892777
SERF1B,6.442105568885992,3.2118041296429865e-06,135.27888095520836,113.47541173695944
AIF1L,261.8853762574152,1.6067182291316134e-16,105.60134907134054,110.21031726305756
C3orf14,38.94841496540576,62.99693192077004,125.0615341266053,60.693570462805134
CXADR,88.0103073806378,74.94458231951718,155.43036547730156,34.608803526220065
NDRG4,63.91975432343226,21.66258097369331,146.23420218840377,44.7394461188165
PLK2,0.02066964587687599,96.28603727627777,141.8559273656681,13.44440596580002
MGST3,18.6388382488947,75.29851720650205,135.87357322526555,79.43178670162017
P4HA1,54.08238912516779,100.8709126947107,62.79074022597213,160.05921999469996
LINC00461,77.1654927597205,0.9149702945509748,124.59143387755205,62.84419338374014
SCRN1,109.01207389479025,0.0007041411593102471,87.11578726901172,162.8900311955688
HSD17B11,45.50012527264849,288.97115852899543,88.99524284580978,44.35449536357124
ITGB1,7.299457914382447e-06,200.0360152573579,95.69663212779393,118.94563855068067
SERINC5,180.55678984190325,27.599448143680643,113.57503583157032,64.99109736771304
ZNF92,237.8174051290028,69.22342436015276,132.54746430068573,36.71174146835902
COPS7A,112.33226481334242,41.869376817709316,104.50480288895588,128.49118660850084
NFIB,151.84547479411074,36.971961180901616,123.92335701834571,41.28055741730933
PET100,0.16040486613422134,44.98262654770658,113.10709283277613,134.12255344706537
LOC100128252,73.24736217128903,0.1744529316216137,95.49833348566412,157.7228484918107
PDLIM5,155.81389312563195,0.040664718408774364,84.90652305204395,149.56944200353072
HEXA,32.095822205858404,330.68167046089707,61.53429112082766,113.43922278833375
CKS1B,36.7028677183816,0.0001822598769654381,169.1222259167026,75.230097600171
CFL2,516.8201686222549,6.3579387251079345,73.80237791379412,115.40222636034203
ARL2,138.02185878351725,40.8335956533615,80.84006879573339,112.31589387492953
SLC16A1,24.907458866055187,3.834368867906944,100.59995333953755,131.13842361403292
PPP2R2B,144.00971992919943,3.6340075163781563e-09,118.88436004301029,99.06389381937451
TFRC,5.35749332209903,102.93781157534822,79.2356314901008,154.06148510291374
ACTR1A,78.32868729248362,48.56977693243519,173.93840148567557,36.258344155235704
CIB1,2.4915029501644588,210.46666965318326,28.6081391706497,161.31732299467734
CAPN2,1.1411934627388394,55.65496562640749,62.17158494653644,158.80745141345292
ASPH,72.61762602788437,31.904285304794346,77.83624266360027,157.80352090523192
KIFAP3,28.767822502183762,31.0117977311449,155.44937587843148,71.43957108210117
DDAH1,5.6073208149868066e-05,1.0842662670044346e-09,89.93419081152923,125.30765240345129
TMPO,169.28178946299172,18.691265665189718,162.93159605350306,43.20436539540383
ZNF3,244.8230609579397,35.99900583178562,135.93771141343612,60.792629776225404
PFDN2,158.54701231365036,27.975616759284875,147.264893776417,72.55400709526826
VAMP3,285.3930007379605,232.80276041279473,51.49275326505276,138.14214155721058
MOB1A,80.34765731301597,323.8517275653826,53.830767753804594,89.28061624264876
EMC2,379.1923950804274,43.143701954583086,64.76577651558014,150.07248561399715
C17orf49,0.006310394015180559,55.65733396383825,138.57742565557677,105.48610104632762
RNASEH2A,1.5152581757111476,1.104010533556578e-09,128.80716872685034,76.17486238869913
POLR1D,39.511914718712795,106.68104480388115,154.14425487546518,57.250537266725054
LDLRAD3,87.51061696120193,3.7709698539548397e-06,105.97833195766752,88.76134301574034
CMTM6,11.392568362374998,307.6024404846195,87.35684305502703,65.4730994700469
ZFAND2A,203.89287638283488,99.3713007172028,76.29487950646985,91.64732309825636
QTRT1,107.0180810261502,4.675170007794092,72.29832277796856,185.10565898876635
C19orf48,38.60383515969665,7.890461468554558e-05,137.1654874790789,119.3828292180491
DNPH1,5.177414540617571,52.89396645814224,64.08714182415827,150.7946793041979
BBS2,223.1228749104279,76.21296499155841,66.53987723942522,176.02491022536464
SRGAP2C,140.97400193624543,174.63772195999223,74.4075306993197,117.61252213393777
NCOA4,59.39214303341644,278.9805380343622,113.22151691411615,70.84380661314748
DFNA5,199.3769165973504,115.53158529570688,85.86748595306432,82.71057051281821
PSMG3,133.55476908709198,61.73097676437308,76.58339982954529,125.53929351886413
PHPT1,13.540440629530123,9.542930431188412e-05,118.71524692446785,125.64045784610217
TMEM123,278.99412306618103,178.63834692594145,94.62416164199107,96.29902574013347
CAMLG,100.8247846171392,26.921473809861364,153.72462904762838,91.41692741149248
APRT,34.465881554377916,178.31824895047458,79.69625146981262,116.76086300788072
ZNF302,147.93834373074063,29.08493462944362,90.49969303300868,150.1446358489453
AKR1A1,76.19916378512069,291.1008710818816,85.17774368286217,88.9528175552516
GSTO1,107.05904386027503,210.5046507697344,96.03305140875285,64.68219048763413
PLK1S1,74.15369321439226,41.064417464051886,132.98703138789338,55.13073275703965
IARS,88.17073732552616,19.091975038731455,108.74989278827351,144.38654048849827
MRPL14,2.4617570744429056,3.226937245695048,135.6223082997354,134.56234946001382
SLC35F6,163.76804856757562,103.00767246839295,54.28543826857721,131.00560103996528
GADD45GIP1,2.014044601080108,0.0029407565275624166,103.10282295900923,155.25088150884716
FAM127B,83.27771417509611,4.2236808828214985,101.64653104432513,126.94250836604485
MRPL43,10.924135211561879,32.24299634734033,145.28825996435984,78.30157142273742
FAM3C,65.29006996197458,23.428344378141407,117.30096719714423,108.43771189014521
PCBP2,127.47898010129113,54.748218206884616,122.80513424880583,113.03627594048663
ING3,189.6054932119387,68.37710481214768,135.50734334240485,84.44127089752139
MAT2B,119.67943444035366,248.35158522075866,68.7058447250477,133.34554513257297
POP7,142.07326831722435,5.109998789047959,136.2412465942234,80.51999378864133
KDELR1,9.329562746004745,0.09007566349926131,101.97540563379779,163.8043707666829
GTF2F2,127.39198289562249,34.06689268162641,140.13477365851824,85.93194847141139
PYGB,58.6162919422314,72.50641873209801,89.31811753289577,130.79995371992854
JAM3,243.35916508808472,2.7529585286913057e-08,99.47365148561134,100.47984960596797
HSPA13,74.09569333170572,80.46866682764,147.75655651375573,78.08082257475445
PKIG,4.012433999809399,0.0009309293011971673,89.09277646467841,147.5196356579624
ANP32B,92.01464695013611,93.38920402677645,151.94193438892688,62.184450781112794
CAMTA1,65.84012973776203,36.138514671536676,98.35752260935726,116.64009448321794
CRKL,162.3413662834434,21.37244759261344,128.75287653343707,86.02780912599555
TAOK3,173.20296584857044,84.31287247068622,104.90769390073119,84.05696147822077
CCNG1,179.86305792754084,113.96844692242239,114.31127485919711,104.86423474394843
TPGS2,90.7501603116205,1.0583638227618994,138.2740926355699,63.64636675796612
PRKACB,373.5234866111907,110.22867875551117,80.87044076498638,112.05735149225555
CASP2,142.66490792979386,62.76526949258018,95.11847150219803,86.36064466011493
SFXN1,197.96442613405353,0.004954935125387414,135.900923669106,99.15376284960328
GNPTG,219.87720413149174,142.25304018105342,48.86440223972758,164.42645705182173
TRAPPC2L,55.01095661748868,49.567607277368374,119.54615577245387,106.75295241719263
SBDSP1,138.98221686346747,19.983170363486977,95.6019824405447,116.05045675040179
CHMP1B,144.11619159464652,250.75588682456,100.32620558678683,52.38505456267352
ZNF32,54.36114195817637,5.656040807191594,152.94353665848715,64.69856428071087
SLBP,140.70987270210537,37.66835723574519,131.63075719280883,99.28090882990578
G6PC3,52.93338196001854,6.847974210959269,112.67028005659442,124.09059410120288
LINC00493,37.59493158074662,36.80003578896969,100.00676003933573,164.9377897593726
PRR13,46.57702215912956,267.7799893656572,71.75786731427362,103.9159090077931
ACBD6,46.27618145578082,31.836286190226495,129.42839827970633,83.24630846097446
PEMT,32.21980255506499,0.3376483111079105,118.18759345356445,103.61562159114146
CYB5R3,65.44529275032899,65.28668476838786,110.1503222825094,83.41276759960553
TIMM23,43.4556004272723,32.03216802178994,147.86176005715973,83.29889935688047
CRIPT,254.350440772638,45.229923380291346,106.19284447462225,63.595570517454526
NUCB1,1.3635103702125717,90.12958396530249,70.51445665281527,164.25155652669963
EXOSC10,123.17628901735509,41.352641645899205,93.34802472034583,135.11132553869004
C1orf63,157.95248312935234,201.41588417066922,55.764323723316586,104.88533682379179
MTX2,132.59385183128813,83.160934986731,149.26255964971875,69.01982788476124
AZIN1,136.56003643505534,129.91129015439518,140.65199414438322,71.39172242344937
PTS,118.67581364520888,7.262610641868689,146.29437010379303,75.73681991937919
ECI2,52.220534078015156,23.635157891233064,82.19766460411023,133.64129764222548
NDUFA7,13.47535758318118,14.661246997934022,101.01455098202739,155.380174124427
LUC7L,168.33316377343922,66.50004822508498,122.5678537201923,103.06223117138423
NDUFC1,28.80902741491013,76.86731322957513,102.60755161523196,159.8561863249921
ARL6IP6,243.7593662222102,38.19660560617943,112.9454735141705,94.76989959886302
ECHS1,83.8578918310622,83.53954051764683,111.45523482010418,111.69458315016867
POLR2H,115.12802216687871,0.007482769155028722,125.30365336034951,68.71511085441142
GLRX3,12.401262028679362,55.93430118055242,152.48740202651888,83.67050715017422
TIA1,200.17496871177877,65.42731659673584,116.34417259888399,59.42217645821413
CSTB,0.00029904633908533226,194.56398608053715,74.69974141218566,118.95699049518619
SIGMAR1,101.53209008421673,0.5553619197255123,150.53099821315809,81.74631130007035
RTN1,5.906633065880825e-44,3.06934861973607e-07,161.63913243360545,0.35465102101841006
COL1A2,9.395764624707229e-43,5.672259282191908e-24,32.47653187075223,201.10245302340317
PLXNB2,5.106085047022676e-15,3.442087207192158e-11,0.00015178454870758612,253.87849597326002
CX3CR1,2.375434126824489e-41,1056.7425269817786,1.2894225071347922e-30,1.889856612914913e-30
POSTN,1.5262030048421015e-27,3.3515782885611e-44,0.16856833283932413,301.802610234895
MSMP,2.1821134175648815e-40,3.5569455438994304e-61,8.896928260387077e-17,193.23616076755957
HLA-DPB1,1.1085411202546347e-27,1097.9599570542323,2.718707821931014e-20,1.4109260160947216e-22
OLR1,1.391291216605583e-08,1119.8285309637895,1.0450745351207501e-08,8.080362280804347e-06
CSF1R,1.1402264927334439e-10,1194.883758484226,1.5750470838371012e-12,1.4406468075561168e-10
AIF1,8.263356221560098e-27,1139.9320065332404,8.102271705011393e-20,0.00036510481986815096
DLX6-AS1,73.97131776717616,359.6024734327692,152.99775178396018,3.259798700952433e-36
CCL3L3,6.98608468789727e-07,1084.4349627745328,2.6805870364256583e-12,39.534761696105086
TPSB2,9.425552531403738e-147,816.6312646896732,4.582081463191952e-45,1.0282135329913908e-51
APOC1,1.8325685649982548e-12,1112.5587773692755,7.486713810297237e-09,0.6181463399814715
TPSAB1,1.0894433915001287e-152,805.1235414274881,2.9602532971489666e-45,4.813683067874868e-52
CCND1,0.006320350569683761,1.8117835109164746e-05,263.92210323665006,0.0012911025723335223
CPVL,4.563781187143154e-05,1038.8774919400896,0.0004504343006043437,130.4988323937368
CD53,6.18734782303602e-07,1101.3325466740798,4.151651470429625e-12,2.0433326162124197
CSPG4,104.89082834358109,8.705656031174658e-32,29.188980124404235,226.14527875478763
TMEM144,1797.3032659519645,14.250840103807848,8.721126198907449e-12,4.931428300564967e-05
CNTN1,0.6111742919346497,4.733215136741352e-22,312.4053218190863,8.9297114039147e-12
RGS16,505.1493403826521,14.915484631524194,49.061800537289116,121.68441845159167
DLX5,1.602889208305964,200.78560412729905,171.69786177232993,8.817478246319358e-43
IER3,5.504239585561477e-10,942.6415999078331,24.47122205893396,1.788393772794816e-06
ADM,40.39409535291077,63.004981532044,91.92309548914665,265.7497591442988
CD68,2.977934228828741e-05,1018.1402735865887,8.315582952247066e-07,24.369809962824483
CYR61,2.005756794738395e-08,8.914575615637954e-07,2.5899711769933558,340.40221850022715
PLAUR,40.556229685507304,759.0892796045999,11.920164338512807,91.21208164608404
GAD1,149.21244086893938,5.286472247857421e-21,190.02521748162573,1.324495743272182e-15
LIPA,313.1225702430058,972.4368254869161,29.6438898387722,13.405136439642153
CD83,160.85309686213208,801.3603131229626,58.80471225552077,7.493530622755471e-07
TUBB4A,1426.3314595078855,4.485231950176579e-06,97.76150652397413,4.4821948719812e-17
CA2,1584.7880335297489,6.006750235911696e-05,0.01067425499426784,169.43871830636039
SOD2,8.101613344816501,521.4229834300203,10.677108606788677,330.9009124049742
LPPR1,333.0595680130946,5.188073116637142e-12,266.0425557987139,2.849207166417214e-32
AQP4,2.311444655778425e-07,1.032036367341027e-32,0.008306002720020649,371.40643839915936
CD82,864.0787121424412,2.1304370180143386e-08,19.5530892424005,312.5675090343312
GPR37L1,548.8434610779431,2.3344273562060097e-11,1.2151842961918425e-07,344.7434813377905
RCAN1,5.146485133165413e-05,6.721583991617548,1.4834607916283356,361.492557558731
COTL1,9.687701172550896e-17,498.47620499976074,217.78357224682222,106.25661270671172
RND3,345.65247323404645,294.9702032755519,159.6689457517628,0.11369172844767901
BST2,153.95215835907342,298.9634768152053,1.0059984580847175e-10,287.57740836254027
CSRP2,8.97650760447893,8.676514155740933e-10,59.130842941285856,450.1711284672531
SGCB,643.2915328866129,60.345562248249585,208.72238992864985,77.34382678268214
MYL12A,1.0822434591200933e-09,473.4456497937207,126.37570433020701,228.213636827233
ETV1,738.4229845332289,2.1757373880908912e-10,187.0853167989386,127.46645494838968
S100A10,6.914617105840125e-05,305.73963525748104,43.86200959744588,391.2340049808422
ZFP36L1,144.08327049060117,500.316909310153,2.986188175205125,266.689560590417
OCIAD2,1.3425945566094563e-23,91.10586521029927,76.32295302607109,306.8138082585522
F3,2.3991231304077912e-14,4.8994930895225384e-05,0.13383202818843581,425.01878273428997
RAMP1,525.4372078639511,115.66163744895009,28.9191917190119,365.6081195395112
MRPL51,61.27158499889204,0.5574994897083653,249.6371776661297,188.07993557413175
NDUFA9,42.510020009124545,63.06369735319077,234.869918693748,162.47411936648936
RAB31,207.268751200297,123.76648744835325,232.9346341267472,186.54866088012247
TSPO,1.2777125232409732,707.8623090713714,164.11870422864934,140.29362575612095
ATF3,274.1243050135173,342.49825340890834,48.46547191222769,250.7326065041408
GSTA4,251.33677191908177,8.08205976657574,346.9378174649203,0.028426871567410507
NREP,304.07831933418623,102.4626496092349,245.09743299736726,118.8181992524587
ITGB8,364.01934741670397,13.65428921325665,79.18054590310723,379.0328273658283
NEK6,0.045269923806008895,0.013672928244264321,133.4801595297808,308.15976501953514
MARCKSL1,391.7857380956782,6.902752763295952,349.34652803282904,20.610382735837746
CLIC4,423.83711341614304,121.85892326335376,95.3455309592054,370.33108597195917
MAP1B,48.666645697049056,127.52327419245164,295.03566380662124,70.45308457789011
DUSP6,229.3560777015885,170.08542161640423,153.10405558942014,275.4008054437957
PAFAH1B3,3.465571384499249,0.0006401989454486442,343.7823361965641,105.99310113615778
NCAM1,509.4874839881076,10.467906479664052,261.6553610679494,33.843078258974224
CUEDC2,76.89256587970722,32.395724562518396,306.3302117138804,110.15074996012687
MARCKS,1.1092186784023736,194.35833073537853,241.57297086143743,100.42441329501973
TOMM20,13.251429929589053,99.39152819639455,300.6246577472709,131.02210198064535
DHRS7,223.34356322728473,598.2725039948796,166.25970614052773,103.49595684842329
TRIM9,466.2531039876645,4.22664102425602e-08,111.51015043250534,305.05383870866444
UBE2E3,263.13998015215674,48.04707820541885,299.5222395524807,72.08097205568622
TOMM7,83.29340425242968,216.5063394651044,141.23765353390186,330.30316967655966
BTG3,410.7691505515788,80.75057916980197,261.7230158276814,145.96369766599346
HMGB2,96.22506618495954,78.427246417763,316.7480404367821,107.73452398287019
PRDX6,3.1562610145517067,80.3407525846555,157.0709954627266,372.6332429301561
LAP3,436.214642673034,225.70057253663893,68.5751262039248,278.60895584928346
MPC1,413.627402383669,124.62445734565594,164.3213640327622,314.48350270601856
APP,570.6053620624027,0.07735139742493685,160.38274156191665,338.16731432881517
IDH3B,49.11738384018595,142.34869112592324,226.27327668664657,267.7806091956836
ARL6IP5,393.82266624789315,521.7896741059924,185.90192986969063,189.25567252173806
ARL2BP,64.25360552386829,21.273059281767182,288.0672849557535,168.69512211958263
CD164,104.16412600317632,444.87401788368265,114.81140851627238,292.80166959812453
ANKRD36BP1,561.761381300206,276.3290619583897,169.29211774376193,123.10761678461645
RCN1,127.98718846687166,10.608277932209905,225.57140954842714,278.119709162599
RHBDD2,342.7799185512642,67.4943545023904,213.6213749504637,269.47472699830416
TPM4,0.0007814126234946328,157.75407490921685,228.18533763517308,201.57509941315107
PRCP,176.84987320277747,185.03008861980177,236.25229118105744,250.60592288635718
NAP1L1,80.79309166030696,146.8896871492366,276.5863298046616,125.71994621926385
NPIP,203.02102984546437,96.21152005518357,240.72939276245452,214.3193484704513
SCHIP1,515.2859429192724,7.014539017139166e-05,230.43930285751492,197.7588734387152
NDUFA12,120.56140358416656,166.43006043508856,235.95008164087807,238.00383071096434
LIMA1,147.70486566465246,0.0001564198833747562,268.385604938164,119.2911080191515
H2AFV,284.7588784415873,30.363173350589946,255.73705503766936,147.06752660741185
TBCA,112.7222243028757,24.48367919204386,232.2044623252398,250.33971023263095
GDI2,48.36324556782723,341.7853253658049,277.45593798374824,114.52148311817288
SELK,211.4993616726081,262.95660345502307,253.5630013756152,205.86997480547114
NOVA1,123.56486218331517,0.21377072440581485,215.20017836197823,213.43223853161592
CXCR2P1,1.0006448317683896e-70,9.963363632688125,3.4925017729045756e-16,3.2412167612808653e-33
LINC00426,5.2807227615237365e-27,0.8773858219149352,3.396820925452186e-17,1.672046291896237
DNASE1L3,3.639001059993186e-153,9.664608848185487,1.3476716679434878e-44,2.3689834900663818e-52
CYP39A1,4.148868048973478e-36,3.7775626006351697e-44,2.7431811759200674e-06,2.5207670085851874
UBASH3A,4.047844094880192e-05,4.094782405137235,2.7421889886597737e-05,1.2567929169861853
ANKRD18DP,3.50556762856594e-07,3.98735764341337e-14,1.8281825449477618,0.0018351392640850697
OR51A4,4.093250881936458e-42,0.615438503331342,1.135064652732411,3.4645777500480905e-78
TAC1,5.199165830683397,0.39652728936744625,0.8806583039777521,8.86920418952482e-52
NEUROD6,2.0025810763893603,2.119346356522289,1.1348861445932052,3.17570563974914e-29
NTF3,5.764438604743832e-23,1.458505640861168e-66,0.89583818078789,0.29540271744653374
CLIC5,1.672526136884387e-62,2.3624210811462136,4.0737371689300503e-19,1.37004824980934
ELTD1,1.62584433576849e-32,8.468041613693567e-32,0.2805789274724695,1.9453220549109573
ACTR3BP5,1.9772151929651691,3.7481216310900223,0.7784103240418206,5.68107142041777e-15
KIAA1462,5.895209231971079e-10,2.508623725280057e-42,2.250785842050905,1.6507814892930433e-26
SOST,2.555835505918406e-27,1.0690268423893177e-31,4.359232194738927e-24,1.89813368636499
PTGER1,4.7330626498848086e-52,2.3321681097309505e-63,1.7281499766966665e-16,1.8758575407318752
LOC90246,7.954757565883996e-22,6.225119635771753e-28,0.3708797954293938,2.172315616314163
PNLDC1,12.469225436933668,1.88137047095211e-16,1.0469350357069187e-13,1.1523106175208448
CDK15,1.139461661423378e-30,9.970502841500126,0.1741452139385732,0.05314023827707428
HABP2,4.987165961845468e-27,3.021625194264241e-09,3.2073095289816687e-37,3.066626241136571
TP63,4.964375259826116,1.2947491538124252e-44,0.31059076175497907,0.6112737767463708
METTL21C,1.8448109733402951e-10,0.6844638190371148,1.4511835994932052,5.634007722668126e-06
SGCZ,1.5730267833384005e-21,7.045824174676805e-57,2.488583240466028,3.6196846418050595e-31
FAM92B,4.763318530170035,1.6086059054157398,0.14481961903048013,0.8222819576109626
OR52I1,1.845179073404547e-47,1.917756854899793,1.220396336129553e-39,1.706714479811334
MIR4800,1.0711480537954998,4.175376484411005,0.6515372296952117,4.5203670990041124e-33
NTSR1,3.4131076411144484e-50,2.6666197784711105e-19,1.7145398869411406,2.384870055727842e-16
NALCN-AS1,1.9146501498434966e-26,6.55269453354305e-33,0.7654250281559601,0.9591276717613691
LOC286189,4.995133949289783,3.2921714091004817e-31,0.9629817313420077,0.8097330126264247
CHST13,7.823364123450202e-44,8.603351912106563,1.1181128822626361e-29,0.6291379333408305
LOC100132111,3.719249703250943e-13,0.5727432004304506,2.019490440865706,1.9583133277649473e-18
GJB6,2.9775913381037977e-20,7.674158388499263e-37,0.9344952512946971,0.010583840012818745
REG1A,3.7946156749019006e-73,2.625672550603938e-85,0.19695703515460222,1.7028712024803536
ANO2,4.520170210174865e-17,2.2846964756334004e-38,0.906402080636349,0.4849240871547164
GABRG2,1.5900005568743507e-23,1.145038108674438,1.4004391557591573,3.042376350973234e-37
SUCNR1,1.2318425673152155e-23,11.438836202436335,2.1789257098152596e-10,0.018475243623353163
SLC14A1,4.445805369379853,1.1003089129996233e-09,0.460380997632336,2.024764808161825
SNX31,2.774592248488835,3.767799226241929e-32,0.5194870622558635,1.9816205194253422
MGAT4C,1.2245172702224054,4.307860063680872,1.0750662640879751,1.4541630400006504e-07
FOLH1B,6.942628851008247,0.791041291366578,1.385043258311668,7.520079223388485e-15
SNAR-G1,4.209251615069651,7.47534676403815e-69,0.7073365055026142,8.205709378468644e-08
WBSCR28,5.112554620933288,7.027645481411948e-44,0.004322918083902249,0.6590768502830376
CD79A,2.802230724827842e-11,1.034385715453498,1.153787020920354,0.6075174631226203
MIR21,2.6861825879681933,8.422285323095676e-09,6.054121641599192e-07,2.9596052842801557
GALNT14,1.5733181491927111e-06,8.049165953701959e-38,3.0292661514793426,1.8377725725254495e-23
SFTPC,18.417966382393995,0.08959732698674704,0.14269027646882676,0.31045991901589426
GABRB2,1.4822366527114291e-15,1.6468960824186898,1.9983853031713195,2.3129091847135953e-13
KCNQ1,1.7999426589256435e-12,12.192101589707713,1.59624275592188e-11,0.07940979003409797
SYT9,8.011077481182157,0.04180043231126125,1.481801739587261,1.5719784915762566e-09
ALS2CR11,6.0591197095403615,0.007975493765742357,1.4722490697456285,6.359626988561494e-15
TPSD1,2.1478600135635686e-88,8.539305231762189,4.612831600956104e-33,4.841609903556172e-37
TMEM233,4.768271766183557e-28,3.651871802924412,0.4937169442432122,0.2161007547597692
LOC100128881,4.629254703228938e-24,0.6861615623197065,2.382983382827437,1.9545526651641747e-17
ADARB2,19.900562566222753,0.6519807933264492,0.055511082840262835,0.4684556400545776
MRVI1,2.408239998399187e-24,10.23694901951932,0.0008237262035036665,1.691219367895805e-11
IRF4,8.934870366540374e-16,5.029022112778184,9.615587083321221e-11,1.0242057824281932
KIF26A,4.474284081325312e-06,0.002659599132503547,0.48697831169251776,1.7062989624626046
TBX5-AS1,18.19949681487421,6.550031750319243e-34,1.810354644474199e-14,2.1276408890397243e-23
AHNAK2,4.1135047561375774e-11,5.072510620646608,0.32966612878079493,1.6451501825219967
PCK1,4.055267412127129,0.9393287554184875,1.134378607368778,0.22325803019066703
GAS6-AS1,1.4218201384823537e-08,10.484556344968425,9.65810888073865e-16,2.2481046170797607e-15
HKDC1,3.807816117426722,2.566792749793038e-06,0.3196331031447816,2.6725316341865186
LOC285484,15.70571217954819,2.1512760053840045e-30,3.882526361292282e-12,3.2111041701245167e-15
OR52K2,1.2565214001586884e-23,8.212255469818372,1.1331273136996879e-15,0.2553694774922396
FLJ16779,10.818802822516414,2.246827613700169e-19,1.9842429240488109,1.6856180669984782e-20
LOC100128420,2.2837915422284008e-55,3.9687703968453794,2.5240210808153363e-06,1.1876495516109296
NTS,2.350799836243058,1.5522695867500137e-75,1.0353210911337931,1.9797713557831875e-13
LOC100506895,6.15726804721535,1.5223288067327545e-19,1.9692269593640113,0.0036124717537332814
ACTG2,1.6007694758731772e-07,0.3733027370034096,2.4690473549098764,1.6315029426800874e-25
GJA4,1.5143177300126942e-13,6.730434678062433e-33,0.24830357978522485,2.713296253808614
SYT7,1.0245976107192427,4.698500996852182e-05,2.088005347089411,0.18304313030145014
SPHKAP,9.129333991550712e-08,2.119559077540315e-07,1.7834492092901857,1.4960630476261412
TEKT1,3.1843386491294314,0.09882535637007399,5.975093483058679e-06,2.8786455450198565
TMEM114,1.3139576573416206e-27,7.411343359001626e-57,1.1666199122493397,0.14638235529362803
KRT19,2.0390682176068164e-39,8.203709896934676,0.00010210809043832783,8.269190552270457e-15
MIR3689B,1.0466607552902461e-41,0.7594898539299947,1.0843465262612852,0.00015088792390597215
MGC12916,7.383773408774874e-09,7.841035626865894e-15,0.7055376321782421,2.8481688826628306
CLEC1A,1.405470220307311,7.894355644950982,0.5471023341308955,4.437330833775153e-12
VSTM1,6.541729338487161e-36,9.841252148930959,5.456869718129201e-24,6.273122914624397e-31
SALL4,4.540721584325931e-16,3.3449887036222034e-19,0.6965715522241831,2.882074642667022
WDR16,3.869767663261348,0.011363014274111191,0.7245221353994468,2.069204991882574
ATP1A4,7.707183633299291e-19,0.13960039980698102,1.1845680667909897e-06,2.3031967480792255
CALN1,0.27818081700380787,1.1606858509243054,1.784461583156172,0.7126353697307012
C11orf21,2.0980813194276476e-05,8.661572922791803,1.191515303444669e-08,5.04899560034599e-25
AOC2,0.00018945548589174562,2.196314411731259,0.14441856134966383,2.3175111939270536
ZNF474,5.772293767395969,0.378261367791387,0.4422472858826459,2.3256593088852093
GALNT5,2.2639523146302108e-19,5.839963363657729e-06,0.0002332423763904359,2.539286210196857
VWA3A,0.0026113121566988438,3.2577524239602507e-52,1.966590668943232e-06,2.2133322388217738
MIRLET7B,1.3033311325260244,3.547624260194277,2.2044264211036846,2.1035503710582653e-18
GPR139,4.904220879372175e-35,1.3200711449330736e-14,2.1722724411803744,0.6027527680555423
TMEM221,1.8354405584287954e-05,0.040059734165194184,1.1257319439507212,2.5944141335828146
GPR128,6.244622893929147e-22,0.7358917253377509,8.09473269258159e-23,3.030671966232912
COL6A3,4.549819610297893e-25,2.3322751591880487e-20,0.5072106273870055,1.2155406126597799
BNC2,8.815579491835942e-06,7.7474044293722635,0.6130415755083467,0.3792605125523178
FAM196B,17.418779529892827,3.7265272041247557,4.255446682770507e-09,0.4851712701348404
TCEB3CL2,0.9362327156638827,8.888207044488437e-06,1.280061410171785,1.413482638947651
TNFRSF18,0.27024192751662196,4.81148389546641,0.808032002934836,0.7882935367211225
LOC201651,2.3413428765886835e-47,4.70812603753612e-38,1.527519593108381e-20,1.9426803068565512
M1AP,0.00034926972742068806,8.21492214247412,5.562336345755707e-06,1.5429065080736781
GDPD5,2.452400675222091e-10,2.2037386448920135,1.3091011049498495,1.4994494000244831
SNORD88B,1.245316814812033,9.942785740047843e-13,2.1710123110954087,4.446040380241704e-16
C9orf171,3.3890466190413413,0.5048895187548206,0.6264181286430013,2.0511954717477128
NKAPL,2.785373823728914,4.28819811595821,1.369577074370766,0.03549070703487782
PNPLA7,2.634087750437125,0.9082320917826066,0.4156084034595291,3.1235772511032316
LRRC18,2.595970847313432e-12,4.927604891870163,0.5758481447729819,0.0002692628804927659
INHBA,0.1931406748030372,4.257738927048986,1.2564382022346385,1.2941131073154382
COL4A4,14.397646919740266,1.9314214167579022,0.6905405708633261,9.951021288678775e-08
DOK6,0.8200767810696629,6.243064438743909e-11,3.0084107732049805,1.6138721332536994e-20
LOC100506795,5.0543497140701734e-05,5.452494744724385e-28,0.7638450961051813,2.3840480500797097
UOX,1.7538205166738254,1.115680722635382e-05,3.3800533073799486e-09,2.844751653656877
CTAGE6P,5.166065780187988e-10,2.998265884427372e-06,2.093674077848119e-05,2.8947632360508644
RUNX3,5.96517600293694e-12,5.196392513526129,7.003891862011264e-13,1.2886016968713663
KIAA0319,3.1565549673382742,6.682979130652479e-19,1.358695196080388,0.7171739733136939
CD7,1.4121956432908171e-11,1.9845470525147788,2.845238869615335e-06,1.2827108008931456
SLAMF9,0.14955192680812449,5.197685778734977,1.2157637953463665,3.101358328704638e-10
REM1,8.180975490928963e-09,2.6359702540442127,1.5015490872224873,2.0590203034763687e-07
DACT2,4.135985810325648e-34,1.1262868967091406e-07,0.9627569088004823,0.9911716907362449
MMP15,7.896685465346777e-18,2.1963289081090813e-10,3.415115808642395,2.446888636991616e-13
ATP6V0A4,2.777953045032899e-16,1.3361048789081645e-08,1.93805209649844,2.4796177219019382e-39
VTRNA2-1,1.1425156632521867e-06,1.1980071782578053e-08,1.4622833955137293e-17,4.043074241572611
LIN28B,3.096124360786811e-16,4.133371873641906e-31,1.7775594222286368,1.770215128284612e-24
CYP4F12,1.8132024379956287e-05,5.056579658571473e-37,0.5259954625824991,2.7704738515344407
ASB5,11.085584097823318,0.8106519322476443,1.8259083300158407,2.4231751417773997e-14
PDE1B,1.6624887028818294e-13,9.70867576494766,0.7990892726494349,1.197175676164312e-10
CCR4,3.3758282495688974,5.455989446937744,0.38394146133187873,6.45751502769456e-22
THEGL,2.9293152730814938,0.0332725042288187,1.5149497640795715,0.5438964020730084
CAMK1G,7.733511293623225e-07,1.2817321715928405e-40,0.8261001262479891,2.1275127265054814
FOXJ1,1.2436054317990144,4.8836154287368244e-11,0.07525098123941915,4.053358683639971
SLED1,0.004250335101613115,5.560663963342789,0.7321027589086,1.5582274641128543e-07
SRG7,2.8806838766046314,9.189503494206988e-16,2.1655431445047824,6.510662601531865e-10
GABBR2,4.976204969977819e-10,1.2713038249321,3.0938801037930928,3.2385511056890772e-12
TIPARP-AS1,0.0010165120969348976,0.4772143290451388,0.5874616874069116,2.432965792693508
ATP8A2,3.495819415552265e-09,0.8279875856007618,1.8856559369379,2.977819541708661e-31
CCDC88B,0.008636301582516891,10.181163214299113,0.04110880697297852,0.74723377393123
LRAT,5.452611957699165,3.724604772114394,0.6862564564371988,1.259324036333292
CHRNE,12.753738402849141,1.5956752189469936,0.0010029964008391905,1.7352268735366063
CCDC141,4.283830068972693,1.514289256724067e-10,0.3402263885781154,1.2718031721268865
PRR18,16.174757575026856,1.7378938915223377e-08,0.5961592697883793,0.8755753434116187
C20orf118,4.7556190101373365e-09,9.472219328941684,0.7493876308518881,0.04126166602862304
SLC45A3,15.161861441499058,3.044206400219588,1.0619536860335352,0.00020554417946759104
SNORD97,0.16433662614929107,3.012111424454422,0.987461648054023,1.3966065472050286
SNORD58B,1.8825621942593275e-37,2.2116485691099804e-24,1.472554318524639,0.3661357917331327
ISLR2,3.3303113843990803e-09,0.5100935499457696,1.2715319076926208,0.9908478048173851
CHIT1,1.4333616507036355,3.0391663025186255,1.549668686848677e-05,1.4722130610568407
PRKCB,3.0398657437614395e-05,6.968453638458662,0.5537730296662037,1.435049096464898
SLC22A3,1.1767137492876665,0.7819341271539779,2.5144072207022083,2.3380976838225443e-17
PTPRR,3.9278170659948146,1.4628957497643575,1.158571295447706,1.0166056812586715
ASGR2,1.2518418046624144e-15,9.808369806343896,4.446897458289118e-06,0.399066241331083
KCTD8,5.1281951984762,1.588875080635164,1.7456358720113452,4.281167930387777e-05
SCARNA10,1.0369660360586026e-12,4.0982611380171114,1.32056949282336,1.55834523074975
LOC100507140,16.279977529169905,2.124418407214052,1.933203476504286e-18,0.4878844464582886
LOC100132891,0.0006049180494270434,0.7953151453277744,0.2605571409559879,2.087936524676338
GRM5-AS1,2.141979154691913,0.0020379903400812873,2.23210209397232,2.0589845443148806e-33
ENPP3,1.506056789085875e-37,5.067584310901983,3.6027942490139208e-22,2.081010059533253
LOC100505875,3.132998823991744,1.0173865450082409,0.10123247936535541,1.764434577728229
SLC9A7P1,2.5677106187981233,9.042932897763755,0.9832202179969468,2.330691202959539e-07
POU4F1-AS1,3.497752498707251,0.8143402287038056,1.03941258915012,1.2583846402515184
HIST1H2BB,9.328485226005745e-09,2.180089314120195,0.9558196127837472,2.2415456912617238
CDH15,6.563639855467665,1.1074416632803856,0.6528633617708233,1.731068591878004
VNN1,1.0796050980680185,9.598815647534037,0.06420758298249486,2.0064516369871044e-08
TOX2,5.731909594552645e-35,1.9953123675241669,2.336696063160499,3.462697092470541e-15
IL20RA,3.031721845646614,1.970060791973868e-20,0.44531539899064965,2.165722800391053
SNORD113-4,4.820850628659174e-28,0.003073166497677944,0.5756789454850031,1.9798168658196633
CDH12,0.4725293507733415,1.891812049017296,1.9333773931822529,1.3773925970815164e-15
EMX2,0.7944924927415424,1.4527921284023633,0.5104819698460449,3.4802101091228503
FAM159B,7.297033311143443e-35,3.924769367800524e-16,2.330378126031981,3.364270944758367e-21
HIST1H4A,0.7477429658647645,6.662086524381266,0.48999455441025563,1.1846967788742135
HEXA-AS1,0.21331106613525966,2.344339894538157,0.8299432637912414,2.8612288848216263
RBP4,1.799270399696202e-13,4.646040199126064,9.242898091257557e-08,1.7170384401819958
COL15A1,1.6319211857219896e-14,5.475470050448408,0.5661334814013509,1.0641293431907712
CYSLTR2,1.3220770869760338e-44,4.223537218453846,1.1655095358111803e-17,1.873247518627907
CAPNS2,1.8320309370397126e-08,9.33596424209752,3.5176779197354315e-06,5.387612371382605e-18
WFDC1,8.240580792874562e-26,0.7834952249997102,2.019398709254749,0.11183968227349603
MOCOS,1.9248605272367525,1.4739044891826025,3.5562196393890953e-12,3.2406503349140574
LOC339524,2.9296241552378275e-41,6.0075628607326275,0.9544262486695173,0.41864458649551317
SNORD31,1.164427662514728e-30,5.83650395337684,1.6741101571125554,4.4998569405003036e-08
EEF1DP3,0.6712956706425921,1.5442935514730753,3.0114636996998088,1.3432388778009624e-07
UBE2QL1,1.6405945612383548,0.5854750807813357,2.2700325839672226,1.1040039187943113e-14
CUBN,3.7776491912324257e-10,7.211283620382002e-13,0.7806567728053623,3.0767271841295405
RNF217,1.5266124220290587,5.37534291633461,0.9867793751551183,1.5427561727564598
HIST1H4F,1.5618693236012379e-09,6.235974211643854,1.1306307541545488,0.7046555344760385
ANP32C,1.1274789768076536,1.8241335094884308,2.0828954552309153,1.731610812247183e-24
SNORA52,1.7806869920172713e-05,1.3073501941924828e-23,3.074857073854016,5.129839428904596e-16
TNFSF9,5.729648645674358,5.27596381821602,0.716915338968079,2.3341523505582457e-08
BTLA,1.3829601980249363e-17,6.876460966023333,0.6880600863264412,5.753577702479665e-14
TCAM1P,1.0576788998917089e-07,0.9370279505986453,2.515795132857722,2.126440106090685e-06
PRDM8,6.651723917888817,2.994455050062499,1.5069096608479309,2.0260281767844523e-20
C1QTNF4,2.3361185185502193e-14,1.5671539011000836e-18,2.852599116630081,5.081541333250014e-17
ATF7IP2,0.0003747803209796311,6.387919247519665,1.7607632206110784,0.1343918054145044
TNFRSF10A,2.1367595926717572e-06,2.982022369134072,0.60011114831095,1.49962515449431
RASGRF1,12.928741937477257,0.9130892145556129,0.49242894987675195,3.687007744423935e-09
MYO3B,1.938094306277324,8.56911274341676e-06,2.103712471025838,0.3463205018172826
TNFSF18,1.3818399833996944,3.831990170016857,0.6472809615516245,0.6257403126362368
CENPVP1,8.707824732176573e-31,3.4500628336389494e-07,2.475152833692304,6.458341405556459e-24
CENPVP2,8.707824732176573e-31,3.4500628336389494e-07,2.475152833692304,6.458341405556459e-24
GPT,3.393720030347031,0.82075224485462,2.384867507727389e-06,2.4812453444984124
FLJ31485,4.75809167145232,2.689259357463627,1.579524589056353,6.156735757831816e-13
LINC00856,0.9898084369321714,1.172632457680426,0.9011994546926152,1.7370240490725313
SHISA6,2.315196522992792,7.27437014033718e-10,1.3747328923871132,1.0604218444788287
EDARADD,3.0082080853815846e-41,7.52817285739608e-06,1.9081830885295121,0.5265087820175917
ANKRD53,1.1939413031474801,0.08052718557922474,2.991786055901934,3.2405816502190477e-07
PI15,2.3954814738279517,1.4906959034567637e-15,1.656283596209949,0.971882252610455
MCTP2,0.13073255251713628,2.90811357841891,0.7785294411907843,2.3734228979054626
AGPHD1,0.00045344806244177187,8.250383403769946e-16,0.847733754890139,3.58684283151952
S100A3,4.999049766096426e-15,8.766982277568801e-12,1.3750942808265836e-05,3.034535718740875
COL27A1,0.004321471800420867,5.335137395837704e-29,0.9985236195475913,2.634728959790004
SERHL2,3.8978825054951485,2.530085861566009,0.53672428508485,2.544777054333361
BAIAP2L1,0.00028395794862471783,4.473880077106959,1.201653985575347,1.7014295337092564
ZNF33BP1,1.6212430658881138,1.2172064616387395,2.3293430225341876,0.4420619669965527
PRRG2,5.0226865771570185e-14,0.997800278261522,0.5295339082061853,1.8637706784905965
CELSR1,3.7846438237267397,1.2897009449999513e-15,0.7854105525270092,2.523422031225084
MATN1-AS1,4.924651782709266,2.9524934970091,0.8787263785621767,2.3182807405329853
TERC,0.0001071521046645938,0.638284475035742,1.56199799579028,1.2644232694163065
C7orf57,4.531485851658006e-16,1.332802788020907e-10,0.5892714755431498,2.4775389080629773
CXCR2,1.4417626264496102,9.154584052042853,0.48551532682158766,0.12738254667370444
FAM178B,14.024020563356926,0.0013082515658510293,0.22507460076452232,0.8287562351232445
HLF,5.616906413636248,0.011955971285936215,1.1425269975344767,2.296233045084669
PABPC3,4.008520646060008e-06,2.779442218677178,0.3143573196090095,2.3189163533991777
FAM124B,0.7273555229736245,4.1977275817682465,1.1419832905935745,0.6093795277025017
SNORD34,6.506214403194362,0.002396905322513523,0.8547902705917217,1.060050270998595
LOC100506178,2.5111599670030908e-17,1.622784247972481,0.6174749451265247,1.6996212924383838
OR2AE1,5.364588379270955,0.7755763308797706,1.1951665256476665,1.5631957364300282
ATP13A5,0.005500376046322032,0.03970742355297165,2.2303354998558653,1.8008723660765107
CHRNA3,3.7005553676725698,0.7219771721218,2.034655698449393,5.437210106619747e-05
C6orf165,0.7129532738715322,3.030801380623541e-19,1.0586709785891668,1.8686474370053223
GPR45,2.391261893287018,7.75032534602263e-09,3.227195801677339,3.8192889970182486e-13
TTC9,6.603557644870598e-08,0.5368636007791551,2.1327941358832563,0.010644075693320123
ZNF556,1.5364752891333093,0.1274334605357154,2.6794643971413743,0.0003775885365938473
OR6W1P,14.080470539986518,0.3082497665853822,1.0119543498159242,0.8387569292969779
SNORD58C,2.5890171941767153,3.8918614375477616,0.5837920768869261,2.316599458284822
LOC100506497,5.507640984176359,7.186135265379129,0.16412958282907097,1.6130649623895832
FOXF1,1.547426121854206,3.281664722595123e-15,1.0445419421808042,2.3474890744553534
SLC22A15,10.049974992403406,3.283619270661096,1.6879201519324325,0.523593161734394
TP53AIP1,4.494615352859476e-19,0.002067409145734456,2.5981951087600157,1.3501518152194643
ZNF534,5.461720571627912,1.013615051824352e-10,1.4607357656946265,1.9124002511986633
SLC35G1,3.0203407627512642e-40,2.7031123037062134e-20,2.3890786948578278,1.5396835912416378
SOX1,4.665012002226783,1.7875757640298417e-05,1.1960190193474591,0.9873649511914145
STON1-GTF2A1L,3.3833847169227766,2.854656558845022e-20,1.6743932843976368,1.4724723089400986
EHBP1L1,0.5293764683315484,9.56827998549905,1.599456232573475,0.0006892523611080632
SNORD28,3.449765821965935,0.4337995219330469,2.171717134206346,1.5582044713365417
PALM3,0.7325439824690619,5.3843574440492196e-05,1.7077399113331608,1.424463856263472
ENDOU,2.5017873122029117,0.0855449682685804,1.478435399946321,1.2112745672748362
C9orf170,0.31310571017602784,6.30476375046978e-08,1.5619361182738356,0.983505794136057
FAM117A,0.0012591135631019393,5.4149519151527095,1.336227496194305,1.4556541144440596
SLC6A13,0.19805401409453594,1.106784216230043e-28,1.1370783169056125,2.526895798724332
GPR160,0.7974367176915399,6.606180947161837,1.4473130640334677,1.1184018063094923
VSTM5,7.046187389851336e-10,0.012743058915631525,2.5634930334766977,4.3964606219139305e-23
ZNF658B,3.67014609919136,2.8786403784797014e-17,2.5790827464991657,1.0387763827200718
MAPK11,3.7523942032135583e-06,0.9806074351857298,1.7494883330038578,2.409006429923389
LEFTY1,1.4321654044263207e-08,7.503749372865351e-05,1.1690017293221655,2.8887815859989567
HECW2,9.152677857545932,1.1136697901411194,1.7094546962827724,1.4271508239333076e-15
PLN,7.335631666639345e-05,2.2976352864237333,2.054104990216644,0.8105851786491364
RPS6KA4,2.447881177361732,8.556375374759655,0.6284877744390743,1.3931188650743196
JAKMIP3,13.792671230050459,0.5689833024769233,0.9876998209948689,0.09607268791945635
SCARNA5,0.0016776781665559057,7.400338735804964e-05,1.501753926015559,2.124354785153874
SNORA14B,1.8010157595243293e-12,2.4413909770392967e-05,3.104491549495146,0.33430567287658225
CDH1,9.28196097597513,0.0035321059181644358,1.1620421052235013,1.024304751350293
PA2G4P4,1.5579548471770732e-06,6.442596563443905,1.4898777326433124,0.783712104435654
IL1B,78.65237412409334,1173.7667269218557,93.63703400442013,1.7247071901504255e-10
ATP1A2,10.636740666873083,3.407547369063945e-28,4.90247389598792e-07,469.21078367079804
HLA-DMA,1.604874129184037e-18,1463.9190989978194,4.160424191107586e-15,1.5831423587529526e-06
MS4A6A,3.987932817621854e-15,1480.9966657976474,8.799428923380824e-18,1.771734211325773e-08
GPR183,192.73648297626832,1255.0356514559974,64.80746529122293,4.344104153235065
RNASE1,2043.774604905399,429.7852279369384,1.305006898055182,37.84362696936106
FIGNL1,2040.7033131050705,4.923337242974375e-48,2.2147854522923986e-24,1.658330112203205e-14
TREM2,3.1596358731051345e-12,1408.8262609149801,9.184749849805851e-18,4.96391103109334e-08
MGP,2.8325963987698784e-40,2.1627697350378396e-18,5.1350739464190665e-08,229.97348654744354
CCL4L2,217.66975537350876,1212.1529532350394,40.14743668138148,0.21405115109386696
CCL4L1,224.37631926242003,1210.7808474763167,36.37811645243633,0.4467096099952443
MEG3,182.4287676067621,140.0782253372343,179.22243653651662,125.33926656004637
PLIN2,55.61475583048323,747.973282046219,30.73968533462027,181.25204601239372
EFEMP1,535.054486042914,1.0666826955495362e-13,72.76023293241234,255.33379188159384
IFNGR1,97.59379845440222,1325.9794651543275,48.81029382136549,87.22800787564184
ISG15,683.5603844042838,16.314321296412036,10.889502658666254,323.33364270691834
METTL7B,1.9469411987045763e-20,8.316380727856686e-06,5.4555212786428556e-08,495.38757589218926
HILPDA,2.453095377157009,0.9464813579550175,154.36343453363958,284.13250366276935
PLTP,140.6556870159329,593.1527136566956,56.57906368944563,329.2079746397603
CSRP1,1815.378909600107,0.015376518760925254,1.7268276311472535,186.26156324577815
SOX4,117.15428633349171,55.33687912227676,460.48011214138756,0.019937796807794315
TOB1,364.0609656437479,283.7968543139281,29.274535307986582,423.49891551235453
ENO2,160.3948678026034,11.777080888217599,326.8397352686377,204.65547350225972
GAP43,1.447115692995368e-13,0.25896930807003987,285.67422703632343,277.1299099006512
LHFPL3,537.8288309116225,0.003854216884435534,335.0050873715366,1.6758189693342303e-10
NAMPT,119.36117148988893,570.9686218485394,57.57978302565037,265.697707704806
CLIC1,9.800446514459567e-10,572.8886315619719,97.48831120893917,349.0413062410573
NFKBIA,593.2187221932198,741.1756538351387,44.39365686133005,292.69067977683574
SIRT2,678.2531243458966,96.88244887287925,276.29728852476893,34.47798337342877
ASAH1,320.41182712944567,948.9226712209196,143.14045879865333,176.46640804121418
MAP2,407.06247010895385,0.03386802663765396,433.61570540054123,52.83076350181674
SH3BGRL3,0.1561070663385646,699.3037935468742,121.77856425001555,304.6334633244896
GPRC5B,1327.491386979609,5.139216666819815e-07,90.26304702925077,328.5324751901244
GBAS,149.82083622709337,62.8498580717528,254.7497603705157,289.78960407121525
TRIB2,162.7025551589399,3.4861889590952102e-15,294.2985669806203,204.7109822143295
PPT1,394.9311541515774,933.5657134020328,125.4599729119904,222.10475005759093
VMP1,2.464641425196861,418.7904101365336,135.79069880759877,347.09221221844393
C12orf57,190.97280658218497,2.842166318129619e-07,318.777100174179,181.25146261941066
MCM7,468.12668703815984,0.01772614443172499,343.7559863344337,106.03349916929369
BNIP3,243.70484576532695,0.08916253598305268,241.77974631801436,309.0323592107545
LGALS3BP,761.3402462654797,169.63696547991228,88.21029268725827,388.81039673183756
HIF1A,293.8770639128178,484.97457645865643,204.13803367048743,308.01980105538723
SERPINE2,306.5433212907765,56.97385455077188,309.76210280791963,236.0736715170567
ARGLU1,102.84418298134105,206.55788234772345,218.48821704395155,323.0187566675092
RHOC,1.3457913712360348,15.63960988598985,158.28289544484122,426.4947510799586
PHB2,115.40731556405416,10.058941856290454,333.5762000918599,209.13360996555775
GPI,291.3397388516123,31.3118732661786,143.70854297950487,427.6799244955822
RBM39,91.99412833922081,213.55546922266373,200.3279698886092,440.426026291937
SUB1,610.0615924863184,117.72541887363788,277.1979252591566,270.0812770540462
CBR1,1189.0385463707362,156.3900865626215,165.9584769850442,241.47800404209445
TRA2A,158.04193488924685,127.04889247147388,240.41499814172013,275.87557337761945
KPNA2,306.60639601044045,48.737573662439516,391.7839196569447,67.84101147762618
TCP1,73.16211415192477,113.57147860344251,424.42392772408,159.80893174486573
RABAC1,195.44603633479522,50.286011067616684,223.1180429072886,433.5857722347132
SYPL1,453.6343629536988,237.41956143045996,121.97256433264444,354.94977083199
OST4,1.3439179928290437,207.52500236798485,231.9415509282263,324.55437358833046
PSAT1,811.0810540560828,1.6806443882044027e-05,190.97008919126708,248.9751589209475
PFN1,1.784005712881946,502.8179388761833,209.30776146898847,310.13850127391197
RPL32,0.032583645269330004,236.01809961196892,353.746175418918,193.66873775759944
PDCD5,75.22657105883334,17.81022317407548,320.57761782559754,319.44611209749115
PSME1,346.94274823468,445.3898801922514,106.27789539504832,375.7897687181301
COX7A2,33.28423940087696,92.82470562793601,361.28875047880956,184.41218302514798
CAPZA1,10.683941100445768,579.964019201834,168.43253689577895,296.1362301635624
ZNF460,457.72847833657477,61.02185581649234,179.67974145476117,366.2400871205469
HSPA9,382.42574831314727,179.09117936703976,203.12088826537462,394.3297181457237
CHMP2A,293.4763292118553,180.32285575173137,221.33031976658356,391.5939415622882
SNHG1,422.1252929154819,103.55925366844436,282.8088882562847,225.07029108636982
ARPC5,364.2898991156728,603.4663432843347,250.8440466193999,172.92236432565562
IDH1,79.04893691120515,4.2502671783122485,289.2914877396079,225.7944220938083
UBL5,0.1822395528675225,73.81715851347523,281.2883892942502,360.77390878087147
AKR1B1,43.90682545098951,432.88914635720624,327.25966531056775,88.72613069553607
GPR56,807.7786331353772,0.6371990066926977,232.77943396797875,252.1322109567427
RPL13,17.84057719634175,344.31656743968284,288.0922898781375,199.3233583159883
ATP6V0E2,212.4637947053202,0.0001320637806066029,307.1138610965429,217.8980342871518
COX6B1,163.18680823831804,81.4245489003397,211.161008937183,374.8677836474948
EIF1B,533.8455146912861,242.86150923692514,359.414883678338,190.04610152999788
HM13,10.820952943034603,218.19514276082126,193.95694030196393,334.9688791811497
RHEB,150.1472904211472,187.39069748237924,266.4637422343232,238.60502154750566
DYNLRB1,54.82634319064693,3.0722888190371305,313.1327801321929,328.76336060980276
SYT11,572.018864604009,0.00463899888955949,276.241196643459,205.56014367906985
ARPC1A,313.47890745592235,89.34478304660324,331.1427743314124,295.4071379517938
YWHAB,53.72139618791489,386.1110958576356,328.6915088081015,258.896954550838
CDK2AP1,87.39998562618305,2.014118139653392,324.0281169717609,253.62263433472756
HNRNPF,236.2473419655685,194.81545276863335,279.91421753991455,190.35346174419993
FCGR3A,2.306671918351482e-14,3062.0284782008985,5.909782861300787e-17,4.14440108439115e-15
MDM2,4597.085744867562,8.843266712834953e-13,1.7257784365785984e-06,2.2508691572973e-08
NNAT,0.00014745805053589385,499.6519436671106,467.4301185433696,1.1894460002888018e-22
CHIC2,4187.299170955342,1.0532136725066177e-24,5.956632544968613e-13,1.595439095787581e-06
MT1X,0.0017615329720111165,433.86722532632626,3.750033031007452e-09,904.7219983725273
DBNDD2,4463.934966145012,83.56864659274981,88.13057860389259,97.00586425538874
MBP,4130.7422656003155,121.5150749060789,84.25647975342066,11.704354379507489
PTGDS,4172.227310532009,0.2120222981155129,80.30966569794553,6.238863331855319
CTSB,10.334670538709751,2299.301666944251,79.57180707337291,431.0968446709623
PDGFRA,3195.591131211713,7.395635162757834e-35,197.25576362682867,3.644878451318687e-23
C1QC,0.044278806876469005,2430.3537987931218,6.237093809077755e-06,1.8147025840181186
IFI30,9.616811259494684e-08,2222.7994130210245,2.7789773019358967e-05,100.0622708842119
ANXA1,0.00019992687484679194,752.0166184434897,5.862397220910459,873.6962443635983
CXCR4,407.91786879046566,1600.5654642775971,40.404549140681716,283.0728438506379
TSFM,3453.819940494646,2.439944908972197e-24,1.8124694179534998e-10,2.4272266356923872e-11
C1QA,0.014918968969149307,2246.689590340254,7.288997293488087e-13,0.03886978591445384
NPC2,80.52593620320931,2290.6327152786894,10.034194204025603,126.90382939268936
SPARCL1,4.791858698147488e-13,0.5162907317125424,163.6146666591025,951.2894804648763
C3,5.203311176265877e-16,2056.6311621324335,1.0367531964223428e-10,8.779761978765391e-13
NUP107,1351.5565253473603,73.01616897795701,153.1440634658862,1.2840915178395843e-14
SLC1A3,633.4348897687709,37.51436008234574,146.5033487623714,1020.3772153284501
AGT,148.87726212085212,0.013599767600905853,17.36231358266234,704.8315350294926
CD24,375.7119764303568,227.06414407670792,533.9321442694999,2.9359642896875903e-28
SCRG1,4.2661968477284666e-05,0.6672521725536386,923.7463913073217,0.004571992307379813
HEPN1,1339.0548222891598,9.882255541229494,0.0004578448562174642,955.4589935565186
TF,3451.616113231703,1.4652557740858352e-06,0.002037013884922223,1.1149628454507542e-06
ANXA2,3.2698536667414465e-12,634.4356247780648,159.0430419146257,766.5287670531951
IFITM3,62.49785149733344,136.21425569093566,0.034672466075559405,822.1934486208866
MT3,0.09297963162991049,336.50644109600626,0.010222719829779164,849.3108766924922
RGS2,195.92335023071257,1889.8627474401167,148.6186340690572,44.164029587136795
MLF2,5.44067156110482,0.018310586213308187,560.190576501676,506.84419805136537
HSPB1,436.88948539482834,120.63563277289055,27.477053968597424,600.4517075465659
HLA-E,203.24973727244472,1814.6728299321803,0.2959792282701057,253.51752686642064
CCND2,1203.38995681874,0.007332212607854788,413.5821580580089,203.69402185708674
GAS5,304.21103019659154,259.55151341516523,467.80321257802353,407.0731656123924
UCHL1,188.5470663918724,196.88674224094407,850.1097239023077,0.010108249579688325
GNAS,0.0007387666340180493,3.943998081060658,296.601709628261,798.4636651215737
MLLT11,11.758643339638047,49.64375529210515,741.6906210679041,4.706802196626753e-08
JUN,572.8180982625455,269.7326216677972,67.56703337627927,560.430060464524
GPX1,0.1524876750715841,1791.5418724596168,225.59461481072893,315.15859243835865
SPARC,64.1830292553169,2.4590042290649258e-08,94.7084899073557,910.5856578448805
IER2,1730.6910948908367,909.6986280813201,358.30847587100067,369.7688443386732
GLUL,1233.6110154526632,842.4698151594789,135.3777864612892,605.5690577412198
FEZ1,1728.4129442151348,3.324735895919795e-05,472.5203026824701,334.2936572978788
SDCBP,50.445778004067,1170.2107407622495,468.28402711035784,470.5528951977636
NME1,6.953627561938316,5.625208472919736e-05,733.3679236507085,339.3635951183516
ATF4,788.6708460922285,228.77666985631348,446.0763892981049,509.1668073667585
CCT6A,465.76444544041993,85.36198334123661,649.9174721646531,351.1022200346615
WSB1,529.2975396252377,626.8752109463129,445.4496267707967,290.67878191896176
SRSF6,283.6322448127483,362.1315865045587,272.8610602442547,436.67910815693733
RPL24,0.36053086595579387,406.4261162497738,746.4906685170337,401.041241184014
CTSD,509.5050996110055,1323.666274657753,152.73486825728776,355.95888337098336
PGAM1,317.1540241641404,237.44960274016165,684.1690121712084,439.27242053150616
STRAP,246.21316647219683,40.37979526474776,599.5943813141903,357.1957527502711
TAGLN2,20.836838654609902,238.50402027626023,270.0890314138234,580.5950856892347
NME2,0.07400610509163606,294.65773998962067,657.031323580841,544.9434468911871
NGFRAP1,279.45241295606917,0.06255381685569197,621.7732869181852,454.2979937788515
SCD5,1445.0282839127415,277.0403553857139,444.83946947297653,171.85628774906525
SEPW1,489.3074631852303,2.18814749620474,489.0468605818235,484.9890321834516
CLK1,1323.7998102562622,690.0767705675675,401.80753850367637,248.44801268261796
HSPA5,0.8116819773941973,230.26558707027968,407.49161691764954,627.9986459249826
RPS17,12.332637905147823,539.8327404627915,613.9890449349517,361.34680449964105
RPS17L,12.297566058447584,539.6804308035236,613.9437725883942,361.370579311458
SNRPB,42.21986639202273,24.47466118634909,449.0957924692464,355.84952608214735
TCF12,382.75181403875473,2.4752783943509605e-06,481.7175136775819,286.73260898834315
DSTN,5.8902095830463335,5.45371194400789,569.320624605634,653.4048445497745
CALR,10.941336576193011,328.1649482884048,461.3677982199011,828.3074232251709
PPIB,227.5903357866925,152.6738082591984,490.6382901922456,739.0770520137614
RPL36,0.28686377321299417,295.5977969959743,495.9887827286319,644.0109646717709
PABPC1,52.6366195226675,1088.35957037652,439.4917979486705,230.99594383644688
RPL35,4.321970621587226,456.1833364530485,589.9188970155491,378.9329164012945
ARPC3,141.65314872442877,1282.305508128593,384.5042900277002,429.69210511772457
