,0,1,2
IRX4,4.081106635199661e-18,2.1591753717582275e-08,2.3960536702718986
HDC,16.77273319764198,3.319162595725441e-14,4.705474792642803e-14
ANKRD30BL,8.258968322797909e-15,1.1701490998794781,2.5345304027550517
LOC100131289,1.366015931308123,1.9219357614473733,1.625456877719733
SYTL1,8.73152357352542,1.8389011137699443,3.2362007597961864e-05
MSLN,14.510088909196915,0.15173276157017593,5.4240150369823496e-11
TFAP2B,3.2873494197505426,0.3670084306726957,4.115741936049306
GTSF1,6.360869070809033,2.6579446634296975,1.5436829525512848e-15
KLHL14,1.9129951225508288e-18,1.0157725830042503,2.968857435638699
CCNO,4.680596271850734e-13,2.595116398494108,2.1219807598110934
SLITRK5,8.579989100927395e-15,3.131078173890293,0.8520361855981776
COL4A3,7.328687413177242,1.2358305718119724e-14,4.158042758634677
TNNT1,0.13199685308106282,0.9033996267980233,4.586216124907205
COLEC11,3.572223599314566,2.737979217659813,1.0614696057626956
GRAP2,14.46598561799454,0.50938611590413,3.5768625071126627e-12
ANKRD20A11P,2.1091759842506215,5.18108354972088e-12,5.416338015241877
CLEC3B,0.02290075428144607,3.5657697632264234,6.7940951410494675e-12
CFHR1,3.0766214601285717e-15,2.6634108631040625e-10,3.7872108630086774
MGC39372,17.396848401791473,1.8826049123402526e-09,0.41727491412548307
PGM5-AS1,0.15796080658681352,2.0991173024903746,3.626834740125692
CRYBB1,19.84441754036462,0.522303530772509,5.030426960606842e-12
CACNA1A,5.435882013465875,6.375876545089761e-13,6.057795288830284
SIGLEC6,15.2619839461934,8.873133900009585e-19,3.8217542961847987e-23
HES3,1.2939199794873076e-30,2.168510783381859,2.385303763510462e-25
C20orf197,17.086993187061154,1.0867376977997411e-11,1.2150787832174831e-17
CACNA2D3,15.358150126149187,2.4560087746755972e-12,3.080201182163672
LOC100506388,9.562622672334738,2.5035929467609583,2.0726340323551746e-12
ODF3B,19.21984481654716,0.10159096690872396,6.170957637080212e-12
DCT,2.8632453488833125,2.039397048816555,3.2163296612107324
GPAT2,4.957190753025444,1.2135072639752609,2.6311289290140683
ANXA3,2.066628365580488,2.0136086697555973,1.766473823532954e-18
TEK,8.926434873017808e-05,1.757642877702331,3.733377559399515
WDR49,6.393414586623699e-13,4.50398608337842,2.080872315818862e-09
GNGT2,19.61571251692769,0.17447143653236347,3.225501449063079e-13
FFAR4,20.43964202610412,0.027033081261400877,0.001114696782463728
ABCA6,2.940142644158265e-09,3.761219343923623,5.909413096516558e-05
CCDC64,2.43440653538565,0.5813250250426828,4.6013691075850005
SST,1.0033994308573955,1.2991327556431836e-11,4.643523413035495
SLC16A10,8.92717687244916,0.015254807379325804,4.009630153242567
FEZF1,8.065126320430844e-14,0.1789053073942761,4.208150278057563
SLC38A4,2.9385386904741044,1.4232057060047456,1.2818525338607627
KNDC1,1.5141369683417905e-12,3.266795431299574,8.782760060855785e-05
CNTN4,0.6537667319346123,4.470124448935884e-09,6.12740521449178
MAPT-AS1,6.552498495608757,0.4756065699986735,4.088294291215066
TDO2,2.349156421752776e-18,2.626652018285478,1.3961727753399984e-14
TMC8,13.990324083695151,0.9380536189180346,3.070086973929237e-13
EMR4P,19.680214258596596,0.00031222507650163767,0.39252395742992213
OAF,0.1827436410599205,4.56005833425506,3.8264944599174403e-07
CLMP,0.26271531351789745,1.9873745861500376,2.4067820056657374
NFATC4,2.5435474929793567e-14,4.26968596982441,1.5119343184035035e-08
HAAO,17.784540692082096,0.6589406901850844,3.955506219557229e-06
DACH1,2.832473376442502,0.7505346135359211,5.063982992598773
NAT1,19.30680042531594,0.7036307180013778,0.8390252254159385
BTBD11,0.22932421619901636,1.8920695841162614,0.28669814363855173
TNFRSF10C,7.384218308689465,2.5630699483002117,1.2227764047002545
FEZF1-AS1,1.0761310444896302e-14,1.725566268375693e-06,4.596953656973261
IGF2BP1,3.1958134750872064e-21,1.6107447249842042,2.154965117909222
CACNA1E,0.20600850849035865,2.613840861242082e-10,7.216952542703707
OTP,1.2617309830951269,0.3720594606770465,6.61017608378769
PKDCC,1.0642466491279762e-11,2.768330485392803,1.7632580862953993
EPS8L2,1.0463446663279319,3.2261755807184276,2.2328143617870926
CD79B,8.329134686395097,2.3189882867126146,2.7966963322919395e-14
HBB,3.4849811045679437e-13,1.7115135800698724,1.2975635917922772
HSPB3,2.859672675874152,0.0007531904715336993,3.534810882450928
RNU12,16.420563871771687,1.8169462625109278,0.1947394775817984
IGJ,14.888995952773028,9.917400698761798e-14,8.45786941901055e-15
STXBP6,0.9473148627423386,1.1920612982745595,3.544130833064749
IL21R,17.849795639305658,0.46660455892117236,0.5659130843719503
PPARG,19.3766914099225,0.5716078298915375,0.0014215039188533731
FANK1,1.1585201532696763,4.202784460350364,1.117856270562966
PGM5,8.228742241518164,0.01350741804165387,3.9266042262925964
MT1H,7.1757983789219715,1.3524328521647393,0.9626984027933099
TP53TG3D,1.699867649883137e-22,4.3258543396497776e-11,3.0691225067875263
LINC00189,1.4133637867155584,2.547625815989694,0.7171897951616246
RGPD2,6.201504407467478,2.5094287656582544e-08,5.788859571278876
CYP4X1,1.705985623051694,1.7277054851626995e-11,2.6419930236440257
ATPBD4-AS1,9.5801479623584e-08,3.144135673129158,3.7963031004166177
PPL,0.48658747987312717,2.1402342929385685,2.853536302857975
PLA2G7,16.470355300957422,0.0006489852703796108,2.8506357815809262
TESPA1,11.93329300094477,0.7901854101579393,1.0300353158613548e-13
EVA1A,2.2238113822438631e-13,2.884649441934842,0.05000979039402571
CPNE7,0.23918460442749195,1.8251661875719756,1.4613630199541927
MPZ,2.355443215920176,1.2923891745898346,1.5373931148761637
C16orf89,3.6575080802094098,3.244605346880391,0.5744766780527082
LLGL2,7.659215576078352,0.6028345240056874,3.339973128559337
SIRPG,6.140700646577223,1.448004758434251,9.169369897783026e-12
BCL11B,6.732998023367497,0.7336186408237768,4.946606395079023
NLRP2,6.313534554812344e-10,1.324930143835535,1.9878207794326355
SNORD56B,0.06624170044420367,0.9911626536013541,2.467839365497675
CD226,16.818108714190984,0.8776127440399693,1.3899600947004809e-05
BATF2,4.843409351028058,5.469831164230626,4.65227707723177e-15
TMEM74,3.5473128772591742e-12,2.7703031145542454,2.8783154765812964
FGF18,6.4151542271378716e-15,2.311987765755112,2.657019565324729e-14
C9orf24,0.6934013247630779,1.1445221186949244,3.9857008218712124
GABRA2,0.0050941323939680825,5.675060934624036e-07,6.3760282279310125
CLDN7,16.635607827126258,1.8000717475034072e-06,4.5275002825296675e-14
RGL3,11.226322001917833,2.806341552383705,8.817972547899482e-14
CES1,14.961293074805901,1.1289451551032984e-11,0.00014067805665213704
SNORA26,2.003631384897783,0.702110242458116,5.679043616359943
OR2L13,3.733838112032381e-12,1.6601004792467037e-07,5.011135692194135
C19orf59,12.023911090498077,7.9039047523342e-07,2.5929522255198303
CAMK2A,4.539542373957445,4.039357617299964,0.5481484248249434
LOC284757,9.455534541181777,2.082126911995281,0.3919313842525762
VGF,0.00014485920690025114,2.1267560026219456,2.4932956446637555
MCOLN2,10.464990621209708,1.932247364852679,0.000515741041621163
ANO5,1.433345175483568,5.962269659940086e-11,7.520842868420761
HLA-DQB2,8.156563868635489,0.020025926669750796,3.5014016513963178
ULK4P1,10.046849278795563,3.2904033823139693,0.0395591272736127
ULK4P2,10.045911447331434,3.2911708277588683,0.040325556919609665
GRIP2,0.9896414528671814,2.5767648791739033,1.591433113601696
ZNF804A,1.491756535246271,2.1113150747006847e-11,7.616859016657477
KIAA1199,3.5727057466603584e-05,6.350907769971543,4.284490805586184e-14
ZNF728,2.0847301415231543e-12,7.483662047504419e-10,4.215785870339421
CXorf64,3.204268987127565,3.1005224160292384,0.409255796117584
PPP1R16B,3.041130703199493,0.00014505054212550503,8.21933405032464
NPAS2,2.1878173376505474,4.739002532162055,0.0037763244369048063
GAL3ST1,0.13436816524448833,0.005586408664030451,8.261287923190686
HOXA4,0.00988472463301262,2.581215844688466,3.3102618003853026
LOC100499405,15.407813799019381,1.7037482742294563,1.3247187484165532
MAGEL2,0.10553745679831025,1.074205883406637,7.139047324373981
CD300LB,18.994083823794227,0.0009048071476665394,4.222348040970395e-07
VWC2L,4.440163054216764,1.0483754101319742,4.4966044279204365
LOC151174,2.5703763526536885,1.4786499587517332,4.3108506987726125
EMR1,17.913073394909805,0.0004032343056745163,8.713478876848778e-12
CLIC3,3.363539518247713,2.0253101631968384,8.157811786516221e-05
CNTNAP2,0.10567497224497716,9.720170281801095e-05,8.921016966013253
GRTP1,3.126398805246895e-12,3.027233792523165,3.8400051856731316
GPR126,11.707308383935596,0.0162781748585584,2.6649478342237876
MIR3650,2.1498552135156217,2.2918664064957692,3.0021292240476414
P2RX5,1.2632773291736126,4.130189952733761e-06,3.845030627769951
STOX1,2.7885851989581e-08,4.063151165046613,2.5911933012917014
LOC100129518,1.6607294654000022,3.407461024772817,3.140322172182973
IL4R,18.750350973015664,0.217676238099724,0.3301511279894847
C21orf37,3.138337204800449,7.014293445433619e-09,6.711550397857626
LOC100287225,0.0017402505840344875,0.9585232814948903,7.23142101087168
CD200R1,14.555824986375432,0.18575450819872166,1.6294076138883568e-09
UBD,1.6807156718583655e-12,3.9837021938764683,0.2159531692877757
PLEKHA7,1.520393705579438,4.337258184699652,1.4630091979532474
PPP1R3G,5.8366070688457174,5.032608117890551,0.0016246654942243554
C10orf113,1.1606088512495213e-08,2.7844237765518085,1.9891785804784095
WBSCR27,9.128903046608428,2.668274778264574,0.2825472899655423
RIMS2,1.0584158393396623,0.01858473725965828,5.639537773877101
RIMS1,0.0010311100463539858,1.0142159826407428e-07,7.718163752636154
BIK,13.030506912987372,1.1688769276016828,4.1564554316340755e-09
MECOM,3.936053589769392e-16,3.583926159582299,1.4298758505587505
PDE3A,2.813958287120611e-08,3.569872380683799,0.9579092705367008
SLCO2A1,1.0999543887239323,2.1069378600996127,1.7936863336323312
MIR4712,3.69943763137566,0.2271527429095779,7.7610752193198955
HOXB4,2.7236952358389837,0.8661380749857841,3.3620158371003384
BCO2,16.111276861882175,1.3089962595352658,2.1228742663988163
CADPS2,9.743619579733469e-11,3.213739278152737,1.3539529690299679
PLB1,16.891846786905393,0.41337640881316684,7.952414702271078e-06
C12orf61,2.7250094474560864,1.7083986225952137,3.6105710330751215
IQCA1,2.5136046079266223,0.6979561791793636,6.105663098627136
LOC100505912,0.40440370708160295,2.3569560830682788,3.9998720349269834
HIST4H4,8.756901654536708,1.8846664128388804,3.1577609111597447
AMER3,5.659662894855687,3.2277884066095574e-12,3.8309637939986283
RAB27B,1.893773083027701,0.7521543264499972,6.600202136147131
ZNF732,3.414509981681909e-15,2.266359896920874,2.6508182592108955
FLT1,9.692338184371877,1.5973968360780642,4.027525932411999
BCL3,3.1798571874282704,4.974120930894731,0.04772014958705867
TMEM151A,0.05561937623685788,1.943341386284979e-10,7.691850036919975
SLCO3A1,1.321772695234643,0.9144534720180724,7.970486383657994
LOC100130370,2.2326835815209978,1.3662281196835733e-10,7.7981171099773015
OSR1,1.0573565927809967,0.6726209699024215,5.504591938122181
PSD4,14.959498707336799,0.6834160515579887,1.9463118029528866e-07
DMRTA2,2.381315068077735e-05,5.412330781408393,0.2503891940733653
C9orf129,0.07251121546923103,0.0003007396052672537,6.894409719091865
LOC100996455,14.478945052970941,1.5812291442206745,0.12531329632165394
OXTR,0.38508430189907716,4.884138371602215,1.3319875822141607
AMH,2.4914674723321575,2.6285003895773533,4.082282456231575
TSHR,11.01182713393424,0.8792462150528002,2.6319308244959965
SLIT2,1.9178564916017096e-09,0.0002223651960735058,5.0005814994380335
ELOVL2-AS1,0.016613913377866787,6.205022949738296,0.4565945346411135
LOC286367,12.691282967095884,0.44921912294493666,3.2158313591349423
CRYBA2,0.12393336965975303,1.1528886601160073,3.564875559725934
FAM201A,1.0397001319707071e-14,2.460712770162161e-10,5.932282073522287
CDC14C,2.182287172171164,2.539517591849165,3.6014790641052916
LZTS1-AS1,1.0211474793455884,3.4634401787737596,0.7672758787671927
LRP2,0.3195025981090889,2.7583918479318837e-13,6.302681445622626
VTRNA1-3,2.631940569913367,3.287700325454906,1.764178722234908e-10
GPR133,10.094569227292524,0.940267190796003,1.4356530280262756
NAT16,0.00565953759041395,0.0001437186644262022,6.899076806709443
CCR7,4.538878183315043,2.173548111507516,0.9967817398090781
ABCC6,11.22905404613783,3.742141823643094,0.005403007426827485
IL7,4.701972821992156,4.975194769362932,0.2843665956302333
ZIC2,1.393757293036884e-13,5.260760332539726,5.801714982731418e-08
DSCAM-AS1,3.980707533160479,0.06150419085003478,4.851352391725444
RANBP3L,4.470613440344921e-14,5.221305763054675,9.222288579297823e-08
PMFBP1,0.7114199405552882,9.844371490866787e-13,6.89827579831056
EEF1A2,3.80412094023621e-08,2.5561768041312005,6.057320868343605
C8orf48,1.3730035433861895e-11,3.5757426181923266,3.6088970668047935
ATG9B,2.1474096669360055e-12,1.7331060601940285,6.136394842288965
PAPSS2,6.6755290375462115,2.7441270001035885,3.930943177521538
RASGEF1C,16.35524689281547,0.0007087317841083836,1.3478636695367396
PLCL1,2.598636757794438,2.6285989206908463e-12,8.064553280629786
RIPPLY2,2.0423333489794136e-12,1.6210786755140567,7.067306150751264
GALNT3,7.284022356447103,2.665628716926852,2.3822144084038084
HOXB3,3.0589907087527313,2.003617822430182,3.3919655676334224
LOC643923,1.0118246246178976e-10,5.459658103449607,0.8931848013489019
TEAD2,1.1367608533735434e-05,3.1075394290511773,3.924899759603055
KAL1,10.751672037092366,2.2988900727906305,3.2807150341070934
NPTX1,3.006634859389178,3.5092043988303807,0.737470199931593
HPCAL4,7.681289747850944e-12,2.6321533817500886,4.163451853646768
FXYD3,5.411715918891023e-08,3.547604770817216,1.2791469066569243
CRTAM,15.335772278282912,1.8345701857367802,0.7438648638985687
PLIN5,3.331325224228221,4.057902652274266,2.547211220976023
CEBPB,12.00828295085826,3.2542427037010215,0.5304935225633888
TGFBR3,2.579990859709812,5.7312287988729285,0.05114375256971986
PDE3B,6.718600388790655,3.2851496120196577,3.258924267431857
MLK7-AS1,5.395860468179169,0.026983086042562963,5.062410540134349
CDH3,4.238031230648139e-12,1.913133696072417,3.7670168523551575
LOXL1-AS1,0.4405997858591075,3.6401371039472337,2.588818479792954
PRH2,0.25297781088357985,3.723325160529055,3.7733732709403176
TSPYL5,4.462516178017042,2.19635331927224,1.7895663686314485
ALX3,3.1712023671065066,2.805337587364168,4.605821769088078
CYP7B1,0.2670482424800497,1.0517633057567821,6.9819081200546504
SNORD27,3.6101595744839226,0.14580049878699616,7.67127157018982
MIMT1,3.112892615443164,1.3134626951574118,3.5384383440680094
PHOSPHO2-KLHL23,1.9250446622260584,2.1402304908464895,6.26507068587179
TEAD4,2.531045882070965e-11,4.1139850565507,2.358687356014308
ST3GAL6-AS1,0.04329259879045137,2.5021880186363212,5.819733604648504
PPP5D1,4.475381540032537e-05,5.994698597193805,1.2898122969265093
LINC00612,5.582886145649537,2.4865792580151407,4.759464583965901
MIR3652,0.47406638577093396,0.7056772589242567,5.960647508926819
SLCO5A1,2.502135478297756,1.6248286989327338e-06,5.755578056157575
LOC100133985,1.1076598911988689,3.4687872460002414,4.370128028857022
EFCAB3,1.779217219310426,4.002995360555526,3.4593094246890588
LIMS2,2.804796456349024,4.142161559282297e-05,5.555067891895738
NFKBIE,12.224407433697678,3.0363597176599684,1.244107272737954
STK32C,0.1601134656240956,2.6154765729198104,5.822290200142298
SCML4,6.107792803008442,1.3911217919340007,5.290029605898674
SNORA62,1.3204231439337808,2.496123050225006,5.032944762492165
NDUFC2-KCTD14,2.61560633853515e-10,4.817887384445829,2.17499382724033
BAI1,1.4860685017125089e-09,3.4526175792359908,4.544912802301197
SNORD77,1.882355255092431,0.2912349449032666,7.223543651732583
VASH2,0.0810922568438641,1.7483506722259186,6.019904805880903
LOC100240734,1.3803613239790513,1.6700627288031715,6.368660453440821
NCR3LG1,2.9422156737138567,2.7481508405978747,5.4734619372195885
ITIH4,13.170570848418302,2.1960800727383156,0.7419953728341704
MDFIC,6.212096775003841,4.5782581038507715,0.6477749004543394
CLEC4E,11.369669367179029,1.1312433095609356,3.972543250106412
ZC2HC1C,0.1270335804729382,3.3682669009257062,3.7935257467934145
DGKE,1.3332447246665882,2.981935100326679,3.9606324249102505
COL22A1,1.40268497282941,3.77223748891311,3.260675019127291
DERL3,5.911000149966687,2.840671828706055,3.4535665982288535
CCBP2,16.15177868580935,1.376506644968332,2.3053235336692794
SLC29A2,6.597440729244738,2.39058692319936,3.987164234009327
PRIMA1,3.747410175951437e-11,2.56684833522345,4.7230664110063785
B3GALT1,4.406367120490921e-09,4.871630162676596,0.7296030534430775
JDP2,13.619058500043426,1.914818359400527,1.7082676946668216
HOXA1,5.0590832299923365,1.8346213941950296,2.9917977480203906
TRAF1,9.347698607356488,3.524768686628841,1.411704744272871
SNAI1,6.571511527217553,3.179431001934334,2.851578554571387
RAB11FIP4,4.014169728234186,1.2635803618998702,7.739719099554753
ADCY2,0.00013541435921970605,3.545049221210905,1.8977671112386627
SNORA1,10.73290743980352,1.477157895021411,2.1271695809656146
FAM20A,13.61526538157452,1.6324304109308845,1.7239147753173671
IGSF11-AS1,0.0007312233451745978,2.4711132623380023,5.531148706236781
PIF1,2.3792936468580037e-11,3.0132069872250793,5.231784544532764
MYO7A,11.950980626959764,1.719390671664977,3.3003200664497574
OSGIN1,3.7785370179423414,3.1682225388154284,3.5831457130302025
FAM154B,1.091625006560781,4.265826424859601,2.765248679765663
LOC100506801,0.20642523404804008,3.4139595591554146,2.3514593512513295
DBP,4.217863044469208,5.33416994282221,1.234663729691261
KIAA1217,1.7882909104939189,3.990416598901545,4.085736572257652
CD101,4.374177610221735,4.567903193568196,1.142654928244443
SPTSSB,1.7045928584269103,4.840136769301028,0.453535481821222
ICOSLG,9.638574164606561,0.0025532294121600827,5.22911097095996
FLJ34208,6.260408695626163,2.5250211989968325,5.28354894630393
FKBP1A-SDCBP2,1.0633472440821394,6.036906717658087,0.2285357227668448
S100A2,1.7159276015642095,5.583019224500917,0.00011422685991471249
EFNB3,0.8382052883039129,2.3510616786966465,5.301539124227167
SNORA15,4.079892027264006,2.0159098686755903,5.348168426242304
IDH1-AS1,0.8748700936048723,4.685837546913671,0.44699219676312485
PIH1D2,0.943591198664735,5.234699938126279,2.8136267812751434
F2RL2,3.495203929715093,4.40428409981201,0.9253710283444131
ADAMTS7,0.23943443510400983,1.6466160912165977,6.20573471950389
RHEBL1,4.546044644023386,3.68906510196913,2.55173484936723
MMP11,3.012320880027076e-13,2.5993335079683004,4.528953265695407
LOC100144595,4.3160631797430264,1.356463804155107,5.211114998759149
C1orf145,2.776505996907753,0.970282896068295,6.6134836918281446
EPB49,0.3395389004731237,3.2863905318117808,2.823788433335811
LOC399715,12.503006543533562,2.9028516014175,2.223411632903896
MYH7,3.882059698114969,1.9636543960127886,3.7249854677492813
RNLS,3.0153448282970032,3.9560341565933546,4.044873463305544
FLJ12825,0.5950635322028487,3.1945596234609126,5.997221000845429
LOC389705,2.408867722140798,2.339733093684907,4.3915005691618
CHADL,4.340456651369664,0.25358214317496724,7.0230575960375985
TMED7-TICAM2,4.979536752095165,4.349124840814339,3.2022379595153523
ANKRD7,3.367378839793108,0.887586113512069,7.180060126704923
DLK2,0.25350756853944234,0.2689833301833245,7.194216346773436
ACACB,5.976459909942162,5.005566242668202,1.3101388628882091
SNORA24,11.011785897800399,2.2540541840537203,1.1681505038316524
ZNF396,1.536488985124264e-07,4.149982485880448,4.830563588338318
HDAC10,2.2394142413663927,3.5409067003443435,1.6776328906184044
SNORA72,1.1249001438487183,4.512272846812624,2.9506596019508273
CPEB3,10.424371695240517,1.9675057014455557,5.21193697724871
CDON,0.11402789889798447,4.3649961991581865,2.195914703626212
SNTB1,1.545022855155184,4.507651844554802,2.744847191643721
PLS1,0.7796133797323677,2.272704903390455,5.490622876392647
TM6SF2,3.835002893812441e-05,5.2095314229323755,0.609165066167027
RIMS3,2.678975880166545,0.0006769427542352085,6.846141246905608
PITPNM1,9.097132345671747,3.5534576284887085,3.283580285850649
SH3D21,3.5912783924098304,5.177774782835675,0.3008238448392551
DOCK6,1.8686923438461864,6.571217644198084,0.8737070888858489
HFM1,3.0182400614918987,2.58499949762048,6.377323932303005
TMEM44,3.190444674401256,2.704021367608424,6.357050374357204
E2F2,0.35326141001162165,2.2188552290863006,7.27397080469862
RGS22,5.753847667568231e-12,3.729920592085416,3.034759086123247
EPHB4,2.739742985484498,5.100943826875416,0.0012586557607027363
HAS2-AS1,0.011352016305953769,4.4154511516992425,3.5671598390133332
MIR4647,3.8346926770951506,1.6929438862647501,5.052168899168627
FLJ41200,10.851309449831229,2.259345787209196,3.76370312331484
TEKT2,4.7316653594844285e-11,4.576720588389172,3.816336930593231
RAP1GAP2,7.914321282818597,3.504580461131133,1.5890370396568787
STRA6,8.457312635380901e-05,3.4772002448488006,0.22047559830378965
CCK,5.193963717903886e-13,1.8915472284747388,2.243660141302122
APOBEC3H,8.679601977426826,2.8843717716588415,1.4512834349439063e-17
VIP,2.6691725368725914,1.4037684025140573e-11,4.610041736465226
FASLG,13.133759583668992,2.0790930833448575,1.240364650581994e-20
PRSS56,7.597190617003096e-06,2.9112793464088096,0.2006267849233588
GPR124,2.40017304161665e-17,4.232585615430059,3.150403326498672e-16
LOC100130075,1.4417169227606694e-16,3.898074424125513e-15,9.178255414730346
PRDM16,2.218357374250525e-15,5.7811720043381705,3.610301329280787e-13
PXDNL,4.187817710840838e-16,5.573411112014709,2.295859765637819e-09
XCL2,5.256765363557684,2.989590207268997,6.309324797828131e-17
CLECL1,30.381209202247422,1.614703686219977e-10,4.34585526927121e-14
MTTP,7.801914057271214e-16,5.986172581284656,2.1946369340696157e-15
ACPP,32.778649339118616,0.00027346448786096583,3.827484794294341e-05
FABP6,1.6301381127103267,1.8660689404338876e-11,8.579723655666301
TMEM52B,34.16708233188347,1.749821070244478e-08,0.0004572490459001432
LOC100507250,7.799129977424396,1.240217184840921e-13,6.071637231968543
HMGA2,3.129634918683139e-13,2.1930365595953947,4.671146337354606
ZNF257,0.14766848832447846,1.0388822894563328,6.699408618266333
TP53TG3,8.274893080733135e-18,5.517232433494701e-11,4.573372169192798
TP53TG3B,8.274893080733135e-18,5.517232433494701e-11,4.573372169192798
PALMD,1.1743779402594477e-13,5.002771747331136,0.9419931053785495
SHISA3,6.3427405768082144e-15,4.329447642864873,3.3658026598666207e-13
COL2A1,8.449766233222455e-13,3.695106122538378,0.909469541348905
CMTM8,1.0158101931627737e-15,2.693639546819959,3.0432588019992837
KCNN4,19.577093306141972,3.436888327206296,1.6186515448859812e-12
VNN2,32.499447944015266,2.9973443133289e-08,7.83788918129169e-10
CCR2,25.91973910061133,0.03138433146788113,8.767690338014149e-13
GPBAR1,26.758298402900444,2.191310156246676e-14,1.070476717631776e-13
CHAD,2.497600799581566e-18,2.8142875957333088e-09,5.605488262436606
SPNS3,29.08217778371655,5.636122392873788e-13,4.8097447675825415e-14
MRC1,21.791299990607033,0.06834500153710121,2.7524738309882504
SLA2,6.5561221449168565,5.325790005566228,1.128965459798908
GPR132,31.821504976715218,0.11599493562892625,0.010590201218158745
CARD11,28.83171897277724,1.3661741787917034,3.5289742666096385e-13
TAAR3,7.005144914385903e-15,5.320253824404027,2.330872384097866
ADCYAP1,6.994010112044708,4.430205554364494e-14,6.946806131525196
KCNK9,4.762048977629874e-16,0.004275946204342693,4.488582515198104
PIK3R6,29.590347627766377,2.8688052326983506e-13,1.3606604807618503e-13
IL4I1,32.8978682691947,0.020947543863007262,1.6175878434364177
KCNS3,4.304786424010581,1.229982729225758e-08,8.75192814032362
AQP3,15.216283348553386,4.631792230927647,0.38450125256374623
CYP2S1,23.503406904067052,1.3931219832292199,3.883854587166068e-14
LRIG3,0.49878489672780124,6.602376422914407,2.1556098637404197
TAS2R43,2.1412701150795665e-05,2.5968510826972127,4.702232253545008
RGS14,20.009470114811048,3.5969472744783975,0.746440943550483
FLI1,30.349692771376972,1.6728638064213015,5.4128526636217824e-09
NFAM1,30.612561548908047,0.5427106020201268,5.774832525610962e-09
HS3ST3A1,5.675335372346654e-16,4.829808397354742,9.444743193503501e-16
MLKL,30.999595195804453,0.5843417347996233,1.5326081606970343e-12
TNFRSF10D,18.82271780815807,2.758683511529536,2.421293083172453
CDH18,6.146972815771483,2.0554614300934278e-13,3.6668922451646795
TESC,4.905212913229452,5.182336720945935,0.00010623076772118116
AIM1,9.981634776117934,4.817001577791777,0.005565317787546207
TFPI2,2.5357071032159157,2.442071043833776,1.604611252923553
CD27,14.542273897322929,2.34682844174981,0.7877042205593311
PAMR1,2.332415126160992e-15,6.394231742378748,1.5499396311515708e-09
IL1RL1,22.879184792132797,2.1045875723923686e-17,7.9144973917908e-20
SEMA3C,1.9367895904945802,1.7882352453388084,9.510643793373136
TRPM8,0.024857082754139448,3.1781719543689815,6.606502283544484
POU2F2,29.204124317695413,2.704082337309143e-08,1.312344219378573
TMEM196,1.8583503014284077,2.3619970507737658e-11,12.085725528815432
SLC17A9,31.210909775096173,4.841965767034379e-10,1.1254420523781892e-11
FGF19,8.28464217079386e-15,2.7803282309408393,1.2871868858733007
CEACAM21,29.66891056208077,0.00301833707354666,1.595561312706418e-13
SLC17A6,3.5576649000490885,4.103160620968149e-12,9.033829436906078
KRT19P2,21.632654420982874,0.08860739937946163,0.6663479376935639
FGFBP2,3.3200410487031455e-10,3.5004278598639753,1.5858323123354119
CD38,21.68201909867736,1.5514241511869953,6.071339635694046e-12
GOLGA7B,1.0174737695130062e-13,4.523181672633116,1.3721607883494535
CEBPA,30.694359732539922,0.038975154542225665,3.3350047227116615e-09
RBFOX1,1.6042029117271086,2.2365476058968037,3.033468988298625
MYBPH,5.361510681429359,3.8734034639194577,7.308832076061111e-15
CRYGD,1.8088981051571578e-13,1.196333004319912e-09,10.649729664395373
LOC643529,21.753769034759095,5.119586901755028e-08,6.051018602947879
PODN,2.1652043495783397,6.146778003268215,3.124142177775502
C16orf11,2.7231306670709397e-27,3.1713470529193346,7.067644406411155e-26
C1orf192,1.4342638091175278e-08,4.779797450047124,2.690295175395194
KRT5,3.5573523370244944e-13,4.837198170916823,0.16913151965617404
LOC158572,2.6500010074613856e-13,3.4020546418568425,3.236782257286301
GPRC5A,4.138613572476829,7.083054831707783,1.3565210394561669
SCN9A,2.804164921250712,0.46978608515900355,7.082169676966853
PAK7,5.390559866964459,7.487938007971886e-13,12.967514409096873
PDGFB,31.360576028477013,1.4655844608419786,6.798614397943266e-11
MUC4,5.732182015034353e-19,1.2411025459473257,3.5139778656673477
ACSM5,25.89085131738002,1.9563636001499816,0.672663328691702
COL24A1,1.6842085621443935e-13,2.6159094207199707,1.6177282531937265
LOC389023,3.3831150379059894e-21,2.9411521149454903e-10,6.513938042183518
PDCD1LG2,27.212639416777673,1.6446443069401284,2.0648310254846797e-11
GPR18,25.48515643786721,1.868739636464919,0.7419130410203478
SLC17A8,8.503087593241816e-06,1.6960073247234578e-11,9.37031756698099
ACRV1,3.546393570214378e-13,2.6816183577147293e-10,10.897705312730668
SLC15A3,29.336589307878523,0.9745501700608219,2.653507711669865e-07
SPATA18,0.45759508047308756,0.3775852178744497,8.093493904434052
FCRLA,6.26793042501569,0.01027039398613651,9.294682643760495
ZNF165,8.006737389908697,4.884517292809376,0.34497774596599595
ARHGAP29,2.537145470032879e-11,5.324199828012733,9.147959510449426e-15
SLAMF6,7.023483787059092,3.010103048329977,1.7292789054575955e-07
CD72,21.136627315627166,1.5300064758307772,4.8496245878831825
PCSK6,0.5147791130411237,4.4140800575662783e-10,12.298032461397684
FAM150B,0.4261009040357926,3.892058270192788,2.235943902253247
COL25A1,1.1787733133311815e-06,4.823522525776425,0.2036299653986601
ANKRD20A3,2.119420085273143e-08,3.6499519781747134,5.339491597101746
SPESP1,1.1017548174923488,1.6965110648209014e-12,7.986191543808985
VSTM2B,2.5200101743727293e-12,1.3697335572829254e-10,10.277951602616941
GAL,5.635641284354615,4.988603299575382,0.4354585829042338
CYP4F24P,1.8222808494712047e-14,5.113952673954215,2.4439616441657463
LOC100288846,2.264960984957383,6.619685441761381,0.6157214557647731
GCK,0.2652917775136729,3.040149662821735,8.537669735847171
OGN,1.9431601795237619,6.090419192261505,1.8158450475611327
LINC00693,1.1227568425982202,1.1135262910913233,12.405898772531149
IRAK3,27.798639477567068,0.023617073078981143,1.4614551837479308
ADRB1,4.598724606748995,4.718341940815462,1.4473681303383245e-13
SFRP2,3.7580857917713246e-12,4.934206559341059e-11,8.211673262766189
SLC18A1,0.19316039733256704,2.6054759899774798,3.458041893818444
RIPK3,25.685401183535287,0.32873765969955526,3.7077344417937516e-13
FA2H,0.25641016081577056,5.182679580949296e-13,12.94407584790603
CDHR1,0.0680319902404931,2.7323218175552846,9.078766885987305
SGK2,0.41905901089291364,0.4718712502680799,11.670392438423619
KCNJ6,6.214008580917931e-11,6.93925148251921,0.8242022388513268
MYL9,2.7329569790326387,5.016839158520362,4.530032512246659e-15
CFB,3.2056566758847014,4.980363010373146,2.0242992798122433e-12
SHOX2,0.0010159267726241672,6.783143466494731,1.9644839255179196
LOC285878,3.782214511944894,3.4238101050848058,0.44316776304885214
MIR4441,5.0283937480460175,2.3026232641739756e-13,7.182923938752109
IPCEF1,22.15267238587902,2.9245250717744184,0.0008545265610248202
TREML1,28.261656259941493,0.0007018679946342805,9.220442596316415e-11
FAM177B,28.420428669160508,2.451604504492359e-11,2.9937041394247824e-07
CLCA4,1.0973612619805635e-05,1.550246886981878e-14,8.884075299318642
IL15RA,25.164504156894203,0.4302984557852363,1.4676860197425504e-13
RANBP17,5.499251264722815e-13,3.028093660100906,6.490193646296276
C10orf128,25.86880777532317,0.00037734730894478674,0.561515026060445
PLCG2,28.730726282379692,1.337660308449891e-06,3.2945525143865615e-10
POPDC3,1.780290618818598e-11,5.61886507712709e-13,9.250524044823955
GBP1P1,2.6926801849593716e-12,6.290690489744006,2.66143090934687e-09
PCED1B,24.01781791375036,0.7520316700042953,1.8772682223635444e-13
LINC00639,0.30133839426475295,3.689564606938888,8.165405807041369
LOC100130231,19.253266624066097,1.245801351983641,1.2132705426618939e-10
ERBB4,2.630517221425066,3.491910491028616,7.83423662581539
AQP7P1,9.139054697997912e-12,6.004106736874044,2.1063731704776982
FLVCR2,26.57357511230417,3.4353121716032633,9.323966805312984e-08
HIST1H3B,1.7511456002947882e-13,6.241283842321388,5.283625168234737
EYA4,6.518173840433962e-07,8.918894113206452,0.3782497282464472
ALPK1,20.98350374539635,2.9063445555825744,9.090400859900742e-05
XKR4,3.7984919560010457,1.0406421532469512e-09,14.442708468552603
PPM1H,3.089543430993579,0.3803644812798668,9.52228867813267
TLR6,27.150992647547472,0.019507678934024757,0.2242240612905617
BCL2L14,7.136427606144281e-14,2.6879706309893323,5.388670380741301
CLMN,1.921456960120129,1.0396246836850003,9.941372997501244
DSC2,19.570215088726723,6.551850217369581e-05,5.111995606811487
SDK1,2.0625757041673887,2.6051247827898427,5.0697267158768975
TLR3,26.810351217442786,2.280611155188185,6.979212334554661e-05
B3GAT2,0.003335351669919356,2.08167523599527,12.006619669443948
LOC729177,0.8428434023011754,1.3857644151126112,12.99085398821771
PIWIL2,4.0407935957298955,4.431453655093373,5.733818032310624
HOXB2,3.8984771860521272,1.0408673680665612,7.724716236122239
TMEM163,8.029548758052323,2.497429605606048,7.440642111392706
BAIAP3,1.7229628450599456e-11,4.635188782771822,5.502099259604824
SVOP,8.892083091517039,3.537337058577299e-06,9.759203649593479
VWCE,0.05080329725709262,3.3572749305087206,10.569280649483519
SPHK1,11.748615526302634,5.380283709739216,2.419660424907156
GALNT6,15.18949199284507,0.2950174743147995,9.496898388716064
RAB3B,0.6818825162347955,1.5282803086354015,12.53845229634244
TFCP2L1,5.221744441415651,6.727938356399121,4.63848279969557e-14
MICB,9.45717527754209,3.1963144185943118,4.09988253162604
LINC00669,1.5116543129626674e-12,4.315894466798752,8.286609559992526
LOC100130298,10.74543736346507,3.086405625424493,7.650626734793533
RNF112,0.7257380512439596,5.044200715445657,6.303782024376302
ITGBL1,7.5225681233516655,3.2126511754493206,6.368655368991714
SDK2,0.5162192007674894,3.4451886889267374,4.231392772933165
GALNT16,2.247757278036738e-06,5.303422971203599,7.131072906754875
EPHB6,15.901579236448585,0.049280998577767986,8.498419027268548
ADCY8,0.4999842769924725,5.255048713755704,7.242669052833708
BST1,18.98894994061279,0.05907533851759999,4.738086202806016
SLAMF7,19.174573412954928,3.7969583072824933,2.5766109602158886
ALPL,5.952115127282666e-12,2.7721453216901693,11.4349758698652
C1QTNF1,3.2647530700187164,6.784939762526139,6.432308380259575e-06
DGCR9,3.995885775995332,1.0997099153829701,9.573167157127743
MIR941-1,5.1653693365741,3.6023819064472606,5.925417382780473
C3orf65,1.121232594412271e-07,4.281980487932419,4.295675748956375
TPGS1,3.631743717456591e-05,7.037518862328614,0.9594065339899377
LY75,24.440341646157954,4.159099895082763,0.4771004633483589
MSRB3,0.9272725884999632,6.3176465542775055,5.002499316494753
SIK1,22.625081823999526,3.1104937283044207,4.380926321034946
SLFN12,18.31708076220049,3.952555029640615,1.5472189182134307e-12
ACRBP,19.68414470508107,2.404272448219051,0.10022008721288994
NALCN,1.964045440297923,2.6340940976926226,11.257834289205922
TFR2,2.853575896847577,5.3430752476373815,6.59763345048267
PCDHGA3,1.0807057844352097,5.1867947933784,7.600050831155405
PDIA2,2.2048515156377365e-09,0.0020953552365279753,10.81744607264322
C19orf18,2.7600186551509886e-06,10.248950707693675,0.9228069064528708
CLCF1,8.422854244681604,6.342177656149297,2.5786110105007857e-09
HOXD3,4.953422697520921,0.0009476050582294324,9.874683020060216
KCNQ3,22.8645228678137,0.0004180293843236948,3.3981136506118728
GPR153,1.6734525223534982,0.015786453317575975,13.7409999575761
DPY19L2P1,0.06046346959760964,3.8075153176024994,9.44345204282085
LOC255512,0.0029181219612557383,8.053460958033758,4.312264165751107
IGSF9,0.0008109856376996875,2.2149456263131544,9.358498173823843
SFMBT2,26.87059380166698,2.9156412060168497,2.8570996790527046
EPB41L4B,1.457116000640528e-13,3.2072992821893935,8.66307963540545
GPR85,3.699761762088441,1.561848366815898e-11,10.450950642708818
LURAP1L,1.4081635483510641e-11,3.21276177183263,8.655115542158285
SMPD3,5.752809429274186,0.006652017899306419,10.530617233444282
PVRL3,2.9901381507865006,8.168065402675307,0.9250365128469231
AHDC1,0.3548746857676486,5.911531386964328,1.3186763671947126
LOC441155,0.1562465801590429,3.001926958691491,8.065791008165416
CHGA,7.092703912854891,4.930276774326301e-11,10.638033466873555
SLC22A4,4.294717385762194,8.355341588345716,1.1636875152648658
ONECUT1,3.282844282809932e-07,2.7636392400277963,9.830103679524479
RSPH9,3.304812174734556e-13,4.153817539739723,5.337781769854286
CCNE1,2.9675161776804817,3.450263251955897,6.210652955719792
GLIS3,0.00019831595092664387,7.977365900477414,2.3848692087415415
ARHGEF37,3.85207929722333,3.045670936566543,9.66990397632551
PLEKHF1,6.783043744318512,7.728598865029193,1.128359113009913
GRIK4,0.3160193873670034,4.241789726189089,8.851066580312926
STXBP5L,4.983092910025349,3.634161427345023,8.288369486056519
FCRLB,2.518380538715905,6.122959537873037,2.3999186641429713
SLC47A1,1.8909012499097357,5.632893058370893,4.37619514401774
TMCO4,12.401072725192694,7.566029801875023,4.732384151696935e-06
HLA-G,14.474411803745783,5.5503104507588095,3.384513797439169
RBPMS,0.0011775991064437896,7.178620521350272,0.3682058487899104
OGDHL,1.9304324400232852e-05,4.751230262342187,4.4092654079932405
EPOR,20.435155321328594,6.021786715165002,0.8225777541144637
HIST1H3H,4.2271039032176985,7.4526319618613215,2.0100752763761713
SYNJ2,0.0029001566294545728,3.9215971613902654,7.718373498558215
RPS6KL1,3.011783355273223,5.5046220320769e-06,13.74747568640469
CCDC169,3.5787543671936943e-13,4.507023223409941,6.900638416508622
MYO16,1.2337377018906126e-11,6.55932301894944,4.188318748214618
PACSIN3,0.29200685337381693,6.555232948454118,6.110792115372387
LOC100505761,9.26409945525581,5.458408832781911,2.9786708635484955
BIRC3,16.48132524093,3.2147986616438433,1.980036709784753
LOC100507433,0.18213750447391225,5.887690071620503,8.443479870893835
PLD1,5.297732436881386,3.6810341692553696,7.262139673705889
SRRM3,2.7916345274144847,2.820587846170769,8.090397384026664
DDX11-AS1,0.08551931075337543,4.79377089015635,9.773296835792847
EXPH5,2.536805114241448,5.977305732514425,2.571030410149327
RHBDL3,6.001114446979045,2.7284528612667343,6.319683692189459
FUT9,1.764018394178816,1.7102988109929416,11.364272662432418
RNF150,11.16493314570147,0.021688674999448567,12.184947992179724
ZNF618,9.423086859943503,4.054555701159295,4.545000189473625
KCNIP3,0.48782823640448936,1.938716461874969e-05,12.664211998040232
KIAA1161,0.00019350302118510958,6.659593020547487,6.988882054008925
OSR2,3.9733522083294334e-11,6.586517400869478,4.850837940389461
TNFSF12,24.642309125894286,4.825009109985043,1.541005730351949
UNC79,9.31905830386085,0.7439084173988435,10.914217892841922
TJP2,0.00026414620746423003,2.82078068979103,11.557005689899276
GPX8,0.16816281128001978,9.01451124975314,0.04923308609013279
SLC8A1-AS1,13.48994154015294,6.319258578572032,3.532048718962649
RGS7BP,0.7551794981810389,2.6268338413909413,8.207261134180591
LOC100272217,1.7547122827942776,6.093285019462986,2.1607991933811066
MIR3682,7.107394469800854,7.412106160536749,2.3990351558065606
ZNF726,6.6079013127646424e-06,4.214173435582659,11.240326140394677
LIX1,2.6925493600927557,7.770703208260656,3.2952018033214365
RGS5,1.2517591136144486,6.8372405857881295,5.452710249058225
SYNPO,0.2490576780853646,6.982071363026426,2.7017221115654952
CDH20,0.4522540259059931,1.8588223486381437,9.374085276932686
LOC730102,18.2422060094384,3.7709055441910744,2.65830138797739
HOXA6,4.484123210289266,3.9880810162160842,8.905464693822776
ZFP69,5.479835628989275,3.481361170528612,8.560021213674956
PLD5,0.7062401706239541,5.08621261997151,6.31984653584097
SPTY2D1-AS1,7.796519797109128,5.444358541423648,7.396073430798522
TFEB,18.214515071259715,2.6193862509164396,7.305822179437896
TSPAN18,4.213473176581298,4.038735350914753,8.119058277001118
UNC5B,11.26114696662848,5.286390326254831,3.708119659536913
IL27RA,10.239512239510002,6.06130612080228,3.0378210686802958
FRMD5,0.0038943847312769416,3.340068458818213,8.084340815799782
GARNL3,5.245534525388488,3.591507312365926,10.907530646689969
MDFI,3.933640406301782e-12,4.3967827156970944,6.47171549015848
ZIM2,0.30923093954295117,6.113153768052416,6.727973215436745
STAG3,13.71835281370169,3.020277034824288,3.837311384453782
PALM,0.1727636325301746,4.141119505684867,8.680047074472167
ARRB1,13.341457841625832,2.220193143704371e-07,9.137510330772807
GSDMB,7.979267203731539,5.4660739969489756,6.454129029795558
ANKRD45,0.8194003264760985,7.035704739768981,4.871634577392426
SBK1,1.2206959064593017,1.2996993969445019,11.88458748957812
ZNF710,21.634881055754565,3.7153850347443464,5.66340245228764
ITPRIPL2,19.09094508093112,6.153634059551322,0.6326013575323913
CHRNB2,0.34345567652692804,1.9951348267718667,12.364405080002612
GKAP1,1.4518292111795705,4.255519157489922,8.143239626101291
FAM108C1,4.793109522080836e-12,10.445934492162952,0.9705152312922671
RARG,0.6473609234136052,5.858712903001303,3.759424919620023
TBC1D9,21.09809451975442,2.1247512303611638,4.987210141335611
ABLIM2,0.0002449604268668845,3.7314899941034225,10.782628532863393
ADCK2,20.77132583523393,4.687248850944359,2.907752283250619
FLT3LG,10.029143011141306,8.41866475535861,0.6805825103754214
FAM109B,11.722111031810705,3.771265350991637,4.406133954431841
CPEB1,3.6277373364117427,3.690333106915418,7.570735286237252
BVES,3.5360884511959045,3.306250393760678,12.005323179530574
SOGA2,0.06573110197288015,5.8695076510683455,6.960506523951196
PVRL1,0.14104651915001012,3.108394122584205,12.296785678965987
WDR78,3.0325964789762434,9.954762550697716,1.9075079817240272
LOC283761,9.625987730770916e-12,4.957705231363131,5.726015211494771
EFNA2,2.201876539043066,5.564655480719749,5.173963102663885
FAM124A,1.4399536181926547,1.4778656373348527,11.00771596924187
FNDC5,3.0158686242910338,1.0512849611036124,11.09442974407242
SNORD32A,1.8957297840256293,7.809290398206314,4.156932487262996
LOC100289187,6.09660250251822e-09,6.080327178247189,4.026678976686218
NRIP2,3.9794950723833455,2.5151199410935763,9.075296656770998
HIST1H2BJ,5.332399279101976,7.394077594579674,4.948618831481602
NKD1,0.257906106334856,4.014533235642114,12.615740872675456
ZNF233,4.223045262878058e-09,5.502290692204003,8.291061291281991
TBC1D12,19.073578370385814,2.3548293824760806,5.0709841409974
PKNOX2,0.0001634288302875845,5.613965198806913,7.4956427656116675
VILL,6.4791046699865795,3.5899541561748736,9.697440518528284
ZNF813,5.730714021223013,6.504534776980217,6.902112283416907
CREB3L1,6.307782795570803e-05,7.959518445229567,2.1400596727095107
HIST1H2BN,2.2615343267638592,5.289762046143798,7.919033437832125
EFHA2,12.735396485613656,3.9721521818287373,8.046582198750508
FAM188B,0.8792262303270871,7.720938870470141,5.535136822850439
TRIM69,0.614170846718024,7.150551318826614,7.499049288410298
TBC1D2B,20.837906971327502,4.287644817438811,1.3953367370539724
TMC7,3.3066736949786923,2.9719281916063367,10.607897852614078
WDR52,2.4550006179874586,7.742044608071889,5.217249886776821
CMPK2,11.058885917316063,3.504421276712592,7.5473358374587445
FLJ35946,6.558918673479334,2.2506923158244243,9.202943507425935
SNORA29,11.73986557676359,3.6273056822950522,5.816859519209873
GRK5,13.431335837594514,4.107307142360093,4.231380266386341
CECR2,0.941368900505319,6.496322032055546,7.72327138872541
LOC100289511,11.922249509948006,6.991313749600536,3.7657696686194497
S1PR3,2.5996371456087277,7.53688037749066,3.960019866707583
WHAMMP1,12.464498442711491,6.092796949334818,4.18262288098988
UQCRHL,5.800889487352315,4.5591967420946675,9.299768746974037
STAC2,2.0435810489311366,6.910954145544775,4.9143818748807035
PRSS48,1.3769302863090433e-05,0.33601879613594665,12.220076244220948
CPOX,6.082368379966274,3.5545476133238316,10.177977748397637
IQGAP3,2.395184632392505e-08,6.026944225174502,6.99668504631477
KIF14,0.016554439901521785,4.152274660333672,9.347838460458885
ELAVL3,5.8312083427518385e-06,4.085733774751281,11.633627519577258
SNORA10,6.195600511773398,3.747035820597519,8.836535105866437
PCDHGA5,5.5704246864247535e-08,5.195853547560286,10.004637478897626
LOC100505679,0.9785687093027469,3.1977160668778546,12.047095338454218
REEP6,3.2181691787046223,9.207252459452782,2.060500351897084
HELB,6.295488782947242,7.050994036867113,2.5377917906396275
APOBEC3D,12.854308023977197,6.539322117245338,3.2016555212603195
SAMD13,4.099565180119194,7.348603989041672,6.536376269930176
SREBF1,6.512688868653007,4.929650173729937,6.339005235536775
PNPLA3,0.3435401253472357,7.077161281684446,2.91836012272022
C16orf93,3.750417291336494,6.551060439727675,5.889961480122814
LINGO1,6.525040225913064e-09,4.050313684705872,10.826066054261586
SDC1,0.00023253683187141952,5.369081618509951,9.387059268797241
AQP4-AS1,1.7765593439121221,7.631601512160629,4.021131285720589
HCG17,2.1668961139617267e-10,6.356576702299606,7.955596965546766
DNLZ,1.4647114734566897,6.747254863233515,3.0015286958846983
C1RL,10.334302332254964,8.695438436190283,2.5870524607449124
TICAM1,14.619737962651747,7.642156032089339,1.7928112839689343
FAM86B1,2.151780470853897,5.765745721744458,6.304181574449778
ZNF497,2.843691340610646,7.425780400895571,6.727215971182986
APOBEC3F,11.409629519085902,8.027151793212026,3.351450605599163
UBASH3B,9.092856286407086,4.377305365724603,5.399001361103893
ZSCAN23,9.854060967466096e-09,5.66142976140215,9.794166546458811
ADRBK2,19.29497348214277,4.549610711499908,6.31653288386318
ESPL1,9.698825551519037e-09,5.950139361456561,8.273419076779748
CRYGS,4.1083910311481455,6.862990108126067,2.511704380577827
C21orf58,0.1688841527178417,4.911714526727032,7.700361717404474
GALNT4,7.042620506713262,8.197296394197298,0.02286842500980752
AGAP4,4.9028843049217565,4.86226790038591,7.957661372901941
FHOD3,1.935649611588032e-07,4.928850792402101,10.799113616217134
NUDT17,3.2340369704436585,8.165340353671828,5.674787866435823
UCN,7.862352342673047,5.892247689300386,3.330109015097171
C1orf94,3.557903977428968,4.5601817020249475,6.805078060922166
C19orf44,2.988101483138117,10.569426596902872,1.4343389228088574
LOC653653,2.62985478586373,5.677147951042843,8.99804607728186
ARHGAP26,20.02070330048717,5.954245226002013,2.351440375814781
PDE4A,9.029839522642078,6.3052374174142045,2.1674743509331402
EXT1,2.9004324164586492,7.284921775550587,5.055348616682389
PLCL2,9.833523992063135,3.6641005862986407,6.975346247382169
ZNF833P,0.0002469184299290534,4.406819531976267,7.538801667215586
LHFPL4,3.057535850692875,4.5930795315111235,10.128564347246657
SNORD25,3.6013585394798984,4.573709586905048,7.135631209589391
NPFF,4.259687831396998,8.1039135197367,3.1576291093270794
MIR4737,4.098011139942428,7.05909319050021,6.411133396699313
LINC00173,0.6796399076223152,5.119986818198005,6.472061017592425
SRF,3.0600612258979196,4.56878211047092,11.219723012692901
PPFIA4,0.000831160014426079,5.3348933692613825,7.794004896693646
DDO,2.154167899266522,5.836887711067645,4.3908149269469545
IL12A,5.028283310787446e-12,5.654329738818453,5.7515772925142
NLRC3,7.164542102630817,6.287646675061674,4.324714386757586
MTFR2,0.17180643092527126,5.659110325623463,7.467267573733298
SNORA66,8.790505784374714,5.755825529535514,4.283558544732919
CDKN1C,5.489723648219696,4.547620133642231,9.076179603968034
RAB11B-AS1,0.49659437869157536,5.259536445241123,10.696061041409417
METTL1,6.504062098346658e-14,1.6752131816910448e-14,496.14983719606346
CD14,1696.7011562630341,5.731837602208652e-05,1.863350812826058e-08
HLA-DQB1,1370.386556588378,5.486999845719523e-15,3.861105671402816e-16
IL8,1335.1105909791224,19.395697246112306,138.53995510374259
HLA-DMB,1496.3259950466286,1.6595930529373372e-10,1.0662207311503662e-12
ALOX5AP,1609.7376000246363,2.269213406176176,1.8958564176960173e-09
LAPTM4B,9.936700470934612,174.56901531879947,108.503148165197
DKFZp434L192,2.5040224211968142e-40,139.97596162365681,1.3271658119919252e-13
B4GALNT1,33.72286637165132,3.151794419821348e-14,370.20501754216565
APOE,1450.3158583202226,55.66210009152737,43.525407898829855
YEATS4,70.83447883783788,0.0008148048884720361,392.7300712749789
QDPR,22.130349961887543,28.89740036281878,661.636882569407
SLC35E3,7.894985891492276e-06,1.1148253126648229e-14,452.17332146508636
S100A11,1402.6714920289132,117.55827154159212,1.970969161729062e-08
APOD,31.007650666435918,23.738020484533262,661.8378821726434
ARHGDIB,1321.7458908909064,40.075705237474054,1.8088637553394724e-12
S100A16,52.12526614386787,521.4211215741557,0.0027644578163107995
A2M,1298.39274496316,113.43902925871106,16.606429346636336
TXNIP,842.5321764616289,235.55818791499854,154.20962057144527
SGK1,1146.3044883924395,48.02887396322217,216.29081923356125
CNP,55.929539554798616,69.43768293748784,580.3551303419871
RBP1,0.45195254205963487,176.85952061256137,563.8836946399172
GSN,696.6161880895485,87.43575228809037,325.7752808031811
DANCR,56.691903793194754,133.9495577098835,455.3097225749017
GRN,1132.8929228412062,190.42075167995694,19.653499114382974
NDRG2,348.438987188311,360.8566349604621,126.72795241797596
HN1,184.21421283608416,122.05599339228547,632.5070690970923
PPP1R15A,566.1454410870399,368.2486343216592,55.38648066228196
LGALS1,329.86999160753805,437.17979521371416,9.009983516193726
PCDHGC3,0.022674114779135796,404.34140632781515,330.14076782901896
HERPUD1,962.6573946158368,235.13487206230025,108.81002053386457
PCNA,6.108852129410693,320.1003207260967,445.33491507460536
PMP22,160.25916880861237,436.48302753183293,218.44220447351492
MDK,8.098145610642911e-08,309.9773356248211,333.8963860540843
BTG2,922.3353282059101,154.13676519999945,317.21821368642486
ITM2C,61.01421870964564,299.95482469757434,217.8290856918798
S100A6,336.7743099682447,402.4206210486731,39.67857728590243
GATM,60.045984241527755,375.64359958894994,118.89007103886675
ANKRD10,336.0949078407985,401.3187518195528,72.71193095425564
DDIT4,389.5249265400821,317.8011290075645,122.64908565016012
PPA1,163.88130876976643,184.36103424307606,609.7537142069509
RPS29,424.60102818530976,378.6635335363023,204.11645128633614
SOX2-OT,31.167554856879054,222.73454360910011,535.0756399852307
CRIP2,0.0022687648564887596,312.6321664078417,316.08751861935605
ATP5E,431.004142131381,435.14285228051693,195.1885191289819
RCN2,2.939486871006425,269.9038126777928,393.86046083579055
ATP5C1,183.07047664031091,378.53348092673315,391.85444771605563
TMA7,283.81761373975456,422.4213849120248,236.1635301359068
PPP1CB,237.0400594282063,399.86891416044085,164.2494738299172
RPL34,478.01722126521855,302.02993931656005,315.68836615749694
PRNP,391.08186606796403,317.13216977052923,304.81149547991214
SLC3A2,205.08462907088816,455.9042198599932,174.2692586377396
PKM,211.57341453804807,423.95081954804016,184.2210101177131
SEC11C,18.470450526077954,245.72047359327786,468.1392931189096
ZFAS1,115.45267749498285,387.83108974748995,220.729863959696
TUBB4B,51.51559613494159,343.7092980049976,462.8445743271216
LOC100190986,502.47871067000284,287.8783990128117,267.9671109964565
HSBP1,159.5055198300004,316.7185531209156,505.9746835572945
C11orf88,1.0449874747390886e-13,0.03405580721343502,2.1013772643932813
FOXS1,7.76958411733307e-17,0.8901406840486337,0.9969025992169371
LAMA3,1.1655850117479074e-14,0.5566351620630203,1.8102093349909518
RETN,4.346069788024983,0.5547283824003204,0.396144877790145
BTN1A1,3.0379934759820742e-22,7.135825155596647e-10,2.0110488750277056
MKX,1.0428545895772137e-14,1.7950303847091293,2.614371773239643e-14
PTGER3,7.478496055481557e-10,2.0411445600757774,2.3361588794871032e-08
LOC400685,0.8412724927778016,0.0009688400394844271,2.539661002094445
PENK,6.755515587120154e-09,0.5644490981785693,2.561378923186638
RASAL3,12.40035529856049,1.3646682922453228e-08,3.231120018875249e-13
MC4R,6.214523801667348e-20,1.7026535824265048,2.0335953987836842e-14
GPR114,11.933122028031697,0.13806935399934467,1.1274201105133552e-12
COL26A1,0.5537726104698878,1.465025657245981,0.30317152925457147
RIBC2,3.292102589544596e-13,1.1383108064309702,1.9830981064390254
FAM183A,3.958288450393014e-15,0.48307758065652573,1.4166164061313387
GFI1B,2.724504723969104,1.5162082768677598,6.578937017152767e-11
LINC00565,2.847128017660936e-12,2.216673660844887,1.3267573363231207e-14
NGEF,0.21890180957043517,1.3411566477177956,0.6337204605085021
CCL1,2.5165683467943802,0.8792247775846551,9.876560618767925e-21
MIR941-2,2.525809650571736e-12,2.5842641722076363,4.132920004690636e-07
LOC100507206,0.022030965015527478,1.2744022442765506,0.6420424991187693
CRYBA4,2.0459886769964266e-11,1.536690037343707,0.10060525817000918
GOLT1A,4.4733200782065386e-14,1.922625914608951e-10,2.126993560721588
HAS1,5.546870176873732,0.3341378635024619,1.844952955009012
MAL2,4.8231018103378164e-20,6.343732740112056e-11,2.8914911136419756
SIGLEC1,12.290369260787447,0.05611516848385146,0.16348283586228107
CTLA4,5.763390925783965,5.2547541537441135e-06,1.123786784907492
C11orf45,11.78227525237837,1.3915332297418567e-10,1.2065644912976917e-10
WNK4,0.31130072044275897,2.718435643918612,0.0024177128344678805
LOC643201,4.1127747622735816e-13,0.5957895873592834,1.793666767525395
PCP4L1,0.41029332044531364,1.7008376783999058e-08,3.3625086823726504
SLC25A48,2.0430779199111827e-12,1.1799182873036792e-06,3.435851990609155
IL17B,1.6934650018114112e-13,0.8578264004473377,0.889867430481754
NLRC4,12.885872519365343,9.50920273282783e-08,0.2878641463600949
OR4C16,2.0466356255301883,4.832239348378093e-13,1.2015391307325034
SDPR,3.1926801140198307,1.3912084200950687,0.8742715881681647
DYSF,2.1187629178056255,1.233693143714798e-13,3.1733893310944965
VIT,2.916341807811777e-06,1.5923862913875861,0.7072977771396575
GPR141,12.191899311929808,9.872960850015246e-13,8.533906321672423e-05
OR4Q3,1.921341455396501,8.865786075257316e-05,1.4938464650414194
MIR941-3,3.4759497413111644,6.990762836246752e-09,2.9759043924363375
CD28,5.767733581301247,1.261582788902668,0.3112496322728471
CFHR5,2.8547245824811126e-23,5.234963229263881e-28,2.5625755813905164
SNORD85,4.615062298164726,1.1915780202896758e-13,0.8857447399639883
GLYATL2,4.099953017214656e-07,1.286260269527732,2.003180299361399
SPINK2,4.3543304383276394e-09,1.4237986166227363,0.9183132562059879
OR5K2,2.1235458240677243,8.795466681183234e-09,1.1610032711228757
DMRTA1,1.4869734336203054e-07,1.9610574197470718,5.209954583294672e-09
HORMAD2,1.429770183656283e-11,1.80743061252403,1.3958349169568849
LRRK1,11.682752411885543,0.1741397191673454,0.005361358035300201
SNTG2,2.0514259320426762e-05,1.000168978559189,0.13867749496244147
TACSTD2,3.450702419104305,0.00021434496772441467,1.525254562477606
DPEP3,10.13672650556395,2.670015677630189e-13,7.755945830279688e-17
RPSAP52,0.026194775079945592,1.6003250094255193,1.3191283097986157
KCNK5,1.5076711558922372e-11,2.978837394691042,0.00016923919885233194
TEX26,1.6350799173792196e-12,2.504989451051042,1.3647122364959399
LRRC37A6P,11.785452628283126,0.7178212488800134,0.0016273619335159487
CNTN3,1.369369195230463e-16,4.814152013190131e-10,3.132913654028743
HCAR3,9.708011938953257,2.5040990268994503e-12,1.1451904754877806
RELN,0.6704261551399897,0.007776092374953687,2.7388167856081043
FAM131C,5.865388223430782e-14,3.5572152826043557e-09,3.4463821908625
CCDC153,1.653529355321897,2.0225010824873406,0.00352205171746694
FXYD1,2.6168759806416776e-05,2.427521760816124,0.058600227770803676
FAM159A,8.694549367933467,0.5956616939330455,0.3485031074573705
TMPRSS11A,3.53200491957235e-06,1.2401868211476137,1.6125033123631372
ZNF733P,8.572669278519961e-17,2.552852856745844e-10,1.8705433596045153
LYPD6B,0.0151355965458593,3.14566919160353e-12,2.880659956066279
DUSP27,9.468268037603856,8.123743187004785e-14,1.9897114627333892e-17
APOBR,11.39912759807031,1.6163495966223199e-12,7.359801784216059e-09
ADAMTS18,5.943126032628913e-07,1.4904424029543053,3.063442152302808
ANO3,0.5609943662251363,4.779464658943655e-10,3.31403659496414
HP,3.050329390549072,1.8881325345884707,0.9118707976847171
ADAMTS12,2.1258961614191613e-17,1.6498116617379683,0.18898467587953047
CYP26A1,1.1891397483700463e-18,0.6608083991590757,1.1821241816110737
HTR2A,0.6916483144450124,1.2113802596691612,0.4809228230605317
NPPC,4.808598046755705e-12,2.2366860847543832,1.076238232288896
LINC00323,7.130500377302419e-13,1.3648677721481278e-13,4.173531626023802
ROR2,2.8913046117194803,0.19099351813329077,2.7790785267370475
LOC255130,1.0878005169943411e-11,1.6485957377593594,3.0339548378512394e-11
CHRM5,2.3075188433968237e-11,9.514072105507538e-13,4.0481741624054886
ANKRD18A,0.0011736444450809215,2.1088145660188085e-11,4.795684453325137
TSLP,2.470254941290079,2.101762742204093,8.81707218017545e-13
LOC100289137,5.558304823211502e-09,7.445904502322819e-11,3.8281834630556864
TSPAN2,0.6537613055846352,0.00017977392561664132,3.9754563605726068
GUCY1B2,4.025899475595814,2.2722473904865047e-12,1.2726725263281917
CHRNA4,2.514610757146027e-15,7.04094656514833e-11,3.547192945741994
PCLO,1.0286287645015821,6.618276538340594e-09,3.586159922494091
C17orf72,1.9599849069040743e-13,1.645614249989384,1.3651073072739715e-15
RASD2,0.6191850230243334,0.000873347879534678,4.458244396202692
TAL2,2.8233428076766186e-14,4.156653987251189e-09,4.441375758640009
KCNS1,2.5694597160890226e-07,8.348525535119313e-05,2.476270669923993
FCRL3,8.73323782954696,5.696908829911747e-16,3.3850026292882567e-13
C5AR2,7.821830064196695,0.9073053521038651,0.3911690078545812
SLC39A12,8.265987939406607,2.4224489212099825e-11,1.4536544969989145e-14
C22orf34,10.959371502654085,0.0577967743587169,2.0939802408162748e-08
IL18RAP,1.2540210927464135,1.2021271986782935,8.161999244300799e-13
RASAL1,1.1186946615964927e-14,9.01433489017528e-05,3.4476233644034715
LOC613038,2.1272809678120215,3.504795857319658,5.034139335093623e-07
LOC388242,2.126465476588634,3.5055357995057372,5.016966290082829e-07
CDS1,0.17347748792149226,1.7352262188102217,0.09779929627615153
ARMC3,4.357881677169033e-16,1.4165455340286184,1.8427989247229105e-11
SNED1,0.590767496349081,2.992491531234644,0.6584166723423934
MIR492,8.764313165596409,5.68560030289291e-12,1.6944797777136067e-13
OR7A5,2.2198142718608502,3.754669665263068e-07,3.0762744423716235
TBC1D30,5.2968962385938445,0.3966172945108848,3.092440409219821
ST14,10.669563372787897,0.02333787473063345,0.9761030192809045
SNORD116-12,1.9239599425778269,0.4535115076214421,1.867245823250762
RNF43,1.4973717852047313e-12,1.1767222247455318,0.6821446623239235
TM4SF19,2.5912973893377806,1.1068486085992197,0.717614047926493
ROPN1L,0.08537228929019107,1.386023856332223,1.7530410981736249
EPHA5,3.2936510685713016,1.9347908815347925,1.2322761191335327
EDNRA,0.0007929720220177444,2.7827800931208193,1.5769694647026768e-11
TAL1,10.50314666375109,0.0029915140836612787,1.0253595773379123
RAB6C,0.006672121804043156,2.6357894064998825e-10,3.5662956970114954
CD70,1.6617084751105113,1.0890854746932848,1.8036476291533607
TACR1,3.4820213938524255e-13,0.8399268110231305,2.771116449768813
UCN2,1.677488453460459,1.3118917545223963,1.2698185715730486e-12
DMP1,5.647927287464577,1.519820604206423,0.22530623182892967
RHOD,1.2771951335454148,1.9228271817203257,0.1426609649225352
MALL,0.008215200664952033,2.527479309807388,0.5042575858703043
GHRL,11.718669575460046,1.0263289225000036,0.5077484502234537
NPM2,1.8296730708362554,0.9616385429082653,2.3243755210761465
METTL11B,3.3577649472829383,2.2090362475161485e-14,2.838675952571417
SNORD83B,5.02390335600074e-06,1.6469246197532388,3.293536883719812
LOC401164,6.108916674074109e-15,0.7956282214468297,2.12445887343389
ZSCAN1,0.13786391518074667,0.9090724968227817,4.113739599284562
MIR4426,0.4883761269462879,0.4682010762298128,4.9113299710534335
SPEF2,1.1557720229088302,2.5643809563320046,0.2974955294081787
TMTC1,0.1770529798373124,2.5367917038373955,1.4157199399468785
WISP2,2.3606842433554957e-12,0.12379382681814793,3.00187268953303
VASN,0.852844916402646,3.503745751184961,0.0071758224394285605
HSD17B3,1.3268417811415223e-05,1.4682065367986328,3.0136487779234926
LINC00675,1.9213427049951588e-05,1.7481639385040952,3.052870079420853
TMEM74B,1.3877812355925017,2.1879271519061083,1.5593022403265977
HS3ST5,0.0037852738963465673,8.42735266028689e-05,5.043887941940847
CYP4F35P,2.2013367046277325e-08,0.8874828757470157,2.3536627704709328
ITGA11,0.01881528202031826,1.1806740344127011,1.260694327441638
MYO5B,0.21454954025781134,2.8582292407558945,1.4238982193751177
VSX1,0.0023363558755387297,2.1268376177828823,0.6288065837321222
LOC729080,1.0361948804946706,0.5299376126743237,4.279504183379939
SAMD12,1.8258330536313094,0.004724804214225794,5.146491012606299
FAM225A,1.5076025729794256,1.8050810966018402,2.4838117520551046
LOC100506384,0.009401738914117039,1.478202867325568e-06,4.39007182002388
HOXD13,1.3099288910818185e-05,3.448546640139008e-05,2.9546277917770074
HOXA-AS4,1.660751629516146e-09,0.010810401293367935,3.5991554849445815
GVINP1,4.318169053022087,1.210584520940893,0.0005644904595886494
LOC100506776,4.498305488796413,1.8277851628749313,0.33845563720911676
FMNL1,10.618988770451775,1.0756682224882288e-05,4.5753387615185365e-05
GPR83,0.046816633342846845,1.9142723558250148,2.560328886029916
CHRM1,1.0863974966360993e-12,3.374862393093853e-11,4.524076938776692
C16orf74,0.7008541488892425,2.510834333257994,0.9043687941928603
ANKRD36BP2,1.834193237251472,1.2575771597526184,2.6010725047980454
SP8,9.703396668890784e-13,2.4655187153805325,1.2833080859249564
ITGB3,5.159407893408634,2.003304191155859,1.3942495881703039
ENTPD3,7.593812443649233,0.8533713698830505,2.535091251231882
GRM2,1.7117495031306142,9.211428071132694e-11,4.732781991711954
NELL1,0.9869219503169054,0.0024447450047055744,4.067017140027724
TBX3,5.379562631278926e-12,0.7794911165083395,2.2573009228587844
ITGA10,0.18000390783897832,3.2880833779254273,0.8347488867130843
LOC645249,0.28367655967388244,3.4702208128344524e-09,3.094842438812749
CCDC11,0.4353424651646941,2.483718591451204,2.0009472947741025
MBNL1-AS1,6.4470474835903,2.303126982405475,0.00041573464271987083
SNORD68,1.876818658638942e-12,0.459903530954073,3.6169976401549953
EPHA1,7.728777858589078,1.1009679534730283,0.010953841601141942
A2M-AS1,3.170245349068262,1.3513239276840383,2.5911897197279568
ENO1-AS1,1.6166578827375715e-10,2.104257549973679,1.1016860092756562
PSORS1C1,0.008202354259629497,2.609240202160378,6.057820397433736e-14
SERPINF2,9.54299295449137,0.13236702648673393,0.23920564720359028
ARHGAP28,1.8746700124386817,6.912527265640479e-05,4.085108084986893
PAR1,1.764132938070685,2.0167596754464117,1.434573715982547
LINC00628,1.3627878095884736,1.0742863963066767,1.9606555616534262
PYROXD2,1.1295051340767088,2.3829211774087717,1.8938107994673101
ABCB1,0.23755818770123116,2.88894761768791,0.06739119586354331
SLC47A2,0.7644448138352902,2.1768859373098195,0.791097308108232
GBX2,1.7661351851606709e-12,0.6521313910961565,4.817210705718484
HSD11B2,0.028739201775329015,1.568026769078729,2.055406596580838
KCNA6,4.491120026835126e-13,1.2404436074942806,3.8466034461469487
SNORD89,9.04531434965342,0.539974325098233,1.410140982509175
SIDT1,9.123738007542554,1.2094614785057667,0.17300506255395712
SRD5A3-AS1,0.8717789498837828,0.8751768288869199,3.5189521760229665
PAK6,2.362676386650433,1.1105488614556949,3.143423521666053
PCDP1,7.822529773705413e-12,2.1632001435034076,1.6837555606524806
HSF4,2.4386587085970968,2.6807339545725606,1.0276553271075506
HMGA1P7,2.8376477474122668,3.5105294184063757e-07,3.252254361062808
MYO15B,11.220145239433494,0.5817594334124869,1.7912561135123408
DACT1,3.337573789771057,1.1943082235680387,2.8794772812852636
DCAF4L2,5.853781823840381e-16,0.8149027596082199,3.9653345441985626
SCAND3,5.138409690141568e-12,2.0537048441321804,2.7817028011866833
CACNA1D,7.553011037239243,0.5695312379395672,2.57690387201069
LRRC70,2.7569805700572725,2.230627750229311,1.1084471621424956
PLEKHG4,4.555641136320139,1.3016986420523102,1.0781315424931774
LTBP2,4.094496850606689,1.5232251051414922,0.1908838201747616
ACADL,1.6330795933534778e-09,1.4200213145488043,2.848497289800342
TRIM6,9.122767376537382,1.0220409829576385,1.5360958607113557
LHX9,0.39573507346934633,0.69126682676732,3.4798009661258953
SOX21,2.5103218407810578e-11,1.9905251401810107,3.163037930981675
LSR,3.151845460706453,2.401035898929904,3.3303985062854783e-06
GUCY1A3,5.316496443005613,0.5291379238463353,2.6785430480177848
ISL2,7.1259495158203204e-12,1.1742458815271424,2.8773081218095187
LOC100093631,6.246306121636109,0.7031827644781272,2.975237259114212
ADIRF,2.1802391981800184e-12,2.472556737957812,0.006250857140771373
TCTEX1D1,7.287735239183382,1.4418268484288317,0.050359781029557196
GRASP,8.062756208670734,0.022345234092617784,1.7682293763964791
PIWIL4,0.7630494597146849,2.484000686409508,2.1893878990357396
RASL10A,6.2183037216669925,0.33337923672674113,1.6234174334313598
HIST1H3C,1.2927523844649997e-10,2.8969098867910725,2.037517817390752
RGS9,0.6876235902108309,1.9088153471520963,1.4453595048990857
RTDR1,8.216195867646898e-08,2.6875707052184836,1.5781636441761804
LOC730091,2.022315060279579,1.8093480763682555,2.291195702535817
LINC00854,10.134065457125596,1.0742507469586002,0.6963062889362959
ST20-MTHFS,0.2613249677517239,1.5205491596075662,4.0799654433676915
RNF152,3.364879662435426e-05,0.30429067810947036,3.973554552510239
SVIL,0.7662303237722424,1.880312062666603,1.659055978455793
COL7A1,1.2776122547068154,1.824940762855185,1.3707196419842658
EVA1B,0.00457581557172304,2.8606288849620536,0.2579828411253697
DGAT2,1.8340672550619332,0.007567251452382449,3.5049800594660003
HRK,5.448093311360944e-06,0.9526604633353316,4.901193829237134
MIR922,1.0974624679621545,2.0974796236745887,1.3856882825499568
MT1A,1.3203777157723757,1.948783760451353,1.4658688594594895
LRRD1,1.1591326529805037,1.4660914753053866,2.9281704327076814
RPP25,3.161442640117983,1.0648478938654153,3.2668465939985585
RNU86,1.2147915663460586e-13,1.859857380535139,1.489968199908381
SNORD55,0.6445256543354654,1.0878020775601216,2.882432485426469
HOXD10,1.288505801841843,1.602910899930305,2.054759919653065
SNORA57,4.858848671424698,2.9195374166438928,0.3638883268743033
TMEM151B,8.874351426130646e-12,1.2781953822504721,4.492757118505731
SLC19A3,0.3601909668203723,1.448138424178784,4.145375466461616
TMEM204,4.624156643278409,2.702907529003977,0.014072905626143738
ESAM,7.868939504143687e-07,2.839822398903678,1.0203482241642088
DRD2,1.6584301119522726e-12,1.9514399452525593,1.647043809798432
DOC2A,2.926447494970171,0.6983029474461037,2.107872099314454
SNORD79,2.243258323351145,1.0093339277167797,3.305046787024171
ACOT4,2.0461882957063507e-08,2.1104271676947395,1.2329633729771792
PLEK2,8.888050764298702,1.1322618645949964,1.8097834083142595e-08
SLC30A10,1.3131444881058252,1.1379811840422416,2.087504220065611
RASGRP2,7.328690954101417,1.711391424287946,1.4945345515617516
CD248,0.20467203637085074,2.118487559894684,1.5489136239965267
SAMD15,2.6524070757298677e-12,3.327151880753594,0.23068844912113046
SOCS1,1.7931951735378109,3.3311868664394355,0.15274991184953532
CASC2,1.620553235575927e-12,2.8567816819126377,1.5685732457121377
CKLF-CMTM1,0.5370384308422274,1.6999690622469326,3.7051585073523587
HIST1H4I,1.565263079776647,1.7820117822222536,1.501793470678198
MAN1C1,5.295265487461325,3.034757967311138,0.2691619105024952
TMEM220-AS1,2.615008380197562,2.5845591890267756,0.6599285918723863
EXTL1,0.1931391164495124,0.8139790592811199,3.960685103800926
KCNB1,2.4714496036996443,1.6363501616969613,2.056173676045439
SULT4A1,2.099189805630395,1.5397718436977768,2.0266663933192834
GALNT8,0.039276604088283075,1.3577310556350588,3.672824848649598
ADAMTS5,1.8750896849774814,1.3873677171954593,2.0680593295136003
ZNF702P,0.9517632489588979,1.3836517222388032,2.0269496686988253
C17orf107,7.821534743247734,0.012763446403180383,2.2167968506130316
CASC1,2.249570217776467,2.4499260878883464,1.7961340763729579
SNORD36A,0.730278190758601,1.7199949151593117,2.8463126263173497
FAM135B,1.3713798400699033,1.8094537073816763,2.200339732383134
REP15,1.891389190112601e-12,1.3677383202218847,2.700645431621402
TAS2R50,5.374825782116987e-06,3.1620305762409457,1.4986746406675306
NAV2-AS4,2.1349448993674457e-12,1.4582417486054577,3.59050661269207
ABCA7,6.942601445270093,1.5624264629187055,1.3025305275380632
C16orf86,7.157669226722167,1.9862110477237267,1.5464110705382077
ASPDH,2.1727394882873448e-07,0.6446519411257106,5.256891512192933
RDM1,0.151868275295187,2.0532017552121364,3.404410968626955
ANKEF1,1.3892987257627558,1.636784966894587,1.876146874086432
TPRN,1.556054241072343e-12,0.8479482405786101,4.452360412156521
GNRH1,1.0289467309739018,2.4168811992077823,2.8265936755503294
MET,2.3732657875602623e-16,1.3919940014162493e-09,47.92321833065746
FCER1A,285.33118600518094,1.2535986751367166e-15,1.3767935140397334e-16
CD52,105.80300475889624,25.99561973723689,3.118277534040259e-17
FLRT1,5.685858021671625e-15,48.00382718128112,3.2918184546968137e-07
FLNC,2.3963079106945428e-15,47.84801026918607,2.2581931067611946e-09
OPALIN,4.0255576469172614e-13,4.528909226526225e-12,88.13760441263591
CXCL10,53.11029814701961,43.629741299896416,0.5514801812209794
FAM26F,311.321325986583,3.1949865095142545e-13,8.611244575222221e-14
SERPINA1,346.81586197793564,1.8392387985550704e-12,9.142519445477373e-12
CD48,244.07663524082992,5.5126179413372824,8.835240524593348e-15
C6orf15,49.75350195147829,48.84860982270789,1.61968369361173e-17
CPNE4,3.589128517993765e-19,66.60941486186067,0.041549955872973984
CHRNA1,4.3802139329079736e-17,63.90352174440823,2.727555691764255e-07
C1orf162,333.78964901429225,0.0004052055070917722,2.418895648066708e-12
PRAME,1.582960100426956e-17,1.376961881001223e-09,59.00093243909662
PYCARD,322.6352368154587,1.5066830673031202,4.016350498221371e-10
LILRB4,332.3201503328286,1.2540602989320207e-05,7.954180270007842e-11
CA10,0.0003871262600509676,6.970681607981755e-12,120.89951012594898
LCAT,7.776693116275755e-13,64.73917820784048,0.0027313503331674645
TNFRSF1B,121.60371803526058,40.15836053019458,4.006632663464256e-11
SLA,290.8606878143405,5.053779302725587,11.288685853349284
PILRA,308.90588065246817,3.4670004194115563e-06,4.8692466537727495e-11
RGS10,324.7864761065945,4.156408294187144,9.620453351786487e-12
ZNF423,3.0703967117667567e-17,38.001047136764534,5.469950973838951e-15
AOAH,309.2558110450068,3.0803031384250532e-09,8.577821873213758e-06
IGFBPL1,38.47622717223309,7.75276998745326e-05,111.3560257012247
MARCH9,2.669997479680411e-10,1.7799318369275534e-15,99.53848773175929
HMP19,44.73979128393939,9.221181428523737e-12,108.1183031282865
ANKRD20A12P,21.01265112548957,3.7692754755369706,82.33853206704887
PPP1R14A,2.6812575245456034,1.9865681236770055e-11,117.2486626097892
XRCC6BP1,13.940286063212024,1.597307340268068e-13,67.2785154388127
CPM,117.3211118795199,6.7808690375069e-08,84.81263314645052
PLEK,316.3785182037139,0.7896929943243914,1.7346030870935398e-08
SERPINE1,65.55365209700716,53.10833026332002,0.9286571666481223
DIRAS3,65.27633539527442,77.94103360818188,0.13142858068683697
CHL1,4.455565589263166,73.67000677742571,0.6084979891145834
OSM,259.0633954625625,0.03575692809299019,20.00612124931749
AREG,156.10503683015904,3.331500219503619,40.12729496616109
FOLH1,2.178766499616844e-12,2.772468519376883e-12,107.98807172056401
RAB3IP,34.681069015246685,7.303048147999269,101.20094606434674
CD2,90.28641046026398,21.7059625546468,1.2655349599470794e-15
GZMA,49.534549901750935,23.264584582629347,5.632639442647594e-16
AGAP2,4.259615219177903e-14,2.007149351421222e-16,84.4589269161935
C1QTNF3,2.676953471338877e-13,41.72249824988155,3.3709930674536555
PLSCR4,5.7101442981176155e-15,59.18991536253271,7.029233215731393e-14
SAMHD1,301.14546989257275,18.78778601943354,7.3121830449876875
F13A1,229.72261169543066,8.51766340136727,1.437084041323838e-07
EGFR-AS1,3.6805149519871815e-12,77.86728397221279,4.486801589845527
C10orf54,302.58568338529557,0.025423161343970376,0.0009348433154487737
FCGBP,292.7146304594015,0.1654078358819581,1.1722536894132674e-12
ANKRD20A2,6.833751294956175e-16,18.97139601404332,40.38589688003511
NUPR1,85.01991333765285,53.97570624286796,18.070452706793787
MGST1,35.49769359569596,58.7303642367022,5.08285462422481
TFPI,1.4782320522973865e-12,73.33069973789398,26.945240775852188
KLRK1,8.378728544722101,20.60338863604831,33.056801294559044
PLBD1,261.42990048769116,0.001570200590489453,1.5899684806765142e-07
GSTM1,111.71780082311706,39.21581896125091,28.31390175329793
BOP1,3.0188203225661164e-09,49.28757330717455,4.680244162995345
TNFAIP6,13.629952680721964,64.51522422945159,28.432586083549754
IFI44L,38.30451993987541,51.27195665253825,2.1603479485539068e-07
TNR,37.415075920821494,15.516457672669715,119.80537542230275
HBEGF,181.10018145328172,16.71867007596213,44.032229715823625
CHST9,3.0335578351953557e-14,38.88913688789708,35.53560844689286
SNAP25,38.488222323578405,0.0003483737114533863,138.78575931667635
PIK3IP1,197.68375209258133,29.525574696793576,39.3201336221086
SP100,249.33642432357402,49.31376027982356,0.0018263343182147599
SPRY4,1.3349228456748875e-13,74.83633158300313,32.94991810911178
TRIB3,20.094645479464088,74.57793310206652,0.03844295998621324
PCDHGB7,3.065688016624498e-05,56.93552404471244,41.721540057493804
CDKN2A,0.0001309948375917637,0.017199598503730505,106.61755113176785
NCAN,0.07619453291496285,44.45688796346354,77.44070726146097
OAS1,197.3168532861155,35.77180686152092,2.999121479506013e-10
NFKBIZ,133.04887070132497,79.11509966572586,4.0063382993991326
CADM2,0.21468322378853966,26.33775145252722,128.33822464323814
CNR1,2.497348054706428e-07,69.92842906586672,33.01878903699252
AKAP7,2.0374357119433013e-05,46.20043853481348,91.50199836302946
CA12,27.17101507568574,82.80625042968362,3.804291973117335
CDH6,1.5834680797348897e-13,77.94706176831853,0.3727160386713561
SERPINH1,0.10507530834737439,110.20532011821933,0.13993838460886693
CREG1,276.4370237372846,24.493867590741075,47.8703178322459
FSTL1,0.0014267621964089109,87.8504379400111,2.676840771931025
PADI2,204.96946894307823,6.254339542232047,52.66669088993936
MIAT,12.501355062928733,8.975215540603667,112.74185903495705
RIMKLB,1.4708337030624232,63.113506303468014,73.91165011877119
PROM1,8.004910253850543e-14,27.959476929459246,77.41513420337542
HMGA1,27.257188347107782,47.5274848721693,74.0752839266748
RARRES3,97.6862508338892,51.44490312212801,16.71322033630763
LAMB2,1.884762059671767,109.37465320067093,0.00010215432818156508
WDR43,52.165256832978564,66.28541021489464,54.38697001237305
ZBED6,1.3146166745141048,36.649307837976515,66.9196274079194
SDCCAG8,87.21250757033589,71.9354709201256,33.564384920108495
SLC1A2,10.970901961617724,95.27465727403546,8.933341474161816
ATCAY,19.95923384281521,0.6446296757391811,134.9525630256964
RHNO1,6.2938303988468,61.893882790718806,76.21098116827082
ABCA1,113.64412966087923,60.678257650828414,27.490820416800716
PKIB,98.14737194522978,67.69493497913838,9.98731794746798
PCDHB2,1.0580910293414899e-11,30.926287075451743,79.96322591633357
PDGFA,0.028302947417511586,90.10689720297954,0.03907454327507927
KCNIP1,38.45430099024732,51.02041165059444,31.840312295502816
LSAMP,0.035022186655851634,39.384856202321295,107.30978390801332
CRISPLD1,0.008799577564499872,96.28692606803703,32.75065073982774
OSTF1,240.30582716655184,15.675432979762844,37.7567458827431
HLA-F,169.65570365025812,38.10318115828092,10.846052637050166
NT5E,4.436087290293967e-11,61.06794712392168,52.05689205587687
SLC40A1,191.68053449053858,43.65200187651821,2.3205776095106567
MAN2B1,250.16117129689223,34.165131850019996,16.563873379626823
FAM64A,1.91998601960162e-13,55.552356823682736,83.28547982624796
SKAP2,214.89467565709427,17.453156731738492,39.09746376747684
JAG1,2.021110296247339e-06,90.66656495400197,39.128390353121326
PLSCR1,194.5864811696218,69.74285204749734,3.0046047109089407
MMP2,49.70369026475762,56.32064983767017,77.46717609100102
SOCS3,47.202617274824966,71.34408944257,2.286970179510457
SKIL,194.30887506967287,43.052868425678255,55.680046372410175
RFC4,0.04395195848161764,47.71113723754254,108.49416942088891
NOA1,53.473046167838355,26.48817027404674,99.01993245375044
ANKRD44,215.3190138271232,26.971073695856184,57.75009800586361
LOC729852,29.36666726030179,35.241629556345856,70.01922532913372
ACTN1,32.26665551033703,73.30683414770417,5.004393037172029
SPOCK1,37.72872027542501,21.398590976568073,83.66405286539911
UBE2E2,74.25431283361158,2.3684008735483566,125.26675264952563
S100A13,21.070027509711487,81.44870548990721,20.367575526083627
PLAU,177.6506096260261,43.44305542801589,8.0836096246878
CRB1,8.01143951976717,31.87883434121542,106.34518794494886
CHPF,0.0012453756151492295,82.14899304485272,5.187898368801252
ARL4D,39.412354877002315,43.61559745076002,59.24405046682541
CYTL1,122.71598390694304,46.52216307280201,25.070837432774166
DNER,31.520957068442204,19.823783491970065,99.26121928256937
CPE,73.05497983780815,88.11148087217961,27.793375185047697
CD200,3.7921956285777654,18.175403743970953,103.8035780255671
ZWINT,7.882385573750176e-06,38.238386432509294,106.34494846606663
NOP2,25.4206819889546,67.36418745158169,55.356540800694155
PELI1,145.29550462105846,18.301005815370623,105.60824106555424
CCNE2,36.73316811612779,18.46150446086963,113.75786313284587
SEMA5A,2.1526578225311972e-07,51.16806788427231,91.21887286167285
CDKN2C,23.35173127435803,82.8992077069273,44.39532157674948
LINC00673,0.0029682275490537278,46.94278542165362,90.61792263111879
ERV3-1,43.95287741784282,34.34919511045857,92.37216135458937
NTRK2,22.746249549824494,38.25036529171711,71.12240229556573
SDF2L1,28.735048904427483,70.16348084968338,35.8558299257113
MAP2K5,26.047223111802186,51.29530048006178,51.83040056791504
CARKD,32.8682241972662,74.26338897888654,65.49498923914012
GAA,222.34675516113725,45.05498525058732,26.382120533921622
METTL7A,108.50168774042226,77.07107435458228,19.039338007677603
ETV5,35.31238442520084,76.6070482233785,26.747876011671938
CD276,32.93685698933089,72.75928336098035,53.03074556849074
TEX30,25.707354150937086,55.081445747798504,92.2028946322152
CDKN3,3.7734877301218105e-07,65.39807096037629,75.66910912337312
UNK,0.7923834991969377,43.656844335581816,77.77804368587309
HK1,84.81472930731464,69.50778846981862,43.403811182708154
TNFRSF1A,141.38273802351125,89.28983591644993,1.6850369260925038
NCALD,1.294035063363245,50.864055329007975,66.15573322699179
CDK6,0.013828646455828913,58.24402063089401,56.7514505100882
MATN2,16.29215824317368,74.52854870918416,26.647061724298965
CCNB2,6.745896941900493e-06,51.89878247392761,91.17769458009316
NIPSNAP3A,98.61942953812279,43.85745110535565,55.93974233221619
CCNB1,0.0003047214963971585,62.528827884222515,87.27033866812651
EFEMP2,11.53036622746723,89.96169463845611,10.389239171654483
RAP1GDS1,34.09953145066988,53.28595942988662,104.8104382367538
KIF21A,10.023863966935306,71.31491896193639,66.75655338259685
CYSTM1,54.31468394697688,103.45000322095807,20.775664947790546
GDAP1,72.33534438581061,42.88896675947377,110.07319168135487
TOP2A,0.08425633810072863,41.91697678433926,106.79600795171156
CHD7,19.719642358753305,33.46186857268837,129.2770568298377
CREM,93.24587487625278,64.55137839916866,40.519707267002
SOX8,13.577932735553263,29.853434809831136,98.51076837245382
AP1B1,207.29214527056294,28.579845755270437,40.930277798131755
PDCD4,132.76278061663368,50.737790231561775,26.80335594810996
YWHAH,176.40347788858708,38.50971195205277,60.852967701703015
SUMO1P3,97.14789886885373,41.75249532945719,67.3806164098795
GINS2,1.216869289170506e-05,37.20774523460357,95.57772367437988
USP5,5.384893828783667,71.66779301303582,87.91627833045789
FAM110B,17.409971241983378,35.56612962169929,110.29455421945477
ST7,17.92999389780657,26.10508987043458,101.64235152551193
PPP3CA,63.917778738528845,64.55747581803827,36.29839563799955
CDC20,1.2803357464989347e-06,52.67169476888943,74.35655875991687
BCL6,75.99583279197438,58.58969593021765,49.28109009636816
PARP9,103.27745778740055,73.64146260383018,10.60913845857944
SEC14L1,69.41718634596272,90.27224501748437,18.45708806608688
CDCA7,11.192198449297571,30.42696462554186,107.73470092835814
ZNF253,35.49311294256008,47.17911948118149,112.96377434136973
ARID5A,108.17792942740924,60.65475220363453,33.487472364696835
SEPT11,8.429681958084008e-07,85.96736810691903,55.89351657021369
ROBO1,11.955514002066906,44.57245285043756,78.33988307214695
GPSM2,0.45425726592866356,40.170339926090655,97.0441902824488
PRTFDC1,11.23239120077259,59.2980119428411,93.96336836086469
BCKDHA,67.35698428364776,82.01423116490088,45.91129262221959
PXK,49.27890998346484,26.15702902025874,99.4292909185235
TPM1,10.247537356037757,77.67952870482344,42.62301588784399
G3BP2,30.78727981510346,52.89209910743993,93.79858980977849
ABRACL,103.93808995342073,35.68939406839529,69.503951094803
AGTRAP,130.17175979170563,81.5055661140697,13.332141490442076
MSI2,4.5506205387087947e-05,79.37605062857422,33.623352677262204
CSNK1E,6.238372353850885,44.95745717337284,93.96551410403978
ZNF84,6.050826910777816,49.54589817944516,75.83656622818711
NUP93,36.92577748344367,56.510464318720615,88.75380384854253
SPAG9,59.283971572967324,59.170816796135924,92.17183582748142
HIST1H1E,14.394244500676955,52.57949622217187,71.72062822927676
C3orf70,2.6769560300787413e-05,43.14776239773607,94.73004202024566
ALG8,61.81093442972239,78.40035313922286,58.76793945615244
ANKRD46,44.3147811325133,39.4936907706144,105.59101223563614
GBE1,58.31271791918989,81.30828581266823,54.03481824904768
RTKN,9.32289576861755,49.43028105355492,108.0365753265812
MCM5,87.46426460343744,48.230229194832624,102.35800844937334
TMEM70,120.16094744767432,57.01966335099356,79.70146750365824
ZNF300,24.796483686067425,37.29725423601444,108.52882199405377
TWF2,180.46628075548364,62.313753788105615,41.51191826840576
ABHD3,81.76596303932314,58.88330026871015,54.23185471222349
USF1,96.00820978678392,43.23470001799824,104.43920996125011
FKBP4,13.301501993923068,53.39648555537511,83.061200546583
CCDC88A,43.374948342083414,41.17833183665962,119.20245251029787
ACTN4,16.241468091054248,102.70269688658774,36.1214774731064
FUCA2,115.83626507275186,74.75132417882747,31.963910268428137
MGC21881,25.307732825536778,56.50389561603713,89.72236222312944
DDT,30.641475617755656,78.97700875999517,67.03386873569531
CRELD2,20.79849607271572,84.72622329259096,40.1484705834498
ZNF140,17.99573548792887,61.18008123235639,71.02212326429137
CHN1,12.872133717265418,77.63558951393567,44.84798251221978
CLDN12,22.270301310376514,87.34632520734016,62.09383621135082
MRPS17,18.78915575161824,64.64644708766018,83.37923395725291
DUT,3.0733122489274005,65.01046326062898,96.70048825704647
CKAP2,7.498166734352502,40.29491840548745,102.90844907268804
ADPGK,187.39198134325062,49.35784490005963,42.975586160286234
RELL1,73.133748097444,68.68589898232204,47.64610699434998
CREB5,9.195181997621963e-05,64.42779312931512,68.84642268128711
HIST1H2BK,66.14536641215042,69.99435368679197,47.300283092690336
RCBTB2,145.01245536717275,38.433756127151504,56.791730702211396
EPB41L4A-AS1,24.296696000674334,64.98279161379781,95.83681266680126
MYD88,172.48849747994717,52.16805085623368,56.53952405201033
TBPL1,31.423448700746313,33.79552149882637,110.06021985652507
SLC18B1,54.31415061913568,82.33644516969738,41.16956233772626
MCM2,0.0024739400121925113,46.03997753805885,89.01148328378683
CCDC28B,0.07448431916487049,61.01300569146358,71.82735353159521
TCTN1,12.202196542634702,84.81942273155427,41.20069661506029
PRIM1,27.196424375300985,47.699931146172894,84.61054487568308
COX17,57.07196817903565,64.83057316944719,72.80686815661657
PLOD3,17.990197108750596,85.11126739595221,65.63335911039567
FAM60A,36.28232325403953,44.82325646626075,90.27804619750582
LOC441081,91.53751514515443,54.53545145645689,79.13760307771307
CBS,0.09176402981108064,68.85890108729714,64.34969257720869
SPDYE7P,32.78482889428241,61.100467442821746,76.35346190478948
ABHD12,67.35453656176152,64.06406923831865,48.99522280406988
SFT2D2,103.74177759462944,48.850819405900204,78.00628847411888
FEN1,0.24880850049363068,47.220598170672865,87.64542537279654
USP22,12.632363278077046,68.80755022722357,83.28513882148214
SNORA70,67.07705214085914,45.76295585624353,66.77438492478764
DRAM2,174.46198528925146,41.713789760279674,42.532603139946595
TBCC,85.11050944928594,34.56061498001379,92.18874373889689
RB1,164.99092385522735,43.948972643122026,41.82656106801914
SPATA6,18.895142830985815,80.17250544827228,39.72804208321205
HDDC2,9.492186966283148,66.80783007517665,91.90126356404654
ZNF736,32.5593149679272,39.2582112400415,93.51393216260358
RBM48,66.59959485611589,53.83460779875107,97.40471311702974
STAG3L4,51.79124551256901,54.28461593063131,89.23290308442381
WASF2,106.76043330094164,72.61737671773287,22.059674831836844
RNF24,20.96149466877075,76.30698079764,57.76705338513515
TBC1D7,21.257755541420607,58.585276246045574,106.1631030172205
LOC388796,20.008079549506263,69.6195995735294,72.75925474974332
NF2,45.26448269429739,56.571997590542466,66.85849617108545
UROS,34.01275476490508,51.13486724786205,79.6994824006138
INSIG1,80.68658556300328,63.22065403946137,70.28125094310344
NAGK,166.70801378934408,41.85786509892042,56.65874735880637
FLJ31306,70.94541691104591,77.47537612348387,59.3535008182749
SUCLG2,120.03952190200542,77.0267542956519,13.643670321667932
UNG,16.093012213757817,71.17002358757466,75.61738647544993
SMARCA4,3.1297385798442776,54.290561251303366,103.1937388593673
NUDT1,17.73370827671231,53.00286364642683,96.87696473816332
ZNF426,25.02409912642593,76.69940878925584,77.00203258164093
MSANTD4,12.443021513479422,75.34037707592356,75.19694011672868
DDRGK1,18.975256751563567,86.9267071499418,48.86916432379957
ACYP2,30.56304839235853,64.78682833107077,52.86261835550255
GLIPR2,38.96043966886557,83.13702886577389,51.00963652042104
HNRNPU,30.863514536003233,78.39833915620217,77.22370410224754
GINM1,44.37795893668586,86.77097485595266,43.85121438072091
NABP2,6.911839812590917,70.96460719943963,92.2339082462228
ZNF292,25.372465647758425,48.36564114347676,112.19130445659648
FNDC3A,58.2260025912446,88.99650169950523,50.657683257588104
APBA2,1.54668813404556,47.403852538893595,94.06761096203051
PPCS,159.2098068052222,68.57362458807819,34.95895046345895
CHURC1,98.55925272327899,57.4728514508901,61.79138991840274
NTPCR,36.26604258895123,70.24387845470592,62.03084488343821
RPL27A,77.33800879758867,78.28779246861747,59.72286028077906
ZNF226,18.296806771666645,82.53286909725308,67.93080812170257
INSIG2,43.40936330328961,63.674364533925036,57.39543350672917
ISCA2,75.0169316485737,86.55130611029749,36.213861018080685
CRYL1,84.47277548676813,55.74348595389465,80.49697348565874
CRYZ,29.526619418886476,76.74765744908277,36.068591025472436
MZT1,14.676187967789145,52.564562553416295,98.94063630324689
ZNF211,45.64779677531889,78.87261195002914,38.54335107808233
ALDH7A1,5.12132997987826,81.73836072081005,60.1586348795159
HERC2P2,47.4955024690318,69.43697239642752,59.64622026294454
HUS1,21.264345559616178,48.84024664667721,81.47922765970165
ABHD2,22.24352821770072,88.1596479583371,52.254988855261125
MTHFD1,31.59791659541464,78.37682672737579,70.69471135233958
REXO2,55.937036122769086,85.8390821877109,42.96998259295091
SNX27,70.01435937801988,66.64527621133541,63.74838052836561
UPF3A,13.958863851911586,74.89207922616401,91.87321485005386
ALKBH2,1.7802973187144786,73.53563112190558,83.18150799633752
ZKSCAN8,23.551921753347674,59.0291978630259,80.8569798501623
NIT2,48.617407104029006,72.25123197267213,79.10208623540275
TCTEX1D2,4.562152792478966,58.60560382349339,73.18252675340302
CAT,137.3844515192834,54.57324254135656,55.83258126728926
WDR18,9.546515832647223,79.59066798021718,74.90302539996722
TNPO1,38.33843058112174,75.87450951613424,72.43911956070545
PSIP1,32.01684740087683,53.37596778609719,83.00480950737789
MRPS12,55.31480050897591,88.01312248416137,43.05630064695757
KRCC1,80.44000394995857,43.72271049903745,79.83389183599424
C7orf49,50.209849050891584,82.96691916239526,63.673800180342184
PTK2,21.5744357361176,62.14477538951106,109.80381687008285
SNHG3,33.80658017987767,63.71080896451092,54.89540379532412
NT5C3B,0.8037133455816716,68.88357516340449,87.1476460567943
ATP6V1A,77.65014242098623,59.51830025448882,70.16393511839298
MSH2,39.55138579135298,50.64666484189466,96.32993693668826
MIF4GD,126.38488086212915,44.66402205908134,59.58575387558898
LINC00657,38.6066398528894,80.71312419122746,60.368681494775096
SNAP23,141.73984443635294,56.29143922485731,33.4608161244279
TM9SF1,45.82786782188676,89.48268270939333,26.206583012238504
TRAF3IP2-AS1,2.7154047242243573,49.264810236511856,89.45716292057222
TP53,29.12886550558011,62.44574843700217,64.67013779045777
GTF3C5,25.219209818072386,52.89925644438999,97.07522478993836
OLA1,35.54795315200423,54.94537306624368,114.53652438143568
NCK1,124.5880076980477,72.00480264527116,40.665232184641816
MAP1LC3A,15.355547324462636,73.7068271747934,55.97277873679304
GIT2,146.96679936879514,63.2510608439431,58.23630224001765
GSTM2,102.71978280281225,60.23301945592824,60.611431152568585
PRPSAP1,13.022089778960131,68.57391476344108,73.85095885673512
GNB1,52.55411517982892,58.62072689361385,99.2917983248664
MFSD10,42.591101119582696,79.47177187607691,40.473390464592924
TMED1,20.983423816812817,95.34331743333136,42.26696048486807
ZNF586,33.06461505573226,62.73224787049644,71.99145696360554
MED27,27.414078711853314,63.243395888587024,79.59189406864127
LYRM4,37.89335338959559,73.35346172335494,80.76082302524495
RABL5,11.841742585466266,70.23708131965046,58.36646244858994
SGK196,29.562320019164236,49.39487460779081,107.14712284067207
CBWD3,81.22013121782587,49.847035901822636,103.96936388243385
PMVK,44.85087476542112,52.37211080207284,72.77337402811618
COQ5,39.72339055255926,57.349205873095,85.07575227508296
SMC3,7.044207371957141,46.35640401413244,92.94046126661517
JAM2,29.873272224119543,79.4065687753306,51.623250848457836
GGA1,114.80665241144894,45.650251543261966,72.34988609697751
BRD3,19.884022812443142,51.716408095575545,79.40775118257152
TSPYL4,13.897581033479536,51.459439681336086,93.03953547298963
MCM4,4.945320650245832,51.95102665244113,88.58532509833078
PCCB,32.15233843003556,66.0352248490516,91.46506026691452
OGDH,40.50859388297606,76.40177660673668,76.80035724834913
ORC5,26.725840986608617,57.256680972843675,97.5896939070187
PFKM,3.090075437088969,84.42176521650768,77.26714100760267
CRLF1,1.3742463459176452e-21,12.14060317982062,2.7551157393051997e-23
IL7R,33.7968328996541,9.945413954462861,7.294309553593876e-12
PHLDA2,5.70656697735935,15.559771051725663,6.212027393258687
CXCR6,22.618592694584688,11.088185988965687,2.3274715116454817e-12
SELL,95.72830879501728,1.7638775540757181,5.930555159254528e-11
SEMA3A,8.558821552603674e-13,15.386214512795917,4.223663551567807
CIITA,97.398273289739,2.7648488729908665e-05,3.2472698638788637e-12
CXorf21,106.34361622348402,1.0214925315029325e-07,2.747523008787807
FPR3,104.8255135284089,1.0733285103667789e-07,1.0007469276418446e-08
CST7,35.1659017530701,7.780024168810246,3.899092751889434e-11
GIMAP5,88.85933824873844,1.1681937720666682,7.309623610840702e-13
DBC1,1.377097578555241e-13,1.5178078015287233e-09,24.045887800693944
STXBP2,105.47057974549783,0.5724047023241272,5.532518825768508e-12
CDH19,3.0258294226536138e-05,12.109789362674388,10.105690489145205
SLCO1C1,6.5092309805981445,19.657474356572575,2.119852466401208
CARD9,98.48241082780082,1.7716799235914479e-10,5.157020776437313e-12
HCG22,3.6010044185748247,8.342360140968161,1.551443773681315
FAM180A,8.672662202898716e-11,16.904711661608058,0.024135998249139555
FHL2,0.08756693135190019,13.760403333048046,11.978209148991128
EFNA5,6.006774650349157e-10,16.299244796127397,7.694970604006772
CCR1,102.16156629805408,0.052670341083103,1.666796000101464e-06
LAMP5,0.009986479449791471,13.61997337805913,18.852930059482713
SEMA3E,4.096821690549881,7.550677828614553,21.899473666002965
CD247,22.620740277573667,9.689387158250131,2.6400611708568504e-06
MYLK,5.181697759810376,6.486059737369774e-06,39.35102072911165
LOC100505702,101.13307405589393,0.7423947584041406,4.199591747549682e-11
NPY1R,8.963322738273423,13.57463365876905,0.06027665511086862
VSNL1,0.00521589025392583,8.48567679525272,9.03668692001369
PCDHGA4,1.1012268144524018e-12,22.263797161039953,3.803002412471338
KLRC4-KLRK1,6.781850748741246e-14,0.3950347502140795,14.847330921203106
FGFR3,1.1747141409508477e-15,15.301352674392612,1.2128233441339803e-15
TRAF3IP3,78.38161443593334,0.9089750919931113,1.9943869969653706e-14
CD96,21.71066864133921,10.196649753798157,9.715718725370641e-08
APOBEC3G,81.0835897386029,10.16358330835801,8.629348848885186e-09
GGTA1P,98.1306118143778,0.0003650256451713665,6.289007581717129e-11
ZNF560,1.8364479563894192e-16,0.00014243832250750277,24.027246496141288
LOC654433,12.1761950360442,18.35724670315544,9.779553930856423
LINC00645,7.10926404626448e-18,6.238724536300396,8.775852967795542
TBC1D10C,27.728789147012424,8.096968173254227,4.500034493633872e-15
CISH,37.54390294206176,17.412346638639537,9.350600256194313e-07
PCDHA2,0.03717710893863922,7.557845968955011,23.84776821961158
PIK3C2B,0.008502264120729044,6.086827293364249,29.505568426037307
NPTX2,1.3029215075032002e-12,18.738061660250512,5.53877591386567
SPOCK2,10.609002001353836,25.50602386258201,3.747339282888636e-11
SDS,38.868525633210176,7.9160099717460755,1.5949932869619332e-09
MSTN,4.207180907103447,9.614343062398554,11.676036374584962
ARHGAP30,94.80492728302083,5.427704215534997,0.970499434624663
HOXC9,5.4222102533612205e-12,2.0976935954444858e-05,35.29147793027492
PRMT8,1.3485258965927027e-18,5.163147952332536,9.33918408930453
HSPA7,87.43834497043704,4.890464151312157e-07,4.4370059545355e-12
GULP1,3.675901976297129e-17,13.15683054855997,16.816112817214705
DPP4,0.02905007694432874,18.84774632356148,6.613565381859828e-06
PALD1,99.53657384836347,1.6638644789464774,3.31766548341606
ZNF280B,0.0027017517239299386,21.233489223661934,9.601802716046313
HMHA1,91.93942478200731,6.923474875194316,0.08491281215469301
CD84,100.38190267082894,1.7595900218500669,0.8040200770030136
SELENBP1,25.631545325507336,14.467268040442749,7.809705448145228
GZMB,18.139845612540814,8.069748023662322,8.182977009632001e-15
RGS18,87.29517903550556,4.850853998080086e-13,0.3547165242261524
EPHA3,7.814060908171177e-08,19.525695851241,0.6266896131070857
ZNF536,7.593407271672252,2.732725842890864,32.99229109889597
GIMAP6,81.33924502277107,0.01859280182476196,4.6478425932274544e-14
CNPY1,12.782245203361656,0.001878004551241353,26.543082899959018
SPON1,4.181867586686196,16.010979871659238,11.170057607568411
ARHGAP27,92.67519283813584,0.0009578460579882808,8.206287943060447e-08
NOV,6.194491886729469e-13,16.477910308661567,11.277325465760653
PDGFD,4.182742820405536e-13,26.275129480079666,1.0005388946768149e-14
STEAP1B,1.0143624373108918e-13,7.298995168716266,15.74714947813228
LOC100507346,7.126146256209393e-16,6.421571273403235,9.455196275927007
LAMB1,1.9300479415980338,25.365930007283968,4.744502888877994
STAT6,74.7525220083665,10.283192910650932,0.008637198103417535
ARHGAP24,89.60607559207568,1.071926246122403,0.15177071947431717
ARHGAP25,81.62981573581298,10.256264174620908,0.1037691428596322
PLXNA4,18.924013171753064,1.3030792089377654,22.376791386517763
SLC29A3,88.28503151368697,0.01892268681303792,8.924453704561289
LINC00599,8.582816018786133,1.8926519286940056e-11,36.04543381632688
IL1RN,57.323455308848885,4.3840173509924945e-08,10.988050857264305
PLA2G5,0.007274523237632833,26.65309878922273,5.862927632079005e-15
FES,92.78424458191935,3.7029367790299803,0.4620159989912414
GCHFR,41.239048315347986,9.908246453357854,6.8844721236071855
SLC24A2,9.444504379495706,0.40858982773816194,31.9144167349806
F11R,24.473684639966677,8.903852741276564,15.48225233761097
ART3,8.864315673231456,16.132157457764738,4.620417471287871
SCIMP,89.11208757494612,0.0708863255519554,4.2304115719234945e-07
ABCC3,36.13736929144014,17.756336219983673,7.009584796710352e-14
CXCL12,85.60636416650998,1.450437271341885e-10,1.7413623068872595
NMU,0.11894666459047534,3.6610277585038484e-08,32.52542285304743
TCEA3,2.0721916133659812,12.795047679745354,8.364346137180432
TPPP,0.6599046101275312,7.25028204398455e-09,38.87383195901118
GBP3,16.317526574517746,21.563999392792585,3.023754835786128e-14
DOK3,90.17773864907329,0.9449292347241213,1.9739228747319315
TNFSF10,78.75266883371437,2.6143712190991404,1.503753863533509e-11
PLCD1,9.401268580227768,24.956695062244936,5.657558090214049
DLX2,17.67872669904645,1.497687617397311,21.55718394807717
VAT1L,13.169388526807015,9.400357502381834,14.548865149441726
KYNU,91.30917833203988,0.287750632828713,1.0134295859915768e-05
LCP2,84.74616007561269,3.0027988536697685,1.461948135985933e-11
LECT1,3.8339395296404e-14,9.519446448178897,16.990668915239876
LOC643669,16.430807277853216,2.937569645893649,36.219005941149284
OAS2,65.17549278800388,7.55879301197628,6.310484946051831e-12
KITLG,23.16616474030951,10.128645241191084,25.601946960862282
SLC16A14,1.2959294099490275e-12,6.352599377969565,38.56911117138749
RNF166,83.4524851303262,7.236973398732069,5.767970278500331
CMTM5,10.397359249745072,0.12840391407497947,41.960340583516754
ARRDC2,42.48874299756893,5.114588651764291,20.30769177393287
MILR1,84.89836676933977,1.0053615968150102,2.3169558679423843
TSPAN15,29.53329279571622,0.0005502222174999539,39.242965019168786
SLC44A5,1.1262602298688954e-12,6.606427045969003,23.012545137052353
C10orf90,0.8987516190967259,3.551854449946021,25.50027270161323
PCDHB11,10.705102823758196,7.143811263031999,20.974451277961535
CDK18,7.49986909816526,5.046860954011117,35.59246963441045
CXorf57,0.5407522362175693,0.010483339516663907,46.26644451928397
USP46,8.908484854807437,5.978782073259271,35.44873424225718
PREX2,3.0899697025240284e-06,22.64736806617078,1.580470113282124
SLFN5,36.27042443240736,11.793627592438817,0.0034599344277887615
GRM3,7.108212786398107,0.00032299515398739284,27.784803975456875
GRIK1,4.059543113140903e-13,22.300221403942086,7.067803831323795
ADCY7,86.99739787228145,1.7629810551750604,6.5252073621128215
BMPR1B,9.40739320676695e-08,28.383010089026254,0.0006157993330275554
EGFL8,0.0014236290740030123,19.05597544749557,5.296776698514592
NLRP3,80.95576150263439,0.08108921983319421,5.657939646038023
LPPR4,5.51887417148241,23.61519055119046,5.763048655634136
MKNK2,19.195916071375944,26.67523124399939,3.261257416923294
GPR37,9.662668552211384,13.386166316438665,26.03185693366513
KCNIP2,4.257806865425368e-06,8.2450648170704,26.640278647062686
NUAK2,18.055394781490012,11.594942993121855,20.11845199561084
NTNG1,0.5105434111153869,13.402270242799212,13.300408529278657
LTBP1,1.9282625009431837e-11,18.36628313518685,8.613184230692116
CDC42EP2,2.3411378417235507,0.00035810877812419994,31.747641455072184
ETV6,24.4918557704937,19.622983256347933,8.178438259225116
TNFSF13B,82.60079611455846,4.969875600437632,0.2813018395532927
CLVS1,11.487623316997722,10.57590245528453,16.272591551420625
NKX2-5,7.629751621882269,12.179070283048468,16.029897130802556
TMEM154,52.86248159926564,19.275833154257867,4.056969207616854e-09
SEMA4D,57.14038326005776,0.4493318707461472,27.95870599255276
IGFLR1,87.28467783818364,12.865900000202558,1.3620241326790354
COL28A1,0.012869639556575437,21.940415631178954,0.0049735586610074305
PPP1R1C,8.52815036860187,23.0081682347882,3.1760110191752036
NUDT14,62.77206439420548,6.547736405110338,18.132060950310887
SEL1L3,12.257992852490837,6.1705038931070675,19.17819978718974
C2orf27A,1.9936111676968957e-06,6.429267107327105e-05,32.69163552221357
ERO1L,39.85038999103002,21.027901050603116,7.266691655291333
GALNT15,13.90853492626306,13.439480075539041,6.973619925263331
IGSF3,0.5682014577080665,24.120135897983396,15.412020658945499
NMT2,9.063042423881338,9.032948078169625,32.153009877737354
TTTY15,23.811183487883525,9.573963645742936,29.835905123183405
AFAP1L1,7.040007339139487,27.420961086960215,0.9253480330854594
SLC6A1,3.267074049469622,17.2340281380393,25.395570108130155
IL10,66.74335348997049,3.203524602000111,18.794821396210907
CLSTN3,0.8461101012644201,20.867533315831306,19.500195578101117
IFIT1,20.484765559366817,19.136855378549235,12.140684334410508
DCC,0.00021995681153064945,7.448035260335488,35.214365125024266
PCDHGC5,2.1340093177626367e-06,21.3075003082704,18.60701934519162
LRRTM4,0.1278596657729249,8.697638815479966,22.761521660006775
PCDHGA12,8.904008176813656,12.587720275410605,15.37489322011061
PAQR8,16.34013836324993,6.1535147002632975,35.35952128080936
TMC6,68.44959222921631,0.1236106722112097,18.79255309412082
ACTA2,15.447519198609262,17.484199502716308,12.608368797865891
DDX25,3.1467065867429347e-09,9.014691097029266,31.587495163027526
LOC254559,0.947172976823687,8.163801281898726,38.60150207622101
MSI1,0.031281704606647524,25.368248221865823,8.107006547693107
PPFIA2,8.385274642202019,0.11537218923368192,38.68382342602755
RNF144A,3.17881204098164e-05,0.6878000564789283,44.92862449534829
TNFRSF11B,25.381747890842007,14.742813024998947,14.306476448240968
ARSJ,0.5508478291297686,28.659237162832085,5.096894949924932e-08
ENPP6,4.957202482301893,2.559850948314468,29.827791876743554
GPR137B,13.071445642418524,18.42777867981834,18.150740798709776
VRK2,55.159625808223495,5.873987072253843,16.390523009124582
AMPH,1.8030878863559878,4.5089805341954765,39.01119734419974
PSMD6-AS2,39.69842667273235,19.85219987039534,6.673436687859744
DOK1,77.89232315922604,12.61303878938539,8.723237802309722
SLC25A18,13.167749489298595,27.821034076629516,3.93986633708989
PRDM1,53.66818653008583,14.760456344177069,7.246268287274573e-05
RDH10,14.732060796495006,25.500309575261525,0.0010322011534297248
CAMK2B,9.994887739618015,21.71130388931629,0.5454375201078906
LOC100505715,1.2050867102993472e-09,23.9820865219465,12.132497532960757
PCDHB14,4.196828799253806,18.74291774692123,15.757541792328562
AZGP1,24.123687576059723,14.288729516215403,13.483458831581265
TOX,13.604617604341309,15.040690997594389,17.27354551352008
DND1,13.545124029200833,24.427871663670526,12.770153489749438
FGFR1,2.7411425957078862e-08,28.30092989065173,12.33975557010418
VSIG10,10.906004143303075,23.142368704454416,8.260407090360815
CHN2,33.20015796983032,1.5862376599689738,31.338843207955936
ST8SIA5,6.500473011118365,11.358030624444677,25.517176244257097
NAAA,78.38524439294125,8.163398726127356,6.183897854603965
LIME1,27.832628965439614,22.3029661718978,8.631908873616235
LOC644656,11.712447388002252,20.571084400018734,7.941212181311295
TMEM169,6.624680488140044,5.771915959119381,41.89617763523683
COL4A1,2.283436227371019e-12,29.296003363818716,0.0006884693064591783
PYROXD1,16.387650919289463,18.47386619851247,18.646523441490213
CASP7,25.123982861067624,24.761574000842515,9.442102339207382
FAR2,49.64437294631471,19.425169231486894,11.382593770870272
LOC100505738,7.800799809545318,22.108921927513826,18.741093083333492
XAB2,1.607293067699359e-05,27.3557498299511,8.672760067116632
GUCY1B3,1.5319382398585073,2.4399240903211097,33.94816476168192
LOC100216479,5.407039444373369,8.417836100727579,35.20823337996082
NKX2-2,0.24691576427429998,5.498648166973992,35.51608407326271
GSTT2B,21.738987591280992,11.874023714103291,26.841246801105306
MIR155HG,42.699168869788664,15.563567399691426,6.148190682052444
DAAM1,5.807005183823306,17.819355305324354,27.188648810132975
NRP2,21.949048879131375,23.35260273828848,0.7627949211495041
POLR2J2,11.245046077368638,14.781425560267841,16.204502861306093
MND1,1.2099706676278477e-08,14.618786229395997,29.627930011146734
FAM198B,33.677914755352596,16.06855277933123,3.6421106021393976
EMP2,10.155472214492052,17.369872240661486,15.332664920409012
ADAM19,7.590753379595973e-12,27.667898627682472,0.28547470997048535
ENTPD1,77.17770387234602,8.738078314510242,8.491780478090845
TPCN1,63.6585805510824,20.968330425900305,4.806787146980723
SLC16A4,0.3888488487155211,27.43257994907061,0.5454680541357558
TCTN2,2.5798394669982434,26.598962271215893,11.11146322838758
FLRT3,1.0325095105390862,26.293504120591482,14.098846433333513
LOC202181,10.904908172735913,11.17065218462755,26.017734514963003
PGAM2,3.571318174569582,22.90905265635188,14.51893371421505
SLC24A6,70.45847926310174,14.935567777641433,1.6567560877264393
NRSN1,1.0723207097628105,5.696589426488414,38.55163050793005
LRRK2,7.184410133929727,10.186741194634516,34.59386201266091
TCF19,0.41189759125900777,15.98906076998033,26.835673312602093
TGIF2,16.273205410885335,25.370743279409638,4.279619095035696
ABHD14B,54.97448067588164,25.86987417975023,0.9515975341426848
RHPN2,4.06332637232312,29.128306291871343,0.882116111432262
CHAF1B,0.0001845574907249753,18.53777999150864,29.11387067373221
NLRC5,31.96651660397998,20.050776575510522,0.25603085145801596
LMO2,28.33071833845243,22.95072860381929,0.00017671053000445244
BUB1B,1.6318548873192289e-06,14.539697459847279,31.013242558199266
THBS2,0.10798576729396869,20.648258719417786,22.92571953328791
DNAJC6,11.1378400307906,1.2354185946545841,39.82250624600268
IL17RD,0.8550195430103622,16.948875359708936,14.49486299521432
EAF2,69.8641333937059,13.520911412344377,5.382168185617143
RAD51,4.4262462254999233e-13,11.725172473826865,29.56538785473697
SLC37A2,78.60135906883309,10.769875576649962,15.777058976642172
ACTN2,0.04452281677987763,20.45574969999429,19.54517056933869
GDAP1L1,11.074343126590467,5.553875453314042,37.817952260243985
DCLK1,1.5489956377716443,22.440044116783554,16.27747838640506
TRIQK,38.080305329152765,11.442722647426827,25.210335134656688
PRR24,10.65263154648487,29.799960529422115,1.289676119828965
PAK1,70.58039943174278,6.899223026718634,17.696502524011603
TLE3,32.61767453816636,14.370824444022118,20.79768183336705
GNAO1,2.338442300352276,5.331732683505802,41.47546387056656
LOC645166,7.357500501891295,21.10785270517158,19.094697764585288
NIPAL3,23.246973220217928,14.58290460685718,26.331582870096312
ADCYAP1R1,7.2851750278209766e-09,26.587149208993402,17.87250032643777
TMEM2,15.946871645789324,15.530464022398197,17.467585387195204
GMPR,1.99839313936304,22.382148250931447,8.753670427216436
PRUNE2,7.820970305375396,21.179181366412827,16.277869967673585
TGFB2,7.309772657535272e-05,30.849987147602384,0.9135479836701789
DENND6B,3.567250735351487,22.45112023168962,9.60073526794707
ANKRD37,24.634084585751467,18.670097274665338,20.129423518941937
C1orf114,1.5614514767546646,12.106982018809862,25.724010440339896
OSBPL3,32.3645743350094,24.868557172241758,0.028508944887693812
SYNDIG1,40.43269409143894,0.18172599187034574,38.44318221970258
FAS,40.97814667991586,23.235264173876878,1.5274063728991811
RALGDS,13.560681166416343,9.672469374839896,40.937582718256266
SMAP2,62.27080186133729,9.731449416975634,14.923367493138985
BTN3A3,24.362517922566944,21.96767209382405,6.34658389021162
CTH,7.011726490009647,25.83714842840097,10.043816319380277
CEBPD,40.87997295063889,22.63139929468506,0.04425073769293052
TMCC3,36.24089774038722,10.099594829651634,15.987950264214689
CCNYL1,7.903069535854067,25.975475336438798,11.112701398441299
SLC35F2,23.60251320455591,16.715781616739857,11.929480444747545
ECHDC2,22.43234073754249,28.29165476732681,0.0044113180110566105
MIR22HG,52.06316924143249,16.669812059729672,9.705875963008438
HIF3A,14.93047742210109,20.734558449301236,8.775045548589084
SIRPA,55.30032127652635,21.232627298678548,3.7524876142068035
FLJ46906,3.6023806920228982,28.70212662187261,3.7565954187650994
GAS7,13.284620088875828,21.45576784308392,15.335886148352945
DGKA,62.83075159492513,16.474284156042522,11.191335982305292
SNORD10,24.73250540382571,15.677674898796294,22.72523914326588
TFDP1,3.1237032894141854,17.30656499282326,30.964377503928414
LRRC34,0.0028282163460196918,19.809763940424194,20.38420416861702
WDR76,0.027466640825828816,15.312381705563725,34.64828802956424
PATZ1,4.464563060192683,18.41772395064005,15.058333110990516
TIAM1,28.012217639816864,21.04476602722385,7.985922178262137
CLOCK,17.496965693806825,8.740766949402056,25.404243895331938
OLFM2,0.046613333829597564,20.718832729518624,16.744900356060807
DNAJB5,1.7507476051948436,13.716776865316838,36.41860976107869
SH3BP4,6.8325319919420675,10.530196474063967,34.409170022480914
FAM118A,28.862202988936037,9.256236059121555,33.88671959659788
ELMOD1,5.900792795477634,25.60304278276862,10.280390644655116
NOL4,9.139434367440777e-05,8.707399053654273,34.40756071083665
ITSN2,71.63750852570156,13.794103822068246,15.499008027354153
VANGL2,2.129920107649272e-09,12.677201817266676,37.025567769697396
FGF14-AS2,2.1855725907692888e-10,17.76061563127424,20.250901843651732
LOC730101,0.4401081959688158,13.860389930764002,26.78959218712289
C12orf75,29.321910002420893,17.58510814668644,12.067270447453975
LOC100127983,8.880138286775142e-07,23.757511860092915,14.109252555560989
MTAP,25.828522544279046,8.780544454135098,29.93880323364758
SDSL,47.54402310549615,20.894712891660433,3.7351471454806267
HPCAL1,38.09864810747198,15.102057156311531,25.330019715832208
LDLR,4.994425180812183,23.50494098956327,7.692443343300287
FNTB,21.712775169993293,13.910601765006637,32.37764112501032
TCN2,28.274659531054187,19.378720257418,5.704821338484916
ILDR2,9.103327270481186e-13,23.691163075338704,23.406242484225615
FAM218A,17.447139860307406,11.953352131816532,29.72270214910065
NETO2,4.835853836032198,16.247125584196525,27.0258474918189
RAP1GAP,5.608406492296559e-12,12.240958873951024,32.7536219823415
SRGAP3,10.055919504363814,12.957421217891936,38.07006286182046
KNTC1,4.43579712106106,17.849165045648007,26.392982997167074
SERPINB8,40.41082027034332,19.21090346314927,18.44848705007535
PINLYP,12.85523396233894,30.817608690107306,5.432623262213097
PEX5,0.7254787084741855,15.642559423634575,20.45463758488711
DBNDD1,0.2328245883044973,14.776647007084227,23.56720360394603
ZNF790-AS1,8.508790067724249,11.335463807482677,26.220432455076406
NME5,4.335202448522969e-07,25.780322541466358,6.007081213700893
CBWD6,23.460527121581386,19.120570339844267,19.468362589296923
MEIS3,4.954960091336307,11.324414288953538,28.539152807412243
TROAP,1.2694229965511417e-12,18.396219507723117,26.434287309735957
PION,46.13448507372913,19.208735529413925,5.198288619216034
CORO2B,4.628695806954018e-07,24.42472315211065,21.228127101392687
ABLIM1,8.295587437085086e-08,30.94314954145093,11.844873587516398
GINS1,9.782558812720187e-07,18.58135800113269,28.70507792088412
CYP3A5,8.688092294928628,12.281586832872891,25.61391901228375
DESI2,9.433236741402192,26.20565601574989,13.224169149483078
CDC6,4.41937512849077e-06,16.33826843852455,30.350763330174082
MSANTD3-TMEFF1,5.828848790575253,8.797939569546104,33.56757828628376
GPR75,5.347415859890528,23.287715908845573,9.332401718900163
TRIM16,2.11129658056613,16.587930733576677,22.398760092601847
SGK3,54.71637659305688,3.118560260041026,26.26479880068182
ZDHHC12,45.016704317338935,18.461978256135396,17.35326105665456
PCDH17,0.0015669729940121205,19.051232989629916,31.337738504291526
ZNF724P,0.007066453340448878,16.485883475260355,33.41414632580205
OSCP1,4.93983107047672,28.730279732541426,15.095261089486874
AKAP6,8.365171067184642,13.841211469803206,22.61334577856832
PFKFB4,18.10263931712941,22.20633559232572,12.30821961406423
SGOL1,0.015511438586504145,12.678148830444878,37.41439951166942
TRIM59,5.498607348124028,7.238748702034032,34.37209258915568
TMEM116,1.4822724553527102,24.208253263697163,20.89127978721528
ZFHX4,5.590409963212098,23.761642041622338,13.928893733628811
EFR3B,10.982033771530928,22.741944595349388,18.827662464203048
NCOR2,9.181078881406737,21.01253638923759,25.513578640094583
SLC8A1,47.489455596643324,16.097082959626434,10.008910924406512
LOC654342,0.013342464342594867,20.042277938861446,15.746785827721034
C11orf71,11.505406215767628,20.913912884012163,24.883635574892185
ZNF454,1.1627812857571391,14.204649518647186,32.13805471600079
SFR1,18.9816853456803,9.968491409649229,32.99849058057427
SPAG5,0.0014727605678682444,16.70702287705171,31.98282914568225
PDE4D,9.340257830027026,14.691778412325327,28.627802121315575
MORN4,1.8761734027465393,20.062231863647504,28.762724683546022
RND1,4.834865044071332,12.799803039063931,29.02086989971481
ZNF180,0.05093388403970689,23.44256189258416,23.073572586494393
SPDYE1,24.44218552911706,21.12882737871748,20.010663385541733
KIAA0922,13.755309344805541,15.010635254551113,31.004735052451128
FARP2,7.633212586152443,18.823981739108458,29.474413353837132
C5orf56,26.11253428034301,20.362084582500298,11.795119215589498
LAMA5,0.00024915762050912673,27.592704491181394,8.75877856455109
GAS2L3,1.397517702645493,20.088611933886998,17.53390449320188
MOV10,25.94199220953948,26.851657902402263,1.412116971125112
NSFP1,14.593295290043224,19.7554420761816,17.60760416955701
GALM,43.366349110892266,22.49941058459766,6.549954556169627
CDC42EP3,18.09839986414801,17.724390904926942,17.47205467384138
ACSS2,11.093909838207466,25.69178861657941,19.253020319189318
B3GAT1,3.7294725885567064,13.079607569052449,36.81756104388843
ELOVL4,4.411372739104145,12.52813634363215,32.830563207752164
AADAT,0.010171103294146201,12.883081561530528,32.764074252747264
OSBPL5,2.4616123696428143,24.884903889022315,19.847706092020506
RAB7L1,48.65025058853769,27.194922677519894,5.122532541340057
ACP6,10.058081035782084,27.36956005792061,8.1249822148265
RAP2A,25.747238546283576,8.475108816160759,33.13891599336734
KDELC1,0.7346124649573561,19.430453536831,17.48726828604618
N4BP2L1,45.10002181624564,17.734667178735126,5.471518637091182
TDRKH,6.734687105940659,13.696382348949292,31.806459552535742
GORAB,6.546169177363839,28.960621268150845,16.401867520791345
HSD11B1L,1.9209008007251511,17.799849105797204,26.62714303754051
ZNF610,7.6841167361592015,13.275013344476355,26.69182369820336
MDM1,17.01223328980043,22.27471105050436,23.804354111861905
LRP10,26.78070882421971,30.182392631588478,0.8222073546379244
GLS,57.71787022448431,17.631431135658506,13.443044105951376
LOC729013,16.66325361002391,22.768730564170216,18.439295652557835
CPNE2,12.419202841338212,28.392891662128104,14.96020728448143
SMAD9,10.875527603858758,12.793160029249421,25.562634461408255
ZHX3,4.267814855635886,31.56785982096461,11.804550209651575
PKP4,7.14713585029038,10.866095667926938,28.900682502320002
FKBP1AP1,13.603676174715064,27.699035866153448,11.07973373937413
SNORA67,25.74912367279081,13.764924463498488,33.81337185803945
SFXN5,9.070161154519662,29.71398327312984,5.139315709666844
COQ10A,6.750469232291346,27.286049399799694,17.673438193287858
ZNF501,5.404674915749472,20.63275417924922,30.186346953790768
ZNF662,1.4077483120393541,24.440331729006616,18.674035823508518
DCHS1,0.02890973728969752,19.234671170872566,30.0011641083864
FAM210B,15.676527006154776,19.207300220997297,19.46252012066054
IRF7,50.09185711859847,19.14829765171865,5.524125730228589
KAT6B,5.51244987599079,12.527711187717793,29.621525567304044
KIAA1524,0.7320977548950717,14.573595226108518,28.69013955753217
MPV17L,19.74916504276137,24.78739045457718,11.999620903990348
KIF23,7.394207498242416e-07,15.756660713703523,24.485934656691725
MIR5047,49.63569006795086,18.093582929148678,12.674881056081817
GUSBP9,14.164812411020735,12.220360083122461,33.85434519328381
SMC2,0.5021975847021097,15.766685547630772,35.501389676982
NEK2,0.04441167714047955,14.270536438516345,34.32992963607565
EPB41L4A,6.520617998961427,18.739662396337398,30.932023523008155
SETBP1,4.151490886016535,15.757367594006562,24.26868906034183
APBA3,2.4541573192890795,27.885996864112627,11.701561720913928
CCDC77,8.554542652283208,19.119040467544185,20.714284436576495
RANBP2,47.40958252489458,12.42910277228391,21.579883555147607
ZNF714,6.4005881480414235,19.431448473511885,26.205665139041418
DBF4,0.7734094370566802,16.687606147909552,38.25283698803444
ZFP112,0.0002618847476251998,22.669061943645637,25.487071633110272
ZNF343,0.6566243590578537,24.348803629184946,18.416368293024846
SNHG9,12.324961083007906,27.12783522645966,9.26471062937819
KLF12,2.7127125814475517,14.35865904269167,33.58819191276564
ZNF10,15.303950843226703,10.835512321984197,27.325555068579163
MIPEP,9.151954053689868,23.489825769908055,9.342194692305869
SLC4A7,59.32358401813579,16.653047840499188,16.669450110067576
AFAP1,8.00878653925421,17.302950733531564,31.564088428333868
LETM1,17.789532212584152,25.1589947491179,16.806925676903727
KRBA2,6.610969639221376,18.94585299638464,29.23205746821243
MXD3,0.9682163128271477,14.910207885264894,27.986088791942134
C5orf54,9.692260873518212,17.284750889640545,31.90070565486133
GGA2,57.23531801948583,11.822757877636292,17.31272733289446
PABPC1L,12.06717331644799,23.77268884392587,7.644754852928562
FAM57A,9.28979515432062e-05,22.878268662851127,21.09243011956451
TNS1,17.166682639622632,20.63686869417186,21.125889784115966
C15orf41,10.600160654025546,12.888902414125345,35.01291971217876
LYSMD1,9.487098798652806,23.55691856165219,22.930051654619074
PKI55,0.9010813551169096,14.190538254547677,39.9934663146676
NSUN6,22.95276503665749,16.46215613452464,31.949471620966435
RGL1,6.436813890332855,21.34648388670262,25.28109698336607
ZNF519,3.383534758343689,11.274803260575554,35.92246693841995
MFSD3,15.463971937059185,20.74508086459741,24.815884173566314
NIN,13.461422082267179,13.99785498458891,33.96419658195692
SMPDL3A,49.88833495759181,15.54922916793688,14.832131922259547
EFR3A,39.99497051013734,22.25780956221003,3.338192702185507
LOC400657,13.13974419984564,19.394815318111288,26.747732699486708
HYI,10.35999695126814,20.95494010649196,25.471072227168364
PTPRJ,56.95050732854371,17.166340733590356,19.557981951416846
TAPT1-AS1,14.020717316980372,19.76976412052046,26.995997005635463
FOXO1,19.035555866919143,21.465167808574122,10.138312343465778
SLC25A20,14.863701889615022,18.537481093172325,30.73897337182112
C4orf33,36.76881760752267,12.855566449297639,30.774307791226644
LRP12,14.354243135634979,14.234675929381217,32.5343255776707
FARP1,0.4275462747631469,17.474847778369192,21.571575091042405
SALL1,3.3407417842375438,23.418270084443154,25.814951094740213
SLC2A6,14.300322379723818,11.485614839446333,34.83492962780397
CASD1,19.714839088035497,10.779705741443522,26.747381450611428
ZNF660,2.6706527105316655,15.459105036107173,31.839033810354824
ZNF569,4.238303441630641,22.14477255348775,26.789344611411643
CSRNP2,11.738388911214429,21.560839332549428,18.336904175477507
TMEM183A,3.640180140572201,17.881704614715982,31.025262446420953
RPL22L1,17.300590296036606,23.10899476043933,19.191283125905024
PAPOLG,42.924410683898586,8.755178425143248,22.867024769339196
DTNBP1,7.060328355973388,19.643580779909623,31.365545982446708
LYST,35.92478379681086,20.43346461863835,10.134163555609405
HARBI1,14.365521459354929,17.75230215528932,28.509430264486337
DUS4L,8.912906676650532,16.960693112641067,31.862606414239323
TST,20.456423271678666,17.22951459908682,15.996636017017348
LIMD1,10.600089880952323,17.266344140647213,27.164532950560652
GOLGA3,15.127891088080514,28.04828251103931,14.204114428688548
SYT17,7.045073871182625,23.02750790087701,15.235889171922684
ZNF37BP,1.8311103957371444,18.74345957031729,25.009698817845294
FANCA,0.10099081140509614,14.002718395279192,31.871543978153724
ZNF468,26.288629847337646,22.030756139707663,17.30864032450692
RAPGEF2,1.4136141748448126,15.655195929607155,27.628726170730296
KPNA5,9.19700140791194,15.110373008258257,36.450968177338886
DKFZP434I0714,9.20660161291354,24.10274343360309,24.815083026617277
AGTPBP1,24.560118968095793,6.762569694505445,32.59176579424185
CCDC117,20.12499315250146,17.382644202878566,26.05604371543234
CCSER2,15.75512799357021,18.241244532868773,31.92991394554147
PARG,7.743126918609137,17.31944280317999,30.19892362036711
NAPEPLD,10.585206406880006,19.037224259660817,27.354660179602305
BUB1,0.0007457374116072124,14.747535867169214,27.590795107370525
PCDH10,3.7503074144599296e-08,22.179307438596826,22.15724111686863
RPS6KA2,12.756547449245675,21.108113649236735,12.544918027531116
NDE1,5.529034268592343,22.04314508869447,26.522664036412028
TACC1,60.1942027192654,15.646583761525669,18.327840755921283
ZNF841,11.363642162519536,23.479326802169545,15.44248621193643
IFT74,14.15411794821321,20.054734084634827,23.57606416020317
PTPRG-AS1,11.37612236809139,17.317290203149398,28.085056440579024
CD27-AS1,13.224126162881722,15.607369371529552,24.384748103784407
CLIP1,23.481261103290013,25.87476642792139,17.860894341388548
PBX3,29.087619203437892,13.433638700898685,24.037150494255968
LOC595101,46.324712413037474,24.171804513986295,11.062639077992099
PARP3,19.835878844110788,26.282240756055486,13.784680673049055
LINC00526,7.844880209246318,20.54761075445398,16.515929341608032
HSPBAP1,55.65840023691573,17.18343827603121,16.519021280601812
ZNF620,7.659044172333464,14.424876012265447,35.08767473621106
FAM63A,9.57882858696622,14.538056390000978,31.133721582841414
DLG1,5.090794699122816,20.48563419673935,22.984764980702444
EIF4EBP3,45.898105698154545,20.513397976286576,6.89350578999294
SLC39A11,30.855862981911432,17.52701810431254,13.321773952734915
PTPN13,2.244953504204274,25.491020257579017,22.279267488265216
ING2,10.345138261531257,17.67441600190192,32.72208473744677
ZNF37A,8.386978102415817,19.367168941641605,28.583259777340547
TPRA1,16.98347911116651,25.169525669343688,6.889295193870125
ZNF772,5.956563919654821,27.1799572355419,16.604688455387663
FAM185A,30.545569366494014,18.1747205182236,24.521660865786323
ZMAT3,11.804748093376855,22.532857994624727,22.088826406816093
RIC8B,10.8880161954992,20.041188033127938,29.124488838033088
ZNF737,11.781634487504554,14.125975175546994,33.53579500522714
LMBRD2,16.405851320380666,20.89905983856913,25.755109855291277
PVR,0.14688897723827032,25.00593938595974,18.399216464606376
LPIN2,38.25344979572326,22.327705800882793,8.807084508185557
KPTN,3.932540803914429,22.447536499540607,18.206760862985565
LINC00623,18.633285160825352,16.92244410509888,17.60930316219024
CCDC159,27.44759724603581,27.276843574516246,14.394758759113595
GINS3,0.08347224056633384,13.007492372907535,30.94002592057925
SLC36A4,21.48740793837683,18.941690447971517,28.961579364130262
ARHGAP35,0.3124928868383779,17.770499408364337,29.279675305376514
RNFT2,3.6102639575952717,12.887667100646656,33.050862449505274
ACY1,40.23725703607188,20.03758603808033,19.61113424459325
SETD9,11.978371721400174,20.190454112497203,19.42511324574358
ZNF221,0.4367384948234623,18.844880339180055,26.47784284047852
GOLPH3L,22.663356572506235,25.92897998682513,11.953055469506515
ITPK1,19.970522785906528,20.755620837874584,26.41375599170476
FUZ,6.7268889014102236,28.564468006578903,18.710190121946262
DSCC1,1.2133477455114796,15.623108422078731,30.550552317813327
PRMT10,36.79084210077383,17.406234668484114,21.918866699367708
RPP25L,8.00951402725266,27.40054064867515,18.124832425842126
PTK7,0.16172773067206936,25.49201729237088,20.6040080437559
BTD,32.44078736688585,15.263016097968888,17.479301095092943
ZNF771,3.610280595658756,26.686652464897985,17.24191823992152
PI4KAP2,8.823473167467212,20.862036010167706,29.017170011938934
NPIPL3,46.78517587549304,24.589421754090512,10.878565271520204
PABPC4,50.41621090565408,19.311649055576325,19.358430240874455
SUV39H2,5.801692897411237,16.837283507345155,32.06590262135507
KIF18B,2.443962748691611,15.097847791932425,28.878112398050128
GTPBP8,2.8429507691595797,19.362692719761874,26.391661690955114
AURKA,7.217820459176823,19.787608032826963,23.062109786294236
TP53INP1,27.008774272342567,17.892683663332377,26.28355804808197
USP21,2.1519636287306434,20.35829282520413,27.876979902756094
DARS2,7.948246337610745,20.634371761476,25.251265675157107
ARL5B,13.992516410832925,15.71200784226546,31.86859097038655
HERC3,47.98951598719612,12.333423662320557,24.95320300679473
LRIG1,16.21549857239433,27.928915059652578,16.331836564791807
RCC1,0.647565240686604,21.519224936923074,28.71110582873943
SNORA63,13.617027778827575,16.858554487707927,24.60184509811688
CDCA4,4.242245269117111,21.12929979927014,31.788535511374178
C1orf51,0.020364843077852187,21.395897879634834,22.025470799900198
TIPARP,21.92527879822234,23.411634297756653,14.979529917331307
LRRC37A2,21.85129527383716,17.60574933320435,23.147397090121935
CHKB,39.84504925544455,18.12531884243497,14.421741586624972
ICK,8.616198748736135,14.271084593163856,36.94570224727252
C20orf196,12.061593412377574,19.13518791251761,20.26184285365527
WDR19,7.292139064830799,21.823954184910793,14.409362934362598
GSTZ1,12.074681716328126,20.50912181782798,19.55664584241384
DHRS1,45.07435517199132,24.23678297847647,13.333202885928936
LMNB2,0.027110630484774127,21.52561729572709,31.141634595773905
PFN1P2,25.287620551914223,16.568763532004215,28.83828454000994
CCDC41,11.689023845874777,24.17427417500856,21.526172144714174
POMZP3,2.9161741282354616,14.560225350134722,28.885939255356885
GUSBP11,21.055431587668387,17.858573897533795,28.66413294504339
AKT2,8.498562703886254,29.98313908005972,8.695856336187502
ZBTB26,16.295015156830864,18.701461317956706,26.376247509977908
GMDS,20.967289057819524,22.24180550383736,14.164593101756044
IFI27L1,2.472701483813487,24.14588838835404,16.22343248088358
LINC00265,9.444956335961978,22.407757080304144,28.621297784164074
AHCYL2,5.969178031586957,25.919066773233673,13.615468486164364
C20orf96,13.272562905642557,22.717195658476236,13.116959636942015
RNF115,4.1417077087626355,22.742551583719244,26.8246940188113
TMEM67,3.5110004830474595,26.599671310869272,8.959886932120472
C7,6.526707659515727e-17,5.416917389450624,1.0245193644871395e-16
SIT1,11.907331392812033,3.4855143636335586,7.192932458519622e-14
ITK,9.354812461299865,5.123407166548022,7.964077975928384e-15
PTGER2,7.171180554180146,4.923970927210851,4.872137174244625e-09
CRTAC1,1.8398745388490815e-13,6.067675067834875,1.5855255490010387
POU4F1,1.6291797844595366,1.0055246050674439e-14,9.977154324556603
CMKLR1,42.2509625641852,2.3530932594195345e-10,1.7222507382068814e-11
CHRNA6,32.73215034734208,2.4721619358766487e-17,3.1081497834814794e-19
EDN3,0.0013980472784876883,3.40099338393893,0.1483561881343031
IGFBP6,2.784541447877553,6.463224971836629,1.582112514667113
PIK3AP1,42.70432067867948,2.4671148612959125e-08,0.06185561248089371
ALPK2,2.0864685748898175,3.74988418428676,0.7267946747820848
LOC158434,1.371961275549208e-17,2.6778939807808664,2.794731009747403
PYHIN1,18.36194107057666,2.376395288300857,6.659739609243848e-15
CDH7,1.2211007514460681e-14,5.635792812403834,1.7876894277540746e-09
SLC13A5,1.640977567383869e-17,6.480714830256841,2.066617787565122e-09
FAM19A1,0.513485865771481,3.832846791558312,7.113273225821265
FST,0.3193918921300169,2.681486225957132,5.840340907546086
TRPM2,42.65556051416411,6.245018402791025e-09,2.19529654346685e-11
CCR5,27.429856319043118,3.000118293392416,1.4234350286143721e-12
GJB2,3.7205279607067117,6.6176426374877515,1.7837627652581336
ZNF676,3.19844900093999,1.0898835133498668e-11,8.680017360240281
C19orf38,39.411235980642104,5.052094047016441e-11,2.3548765342652744e-12
KIT,33.70683092706409,7.043980379591866e-13,4.669080949709036
DPEP2,38.03453167327709,7.258008566815997e-13,9.542908286257168e-14
SIGLEC5,35.43068359739776,2.4929610782465405e-15,7.568757471849346e-15
PTPN22,26.300702823678034,2.9248290966496664,3.258311563504945e-14
COL14A1,2.470198014400855e-16,5.215005411569329,1.562449168628775e-13
HSD11B1,6.237234537378287,1.2652965533312845,10.088734120341647
PCDHA6,1.0145629477520091e-08,1.9637420280677884,11.196684794824618
ANKRD22,39.10197962867249,1.0708653923601241e-12,0.00016840691753772723
ZNF98,4.853811545068055e-15,0.012561113729928346,7.898485155864501
CTSW,32.52262989218374,2.8155339527341424e-13,2.64866452976545e-11
E2F7,1.0581576031628706e-11,4.861549498067668,7.458612457330797
NKAIN2,1.3218351561691657,2.852109822375432e-12,15.418950286500577
ADAMTSL1,2.6430968168966493,4.617378136658383,2.33027171832454
FGF20,32.62780695184096,2.2707086026461707e-14,1.3271103752332908e-16
KCNIP4-IT1,8.524608920361651e-16,8.083012451644119e-10,13.562480081976252
SCGN,0.7729126434265299,8.429546996417565e-11,10.590263057271237
IKZF1,32.00479973177462,0.9402591583455195,1.1705932595022792e-13
DENND1C,32.59772989637617,1.3618516361572746,4.3456515721594825e-14
HHIP-AS1,2.4857024774146295e-12,3.7855339479804067,9.707856057485222
FAM19A3,6.168916279968572,5.211451837262709,2.2627040832925555e-15
AATK,0.0006020664269979129,2.7036595907705073e-09,16.25649015745465
NXPH4,3.046287439055642e-13,5.331548651534053,1.2072458256400648e-13
LRFN5,8.98615430006565e-19,2.219321826338137,5.117018778498291
MMP9,3.6289712729594505,3.8915281607941212,1.7930806232805865e-05
GAS2,4.193616619885534,2.9932214240273503,9.664215430678919
ABCA13,4.341427515707545e-15,0.9407827480305253,4.993320532612191
SH3GL3,8.734750234967449e-10,1.114417114233997e-13,14.888432537660186
ICAM2,33.90247716433939,1.2432327197021955,1.2257884408337478
CLDN1,33.50534541008532,1.8770738037830008,1.34676123610822e-05
ICOS,17.03577402544536,1.7122304709145744,1.0701832306892598
DMRT2,3.045983099413517e-11,3.446742290681124e-06,9.523593657448323
IP6K3,9.773333565604661e-08,0.427262198859034,13.359891853745438
CASP10,37.758584694575,0.6840560928891622,7.080366103403741e-08
FAM179A,1.7140545079664816e-13,4.605315413038325,5.855487852096039e-16
RYR3,4.69317913015159,8.8730444062556,0.2294601513406914
CASS4,39.54145210215398,0.07564322513715496,0.26250682517583174
S100A12,29.951004497144094,0.00032339799073058926,0.7498683310343683
PRSS12,6.618444406580841,3.4032141001426925,8.777215058307275
KCNE1L,1.9162855604347099e-10,4.689134185667314,8.629543786706654
ARL11,37.559223895577915,0.6168435861713659,0.07424983864981904
RUNX2,31.567604264589068,3.0760060464503374,1.8037863924305337e-10
COX7A1,1.2963733593561213e-12,5.938596741398004,0.008434387688976669
PIK3CG,35.14126801611263,1.0688170076202445e-06,1.4573072393007506e-13
FAM157B,35.87732057277203,7.875178264463129e-13,9.373539451889402e-10
MAP7,1.0716289840026154,0.2760515018390157,15.315763453963301
ZMAT4,0.21022333438851373,8.252594172879018,2.4341613848871164
C15orf48,17.45720570127322,1.452511809165603,5.335335020230254
ENTPD2,8.654136179731197e-14,5.106474687675278,0.7826991987187918
EYS,0.7992268568212754,0.5421876455822273,8.9228746660903
CSF2RB,36.20431271869177,1.317231579437557e-13,4.15846160379919e-12
CRYM,4.976192174925563e-15,5.5957552441327945,1.282180898771183e-12
COL5A1,0.0015721367086028602,7.5590701173487584,1.0458107158906474e-12
NEUROD4,2.4354172960739684e-12,2.110844266167999,6.109805562267518
ZNF683,1.812425325380678,3.438965920605381,1.1225695996825578e-17
ITPKA,1.6401858427403607e-15,2.5800824367379693,5.980452353777397
CD93,38.18638190737106,2.0503697441578126e-05,0.02020104010791127
SNORA58,5.368862655783469,6.790456906435733,3.2481611133554407
LOC389906,3.568537979536198e-15,7.638103361063813e-10,9.95827674088097
ALDH1L1-AS2,3.3048817015701234e-06,11.56236674170039,2.999365526068249e-08
LILRB2,37.474726829340234,3.8672625250884906e-05,1.5721202703026466e-10
AK5,0.08660706916627951,1.285682579859451e-11,13.916107497262994
WDFY4,34.19766468654865,1.3171195010181911e-13,4.3077397369002224e-13
CECR7,1.1648815829416596e-13,3.4791007201194493,10.179286449879744
C10orf107,5.984442567632703e-13,4.224201961410838,7.394195980861366
LOC401074,3.170223843650393e-14,0.0017670384814207937,13.537704344081243
SLC6A15,0.8859375204058292,2.353410504883472e-11,10.550825068231521
PTPN5,0.27080743550709846,2.7647441026588626,12.271744315061216
GNA15,37.87502331874125,0.3838870167113059,7.074960449608555e-05
CALB2,7.645948360850099,2.5477230048475727e-11,8.023805461397062
CLVS2,3.055010466015459,3.2704497481942907,11.057041648519682
VTRNA1-1,31.99935383486144,0.00012323224311335836,7.056390012660437e-13
NPY2R,1.4265804287929502e-05,8.033577268685617,1.1845560323017695e-15
DAAM2,0.756502722463683,0.0008384056883871152,13.021002862109729
CHODL,1.0989826520943194e-10,5.71859531581562,3.163150721127059
IL6,12.69157247628571,5.835234952591888,1.7117107546702002e-09
NR2F2,0.03395634957454462,8.874500286311735,4.766462561781681
LINC00473,5.4494038586587815e-16,6.522990720580651,5.537327776827575e-14
APCDD1L-AS1,1.0424989452155908e-13,7.44549967523898,2.9101948986376797e-13
PRR5,11.144046397836942,5.348196827558474,2.3690172132028717
RMRP,25.805442471396812,5.212875304927926,0.5301265720762472
FPR2,26.640840190034815,1.2076336588527855e-08,2.1477544341953254
SLC4A10,2.4861736364578997,2.6639684770447483,9.457409464670267
ENPP5,9.962279582981612,0.999352907013745,9.718894739878163
LOC440896,0.2742659988237038,5.166188723008456,7.346507880352548
SH3GL2,7.537844015748939,3.353197473404243e-07,12.000134042839772
TTC9B,3.7659496796623855,2.6325095633506943,10.158647656396276
FAM19A2,0.8192740662425595,1.5249262541470374e-09,12.125269059892236
MMP17,1.748377578679983,3.286455222543738,6.8490552470243244
KIRREL3,1.9935797581360057,1.0580206547898212,13.202899023501274
ZNF600,11.03954107088265,9.943858981533376,0.0010988405897827745
CD180,34.78147207345541,0.03260459321590277,1.3642555897689702e-11
SLC30A3,1.9770732845352936e-13,9.491925573804054e-12,10.901992838282986
LINC00654,0.9951383602015333,4.3184676052817315,9.780338014915253
IL1A,27.991841694602144,0.0031384836655305487,3.8755242177465385
CA3,2.6097430087742562e-11,7.077128348796738,5.2951489323546355
PTPRM,4.577563731068302,7.028778039147809,3.5263876753306707
TAC4,1.8819723297926874,2.94058163255788,2.908080512425103
PCDHB6,7.963516305721348,7.549805459020968,3.134376156626276
GALR1,1.7796077008770856,7.461615898128102,2.742235185183971
SEC14L5,0.0007296034596573076,9.908859099132217e-13,12.439098470627696
RET,2.6052537238376243,6.2183083997787545,0.21955719505864899
SLC2A9,34.43116917939099,0.16783612838537046,3.0727039219307106
STX11,32.82855772497664,0.33806444887950327,3.0411025642055947
LIPG,0.0008157998086155343,8.419989252959065,1.6066642771507898e-06
PRKCDBP,1.4535585194788496,6.133251184938103,2.928222882573819
OTUD1,29.442688797090664,0.5379618641913352,3.2985503150789235
MYO1G,29.302679331543064,1.961270104950927,0.001225519688530113
FOSL1,8.474560374072608,10.90399970904101,0.03223249210707843
TMEFF1,2.0331351844207695,3.6897862753913005e-05,18.805467104743393
HSPB2,0.003920396966535453,6.037653759424468,1.4159631626087594
PERP,4.852936094057823,4.932367486166818,5.552088567754558
DAB1,3.665661879162614e-06,1.8715265563172476,9.81065726990713
HILS1,6.159011534965296e-15,3.870461712475795,11.316561207925895
LPPR5,0.0006249490483583189,6.366749668090653,7.71941438931273
ANGPT1,0.6728260654783182,7.02047630624918,4.810610403940866
KLHL35,10.344613634010924,2.14892752916369e-11,10.920589350035815
NDNF,7.610290401242035e-15,4.658521390902588,4.194761834215369
C7orf29,0.13630316035946016,2.5165037068053895,7.128720761158426
GBP5,17.465185337352384,4.319245406551989,0.0005916314847288539
LAYN,1.2178651737271289,0.5657525736225092,17.708814970720788
RGS4,2.698491154868367,7.068988220194719,0.08604181435833613
C1orf151-NBL1,2.8407680665208503,4.524317044298374,4.787634365155881
DPP10,9.585388859611312e-17,1.5007648196317134,9.282893175899618
DEPTOR,31.440358656698738,1.7370721166904388,5.898074188769994
GRIN2B,0.006406056297551,2.56955007286041,7.953603251232579
TNFAIP2,33.325271431633674,1.4080928171525515,0.0015134678599766213
NAV2-AS5,0.0006401216149408682,7.401698385613724,8.777770503559665
UNC5C,1.0710876763124251e-07,6.589394603815935,7.407010936733465
RPRM,1.2478024997151398,5.230888586898909e-06,12.121903940311276
CADPS,6.0064108006890775,4.449867597951794,5.661988547577767
TPK1,33.12113457228991,3.6034352968250984,2.4166797536886544
ADAM8,23.347352348768048,1.170457307940632,2.67833490486029
OASL,13.115573606642869,7.171550610144683,3.293123112010003e-05
PIK3CD,32.01525689411395,3.047093249746271,1.7304107547022607
KLHL6,30.200792793227436,1.271286989991095,2.7108626334334835
GMIP,34.26574330958511,1.9922576561966399,5.97120201297345
DSG2,0.001382125843972691,2.9429199941336774,8.246408028355038
H2AFJ,6.455020092814557,9.430407907162929,3.5533616735767346
OTX1,0.5260098311202328,9.267690653712203,0.3480095585073802
LOC284260,3.0343297357376366,6.3181565965172055,8.43074037046144
LOC100505865,7.363212003238267,3.8112212965725543,8.132584370094868
GRAMD1C,1.6043426485769818,10.492722648472585,2.181507892761709
LDB3,0.13059043827312736,1.5704019462601334e-10,13.098760900596421
HECW1,1.9537542712716691,6.905671832576216e-06,14.780346074993941
LACC1,20.033443557702128,1.8399246289071637e-05,13.421509216277451
WNT16,0.012470381743390123,5.660852015639697,4.379556980156792
PRKCQ,2.42592494471385,2.883190523434573,9.11016246694774
TMCC2,4.973385367433268,0.0014887503208095914,18.08583182046571
SHISA7,2.875566760356886,0.00038560205384086994,15.257813640542153
KCNJ8,1.3749813489135025e-11,8.525200142390837,3.364907332808186
SLCO1A2,1.45750493946012,0.23268125854437952,13.0059670551677
MCTP1,16.887723499956422,9.16600627648284,0.7401669476483251
LDLRAP1,11.644823262399258,1.4852319622612016,11.6722654823217
EFNA4,17.610215972035945,7.865124768162701,2.5366737882306376
MAB21L1,1.1481569963044116,10.945123742035422,1.8237864764649845
NR1D1,4.981263757209669,10.95353603100492,1.1846056355984986
BRE-AS1,27.97790732552862,1.41475561169749,4.495361889935042
KIF19,1.4063582301301454,1.1155199316105304,10.335293226912684
NAALAD2,2.9914861135079565,0.2061853840385182,14.1655188562673
STARD4,18.338464532932925,5.80927668432583,6.31077182171552
MARC2,1.4256344809767616,11.822732394004717,1.8171640406867986
GPC6,4.1671561864005525e-05,4.813504509778036,12.933224584866393
LOC338817,1.431493677549257,7.998266854589359,4.877354058378802
IGF1,33.170558299209695,1.1851647252853894,1.4062645646447138
NMNAT2,2.4642968118080764,7.855483927473519e-09,13.584312196379914
BMP2,4.259065604346671e-12,9.032862584347713,3.3646234905187087
CHRNA7,3.531745258104033,5.231550888134855,9.619788105910391
RPE65,4.4220626642725315e-12,7.4359817963871455,2.389051355054555
LOC646903,6.975059163842099,0.02372729445377327,12.518124707091424
HPSE,33.61334584378539,1.2628180604951302,4.8660427850541295
JAKMIP1,1.9525919198897244,2.962193051187334,11.702687118818416
FSTL3,1.806778762992192,8.736650539019763,2.7307123189668134
RAC3,1.9568010471815482e-13,5.424480855733656,11.72865293764645
NINL,0.0004299674565598224,5.340836019879489,12.265821604255567
CDCP1,32.40344269055982,1.970585469631869,2.073624132114547
HIST1H4J,3.3797273215384065,7.000017573837414,9.543720660428782
AMPD3,29.998484402479324,0.1421416559624933,6.464625750036546
FZD7,2.690091105592618e-07,13.073626565320138,6.295705499970977e-06
ACCS,29.513351415792926,4.399252774670652,0.018331412690629125
KATNAL2,0.6347240306682912,7.138241171388479,6.127391054357965
PTPDC1,3.735679480066481,4.904527405784725,11.382110052972648
SPATA17,1.799722736065211e-11,7.7198348111362325,4.8110892273368355
ZSCAN12P1,1.5185713095340938,4.9676410358145695,12.893095162136698
ULBP3,8.72949757260658e-14,4.026809462886726,7.799451487959877
TNXB,2.5567516134705777,9.476410402916017,2.14651313035771e-06
FBXW4P1,1.9925443454094265,7.577832198471282,0.8777892513348141
CSMD3,0.5987183976580154,2.6578297171592524,10.595656415650504
MIR4440,1.7084547567361434,5.318257869189876,7.479349081932202
CDKN2B-AS1,5.15086235826696,1.5847479049543245,12.969710947583359
MEX3B,2.279021329720523,2.9069173920163067e-05,16.353325440127485
AURKC,1.3198341525459216e-11,2.2471894200705904,11.183398517039912
ITGA3,3.9142943408685653,10.885288195661515,0.000458621330302539
PCDH7,1.4474595530939347,3.557496335699353,9.495521634268455
NTN4,5.704305104050362,0.009979351939038279,12.119559875939956
IGSF10,7.193068187938604,9.601671136571241,0.003216395246750416
VLDLR,0.022335398635401803,7.026253423120216,8.57905469641539
LYPD5,1.556110026324799,0.029972621387348592,13.431815273929962
FAM110A,12.075757541098511,3.2270819772191603,12.507876506582187
LOC100270746,2.641024447976287e-07,6.474167301340148,4.508488941886171
LOC441666,0.007071206477599087,4.857096301569449,12.380852969188206
METRNL,25.936163012672832,5.433557213925147,5.267919898872998
FAM24B,11.087498516040494,4.4166511232760906,11.555880848310998
AKAP2,10.555213167935955,10.983742030742802,0.21467944374688275
RAMP3,8.652439573093737,4.245050085544612,5.656146139204208
STON1,7.669781976310479e-06,8.294574451842863,2.5472146535981186
FCHO1,16.96211643199816,0.29680535312119743,9.972231440930095
GSG1L,9.051860595558013,10.950640206616074,2.1904485515116168
FAM198A,0.31974855396542456,1.430764301711004,12.794652036156688
PIP5K1B,5.526984700440021,4.246127548211114,6.163652984351387
MT1L,10.978812030034707,7.554899579612874,0.5424762106284374
SPSB1,2.461427806605423,7.412376816191458,1.8049520365045382
JUP,14.41694038068303,2.1013107373180784,14.245835083573288
KIAA1324L,10.058158822050283,2.437702274740425,7.907579187257381
NUDT7,8.978755184669172,5.639232956414127,9.420727272390522
ADSSL1,5.401344445695185,7.566480483535836,0.9727317488891828
SEZ6L2,11.352678173600792,6.141065841032266,7.395986214956564
DGAT1,1.4284395285969314,8.489060175122635,3.7734741085040495
SNX32,0.0006944054749471517,4.876757516752257,13.763168474582523
ATHL1,24.027302852172866,7.889998043144059,0.009645306349768758
C8orf56,2.7127826685542137e-07,9.17073266527183,0.0338633338365053
MYO5C,1.5790605942383531e-13,9.485126746862642,3.2648026992386785
ADAM12,1.1450999760235078e-08,11.479445757072655,2.3553348521369153
CKMT1A,1.363437565968456,1.4166093561645713e-05,13.701525636965346
SLC7A11,5.898883958518561,9.584354796757852,1.6198873818832367
ASPHD1,5.997240768569337,8.040412979712615,4.620689555061423
CRISPLD2,2.217989773279557,6.553807382915157,4.149122094364448
PIFO,4.5560399330179774e-05,9.749569145832366,1.1430653995165232
IKBKE,27.835491918878894,4.625294195277599,2.305603063033492
KRT18,0.027870050925349107,4.987806015875198,7.41283920765309
C9orf131,1.0279058635983946,4.338767439883054,12.68207963275249
TEX9,0.2739981311641347,9.259303569856868,7.365354533058671
TMEM158,0.0027101799224727237,11.060846056465799,0.627162782228697
ARHGAP20,5.0859790277663475,8.651893498976147,4.974626908274649
PRKCQ-AS1,3.3675426126320227,2.6540404139113485,9.724812744079435
SCN2A,2.7916036539285023,4.098527971914935,12.580476919130621
FLNB,2.5968074090454265,7.1543758637186805,7.006352885915142
ZDBF2,4.118493939350118,3.852995127185943,10.823325597094476
C15orf52,22.405589709242186,6.912828630069563,2.725671681232781
ASXL3,7.774720597604556e-09,1.7658514225295312,15.082755767257371
NR2E1,3.861016815965992e-12,10.667340491518468,0.007428292931596451
LRGUK,4.935394640321138,3.942798882793938,8.301195224158187
CELF3,3.6742021696748166,3.097586472443156e-05,14.189337599080917
EPHB3,2.525398482214501e-07,8.222321869155907,9.969358296298104
LOC100499183,2.129354788399737,10.97487864642602,3.6211138186626033
RNASEL,18.57285096823334,5.632020103237759,8.228502511461752
LOC284998,4.869147094516258,2.1863509561854135,11.786258873404927
HCG4B,0.30750477377476304,6.67617863900719,4.895662211116064
KCNH8,4.061410687998791,1.2554077124754216e-09,15.992760492701597
MAEL,0.00011958913866089605,8.398911116390156,3.7276167215225153
SLC25A45,22.958748339905263,6.641748021899764,1.8115418557424545
FLVCR1-AS1,16.454247640263542,4.127665184423472,9.435231476249834
DHX58,19.297849135013614,7.283786592747296,1.7734272162148304e-09
ZNF214,0.030605974793292263,5.747189507889789,8.65258920254549
IGSF21,16.730726156260925,0.4380927775510103,12.896540994920276
SSPN,14.974831172382752,9.901991085085125,1.8149974424888446
P2RY11,31.304798664586308,5.913135053760476,3.273118606974807
APOBEC3A,30.366235692644793,3.590540126828593,6.826319050102597
SIM2,7.079791988227311,1.653850267800107,13.543737067128621
PARD6G-AS1,3.078735943006841e-05,7.300225385888883,11.095336587879858
SNX33,4.8556852041770155e-06,9.032660322883487,5.105325586260503
C9orf116,0.001651930665344904,10.837038129834886,2.6092052869947993
IGDCC4,0.17510439567583058,12.139835521824416,3.719044865704736
ARHGAP22,25.15507174055763,0.6946522994382307,6.675092481324943
TAF10,1.630991005870183,10.251325817278577,6.064282582703976
HP07349,1.7741480459787955,9.994430087764224,1.447953267145868
GLB1L2,2.3142023418147947e-12,4.045049052149953,10.49889986313843
MYCL1,15.689151204456405,2.457249593405679,10.468211187055926
IFITM10,10.378315226379833,1.337838685197751,11.047085007332958
HIST1H4K,12.257349249238612,5.835007309323091,7.849255425920172
SCARNA9,14.51538230304097,5.713164322815049,4.432298895649303
LOC145474,11.204628629620439,8.217865759787701,5.334788645737045
PTX3,4.22240887777627,10.323211825940659,0.019376671241252773
PER3,9.344775032923495,8.783910546054258,4.949010726064482
ITPRIPL1,1.3252411707137877,8.16789888813042,8.677058668041107
TTC7A,28.711161498431498,3.866138424049554,5.538858655525319
CITED2,11.368781303202255,8.7339905078765,3.5424271932046314
RHBDF1,2.0567266251958264e-05,11.753156704676183,0.4145975139213387
VAV3,5.570461878026542,10.482117214335249,1.1154897776843036
LOC554206,10.440541785103239,8.749636702410347,2.930001951998398
KIAA1755,4.517385817103969,2.604144712106454,14.049577960419976
ZBTB8B,0.4244918502696258,4.441579006474959,14.631085326331979
TRIM56,9.127288235353934,10.751471538611248,2.538350413036133
PPDPF,2.4069001352310915,11.84160863414642,4.342653232087707
FAM47E,2.3390958551093046,11.403335706686242,4.799184487471063
EFTUD1P1,2.178392099269499,8.345998052392435,9.162609152942238
SMTN,0.22363096362628834,5.343605247298528,12.632574703208675
EML2,3.6907384332271076,4.490592240528608,12.265368476588348
HAVCR1P1,0.29701450132777885,7.594825012622691,11.483552953504306
PDE6B,9.564765025523801,4.074499261502539,10.77341867960277
LOC100507424,6.792704830809509,5.8844996224490025,7.816586809683239
ARSG,14.374889428899493,8.252289461222919,2.6303036810783245
DKFZP686I15217,0.10679414487359054,10.15803752381265,5.770877776804383
NOS1AP,5.687332575181455e-09,8.075241365538997,9.812383571397726
MIR597,2.946992360832239,9.138193745146435,4.939550091789363
SCARNA2,5.760662370262708,9.089031986481235,3.925491293797308
ZFHX3,22.65123712797427,7.216212847329635,5.475003815166253
ADCY1,0.07147836230077825,5.325170367103313,9.503570393582237
CDCA2,0.009551920663893192,6.398072955669201,13.682661413822798
BTBD8,10.30652636088749,2.1582650809882855,11.987603698991224
NUDT8,7.471779163593047,8.131697990883993,6.3600992344262375
AMZ1,4.487207599717643,3.5493290335917016,12.824231662336448
KCTD1,8.151775956562138e-09,7.936151179337024,10.145543121416688
LOC81691,0.6543490788181432,3.881856486529907,13.99695127549151
IQGAP2,6.606634002108075,8.513171280960405,1.8638704084158615
HLA-F-AS1,6.352059911485666,6.529326641553974,4.6907621648813524
KCNMA1,10.54849645007472,8.688489750537961,3.7881572588334347
SMAD7,25.10207089231975,4.276496874900474,4.6747732234802415
DIAPH3,2.1472590844612312e-07,5.462865222711461,13.877357105001307
SAMD9,19.703577362960964,7.5192510869354505,2.9045031435207624
TTC30A,0.0007126227257887495,10.752935861957376,6.910186395450757
EPB41L1,0.3974237748326546,3.8048762058503662,15.743101034550868
LOC283683,4.014613857665316,5.111348317309992,11.668230373177176
FGFBP3,1.0982354870859395e-13,7.465956592439797,5.630146096772422
PPP1R18,25.650947307512535,7.121705514646141,2.756015821727511
LOC729737,25.818451923543844,2.928814407281838,5.953596813122943
C19orf73,0.7774337315038683,8.917170652966572,8.924015267945034
ATP10D,16.7146973405757,10.173591018345485,2.254485232166588
PCDHGA6,1.3181226014059582,7.354639870275905,5.73024002227514
RELL2,6.003158922445226,5.729386867338118,10.392328965020592
LOC728024,3.4845649474489063e-10,8.500927468282564,8.082051298672784
GHRLOS,21.69254641037981,9.159769145431536,3.0836332751594577
LOC100527964,4.2696426391008595,5.169913681264002,12.192452596784705
SLC24A3,2.54735626164044e-07,6.367926955879565,8.659765468057588
ZNF681,4.10973972105281,3.9219099782302216,15.480077608733467
GFOD1,6.527078798516571,4.517504054403052,10.740546786484474
BATF3,9.351047626866974,10.125177042675558,0.5388730823214253
MAST4,2.3370027669235163,8.837044860214016,5.109750985857829
ADAM23,8.00854394789054e-12,4.151601519810423,12.763777803159131
NFATC1,14.901432486909163,6.331531039401405,4.510785372944423
PLCB1,0.563736771410449,5.664655540779484,10.175399743567052
CRABP2,1.4757103827779525,7.990523290389315,5.389516739823454
VAX2,1.2338787601277017,4.38607548804013,14.785786310924403
MYBL2,3.165941761573977e-13,7.772382627525276,7.93124734300369
CTRL,8.535189491886817,7.850440732681802,3.713233036241609
PIEZO1,18.28188868587772,10.739681076038481,1.158727597856741
TMEM57,5.3161907615475235,3.8364973770019586,14.24663317477447
PDIA5,2.4149262281640986,9.584655429302002,4.9486437106799945
LRRC1,7.096189048754612,7.261462325332029,10.004189288712475
MTMR9LP,6.987249493768395,5.936929589161261,10.978950254157244
SGIP1,6.525865088073905,3.3994543299690183,10.0054011050404
FABP3,10.51287693316732,7.231438020339851,7.798053318764941
LOC100630918,7.187373123351438,8.049170581497568,7.492941957037331
DNM3OS,2.1559310688504887,1.6757461646236633,15.866971761770646
SNORA6,2.8591918203013202,3.216324877828994,11.819385808174893
ZNF230,0.13172697822550244,8.975398636786407,10.124498373479385
ABCD2,3.387291914590416,9.648478993760792,3.6898056458047312
CTIF,0.07369707150027033,4.31407216472163,15.262480417104847
ZNF204P,1.6080722453700507,6.085838738628632,9.411005092554628
PEX11G,15.206659660318957,9.22924540218535,3.357798614897407
ZNF641,19.948529341559496,7.839286555394893,5.77651324057506
SAMD14,1.2744302200254214,4.94624061782919,10.843554893789225
RASSF8,8.584268344068683,11.29917917455935,3.4880638161195727
DDX60L,23.116888098475172,5.825377394958753,3.9810684094223756
GPR176,1.0946614509482722e-11,8.94026962231581,8.535198614269973
MITF,22.53663454080445,3.5181932003513117,7.513651472718596
CERS6,10.235925553081175,4.090744139785518,13.246906353324487
C1orf53,3.9902644326187047,11.940518240702907,4.661445233390516
TRIM46,0.9546963161604959,3.1865442826295705,13.48351111271102
KIAA1244,2.1070904760935143,1.9448677905323197,15.148707340837975
C7orf10,0.2137961059296454,9.974403018537258,7.758020717979916
KIF16B,23.250387466022435,7.957622733575627,2.929872190875329
ZNF485,8.78422533519218,4.915276506774241,12.063872395512206
MAP6D1,5.928880704171914,4.572994832930757,13.147136820636959
ARHGEF4,0.05703631394506108,8.20704492468757,5.701036984639916
MIR181A2HG,0.2233700431777271,5.42046689011765,9.46352042890592
C6orf147,2.2530058650637574,4.973389881073819,13.701007039851701
C17orf51,0.12131824599127629,7.32346921618975,13.081460752695472
FAM45B,2.694734018519064,5.754298045524191,9.125143106687883
STEAP2,6.05819635890231,7.322290501672041,5.9692025460048885
CHRD,1.2722099478364439e-05,8.224879105414999,6.178753768787382
PCDHB19P,5.962673663898918,4.199128359374546,11.515953771830455
MALT1,13.959202452817447,5.77661407288907,6.4880309554328575
PTCHD2,4.900198485658913,3.5041517550064945,12.232497996623142
PARD3,2.7873471588401446e-05,9.69524834769049,6.2358378582636265
LOC100126784,0.08583278799792045,8.779309386442772,5.137815170464222
SFXN2,21.343050611671167,6.21888628713396,6.924993927346672
ZNF365,1.1842439657525377,5.168248244333553,11.547078184515106
FUT11,5.814026982099893,9.044481675569859,8.765504272740811
TMEM133,1.4607185530943423e-11,5.793654543449689,9.351029694052125
ITPKC,4.8909514897476205,10.723540728788088,0.4924461838733204
RASAL2,11.044023713132342,3.528120252019481,10.54874909814899
ZNF425,0.7503997664903217,8.557870545082238,11.18571887641752
EID3,2.3282634141302885,9.642865693823598,7.4338915486173125
LOC100270804,7.295857148658501,8.417317211560892,3.132199318326966
HEBP2,1.7447274470287546,11.632863444386441,5.60726915099726
HMMR,1.9164786140327617,4.519087382284463,10.78532980679389
NLGN2,8.484306398800451e-12,6.296502200890181,12.814976163894515
ORAI3,18.104249942916454,9.449022969887775,4.010054949354718
NAALADL2,0.018874881656270905,10.826136960232446,2.7634621169292184
WDR81,24.51458559877371,7.861444497225168,3.776160873957914
GFRA2,1.1434625272420738e-22,27.068132534600586,2.7727160878782e-16
LOC650226,2.1082815266702077e-19,1.554173314313838e-10,29.882647863046657
PDGFRB,2.9120855904424035e-17,30.727175434934825,2.754300007177004e-19
ST6GALNAC5,0.0650459691445476,21.772918790618462,1.2131614992013822
PTPN7,26.984985310035047,28.637549275027467,1.8120056785468855e-15
SLPI,45.91025928291645,22.001829702307912,0.5911639915916816
COL3A1,2.6284032123878843e-23,24.177926151184742,1.2611308180310595e-25
KLRB1,36.742988091949066,19.211796518985405,5.205820255617374e-16
TLR1,203.19876673065602,1.9888122691771447e-11,7.604127443334004e-09
ALOX5,212.78072069954996,1.0025519852891963e-09,2.6216402039242937e-12
PARVG,216.8901474121158,0.011272056946764641,8.281740018584497e-12
LINC00260,0.00013279005987915608,1.275141545911369e-05,49.0052278806635
NOS2,1.7884524870220178e-12,44.92783687226916,0.0003360634613455215
CYBA,221.4313891446184,0.05321840488864809,0.1547399019285362
MYBPC1,0.00012274917683089518,18.39698711345014,0.9311779399745848
TAGLN,11.396418461333822,38.25594202366714,2.0397186723421815e-09
COL21A1,1.0300556310051918e-18,22.682936860114186,5.627323020042036e-18
DTX3,6.443885555426408,0.009028458209197988,54.58257566908917
KCND2,1.0784143401045561e-11,0.29010201616359677,66.83521586151652
GRB10,4.317470205180445e-11,16.17807283779807,53.24278723696599
ABI3,190.79565864118632,7.588637763060111e-08,8.702241132720602e-13
S100A8,191.82086734700997,4.075056548765299e-06,2.394509644520998e-10
MACROD1,3.378665781332471e-18,23.89324281153691,4.221769861607296e-15
CHD5,3.86306195187123e-22,20.88466775878175,6.736853121805253e-23
ADAP2,185.61226008955686,5.707322365766188e-13,7.761506071124072e-13
TPM2,0.93922920430146,49.12750428558818,1.939811191376295
KCNAB2,11.118947856785217,28.934133194923163,8.956748626286615e-10
ANKRD20A1,5.419023372792771e-14,15.564913405659972,42.361790399100194
LCK,36.21130278927898,15.440786630707652,9.330815087972121e-17
PCDH15,5.6791672075451086e-14,7.546590959039121e-11,78.05677838333237
GMFG,175.77276357366236,5.36946377178821,1.366288958670816e-13
LPAR5,179.9561034472618,5.485207052649846e-13,1.9017552780955355e-13
BCAS1,29.585672551882585,2.276425715112957e-11,56.92742017624232
SLC7A5,21.6227587261176,36.57681711651911,2.549199718872812
LGR6,2.636103749810653e-16,28.58484278511015,3.5040977884380335e-17
TREM1,146.33575986168023,13.363590679626185,3.061824071192283e-08
INS-IGF2,1.9403087518403928e-31,19.829614324154836,3.637925433115465e-29
LILRA2,165.09645579716488,1.0811152930257714e-13,5.593439072846797e-14
HCP5,88.9209549823858,21.96597152577136,4.395257410995225
TMEM173,182.65012736223446,0.11638103887023454,2.067386526066437e-12
DLX6,32.112687605717014,2.654892181846047e-13,53.81133807127288
GPD1,23.551384878394526,0.5814124840273773,71.46525815504947
CALCRL,2.5757195848183767,15.173402643147487,63.66678566541185
LY96,196.72380895592227,5.618015786442301,2.750910321007621e-06
C1orf54,143.9252797501969,32.89993019072273,2.777208383824144e-12
FCGR2B,175.34158944117962,1.849961391892838e-07,2.7393723313559335e-06
CA8,72.31328543530425,1.883584842091697,41.11893238469271
SERPINB1,193.66049691132753,9.254403164561223,14.609798736308289
ABCA2,2.7420644442772604,2.538859611439138,76.13618358303735
SEZ6,17.856255752353363,10.249328565245307,62.341657872006856
SMOC1,2.848501580248733e-12,1.936798637951919e-08,82.4320558266177
LPXN,186.7098785151521,11.165032018613411,1.8693401661487956
HLA-DOA,166.9189054015843,6.819567176267918e-13,3.4594410632425883e-13
GIMAP2,172.15120908953318,19.101665303493782,0.06829393180816504
NEUROD1,1.4671445229363335e-11,30.322667558534665,24.60505765957697
DYNC1I1,34.99675328191366,1.0525051351864639e-11,66.31542796416495
BOC,5.798579842952604e-06,42.57964253873925,2.6075650437868156
RIN2,89.31403314810896,30.747547088190974,12.420459423804108
CD300A,186.14202575066557,0.1753895585743926,5.362886876389411e-11
LGALS9,184.9107927277495,0.9448003223268808,1.8635952087985943e-10
IL10RA,186.0785947477231,1.4768103878891292,6.709608266042243e-11
KLRC4,6.39182682958709e-08,0.796487329607416,43.34107291827586
MFNG,93.49913649626923,14.081996604455728,41.44736542961736
PPAP2C,5.631346935336235,2.3538186719381885e-09,71.74700403345742
LPCAT2,177.47561787093468,7.851025552656221e-06,6.808402128279402
C21orf119,1.3021902741002078,45.942532531927476,14.885015292617693
SLC11A1,165.6952489118455,0.0008756364519397333,7.33693802770699
REC8,0.15765184058835016,14.685947689818024,68.80304321549659
PTAFR,169.54856164840305,8.841221994294291e-05,0.014678913779450149
ARHGAP15,165.3429718130906,1.4058636855628963,2.1932312548499323e-09
CNIH3,19.99825347271123,49.105204286008686,1.3973662141994786e-05
XAF1,64.45334196859449,50.717433151002616,9.321831527747028e-07
INPP5D,156.5353168304583,5.776552432391731,0.6327128213529507
LRRC17,0.00020896921040930967,13.3868606718278,53.89754696865394
RMST,18.976551679342567,17.257549654304057,34.39565230491877
FOXM1,7.755325217165367e-14,25.12602205998437,31.21752594873688
COL5A2,2.274836980463426e-12,44.34120252055308,2.5830014217642822e-05
PROS1,48.97958154368775,47.546769727601486,0.0002526672145977139
PLA2G15,182.5421224628118,17.815108035826285,12.160135650962678
SLC6A9,6.076119647788736e-11,48.674845652688106,17.39055255246186
CARD16,93.86568956106015,29.75232371213997,6.019832821543557e-15
LOC150568,48.786316264632006,0.6903201073320182,79.06389308848883
BBOX1,2.4771575976058153e-11,54.8570630581115,7.190611702324408e-06
SLC25A37,112.14851029120702,37.10480428301709,1.5865324837735073
ETV4,2.7410130734031407e-10,44.644501718652094,6.644040087551149
EDIL3,3.886091632925187,0.18697146744249343,62.95137605681097
CD55,145.42111836981982,8.13578271761294,21.928891965425727
PDLIM3,0.5623004019503793,43.95206519989586,32.33123499894484
GSTT1,33.482740838164084,38.937102933132124,19.41860007685438
SLC6A6,21.84912545446812,25.533000989181975,18.327109354160932
KIAA1598,65.51612382555824,0.004438113512527879,79.19345761983196
CHGB,17.481851852649147,13.63684777554639,61.70577198126468
KCNIP4,2.9851759896506036,32.42928719672315,34.04876081789995
UBA7,155.4163690478918,11.16256577492318,1.5770696713721659e-09
UPP1,51.68744637175969,42.95839419364405,16.646909395694912
PLEKHA5,5.725891332596933,20.852302274682398,28.81232106406419
ANKS1B,2.760447085309301,1.965403806661498e-09,101.16698263549995
APOL2,53.12652234925602,54.54443890121241,5.0939488827081805
TMEM100,15.904148709404108,6.3641865390857175,71.55598046712197
EGR3,114.62419763874055,5.781340305148285,35.59337735510879
FUCA1,175.70668091600845,20.17530692892077,17.433675399929278
OSMR,14.639970378000703,62.354614703603744,0.5978594841891073
PCDHB5,1.7498616085364895,15.763807415414986,47.609325481246806
CDH13,22.79227094914707,5.7594231729602035,56.47428169256964
MGST2,165.8487847511052,12.519459907329699,0.7107575865425205
TLCD1,2.2868807872655156e-13,38.57362630877624,24.918927396463747
DLGAP1,1.3101910500856073,28.377168954286347,46.133428301747465
HIST2H2AA3,83.16722636471908,35.76420007372745,6.658738379714473
HIST2H2AA4,83.16722636471908,35.76420007372745,6.658738379714473
BTBD17,10.799797091068578,24.413782102159917,62.85727903078787
TRAF4,8.251987480136989e-13,25.796587577560043,67.2096795993283
COL9A3,1.0811827927208269e-13,37.684161865189864,31.461451993750696
SERPING1,44.44754678001474,44.311180877801355,1.316415812507914e-10
NTRK3,1.9289608466676484e-12,26.04733695747294,63.430295658105734
STK17B,115.3391852352116,22.439793141753565,6.299275839010397
ARG2,74.96446333376561,16.327871647181514,53.41458091847075
DPYSL4,7.771769646553729e-05,23.093584851659692,63.21451842873046
PMAIP1,84.48054843616265,17.493015172913214,19.906807249332207
LPAR1,9.627074285822472,25.545981069319954,38.04983503899432
GSTT2,34.744525500756325,30.510346468706075,47.8419249243307
EHD2,0.03498117501640504,54.653630033265266,7.931504164613693e-07
RPSAP58,15.594098520756324,32.43419757915255,50.776951870924265
ICAM1,122.47460335488903,22.11516332102707,1.4400501421304719
SLC39A14,43.17378789008104,59.705359569623084,2.445108983436645
RAD51AP1,0.004108784348397883,23.15372353933309,47.945844694819506
GFPT2,15.698023498433352,42.13895873861539,36.2800193004646
BLVRB,104.2602195449954,51.08839289257875,0.009123023074253164
OLIG2,4.3254194212805235e-13,18.61982557720236,55.255402718150336
PIGQ,5.327031230003855,50.45506111408105,21.917196339930108
KIAA1551,69.94111950892938,38.18431025645081,20.141542064655603
RHOJ,1.925879180352241e-12,61.84212841351853,5.249043044867363
EGLN3,3.315085957897599,41.82307921835877,27.708428594225488
ELF1,143.59126843962773,17.65862442359772,21.65655915442027
ACSS3,5.57948207879612e-12,54.18544825960952,0.3841568107156424
DDB2,44.212700158269335,40.070621432042316,26.75484650794181
SPRY1,0.7347852619987092,62.878222264127494,9.624971285190513
MEF2C,140.63356609141235,6.983770146254553,23.979527813677947
KLRC3,6.873024201895725,17.83367318650509,62.38072246666761
DPYD,117.5239186245009,30.950583813197674,0.8466741489757491
PCDHB16,17.420732142332913,12.64048933815889,66.3337059014477
TMEM178A,1.0599954851664e-11,48.0336211478638,33.76121644028603
TMEM35,0.5100462961878723,0.07128826658073317,85.08400460055395
SLC20A2,6.1499142569447285,55.22968988220212,17.473912457601774
HLA-H,92.30654040046913,40.945498836061674,18.04675399598262
RPL17-C18orf32,0.010188898753600663,20.047180976648338,62.02913362432672
GRIK2,23.069535936306742,13.412726306139584,74.72336363413197
MEIS2,12.065755999825353,9.86060228841958,64.92054733770937
PHACTR3,19.35232103022599,4.0128403681170726e-07,75.74384103415913
KCNA2,1.0776122092731323e-11,15.561211693005486,75.15071550864921
GNG7,17.46132968472775,56.1777195775668,20.216810623152224
MARCH1,129.18710004403798,5.1201749556419516e-05,41.39947502166328
CCDC50,32.466301928083176,22.071385631453392,68.21146205951622
SCARA3,0.0007289873115154612,49.37932473170917,17.841194982399806
SOX6,0.6987922533918737,12.398771678575017,76.41411380206864
IFIT2,61.91602695709279,22.439057551037887,30.640651769294223
KIF5C,19.367630466478726,18.561066779364356,71.53544070287785
PDP1,57.37032907074801,26.413086945757247,45.536710145110426
LMO1,0.001153194241394215,10.882216726854283,75.60791380392864
AMOTL2,3.9220879470725065,12.486862430652689,83.74185084994879
MOB3B,14.553951771319955,9.550510412749794,71.52240196904502
MTUS1,46.77377816097787,11.391443510726024,55.07316829713732
BIVM,21.948543922359967,38.72525527176252,51.06597547573876
PHYH,15.879902641028778,43.25746018791661,32.656452959814885
GOLGA8A,15.273686046794527,45.664980702442065,31.533320679672233
ARL4C,77.57402066018165,24.268029920758025,44.41657152176094
PCDHB10,15.484986718905828,18.34057416697855,58.377444066816985
MMP16,7.096808951344829e-06,24.554780205397062,62.039278577157006
DHRS13,4.4099603800694597e-10,30.56501583448904,41.974729533373086
NRXN1,9.896409159993738,13.380819289260504,67.19660811244233
CTNND2,0.005792482865981453,27.602406084358137,54.62858635981599
MPPED2,0.004046382504320061,27.378060458833758,57.80369541147377
CDC25B,0.6657466629871406,53.348878158413214,32.964764578475865
BMP7,0.09264154875196103,41.91542672319533,27.93140752669163
VAMP5,43.97702897117119,53.69751496094582,4.319985749394042e-07
OLFM1,3.9869102419736038,24.232912467509593,56.62724360289477
ACVR2A,15.286581835011033,17.147497185763097,56.419207106039025
BHLHE40,96.8271080766334,39.821444793635266,0.5347231890197442
STRN3,43.571785021092225,49.33875395913549,19.20239942376868
TGFB1I1,2.580774839860098e-06,48.81384104217423,18.159070925051527
ATP6V1G2,27.722489335535688,29.078906756419187,62.532546310112224
CSGALNACT1,39.506729008669055,21.723801749367176,40.42055262777899
REL,129.16614192952008,12.89891738016966,36.00600960368599
PRH1-PRR4,1.4772385575221068,35.00294920856454,34.14940122130352
FAM84B,51.401067632628454,27.743059629617125,28.30120629100609
GNA13,97.07289298764117,20.9024736210557,24.833306600420002
ZC2HC1A,54.75796508510516,19.383910990112252,59.01864514163615
TPX2,0.00022208305001906455,41.82135218649759,56.08664303434625
LRP6,0.03515681484563335,20.854976016552182,56.381922664443735
PFKFB3,108.23690530874649,37.17142355407161,16.59879648948746
DSCAM,3.3272845100241883,21.848312879235163,58.17024340232257
KLHL23,20.166740371878387,7.216746474891169,80.61727574276685
USP15,83.06559025148502,23.551359910869415,52.2557560986226
IFFO1,53.60845758485455,53.759798768283275,15.439955257903108
CAP2,8.646420563979597e-09,37.271166579350286,40.688715990560404
KIF1A,6.216764372296507,3.976288071366111,82.50191408337568
HNMT,92.20529806973344,29.69405821958078,24.50144253930073
CCP110,29.746211938699048,20.802971282283945,75.41467121988926
LYPD1,0.0002834755362905918,57.41427812308016,13.873780367996142
FGF14,8.984688517054643,25.605820574776946,48.15047493077236
ZNF268,8.694088407983264,32.575254154621845,52.198637641755376
WNK1,29.934929499407982,38.43025115140842,41.962837448624214
IGSF11,0.010149872186469974,42.372678593496296,42.82256930256025
SLC9A3R1,33.701399743304606,24.44799257098503,45.056745335667316
ENC1,20.359499132584727,28.68421748988287,52.15625808589502
MT1F,33.335603640828154,44.745940856280086,33.95783806255593
WEE1,11.480298083171428,62.93738566353551,7.706477573750544
LIMCH1,0.0037694974559544306,37.215043424259754,32.834208980568015
BTBD3,8.263771329153458e-05,51.285015352853954,40.91161466965555
SORBS1,0.7756276638589239,58.528475874078715,13.305392302969166
ARHGEF26,0.05718536911726213,66.6687879666343,4.970266625928616
SLC2A1,7.054165364284146,46.8829883707656,26.781004831732737
MBNL2,51.52260959422772,31.707630222488135,49.272407730596065
CENPH,0.24302516164316526,25.41673823995925,80.2346035005425
TMEM109,125.80720065549218,36.85730971013458,7.586841513985685
FBXO5,1.4710114102116478,29.124344867807253,74.54703931302379
FSD1,1.880436008366202e-05,24.642461481676293,61.19424517846041
DOCK4,136.64447854359346,15.324911133944747,25.357135487691714
PAN2,18.583351421220925,37.81788855724299,29.448171103087283
LOC541471,19.258358243923094,55.3043127080776,1.8583924111628793
HIST1H1C,14.363343298893026,43.433505660749034,48.84684372685629
ANKRD40,48.22537841180371,45.627485289432336,17.939274396014458
WSCD1,7.126203758457915e-11,38.91899654624138,39.21702770422178
PRC1,1.0426178502429942e-05,34.35403891953642,62.931850787154566
NFIX,15.062847702414826,34.55992284191658,43.14403162834185
VWA5A,96.51890352471466,33.146139857052866,18.07086991619553
SHC1,38.66914373112035,50.10030517540051,0.9764944691970674
DPCD,6.248095515811406,49.088350025479414,30.372674265750234
TP53I3,1.8293722218562276,34.28242432626155,45.80112592648874
GPC1,6.773527553846655,47.55929183683342,16.521205641508047
LOC100506421,9.785262034996153,33.13607909186407,50.015842203595085
LOC100505687,3.5217151154439943,25.301026401188885,76.8692951296716
AKT3,9.80179779398881,38.557266676054184,45.206330924959445
LSS,6.984248300616941,55.764698404482154,36.058086350366445
PLCG1,0.3691790210356999,59.88517857102567,23.26864031402297
THOC3,0.09894741021377672,45.65361529273137,52.70507139063358
GCA,102.36907985058869,15.780899898222426,45.77251420973018
CDH11,11.052720745497401,45.89913419432469,37.879333530001986
CTTNBP2,38.2810165730271,7.848030923339607,69.90332644462357
LENG8,24.776613297834214,51.69276336116365,14.93713411976829
ZNF844,5.599623577833772,44.369369975313525,43.781608750215916
ADD3,17.362441149433607,39.18734122633165,53.31729166298024
NMRK1,91.81139196738978,29.067373414341485,30.448270659179144
EAF1,40.624955015915226,37.96385918637276,28.27191511727623
KANK1,2.0755220105983258e-05,42.375534504462536,52.60082602433162
TRIL,5.78287669355003e-05,40.29807715461891,36.25453915740276
KNSTRN,3.820567060202964,29.85219987618332,64.15949790565651
ENDOD1,21.220135744292524,39.89691898883103,44.68431702171905
APOL4,35.562436730410255,40.70472008517415,21.790985156988416
PTMS,0.19347415080747962,37.9124757125334,46.24811418371003
ZNF124,96.02297055464604,16.00749963029948,66.10261774576983
SEPT7P2,30.235060045140575,35.97036709527881,53.97806524558399
HTATIP2,76.994160848412,23.81085172374746,32.68759414043751
LOC100272216,59.32932954344644,37.662902071479536,47.48695902182714
MRPL41,7.7624130024126545,41.54756551360153,52.42401831347
GNG4,0.16152630172010168,20.496832782403597,62.721853673842375
TPD52,43.525609733762145,45.477723093284396,39.26083442456865
RACGAP1,0.12193843013756539,32.35263469077395,70.93706365628547
CYTH1,99.5224087767202,10.968813082119809,62.4645284354359
SUMF1,108.2568724358695,49.38211146121163,13.02556114211147
ZFP82,11.52758924650974,37.74273263744311,63.037618412515464
CORO7,77.34618527553334,11.578722821902721,65.811379669604
U2AF1L4,43.5986230191581,52.30195832290017,15.462398763813697
BOLA3,26.90174124190062,55.45461948415645,29.10470498965783
PAN3,71.81668989241555,44.03644488226885,25.91549941076789
EPS8,59.6946930949304,32.13036229985836,49.86333012612642
ENAH,4.749528880376013,25.794328737573398,78.92971284506635
XBP1,81.94868197285349,43.72465412823428,25.943054275062327
TRMT2A,28.95790972848774,48.357048303524614,27.82168420767588
HDAC9,43.72197379908502,17.920182142574824,55.715616202187434
TMOD2,1.0081765569815455,32.379225823475814,76.77297727216343
PCGF5,55.08658215529225,41.99409304791021,27.401323588713513
FLJ43663,80.59542293859319,42.348622944007104,27.823692424814368
LIMS1,125.49647524442427,38.56692792782028,22.602371661532835
CDH10,6.29247120621791,29.969064299935482,49.48100288699465
ANGEL1,61.50001522725454,20.95221232813413,51.35401244183822
ZNF267,110.46741017543187,28.963728570622088,25.342185438959
OCLM,52.61506645183957,35.64685908506356,49.26867973414536
LRRFIP1,130.83638043928278,28.919754314706505,31.726226523459946
BEND5,3.1056901584138523,27.979708642927758,74.7623931406973
ZNF93,2.556024755300561,29.290625253596705,63.869568721011
FAIM2,12.89535797185286,20.65307039312285,59.79275973614395
ATL1,6.87179672997391,19.708922241842803,80.18817986333099
PNRC1,103.69805095983133,35.284588047027775,33.730255250980164
HERC2P7,34.509696102069505,42.60553152190118,23.671331255742142
LRIF1,43.710083867349155,34.21664017244953,59.249118249031156
REEP3,33.59870484201553,43.98573904470341,28.275989802091438
SPATA13,66.934655819161,46.194831136082385,10.484772344877157
ZNF439,33.135860079985456,39.7078026901133,39.46715669629984
RFX3,1.935330697106391,45.435831988130424,56.22170818351219
QSOX1,44.47617180272819,46.22568685612997,19.17744366766486
ADK,26.02999383308507,43.28841406989224,41.2739360853373
NAP1L5,13.351996717087061,29.56552091085946,57.741454409587604
HDGFRP3,2.7162432729292165,30.650327567605707,66.64969308213182
SLC25A1,5.401716558880927,47.23707296617063,44.06736044017598
TPP2,22.701031497899795,29.881221282471973,73.83808625458313
PTCHD3P1,17.22049260288885,27.727961186610333,54.64899907455561
CPEB4,51.15231584191879,30.522937054878163,56.96661805560652
SCARB1,52.672381084569295,44.83429163179677,29.232347355488848
MBNL1,119.30012138649462,41.21359399820988,27.32071735006404
AEN,5.844115476084026,45.18367074637836,52.031976618002844
ANTXR1,3.657258481282205,28.519437095001507,67.17942918277656
TRIM24,2.171945235000946,33.728814048973675,60.488380094162
KCTD6,14.236604899803801,52.424162655726136,40.66352001759956
ALG6,45.02454972077918,34.3934747434494,42.54689307975578
LOC100131564,100.80417517768868,32.258198393188955,16.904321730486682
SPRED2,5.653725107161473,43.59864357688625,32.62927738380086
ZMIZ1,24.055496947753518,19.983880393596046,63.3575466608358
RNF168,61.467470769422704,37.35604993094963,47.361074785880724
CACFD1,1.6919779631798746,27.354354232395472,64.09703936026966
NAIP,102.52686853762312,28.112918854305228,31.381336020931464
CCT6P3,41.44766952436397,28.37931266893799,59.75515892988868
NFS1,26.85622271758161,53.59690291960183,24.46001411516731
SNHG10,16.017397290123327,44.11052616195677,35.340358187566295
C3orf58,51.730808181609696,49.537323898449564,19.378859942760574
RANBP6,28.433399521617293,26.43824155497487,73.20565887840617
NME3,40.05867594871574,54.73758118747239,20.30269855552901
TMEM184B,7.336583060685203,32.71277655398484,47.7936844268889
POLB,54.3420094591636,27.852913246428653,68.78476104445409
TOP2B,18.824505458956686,28.55511207475356,64.51946108442691
PSD3,2.787866113473652,30.73928196185153,56.54773210159972
LY6E,72.67075076116357,34.95334279962783,33.1023912227627
ZSCAN16,27.182543445239443,28.208318164536042,75.07117336850649
IRF2,97.84710087672799,46.226844749572464,21.266823613884252
NAPRT1,73.2771896611841,29.64590747403313,33.05489926784712
DIP2B,16.568361238024426,37.7827933496926,60.15727689669931
TUBGCP6,30.582524134892747,46.86464315431086,34.59117121431135
NHSL1,8.28614036962643,39.128777136371816,35.49464491846447
CTNNAL1,2.0518363911289296e-08,39.696591131321576,43.42726555967626
ZNF281,19.12190803805761,26.066352991597434,75.94320383739743
ARF6,66.13072543759772,43.90513312984942,13.911430373426247
FKBP10,9.075829732034154e-05,61.64755750225723,13.316414054971286
TANC1,2.6855440751562125,47.009101527309156,46.20669945931743
FLJ42709,0.1107894467891015,43.85937920406692,38.919478758339416
LRRC42,1.176506113792294,37.13212754732782,40.94038312370704
HIST2H2BE,52.214287442142954,37.959266607168566,46.86269504061087
CCT6P1,15.3627949743247,29.482787246348593,52.249729284947406
SIAH1,37.78410356286238,25.477265658489827,78.17234823098934
HSPA14,21.184251510828833,40.20580165239955,56.946121172010386
SFXN3,16.34114391750862,52.96266072603832,43.082558280852915
CDK2,1.7366589143652986,35.606427645722235,44.95322076015683
MAGI2-AS3,3.8054718943922845,45.97157099610206,52.15425980729099
TRABD,107.76187657888066,32.87107935631835,22.22742633463476
DOCK7,14.511002217108707,53.354352922341526,12.439429585084639
MLF1,20.480602422389442,39.663885024982896,40.44394805971144
PPP1R12B,4.943049252541759,27.342915908053648,60.392209410781355
STYXL1,49.83021224437303,35.52369093545735,53.931388520025195
PTGR1,18.86864998260718,51.78269648530567,29.02520794635716
TMEM181,23.825415886191358,36.397627521103885,39.45089659288037
ZNF880,5.120884297807562,37.33832199673207,42.53649077160983
APBB2,0.03894809064509064,32.8224786749625,55.98019775856507
UQCC,12.068593197341345,50.7632913612073,31.377167818299657
PCBD1,25.673665579952797,41.35491760087037,56.121331050892564
GAB1,6.944020523686935,50.31222185389816,48.6469670711373
GCAT,0.7280113053332459,52.17219215157774,46.900521416347225
DRG2,30.294386320402168,51.58065642849886,31.769770644348462
IFI27L2,48.62716887962355,32.33122478861847,41.63733376934647
GLTSCR2,33.60901405720881,43.197665346147396,31.145455885508625
ZNF14,30.885924202055964,42.976980485131804,37.692170765557734
DAGLB,106.69293750352287,23.729851952616478,38.106524448034364
TSPAN14,76.92201966314975,30.04986144243786,39.796423877378054
B4GALT4,37.990873803435655,50.45740866438562,26.624981739301933
ANKZF1,41.486113444130794,44.953933450929476,42.96836567208444
ANK2,14.244036034034643,49.74432056061568,20.120693952958447
STMN3,3.2699053599815278,46.27295633476642,44.1306133210674
TARBP2,5.693652862624513,51.628678311101936,27.68569515378369
RAB30,6.843424016885733,30.55649050276786,56.14915140593936
HIP1,0.8207839729407783,39.28424679023791,46.46289720842142
TMEM256,28.97116322848215,49.734761040705216,35.753332874226714
FAM216A,9.520640561247513,35.99475195858982,55.29212113964718
PPM1B,57.03513222540976,34.19080399547789,53.49191540225469
MYH10,5.978515761174968,34.40016327026136,58.30549538921239
SLC25A13,28.267129848628187,32.37398474421758,58.32205282981244
BOLA1,15.09570627230909,41.78798566797435,44.135961892873844
MICU1,12.178779519192663,36.18561245491581,68.10459852440361
SLC25A25,24.180090070477075,50.31163904743001,44.75134641088741
HIPK2,11.76074736136399,19.256540670550685,68.53238033163694
HLTF,28.032121465902726,36.59173472507633,58.72099769629793
RABGAP1L,76.87385336480419,33.13308484136223,41.97538867692944
TOPORS,14.247033964720751,31.185766502060066,69.28882876351473
LOXL3,65.06065087395882,44.24392586189223,39.89967890664049
KRIT1,28.2857385868661,34.95298860213981,57.461053080601445
NRBF2,88.59715033670253,45.376315518335716,30.120668803283007
HMGCL,80.83710655162517,52.00814520040298,12.058565860135808
CUX1,44.833079734948505,41.62338004244994,45.70354361412361
ZCCHC7,11.453967818717025,47.46881992782235,49.398485971930796
NRM,1.5661123159446149,41.892320624525986,43.277872643057
GABBR1,12.846479610340188,45.949813329059666,37.82405021360475
PLEKHM1P,83.57896579888948,39.28306510337074,43.89894065144151
STAG3L3,26.061797910970252,36.21304372257629,53.66929199774043
ZNF160,14.24131016499304,50.55467631637856,33.712980246326865
NMRAL1,26.956288689763987,47.35673331829238,42.83610517409289
REEP2,0.10329571309246083,47.855306486404096,37.43069915404244
KBTBD6,12.70298284034285,27.612711049351297,69.04727481141894
ZNF85,12.626587003523662,34.208891481322475,60.063721879059685
C2orf74,45.161045546813696,28.84907790567517,57.67225564607601
IRF2BP2,49.55066690161899,43.74237479758147,47.35448163631823
PIK3R1,37.47084472197096,30.175470899400135,45.78766840906626
POLR3F,15.713026915393042,41.10682895155085,46.54127627696508
TTYH3,36.64405106947742,41.78504507907774,50.77758929266241
MTPAP,23.849964273174223,30.899377355194815,57.383090740392866
AVL9,28.885468473605016,49.56214619144437,41.23279130497517
GPATCH4,8.296097352753295,36.51335378769632,61.25409137224741
PNMAL1,4.416960489754261e-05,32.88210463382235,53.250407106984575
RPS10-NUDT3,54.22644818268046,32.273163505965115,55.858259728307026
MARCH5,19.03215091067809,36.09621845928766,64.07422248231842
VRK1,15.567829351783093,32.07763728873806,55.498825664196666
EPS15,61.99649216632569,45.31606257628082,21.55012982391481
COPRS,1.3753418886476547,39.092483308309255,42.23677291509373
FOXO3,27.611860145656,43.93129126436294,28.339341577829472
SMARCD1,0.4578398387868273,34.307729558082876,50.979503628290125
BICD1,0.36925719563322995,46.07100573395018,30.637175882112867
PTPRA,4.199439603313082,52.2388436967482,29.86440440891438
RAP1A,106.64549423184513,36.25729877354651,35.28136794312434
ABR,39.09204734587643,38.275631136944156,35.76588838864726
CELF2,74.94430518937945,37.871479674478664,49.40370779533535
CCBL2,53.581103334225844,52.838932865638014,18.46361017597102
BCKDHB,27.86021356267696,56.12106359125761,14.392405885117817
SMC4,5.66848471253133,37.22741809999046,59.45697402340524
MDP1,28.36169418109174,52.967201857632986,28.65590942075508
CRLF3,103.94156126902058,35.69610017596563,41.55002347835929
LACTB2,52.8932057123761,38.636223595963656,25.954941504250783
DCUN1D4,25.199810342539923,32.0942608106154,63.33178391884533
MCEE,48.52009030271502,34.711871610513846,37.41047280685356
MAGEF1,6.847543941953051,46.600646590142965,56.498725714081615
TMEM134,44.150771704422766,51.59998464696587,25.43483042960017
ZBTB1,75.58870216115514,33.92167660155875,53.666429285616914
POFUT1,19.78157617435024,58.38160963084612,15.463408852203136
DOLPP1,9.291349394130354,29.205266159443685,65.40863582005967
NQO2,47.98990133112478,46.49910980537658,18.12073113346131
ACYP1,11.242185237698203,40.66069402212653,55.41173628199195
DLGAP4,12.23097249567387,45.281967471541414,55.21350417213993
PIGW,14.280069727387263,50.36586499345788,37.427768639073975
APC,22.38306127025139,32.27451537977122,58.56350177901817
DNMT1,13.027454446221839,42.89362780155465,58.87838634566548
PRADC1,23.17689995779506,35.57988691151904,51.21340304624248
ZNF606,10.498001391251494,46.439790266334796,33.60210790045083
TSC22D2,82.93753050911792,33.78085622652774,46.463304201641556
JOSD2,27.55029104427809,46.93868878034295,28.437384782776547
PHF14,15.624342584775073,25.44124837635519,60.229464648286644
FMNL2,46.76041219403798,34.18649166977731,51.24341214002416
GLUD1,32.06144624587777,45.31080350325328,29.834359291034247
RRP9,8.987179060552672,45.53794946193765,46.77101900853345
GCDH,18.7875784499268,50.96793183627497,31.501548055311385
TOMM34,22.275699161963846,45.282605457562646,48.72333504047054
NUMB,96.75214766552106,38.6198093442799,24.27775339850334
C10orf32,51.45960353545532,40.26656233238334,41.122928586605845
NDEL1,66.64056811878777,47.067707416402335,28.91942178708802
MAML2,3.4625505555615765,36.7428221671208,51.090613738286244
ALG2,45.018418989258805,50.17984518936863,33.33193480037046
TRAT1,11.973029089718704,4.353268829946391,6.862474623928678e-16
LOC643733,4.957366856906842,6.197681833309465,7.5735842423807e-18
CD5,6.048759400780513,7.479616602695945,4.477227498401184e-15
CPAMD8,6.392744773916335e-21,6.07056160392922,3.798632130359884e-24
ABI3BP,1.2774942258146573,7.339420921167025,2.2105549733764215e-06
AGXT,3.101714820827761e-15,4.102937292993215,1.4525621150523629
IFNG,2.9057574043308745,4.911164705776174,2.0788196843195384e-20
ACAP1,20.897393838211,4.126405091388925,1.2401355153013564e-15
MS4A2,42.490830338849925,2.4584554396531787e-14,2.3494976007972746e-15
CSDC2,2.579547523452591,4.765570331645544,5.3689662922962045
PNOC,1.0291681952487395,4.372600706607408,1.7072592393267794
P2RY6,43.35594019473796,0.0008916142162643171,1.983342079913074e-15
ZAP70,17.22968669155714,4.500094618275519,2.403078785261502e-15
PECAM1,54.309052549254176,0.0010592187097855914,0.0001472525640470856
TLR5,52.84936437046055,1.485593549883549e-11,0.019490894891094908
EBF1,2.8797459774928478,0.21447018640474985,15.798797373658939
DHRS9,45.50189509674069,6.612328634806024e-14,4.811636769787971e-13
ADAMTS3,1.641166446266599e-13,6.543110896326964,3.3702790497539667
PSTPIP1,38.311740179175196,3.5513619248866743,4.4522419468715445e-07
SEPT1,17.93339662165803,4.406925680962002,3.3694515970029897e-15
CBLN4,4.2604275688606945,10.631881859366306,1.1166480611545745e-15
PPP1R17,1.7553697981017527e-06,4.797384077426585,5.877908421631518
PNMT,1.4566978395574234e-15,6.330168156013948,6.689022622627705e-16
GREM1,5.566646480471155,5.898291681179024e-15,14.99025844500247
CD40,50.18636871999484,2.277023337602954e-06,8.358534205109778e-11
MLIP,8.61613695603534e-14,1.25432603727194,8.378485978114902
VAV1,52.08558764893791,0.28354164774108376,7.986002704584512e-13
PROCR,46.63220935584462,2.949224041833192,3.635405838059876e-12
GLI1,4.061273789655471e-17,3.2592242164509124,2.321201912018154
MYZAP,1.1183919913479699e-14,5.05937282829184,6.870708183317443
C16orf54,44.24643132717444,0.0032564321024261965,2.816197006573239e-13
ITGAL,42.75728440759615,1.3801554870221338,0.00019693820679763023
TENM3,1.109768296219373,2.824548467197914,9.88966297211782
KCNMB1,47.64211441435453,0.5052169700486657,8.250102609496735e-12
RUNX1-IT1,46.79566321391727,1.6214280269204115,1.3722270711087745e-10
THEMIS,7.057524316613725,4.708457539338324,2.6885577916806006e-10
SMOC2,5.699277990162957e-13,10.039835607668124,0.5857382839977641
C10orf11,47.4681494034136,2.841947538520304,0.000293516574911457
ANKRD2,7.889263506804968,3.8479620851224004e-13,4.447417398359385
GSTO2,7.949708206780615e-14,6.229389011638738,5.617990068558484
SIX6,1.1957923656716927e-13,3.913734172462848,13.49845527291698
ELSPBP1,1.367344916524305e-47,4.749462378954744,1.1995396942950986e-15
NHLH1,4.232653901460882,1.8247575034266899,12.377563814181066
LY6H,5.907089487211238,4.144385084610685,7.25748321477732
LRRC8C,49.928777938961844,1.6323395264043963,2.2151570758926407
GJA5,1.5956071307566096e-44,5.145261029685371,1.684173455971361e-33
PDCD1,12.441836648147293,4.0188188648158665,6.274960244363428e-12
SNX20,46.34462967446592,1.323061273811728,1.3888983847022383
SP140,36.865766940846484,1.830043118293853,5.7467492589952e-13
SNORA77,4.6451838082591754e-12,3.3614238216684764e-10,9.012618690047505
ITGB2-AS1,40.85009318143808,4.0857327857145334e-13,5.748129755192122e-16
DOK2,29.46884728814911,3.3955857966140237,6.55661434966916e-07
SYNPR,0.2667303290987309,1.6399123226035266,9.9472166935028
C6orf141,3.643071335333567,12.435718432597193,3.690505068700296e-14
PCDH20,0.1529477662344278,1.5915865782503804,16.016238465084644
ITGA1,2.106056249952205,6.383498854177012,5.861139451925708e-16
EFCAB4B,2.4436260915082955e-11,3.531683381336167,4.400562193932522
PI3,12.921260402523593,3.7132500198769827,0.0008356820132642503
HAPLN3,0.04900050004435609,6.199119394346196,8.28478319053275
GRM8,3.795740680979296e-14,1.3957014485882602,10.145608890211768
PRSS35,7.016558379768882e-11,5.352544438578648,8.261640020388853
STC2,16.678914216660424,4.484512430407338,7.911621978339878
CASQ1,0.00018925193087246283,9.286304411928187,4.868734174696949
GPRIN3,46.01192431503784,2.095500216407169,0.0002882073155975142
HMGCLL1,4.313635751306363e-15,5.758448303571015,4.820180928199615e-09
SFRP1,3.013629848209047e-08,7.376601964605815,4.4416190582593735
INPP4B,5.292081999281406,9.360351662895308,4.7753601728116875e-11
FAM89A,0.004384667189392555,4.1925863506708385,12.380655938136796
LILRA4,43.31013674381122,5.730669981024082e-13,1.3939205585353776e-12
CLEC17A,41.84332501399855,7.766750229280516e-14,2.9821494128691495e-14
LOC100133920,1.7043720118186906e-13,8.662797494345547,8.028380457512407
CLEC10A,14.761635854000449,3.702417244916851,3.1932012156850846e-19
CMAHP,33.22856147113035,3.7338336385787034,5.578423184415688e-14
APOL3,38.24879997817245,3.486612329532116,0.04650571554491465
GIMAP8,37.4939884694398,0.9656694983885767,9.51733105671394e-14
B4GALT6,2.4979290129726292e-14,4.441341942971592,12.881620314034288
MX2,47.21244758551041,0.3336038164285995,4.065794040743285e-10
LXN,33.64899134761035,4.750299521054594,2.2900132254998313e-06
LTB,36.43047415020183,0.6876384331012827,4.856128508844903e-06
ARHGEF25,1.7013341107103361,0.8491043349568206,13.846817609346562
CD1D,39.427954624037326,4.277341082036942e-14,4.717389523391964e-14
FAM27A,0.028514005300652182,6.694521787322363,9.79945877748716
GIMAP1,41.688274137840985,0.05519591123299396,1.1942037061985705e-05
KCNK6,24.319222172443517,4.597822161161984,3.405595196200992e-13
LINC00516,0.04700638866465983,5.093031475933286,9.810232867350688
LOC101101776,0.04700638866465983,5.093031475933286,9.810232867350688
MAMDC2,0.09995364188721562,11.349249806124789,0.06744704590851058
CSTA,42.97523027264838,2.1092222044552474e-05,5.732236518964451e-13
NEIL1,3.7252233998077435,13.774974183522806,0.9516995068974032
LOC644554,4.568426812050643,2.221664896616328,14.66754427121093
DNAH14,3.4493140601149957e-06,1.3727247349827205e-09,9.539349798370475
P2RY14,19.12115419029919,9.693082255126676,2.9793121324257802e-09
IGSF9B,4.250308212477543e-08,7.353835160518172,11.230931894179259
NID2,0.8479456751954136,2.8918433890892494,10.09141903929742
BOK,0.014111912100917199,2.7386518944886684,18.72486556693354
S1PR1,4.13671126052693,7.665525832828605,2.2518189531983078e-12
PPAPDC1A,2.8122017096475006e-12,2.2180686781817018e-06,15.672833867456895
KIF26B,1.0630960492873434,3.9997971192902346,10.99289434914288
BMP2K,46.54030162975237,3.5684949124353755,1.019823316361055
SEMA4A,45.59607595441108,0.20317730335687023,0.2634940134108882
SLC1A6,3.2270847309214157e-13,3.6211698317351034e-10,11.166429807436767
HOXD8,2.436757049863598,6.286215864713625,11.605887663694052
CABP1,1.589529636449512,4.752860426714387,5.993012496410441
CTNNA3,3.8903390859077555e-10,2.8247851027527897,14.459803076918263
ITGA4,38.604241058656484,3.916858328601109,0.21020560200704308
PTPLA,1.0554332397111675e-07,7.503451979230426,11.472074549686967
FOXP2,5.580355420816507,2.6478793560465212,16.489219468323988
ZNF385A,26.375049948251988,4.7306374250620085,2.370541488356114
DNAH9,0.08267685009099691,9.267582152990478,8.89852911843373
ASS1,1.2939340058040651,12.33773645652677,3.4920041058019415
ABTB2,7.574663389479229e-06,9.558014413232238,8.95910758378931
ARHGAP5-AS1,9.669105403118683,9.129395183862187,6.913460687620703
TMEM86A,42.48255689643964,1.2369482861464323,3.1287449455348515
ECM1,9.965049664838567,12.334039329024964,0.42920076809593954
DES,5.4643566793767615,8.725092531381138,4.6102304299491665
MDGA2,0.0027561033805712128,0.0005527321456167045,17.85103825600665
MEGF10,2.8493433241236914e-10,2.5291485329592036,20.319468610007927
ACSL5,41.2759216065179,1.6270755809138537,8.578642794733454e-12
TMEM156,41.14458278903268,1.9782352230395062,4.860650036702594e-05
PDE1A,3.000105473470266e-11,3.962133737008669,10.921888869919256
EMR2,32.93073822784419,0.0985971342724207,4.139012217568727
IL16,40.091663057483416,1.8632699234655223,1.0647440155850238e-08
FGF9,8.779731828907407,6.342518476689916e-13,18.15343021772991
PCDHB18,8.977456955462721e-09,4.425325906320182,13.435737355812154
SLC6A11,2.3401450484323577e-12,9.190478997697848,2.837498851958872
MXRA8,1.4329842654103563e-05,13.480101627819963,0.000752519253138778
PDE2A,11.214255534790873,2.4984704388672103,9.675336541412987
ALDH3B1,45.08907960662723,5.467175988906009,1.8719256761440535
MCHR1,3.6343337859905214,10.318564477701809,2.322088650675585
PLAGL1,35.62328326768461,2.922949143435728,6.960751906107216e-11
GRID1,4.677368244322978e-13,7.841937776560316,5.583604869446588
TMEM130,4.83245521824263,5.193911411043227,13.460940016779714
KIAA1107,12.529356517449008,9.562536419814415e-06,15.353468317849437
DOCK5,11.75362568540201,0.7696903872597752,13.555866113561073
ATP10B,0.4499913421430135,2.510844152533276,12.54135449503148
RTP4,28.225672936365108,9.436110219959383,2.8207743065045774e-06
PCDHA11,0.0005556712208127523,5.180407627356902,11.452197249480795
APOLD1,4.599154648429129e-09,10.488617877853136,6.276791241783775
PEX5L,0.48381947009721216,1.4028086203595905e-07,16.86089616085443
RASGRP3,20.536666557464518,0.0006552773111128123,12.440110416952582
AKNA,32.413176516998604,6.878013719488515,4.167936887564046
HOGA1,10.567158249173636,7.59022414456549,8.90731904919131
C12orf68,1.6126490221894472e-09,8.94600593230277,8.981647661206546
LOC100505806,8.034197701192402e-05,5.561850951768543,10.011945571273417
ANO4,2.23233473790087,1.8522647207921983,13.288447077593315
PRKAG2-AS1,22.409426592936242,3.964000073402922,6.58887816199253
ABCA5,1.021709969148023e-05,9.578360599452116,10.629329520151725
C1orf106,6.953710145000632e-06,4.5709772815375045,17.700806711184658
JAK3,41.91085935016669,2.9937440581965697,2.9487227531118947
RBM24,8.308523115351616e-13,6.4264521660624405,9.64832808395947
MYOT,8.848937297131334,0.011868359446107717,14.604916941933455
CHRNA9,10.772787375794339,10.556296729349933,3.0342801316653425e-14
PAX6,2.2465195811481214e-12,15.601352789781908,1.0247333739595732
GAS1,8.724353057721487e-13,11.748638620241946,6.5742578110716865
ARHGAP23,5.754558442008223e-12,8.905827200338283,2.7750909501522614
FAM69C,1.039193100794293e-12,6.380202534915107,17.436096446338194
SNAP91,6.22296516494308,1.4685247941204747e-08,16.248979059215152
RASSF7,25.868044809450836,6.19913069021053,7.3137170599601005
MIR17HG,4.327936766199753,4.49751200787816,17.870083594576915
ULBP2,1.3253891254773824,4.854261937159889,15.313051151930946
ADAMTS9-AS2,1.2165966703320962e-09,12.060976117447721,1.0818090026876572e-05
SULT1A1,33.48983344834537,6.824844639166016,2.9049387196893415
SMAD3,0.6676020658989951,13.166073298407209,1.9491761940733412
HOXD11,0.16370057491417825,9.662865567231554,6.15451951827234
ECM2,4.433249487790905,13.217527116162499,1.3933038190162412
DGKI,3.6650835600224467,0.018345166824108538,23.125779827398663
CCDC144A,14.125758710066698,5.355915731323647,14.578983426565806
FAAH,0.9273520766986144,5.494760934639067,17.646411409480777
LOC642846,0.009166637085030179,7.2711924836171375,14.256871535807408
ITGA2,1.210185893211494e-11,11.13089700646396,4.073292277701012
ME1,9.15935986210533,0.005788049818577846,17.673717782043262
SORBS2,0.42377568935557935,5.382071367419333,17.239355411314765
LDB2,1.351217751751864e-12,11.405065526740273,4.397669476493721
ERC2,8.464300845145173,2.7059012454171524e-08,18.904334732275686
TNFRSF25,23.452405587108135,7.033830777704047,8.726743173739925
ANGPT2,5.471608729190661,10.403453148041887,2.5791134742446142
HIST1H2BC,9.67221059511769,8.77358114959305,10.811619352599084
RHOF,28.228948611390475,6.867145744033976,5.218530503881019
ARVCF,5.3106845168647146e-11,9.146838461180588,14.53529311945179
APOL6,14.87053940208334,11.802973777450745,0.3448429739863557
CHAC1,2.3115440357003572e-05,11.740203167858093,0.8083111747124667
CKMT1B,0.83054205346938,4.039120431312429e-05,16.44773820842217
RFX2,0.20335276923009055,15.37585323831817,0.0042256642899564266
PCDHA12,1.096334108464271,3.7792159223712143,18.429272471138464
ZNF578,0.20655829546085988,9.196644992696664,12.450216233868424
E2F1,2.8337975822104767e-13,5.943881560043252,11.932962419571654
SH2D3C,26.6921900108288,2.3744340170361746,12.586139460790232
DSE,39.556436169787474,4.436595038325934,4.422567640041385
DSCAML1,2.5919014600767425,0.0002682593747825713,21.6847372062572
CAHM,5.553500206666413,8.577638102491306,10.206741400422729
HSBP1L1,24.61536051949684,8.112435569850481,0.7742097620442481
RORA,5.614241982686847,15.05477156584464,1.0080080775974847
AMER2,0.6470039601578259,2.580216829174702,19.63027901177234
HSPA12A,2.3055598089190674,5.473990732114983,14.303400507236965
SOX13,0.00017756803479567106,6.077438935609195,13.078563786677456
GPR22,13.258323208298147,9.25104415793785,9.324260591638348
DOK4,3.3622097196931833,3.0881158262693678,20.36300191551576
CDH23,9.272523897013489,7.93400085872755,3.622876943016663
BCAR3,4.071981303581119,12.319200567329641,0.035834024772719804
PACRG,0.0002142073900176904,12.445739178363617,1.5942102574900754
RGS11,0.004216337099689772,9.054700189257971,8.540783487173867
ULBP1,0.1471663768307491,3.2598399662241535,13.932730538536628
RAB3A,2.959079957697966,5.7291442563037345,18.427373438382276
ZNF774,9.102225579392337e-13,6.267724132432542,12.023439598666851
DBX2,6.781532432354926e-11,12.7421100949238,6.472669390728465e-05
ZNF781,8.513378845663008,5.344695379061447,15.688279492963451
SIGIRR,27.099766611714916,4.667471936414424,3.85495677407876
C21orf7,7.38665256308659,12.44922792332959,3.9272552102212046
ANKRD6,9.153112751222897,4.032099047769774,16.0524692792986
FBXL2,2.4579745502003183,5.566089634152753,15.43890837249169
LINC00467,2.134536355714809,6.138188455524923,16.952302034018032
TMTC2,0.00011444750922900946,7.381919364008121,13.552381585180097
FRY,5.318511799047183,7.995758082673974,14.766178402129912
NPTXR,3.0951434766714807,8.24845274055121,9.477165088472303
MB21D2,6.327802057303304,6.168425292378508,16.02788830989837
LTBP4,9.401271844658961,6.177721132240971,8.454367413102608
HCN3,0.20764637025040283,5.441935809520512,19.765593144187633
SPC24,6.365292877591706e-14,9.30766662522766,12.50846864315809
C21orf91,8.097341799886337,6.025291368403739,16.90465690013728
DOCK9,3.805519310184845,1.0097401178326113,18.18543206857473
CDH4,0.5316758921167362,9.71305627212241,6.178036638259874
ADORA2B,0.8459871340217021,11.023086016762571,4.7419995112267035
FKBP9L,0.25861245517468745,11.055246130033836,3.977333378515908
ETS1,12.750374749787955,8.49759192301507,6.004566678991549
KCNJ2,6.353852602814544,6.048536398566774,10.90827367583067
FBN3,2.2954440762966843e-09,3.1866624100858236,17.51722714217399
ENO3,8.861073564436062,7.000764826715585,5.986145295549295
KCNMB2,5.155171757527878,4.846903435092298,12.355425395001125
ANG,27.509270535332796,9.159118088269441,1.4625689840555351
TSHZ1,2.048442678392897,7.542360511145095,14.75666884163563
PFKFB2,23.87322167784459,9.504935050545278,5.006983220450287
PDE7B,2.657239216603318e-07,10.078795290379386,10.865377640083834
CCDC15,4.081216743192368,8.867641820141742,12.787519345266286
ADPRH,35.85380791982433,5.009683120578715,3.6751254274465777
PHACTR1,12.091717527988514,5.873481486120154,15.244000015246892
ENHO,0.35074811320838295,5.975288871341368,11.649898131246438
SAPCD2,4.2580231040081613e-05,6.430477200988962,19.009186454119803
GBP4,25.128351440066716,8.637423541376172,0.27139018026529255
TENM4,1.6303842194620581,12.869107830004003,0.14265653235625686
CASC5,0.04494935903926114,6.413204615210839,17.764267568371054
LOC338758,25.10871421807314,8.081537085941296,0.9769672108429324
TRAM1L1,4.2807131072967375e-10,3.502100294061065,15.416290913142703
PVT1,8.275737532676898,8.308130122353106,8.630332954507553
JUND,3.774603061044022,14.448530718059681,4.833729836713744
PCSK5,3.765906928022651,13.521264155572226,0.0037186843571094135
LONRF2,4.377915486972352,14.417727231015451,3.4666219158272455
C7orf53,9.331729104941473,13.142457340991168,5.2035644809308925
WNT5A,21.44162071639813,5.016549851663519,6.696136809165639
GLDC,0.01088148989224078,10.123156809583103,14.167049893220852
TBC1D8,15.16164513723334,7.576569890391253,7.765495080115595
MR1,36.734586607716416,6.86572878521183,4.173722242023091
MMD2,1.62823049988536,7.278254737312447,16.926682832435823
EPN2-AS1,5.742432639639618e-07,8.736950055858069,14.128916230543256
SLC16A9,9.00449304840153e-07,9.204150605888499,12.4194846020916
GPR158,2.2262084136066282,7.069085689732957,9.78432432445682
MCM10,7.587010865556338e-14,5.315316438318395,14.954005495003162
SERP2,1.387829514989398e-07,6.40532893944747,17.93143680583281
RPPH1,15.753811566552447,10.891693649613625,6.883783849173069
EFNB2,1.5804360901714989,12.839296370657404,2.8757271023866577
LOC100505812,32.06140793034394,5.153121470811071,3.10149955131168
FRMD3,2.3916162859901773,13.10899558836343,4.159366621203687
MAP6,0.7102977011052499,9.918891378303655,12.76336292783486
FAM65B,22.08217364398013,7.507706910731704,7.5402266760813115
ANKRD35,0.05960773223407104,10.197030133655305,7.627539951855139
LOC100505695,0.5534281280884386,12.469139982524505,3.135715676152684
PURG,6.232217131504244,5.600273594511204,15.191444872239549
SLC29A4,3.061923952799151,6.231296644198234,18.369591933164074
LOC100506343,7.250846887070132e-09,6.06097134676048,16.156596898797037
C1orf74,4.643186922423125,9.643273294005084,11.411415870671226
ACOT1,1.1123128581556412,12.434781050323021,4.983276137632421
L3MBTL4,10.644904356194566,5.684099421296404,13.376346834540769
SMAGP,11.962131660831954,10.804393327220012,6.640194160721152
PLEKHG1,4.280404056350182e-11,15.46331971822324,0.43524461436951845
PCDHA3,0.11996463466149858,4.234019037040292,15.341048417059095
TLE4,2.2734441060030823,11.017255452280589,6.097478964964428
HIST1H2AM,9.680614720733262,6.50774337511347,11.546945244317302
FAM134B,3.124509476148982,9.088325276526922,14.539781918802886
F12,3.1339929172120697e-09,11.188202554715096,5.743550653734447
PVRL2,8.698876737164724,10.84183711125352,3.122592733011247
IL6R,37.15367172753509,5.269338616488223,5.813317092999285
NEIL3,0.0012568361078022594,6.054351661427859,17.189813728001955
SIMC1,0.3821640873994407,5.310136426545785,15.955420032052675
LRP1B,1.7621850440873197,8.028645434659241,16.525656759699004
INTU,0.007588021062182763,11.55840537029143,5.940785496126499
KIAA1456,3.521847505481073,7.471350961860258,9.84374239159259
CRIM1,5.647502537460968,15.476151559974495,0.7467011717459341
PCDHGB3,4.439370241473078,7.969335542849395,9.808867956958826
PLK4,0.3576190812240096,6.363962252310238,19.473093167718087
MIR3198-2,0.7869529198306534,8.918476858471932,13.265914533088106
PDXP,2.5051557230901302,5.734789560483169,17.854250324013368
GPR3,1.7439691758903249,11.00767500645023,7.793425711069026
CAPS,5.509514925806776,12.427790267990785,3.7661093220561073
APOL1,13.66816516855608,11.874910553894887,6.0028179784635975
ZEB1-AS1,1.1114165974271606e-06,15.372555492779718,7.018030326155105
SNORA25,7.871813574222671,8.817692216188368,6.253588647817523
RPL13P5,9.76180466533524,11.121011735403265,9.968879513666584
ZNF540,6.087172813551926,5.688664893276879,11.426912177121157
PTPN14,0.00031818050388440365,13.156537260975027,5.591915982984265
ZNF876P,2.4508878509827214,10.247233344010654,12.53063951504757
GTSE1,1.9617967915254644e-06,6.5648239424974335,16.26574435668008
LRRC4,7.2835573513468574,2.921676718756786,18.052152627108214
NCAPH,0.28988293153869127,7.36159849830629,18.26804293119478
ZDHHC2,18.563400327489834,6.644253598065388,8.005912660618783
ST3GAL1,30.63744117266343,6.915969764265459,2.8364197128258515
LILRB3,36.73135895570294,4.947592041985545,8.289778029222957
ACVR1,9.470905958645032,8.546064156999483,8.377595301874667
HEY2,5.589459914255869e-12,12.66029301021955,8.460140488538539
C6orf118,2.5616215858327935e-12,11.35591484645498,6.463461525712065
NET1,11.800985708898768,8.8249513522165,12.986953620872477
YJEFN3,8.491944686027365,11.495834330958296,8.684701391562575
ZNF663,1.4920280445735756,5.692195928049569,14.393872396007184
LOC100130093,6.584734179237204,9.546325137384024,9.73879703745404
C7orf41,8.26069259763433,3.302800953488185,19.80581981012796
LGR4,0.011937453600670313,12.505326394246447,3.788074530982257
ZNF90,2.016250900312489,8.546363627388065,12.752371606601118
MOCS1,0.19971959607994302,13.382621877710802,10.138845092411202
CRYBG3,11.841458359156855,6.247796331637138,9.676564671598898
TMEM220,12.51903990730017,9.929403389196434,8.080658394987664
LIMK1,32.53522697646048,8.721058925882536,6.778423105823774
LOC283070,19.986900490630795,5.165603320911447,10.789812808506273
FAM19A5,3.1648993562681897,4.693156206362817,14.207737715150435
CDC34,1.8392317891937393,14.246070339243698,7.816064183280106
ZNF836,5.949516317134661,8.919775653787875,13.960432335088178
ATXN7L1,11.6717660031808,7.470464940964963,14.931220407845366
KLRAP1,6.104552387375628,9.952428102996544,8.179772655624523
CERK,13.71175821807964,5.5687660247726445,14.788333979968625
RFTN1,18.864022214193845,10.755779725884572,2.1758945191299732
ZNF229,9.684234700404335e-06,13.166936462182917,9.236339150394311
CCDC103,3.513646277333798e-08,11.531791756752554,6.762118704972927
LNP1,2.493486574233831,8.16146751494552,15.958011955681528
KIAA0895,2.5631585569224717e-06,10.403556297332301,14.563865027480496
KLHL26,6.376776074379535,10.230248151637753,6.993372881839877
SLC35D2,5.969127282848856,11.539961055889986,6.024915114187653
SIDT2,23.406126676260012,9.484216563131296,3.0858778876664235
NACAD,2.170778156483773,5.106892013787934,19.80427598826121
UTRN,20.762778874004095,12.030253972428254,1.0782106637559632
STBD1,3.4033150821078957,11.744067622888867,8.66592883409618
KIF18A,1.1518416198706026e-07,8.007401978739374,16.78196932684584
MUC20,2.79174389151803,8.701649796607157,9.329895813735844
LINC00672,9.725933088084696,9.386770613076687,12.56788200291342
NRIP1,15.013636648342278,9.339938448545997,8.113955260726426
FAM207A,0.7032375438792072,11.605413986776277,8.678763796998584
SOX15,0.08623994734977342,12.130145479579154,3.9428792790693663
UST,2.4075234489980057,6.916824675131942,12.559476019839893
CDC25C,4.9227705823520124e-08,7.02226806196066,13.219195152385048
SLC27A3,7.053177393307662,13.456517308650701,2.21858144371878
EIF3CL,6.057363135438486,7.388804750407856,15.024304600846811
GCLC,14.576612784298716,5.113884026086884,18.75112918758457
GNAZ,1.9037005066243953,9.283541065457493,16.4874138625738
TMED8,1.7931905949159217,9.55236973063604,14.102850946794854
STARD13,7.929565448736894,8.614501635731793,9.967609848919793
DISP1,17.609370755859477,8.609890649909085,4.428831702397207
NPM3,4.760068320806976,8.56283183349876,10.054596961951397
ORC1,3.2804196646946475e-10,6.924843290533679,13.556088072711372
SEMA7A,9.65072447372531,5.653187329374258,17.006980569048057
YOD1,6.204045676118472,8.85873071638415,13.27552348268259
HSD17B8,15.309317031913144,12.540472396284539,2.2951822079050963
PELI2,8.077324795525264,8.278960645325395,11.498571032494427
SUZ12P1,6.9166428733323135,10.947679200887764,10.989520700880536
PIM3,17.32378359157627,6.182859533528956,9.983465388753242
C14orf79,1.0902673529675277,13.394530718903992,2.716221457113556
LOC284581,4.659384879717112,8.168314517759814,12.964403267034958
SNORA48,18.575434431995287,6.42261758358724,9.30401029255731
CADM4,1.5372420057245667e-07,7.8939205765311735,16.01948273786687
PAQR7,10.626657603230816,11.322171728838958,4.9290517000285385
PRR5L,0.9219219995342993,9.79246595938636,9.594859898434562
FBXO10,0.5618799366297996,10.486289740991046,14.171015803938854
RRN3P1,6.136594774179064,10.388417203052146,10.956147952764475
KREMEN1,8.47292380079987,9.693416594042116,12.311762272709771
LOC440297,0.06271736497959643,6.133121125137977,17.055060966260495
DDX60,16.554612567195978,10.563359820531858,3.230084815886836
MCM3AP-AS1,2.6532365822884962,7.322486893474422,16.56879650859375
B3GNTL1,18.09742477224761,10.243584412152604,5.431099652801028
GAS5-AS1,6.596023807492666,7.048918854503435,15.391732867081101
OSBP2,6.381070682755591,11.599940342727333,5.7117689850148405
C4orf19,9.337581780562598,13.003249468531466,3.8985473287243724
PHF21B,1.8376103181563685,6.839513528059046,17.364031882815507
ZNF470,2.1007103426580933,13.436959206407488,9.758900334177653
ARHGAP42,0.0008235344396182805,9.05825567796212,10.160811205231282
ARHGEF10L,28.485504123698583,9.164715568334172,4.1767216400634934
RSC1A1,22.40069120121347,11.225812697703773,6.517973797972077
OCLN,15.818258205208524,10.281171220067096,9.624800198695466
RALGAPA2,4.459641724190022,8.136881266876832,15.548388305265403
DRAM1,23.92422382419796,10.17426285134346,0.7065271105100775
GBAP1,0.7819769515311177,6.288253233567569,18.936201085587896
LRP8,3.9173355854341443,4.197800173168856,16.40430843576922
OMD,7.504127274455248,6.868913255791558,12.989998739509133
ZNF701,1.8292554733192978,12.120882551708332,10.218118715325078
CLUHP3,0.7204196087490653,8.469216093645219,11.163256953801822
POLE2,0.011423888268534273,10.040675481288623,13.115446097397411
CLEC11A,3.345505644439592,10.185804656986363,8.412448668430361
LOC284412,1.3943831356205838,8.910812974430812,12.632834890518764
PDE8A,11.229622165544061,13.01831782378683,8.448785260640653
MGC72080,2.2068859221871646,7.411584756919114,13.634729419214107
CTDSPL,1.8504223350958346,11.935398913599265,12.901744441844208
DOT1L,0.00019816473502543748,11.496166159157152,8.694204654795652
BCL2L11,21.15568333156045,10.388886589792914,8.720799908206878
EP400,5.9849999166539565,11.386578381906629,12.067196501684444
PIANP,0.17856668327766556,10.414508903719193,13.37561692187407
AVPI1,25.17480896102211,6.241061341387167,12.210711869043914
FAM184B,0.5409610159609795,10.679375052497724,8.970036878885475
C16orf59,1.2065897615806178,5.941486429550678,15.293533844490106
ZNF782,9.563690312697252,8.809539013570262,14.238636544202214
EEPD1,8.957200625225271,12.44595038967333,9.446530405421942
SH3BP2,27.390628511028865,9.374227306890353,6.7433726581488855
LRRC8B,5.987374098163339,3.714267208461705,18.556338520199457
KIF13A,1.4088461940864303,6.910091364841283,17.41470000789899
MMAB,3.9324880902711628,12.479452475108019,11.349836916465858
ASAP3,0.8432344368244284,12.466093160756465,5.535202466770186
SLC22A5,3.7477658168250163,9.905946310948082,8.319282574764504
C14orf101,5.034012105163544,10.851088682540912,10.935474799994639
THEM4,7.070289075210677,5.28006579432856,16.3097653199115
ZNF33B,12.924858548239461,8.845406093305746,11.42842423328464
CPEB2,5.461159861945596,13.397274244870184,7.890431912863949
SALL2,1.9020857466310674e-05,14.989166782426084,8.93984481199289
FNIP2,13.551740084087191,7.779223392627469,12.43982795944239
LOC441454,7.299254930098564,7.6697870489637925,10.207703453863571
TMEM91,19.162845474180138,10.763508931662875,2.6556623512749846
CD8A,34.70775450761405,25.1215114733945,2.5238271701398307e-16
GATA2,0.00020810239363579987,32.42208269368727,7.345494396743559e-17
IL32,80.57307167070402,24.676146461454664,1.3459229387977542e-14
H19,5.426134893945974e-15,23.236528527483074,29.047543350117607
RAC2,208.44523536963774,4.473413018513598,1.361927704170182e-13
TLR2,271.3950600001401,3.193579496446635e-07,7.978595474380215e-09
MAL,0.0038830372327239467,9.410461641773597e-10,92.89163841668886
LOC100130776,0.0014371257634509952,3.6229111699765617e-10,83.63088767993312
GNLY,47.556838643576825,23.781784443566828,1.1984959914587693e-15
HLA-DRB6,247.61005071152482,4.3253120360421135e-10,1.669600939133151e-12
RPL21P44,5.804257653379684e-14,9.634514743850352e-12,77.25206712642397
TNFSF13,277.86858827807765,0.3345070534210881,5.280843488807765
C2orf40,5.443290825558649e-17,33.140016843104306,4.948231939346156e-14
IL18,262.167725748254,0.009400535834748043,0.0001903582012470973
HAPLN1,2.5938048461473165e-15,13.770340276588014,45.85969600128374
FYB,257.27990573525165,0.0015108796441976682,1.0609893758911178e-09
CYTIP,94.91993103976584,23.10076145188785,4.3928726203935054e-13
NID1,2.052654800239899e-15,33.73413631665588,47.468520294821744
TAC3,0.0198293364003998,34.68589904626462,42.21218180493001
CP,1.15757118996804e-16,31.280147827102013,7.433675351822804e-19
FRS2,16.657834127477752,5.281182617179801,70.9451848789249
DLX1,49.76491533887622,9.74072652043022,54.02979262095714
TNNI2,5.114154922758709e-15,26.558322484513646,2.927684023224538e-23
GLIPR1,251.33679723470024,12.485570992007048,0.0019474265187214138
SORL1,253.12179208845706,8.420389557193221,6.432885207178037
PTPN6,246.6964538658636,5.107371126053993e-06,1.1075738138009641e-08
SCIN,203.2622498211911,2.4254489128681564,7.530438745641647
APOBEC3C,158.16903437222308,38.56468490682442,0.03766253680138326
PTPRCAP,50.03179591095268,23.335676381102694,2.3634959058477756e-10
CFD,215.97415596043354,1.525895570783363e-11,2.2888766443248456e-08
SLC2A5,238.72932659946014,1.4713314091922824,0.7150086596204571
SERPINI1,0.010736135483934822,15.570096321682632,81.23592169920623
FGL2,227.9484003887531,3.7986912466301166e-08,2.188294822415275e-12
SLC7A7,239.06697852387174,0.40362502977956144,2.685280452655587e-08
TAGAP,237.98475156394633,4.168738924771209,2.5323422796664606e-10
CXCL3,79.67453793896296,7.959287378107926,22.746251755661543
CD86,241.64285527579202,0.0006047484868177296,2.976696829804615e-06
LST1,214.04528698919174,8.416643377983132e-13,1.2959503657902948e-12
COL20A1,2.8982275559110803e-13,0.0008263392763453316,102.32534828133358
PCP4,2.5741026759708916e-12,23.46776950353302,58.25364723408367
PCSK2,7.013671323472514e-07,0.49277015613864517,51.0393993830001
CTSK,5.8041649933110175,55.31502956232069,13.63177891820171
HHATL,1.7256529000274107e-06,3.674869252155222e-16,71.7210887412245
GNG11,2.88036429228383,54.30825078227929,4.884200403688474
SERPINF1,146.96787940998433,43.6942830934292,1.6698539554236596
LINC00643,6.819716990530758e-09,1.7064787079276904e-10,88.56208266533095
SYT4,2.9836530242532187e-07,0.0005482462418912626,62.663565426598495
TUBB6,13.6015274453219,61.07344334943791,14.46273029346055
BIN2,199.5408246313182,3.606477508818251,9.341016033567718e-14
HCK,221.39649540627815,1.9777249294021943e-08,2.2360157488952514e-12
THBS1,82.43749908763043,21.612541767793854,18.7584538593448
MAP3K8,158.3546233010573,0.027622306176407575,20.543328060307225
ANGPTL4,46.017213189243954,56.07693362824105,2.0683856564550744
IGFBP7,5.413974410417561e-10,75.77169175250042,0.00465460421038721
AKAP12,2.7637304921230663e-12,65.54103749887886,10.788222608104425
C5AR1,182.86395728527143,2.520227292746064,11.495700607141364
BEST3,19.50516968667404,1.4301067657689368,79.52999100829834
RASA3,21.56546430612609,51.31811311619824,0.34305643057527724
NMB,0.16413701170816275,73.34409707876712,9.299001687642463e-06
RGS19,223.98596779785032,20.887075027782707,8.418470779738346
GNG3,10.444951781743386,4.144980352751662,61.90452536854527
THEMIS2,205.70717661730137,2.5824244581723654,19.59994721750962
GJA1,0.00013979284143262295,59.23430954360397,8.229713766169433e-07
PTGER4,199.6002303153981,6.472467887825988,0.5312730286521916
CA14,11.522323779721361,33.58885574501652,66.89877825461367
CECR1,199.12348968909734,14.019000375476319,0.6608640653228718
TSTD1,50.75914182360162,70.1946145200213,0.09258666116886854
PDLIM1,3.119852092235968e-14,28.301040355853868,45.667913917211735
RAB20,167.24156487734825,30.881767374456217,4.284594602072471
NSG1,41.0854054352848,1.3865419689748637e-06,72.15743486088746
RASGEF1B,146.66685790845648,0.0031598269978174547,41.48309739472486
WWTR1,15.073063235489652,58.977645922499796,0.008109585045709116
HNRNPU-AS1,14.335333128946692,53.25573102533818,31.118740547913788
IL11RA,8.888080295927963,36.733007226874385,17.712811853312573
PCDHB7,0.2207262908565696,43.37791787570756,45.3125852128813
B3GNT5,162.4139291413006,19.977394514436597,31.74089035561794
RPH3A,32.62165978500945,53.47483461201348,5.609781903892466
TNFAIP3,127.00910544594545,24.55158847209257,12.80365916977462
SIGLEC10,201.4018427290846,0.946867308230189,15.220571546173609
RGS17,10.305769627833133,33.150515305516976,55.30454293075893
RNF149,221.63052228021238,17.67042599968346,30.56662831164653
ITGA7,5.421328297037794,88.05965573871296,0.00010652229086651751
KCNJ10,4.0978666145844724e-07,34.32900199040114,45.71892587836243
TNFRSF19,1.2664915240563301e-11,78.24523196065446,8.944887315052574
PKIA,71.78079555827301,0.08284003735732794,89.77759404420398
DNAJC3,84.7830300019097,60.646310235798566,11.434995164652449
IFIT3,64.30973791753495,53.53419355448051,22.94187049883911
TTYH2,12.310454430735739,22.465668342503474,70.92206159520609
ANLN,11.695303655691081,3.525059702028936,95.15173479997821
MT1M,31.46893067607138,78.29642946696832,0.39549942341005045
RECQL,41.56612351714242,47.325060890165794,42.81427291057319
HRASLS,1.7114896502110253e-09,6.67787125907507,69.96298733462764
EPHB1,1.7459546147772123,0.21230210828434648,79.36437427747966
CD302,208.98057856973946,19.341441593931023,19.485897804357233
CASP4,150.29538999157683,40.83508655257885,7.988737041225017e-12
ADAMTS1,6.550992936382359e-06,50.598311587226895,18.875098106035388
CCDC80,5.2531424392132564e-12,65.05340818755678,0.21007790966603979
KDM5A,22.371968574008385,42.72266341576791,47.28830777350712
FMNL3,174.72612654840063,37.65258504130564,17.689198247952387
RASD1,48.12624110887376,64.22944838438902,6.379554531711524
FAM5C,2.148064253112498e-12,35.88631180003698,50.31780795562103
C1orf56,48.75507268862658,56.84133265572522,27.729733345162344
UBE2D4,54.6779460252584,61.34105104864364,27.664015430240582
NAGA,201.92035906940797,17.37304573456794,7.738553458152339
AES,7.367839455197637,69.53143528330322,27.915443943076312
LOC100507463,151.48474753642296,31.26378453168517,4.668225992871969
ATP13A4,0.0021660740022554237,71.88384392482374,5.3429692006945615
ERBB3,4.362624614931647,17.776534343144377,74.67897534603686
LOC374443,100.1579548117591,31.477735951798042,28.005437996191105
BIN1,114.4512029760648,5.830975688472417,81.1594042918201
PIPOX,2.2264420150910755e-09,67.60607191067007,11.561289884007023
PROX1,0.7269403796883269,20.850191842252325,83.9896206584287
RGS3,1.9883337097712455e-05,37.23818841778029,55.57970438142965
RGCC,57.714447838171715,28.747204184408677,42.03301476739812
PPAT,13.578978146020516,29.796580456012645,67.90011639045902
ARID5B,56.90114021245982,60.36997100922779,14.19565575627769
MCAM,0.0010753199024308429,33.48935117328892,79.68602689086262
PSMB10,179.89768183811398,36.608482307944364,3.615761149908728
ZMYM6NB,170.10598726807666,45.4911999790669,4.633095880448341
MX1,80.22002844752615,44.931683898551896,10.329442510855923
SCFD2,21.789173427601288,10.61802796144574,79.00829494705074
LRRC4C,4.0238587856771635e-06,28.35249681201727,71.55993067999215
CXCR7,0.26279757986371,30.301120691800897,96.09926147879435
NDRG1,47.040369727525324,49.63786356787341,23.474000857061217
P2RX7,73.64385156913853,17.42591283855465,88.5739237881791
CD97,68.46871374420208,55.1558659619965,2.4790000160657506
GAL3ST4,161.84942375495604,30.19202993036025,31.213082259899
DYRK4,9.49034012605503,37.96231882020964,40.618175598321905
SLC44A1,23.34110108691544,7.316045828500454,87.32661376043993
BIRC5,6.873875290643914e-07,39.69622080750702,82.65525002753307
POLD4,184.86059784708698,31.27500538654268,3.506904434489324
LBH,62.21689145451641,21.952057007217988,81.3697496731488
PDLIM7,33.33128032257431,56.10393983858647,42.41015093009265
SESN1,143.93466373785984,46.306843927337745,28.537724152515906
TULP3,8.952350942727463e-10,51.53897240846784,35.22738856062775
CPQ,72.07266554016597,51.79694831957367,15.33137579858044
PTEN,63.41405298283856,58.71067829281906,21.020261857274644
REV3L,0.015953987790648813,33.013799916067036,88.97331693061335
RHOB,87.31691629333935,43.04085550870494,54.52079811537506
NELL2,31.282198046245252,45.772682325922176,49.12558983195337
ASRGL1,3.9396791810446987,19.94219204509657,117.38245885901543
TEKT4P2,117.81752853287365,38.76425479694241,37.51327832226626
H1F0,39.3637848615418,36.62388035226383,76.43633185861145
NRP1,97.75152281887604,53.828778292531155,5.814346606160263
BCYRN1,15.635580671755793,49.68603083143941,37.66153415726163
MYADM,41.713742793717415,55.86628492000468,49.90662914897123
TRIM44,24.121910782041144,53.4007579588736,47.185316145406155
WASF1,0.11881530945981744,16.571017795995388,90.53351482719614
DST,34.36281768710613,61.49018555567989,41.70035962044915
SMYD2,32.91000693395977,64.07810241862106,23.095763271217603
C1orf198,23.503822981883445,31.325805675551845,91.86970130751652
AK4,1.3494974149408403,76.89957790444602,8.06295994555771
DPYSL5,2.5742088068998443,29.513578318967063,94.35435939163432
SEMA6D,1.3874508456902514e-07,68.06921666305637,33.327378354627854
ZNF649,5.148499639627011,37.461566325193026,93.51686851561024
FYN,2.73843340070701,43.35721584308984,83.4633229454424
ATP2B1,39.29190647662507,58.794879640042865,19.85275133636442
TSC22D4,29.681050848059787,51.661801897516604,47.23521522043919
NOTCH2NL,42.53830877935401,77.70158456532039,15.367859849053106
MAPK10,18.979033713641645,24.48349047653486,82.89661052697862
CDO1,26.003195163309446,43.240638388953435,76.04432316436568
KLHL9,42.493837842891594,24.608187480972386,71.62535297107004
CDKAL1,21.220405133923915,30.92064566375952,70.36025299106768
ERI1,61.221453945039094,61.21453030082938,12.887643352750995
STXBP1,11.494238119522466,21.614091795680775,94.49390133403121
FAM171B,0.7697839416158925,22.09303382223079,90.52758606989524
TMEM45A,0.06613177352886954,43.24327559349713,63.80212844652641
SMOX,26.496590882901394,82.00023474140991,12.364444304139623
SLC29A1,151.69771278808983,23.98904658400736,31.86615151212943
PPAP2A,51.66115880499157,49.94748771053388,63.38190565876597
NOTCH2,39.58671010828948,79.40029988538429,19.16764378973065
UBL3,73.87603660869848,47.323964006784685,55.99830829614784
MKRN3,3.9638081536594325,39.96596381423681,91.91157315572049
ZNF462,0.009049128665020273,27.196110627757026,79.09391298555911
CBY1,3.4777724026850856,61.02953193407639,56.30024695491341
GRIA4,20.551719528998596,40.813133751469465,70.0860219721641
SLC35G2,2.4717419053235266,75.61723615348727,31.21365784293098
SPDYE5,44.85039175112625,50.67763094214316,47.615828623801505
MLF1IP,0.023729829323557643,27.525731811865136,87.46331072775223
PYGL,89.25620940426714,61.122344669924274,7.539317039716329
ZNF83,41.27552592388082,67.92843000496389,36.09468550788581
STAT2,70.09017846632298,71.0689203681805,19.82163827872839
ARL5A,148.30461843320126,41.00547842190678,49.020823424275264
PPIEL,44.18178702120496,47.46037921458251,66.44156412905298
FASTKD5,54.63485693890546,44.81092628521822,46.31629925378824
MAFF,53.42340326982352,42.26903505487535,38.88782078664133
FAM46A,56.071138498486164,56.934131734906266,13.071476380123006
ST3GAL5,36.32834219389801,21.81170824423553,89.20078969614383
HTRA1,127.72685521930948,54.93771843590029,14.567502227566479
ZNF577,13.042744294087605,76.30286582624342,35.140103005222684
POLR2F,0.1776803547438729,48.65768854864577,82.5754808589674
ORC6,1.0265617289289168,36.74680898742481,94.38011652157536
C19orf70,32.48972671916168,79.87486565438549,20.19802587795419
RALB,50.80812946847579,51.533308041683675,40.369615596206664
TMEM243,148.3599938530377,48.795767310985156,24.212410414823346
ZNF573,34.45387402846615,50.18999309206581,63.88987249488068
CENPK,0.1342181236897498,37.753191576544495,64.28237575143345
ELP4,25.100005088446363,72.17816677073426,36.91324959213309
ZNF384,5.17327437694475,46.853186612935616,48.98379063121419
GSTM4,58.55932791462194,64.98354326525087,25.562621376460612
TMEM160,0.4332137682944424,48.611092207996364,59.52148787571858
DNAJB4,83.62406522181108,39.108994521620126,66.65724825267603
BTG1,98.49684926615686,37.37864498599216,47.100764773711106
TNFRSF10B,65.09107002275101,47.74824986441402,41.11752473478167
ZNF883,0.04013282430921237,37.19580025252303,69.75178386651977
CCDC144B,87.56149337057407,29.698157998762476,59.07176212755622
NT5DC2,0.012874012313739193,42.450799473729255,72.27973566501473
SNHG12,73.2003475098949,47.757067411984956,29.973211583838165
GUSBP3,26.862560940505816,41.20610337416839,80.66810548484555
ALDH18A1,0.27753740282220124,42.93199265934501,64.89369848425775
TOR3A,67.63883864735891,47.25566165456225,56.94932152219397
PLOD1,33.59526139694815,82.04999623710357,24.860068386898725
ARHGAP12,42.774015926302084,54.0882473502001,43.172505838922156
NUDT19,56.98444711799968,56.25245216723164,18.560413910725796
GAMT,13.480504850679411,65.53062943444164,55.427612660023186
GNB4,85.33460773709868,44.71915240422866,42.68658563837478
EXOSC5,22.7440788374755,60.31447931795172,48.682666491459166
NCAPH2,10.530587905598972,42.713837805269186,89.37872453902415
UBE2D1,43.76488532138536,34.36982681766117,70.225299008485
PTRHD1,45.628369268426965,74.99133394507705,29.45997136381735
FZD3,1.2380380842686134,62.86517681094113,45.88196021764499
HIP1R,4.9018074488656005,26.64083619812211,83.18690112194957
TWSG1,27.196994435863566,65.2590879509088,21.263718432679433
CD151,0.00873564996034067,74.6087748843673,13.268277921735717
FAM69A,27.096189600577524,45.11308674228963,56.74436387544841
CEBPG,68.71528834639258,60.458106932373184,40.20424760015671
MYC,69.39989732010642,52.087276217566924,31.263177577841287
CERS2,47.88733457985869,45.1662371553884,74.07014189114197
C20orf27,95.69624891341084,56.12454989582391,33.994933683382065
FERMT2,0.16679291133526272,72.43334291104266,26.013732722699498
NRSN2,15.51713930468283,60.07500106900696,32.17330466043033
WDR85,16.016192852050484,62.4355566369676,59.850394310475615
HSF2,13.22059303834471,32.40649012055749,88.17613746608653
CTSO,76.13954728901443,44.511881618654215,33.77567239969702
BCAP29,43.850857816678264,57.46529881299786,57.91883670836867
CRY1,18.255954243890482,74.12350215211636,38.81209444285529
PDCD2,15.36368395111451,64.0835159484572,48.674648977219924
ARHGAP1,30.192719555783917,55.76961960338042,63.63540731814762
C17orf89,15.0033439608496,74.47448488951797,43.15339386765683
USB1,42.477974842813275,38.77165104443008,58.87288313351857
DUSP14,15.6481318270804,61.132456471502586,48.39800203881596
EXTL3,2.121800415007793,63.63106036225415,38.53318745556814
XPNPEP1,21.308238658802694,49.15819987639885,76.04015472233526
DEDD,29.347245697591077,57.189125934294175,65.59917819041284
TCTN3,19.70953647551575,62.385441421991246,31.717870986024543
SGPL1,51.584441371399855,45.13527077256463,42.92496688799871
PHLDB1,2.4364388504694805,33.439785685326946,86.28066792298299
RFC5,2.573278619975072,41.00304216664929,74.8998063315184
TMX3,16.958055087008788,68.3951104503407,52.698990989760205
ZC3HAV1,78.51118979080165,55.95590937526243,19.171494316131472
SLC37A3,25.784265959117377,45.1346220256315,83.43910036395738
TRAPPC2P1,38.48639061862374,60.31933946874502,56.249113674475346
SHISA4,0.28793735306817514,57.79317566262647,60.55437291302399
PGAP1,13.13510361364858,41.78575086176371,69.87575082650115
SLC43A3,51.683031497422455,44.12462982143452,54.43582115343618
MCM6,11.894006730887288,37.30833659769147,78.03671345300029
SEC61A2,2.0958450866691676,40.294958545165535,69.96667965231077
GALC,81.57782932162768,43.631076571147545,35.44009196658889
TMEM120A,36.67540744526485,70.61839282764988,29.221442603603496
BCL2L1,55.72687503121712,68.27319371853247,21.62457279403269
RFC3,1.6339876661128554,41.88919735695718,78.60534394826679
KIAA1715,47.17705971541395,46.54838183266327,62.59105383402874
ILF3-AS1,36.380114875037734,63.45239546254681,42.55276643205383
GTPBP4,35.468130965539586,53.592997995979,62.49453035219804
CHCHD6,23.40192765582018,50.2877095772438,63.343886927366114
ZNF181,14.403183038913424,62.67561951657335,33.788951787464725
RCBTB1,54.546744000683425,32.66917292997028,71.21825291646724
DCK,135.47616716296838,40.32262750798943,56.020698384047556
IL10RB,132.12901879709366,40.106204352040386,43.43659059706871
UCHL5,44.97947115731801,48.18728960145806,67.74841394598828
C12orf65,14.854879375887295,45.98937346441589,64.71442494707686
ABHD14A,33.33275103845675,61.879587555296965,54.384492749213
L3HYPDH,30.137097010911774,60.9704120167245,28.33431474054681
MTMR2,0.12397055022125025,48.1766578104328,80.46844540711857
PTPN12,58.699600628624424,48.34138563674059,59.24168604349461
CAPN1,93.8887219262579,58.88797496538557,33.675783611011056
WDR47,30.001867347400754,33.587939938716566,76.39850543567705
ZNF493,35.60376386139614,55.32587964105516,44.900697828768074
STX7,114.94088081258597,33.126523918701224,50.278927314632284
TRIM4,54.2010656362832,57.52523855635874,50.994509559249884
SORT1,28.900153739308262,40.2577477416769,55.714086538793694
C20orf112,43.62862831996627,33.10826771072957,71.34252352509046
ZNF627,18.513365360882215,53.1280976845234,65.23809101530925
MBOAT2,15.129689163380226,59.18595258112125,55.692939104435645
TIPIN,0.6261851891814338,42.520247005902654,63.73728733830929
IMPACT,26.768769850174337,57.464457743703534,66.63268243857833
ARHGEF2,20.161735615311738,51.00585833349707,74.30112397394504
CYB5R4,100.10164165254646,24.145090140771995,61.46923609321733
RHOBTB3,23.0090856448961,50.435741935401616,60.579350195848455
DEDD2,71.22715887221649,49.49670896486287,37.83266656316051
DAG1,0.26046281708711033,75.77284453061853,27.512713557721845
ADSS,44.46193075389987,49.644310890182055,51.78990323234418
ZNF669,13.109068688015485,31.346054348851652,75.65378249348163
PPIF,71.48502641363382,39.16203055002551,77.30739105824452
ZNF568,12.822174883235503,57.95809006708733,46.91484265211971
CHCHD7,123.55328115572439,44.661270594694855,35.850716168881654
TMEM97,2.1149800913211463,51.07112541377839,81.29290025178699
ZNF286A,18.72974860102814,39.01355064997899,74.39793198282878
C12orf45,30.459174480748192,44.82452941770057,66.13285415871373
NME4,6.425197575057903,61.63252792811444,41.89806841216967
FAM92A1,0.999980722626686,50.22446018338895,69.53895775696853
SQLE,4.566823440664313,56.3506632302711,70.97731803115164
MSRA,37.97667228143567,37.23383681577624,74.1870277670647
ZNF227,5.549773834345845,54.135744639689506,53.10588631454972
ASTN1,2.344772608400537,47.4123002935337,53.983863509425476
NDUFB1,36.007401573027835,59.12484242167079,38.17306549774946
UBXN2B,73.17650149952603,50.78849366270096,66.07940683414857
SPDYE8P,34.46709797731715,41.43683749216492,56.839209523112835
LOC100288069,92.5659481593663,45.48603187784187,56.59276959941015
LOC220729,23.22655351126565,60.43905157658837,56.19702620625625
TM7SF2,11.461940432896064,52.128369049788006,57.861589227146986
ANAPC15,34.77786888673345,62.38978634677911,58.45706446843772
CTPS1,15.652391483211158,32.37856088543679,78.35208033812896
POGK,24.608711520209475,41.46588167373449,80.82812956069941
C12orf76,9.353888044534923,62.703573817465724,67.48797267571351
IL6ST,81.99143108198639,62.658575869167855,20.993558384236476
ABHD4,31.67147673289247,70.03200599677444,33.060590814314345
SMAP1,13.986435170460366,40.92323484555022,79.0446782688857
FADS2,5.073599035867792,52.66667619638669,61.27658653792251
RFXANK,4.837569329363501,71.19147151789224,28.945743454180487
ETHE1,84.59406091352947,60.38614864753298,11.621971445916678
ZMAT5,39.692621356295,54.785709608000346,55.136959911890365
ISOC1,30.548863117637556,40.988330806986106,76.75956620195588
RBM7,60.793185665650235,52.00932092612365,56.31371324841071
CYB561D2,92.05947090869978,55.65686665421563,27.97821316030776
HKR1,41.140702314118165,67.35884191354668,41.21030111765577
IRF1,96.78380088014866,43.96093361717695,38.655201517887996
HMGCR,7.348642280177575,57.239477875643935,68.00219553526388
FTSJ2,39.031489125104244,55.05703145618253,63.9383419577443
RAB4A,0.8331562127761954,64.00874484609379,42.39702796530802
CBX1,10.252450150961185,39.73433287998229,82.55696809204528
ZNF512,41.13109903959311,39.59760761462243,92.92811856368506
LOC100271836,94.9791375949534,50.82348106409218,36.943660200587715
NARS2,12.811095221883244,37.40398336720704,78.87432942144862
RBCK1,63.37410569273245,64.64262478954014,33.51686511049278
SNHG11,23.458679083129503,57.94707141185488,42.720514707804234
C14orf1,19.217671493279482,63.54536493170019,50.14802445507294
TMX4,17.248620772120546,57.866567026628,48.798951924645486
PPP4R1,2.796582497652809,44.11302687066234,62.816408156074765
AAMDC,21.02644197268909,61.36885480423915,38.42643386672323
SDHAP2,40.36003026593444,51.32756924576183,51.866034973812745
NKIRAS1,12.787518585394492,39.61175806952896,72.82958115647098
TMEM161A,24.263972384446507,72.80228334691523,20.59736046561244
SNX7,15.348382182043116,54.165972329115796,43.42977246619388
KLHL11,6.0054603953973045,55.757728126453436,80.26047649574339
CDS2,30.459254934241415,62.27880835290685,43.38879943691422
AGPAT5,33.30437113039916,67.70935276202792,18.73779511072285
SDF4,20.590796434110032,80.17446556165311,37.17770158728723
TMEM168,29.52770842045632,49.964715586256155,48.261922755964605
LASP1,80.59969140244547,59.56650429535872,44.72561139833864
CDK5,16.995652089374325,54.46590240614066,73.12253450718023
ZNF134,32.06826497622998,65.07076687314657,44.783851712715226
PYCR1,0.554826638544942,59.0626713882433,55.9034179564298
TRMT61B,36.994505297789615,38.925659655338315,86.839826701939
NUP62,44.19308418025248,54.54506717156197,67.2419226671095
ZNF548,40.04717701121795,51.925136686195515,62.76746524586003
C18orf21,18.005975799923082,48.42899447010375,66.64627208045897
RNFT1,63.88532539806053,52.764573811554165,46.646461790820375
IPO9,7.218546641312289,45.293412132648996,65.1203451666078
SBNO1,34.387756244924724,44.71782362343372,52.64836180209325
CCDC126,46.071407678008946,31.805375126110086,68.25629893417667
SLC25A17,8.121848666453857,43.47442429013123,73.32198824838724
COMMD8,78.62350228881607,42.7826216464633,41.21095764878194
LOC100132352,51.71074195227292,54.32243370724028,59.15642388776404
CERS4,8.858801855904087,51.35164264124708,55.91036058518697
PPP1R10,46.07563880269532,42.5562207572842,80.02605192270352
ARL17A,43.283364529127745,43.00390804667535,77.64295244562226
MBIP,32.13510270493871,52.328317562399484,75.73301068403433
PFDN4,12.421932982285337,46.47565182805025,60.687292632044304
ZC3HC1,26.6147000003228,53.90546248933254,63.56342862178014
CMSS1,10.426909610700074,52.30789234795865,70.09343413248891
JMJD6,91.51971171069238,48.106281803591806,58.18842921493198
C18orf8,30.50481510345591,44.205741818489976,55.74253762170737
ZNF397,11.635410728222888,40.32824908601904,64.34208081932864
INIP,64.24966263261496,34.9318937681979,85.91457252651792
DDX23,22.64178136557782,59.27456129264354,62.99587602756378
RBM28,20.776904085235472,47.29786780099523,67.55125321980026
CD59,67.95243013430026,53.52445355124516,34.557345371342834
DALRD3,16.99740767180141,65.48442191027921,38.89924724475722
NGLY1,60.781805634200325,64.9205070713251,39.86225679886822
GPCPD1,64.45764896991713,49.03450824009371,37.26064800835798
ZNF7,52.02884920206691,47.82718287500097,77.29971666376036
RSF1,18.794297525191986,45.71639254079314,90.77237367167619
PMM1,26.864019050218403,60.208516431320646,50.037972288736924
POLR2A,35.30468775420841,50.46126875906444,48.65490141453545
ZNF506,30.085969925860184,53.40642836106059,63.831553943506414
PET117,19.885339882384006,58.44836298036254,47.798305249997874
DYNC2LI1,24.893622594255334,64.31823239498186,52.45964600996162
TAX1BP3,91.43428149504878,42.757726309221965,46.45407392281311
GALK1,55.907231672027315,54.82960325947236,29.486051495223954
LMAN1,37.50672920032179,63.761485608415015,32.272441191114524
WBP11,27.864243726739957,59.57780221619118,54.60827006880573
GLT25D1,94.55456858526072,59.25618702489957,13.743356762266195
CBFB,51.19199104877017,63.63721901359074,52.724084871505966
SRR,16.002171720261835,53.75975555809923,63.79261587093267
KIAA1279,18.341714606193225,49.726883092258035,80.88870588565405
MOXD1,0.9426233578563714,141.28301826114154,2.736164937992384
HLA-DRB5,709.6660456366037,6.333655675694199,3.453630718805884e-07
CTSH,781.1352291936728,1.3109705776729616e-11,1.6848454317208864e-11
MFAP4,1.607174572770316e-16,119.67863175858487,2.8083152197474947e-10
MAG,1.608933276792002,1.1574733780808273e-11,295.71472007236184
CCL5,189.20909513942127,122.18101032689624,15.078045122197905
RNASET2,815.423047289357,21.303721453584433,0.29400621569955643
CORO1A,745.3196336323629,21.863942813135992,0.0005294714072573784
CPSF6,59.748634777739646,11.063064264261667,258.0503533136397
CNDP1,3.5957696316025386e-07,3.343411005029547e-13,275.7709984285286
SEPT4,14.069258332984758,0.00013903769199485945,269.29226916287536
NEFL,17.778304794730573,69.68013634830007,57.47045034647382
ITGB2,725.3097338493235,1.5886842196495567e-05,7.892560442190374e-12
CCL2,620.3581503658996,28.17551451592059,2.394618966131942e-13
MDM4,5.559970179090369,56.19495440417393,174.82486335122888
STMN2,165.60458919821758,7.299576160037526e-13,251.33421101994307
TMEM176B,445.0345892927327,161.69895034283252,10.700808181089899
ID3,12.977305869904656,144.51403704123413,10.200638099147536
CTDSP2,49.48961947265842,15.766134385079495,185.9061285340155
CDKN1A,251.18568149736484,148.36684797663102,94.311273333137
MOG,8.172507255472913,1.277115958351306e-12,262.7930296882049
PLLP,4.659650806990155e-10,44.288439378674674,290.2141171750634
TM4SF1,0.0005988016600499866,135.69036787745753,154.0192647188509
ARPC1B,655.1074478260015,39.70334017342447,0.01072699720529264
CAPG,635.7338787063426,63.43894958128569,0.09827123521412655
GADD45B,340.9321340314097,170.03104345957865,31.945234506336863
IGFBP5,26.476183500351084,155.15090977276952,19.31407381508971
PLAT,4.785704972887066e-13,118.95967918374353,166.49818125481357
ZBTB16,96.27761114434868,144.57927347910962,151.07726409568116
LHFP,7.020084525506877e-10,232.02998046391264,60.59936424125058
NKAIN4,0.15652960968988305,0.05697062031523618,292.08728367830776
FCGRT,590.670338844864,80.05849979089675,0.000580527003606245
PHLDA1,3.415507827725175,140.32688917204771,184.94896860338505
PAM,17.587756419589436,184.28184576566034,8.700650553908734
CDC42EP4,7.157862810846118e-11,211.2260500258738,18.853575099099487
TSPAN13,67.99051883524585,31.185846248634675,304.2774378370957
SCG2,88.08714973250251,153.78569636529681,77.4402850041859
HIST1H4C,11.714305219584588,143.842605973925,222.31977667126023
CHP1,186.85719422119146,164.4703907888949,57.664441396219885
SCD,17.990748839036833,89.25064870083554,254.4767775486945
PSMB8,276.49089420356194,214.61447362864698,41.5739470348134
PCMTD2,23.84161816296417,197.70991716592707,122.77192418703962
FIP1L1,27.151035899068305,43.86573358798547,265.14852357553957
PLEKHB1,21.742040195990448,87.33424718926096,289.59152045106197
MFSD1,572.2635384303196,76.2646425018476,78.73821667955978
CKS2,73.22923737885395,109.37770011722891,260.62725448449646
TTYH1,1.1088487681548944e-12,205.17342336985695,81.82766460461252
BSCL2,29.862561149831773,143.91452263634508,145.20427522221544
THY1,10.087948566700707,73.62925115805596,225.65066438807256
C8orf46,6.416559804040332,84.92263936192627,273.28861192742005
TMEM59L,3.7659314504686616,172.37799572234405,94.0998063269439
ALDOC,106.79616684307193,135.14432172869112,112.02625512266927
PHYHIPL,17.90705769347657,62.27626307297225,251.3780087871557
SCG3,14.13341322394445,74.81538817830607,292.74978197515037
ODC1,2.190918782400352,96.44452559117329,211.44276004083693
OLIG1,0.0019038486150428774,112.27236442908459,219.199364180581
PDPN,111.95665547674359,168.47147930549247,74.39950544540879
CTSL1,496.3751334425262,136.95103447815083,67.61966290902345
ING4,55.60164785507562,152.39214996863555,179.76011914859222
PSME2,321.0957223806013,214.20217101008595,61.17023165478192
DBN1,16.26186616117736,91.29771041881823,290.2159728888124
CORO1C,109.24852178185067,111.21473141475376,283.66965823494826
PAICS,33.530619047231916,147.3760859276461,201.19240178208793
NRCAM,169.90995088880754,142.64468826299571,120.04259552661782
PHGDH,0.004891630791160975,147.57143495738686,222.67494333232668
SAR1A,113.88188180870246,167.90025568185862,122.53065119805039
TMEM106C,0.3082850537255267,129.12033094505327,175.11676558257042
CDH2,6.913477767106934e-05,194.52838183912527,130.04870421762965
SNHG5,260.6229175320681,119.18507804207583,120.90736717138302
SCG5,119.49230386487186,120.40378346796084,207.2734901747043
TYMS,1.4929441928846582e-09,127.29282978876843,227.242050294016
ARRDC3,163.6453310640266,174.15098228921437,146.69815332910312
PDE4B,42.99465437227236,152.52000455951006,159.4536585841793
SNHG16,14.259677263734499,155.1807174788621,195.56677169056218
TCF4,35.925146145626705,112.6584098192967,250.43664849907722
TUBA1C,70.03743704773302,204.0327887498275,54.38902396687469
RNF130,423.5477915815403,59.75921134510582,196.64340052685498
CTTN,53.168428085723214,172.815217724596,104.19833332209586
ARL4A,4.104083942378805,169.0192977943179,142.69397254165278
PAPSS1,40.263382165554475,116.74391212276616,278.1094752195374
MARS,59.87012789813163,161.43702393716248,172.98870456580076
UQCR10,137.98245448033396,172.0511927530896,93.03183658908216
GSTK1,365.4313549658433,195.7548647808359,78.16413360270903
ATP6V1B2,384.19898754931745,128.40677460245502,111.98714027230031
CPNE1,115.42706403158553,215.8437285093441,90.02692457788888
SQSTM1,202.81844184390317,188.79520255873177,87.60304802527865
MCL1,330.12978562988184,131.96963006374506,152.09908963964642
KLHL7,35.09619137681677,108.38781268759887,262.26266685502014
C16orf80,50.016309511792635,119.36213897856182,313.260611200438
ATP5I,106.89678164968869,167.64964862350595,118.23622751154082
LEPROTL1,77.72097164481166,120.60991792982767,246.53335990044883
LSM7,11.004345252320782,210.89034370170248,195.28940838790126
APOA1BP,18.97265312524728,163.56942485312084,205.2536728949256
ETNK1,152.82699489422808,135.2936525275975,154.72083686908377
OAT,94.44444811373776,127.90307017571789,199.59289800922463
MRPS26,30.369378365260093,208.27848679257997,144.30718613979917
USMG5,113.61122497768474,164.19701301726568,158.60590458668295
CCNL2,113.97622218582708,226.11451097977778,89.63643923325839
SLC38A2,163.99536972215526,97.24932784594725,220.4325611627869
LSM3,43.08721843323912,160.12915050087958,208.15186580519944
NDUFB7,56.55631472195454,249.68598292695248,122.04341842018917
BUB3,39.18823048158623,115.65690654136051,222.34040698886812
IFRD1,246.92909873196984,164.41907070332294,180.12740917678025
GTF3A,250.90248615140382,139.6704680230318,208.47265028246278
BCHE,27.283026906984276,143.6312850411927,219.1732702291579
IDI1,78.4494302253771,130.735779444814,181.43198621847586
SMARCE1,75.33358472384793,138.6090038226584,286.5559738004305
UBE2L6,212.40830701081012,209.71454412076548,124.76272614186438
SNX5,153.06143994485026,193.07775449193824,65.24996316921599
SHISA5,109.39715806981663,184.23590420455955,112.37562418385099
TKT,193.03836340541187,180.27561249858402,167.95913229322176
MRPL32,125.2957872165099,171.9574391380793,225.891971856787
TPM3,425.4118403544535,166.01940573946956,144.77453315857696
ANAPC5,79.76790199890237,172.371555889715,224.133566480071
GGCT,39.49379845692674,148.73679869146187,190.22176490653695
COPA,74.05732004792596,130.76190096343296,203.4546603363792
IDH2,99.52543796003285,112.76947381438775,233.54232554017813
DDR1,4.995570739457785e-05,171.02122742511,163.99190290121322
DDX39A,77.32369945065989,174.9471860344355,169.800896286689
PHB,43.312796764153376,200.51762294978312,196.26284535773829
BLVRA,53.8089907548169,134.92327588443212,192.85808471009022
SNHG6,60.814518645292914,146.7181228464364,203.2445132474623
GRHPR,17.864136097319058,164.63969562908036,209.5344691601298
GCSH,48.25611374068205,194.33267390618715,202.1960238391578
C7orf50,64.06896997891033,169.79595620319662,200.45954634169127
UFC1,73.3228658899548,185.68332151038888,199.9705663901783
DNAJB11,47.02195927725218,142.23332848063734,217.45765309259014
PLD3,225.79070047810308,206.6637075597679,99.13425552308644
CALU,72.27963582381024,227.81336658175945,131.67697106544
EXOC4,144.59799190358757,174.07809180857612,223.54275267645522
SARNP,41.22839758223851,172.18030199971017,253.74900725173504
TMEM9,22.449315129581116,198.57552824683785,205.59939636953658
FAM195B,41.200164691939776,148.7792254609024,189.4690430794935
ERH,49.54686096149767,189.729506089512,182.93188293211122
PTGDR,3.207635409903214,1.547186529444249,2.3847862342605336e-20
SLFN12L,1.9096467074785426,1.5518221044479403,3.86379839630043e-22
ANO9,1.84657107040051,1.5719275135126871,1.751447944706751e-16
FAM3B,15.110226977832648,1.1306739426427972e-15,6.08066386427347e-15
S100Z,15.940351057920061,2.4351095167647533e-14,2.5025443951766958e-12
MSC,1.2970312128276165,2.0820132991844713,0.16679099830338687
HGD,1.1912843031413455e-13,3.3470479151140413,6.78736923557256e-19
SPATA22,3.186158137255607,0.005954122818585148,1.9259762883310134
STAP1,13.662740106252619,7.993602200173047e-13,1.2413760557842562e-16
GRIN2A,0.3002634296455654,1.6140881422124826,1.1813408573948572
DLL4,0.4433833393378916,0.8707934972333337,2.906628107253693
OLFM3,7.116611600459694,1.4001426198735003e-12,3.0880857405102815
RSPO2,9.325511394533916e-18,2.1340871552825593,4.5193393034131653e-14
IRX2,5.550863847931313e-19,8.834349844682344e-10,3.5585002922324547
EBF2,2.0127584149011384e-13,0.8141564971139987,2.2072186550341653
FAM19A4,1.3772272917771555e-12,1.2241909562046264e-13,5.218124754732318
TSPAN32,14.561445062057894,3.7052074001955614e-12,5.267990356009932e-14
NPAS4,2.4991421200337247,8.165437317391302e-12,4.284091148720895
KRT17,2.1648443737617447,1.1765924401966645,0.828087289886575
C1orf173,4.400446173127029e-12,1.1775826420609177,3.0227171581837506
TNFRSF8,6.844421982519187,1.8295592844929724,1.9390769556971172e-14
PAX2,1.505480452010099e-20,1.7995716725097075,2.1833994679295245e-20
KRT222,0.1185119500559619,1.431024104153975,0.1624538056580601
SLC32A1,2.572479914615803,4.3950171418144253e-13,4.150116263079571
LY75-CD302,15.544207220688326,5.2965396894140226e-05,0.000991105728875633
LGALS2,13.296634182508596,6.883201319264178e-13,1.6364804831489796e-14
PODNL1,0.5009497742303975,2.8639341677555685,0.04198773703952406
EGFLAM,2.3910467207652615e-13,2.2482299456615524,0.3835623070333763
TBX20,2.1255578914352385e-07,1.455256740778286,0.12013939206627412
LHX1,3.5771281136006716,0.4360212509450794,2.8645497068988783
S100A1,2.9342330759684643,2.0110068432813987e-09,3.911866261628542
COL13A1,0.5620244129498273,1.6204716978648457,0.28208686854603715
IL1R1,3.9963678074838898,3.09505025552319,1.4879466988286565e-06
CDH26,8.656256199785508,4.066429794412167e-10,2.0979264780827966
MYO7B,2.0030374588215487,0.33043272224931297,3.1805931000269285
MMP1,4.803962890597922,0.4780983713148461,4.550188306387249e-14
LOC100129794,1.9473573525900924e-14,2.3550268016455234e-10,4.197995623192317
NEBL,4.0886808850028967e-07,3.2127384951644613,0.38803379701406276
OR2L3,2.379123240911588,5.971159385993088e-13,1.7596942621815155
SLC27A6,1.391203483105801e-19,1.942431795996585,3.333072794296244e-14
LOC100130476,7.867441487072952,2.3171637234956797,0.08145288542346092
ITGB7,4.6983046472007395,1.874394177180893,0.004672403942310831
NPR3,0.8597567582958393,0.9436240757135368,4.027587130589594
LILRA3,14.741978434409065,1.7033875349666933e-13,5.709116190249495e-11
TNNT3,8.694329277086802e-19,2.1545555860957317,7.192887529411381e-14
SGCG,1.860829575888669e-05,2.5244898965070646,0.6826413007626363
CD22,2.5729987132733494,7.986291344128213e-14,4.555505375169283
FAM71A,3.892140677738791,2.8488686598813144,0.6379450023089891
C8orf34,6.048574942158454e-12,0.9286152705462881,2.5969186904308206
CSF3,4.628667408231417,0.9711416084579976,1.1656728576252438e-12
OPRL1,13.529716605254483,1.2379975100697618,0.32289893492044575
SH2D2A,3.361933989072621,1.50833931489484,4.013848344581989e-08
NXPH2,3.4788641474358293e-12,0.1329835334918072,5.379640338926392
HOXB13,1.9723507529355714e-13,0.4375370722092849,3.8864215154473176
LOXL1,5.370262920320895e-08,3.0538170686063077,0.0012215144352915922
MIR142,13.13646728490131,2.367467002729463e-15,5.261311654658295e-13
EMR3,11.594728011469492,2.2502239022999608e-17,2.826506780664114e-19
ACTC1,0.0007774474610877727,1.550738579562565e-09,5.311757823480649
SVEP1,2.714911366000146,0.00019052745296133764,5.595746159188068
ASB2,12.382835429616698,5.719298211014385e-11,2.917530518873526e-12
RGS13,14.902186518648216,1.795255284974722e-13,2.1354180281611893e-11
MIR3651,2.8100522515124006e-12,1.329333777685333,3.3377486855633367
SCN4B,0.08888187977763962,2.0443158372891572,2.1399889319716565
DLEU7-AS1,14.921926810265562,0.009266518450462589,0.6401796576697341
CCDC169-SOHLH2,5.583326766545713e-13,2.382818352624563,1.0726658042502208
NOG,1.0498362996010366,2.0886430092116846,1.8950707373446671
SLC6A12,4.2207541379855344,2.1196380019171186,1.9860777787935404
TGM3,3.538462161572832e-18,0.7552262837511314,1.0903985067236217
ACAN,1.656304912328222,0.9634060882677771,2.557390998521952
TMEM88,1.9685561376839529,0.8743318192569656,3.179280476686796
OR2W1,2.4118950902812695,1.9921647623711635e-13,1.3320756637905944
PHLDB2,0.37533353177499884,3.594714902214202,0.9166766328591281
HIST1H2AB,0.9272979852314852,3.76079776910479,0.012360626203396372
SPTLC3,7.531523272224843,2.0059116693969257,8.0896280761947e-12
FAIM3,5.470423352876661,1.4652260357839018,5.404407812234394e-12
KLK9,2.6105710754536684e-21,1.350134502148164,2.1469773452838842e-05
OLFML1,3.893369484704843,2.5960076332552853,1.364994542353446
RAB37,7.85576026231113,1.7221551350967952,0.7352344206132746
TMOD4,1.1961212127240748,3.212882125272845,0.48308592012418633
BPIFC,2.1354474819227813,1.7549907865750833,0.3425204268055758
C1orf158,1.6352964784644704e-18,1.992076705056599,0.8323342886982571
SLC17A3,5.393738929476709e-19,1.8474346349563644,1.9152696297889695e-19
PLCH1,2.768491450302726e-13,4.203821526110762,5.721836277627786e-06
LOC644172,1.7225383330720665,3.4604408953373182,0.6306773227364485
LY9,4.8533864695858195,1.402208159582092,1.5562534282056832e-13
TAS2R30,1.9663573422701216e-10,2.796029208029008,2.748596725384064
C9orf106,14.156534583291263,3.4760154811840665e-07,2.05653233828161e-11
GRAP,11.908434823193463,1.298466710741983,0.034147363174519337
LINC00648,0.05556193620886219,1.0754411686593246,4.499351828567111
LOC647859,8.30409615948643,1.1584131604095553,1.8945478614693128
CEACAM4,14.323380202584184,1.3929523273718644e-06,5.177948727378913e-06
GALNT9,0.8136906594606728,1.248426826708849,2.837557910420863
LOC441461,4.149558767207699,3.038564831113839,1.1760107215160502
LOC100129858,2.7236215589491293,0.9474602972068636,1.8907461685110132
FENDRR,2.504338594023782,1.9930182975093544,2.422409540624087
LOC100127888,8.247798666494489e-06,0.8170303850680082,4.480236513019603
PLEKHS1,2.103030970499819e-12,1.0089582247556417,1.2753010470346875
WIF1,10.175884079617878,0.0025880869194257945,0.333603119721285
SNORD116-18,2.9499659477743747,2.99565185321667,1.9345232192624464e-05
FAM157A,14.218955990737614,6.843401874966044e-07,0.008736650244254917
HAND2,2.146760467318946e-10,8.912623044333378e-11,4.691401817304665
ZBP1,8.217615624080038,2.644558322324141,0.0009606121575373915
ONECUT2,2.6924453658375476,0.000564717310630731,5.542569500756926
MLXIPL,13.165699853727078,1.1936651296760029e-10,1.3373559463774473e-13
LOC100506585,12.034444727037323,3.17437088632786e-09,1.5229951595195532
LRRC66,1.2044449584950434,0.46208112299697773,4.565495093155839
TRH,1.0906192850316716,3.091564444613516e-11,3.11578250622427
RNASE3,13.113997732910834,0.03557788642554527,0.8765036988641074
COLEC12,1.854484642456891,3.225221146260308,2.1583662234621758e-07
PTPRU,0.39637552252493763,1.7758766461411464,4.496094971961843
LAX1,4.639411236586259,1.8388044687534604,0.2194545608830242
CD244,12.505342747183594,7.705253061688064e-14,5.400970280692954e-13
PDGFRL,1.4139709244300538,4.007235634496214,0.30728616493097366
FAM155A,2.158320116558536,0.3735712840645019,5.2476302102093495
LOC400752,2.8097468989959037e-08,3.9979316792192026,1.2021378379881398
RBM11,0.21147509397675113,4.411638965172266e-11,5.038303686103094
LOC391322,11.150375181790437,1.5826560270838617,1.0135721501590624
LOC389895,4.15730946641191e-15,1.71119390040884,1.359333766226621
GRM5,6.520608017869855e-14,1.702700567407541e-11,4.693418603226676
HOXA11,2.7693107944470884e-13,1.0291239657014519e-07,5.4624466683240485
SLC10A6,4.404309338150467,2.2926924447648775,1.1005310838790785e-08
PCDHA1,5.372093296746905,0.007382116642975917,3.593070280264141
MST4,11.620318334041125,0.2922083379648093,0.8448560141253602
ALDH1A3,0.0008783078243140628,2.0168073741529344,2.0733322897512685
MZB1,3.5390099809468993,1.9332904635630892,2.722546769009796e-15
SPATA9,3.7150748761498646,0.26976313332030977,5.856293000237788
HOXD1,5.201196404651366e-06,4.377118767930705e-13,6.093766422918213
ATP2A3,6.863878026031548,1.1552302589109038,5.828389579368858e-13
EMILIN1,0.4013508455485917,4.761300040748926,0.008972605414525318
HRNR,0.06014795593387351,1.6457821412521205,1.9074221334349584
LOC100133445,12.552108090714164,1.7886319651616145,0.7586757885763432
NHLRC1,6.008474077425371,2.2096239120882,2.4428360012679193
GUSBP5,3.0511127482177547,2.764622031492478,1.961524627910438
FAM78A,12.999475092223433,0.1716769816542973,5.197361286794484e-06
CCNA1,1.3521218049323794e-09,1.1820490990710524,3.644514455959217
DSCAM-IT1,1.6060929314060104,4.864613912785218e-11,4.266098118658201
MIR573,1.3469892385625295,0.928341309771868,5.373751507774403
LILRA5,13.44626413742554,2.3414903322244633e-06,0.6744578187765944
SNX29P2,9.08687353211726,1.5772553482123657,0.6038478120614612
PTER,14.342309004701804,0.6288489669058434,0.001333852402116425
PATL2,3.3171179464612317,1.9453949851890886,6.712838472129486e-06
WNT7A,1.8617044915003944,3.2294724623293773,1.229737336157514
CCDC71L,1.9902168957535051,3.125112907917467,2.1961461862250933
EPHA7,0.04364943473780371,2.1444329095580192,2.3512272555400684
ZNF99,0.285374452105199,1.5212958818652504,2.8718829793666796
MEGF6,4.19717072119845,0.00920810578965666,2.888716709392289
SYNPO2,2.5846117770892656,3.4855392653233417,0.4143567807613128
ARHGEF19,1.529232537464947,2.295813780883794,3.102104450394284
SMIM6,1.4699117520137992,4.215655000403201e-13,5.1223495240955
COL12A1,2.508492607289202e-12,3.0866141072393636,1.6343869958842192e-09
USP43,0.9806009265463956,8.859745642697445e-11,5.166663616516189
DIRC3,0.5216303758468759,1.6663285330600748,4.716048823517515
CYP1B1,3.0987574779543583,1.925981196452463,0.9668922264377305
FAT4,0.05929278689653297,2.1682453875339394,1.9084958311997267
C20orf166-AS1,1.5195283727800597,1.7117396900727089,1.1642598592370614
DLGAP1-AS3,1.401728103149248e-08,4.860218205077681e-10,3.951906429808426
IQUB,1.2203734445325668e-09,4.268785803391703,1.3515354284004026
GPR62,0.46429557020969425,6.422200890307994e-06,4.607355309131496
SLC6A1-AS1,7.0063203351021886e-12,0.9910407142104753,5.005676483359292
TAS2R13,0.8027259352631472,4.075449182276957,1.3741943663508522
TMPRSS9,4.5374194098351355,1.9554880232799743,1.3358003106664138
MGC16121,3.3526896067089798,1.1046977909728168,2.356805700814369
LOC100506136,1.5182327461775134,0.7888784386179348,5.0825982240900265
LOC100506100,2.4703385689874513,3.2380743160317693,0.10018644003326979
CDH8,0.9888906621575361,7.758361231569134e-13,5.8380711078341765
PRKCG,1.2160525833096734,2.3253223054360888,0.8822729871555927
LOC100873065,2.3052731930215264e-09,3.003959843839439,1.0323661435957132
LOC642929,1.879359191102277,0.34567803371420663,4.136086418192471
HPN,1.0249922854090392,0.07059746681008493,4.335769844856838
TCEB3C,1.2489435106254603,2.56733225235414,1.903699152517017
FSIP2,3.7907673735672383,0.9359801253881503,3.1736450832317233
NOD2,12.729442219243913,0.3497845531925859,1.6254809970489732
CRYBB2,0.42113892155142046,1.1995124711135248,3.8893313389172555
REM2,6.356233125990533,0.8300238481503583,3.8815232509879127
SEPT5-GP1BB,0.0011511151195323225,3.654859364908528,1.77303140586734
ADAP1,4.872747846365967,2.5020200324087945e-09,6.4154762141730295
TRIM17,0.5145091815340307,2.373669983765309,3.0861419945962183
SRRM4,3.8435016888752473,9.790371622427215e-09,3.525945534517816
C11orf93,4.623203397798413e-11,1.9389766509699176,2.5441673517788255
SARDH,1.3126644065162338,2.999560569067653,2.0532328716818538
HSH2D,9.253179165556952,2.4822200559459233,1.2272609686967109
ARHGEF28,2.072606666891321e-09,1.8809404601469215,3.836941506095419
RASGRF2,0.21835474647632752,2.2679508085204727,2.6251769116031154
EPHX3,2.2595954378491725,3.1756482336514664,0.0013779976664656407
LOC100505666,0.5917087650318972,1.776499128417626,3.2815185552097343
EPHA1-AS1,3.1076508211533795,3.8867090530438198,0.797300029038794
LOC256021,1.0132367244532101,1.7132044494000127,2.817874348314777
HOXC11,1.2698720120211384e-12,1.0070347829910768,4.5017521876156925
PTPRH,2.712888002483099,2.2533394795184964,1.5177891242837234
ABLIM3,5.723761688667006,1.1093663912453187,2.7403298042895465
BMP4,0.175197237993282,1.598807167930778,3.720578467607897
ADAM11,0.00026027076625102747,2.210555858064569,2.9285680995817946
TBC1D3C,0.03062089478883888,1.7715620576286553,2.2370303659087347
C1orf228,12.421728371281578,0.7001719917218098,1.0715425235971578
EFCAB6,0.04996514049255333,4.000806009306376,2.0868453252628507
PATE2,0.07334375997484924,0.0037685245313939905,6.10748054557861
APOBEC4,8.24506769117908e-09,0.8958143316662998,4.0087941274583105
SCRT2,0.0003912322917627665,1.8855451401898056,2.8543200008149148
HOXA11-AS,2.9723446427167124e-12,1.3027193380117372e-05,4.99642952829924
DDX11L2,1.7847514202898964,2.663809061308292,2.9161354296954896
TENM2,0.00021536879107536503,1.667623997538861,3.279291385990653
FAM47E-STBD1,5.8080959446268e-13,1.723650903995171,3.196477540816613
NIPAL2,9.568037617115584,1.314082720012004,0.5847943559982588
CPLX2,1.3537726817105034,0.9111370805863614,6.026472440217818
TXLNB,0.600071356084383,3.736095111618571,1.2769818319781512
SNORD63,5.747798913100697,1.7992634617964345,3.2978264665123436
CNTF,3.396081510298258,1.2968692771011212,5.351342142872955
PARM1,5.513777906723398,0.1674996192324189,3.3474381123587054
PARVB,4.647001541958882,2.8634493748250764,1.7959054722030916
SPAG4,3.86561588935064,2.978480510044707,0.27148344545154146
FAM81A,9.151021967142703e-15,1.4551176513689945,3.693256535514755
SYNE3,5.429187857639228,2.8267423997609527,1.7698240090047164
LINC00324,12.183613770907076,1.8916172493204617,1.269745889379347
KIAA1671,3.6621350588331115e-06,4.977192527240703,0.021540574065877213
LOC400680,2.583729091859204e-13,3.0782566060392282,3.5087821572024045
C17orf78,0.7406453138286744,2.60788499360103,3.081376697781077
JPH1,0.5525800209918623,3.937254243282981,0.00013689612724348388
SUGT1P1,0.5475978645190509,1.6513752738270044,5.5750958391658
TMEM255B,10.46799805154177,1.169894248438544,0.34247740102096524
HIST2H3A,1.5479811528006946,2.051996366626912,4.348727328992864
HIST2H3C,1.5479811528006946,2.051996366626912,4.348727328992864
SNORD116-20,2.861310745077041,2.720708651287466,3.213761899962184
FUT8-AS1,3.441562560720294,1.7925700934429443,3.120498169368944
SCARNA1,3.8199757846912616,2.200059229334905,1.5234220319728082
PAN3-AS1,5.057692370313608,2.072757381169506,3.3784947458645442
BCAM,1.0096781193238606,4.488931237198426,1.2467911963558966
GCH1,9.583309618729144,0.9593861714113163,2.537592991115957
ACTR3C,3.558249849099157,2.308139065215887,1.6141103087361
AKR7A2P1,1.8045016463222894,2.960711664688159,1.9366947919587916
MTVR2,0.8489311369005592,2.042737366472643,4.196342556787006
HIST1H3E,2.6716253533963186,2.913391625126998,3.042184815157893
NBEAL2,7.064116769070735,2.718346082150264,0.5082965346690682
CGNL1,0.3687572266293383,4.805997049503591,0.7203648551137534
SYT16,0.12296557523543009,1.327246247696972,5.346906971758814
LOC100507194,1.2879032409813753,3.050140440952401,0.9946866629276917
NIPAL4,1.6119393849516725,0.5081075865778846,4.959116925556624
GPER,4.500663672901122,4.137989809246708,0.9105009895750574
SHROOM3,7.00136332999427e-13,5.109809666759203,0.0005755909364491327
RASSF3,10.016283106453399,1.8152579134593536,4.778875506337577e-05
TOB2P1,5.248167861992204e-07,2.905887283328681,1.738385574336241
HLX,6.744106838962468,2.934839846653438,1.3944863807620145
FLJ40852,3.198931088761766,3.645140199751626,2.1339295196098846
SMKR1,0.8166640952763403,1.8540373516521775,5.272842570034891
TBX19,2.7891111506324453,1.170623786551837,3.624547287790177
YAP1,8.284453519341285e-09,4.311537935340573,1.3956740815452277e-08
MORN3,0.033296610613524194,3.957918674834508,2.314699906216045
ENPP1,7.982563122346816,2.817731417037935,1.7923329492805082
NOTCH3,2.5168833783350307e-12,4.873021424891832,0.0034603434350911066
FGD6,3.2307538467615764,0.910526674171084,5.675468341271193
PPM1J,5.491861108521634,2.704898630439245,1.6330849730337014
HUNK,0.09423529459023418,2.1028869954356892,4.983162030728393
HOXC5,0.0023870679700290147,0.9144272768712595,4.647867712400575
CDRT4,4.143375301145553,3.723454080930523,0.48256727870519966
LOC100507634,1.4896394646945356e-12,3.327593076377486,1.0973352045920093
CLEC18C,1.9028697432036153e-12,3.8807592204931494,0.690157045282224
LOC100505978,4.478002978255976e-11,3.1681391039900104,3.327259493027136
DGCR5,0.3999528678537433,0.7636957342104572,4.759205353302434
MAFK,6.494956239098443,2.9985740912557475,1.4339047456277922
ABRA,6.691157557668018,2.807660834124445,0.13291729852003326
CCDC88C,1.6212300399163888,2.384168007733171,3.324372305744909
CBX7,6.476215918745031,2.7017777098097158,2.739172472373178
LOC100133957,1.1068009592126595,2.2641835077113486,1.985953119320391
LAMA1,3.359027869793809e-06,2.5666868147512414,2.1799525361327343
FHOD1,12.661593225003557,1.6063842608123053,1.6254732487852521
PDC,2.7487479964341466,2.480024944690819,3.920660083411929
HCG4,2.135554934487433,2.449182476545125,1.8223872987757723
KHDC1L,3.244756286585043e-12,0.42499684763981943,5.602568531143986
DACT3-AS1,1.7708435359287953,1.0308036897029675,5.46359955506923
SLC7A14,2.9014472372951503,1.0529985400048072,5.997747762560099
ALOX12P2,2.1138424897182957,2.8329618436860198,3.0668426276087115
COPZ2,2.521442493017561,3.585382797710253,0.00023793458727889116
C1QTNF9B-AS1,0.585128120595235,5.017390662229791,0.4078790926083058
LINC00271,1.693213261416699e-12,3.4662837560231705,1.515587404004213
ZMYND12,4.57544800979389,2.767633374094742,1.6449893631356607
CNTNAP3,0.5977388717235578,3.9420992920130002,0.14428371714817137
ADCY5,0.55221165634327,0.8065552529783594,7.02686631994679
EN1,0.0016382692435218187,1.7235493945122342,3.3408269890128257
SH3PXD2A,0.41236459045493845,3.2320094981770544,2.8849782314146575
SHANK2,1.3879571106437354,0.016724547823528668,5.0700778307091365
PHF15,4.4868993857231,3.2088827544685827,0.08385399687943658
LOC283143,8.309019352001172,2.4441857277228882,0.02730735328665797
CN5H6.4,2.344051946487913e-12,1.896565131879972,4.413318586930978
LILRA6,11.453647401857742,0.8707272179118871,1.7476866731973375
ROR1,1.593231026990313,4.08786708771964,8.395121382159347e-05
MAATS1,0.718252490265611,4.687532714325023,0.25866160188972515
SCARNA7,6.829709238449768,1.9250203320166397,1.7886984035891096
FLJ27354,5.957527284374695,0.3462823314486193,5.989781276521331
JPH3,1.6450135941992245,0.0005522488081148242,5.917906544809727
SNORD45A,1.5498701120824632,3.6373303656415135,1.4968134888846627
CTSL2,0.9161206503405184,1.699150109456891,4.763307022566638
EFHB,4.125678891201421,1.0188079282758398,4.03273793192183
RHBDL1,2.0109236980953584,3.221212306702656,3.450412324208204
BLID,2.2363978606463686,2.3516629701928986,2.808046950903718
LOC100289092,1.7078939479242454e-11,2.674858396857763,3.393088284294054
PI16,2.2577385769819715e-20,51.43178506307042,2.8996248498301285e-19
CPA3,336.20432228020576,3.9781803705654023e-19,5.682592593020126e-24
CALB1,1.1485469811753739e-17,51.96461685437071,5.553074663628972e-15
COL1A1,2.0842963741958705e-20,51.85011970657357,2.9561757406094664e-20
TBXAS1,436.3225182581192,2.675334201790673e-06,2.2703120376480126e-12
SPOCK3,0.7475083791418998,9.78401542894769e-12,149.34276311104955
CD4,407.46082691607324,6.4437687911533084e-12,6.219821303804715e-13
GIMAP4,376.0479910799763,1.282563958863498e-10,8.240481285270232e-14
CFH,4.1090995822803624e-16,52.38162995580414,4.8572443087417105e-21
NR4A2,369.09707547188174,0.00021230683635398292,37.47579779894513
OLFML3,398.9736491492529,5.249545918786791,2.22148217805613e-12
IRF8,413.4442840039286,8.107283838546943e-08,1.961675004700482e-11
BCL2A1,333.78072790330276,0.10449210204161857,37.400039870670376
TLE2,5.162781717271432e-13,68.41923749026726,0.0037614821112578506
FCGR1A,400.34926292474177,1.2500554953788315e-11,1.9200110777818292e-07
CXCL14,65.09603341027602,62.170020117623096,1.8347211765210644e-11
NPNT,0.0019743163181469964,75.83563009232665,3.7160074917676284e-07
CLEC7A,408.4609366708596,0.04946276977493088,1.9207576839765736e-07
P2RY13,341.9066362855591,1.842222520611673e-13,2.552980716053847e-14
C8orf22,4.9354486548856466e-21,28.830950856903083,15.023118117290853
HHIP,4.6282096820422335e-15,16.63766326835191,47.30104583817306
CD3D,86.57169221050333,30.63734488988499,1.298992174446965e-15
MS4A4A,379.4908928047827,1.2338295097901938e-05,22.80508902050573
RIT2,2.7868784362422806e-05,0.02401054313562344,106.08753035039796
LAT2,387.9580873904438,0.042397746168218155,4.8263879250645735e-09
FOLR2,386.4698634189834,3.523839802600776e-05,5.899550431694448e-09
PCDHGC4,2.0076757397746676e-07,16.888582396366708,129.03494895499992
LCP1,285.2776127749193,23.950704109492552,8.123541472552142e-13
SERPINB9,313.09856765946154,19.669238563373955,3.2760473514527266
ACSL1,266.2715909903367,0.25655055678721156,73.33587868805904
CRABP1,1.410121899308061e-15,43.45685525966852,20.398027117882986
CHI3L2,120.75674638831107,41.817457756678884,0.033099373028470006
HSPA6,206.0705779227195,36.34816485625306,15.301415094739541
C14orf180,7.541669221401954e-30,39.6481823043785,1.5116373998316582e-26
DCN,1.0151527380789959e-17,80.60697072402779,6.976245713648552e-15
MNDA,321.10414014828797,5.620336016053584e-14,9.482999599853154e-15
LAIR1,401.5408514555713,1.8880968288340423,7.665841297751576
CH25H,328.3597301691781,6.019490605679572,41.89575039844374
TM6SF1,381.6858667145584,0.020459357122783274,0.2046476273009159
EVI2B,362.32103739059977,2.1543967408158204,6.611688268953537e-05
VAMP8,353.19872183481186,0.6525856743505133,8.518930691098787e-13
TMEFF2,0.4062930210837256,5.691298755198623e-12,173.7522572431791
EPAS1,0.3154679941129001,92.27064104760892,0.6839548468644072
CASP1,322.2939282467742,22.369653967900273,6.15974979936818e-14
SDC2,23.23729789184042,54.53375818779559,4.192811340919544
GPR17,43.95556683528301,7.936498615197024e-12,105.10607510201524
C1S,25.541735896028776,96.46975208267052,2.5234816775451583e-13
RBBP5,0.09582459845207601,31.378499226579446,90.57072436784443
ID1,1.015774049723755e-11,80.00233922964819,40.035660332893826
METTL21B,0.010141275217951124,0.05616750157076174,107.344374329024
MSR1,355.3775339458701,0.8483794778911097,0.00012913262947768545
ELOVL2,2.1734109727976376e-12,115.87127283858499,0.2868794744613673
PDLIM4,2.5555849509680924,76.96212105329677,31.756393111427037
ZC3H11A,10.270040809837216,47.28661709665054,100.293575892975
EMP1,36.94101044736831,106.5110560777339,2.047188421910914e-08
GBP1,42.90837960310276,86.9308140798902,2.1959562152970463e-12
LOC284454,294.2889232801637,78.08795789518287,0.2941854903442648
FBLN1,2.1752944238341136,50.54422342433556,58.00805296004111
STOM,337.5535076057648,45.479371833779695,8.507341646525376
ITFG2,29.030347642413123,65.62475042227099,61.78667157517714
TRIM22,282.9926392702275,64.18741103417412,0.0020539265704966
PSMB9,144.24639955007544,96.16169313413047,13.201455323668684
EXOC1,85.69081775124445,30.074865125679175,124.34161849027525
HMOX1,294.68197083982363,12.056611311746432,18.558396895703982
DLL1,1.892263729985551e-11,18.598434640858613,150.41477969807497
NEU4,0.0021728477436830473,7.511253438139514,122.93743374602175
TMEM98,0.11679900531461501,37.253886874547085,155.4380171006317
MEOX2,4.323765404504326e-12,96.71686839539846,13.641479854188471
ERRFI1,30.708241466122406,105.33460146651662,6.305726448961206
ST6GAL1,291.4731140499223,14.819858338726883,38.66781743454473
RFX4,1.2615014851549253e-11,86.87741911557347,56.711583896809316
C8orf4,16.583454956759358,108.12360254606203,27.735713139497904
DOK5,3.641195345803789e-10,93.0128449266917,6.671052265446109
DLL3,18.47018376183019,48.71653548954324,106.60035808745948
IL1RAP,24.17453328349787,118.36320109457651,13.48571848929396
TMOD1,48.27510192379592,85.69214221348103,34.943992774467766
SLC31A2,135.68875206678763,0.0016723585222922707,115.41433215344765
EMG1,15.789822095097222,71.92849079557112,79.61828048972824
SLC38A1,22.49041370857512,32.307114064359524,147.37388896137625
NPPA,4.38225335237072,30.431469612194913,105.7989383752839
RGMB,97.27831046647499,28.15870393473439,135.97017348056497
GLCCI1,56.89573704342481,14.791220715699573,123.49650116375084
PIP4K2A,103.32701045522728,21.50885439998399,116.65814592480451
SCPEP1,298.4768322258745,23.46305155092181,36.403818465660805
PBK,4.0383775455488054e-07,64.484857277974,128.269990415768
MTSS1,25.75332461160684,0.03214866655103764,169.90203465956955
SLC35F1,0.009855018722505746,63.251812587816765,69.60697311742395
ZEB1,0.01697602147256757,84.93694723635247,105.66383868758487
MGAT1,289.5550706560193,51.29175953103281,22.374875168560845
FAM49B,288.12001749974274,26.896053147943896,102.54296068967157
CAPN5,8.59174858947004,69.12590415625243,55.181400963316236
TRIM2,16.796509507398095,52.61637623954973,122.99317009778927
TSPAN12,6.167806633425784e-10,50.42147303088294,134.1550528268384
GLRX,284.3668368234988,60.991772913766106,25.315132026113957
DERA,48.62586412687979,77.29925556101007,95.22127465983017
EFNA1,70.61478900334207,59.160807247122456,101.12012358734924
PID1,4.917119664490291,22.80680755405064,135.79850346586622
CCDC109B,48.6430830873978,115.42099205853796,10.36155056662987
GNAI1,22.56366340734126,1.7765134322808318,174.17332492557824
ZFYVE21,65.11109960323125,124.20760773682122,15.067804156486329
HES6,2.905163181161835,27.181432356411197,145.53384341235406
TMBIM1,166.4005705234191,80.7640032900615,20.583621353793248
BAALC,0.09308270263472755,93.1514230341913,72.995037169305
C2orf80,2.2720841910222204e-12,30.362872751596527,130.83631438489127
ZFP36L2,212.12248906305743,97.68947788818951,1.1381867184452996
MRPS18A,0.05359455901561058,80.85557151553031,88.3905442840932
SOX9,2.7692531680452703e-08,93.94672084017593,52.120335215162186
C4orf48,3.3248110964244275,59.982986234027436,101.17439790839346
RRM2,2.3073424310887614,42.05864265319232,132.59917310247405
PCDHGB2,30.537692058927448,49.799290719625084,94.45641872519698
SNHG15,7.079731649824121,80.27174573136034,93.07439850691497
PPAP2B,4.1238173596535334e-05,123.10643498867864,46.287429268896375
TNFRSF21,38.35566280342591,66.95742712107631,72.45114460339664
PFKP,17.762884797201433,91.91550682574614,45.14410277406111
LRRN1,3.423568473423105e-06,57.4829856452647,110.09155248350059
GOLT1B,39.80952925582248,89.79637408052405,75.12545337712567
DUSP10,29.603564627530734,65.44881643237021,131.9914752831159
ASCL1,0.00029975255608880724,43.93412938701935,155.22620957574605
NEDD9,112.88529514538025,93.02262956329447,13.057000152253423
BCAT1,23.071948920511918,90.357833366891,33.87017703911222
CCND3,121.17536819207888,97.05370013384398,48.06128177406589
MIR100HG,38.836060835182735,72.9401088024334,111.19960545268859
SEPT8,22.1933093962005,47.520730888018186,138.20854255859285
PLOD2,1.2842122392590624e-05,113.73462978555129,16.6875022267318
VOPP1,63.85248309736289,90.54007665076749,82.76207277851255
DNASE2,261.3581706948934,57.196921801625656,15.160898344820705
GADD45A,35.48820567351554,114.93310326849883,20.155135112103068
CNRIP1,60.40031047536616,45.58703633439247,123.18240727591545
DAP,43.11407850885732,88.51816705365441,95.54823554943984
ZNF138,49.97068191398938,45.75762161375831,143.3380158715425
FNBP1L,24.35171136720344,62.22290138047579,104.81476707820167
SCAMP2,250.49583578694532,72.21671005539088,61.73546714398432
SPRY2,21.699410777626003,114.97886601589033,43.949731249101625
GABARAPL1,94.4325473269894,65.13077040359303,98.32277007260113
ANXA6,33.93549232488879,75.86008238951881,74.69956991668705
AASS,39.97402291650985,96.52708551312807,67.08638193568937
LRRTM2,23.22087042307749,51.76541647515535,142.769610630937
CLASP2,48.18855830152017,37.59779853607457,145.32440262887494
TLK1,80.20762456774229,86.31954047534593,31.78260975166364
CALD1,18.272412415530717,97.25557748391739,71.62805189324922
KIAA0101,0.001261254776131052,51.05371306546464,109.81526276230994
LANCL1,40.011842258076044,29.946520121347305,143.39005945616734
SLC48A1,34.011324092693975,39.617028422181335,115.90769897604842
SSBP2,16.563324263137396,125.21824436461864,46.24661228481071
EPB41L2,223.90337850886328,37.16902746346644,73.38735408189063
CDK1,0.0019897591070156258,62.73367103621269,115.50951677674813
GNG12,6.277869814665513e-05,103.70052498141528,33.83743000951072
F2R,2.6907660219697833,105.35085319641489,74.37009351311848
ROMO1,25.640195863955384,118.82671909792926,51.39078472363169
EZH2,8.731515468069514,48.12671438435061,146.55106372026265
NECAP1,60.63326025330408,75.77923491038997,100.588162060897
NUSAP1,0.00018306836349995094,66.33802117762298,107.76163503052787
TPST1,39.45287635093921,91.50353648954673,87.09843139930354
ZEB2,114.83351587218652,35.83879919957781,149.4062005821603
RBPJ,97.98608916477606,44.730777527243994,147.84857099104337
MPZL1,20.803424153527082,52.57933792082636,107.53454654366317
CCDC167,0.19672586352325336,72.53018579918776,116.91649810878145
GLTP,36.385096785180565,50.28914984614073,141.95680471730347
CYFIP1,244.9095910964074,66.41747453841928,53.28208924382003
STRADB,65.01431413188511,89.3242409094826,91.55435687599675
YWHAG,27.815250204360442,51.40712183565102,139.7204185355331
BAZ2B,76.7633034114121,50.35001878157284,101.93937955957777
FAM221A,27.10831848153195,71.6697056842794,122.52420568690103
AHCYL1,74.45617840219049,97.13794722093515,54.30403665280438
COX20,40.14459174463559,91.48968673705902,85.17998880432799
NIPSNAP1,38.31712402730708,65.23823395706356,112.39798118688445
CDKN1B,42.001558874205,72.00279909569691,108.11148849523828
ARC,38.13085994774687,72.6681763188759,87.27776734956218
DHCR7,15.005033136453777,92.99829187863514,53.44610156920225
IFNGR2,221.265785305483,84.49227694073973,52.78077232408483
ALDH6A1,44.426531250724885,100.74120046298373,55.28660536883482
XPOT,32.46922938802111,105.49740473712616,54.25716564009127
POLR2J3,10.483545124270503,83.2298031161588,87.46773841260209
ZNF680,27.88935199883239,72.37490287623527,120.21428230255498
CD81,181.58512747976758,69.11787500643759,58.62232856963821
FLOT2,46.794655284878566,87.20014819799175,91.14588200721634
TXNRD1,49.38902976556269,61.824499870507175,105.24704529023728
FAM115A,39.91154950773346,47.11514049195021,133.53482269665164
GOLM1,4.652091477155717,73.91051486413652,115.7863644187821
CCNB1IP1,39.890576768618665,98.48396971082322,82.35824380477344
LSM5,16.831339655544646,79.24951671990016,110.03904322008918
LBR,93.39555390588522,52.39065737720756,121.38425765824732
C9orf16,47.65761709326451,80.50113760441795,99.04902949896787
RPL37,115.39145295072106,83.1044852231737,90.11486614180922
CKLF,200.82842941842154,66.11428880380483,33.23717691851883
PTBP2,23.22445410325022,49.25980064403372,140.19051231587113
GUSB,132.6654376500021,87.19107818048683,51.057716727955835
HSPH1,128.53912792026247,60.45208499408716,85.32640714904801
CALM3,10.642502466223082,83.4601038154569,104.16565912464738
POLR2C,32.43795124608217,82.62082677371542,66.96133315859174
MCM3,9.465722886390424,75.22486125537395,122.14478419502458
RNF180,11.291452272419876,92.20713224294826,65.2319790391705
KIDINS220,57.62461655604793,58.12479191707214,104.27761115891842
MORN2,8.04978706315445,118.06340808079996,62.287362648107525
KLC1,58.364143740856655,74.78237946983536,102.75184415752624
HAUS1,9.349313290798179,74.86013702835882,106.00133699327502
ACAA2,80.36673211393918,65.20134976217003,102.3511871705139
FSCN1,42.744366683593206,53.47480161839425,118.0810512098215
DGCR6L,19.522561327666427,100.20783192090518,94.60352127699399
GSS,79.97739345147974,87.23079016075432,52.26735154124945
HSDL1,19.84882508103377,48.295538787113344,133.28216459885152
ZNF91,49.687978007025,79.56335169762238,124.78546803546402
SDC3,0.1488067948861559,99.53707074435498,52.599317669710835
WDR54,1.3979712369639536,97.54673079914859,82.26084810424794
SLC20A1,95.36423532004017,87.5622312255458,65.78370139001188
GNS,121.54834299663936,86.48019535478679,32.61216530994918
TIMM8B,43.14964633415258,83.22551577533545,121.32148167990474
SMARCB1,18.89833130339713,78.7576968606082,122.81144391909612
POLR2I,6.697028277600127,108.07987504875041,95.20347862862741
DPP7,157.02102734485723,85.80345240123856,23.359354674222807
AIMP2,34.913067147908286,82.96827757897567,91.85752988645706
POLDIP3,16.463164170826918,68.38617701751186,110.64884133955331
GOLIM4,61.18801456617483,80.64392279726562,67.97158793073095
ATP1A1,114.8022797999195,87.68347286555789,35.08871363472812
ABCD3,27.473411946198887,111.44866678138405,80.03289828657509
ARHGEF7,32.53218702253264,77.82051032073026,100.42022026591759
ABAT,16.027475157449537,57.33601383492431,110.90136141623037
RAB1B,48.59545913320644,95.68596458298366,56.33321083951269
TMEM14A,42.66063709017433,76.0525476072349,116.95194363574986
RRM1,27.35497337343223,75.24955394415178,137.41992927615559
RAB11A,46.33692468368925,75.37946620419844,128.88462679156927
LTA4H,201.55800954683235,78.45222222619002,65.2342309967126
C12orf23,46.067464457042,110.01982624247647,67.76570781005343
C20orf111,110.32730871835462,87.56416146721604,68.54814506779033
FEM1C,25.549763165377463,103.8429421305942,56.620243975147545
ETFB,41.33474070137224,99.0816435141759,79.49213111093499
SRPK2,37.62140068543778,60.53754848981269,131.76856761008
ISCA1,32.566929035718566,77.26089402871429,103.95604445846705
CYB5A,11.611715250912237,74.0751945769073,100.0844454944221
FANCL,42.12026834003804,49.14345279839226,136.03692672925706
PSENEN,60.632535999802556,109.3069272750438,64.61935695789263
STXBP3,94.32207205522182,100.34952143635425,71.87228252452068
THOC7,74.00807304190612,83.36798371908783,106.21737851380819
THAP5,62.29338350778938,92.64930248425726,80.07457810015218
YBX1,35.127699556734655,75.14028968702925,94.04172256362855
VAT1,59.29821736270568,83.10984436175268,97.01009316367183
DNAJC9,20.078868323007256,58.299854532795045,116.07010687641753
PNPLA8,86.66175641870535,76.7449693373878,109.64438653963465
METTL3,30.52536721457331,113.32138888046329,80.66932440987667
PPIL1,3.607226656298891,82.1168384731705,111.62808312488231
DYNC1I2,64.08284028035035,67.15547967619842,140.68164515821232
ASNS,43.140901937987344,58.9762706386019,106.52279102990435
DCTPP1,28.91098752093607,94.53144632077951,96.37639613386906
AATF,31.279750750431017,74.77632449217977,123.15332904921505
KANSL2,38.424719303632436,82.02790977446291,99.5922630859357
PEX19,30.20164672400124,66.63116909723354,102.22381017834863
RAB18,45.08907401538699,78.65454228942494,99.06437314109245
ZNF708,47.748528721595136,63.114577763043584,103.69203489985631
SNRNP25,3.818906717056925,75.63436525464647,101.4929781041747
TANK,141.88836188452603,100.79858904307703,67.85673347837292
ATOX1,55.29839653741321,96.25208555387067,87.86037790103222
C19orf43,34.985663604921,101.47022782880249,88.79672383996814
CECR5,46.15655959811896,81.00530554355909,96.67503804524371
TPRKB,50.361136228842106,72.85329059073788,125.12826158984836
RUVBL1,23.7474655550722,82.97888885339566,113.45574376415085
PRPSAP2,63.9353814533193,60.005289823008766,131.11528954077644
VPS72,8.492893270830168,80.23046801750793,126.15627314449303
DPF2,35.26073037156253,95.11278721715699,101.78756243143559
NUDT5,30.544185666676334,69.72703046504171,91.5572556162324
AIG1,103.43520421143224,90.47781163480484,47.67497180731312
SERF2,100.08280949024059,100.20001771034256,49.37636822398095
TGOLN2,179.7991285658551,67.06026430022158,98.24749593887005
PDE6D,15.712239416756757,60.341375682547806,143.7268564656182
SPSB3,115.09887265085182,80.94263687411734,87.81603270773688
TMEM167A,60.84786138624784,83.74020102930294,103.01954440037622
LSM2,19.888164965360065,88.83708004792376,114.36711445564954
USE1,32.09548854855331,106.39956003902883,40.39858109999565
MCFD2,70.88353651586988,113.2833305302773,70.2690685695195
PPP5C,8.558403853891797e-06,90.24503844591746,75.11353196443243
ARFGAP3,77.86643534987694,87.64334305186517,104.08411434476092
PRMT5,37.55489710826073,100.60566365811341,73.15251733182936
LMBRD1,178.96099752739744,72.47935301483153,60.05785294199286
CXCL1,17.74992383714169,1.1032402530241814,8.970392589108659
PRF1,10.823432512523157,8.603359051295548,1.0836150538916272e-13
HPGD,3.030327651427869,10.217779087128056,5.309545729405363e-18
FCGR3B,70.14421334707097,1.1785500023077057e-15,3.518467978843202e-18
LINC00707,1.583070506707411e-13,1.5831736069512132,11.565469382574937
CD3E,16.62883694518949,7.304386738691999,6.029953571952537e-13
SLC10A4,8.73373846225317,9.504271860726707,5.640025351261029
LOC643401,1.6465907827977963e-09,2.6854732780835002,13.802345045470041
DIO3,6.755979816391791e-32,9.042790140806952,1.916191346779755e-30
CD300LF,80.80490868574924,3.5932242925291707e-10,8.866819261301638e-13
ADAMTSL2,2.9505791993396384,11.255566431139464,1.3500263975748047e-11
ST8SIA3,2.2786739856676013,6.3330735156846085,9.001964267489097
CD3G,19.722220201603342,10.38538564303431,0.45085891342680867
ACP5,40.58577439855088,5.56906085028183,1.6089549612176095e-13
NYNRIN,3.7115956965604933,13.228905304081522,2.02450786462328e-07
PVRL4,6.272106959060689e-18,0.7543379753884366,9.592473120020102
ZNF280A,2.3508593275273227e-14,8.40743591235017,1.200030480046982e-23
AQP7P3,6.077846978853853e-11,5.420322869890414,14.33634212811888
IGF2-AS,1.2336926650197348e-32,8.660592480237172,1.8159421851081163e-25
AVIL,5.878237486597901,1.706047452099556,21.61595285058946
TPD52L1,7.195651931968712e-10,12.745298286206674,0.005980859170229168
IL1R2,48.69032094992336,0.04211372766143144,7.892605393686878
ADAMDEC1,23.20174843760601,5.753159587049924e-14,16.176858311130733
SDCBP2,5.020683692244303e-13,12.138127502245185,9.52037474881571
MMP19,30.326951142718737,11.705229972567015,0.1748056586946307
MIA,1.4589946594151064e-08,11.516661012829815,1.4896828498195664e-13
PRODH,6.932517304396216,13.89213088960935,0.835503836075002
SSTR2,2.089138113235039e-05,10.960629242469212,6.659682970150057
ZFPM2,31.10189441762096,9.020348011853014e-13,8.53973049025272
GLT8D2,5.353079582878739e-14,11.428171130571629,1.629970591992017e-14
CCRL2,64.5432893877385,4.267169205286516,8.203187192912698e-05
NCF1B,71.52519397930477,1.5951184739756315e-13,4.2455673635574693e-13
ZNF727,8.745232719207548,3.762366322915671e-08,22.116730908571345
HHEX,66.67328749374788,2.217665319997012e-14,1.7010636220086307e-12
BMPER,17.558759370472075,0.4771022489681347,19.2166165709802
AMICA1,62.5973769457405,1.32685101238258,1.603818568933046e-13
RGS8,4.599308229357129e-15,0.39198927083143414,15.54114800210166
NCMAP,5.818751002698821,9.33725203415496,3.2894766362471217
LINC00320,0.15751032751539903,0.10673587550133107,28.52342757041073
SORCS1,5.149627008850286e-05,6.1774023723492535,8.283581306735435
TYMP,80.14813556405815,4.636276371664501e-06,0.018992835404744057
GBGT1,74.37023228336439,5.363669169317313e-10,2.129114285970431
LRMP,74.56413730198094,0.000751297596123094,1.4427767964336708e-05
SULF1,6.09525436717429,2.7689893721955823,24.931902637916178
SUSD5,3.051773659404238e-12,1.0730238284117068e-10,27.31617722877967
TMEM106A,73.37208391776815,0.9003165021193524,0.08270818426757924
PDZRN4,4.81867179077081,4.982798330723861e-07,29.774069115576324
LILRA1,65.13498842442641,6.443809065999941e-14,2.641862456013186e-14
ACY3,64.09933210502658,0.00040990849188295955,4.492126580569488e-15
MPPED1,4.974532199354893e-22,8.7493070827852,8.438693862621257e-17
SLC5A11,0.2220926279675095,1.5483425010371457e-14,26.381214510424407
MYO1B,0.48486740462241734,9.234684794122288,5.768065552911221
RHOH,52.97034104271865,4.787924424620985,0.01548824114160596
FAP,7.817550558948074e-15,15.263375064419414,5.100969396428377e-07
NETO1,7.823220431088519e-14,9.093094332352983e-12,29.69265385684035
GALNT13,16.72320414615382,1.566740422615413e-11,27.75319737622028
SPON2,6.02522999103594e-10,6.4478342256662025,16.879846399279813
ZNF812,10.588614365712818,3.6401812015507238,6.64229754894271
GPR1,16.639530276358737,1.8801282639437763e-13,26.099588603946817
CLEC9A,58.82248649023343,2.596596294891703e-16,6.914931821507718e-19
CLDN5,1.504917194233894e-16,10.535337661123325,9.664326767658237
RBMS3,6.848162995620672e-05,13.81799519868512,1.4901487977040766
HOTAIR,2.934032484917278e-05,2.1606872889015176,25.108461077003643
TGM2,9.275441302153787,9.725298045509813,0.9785446435261477
CAMKV,0.25709515392657506,4.4310978263762095,27.372350639574538
PLEKHA6,1.1733350154729225,0.05432522583619943,19.999465253590174
TLR10,66.2615809978121,0.0013856401258866059,0.009060952899565789
ALK,5.2791392574205e-05,13.130377936471705,0.937832665270089
CXCL11,2.7682263781236664e-17,12.5499713667929,3.570467303096957e-10
MYT1L,19.435571630048052,3.975011420247834e-13,19.543526693751403
ARL9,1.0903738968810341,2.059676548749585,18.62411785397861
TUSC3,2.1852555494238769e-13,5.977288372265052,16.07968696844044
TNFSF8,60.17071283177469,1.6722176417115775,6.547842658232165e-14
HSPB6,13.026034560460332,14.384113916648289,9.773201658779082e-12
HS3ST3B1,1.1092637753308649e-10,21.069298556189406,2.0271096779646952e-05
SYTL3,64.47838144333029,4.125649064918179,0.02440295263025053
S1PR5,2.0254310418582217e-13,2.319364189289352e-13,24.783878270412817
DAPL1,18.56818305308612,9.183583469031037e-06,10.825873091503285
BAMBI,3.125077159005191e-10,0.14561403321556127,29.012592830310332
HAMP,61.8472871682435,0.11390805885762913,5.049741102383605
SYT6,22.33114368109603,6.110398397774662,20.11870263174409
OLFML2B,63.72346812672356,0.49349756987675475,10.222217032591463
CPED1,45.2114831603545,2.6620409388867614,3.1631403231221857
SLC18A2,56.849464683281035,0.9997478249313834,3.2996827611610366
NRG1,5.787389485475249,8.354661718605483e-06,25.861181442620307
GFRA1,0.04049024350698974,6.128834613053545,10.113288213224994
PHYHD1,11.140437778049254,20.30300770024295,1.3033611960748839
RCAN3,8.518925413606082,12.52630017351536,1.8116530777321433
AKNAD1,7.041855153729722e-14,7.504667372736276,14.86857912460989
CCDC74B,6.612554213039494e-13,7.330803184981679,12.813306314475977
HOXC10,3.381644347541847e-12,9.575683553185717,20.81514053426844
KCNK1,0.03715407276198074,2.7014936258933624e-12,26.000171064256147
CARNS1,0.29505109762650694,4.785012245247719e-13,25.480660011446105
ARPP21,1.0724780867414998,6.0051161407012135,21.989419449185483
ANXA11,69.98635604250349,8.427423795415605,0.2488134347418961
NDN,0.005514553033186538,9.911503493784403,16.450903279825294
RARA,0.026376073170103306,15.469060934150555,5.707545818758298
FAM222A,7.203804510410523e-12,11.524823381148172,21.49585880795221
HSD17B6,17.632709409713033,16.24827696697889,0.22209908669583797
GPRC5C,13.72936389178888,20.41053311682504,2.476736626648056
NRXN3,9.578840206828609,6.151287023755369,11.47290453873547
THSD1,2.589839061338472e-12,20.938179603630918,0.4693326314002836
PCDHGB5,1.3992638166161842e-10,5.686548910370768,22.51187617745479
COBL,0.0012552181580756249,10.86438306508093,21.855792309726063
PCDH18,0.0039042207623011284,14.245498917490337,6.3417590226782545
RNF144B,52.51111555585049,5.303505588949878,2.638753942913673e-06
PCSK1,11.05690377250725,10.349162829482053,7.557718911827628
ERAP2,22.69271804119115,16.512441713479376,0.0002965164261276523
PLEKHG3,0.3739707140572081,1.857702335886729,32.48285100492203
STC1,8.617108851867647,2.381364459738429,22.528496302685344
PCDHB4,5.233538532231404,5.456698886174793,27.02118914920505
TRIM38,69.03098629249972,5.4550293846050835,0.004697113738923637
ST18,8.19037799807233,5.750531484374536e-09,23.95098027456213
SLC22A18,46.48086305213886,15.768839363478408,0.45044737088477044
ADORA1,3.267643926177047e-11,17.914468554918376,1.0768659507936542
PTGS2,52.941787677747186,1.640576296014998,15.225290545897641
TGFA,5.556898045862937,8.524081695886643,15.88990002360156
CNTNAP4,0.08316051631891272,8.90381738877262e-13,26.998302935070942
CACNB2,0.07583678612455642,14.853985215611445,14.91212926191907
COL8A1,15.810397709239151,14.168432856624534,0.013224845687377682
VCAM1,9.029942229675152,14.463327744385042,0.7145522851928984
ROBO3,19.680688285662384,4.881791037457196,20.72944228888034
KCTD14,6.9359192867272546,21.584375945676086,0.2179340388067633
PIK3R5,70.20943035449163,0.6336771374131956,7.969174889005115e-05
PCDHA10,0.3995703179983293,10.089782154028972,24.651891267777206
TES,62.49853470969661,5.439388076581688,0.42275352862903404
TRIM34,64.79073394656558,7.9916736665346315,1.3998147527760485
ADAMTS9,0.03147620556345243,27.76778829152373,0.0008212908808215535
SLC16A3,56.20612300600746,7.260892705882871,0.8680589667744071
SLC46A3,66.5620768936579,2.28694794468534,13.339282354292248
EDEM1,34.088489504881586,13.780054797776302,1.930486857754782
RBP7,6.379654004733475,2.301171727562144e-07,23.694230290779892
LGR5,0.05912517598441955,6.291365140187091,20.398638932180223
GPC2,4.71729806747394,8.981294283311837e-05,35.59192363850435
FGD3,57.067454934999155,0.2651726469522911,13.009997124705949
SCN3B,13.063817727726075,0.08882886810110725,25.018881343543576
PARP8,24.815838976134756,11.280310908399162,14.37565184596716
MGARP,1.8185245674041645e-13,13.14951126577638,9.358512489999352
FAH,44.734982148695615,11.60223070151361,3.3602984035949134e-07
PPP1R3C,1.4896131476905832,19.22131057977812,10.951258971183215
C11orf75,65.82794968202333,4.669580120949376,0.004537756411409879
PCDHB15,2.15914546438024e-12,4.7389882641452825,25.093047532664205
STEAP1,7.874884243284006e-08,19.847823429558716,2.203491628874859
EMILIN3,10.446999237061897,17.455075370398927,3.01177702171868
TXLNG2P,22.367950083869044,9.335272866280684,18.046130843298364
COCH,2.901626791761892,0.000519400680233235,23.021197082570048
ZFHX4-AS1,2.29323216695007e-11,22.135875631011164,3.5674880537761093
IGF2BP2,5.889791648982725e-10,11.907434734554448,7.505510690251686
BLOC1S3,21.08394492634201,16.62380460056901,3.1374546153209844
FZD5,10.67129724304245,22.28713667819949,1.6017041812089725
CNTNAP5,3.908921263886893,0.015151277721586268,24.32901211645959
SLC39A8,12.084093312533966,12.00005324794166,3.207429821917703
COL4A2,1.770511826054846e-09,25.970877146132892,0.002197822453898798
HRH1,1.7709298898264512,25.408093802681794,0.13216373734844158
C11orf96,1.3276472771435223e-11,12.399102886627485,9.712636892718262
CALHM2,41.125925193515265,13.552476716261308,0.016124659645476085
SCN1A,2.5225359540278597e-11,6.8276851592225745,17.86996048889192
FCAR,41.704634835301086,5.85921605751764,19.159531439354105
DLG2,3.107267736615079,5.672280343418735,31.509080940487923
SALL3,4.810517173910873e-13,10.365460918355602,26.09733103688655
ANKFN1,3.333373290448031e-12,14.48032586529555,16.168395997610116
MIR497HG,8.696615597591427,21.69613127451321,5.469782976493913
CDC42EP1,1.5222926933572177e-09,16.56900130692923,9.85813610723965
NEDD4L,5.868811352615438,5.6783408113754845,23.586060293336534
FUOM,37.83004650587562,6.975073006200868,12.401430592936922
FAM129A,43.795424506544464,15.671400723781257,0.002489104983868004
PCDHA4,0.0006569178233232334,10.208814376152276,18.733407495356335
WIPF3,24.64761055203966,19.473104374946065,0.7610628835135123
UG0898H09,0.07645920194409561,12.79600917715308,15.65213557032525
FILIP1L,53.15850591845731,12.713169749193789,7.62324885192034
CYB5R2,2.5794376512083694,8.034321710736458,18.583622824941447
KANK2,7.136467744733958,26.685400672978002,0.043623024857312676
ITPRIP,36.29927661023681,15.703657987213836,5.162172917952919
TOX3,8.557244583116285,1.2037755470711588e-06,34.331485077299625
FRMD4A,50.55405588061463,0.03858792193328935,20.0702126279455
TRIB1,47.59293671001273,14.89784876375199,3.3931664386121625
GRID2,6.982179878690575,3.975595541342193,22.450982059068565
VSTM4,0.31074595275926786,14.362249878912477,21.188480713889078
CLEC2D,45.89008896520661,12.900809187094266,7.517942239805388
PTK2B,45.83686608839294,18.202201770869113,0.4191839994537086
PCDHB13,11.067461041621854,9.719232896286737,16.47197534524833
KIFC1,1.564498484758923e-08,10.300790263199463,28.77937363247784
AGPAT2,27.511432547690987,22.017275206465577,0.3552829162838454
FGFR2,3.072602316248116,10.201275537890288,20.123076076847465
KLHDC9,0.0007128516789585027,19.59116221071517,11.006185455641663
SUSD4,4.905906449503574,8.102074448428729,26.95768027627662
KBTBD8,44.23786940968785,3.4889903926924837,15.99116521447658
GCNT2,14.59637468166676,2.682902746010854,28.30801205436428
NKAIN3,0.0003650207882083957,10.833897207089645,12.96670372790093
SH3BGRL2,3.6483417259229234,5.340277739075629,29.939949290297164
FAM107A,11.54498720210329,20.157082702063487,1.9099790284569471
STK32B,8.0573739144466,11.597186210730392,17.220960944842307
C7orf13,4.6838139565483825,8.869352658474314,16.121704799206025
LOXL2,4.557217189873019,19.394090162009682,1.7268467808390027
CXXC4,4.597080364769416,6.328133578401432,33.130207473394556
ROCK1P1,22.325162331828494,10.409632176288216,17.358656865034803
HIST1H1D,13.928132728384918,19.104633568456013,6.94580019045123
LYPD6,7.103775253607275e-11,10.28150859105533,18.45674548582899
MGMT,43.85181901937523,8.668639271044494,14.618426555240365
RALYL,0.0025662340297116486,5.633612119076508,21.35418798038494
TBX15,7.424064706190214e-06,14.375552571442379,11.026962263397085
CABYR,5.592647129460227,0.18045475479635156,28.85684726418865
EXO5,10.387326605432744,1.0187566375100234,31.219178035799594
SP140L,45.05258450279435,12.61323638814089,1.3435593114127976e-05
MEGF11,2.7358929338533255,9.339561945072282,29.54340350099567
KIF11,0.000825110083352712,9.937018664147425,30.887760972880173
PXDC1,2.4975194471471123,14.61302196392374,19.698915580805497
MTMR11,7.37232813555572,22.679116553706333,0.0004586155311839257
KLF9,6.394338701617717,21.006257577894775,6.518727131321771
TIAM2,1.674424593011945,8.571528793536366,18.963497306205603
LIN7A,0.002559946110875487,13.902764831906076,13.928341683499454
AP1G2,53.42890546012581,12.220411379810526,7.266496508161377
TENC1,1.858959894063429,14.187592507359476,12.382755336428644
PIN4P1,0.007793838048955626,9.15009138355388,24.194008830084716
USP2,5.709478542027562,16.834709492615126,8.703075948236926
HK2,51.602425389394334,11.747900322847897,9.988182822424436
HIST1H1B,0.0028911564852485425,13.023358231518033,17.645827190743386
TRADD,42.139084557465125,15.977412162392808,1.59025005342993
FAM50B,19.436859727407608,15.063524327897783,13.37540299400145
RPS2P32,15.095884578787038,14.916041363729258,16.654845715796274
ITPR2,42.96601009256869,17.991889051089608,3.831587481015576
HSD3B7,23.8933665488353,16.58066505042126,8.67170117487828
MAPK7,0.6927183999913985,17.899171482890146,13.461844554402893
FAM13C,0.9198203016895221,4.581903563156512,35.34519242261619
CASP8,34.87114126206033,12.387872030850776,2.7558536597409424
BAG3,29.360022968916496,18.82482326159618,1.7752606085227187
PRICKLE1,0.8153779104465677,12.258943288208181,15.920403533553262
EHD3,2.4651066786704314,10.565036955443569,27.888866384471484
GRIA1,2.194446409556109,15.533459094191235,9.038949695002433
ZNF605,0.09950204637802229,17.098624320905024,20.069047063973745
FRMD6,4.959746022671635e-07,17.459202307768813,16.850460900460188
SCARNA12,0.030729715036356263,10.861239847270959,16.670720027254387
CCDC152,13.601292887822874,17.036436772099393,6.617790477183526
RNF165,0.003979938157191767,4.8243405996336195,30.933902955611348
SH2B3,59.7403248721192,8.548347184149181,5.623700135214649
HELLS,0.22008025075623744,12.509715745709627,26.79392127293967
CACNG4,0.000398125327689818,9.377959116476958,27.862993904878557
OXNAD1,16.969042761117272,20.65358624878146,8.256728862062173
LIFR,9.42757607089631,20.507473781639966,7.5825806160575855
C1orf226,1.4401972044792381e-06,17.95099747147266,16.909922444285524
DEPDC1B,2.131992138536212e-05,11.753876945980304,28.591660947905567
NCEH1,38.63614322519713,16.82737662451458,0.7760048700327781
CSK,50.80234057530867,8.472440535332312,12.162694181214867
FKBP7,10.021798755562042,9.40366072433878,28.690108414019715
CDCA8,0.00797711850439116,13.45364891964287,26.35507999707541
SATB2,9.911636666385335e-06,19.99825884451005,2.861138858018196
FAM111B,0.11083183791210452,7.897964082959243,26.676475678230748
ADHFE1,21.915097322913347,18.384059043687422,3.9891566687806908
PRICKLE2,5.977187785847794,17.014746472722504,11.794699341837294
FOSL2,22.913255432313242,17.358238372694625,1.3111767730086668
B3GALT2,16.194219374474866,3.9348182810692847,24.78626045593444
ENKUR,7.864068565627975,23.37191857877406,3.567461416402246
BRI3,32.77329003005697,20.185434318366603,6.543712220939967
FAT1,1.1120897969029559e-12,17.48637216821127,12.843492551197587
ABHD6,9.31841964444052,10.904299101360845,25.23029806451385
ERC1,4.080296081180495,14.557015376020388,14.096449226398958
PCK2,38.85675046219521,16.683718282648783,0.14877578262360547
SLC2A10,2.5179515978230978e-08,24.42094192808763,2.724239344839512
WIPF1,51.28476210675767,8.760443884959246,10.015574883607805
LPAR2,26.360869182353756,9.519909947078173,21.972811313202744
ELK3,31.73805318309052,19.27174607321347,1.0743952260580343
AUTS2,6.370754447890534,9.314022236633459,23.053270530842042
OPTN,4.543932968219017,13.363388162944123,23.58127921456455
SLC2A13,0.03488815752777817,8.975115735813501,20.59524531261853
MOK,1.630493014557145,24.68356890618646,9.242992732920367
NEK3,6.87119061891817,11.13239223262977,28.691315689990514
GATSL3,19.015962858587773,19.029483022659335,0.9081090709688875
RRN3P2,38.93374500136704,10.655603055951635,12.639209614181034
RRBP1,13.22577467545261,26.91928747252813,1.6042114302385946
USP32P1,28.367947267737808,8.903254980845775,19.62278105083952
ATN1,0.0015611237114364557,16.32501416879714,17.02407001254904
LRRTM3,7.320099958027147e-09,17.958340837645327,19.087598300446473
USP18,16.210494806721815,17.93620625930554,15.590519941118329
MAP2K6,7.676760807971606,10.338754796951624,19.954824483711757
ZNF57,12.630192996817096,19.733782989332465,10.994260390460246
AEBP1,5.582766295901503,21.106218402776854,9.502591319279142
DENND2A,0.06969689320707748,21.17047603377493,14.509611171393002
FOXJ2,6.7021741716511904,13.233260585602702,12.896772460778719
SLC35D1,5.7988035725668485,25.833362664788723,5.82073036400873
RTTN,13.094535212581684,16.04570543351317,16.844139099327577
HID1,9.486975155318413,5.096114119210128,28.550445583681608
CHD3,2.6650034822308193,12.696872587439088,17.55898675256857
ST8SIA1,0.15561173529740438,20.68932075184167,11.37163700005866
C2orf88,1.6595376571854832,14.961098433875662,11.93953117863472
CREBL2,51.291558596354065,13.349665680390634,12.465866105467486
LOC100128822,2.0076949589033304,17.547820394752826,8.30477130664
TUBA3FP,5.3241439125107215,9.178711848853922,20.488436867900145
TTK,6.0577393614062615e-09,8.46300425767558,24.779959114559865
FAT3,6.509991442706305e-13,16.375350219552292,14.260014970085583
GPR162,1.2204397218197094,14.082095356877911,19.50258888420802
STOX2,4.242207751989214,4.573154698544911,28.90137920810851
ABL2,27.879835770331272,7.8506878408090675,20.739926216295686
TOM1L1,9.843938274100078e-14,16.25577948292702,11.672131399074935
HIF1A-AS2,40.79440314721799,6.435121340379385,13.046556894241697
CCZ1B,6.707151916307018,11.973697469126066,27.316846959299937
MLLT4,12.605770035177054,10.198892813201342,26.145917005297665
SLC41A2,9.413975195716038,17.585169691874338,17.365057959943694
MAST1,6.01723380706653,5.7048061649047925,25.809748458960385
ZNF239,3.1948823210611127e-09,14.235273141834819,18.828880892837784
LOC728819,2.2145027293286402e-10,8.268934906982269,23.380848497976043
TLE1,1.5459178448289122e-10,20.0053002633645,5.3207610168833845
SLC25A29,18.07884563230202,14.982173635293766,20.423180732275803
CSF1,16.00545581399101,19.485327916149938,0.9569835479781582
THAP10,0.00013499055273758553,19.177900449591924,20.354160584174352
C19orf57,0.0001598499917439204,12.93262913572496,20.525558040182755
FAM117B,15.559238258023798,8.200786997693196,31.67501479969319
DUSP4,10.900840079295556,18.114066521433017,5.133294569395293
CHST11,8.540205368920319,12.64614238512793,26.72434592059173
SSX2IP,0.28803106896378494,18.41164325278313,10.255253328985837
PVRIG,13.576698533437893,13.2572693208255,15.473369343469864
SLC15A2,17.815326113690155,19.268756453229123,3.267356109856494
EVL,41.98167820836088,12.094114680737398,14.020720934407313
TMPRSS5,9.394150184682733,16.986056619527247,17.454051797903386
DOCK1,0.009809193718109331,18.02703942484634,19.21873687157916
ARAP2,11.077890593400213,22.658734228825782,5.004195127951468
HDHD3,7.0119727820586935,16.08960266394021,10.416749067207288
STK33,1.1229569740069161e-07,24.793263749756512,9.659059885463456
SLC43A2,36.64371634058506,11.490015678571142,20.368735839451542
SMAD1,0.007057549305906661,22.86128226913928,11.405786378424201
NCAPG,0.008117769833123225,10.946915602662532,23.451033668553
AP3B2,2.8100617062181232,10.141191806776023,22.429394107374115
TSPAN11,8.437506255709608e-05,6.885377098446718,29.831962996274246
WASF3,5.297208745192017e-08,19.755475662917956,10.37248253573543
PLD2,38.82895060124192,19.081169410987016,4.721892583669095
SRC,4.1956903265482,12.682673142012995,24.66298077972576
HIST2H2BF,37.258256778292385,12.1105814090251,7.660918860530001
TCF7L2,0.02549037388251088,17.985310157298176,12.834892536115246
PANX1,9.665588094432565,10.482726964457523,30.77313077531317
TMEM54,0.0008359084937031086,15.562393985519023,17.393179144802446
FBXO36,3.3267748907847925,17.659079438846472,17.136494006606306
KCNN2,10.526577604724563,14.435849008111585,11.758487969075452
PIGB,15.4429847882563,20.94047185015752,8.113116377467845
NBEA,10.48758576883103,10.720199400478794,22.714301053126793
HJURP,0.17026932911585463,14.062391857310033,21.872969253028508
DPY19L1,9.787788979183794,23.154326701003477,8.893420523635761
STARD4-AS1,10.976607665616974,12.911644583464437,20.005614834712063
ZNF285,1.3996417914193988e-06,12.955564820067455,22.935617584637114
LOC100131234,12.492086729551827,9.535079237882307,28.98995464320288
ZNF596,2.513258535395927,18.001855093521453,18.606556385973192
TBC1D17,13.457344286756973,21.69988829878072,11.400862660083678
TRIM21,41.32575922021793,15.867689925900551,3.4367689396859187
WBP1L,44.71224585764306,11.499999461069867,11.946997984342334
AGPAT4-IT1,0.677594519354068,10.54960164577507,28.840340427336514
SRSF12,1.7676444345467541,9.924384027957181,29.07131530556851
LOC100506451,22.16144286276273,19.076675293774034,11.910918453487747
PODXL,5.498873784573149,14.793167426358533,20.513471960794366
BCL7A,0.13509914574279142,7.60138578168152,27.243940140128128
ZNF524,21.71622447893407,22.121987593443702,5.340304678773201
CAB39L,9.915014848521388,10.336922456379368,24.795975672989577
ARHGAP31,18.01644051111241,18.885441253544595,11.864784867718765
ZNF273,4.7008111177926875,14.569338437289579,22.717122996263004
ATAD5,1.7992109069005102,11.489087216123112,27.937186575777766
IGF1R,0.16928451694876992,14.943941798516262,16.54093146086347
INSR,16.81048420483576,17.145987667112298,7.970811856390192
NAV2,1.4323019787612359,18.683615039105568,19.127417209217136
SPA17,1.929818351750062,12.828686256479251,19.538096559616392
GPSM1,2.966862084727818,10.28743165814466,29.61131706484319
ABTB1,39.42941005929801,15.47428786947508,5.310869482362115
WWP1,14.656927162020414,17.56570883560075,8.13621246122708
HOMER3,15.28114818121716,20.61778454459031,9.305009695126834
PRRT2,10.440842331659326,16.558332119263582,15.687915972904882
YDJC,26.33990433782866,16.61944104158057,16.23478809950523
MIRLET7BHG,11.84890336513037,14.028181594533049,25.292736715509406
CENPJ,3.0269170311307794,7.651217400603478,28.60314212117835
FANCD2,3.4048181886320887,12.94089596132335,22.968436965277593
PPFIBP2,25.64919452474113,14.61757756262458,13.828940168878589
LIN7B,12.712127344636304,18.856182202558365,14.680169397477718
LGALSL,1.4715210446664306,13.14971523388674,23.892213926277325
MAP3K12,8.086958829450857,19.1874630043983,12.050392074389848
ACTR3B,3.5426620948730836,15.847851538803848,25.15521238742748
TBC1D22A,44.40371916075337,10.338830201434225,9.806538439250382
ZNF354C,9.205603106526338,13.268757494163152,19.266201852371225
ZNF713,6.387320209216224,11.975549104017158,25.69050553699209
DDX58,29.183084491239757,13.154282996879981,14.584567673582619
ANKLE2,10.37766990795583,17.705232594259364,19.27366272223293
SLC25A24,33.254543802409025,11.124697248779613,12.13106854449195
ZSCAN18,1.0401207653648812,19.565915402021865,19.330048105182943
DUSP18,28.589522472646653,21.289277268783575,6.689786845957599
FIGN,1.3985791526588904,18.761934871025407,10.95589821427189
SFI1,5.378604671166942,13.900092497144138,19.255665580230044
CCDC138,2.009228152701312,9.613265528784806,26.90973282157055
WRAP53,0.6214633833783036,17.003440189797285,24.36203335451507
LOC100303749,13.154411890721109,15.774596420872074,19.409009046267432
SMARCD3,1.0051546392760828,18.299478309468395,22.616900043662678
FKBP11,7.966838080015936,22.272737605099778,6.018960658100459
ZNF879,5.38268701521941,17.155532832516148,18.314464795033064
TRPS1,18.559855515589113,21.98869460107331,9.199306185326146
CEP112,0.00011103567671582099,19.34683482001829,11.218617194334483
ACAP3,0.7880102352417641,11.615842842198411,24.68766863514347
RASA2,23.922419376321734,16.08456339859786,11.7973348159792
UBOX5,1.2583351476464177,17.53143519192489,17.380219653857644
CREBRF,34.920192040133685,13.934558605710105,16.33275568288466
CCNJ,2.861411094162819,8.867625402522414,23.843308108446607
FAM161A,7.814277452460885,16.010756924428733,21.61319150220969
ARHGAP11A,0.03491353989372968,10.591910180331682,23.998960042208086
CBFA2T2,5.26024988787211,16.222264021722037,14.915191970546143
VPS37B,8.229291200070346,16.560516479535124,18.847600586681928
ZNF217,30.801134339224372,18.658831253294704,1.379179388057329
RAI14,3.9926042732298654,10.8150949218963,20.946948505233905
ZNF250,14.9558187090626,11.351268304249105,27.458800275087157
TMEM178B,0.7972914078330331,12.012198823839732,25.14745083916357
WASH7P,8.587831784672032,19.98052538281793,17.1431049776993
RIC3,0.3082175374609666,11.441245820600793,25.574342284996757
MARK1,1.0881228820957412,17.51653373406286,17.0181725260897
LOC728392,9.520726819432312,19.990819092921924,15.146565669313308
LCMT2,7.641437010418169,15.543619575742042,20.559261166061937
SH3D19,5.4352308633998865,6.418411474085072,27.186415788702387
MCAT,1.681904024344006,18.82855087379713,21.42788658198942
USP36,30.05754703595343,19.492935443555073,10.919906230430742
MTMR10,24.639619846612664,15.270029509365193,16.015298855768588
ZNF808,13.358113907582874,19.389604992324706,13.365285069703994
SLC26A2,20.10841468490049,15.486519842855044,19.874682402245202
TXNDC16,15.045174121247367,12.471037434457838,21.789931862632788
STIM1,18.24972879110217,23.876295786890807,5.583864140200543
TLN1,42.60328344296553,15.491375455536089,7.307079199007631
MLLT3,7.803442204064409,10.906656912467627,22.73790736908008
ZNF607,0.0024328644387593265,17.304281249281726,15.858192511997352
DMPK,8.470410248621533e-09,19.832006810701245,8.517264222185435
B9D2,5.197991507067429,23.73524012980092,10.533194620510239
SGSH,14.411948167660404,22.798889438617913,11.094886067822703
SMCR5,8.57766402698937,13.62408899904032,19.09234660770794
DIAPH1,6.4752321649394196,13.304625167163982,20.48291989666077
TUFT1,14.57305200944088,8.723327983655027,25.832235890088306
BRAF,15.807523795510319,11.930181992931995,27.80789124692667
AGPAT4,0.5002956216050475,10.686816847903385,28.180546772954223
PTAR1,3.1434823325510117,20.3700936632571,17.39334236760254
VKORC1L1,5.177276054035499,14.374839980112325,19.772445574131844
DLG5,0.03551593300296259,17.94858233597504,16.603111780935766
ZNF667,2.369570751289811,18.137529081684765,15.048353394696935
TTC39C,10.211148101219186,13.00522320093394,18.89742596061558
LOC644961,10.42886661074415,12.91504676291444,19.205674697968384
GTF2IRD1,2.4800191296557808,14.594842959685453,20.89541814639718
FTSJD1,40.49002753521162,14.306632465393475,16.152336056046558
PPAPDC3,5.574719904162442,10.977299256137215,20.96282378469013
SCAMP5,0.4508345084456005,7.563085790587549,27.62885325232515
MMS22L,5.218853124759673,14.42155298438816,27.096062816035708
PER2,15.458057792878101,15.428151331646381,12.40030330443247
GLCE,16.818375640754788,13.984412511533781,21.343814230817053
ZNF582-AS1,12.420214823781693,17.203255189370577,15.378203145742134
RAB39A,27.471528028337673,11.633411675787208,14.128164570359068
ZNF28,13.941580963704729,19.532500928777164,12.64850806035815
GUSBP2,5.127902691897072,10.677390813296965,23.484374018921574
ZNF155,14.107477562635276,17.549228582479515,17.10867339338113
CRLS1,3.05533064314279,21.492839477251945,11.136100970783033
ATM,44.25439287897165,10.378820296114903,9.832825863006327
REST,13.603628595640938,18.472977112242518,11.40564395290164
SH3BP5,16.243492031768746,8.140626943493317,24.869455387923505
LOC349196,7.474733427674719,12.393501578800697,18.993516021131807
MASTL,5.004236467632605,10.71314198425067,26.230651060661426
NMNAT3,4.776304781784689,15.993235119950102,14.179742499647118
ZNF224,11.150102656059337,19.175982757856723,11.693224121170804
PLEKHH2,0.1574747663305653,16.221469363918843,15.688743228297026
HDDC3,12.656809156088975,19.068526692772185,8.662741522664978
HAUS6,3.8987010782025298,17.05260532899619,24.269003786433267
LIMK2,21.140017894812697,13.141320014112418,14.416652761293077
H2AFX,0.032395235270401876,18.506121296113808,21.797043115111038
EBPL,5.86869368141874,20.427706482505787,18.312686516428425
ZNFX1,33.34277951098895,20.299601448169636,7.037871794921592
ATP9A,4.432359748162635,14.830627285115627,26.83991575716343
DAPK1,28.09899718231637,15.177865971383254,8.57396478680985
CCDC144C,9.42065359252787,11.388088663678577,19.781210404546147
MEX3C,5.380515007433802,20.6546871945145,9.65262956053204
ZNF12,11.783217044544994,13.877198468529032,18.58124096584769
CHSY1,12.540408189519294,18.196710609085006,7.484273466430204
FAM13A,26.17183211948168,17.329630812888993,16.10416876906112
ZNF304,15.624787775225439,18.783128943472263,14.183492593503823
CNTLN,13.482405522068687,10.896839079903776,19.863397887870654
PPP1R3B,24.413671006859087,17.2836977488725,8.45456679991441
UCK2,8.726656838174184,14.943443453819391,18.856310807468407
ENDOV,13.56181753982515,17.108214871727103,16.108040451800996
ZNF829,5.456487226840549,16.808558367151132,18.851284358900465
CHAC2,11.419249068507638,15.8332990905556,21.725916640702625
LRRC27,3.1493535356162283,17.058135310413945,18.11525584165935
FAM214A,17.52747011505475,12.64008303695217,21.325190287025837
DIXDC1,6.469672278330364,9.71752119756665,25.96631219235857
ZNF189,16.671666563157512,10.194969685077316,22.065981318946722
NPY5R,1.7804810072615296,18.201726025511086,0.018346228468092307
KHDRBS2,1.3111819713085872e-19,4.110868335773272e-09,21.86148844548944
CYP27B1,1.3521456658699557e-14,1.6221093539367906e-15,40.731009820977356
TLE6,2.121716423344017e-13,21.60579765785841,2.706899814723896e-13
TUBA4A,24.381468367170683,20.798929670078717,1.3393596979068854e-07
RDH5,1.8372825182434116e-14,23.097122529977174,1.709052833227985e-16
HPGDS,119.30216545663859,2.622033085093757e-13,6.405385045722465e-15
LRRC25,129.7503254219419,1.2012609228213226e-07,2.9368093696283465e-10
ALDH1A1,89.97472940121682,3.6753685569727863,2.145776416172135e-14
SPINT2,129.4769967500107,2.144925054370684e-06,5.694890944296565
CD8B,9.533533286927609,11.318559673928632,4.8584598895153183e-20
LEMD1,1.616351024349242e-12,13.27565852438081,15.966939124664629
ZNF488,7.261261270140438e-11,8.521425707480586e-12,42.35979917036951
OTX2,2.6588269619184854e-14,10.07105494148555,8.229410332175487
ASPA,3.2825470839381395e-10,0.34296860961725056,39.08709295218393
ANGPTL1,3.6256960625482074e-16,24.960643768348856,0.0015188115864376067
TNF,123.94818585440004,0.014795612850667838,2.2001897047013847e-05
HCST,112.6676594632202,5.079674544289656,1.23307037777657e-12
CRYAA,5.475228804852794e-24,10.01442479198234,1.4015078206865204
LRRN2,4.2083736051814537e-13,7.649121239106734,25.399717218845023
CXorf28,3.896848003706882,1.0123185635147443e-09,45.34150539198271
FCGR2C,115.58820647125958,5.737651471653564e-12,2.1143080736257524e-13
CYTH4,121.13743374747895,9.4130072156365e-13,1.5891476409838868e-12
CPNE5,1.4368829480262097e-13,22.291348205756233,1.1321532295629295e-14
KRBOX1,7.056866413824096,13.277867919915536,28.67858732356301
MICALL2,1.3722654764943232e-10,26.033781049841235,2.7071706162988233e-06
PCDHGB1,9.444549817915048e-08,15.281762881811147,18.031392192219
GPR65,122.3019988336103,1.8282390609799993e-06,1.1936898202619362e-07
MPEG1,105.08271757904558,1.19664975319253e-14,5.942491598799145e-14
PRPH,4.255584866769713,15.166156093596225,3.5903826090345894
APCDD1L,3.420117428229546e-18,14.70592450659419,5.439112502740847e-20
LILRB1,118.69148090491775,6.986437583310119e-05,1.2716793305854673e-12
PTPRN,28.375091799244125,11.705600920085791,15.014151917036601
GLDN,49.63425340755541,6.402244699521838,14.21199182104011
TMEM119,124.39728368437162,0.00539029074869444,1.0367251383332912
SAA1,33.72615547610056,2.602032821952646,7.459740817861934
LOX,22.346191541595932,27.471012465318278,0.016196234132555457
MT1G,76.87554924488377,8.541100686233879,7.994796933089626
TNFAIP8,104.18077245228848,6.330660439741687,0.06623512978456807
KCNH7,27.14958423329308,9.621272679145227e-12,44.75421935422075
FAM105A,92.33910405062474,2.086050414311044e-09,14.092668438106315
COL11A1,2.393280904813809e-07,1.5554652556465693e-10,44.798913513977276
TH,0.0005446529753858088,9.249123907114246,1.3395430197195972
SIGLEC8,112.17001981121342,0.6109921558481249,6.634001863839181
ZNF300P1,0.5180772112936793,1.7236374338917178,45.24307995350157
CRIP1,62.797254227651194,13.160312693688118,0.0003710762175171784
DENND3,122.68651249241151,0.010578116378498405,0.9061101471738009
FAM212A,102.66877634853525,5.108696573207596e-06,0.0002660862230795821
CHST8,7.931655715432821e-12,20.842321275964423,3.914256796747817
DOCK8,112.39032788945937,5.4748778573980696e-05,6.290858395067491e-11
AQP1,3.861219850366925e-10,25.289824775809304,3.7171766880600106
MBD6,11.367166101077096,0.027911922948690035,28.13461652229116
SLC26A10,3.019575668607297,3.486936520404529e-09,34.77888329808652
TCIRG1,116.05758839167311,10.359433779638216,0.23955077592859642
MOBP,1.5473974832561526,3.122072088310806e-14,43.08117679965771
PCOLCE2,9.691940374566663,19.65702542045348,15.086662134421521
SYK,113.27848768065552,3.871714570072896e-12,0.0003895144435873487
PDZD2,11.404548627479926,33.99608389371437,1.6508010386598335
SOX10,2.5578172881898005e-12,1.78939555734394e-05,43.940735557340325
KLHL32,3.930877694533141e-08,2.1884571831614266e-10,44.471100057970695
CMTM7,123.88868265978566,4.890779448109101,2.1834219575569898
PLAC8,114.77021344607326,8.097182454089696,3.9963583312818223
RHBDF2,122.27018775373074,2.6990619371662734,0.000605323602659421
DOCK2,109.57693279169027,0.006788864825904527,4.060680027756737e-13
LTC4S,116.34095750982242,1.3791956828239802,1.4446835661459056e-11
HSPB8,8.573852778306529,27.091080295000058,2.845520204721325
SLC7A8,58.13509536040163,12.031320061658187,1.001056722990675e-11
FXYD7,1.6921935325933641,13.81593608303549,21.33978144124531
ANKRD65,4.235178167244843,15.852357923541138,28.38848401542112
FCGR1B,114.6921566908262,0.04054826106113286,0.032796192571333975
AHNAK,69.7721644319407,21.630751988856325,9.454780563804522e-13
FGD2,111.27803242737487,0.001082908845186899,6.826899952280494e-13
C4A,0.0008039057659047724,30.356398908001314,0.0026169002575010696
SLC12A4,2.2501916771488695,36.18478009955541,1.0948372738887437
NCF4,111.84554536809961,0.031137421932904544,7.05371660866339e-12
SIGLEC9,112.60864534388809,0.006958103213103668,5.1980465953904065e-12
ISG20,36.143493900757136,24.95679711927669,2.802573356947779
PSD2,4.810050999292325,21.41894033336885,7.480268303608883
EFHD1,14.882541183507316,0.0024283611863848142,44.22194312698231
IRF5,91.16784941972706,4.434376690284416,9.076176111164937e-13
DEF6,101.0662039300205,1.5494220877858538,1.8685060175028285e-13
ARHGAP9,101.23997578187846,3.8345362254711386,5.437817388485053e-13
MGC2889,5.160391900127418e-06,8.662683190011224,38.86902311863591
ELL2,74.11373392558187,12.017819994546324,9.28915891670859
TMEM246,2.938008609187161,0.008661510181501525,46.44586395597605
LOC154761,13.675521340432384,31.651742876229697,0.14482762596933801
RCSD1,108.26631152425725,2.3802613784847377,1.0381286941144364e-06
CLEC4A,104.16599231268819,7.790732449340974,0.008678247273223643
TMEM132B,2.6568719837398085,20.281226672655947,17.40409659083712
CPNE8,4.10940121574223,17.935637486189908,4.467006589636642
FGR,104.13310952694643,3.1681418728448656,8.432570578880493e-11
TLR4,95.49221937530412,3.189375501765224,1.630832781276848
FBP1,98.68174984551426,0.6194959665718262,0.002946177131691381
CA9,9.302337853831708e-08,25.526798926013978,7.66974631461628
LINC00839,3.7451054420348585e-14,13.347482456725563,18.998781623773553
RAPGEF4,0.0003544890811231329,9.626240509055858,43.94431989804736
NDUFA4L2,6.408270420545845e-06,16.190862846306164,16.71425275571361
PCDHB3,4.69297446551236e-07,19.202484114282115,17.912690760469786
CAV2,1.911117305350856,6.808011755109027,32.89621793940621
ARHGAP18,99.7089981191414,19.049227271735294,0.005019344740407927
ABCA8,6.892587429141366,22.381492932101605,13.986035254471405
GSE1,20.07252121445395,19.116538432314144,20.947541708967336
TNFRSF14,101.86578710954308,19.162801067225836,0.7798021376922598
DUSP2,91.78035011942715,8.381517870411654,3.351428220222767
OPCML,1.5093568254659788e-08,5.429498684124902e-08,39.63171244932504
GPD1L,1.2899876804496149,27.084972356379893,20.886274490521043
NFKBID,97.67436278170223,2.21536798720028,7.812332221284627
LOC375295,23.386223933532893,18.00754924324547,17.02158744032313
CENPV,1.6982992662880213e-05,7.822988131500536,49.26889277223864
CLGN,1.182498749288633e-10,2.86524938976794e-05,44.59710556776043
GYPC,77.3035599689076,21.136286802700052,7.1347970944502945
FERMT1,0.8451117768340828,11.987562313684876,26.052461658349866
C2,96.38263686885878,7.765199340586019,3.3595949059893434e-08
HVCN1,96.69979819209037,12.068824325060065,1.8260818005423936
DGKG,33.76472166725808,26.82893173796581,13.650322872632776
SLITRK1,1.897749550874545e-12,6.915930896056718,43.666663066658565
CDCA3,3.03773316850319e-11,22.50591666538533,24.368998123304575
LOC400927,0.16534371767922804,13.53143343812193,21.397967253577985
SIX1,1.426745074760832e-13,5.319713082103928,35.585695399586484
RASSF5,102.30031263454337,2.9233373316835545,3.9492844661297903
TMEM63A,16.035483843940625,3.5756507204245276,41.25633043777346
FREM2,5.215014158270885e-10,29.398271799133592,17.36889505407891
ITGA6,13.718656184338728,24.05554192328022,3.067078791537973
SEPT6,31.95709241284191,14.16700017924093,34.858639688458815
AASDH,16.260884990706778,14.354695271022221,39.894443744847656
SNCA,57.868299387931884,6.324306640273117,14.024065665114835
RAB3C,6.616376137214409,1.5302407259763404e-10,41.04708209047773
DUSP23,88.59872062030277,15.447585117314267,15.46802364752598
THSD7A,11.204466445314306,5.731214260992027,46.42797494469238
DAB2,86.12212853955994,8.999083618043791,0.09653631188668749
TRIP6,0.0010310719028956434,42.887660616541446,0.01150700957257433
MYRF,2.0581250199219454,6.249671308562627e-09,43.38336067220392
CNGA3,1.7551292071347904e-06,33.15241002172829,0.3142626759741065
RNF182,0.38108097389409096,8.650438536435287,48.35102225091058
PLEKHH1,0.3187651205833144,2.11649076237825e-06,45.70261237348747
GSDMD,65.19208550500542,29.241821395716286,0.0005009174056613142
CCDC74A,4.5500291502819104e-11,14.561516626641055,26.143935941661034
LRRC16A,11.97871237366367,33.682999496602484,1.6596703833417461e-07
MAPK8IP1,3.831123560540899e-05,23.036782506713823,21.214640605109096
NTM,2.054731485196349,11.184791475484348,50.14884174812191
MAFB,90.20421808063284,9.698601891135828,13.60839725387572
SELM,16.949488364327898,19.28536747343247,31.132673350546746
FAM107B,14.702955770635544,1.4275663842047053,56.01817645306121
IFI35,61.012949532003795,31.143332810726402,0.00029795279279643043
PLA2G4A,45.22983054662665,12.85914327148559,28.379082463952468
LOC100506474,0.0003134941794663914,29.142684698119353,17.487519255104537
SPSB2,10.952229060777574,22.98588140612716,28.5101657860295
NCKAP5,1.2181012422967596,8.85656890497378,29.160164716289508
SVIP,8.771820983768238,10.418978470336516,43.16590268739858
PTRF,2.943589696150854,40.198306930787474,0.10024869701571149
CNTFR,2.1654655388278105e-13,19.31017054139342,16.649044227374034
ADA,12.669320066699912,30.061471995880304,10.791638331559033
STEAP3,65.61151021138834,29.80859571291214,2.0086811858347504
DIRAS2,7.343018770294672e-08,24.045511833645737,30.42191593062223
CSDA,27.013342551695978,27.28130922553704,4.217889300990008
DISC1,18.759608030165058,18.442429335025686,33.166507158877984
FAM181A,4.331402529145797e-06,23.64137951603859,14.527762184693334
FBXO32,8.712419155821546,25.61273366590473,1.4880418768007126
KLHL21,17.570399875286626,30.065880526718175,6.74120000381841
ABCG1,61.227692410700264,7.2291890103849925e-06,47.37224797720571
LHFPL3-AS1,1.0370861901264564e-11,0.07407736060924947,50.99594960834004
CEND1,11.072762593217,23.69050874445209,25.456775484020667
AGMO,10.997281068764758,25.764428904117562,14.764057203873646
SLC9A9,100.1088091186395,11.17659147918341,13.012364459490716
LHFPL2,101.70095084891035,14.046964543903824,6.974618509133964
B3GALTL,3.768212788969387e-12,39.21482996111237,3.8959634332157926
MRC2,17.617618890677925,31.95917343645837,0.29575053183905314
C1QTNF6,0.42288159209645027,25.89971652484753,6.823945851039121
KANSL1-AS1,26.124738394036815,31.97121708100018,1.6024539794928168
PIDD,9.083717409802476,16.32677288917277,24.73445570339072
RGMA,1.6100812013567206e-09,38.72065004453897,11.170556616434608
PCDHGA10,1.7087654758022842e-13,26.034793050640964,8.132483085885923
GEM,39.948806507682455,27.58671273858948,7.48766732956594
DNM3,6.910685723568517,0.6231027686400373,60.340698335940736
PARP14,71.47051400929558,29.41498712177466,0.41963454061556565
DTL,5.545423380218831e-09,16.170428571553874,43.35723256756931
CLDN10,0.05179206277664645,30.318900574726534,10.771914418541122
SPR,14.673898545642345,14.819584315145462,32.9084877091228
WIPI1,80.61718099639988,28.8304160596667,1.2708082295878005
PBX1,0.03141463291717616,15.999113683183305,46.18301714295809
ARAP1,104.50654623784699,12.272667366555744,17.35291272657211
PCDHB12,8.63473647517097,14.619776171784814,35.6360400366069
ANXA2R,16.596787448229716,10.530271252329825,30.71905251392833
VCL,22.73200020963868,32.81098232371175,9.413085124631536
AFAP1L2,1.1361221095087153,0.9644895590341126,45.620021930963574
SFRP4,9.970250408583947e-12,27.3483269698088,8.025877130350823
NECAB1,2.321922639643506,5.997148180266593,38.296704452952284
LMCD1,4.082442461860032e-13,26.155657235309036,19.66005084261217
EPHA4,0.007952365562815056,30.432918639345605,20.363194164159932
TNK2,3.217430178669836,19.96844348293907,30.508191052612748
ROBO2,4.4408262481758074e-07,25.22476946535458,24.097094824885545
SHD,5.062568155882852,5.781622421542754,48.417180747202785
FAHD2B,19.111395128181517,11.430612443767163,45.09384578829712
DUSP16,0.05441419419414229,16.500066052408197,30.642574786675375
EYA2,5.066316177025046,32.28388140492481,0.09894106822049781
PRKAG2,59.634903647354236,11.679276067592138,24.788995708891466
P2RY1,5.013683758219605,41.89988409113297,0.02015880744523371
CCDC102B,6.129141431540456,27.820893051825408,6.310794203571248
DCP1B,6.3934177170315545,25.375377602796394,20.902265420048412
PXMP2,0.0008478272335050858,25.94389708593733,24.81066419159065
PTPRK,16.60268360367488,8.083285449119519,45.460229351233785
SNCAIP,1.4219533640139805,24.83628109271253,34.38845210427786
NDC80,0.00013762792825279072,18.798035934559373,38.36407817137162
NFIL3,51.18101119933768,15.489716555737925,22.50073645066822
ARRDC1,88.10793944178673,17.262389814088664,6.495360363359291
BTN3A2,47.99358285352241,28.52382739099843,13.664689588456838
MYH9,77.01910196295499,25.206130857473195,4.145369209352844
KCNE4,14.886335791345147,27.691943360729113,8.279195628883974
MFSD2A,3.4252141080120344,28.834009363117946,28.799135698520466
HSPA4L,1.701784488805507,17.898529856962714,27.87290878690593
CYBASC3,87.58592097083366,14.096615367704041,9.011569873653716
MIS18BP1,89.67037133397076,8.290632796304877,14.17016456764648
CRNDE,11.922457275503094,21.990778857940537,26.206525768779084
RASA4,31.947040032438437,27.232958938272912,18.132743147544545
MAP3K1,0.14116937291745424,17.84833629444114,34.572916327241536
TK1,0.8995026063179686,22.515526277373592,38.94854850204157
DNAJC1,14.629218289229726,24.18002900049722,29.277388386246326
PHF11,72.44625962284378,27.72614445139851,2.3248704650129555
OAS3,22.349430228717434,25.772812998351252,7.196700600150625
LARP6,10.555269044226995,8.94375758015087,46.86191936931403
CAMK4,12.988327247794125,11.518903994907681,31.569128353433406
QPRT,53.386727852549676,16.80534383809489,22.39684861642414
TACC2,1.0614233883861455e-08,17.448237792609127,36.03260370778709
CENPF,2.896570461453698e-08,14.243544111037595,40.226595441762576
C14orf132,13.14543544826432,11.062400551210393,47.289114406038756
FUT8,10.85649674003821,23.52101916006044,31.361984524447546
HPS1,62.65714236193623,18.44562697965073,18.771505512474448
SNX22,5.6919286098658075,0.08023072740988754,51.49628453744765
PLEKHO2,94.86463031395759,11.421325964003575,9.21297442727866
TPT1-AS1,6.303127973114861,25.252792661708874,21.795262013035718
SCN3A,19.28975190518932,1.909364434131483,48.779060764396
SEPT9,0.009707054344923745,30.036752153905233,17.65205504787741
MANSC1,4.6517561801642096,24.445606369266372,22.992901601462453
ID4,0.00013843628658643321,32.047071864245844,21.969882107814595
PPFIBP1,8.133687396770446,18.831979639478252,25.79304575453927
CAMK2N1,17.717180647406742,17.716229987976956,42.37735557365243
ST3GAL4,9.48360059735141,18.053894851924007,34.93841056166403
FAM20C,23.864345887906456,29.592316432354362,5.044622119946905
TSPAN4,48.27752710437215,36.5947811280478,3.8562455275382743
CDC45,1.965900400919323e-08,17.012435951115165,40.83682276443798
AURKB,0.0005735463202327323,20.810104700379952,35.02986844142842
MANBA,93.20450962299668,16.93009587740202,7.954430277488988
PHC1,4.487724428494654,25.144400585141913,34.91568172111187
OIP5,0.00016325352606379962,21.28947683934867,31.204127880716488
HIVEP3,30.86913786108372,29.309796761486883,0.7652672912786957
P2RX4,89.8674258333362,15.693742909983225,12.560647643597122
MAGOHB,3.3341359312719057,25.708145488786773,27.695800306546857
CDK5R1,11.478859800974815,5.616916025823411,42.293995522031054
MAPKAPK3,75.41399046142385,16.09768838235948,8.159453661287607
PCDHGA7,4.441432291144729,20.92072379451466,31.594738156214415
SLC38A3,0.011544843556792661,32.284440307022194,20.513909701764497
EPB41,28.59953049325164,8.908825457167064,37.078418013336865
LLGL1,0.8201034808498635,19.488376966568964,46.308755026821736
THRA,9.724022887901514,19.92190969703439,41.018303119624804
RBBP8,0.0001565972319205383,22.742938223254196,39.38994687234206
TRIM36,9.981966118706524,16.036052049179695,44.48384178778326
FAHD2CP,14.346139772038901,15.781125257261989,36.9119281239013
ZNF154,22.223920822482345,18.565733185790624,40.689135488169576
CDCA5,0.00020522831208738472,15.382373600169245,40.08521010248616
RFFL,13.599993919242346,25.97737451405155,25.568010701953657
MAGI1,0.39313603438549943,14.863506596387884,54.874475156630126
SATB1,15.168490825689862,8.147363404133122,47.58917980185705
SULF2,4.703092930250613,19.905751309193658,40.33821459685124
BCL11A,11.205803566620592,10.965492717078293,36.34178920787518
DLC1,7.16175356813102,34.4604051117395,5.5780561045608845
TMEM150C,0.1519587817716145,15.042110198036442,37.17639522531679
IGF2BP3,3.5358553278307623,26.5658613566194,29.767438198327408
KIF3C,15.593257576203607,11.12583508587172,48.8369035648175
LMNB1,0.0152808222902391,15.933396616780206,49.743366164199166
ICA1,26.81372162398392,8.524439932937621,37.73400863864142
PXN,26.167971296153613,35.59187136029656,5.626581072175124
SEPT5,0.9330826252895408,19.904198892130612,32.91802940662421
PKMYT1,0.01718728253304898,12.525679280519613,42.305091206383146
PARP11,3.011142172277242,17.93167296986934,38.05635755739826
RNF122,30.645428289765967,11.10662650180012,39.796764125372505
SOCS6,61.83682034594931,25.148638038289803,14.129519279771694
CMBL,1.8434621151333328,24.440850844683126,33.2463517153064
ANGPTL2,3.6040601556681215,17.927764383634244,34.16955704687141
TGFBR1,77.70069656863434,11.551346085661576,21.68992790870189
B9D1,1.0921722501993186e-05,30.707389688853713,27.703207688765655
LOC100379224,0.06908050204185796,11.690630782564254,40.77521431448949
KHDRBS3,2.762503896527969,19.777670592635964,34.838259288423096
ZFP69B,12.287241165279765,4.170409321149156,47.846450019079654
FAM102A,8.043467729261529,12.693629008502924,35.43808068105434
SWAP70,62.56675772701622,31.71366879684548,5.083655108333567
RHOU,24.525756521858273,21.44487231117623,23.685410540332903
LOC400043,27.090276498657847,11.054869223336157,34.38033231685545
PDK1,26.339641882007292,20.130567893762127,32.29957487970297
FAM76A,32.803745875559855,33.17461217205476,10.114483035635518
DDX11,1.2054836232760856e-05,20.498110828039003,32.38773947653908
ZNF550,14.069293185948837,29.652688008604905,16.771693354085503
ZNF415,1.2738799577846285e-09,22.248813473881377,31.541617831533873
ADAM22,8.006665293185632,11.232629326011098,43.81481468936849
C14orf159,55.23409522214285,29.578824260917106,2.136887313326604
FSD1L,4.5503666476334095,23.43949162047377,34.66301247477425
FHIT,31.162080075303223,8.694535852200927,36.99714350076351
KIF2C,1.4514513879177508e-07,17.11856069488161,33.958868718021236
C1orf21,4.342678451172545e-06,22.50438352001273,24.936132341088303
PTPRE,77.23371386233724,19.00455546734844,17.917905724783967
AK1,5.71670645497878,14.641596779573428,46.069435232814044
EGFEM1P,2.5011700751742865,24.391900713477867,31.71260662508526
CHEK1,0.03302563617785383,22.540389836796784,39.88353136503705
RNF157,0.00046117938561272034,32.92739256269578,27.365467420526134
ZNF212,12.176877118599515,19.805727183631053,36.23439259863556
TMEM38B,13.543298392576071,26.37544908992386,33.698133448324285
PAQR6,4.427554097999557,19.146964084780183,35.676802053000415
RPA3,3.420726855200692,22.501018787424716,33.57327743461119
DHFR,0.00012873978651051086,17.174841758943096,38.69425910157339
SACS,1.5252791370214822,28.31262275471831,29.450276986554304
TIMELESS,0.6482807285120433,21.957031561387065,36.407666974335264
LOC100129361,9.925911855843957,29.890409624474817,28.511814330468933
MGLL,10.31530967427779,28.094483647478626,17.97720520664389
KIAA0895L,11.787307598693534,17.14780113185668,40.42526728785849
ARL3,1.3824030376203302,28.55740752273896,33.64572259724431
DOCK10,53.07551987589762,15.434311544068676,38.00460220291124
CAPRIN2,11.2348871327126,28.694937046558355,15.000550080910072
VASH1,69.26213260090724,12.626071415844121,21.462586081697236
MRPS31P5,7.107792554106438,14.080777444065891,42.901171519058785
MFGE8,0.0001387816605226709,22.67993260730811,37.31053671836373
TRIM5,22.874362493057646,29.98233177131819,7.79048818868645
FDXR,7.202196453609991,25.480870848866555,19.77723177192199
PDLIM2,11.657844734537749,34.53882111431419,13.663729562122489
C14orf23,14.63010419083649,26.582114473431613,15.377155521295968
SLC19A2,19.65050976821699,19.786105305107256,33.523176442663264
TMEM194A,1.9043401224486916,28.238970605330813,24.880902139119122
TMEM231,0.00021482132013061296,38.44965206606882,12.812190849527875
ZNF74,2.037560190710817,13.48375112299779,45.394010826925694
ERCC5,31.988049272380255,23.604978682853428,22.75468052863067
GRIK3,1.2732889406029921,19.5368394910794,36.23544310872592
ASF1B,0.0078061677975827274,24.17249120514841,27.469918568338155
SLC39A7,11.724887000626047,29.73947142390392,29.14054638026153
KAT2B,13.08577684740114,27.150420573797856,25.432959602815295
C9orf3,21.001167139327798,20.08345574250711,41.09913760625162
FHL3,47.23651544489539,32.55473387304109,1.0780936015090081
RUSC2,1.544612904933062,15.183838154966107,45.21823954271551
ZNF443,1.897690613538982,26.281989551971932,30.73365374252018
TOR2A,63.112394591271816,21.23212819855738,24.367598064633864
STK3,26.83887769588762,35.9603427794706,17.00809405684553
ZAK,20.07183387365532,20.883888067661793,38.44805854736971
TMEM140,33.84539396864149,26.499388119723836,27.95118973216126
SPTLC2,62.11745778414429,10.231549324392757,31.84713395119896
FBXO17,4.192609386751138,31.90700222277819,15.828122674440085
SUN2,35.494394347377586,16.5441589382934,30.959075420469592
TCHP,14.505621708644123,25.84028971146259,34.3338195908209
PLK3,73.89265991431881,18.400990111250483,9.188876068477642
DTX3L,41.50111384495709,29.329765447891525,12.127283683416767
SLC12A2,3.5622700047420035,22.872603099440415,33.03701671135323
LRRC8A,10.205368110942441,29.2466276697288,19.749442210315884
LOC100506990,29.622125475906245,21.67590880074834,30.432817365095516
FAM76B,6.031001323337095,18.746293642802154,41.71310980735074
DGCR6,8.23049904919505,22.06800004405354,26.159775261752696
GATS,13.831293026869771,16.40316984742799,46.556271776807044
TNIK,9.509239473308513,29.862542685161294,21.782882019234354
TANGO2,73.06240832113296,23.48171909735305,22.45064474385092
ZNF20,0.4678730770822865,25.55842981650898,34.046254890945335
BDH2,4.659696597561036,37.406645969575784,10.602062423433862
FAM111A,56.72720608886992,27.679142540585136,18.82119605932806
ZNF141,32.93504053408364,26.72016062820715,30.032901807528212
METTL15,26.35292696182282,34.4756830019144,16.505574988705934
ZCCHC24,0.002805569939871405,18.666794830582628,38.85254495944311
KGFLP1,11.129513792136025,29.732333285543497,19.85243045481998
XRCC2,2.4916746618643644,17.38026944106108,39.41584701178549
TREX1,31.59738934640113,38.427615503472595,9.990406549406739
KCTD10,25.600726599274346,24.743804833299528,34.25925611313781
ABHD13,27.277092810281143,26.729843538933945,22.863313190248036
GBA2,2.2835101680841703,26.934313346668155,22.231915439943332
STK17A,11.311124461969685,38.23462854472642,18.93508837393592
UBXN11,44.75355167585605,32.23383481858425,12.375391841519143
C1orf216,13.029309675935075,23.710782050804156,39.71553178979926
SV2A,0.09855900995758293,24.01080648433877,35.48340143541225
DHRS4,61.20239468825897,27.00159647545026,12.955444837240963
JAZF1,33.18391351124257,23.348314792903313,34.478449718274895
STK32A,9.55168363940294,29.50154259501915,18.541294997795337
DCLK2,0.49576168995866227,27.08257986107878,30.759895820359986
ERAP1,52.41235695459473,28.837288044955397,4.066965906798574
TYRO3,4.93251857734466e-06,24.62081968141206,31.96062005056905
RNF219,19.14237757001574,17.76422741806944,44.27502612167309
DZIP3,16.96535151410728,19.891658752273763,34.533731278754374
TSPAN5,6.332740303281336,30.783806700921666,26.31147433232647
PRKCA,8.905065141592507,25.661340494220525,24.943048027755285
CENPL,1.144764146926991,20.976733043868922,38.01439123459786
SPATC1L,1.850225847873336,19.78289660237901,32.228188915280754
TMEM159,9.778198602166713,20.969755011330367,29.571904971201583
PHOSPHO2,23.899866347130025,20.59280474276622,39.32413701818093
ZFP30,10.019216412588076,20.857371141322766,33.193714492451214
RRM2B,49.84658726307786,23.714205931118787,22.602155663411935
ERICH1,64.01560019193775,17.558075005339024,20.718943566877503
SFSWAP,8.565937660077799,28.905184626944425,31.40757409545617
ZNF324,12.831820506234566,27.4048800601242,25.921761163249272
TRAF5,13.518416649444417,26.42758026015981,17.69258049266272
KDM4C,37.15967789838429,20.047564746772327,27.341989975981196
TRIM23,23.29815942678949,24.002395051952448,33.36016494319508
STAG3L1,24.08371097910085,26.560472437663094,25.547952376136585
POLRMT,5.984556717705234,34.22649117459037,11.420722463112599
NADSYN1,58.474458603817844,29.313897696381485,16.767113131272033
FAM160B2,14.060203552381356,29.856177385078293,15.000770806103313
BAI3,0.13507201754176684,26.741050159617686,33.40987007559399
MTA2,0.5830462956158404,23.108978884777205,42.81127691837245
ZNF614,10.44270984985563,22.851827830447565,38.470783085848424
CELSR2,1.3132561404630572,21.449380934255373,30.901717338170357
GPR155,52.00923241122827,15.530370904994996,36.02173588728712
RMI1,11.125324914741496,14.760811662725073,38.90915533978853
NFIC,13.358169891750427,36.4276100888062,7.1677662716765935
AGAP3,19.490716670649878,12.437861788378152,39.21998746650464
PIGL,22.05720999236225,32.45287118766168,19.96748693113842
COMMD3-BMI1,28.624841715879285,22.512186559860773,35.715922740005645
SHMT1,69.71982609332001,25.766525955328834,15.708496144515882
RBBP9,1.1150274167751737,32.6258279012387,26.433833210752656
TACC3,3.2075129722091575,20.185188790770546,30.079784617436793
ZNF428,0.00016566833953400657,22.08450434867488,31.49208370938581
SNRNP70,8.005802325750668,30.239886660760483,24.189076719835306
ELMSAN1,33.114771949600836,28.518869254109624,20.579993448680483
VAMP4,12.649575591133203,29.431406644696473,21.181776266013053
ZNF446,0.9289100410322455,37.16130441771776,16.97931092724729
LOH12CR1,21.894740916439797,21.61991033612606,24.491416002983026
LOC100505783,8.715918143160785,33.63261462993105,24.057250156077426
SMIM8,8.415197607677868,17.239483891728142,35.5414252801279
DDX55,12.865627898932523,22.227562812421716,32.51327451507103
BAI2,1.1780306973812054,27.946930163526673,24.994117331231315
AP3M2,13.071110630915191,16.613767048228326,36.084363878472594
EIF4EBP2,8.051910566415486,24.283490456649815,37.03033786567024
ANP32A,9.13503198811144,27.085201825942363,33.1427262727526
KLHL25,0.016093350122693556,32.46608359659093,21.52575075765051
TRAPPC6A,50.039876641228894,22.236209713604158,23.021148849609503
SORD,1.573946043463815,23.41549272341507,30.707025928837275
LOC100506054,14.073577732466235,27.16905139983731,30.003410658614104
ZNF767,21.50234109842742,20.447194997572367,27.72915393583775
NAV1,0.7010510532864744,20.1919508704545,41.389710721726
FBXW9,3.7518158010005233e-06,33.076333616796546,16.79152467870375
ZNF107,16.025097172815812,18.76740585976756,34.534052885876775
NT5DC3,9.006067701040436,29.27567630126779,18.87253584096339
SESN3,19.852761735540483,22.067360802663742,23.74326248291681
STK36,14.40365336854305,37.60636190259071,12.561725774564506
PCGF6,8.413792095388153,22.534950894289977,44.207931245282936
LIPT1,20.95049073726024,21.897650792727717,31.536483775502987
SYNGR1,25.983766669921106,24.427661756122156,36.00591407496125
PSIMCT-1,0.9849028985125614,18.97602589501233,36.791655171675764
WWP2,30.825974209213424,24.13614075848846,35.03079079562836
TRAK1,23.76556481148224,17.215017623548224,40.572443934480475
CARD8,70.09426158502133,25.34538386024766,19.685296672879264
POLD1,16.11005791834761,19.074305021976844,30.497370510441275
C5orf45,9.259091092502194,29.1924172848425,24.655258614259456
NDST1,4.454159846428406,24.65704519881941,43.646514677773204
ZNF700,38.57889286546705,27.196472596484988,21.88134416993264
GALNS,24.024804453439472,36.07637208602496,18.47157268214852
LPAL2,26.920587093113895,20.184081424333524,41.05705078644503
P4HTM,14.279167791424575,33.91642080176996,15.11857631206219
NAPB,31.34595578974718,22.271531990597214,24.354862067733055
CTDSP1,55.20961902428265,25.44365966805659,11.479005117705421
GLRX2,23.61505094140038,29.37306104877792,19.002002094093157
SLC41A1,4.0052192148084504,28.882576380065835,19.62248192586495
GDPD1,18.558337961498893,18.311322761354297,45.9056578401308
ZIK1,4.704453694499757,22.45179854274904,33.89986519273738
ZNF805,19.717526036997675,28.652387352043416,16.524785606765253
GTDC2,5.293143201236217,25.78232499381086,30.996761592956265
MTA3,13.917449094703999,18.93660891151588,31.45065665353588
TEAD1,3.138153808048572,33.1114887721561,28.833545459330836
C4orf46,11.293657663149547,18.31602647349194,45.838486012334435
TRIM14,50.997283333263596,21.43784049485839,21.775510626167275
POT1,24.525034885164647,27.972533400941952,30.972399626802172
CEP97,2.6939703868256557,13.754145937927262,44.01903203601104
SMARCC1,5.431702560107047,20.648750192295527,44.62632634327431
POLA2,19.30768527058192,19.264105937910333,35.79381612116273
MZF1,13.333733718110613,31.760696838556708,13.938099874799146
NENF,5.80485574609034,28.81963464269358,24.76131177982234
POLR3D,14.659420128297684,27.708901608624803,32.93861845780832
SPATS2,10.155140748153569,22.31322079693348,40.2318781375183
MARS2,3.697902693284953,20.596987328573757,37.01584562352797
C11orf1,29.261918826897944,24.834649936090056,33.22756163647633
HHLA3,26.258293812339037,25.7868763763548,20.057894648727935
SERTAD3,56.082334469129975,26.824525936009902,20.392182861558393
DNALI1,0.00029716365488759335,30.853453738151266,21.03074385413817
ZNF789,16.56375093076196,18.386388475222454,40.34565363812867
FOXRED2,1.4255768616194808,23.990705535536012,31.083570163551926
NIM1,0.00219645307171815,22.026625017674355,34.15301401620518
SH3RF1,0.00048027695453534835,28.45651114565164,35.64468597112514
PICALM,64.96401204189763,20.064468075242306,24.977224491631567
ZNF671,16.11334742595767,32.25756043894952,25.035479294910743
PSEN2,29.325155733972654,31.517087901636426,10.228187823355295
ZMYND11,18.50213890156025,31.33440509891898,27.80333467557823
TRIP13,2.99044414172614,19.491726138760452,38.811246808690626
GYS1,11.173381912664132,34.98927186459068,17.694031948163776
ATL2,28.06070952684157,29.22751205760292,25.422992624832457
OSBPL6,6.157773067832473,30.011749981728915,21.06400381236168
COQ3,3.788956070622756,25.755813558973482,34.52260189083524
LENG1,14.033743517890477,36.279282522328465,12.196316715190557
IQCG,17.494323933849227,30.93982220051783,25.311459365132652
CCDC112,17.755156494085323,17.275208352447454,36.884701810593256
RPP38,19.9646209888382,16.90821090588012,32.4689681491497
GALT,37.046719152192935,22.668980904643032,19.155447186840775
TTLL1,9.465117664535683,21.824770461300464,34.745433385679554
ICA1L,9.309653863744662,23.819244175342504,36.91414827394714
ELMOD2,33.10321861880181,28.74618611884673,25.59598726378194
TK2,50.496081666720315,28.47171419443619,13.48736593309398
CENPQ,7.84719246047816,24.161500982003066,29.545075762987338
EXOSC1,22.755053708099535,26.42759303820995,30.18849645269576
SMG7,21.073301674041417,26.751720271557332,30.830968727863397
C2orf43,6.747685540854104,23.964705183435726,42.1027308337007
ZFP106,34.348043740388064,27.553280691536177,22.99348303755561
MXI1,12.641621052274022,17.254775252731363,34.075701115097544
DNTTIP1,25.903387058901114,35.493158552218254,12.891810204597203
KTI12,11.343704604551148,27.170304187601186,34.755427607763394
BYSL,1.2158983389468707,18.02156309598091,41.1552946359321
NAB1,28.67564921210551,18.16652497204146,33.67271548905867
SIAE,18.599633716618698,26.62974070773104,21.50573447817091
ZNF350,9.50960668113905,27.547779446274042,28.696198945329293
ZDHHC20,20.051867896118196,15.35837230307823,41.01792450328805
ZNF528,10.363225982945108,26.20126535892019,31.553021849794
ZNF17,17.00445925769492,30.08256426357495,21.476403377827786
WDR91,47.54573561622442,22.327408266414828,20.393818251762955
USP42,16.43532778888822,26.51866605695146,33.41121888335188
CAAP1,15.160744241291372,21.110435628886144,29.909077745179705
LMO4,8.247756341632977,23.730331285693108,30.80204342649856
FANCG,0.39935066714440876,21.45474486290006,34.26002608884525
GALNT7,13.344099915975892,25.451968157667743,22.200884579603848
SCO2,47.82264879246888,21.675323868965556,19.908847890896563
IMMP1L,5.660707682375212,28.108640816933487,36.3972127031674
ZSCAN25,10.746092336451376,24.470666585143388,33.96845609593154
CISD1,7.319311734561184,26.09810486301894,32.54698756831093
SPICE1,4.088972133229237,30.873044386654993,21.347804298892093
RNF44,40.58440384981837,12.469146457896587,33.3330660219784
LINC00094,0.0767596564077824,31.896075551613425,26.720407053329204
ARHGDIA,14.93427612072884,30.784467610569077,30.304925557827584
GTDC1,11.85965225628646,19.06187311995127,42.300815609713894
PPP6R2,14.5919116718286,28.125604767553085,25.088152722726832
EXOSC2,8.487201347283273,25.60177765591192,35.92794509420734
C16orf70,55.57912296105207,19.467267882843583,33.19274202921148
PREP,19.62536966069205,23.977713983312725,37.06321057234794
LONP1,19.38630870119151,37.24145047855891,19.81569814321242
EFCAB7,19.082836493707802,20.220149078460143,36.379541244552094
P2RY12,649.0525628241755,1.9749219337972016e-13,1.590799609083509e-13
NPY,1.6171169869293622e-11,53.784354409049314,66.47281290905691
S100A4,587.0296438953017,0.00013070761934090664,1.1926421379218048e-14
NAPSB,664.7289005024119,4.272270275729472e-09,2.3934800092867147e-12
ERMN,8.270739380878014,1.2776229336988397e-13,228.14272324672123
ENPP2,3.8276507845457757,1.4851541636808975e-10,241.43476433116828
SELPLG,597.5020197787193,2.751043160894931e-09,5.296762422627251e-13
CTGF,4.701836217289098e-12,94.67028389876704,8.717182026436248e-10
PLXDC2,666.5595668475388,9.955803172070118,4.772029605865957e-11
FCGR2A,671.5156090643513,3.3131189528340146,4.898201976043002
LOC100506844,29.491095797626443,6.283083100575794,168.46091252202282
NME1-NME2,1.621815353830997e-13,39.17917713989068,164.19606720400023
FN1,139.91418436245934,104.28088406716135,9.275305664759458
PPP1R15B,32.19093329032133,41.903719840181225,152.37045229106312
PIP4K2C,43.24529961097112,3.0645815697146763,164.88115796141855
ELN,3.3373350053279145e-14,94.74256207259434,9.531196792327612e-12
CTSS,609.0303691029173,7.224810869146228e-06,5.591297523071236e-07
FPR1,551.3785184732088,3.022629308626716,0.0005662091669377593
TNC,0.020331409695968024,145.0692895330945,2.108183418639961
CTHRC1,6.018000225776624e-15,48.474194000140976,97.19296692150526
KIF5A,16.24700267385495,4.2826988740842023e-13,146.26643179644927
LPAR6,556.0880508859879,8.12323371387335,2.57009353247449e-05
CD163,423.1393534090036,10.84755059795823,47.271748754744124
PDK4,355.4923613895528,0.09828785031783936,72.204276662944
C3AR1,596.3115654709361,0.0017963471931604763,0.0011041701973601432
CAPN3,1.2008310103984945,4.368501281287053e-13,220.65422859151136
LANCL2,5.274349526201493,99.39082789688017,38.62367048928974
SLCO2B1,580.8162303078817,3.875229325747957e-09,3.454733479921865e-11
PTPRC,518.2569377760998,4.858439522382246,7.417342153126823e-12
GDF15,1.8044852705028036e-05,103.85364793367705,1.098957853622374e-07
CXCL2,250.2719631705961,25.241069174529603,28.104071529271465
APOC2,489.3207094765478,21.53572880147394,4.1054946951299115e-12
LINC00689,83.37192439187473,18.572138134761524,110.9771664673017
CXCL16,579.3244428327475,39.90031533877403,0.48745508367449264
DKK3,33.43357891025676,123.96139657141691,41.16582855842562
TAGLN3,11.8871525112846,0.02267409762619732,273.0263454011354
OMG,59.249365184417876,0.23430956466779013,300.84663407471754
MLC1,2.2658399998685703e-12,184.19595346560345,46.20914117997331
CTSC,550.021193313671,46.16858818658929,26.990345638890833
SERPINA3,2.5687861606651063e-05,163.73362845699097,2.890616329634437
NR4A1,333.8546066365186,38.68520580915781,65.26815056650337
UCP2,477.48720259185984,16.090636139221004,83.66097774047076
EDNRB,9.654028748477783e-13,178.55336214143003,11.763302794635008
POLR2B,77.93388321320882,42.279302112623476,222.89166911012393
NXPH1,0.0009162767794356641,41.47700562937849,211.56835292280243
SYNGR2,455.12004473363135,15.517156938378916,80.24059088379477
LRRN3,38.12502275179724,121.30742758420008,67.09193455470317
DHRS3,234.30153755812287,118.28674414937117,5.293216143378706e-14
FKBP5,237.63677529886388,150.09456466229486,34.580716075178344
UGT8,52.065230511825455,3.198179841518708,283.3870571474207
KLHDC8A,7.671232813386911,135.02309010355708,144.13817507490432
SOX11,33.66449087798742,48.70527173541725,197.5219337527998
FIBIN,0.7224270186549507,144.3676002536623,121.31886415768508
SRP72,70.40454102005688,56.11057141246656,198.03060004827304
KLF10,302.83032074965115,53.2777589762592,138.91140742350686
ELOVL1,145.98696634741492,49.242023706525856,194.5453613046204
ALDH2,479.36022083283393,85.58077216625801,60.184918908842256
TPP1,400.0632014306093,115.22062712698293,30.380604289224788
TNFRSF12A,18.44489640579193,176.77268915707975,3.2023526346400337
LRP1,44.23686825209201,163.33723131322827,19.67297119130791
MEIS1,1.325965479463174,143.65878973856567,73.72523680775475
STAT1,155.50590406238027,135.0239900021365,65.53934060811343
NINJ1,444.473912025915,71.05673649379175,121.59644371918311
FKBP9,13.930930117011982,180.01290000274673,62.053840567567406
UPK3BL,59.64404916286068,144.0101918411331,142.74464910651864
M6PR,221.08590273441342,121.65617332678055,115.89842273336906
PCDH9,0.01753898475471141,152.35935416274424,96.91237492119974
MAD2L1,0.0001867355597306557,81.51244395940171,207.841945307189
KLF6,321.11393512171213,135.28624330020241,78.88919928489638
IRF9,166.66638493728288,137.12004251863428,50.38228639658428
ADAM9,132.61076325196882,193.60961990025405,23.349807853771228
PFKL,114.87951659172616,165.504793011083,63.95957911244962
SGCE,2.106685247655443,131.71075094802327,108.618295194732
ACSL3,30.65491760823907,174.82510779441142,61.62785278829715
RAB34,53.33571606333366,171.24190025576297,12.426525047398771
DSEL,6.198363107485935e-06,73.0395983482943,184.09372922845907
PSRC1,32.056303260045375,178.0392809471434,62.48054845076654
CEP170,36.552299439081835,106.3489189748813,115.02451659635888
RASSF2,57.10374781006883,131.40988207967112,97.16876807425682
TXN,28.894163808161597,120.50452142157536,195.99894011206266
ATP1B1,52.92271364176399,38.997770976350935,212.4307195078921
EZR,189.0761262122523,109.75579947672895,122.05371124477729
CADM1,116.79172704915051,110.61799865597224,124.715590270775
IFI16,310.90888718078253,128.4926245504817,30.78570970057056
PAR-SN,11.859750587309835,151.994653132548,137.16857532815325
ATAT1,8.96162318322901,65.07038492200334,238.1099784521079
VCAN,97.24920792244373,122.93913181277466,155.57491376916738
MSMO1,9.78041883832105,168.2254301983035,117.58126142180834
DDAH2,63.74905433081893,125.59510184771442,146.47122915620807
LMF1,35.20760000682726,63.95774238205543,189.59057495124398
ACAT2,2.1587921923798556,127.62791019626584,184.35015870101043
MTHFD2,252.12968232862667,107.98427635606261,126.07053936150801
SERTAD1,155.54719695381618,140.1000900856873,44.319571378452544
ILK,174.16373688178962,192.7748946881563,48.279419801099124
ATF7IP,51.87291013160058,117.02648257230415,174.19418296525444
FBXO7,91.96767392033313,103.90878002574472,205.7710515440938
ZYX,75.86582665683255,170.7869247560889,33.46670196735734
SPECC1,38.145656090651336,121.03390073844957,158.817397501015
LMNA,61.410906872821045,174.15275961011656,78.44229966227057
WLS,0.0019401474224858854,167.61364355608592,66.10945099039782
DNAJB9,182.63042924910462,149.6257281868871,112.42351925636989
BZW2,40.9673177280968,77.28287053120893,206.52650730386193
ZBTB20,54.26916466777133,140.3933849271087,146.64655163953464
FAM213A,23.39281130187746,110.9220436329536,165.75253609966444
HEXB,373.19900117489175,132.54517449128073,65.5742645350237
HDAC2,38.49498597129135,71.15658755329503,215.74793719187406
PTTG1,0.00020695179516217553,114.39185902934216,175.7692285875183
UGP2,119.112194917752,164.57544333358857,91.89624890326296
RANBP1,19.707127851088906,147.8881659166784,128.38958155746838
WARS,190.61487574828553,153.29877552469458,29.7143415877266
HNRNPA1P10,182.1081316819133,91.92496876178633,152.9621203377461
SNRPD1,6.839308517364444,132.7115886957782,196.33215079310224
RTN4,128.59913528322392,78.64587867063598,225.95189035475642
DTNA,8.534406570532894,165.118986358414,59.007540968921056
RPA2,101.65225085638139,138.0991516324592,166.00526980210702
H2AFY,52.48070102841289,91.39289192038284,185.14586386404073
RUVBL2,16.809128022506904,180.88679642012767,119.71385015728238
TMEM206,35.03385966870455,60.10913191613063,211.9155046426196
APBB1,9.381653797515629,81.80795406199137,222.85323002293225
PTPRS,20.96901655391202,112.84675510060045,182.29500819307722
CDK5RAP3,115.61340266027729,162.12751366630002,120.09666872678984
AHCY,28.32206504808677,169.72149230201515,116.28930901051315
CTSA,203.7318960913975,155.62715280326523,43.7417019605321
MLL5,126.04927798507096,90.36483169043558,204.16172228403988
PNMA1,41.64738768687009,137.03654808532326,134.05060989431746
DTD1,16.8355123579445,118.0449274178502,189.8043422616005
SUMF2,135.9683600736187,150.94086052440957,137.63930713208742
NCSTN,102.88930370311704,145.72532865754823,136.4096511845805
PTPLAD1,17.58012678446962,145.7675810995303,176.86753570101038
SNHG8,176.7665408402879,123.51336136887771,153.89051234365346
FBXO21,27.380960494041496,105.43987366719351,176.95448516633763
KLHDC2,93.44674582610615,160.33010002617434,120.41968975484792
NELFCD,43.831293658866436,160.76326593511445,124.02083984680314
PAFAH1B2,108.49561422505218,119.5575742581854,145.32698928305098
ANP32E,50.6629846191881,163.98346571797987,109.77032458925491
FDFT1,117.61521146992858,139.84172640088337,141.9676665423636
GMNN,0.2567308886820773,129.96019090472572,155.51465279589613
TMEM205,92.55923391115996,191.72874574375672,47.50177851544047
MRPS6,71.79516755627537,168.51635240018203,123.42752821361654
WTAP,158.12628182161427,123.59045768909354,96.04463413602566
CACYBP,64.48013220863825,112.1261418075261,189.66145870226936
MAD2L2,14.687755031492083,123.48382599138108,214.39037989260325
CD320,15.74052931057187,167.60692288676057,98.56682792101368
ZFAND5,134.31416616990975,118.75442397569377,171.87720680374971
TGIF1,114.13412988660733,147.16239343148095,65.46334130897561
TTC3,86.34637815511509,82.84472632061347,220.3646974362929
ATXN7L3B,27.67584606834283,126.51825695457016,175.17725296414474
NOP10,112.28194273526736,148.175210082621,115.33450805896065
GTF2I,50.21835616456848,104.73738832395938,173.25780592606807
SAE1,2.639805758051454,138.83154027472324,113.67462186652709
NDUFA6,76.45046851317039,152.7549743764275,160.32560831887054
NFIA,34.506328050398004,109.22213672482142,163.65697133654675
CBX5,11.016215417097149,133.30407272844016,191.1012027516726
CDC123,76.32986197711237,99.65698060938676,146.80961694107265
GTF2IP1,50.13045417833292,95.8385789318394,214.3551997756591
TRAM1,195.43256621764507,177.92125465500996,64.89969547913977
SNURF,66.81925747836449,123.53838307827186,207.8792876234753
METTL23,113.26940540963383,165.26012251876548,129.61193980494684
PILRB,85.73448625632255,116.15855761608832,135.130508002927
RNF13,222.24295606359763,91.40402535940494,178.08034403023814
DPM1,62.80616713081578,143.00455656935299,123.61704535297531
SNRPN,63.01986136228817,118.75589229406559,201.78913387723225
SCARB2,99.55067682719006,114.69158245410578,198.5202767680567
TERF2IP,90.65695890338577,86.82613535250267,165.1614721041763
GGH,2.744755751036315,114.10241513946079,156.68462720789086
SLC39A6,4.6565563472292775,127.76551907738649,182.6018364434455
ACADVL,111.09093541009443,169.36382708915698,37.701588106033405
ERGIC2,74.19515340270853,124.81749426140418,148.74038807460758
UQCR11,68.11998202911171,174.86629663819724,122.29257439643405
SF3B5,48.165949799307704,156.38623373558923,155.50694218430183
ZNF664,7.071333484590323,118.68263172469938,162.12718759782192
SHMT2,9.76907866621895,153.5151137761625,117.90106884069895
COMT,123.41824180578811,170.88494092000542,103.90389287784062
SNRPF,26.246246504094934,130.53771652427437,168.15525527161404
TAPBP,249.42644812264885,140.25446662900939,63.37248913581029
MIEN1,42.90348366783272,113.32001518784263,175.33561736307334
SNRPC,23.498866338690174,157.52009629962163,174.80872543392755
SKA2,16.939641408228454,98.59661964402738,176.33231772968895
ALDH9A1,78.69086493848957,159.69384178084073,128.34743381019086
BLCAP,71.76157100460192,110.79995605040209,141.41490675318835
PGLS,109.87839466737876,155.37914292036385,99.80226852636761
RBM6,124.08433949994749,135.8796874603404,96.84106530285979
SLMO2,86.15263906182159,137.14867944783197,91.80363097396642
STAT4,14.773619773697327,6.5257535434913025,5.56504259739182e-14
MYBPHL,1.815051700101363e-13,2.3611551503776975,10.151482064124767
FGF17,1.3782575362535008e-22,7.6191462776682055,1.5034155125961267e-21
OSCAR,61.93141557233997,7.619623350993352e-13,2.942424394316231e-13
LUM,3.824162284421131e-15,10.812680802406627,5.70112547801041e-12
LCTL,4.649717487122104e-13,11.809604477654617,3.0598379620077575e-15
NCF1C,68.20768999645827,3.57870003321359e-12,7.823931777616864e-12
OPRM1,0.007035412795751762,5.7487322676696975,0.35185452195006983
FIBCD1,8.494804513291174e-22,7.393485575716177,9.029350314796291e-20
WFDC2,1.1668020765780025e-12,6.135179181446097,9.892930691830196
LYVE1,30.242776220353733,2.965282042362458,1.5512530703020945e-11
LAT,30.148913338979334,6.743342826096227,0.0790780699479109
FGF10,1.0517892451022783e-19,5.4933281233540505,1.9566525850853131
SIGLEC14,30.976510575058885,6.352553845094931,0.0031811190863093673
CD300C,65.18671233389998,0.20878171368056353,1.9762895762283257e-12
SLC26A7,1.4077330638584072e-20,8.431124555035975,7.881876655841853e-16
PRAM1,58.69174270251529,1.8805968245729754e-13,1.0463256564292486e-13
HPR,6.086529126206809e-14,12.013183623280549,4.210038154149752
CD1E,49.02446823583254,6.826671572200634e-18,1.4405062281292274e-21
DLK1,5.1716710825444236e-20,6.436999626107999,5.8025338429181685
LGI4,1.3091898799904042e-06,11.484313246652315,0.16729886684457562
SLC4A11,0.04569063312761347,2.155036860710938,9.960933166432588
SLITRK6,9.865387990790835e-19,6.887613208467898,2.0924498742888188e-19
C4B,1.8973590041591518e-11,14.040102185121592,1.0537591729511568e-09
C4B_2,1.8973590041591518e-11,14.040102185121592,1.0537591729511568e-09
PAX3,7.415120190140003e-12,2.607429844021976,15.196649035490303
CABP7,1.39519852725645,10.929231659501669,3.0870368586049937
STAC,3.50034165928394e-13,16.343078956697017,1.9873482862716548e-05
ECEL1,0.13741799667055732,4.841123011348248,0.9899936129248419
NLRP1,58.54529649476055,0.32219315128733883,6.57395268589819e-14
CNTNAP3B,2.8633206219065657,15.153093845564234,0.04369393104643831
HLA-DQA2,32.1026498750626,0.8987613803089469,10.024590488958657
KCNF1,1.1119975068988429e-12,16.57093967113153,0.0005893330840502335
EBI3,62.22640072918041,7.411229378373119e-13,8.825630496175999e-12
SAMD3,12.038961631088064,5.61025835338556,3.8021738679017967e-16
COL6A2,3.5651778995694308,9.780310461359424,0.3839929256233478
HOXA2,7.562455584773013,1.3508416590397892e-08,24.27079682553204
IGFBP4,0.5239651575065145,13.657427191204885,1.9271379407217373
LGI1,5.572420504519929,13.854074999534122,0.2938827770763413
MAPK4,3.7729113907071355e-14,13.734592264461456,0.08526490955147735
KLRC1,6.109535136298194,6.585505005407194,1.1926103829852906e-05
WISP1,7.779417977948494e-12,11.980472263764831,4.6723965202893725
ATP8B4,58.72714873816602,9.47277705314982e-13,3.7667802987830855e-13
EPSTI1,52.895137072437606,3.1575871386079117,5.338411508919892e-05
FMOD,5.6060439062790026e-11,14.284560965473256,3.7049861895632596
EGFL7,1.757541475309348e-08,10.986080729167373,2.8287722503962063
RIMS4,1.1333171189856707e-13,12.519542169185609,0.000212794370549436
EPHA2,5.251876259321053e-09,11.642974699873902,4.6446154034458933e-10
FBLN5,3.045550410476134e-11,13.029243335745981,5.738735875672282e-11
ZNF679,4.411444588658098e-14,8.638495750684049e-11,10.80439508023899
TGFBR2,58.84272985392163,2.779090214939165,1.941285235745998e-08
ISLR,9.765071001655305e-10,5.010258394158861,0.23344057212869143
MMP7,11.257605028393968,4.959812321629514,6.985304281145947e-12
GDF5,2.206198236461172e-24,6.613082798269218,1.3400816379178505e-23
HENMT1,29.88851023732865,3.3411977754679194,10.35574006778438
LAMA2,3.0703062732831615e-12,16.700273313391392,2.6495187784984663e-15
SERPINB2,6.250693145940176,0.3491152313254075,7.712463837233669
SFRP5,3.054908877416158e-26,6.996170196024005,6.087340346212652e-17
COL23A1,0.00019374823434732536,7.435924152603357,0.012088435400655182
ZNF695,2.0417528980034427e-15,0.11108568344767185,18.4788790455684
CLEC12A,56.86391408926268,5.485828730676482e-13,7.14373738570743e-10
PHF16,1.4718895926362666e-09,6.870745412642519,13.06255598340646
TRPV2,54.81719919881332,2.328657026190889,2.9883557613393145e-09
RCAN2,0.8915300951578752,1.0387627635578357e-08,27.601285552405837
SH3TC1,61.707389623795365,0.1321069617041748,1.7148004313700682
SKAP1,9.733645788382871,5.432951375789749,0.020422619066769798
LOC400940,4.452735968191187,1.328154201484364e-11,27.784927716755806
CD36,26.80227861606224,2.9928417454933545,3.8207970470325536
CALCB,3.1765538924610256e-14,3.81148345840331,4.791838842556895
CRH,6.757111672579858e-14,6.531964830884939,2.2818925019086917e-07
VMO1,58.311384562129426,0.48758785330292864,0.0023490322935898105
TMEM71,27.280135274426254,12.139117215693723,1.1265915676632008e-09
KCNE3,54.66517280933268,3.163933118719633e-05,7.593681640673441e-05
TC2N,3.876715186164834,7.910044528295884,3.312634590649791e-16
PRKCD,56.46428384084151,0.03934413014318349,7.460492611368797e-05
ERP27,9.714051055737235,7.82198461984694,1.0588704722748404e-14
PCDHGB4,0.00014767466690316259,11.521374651972152,2.9077295312574245
PRKCH,37.633946469131764,4.276915309975346,2.4157002593852624e-12
DENND2D,25.706873471560183,7.008576367101944,3.4333305865975707e-05
KIAA1211,4.398607412273122,0.09707174743681563,21.66206082903219
SLFN11,21.125821099227664,6.056266353488674,11.825743521647034
SIGLEC7,57.787458717079105,8.152897202851425e-08,8.25583699547273e-09
GABRA5,1.2610804092944606e-14,4.831180130669461,3.7352348857911615
LOC284648,0.07404777080092766,2.471712994614194,7.937728818136482
CDKN2B,7.5502937953907265,4.126184932218733,15.470013544797512
PLCB4,0.0014090798062925027,6.884806500692266,9.349336318260075
DAPP1,52.775462631278316,3.6026395991406363e-12,7.068241722630519e-07
LEPREL1,17.25325639331338,12.753680110694981,3.551731374017179e-11
GPR171,9.234729589038734,11.28771470931157,8.661583459596919e-07
RGR,5.94208777680827,2.5796760098661426,22.94619090388258
ICAM3,44.11172226253295,7.939257383425149,6.302672952409586e-07
RNF175,1.3680202383847406,4.387908095101728,20.749323122130416
LPHN2,3.9151347200352566e-13,14.847777284003595,3.799031144536199
LOC90499,5.034369210460344e-16,3.927852408770028,9.080954581266356
USP53,34.63748529437724,10.658283120906262,8.188316631557705e-09
HAP1,1.1525192203334131,15.481239792016787,4.218977673269917
EPB41L3,16.011108299426645,1.803145664605447e-05,23.21950578552967
MARCO,29.417916700735464,3.876013757753189,3.2068162237128465e-11
HK3,56.335476962562424,3.4835863869583316e-12,1.9295947478980718e-11
ST6GALNAC3,29.507833536116117,5.0694542383113476e-11,21.92154195426923
HERC6,8.52286908928119,17.340222540100996,0.6793847195579832
INSM1,13.538483382084012,9.45077709392213e-05,25.08536840979505
ZFR2,5.55728690372946,1.3050251369868648e-05,21.08092052469556
FAM27B,6.669615618298545e-13,3.92285984811029,9.651011182794461
LOC146880,51.87442010126489,3.607364671374579,1.460156833625766
SIRPB2,55.543594092652675,0.042527598440750075,0.7927114714916161
PIRT,2.154237140744976,6.52611265559213,6.102542723654656
THSD4,8.241989225721112e-12,6.441608536155382,5.160957833411243
TBX5,5.725664186194439e-13,2.7953501844097336e-13,24.430053406218352
APOBEC3B,8.156094524213938,8.066985277032357,5.495864261125035
GPR84,49.67396966920443,2.588620382862804,1.3494756201277286e-05
GPSM3,55.33330454806153,0.3161327982951103,7.410583708832914e-12
ITGB4,1.0382172056255512,16.47147983358432,5.818202849821501e-07
MIR7-3HG,15.08999109486022,2.620267421198031e-05,13.335214479636484
TP73,2.3669866692032877,4.085601168692746,9.527753056535078
OR4N2,1.9442490385149733,1.1862782161489293e-11,18.895440494951067
RBM47,56.37758841217187,4.992188399621023,9.018318525683429e-05
RIN3,55.42049611467767,0.001790000263399281,0.7194248660754168
NIPSNAP3B,39.40585980847059,2.147105473311693,6.399350441890463
PCDHGA2,6.326318193899119e-07,13.802877515794208,6.166702915836297
TMEM81,1.902619476745085e-11,3.9349984482689866,12.453276182473704
SPOCD1,20.32086224561974,11.224797118800828,1.0544504488906847e-13
CACNA2D1,4.72238970396799,0.05219586476135211,23.44667023569631
LOC283174,2.4463746083272492e-08,8.558606316170655,19.182892582908543
ENPP4,20.055495602308746,0.0002129956312746432,25.57908690393172
DARC,6.594218293762974e-07,1.5559552091144826,16.93758772823526
GABRB1,1.90374490741925,11.024412335492427,2.436484137421454
LYN,50.64815900929506,6.669152577851421,9.027620539667085e-05
HIST1H2BG,23.653736862228556,7.37076430475528,12.928207066026909
RSAD2,11.77005286130497,10.7031689690472,1.4790895748657977
TIFA,33.40774489980276,7.997855106192053,6.049349107540586
TRAM2,2.3672268651826753,15.042469563566845,4.1330816401616675
CELF4,4.842487048271728,1.0103976284324972e-07,18.451005426601494
TRPC4,1.5502621233202427,4.668752218369804,14.27336531069804
CLEC18B,0.3018000589706453,18.68565964723951,2.3043850977182054
SAMD9L,21.16537832375563,17.03775384951802,1.231249354274651e-06
PDZRN3,4.050200604229077,4.375090071968495,19.9771390898918
NEGR1,0.5341787493583254,7.4296683066514895,6.751600874820961
PCDHGA1,1.3281156739015187,10.882577923323627,13.349120277075789
RLBP1,1.7656939498228782e-10,13.005398183465916,13.08903956494125
PTHLH,0.9252642973026801,16.803708994881934,0.0010202886091542813
RPL13AP6,20.85907770728345,7.744727029623992,1.4129615504683966
CHST15,51.88885469974561,3.301638637271721,3.4143288949769484
HOXA5,15.057935659009761,4.4602363947599635,19.046758384403343
FZD6,3.463854744168869e-05,16.173651554134224,4.546194528463671
LRRTM1,0.09744914384400924,0.00025230027386540454,25.894497474037717
ELAVL2,5.243519638236876,7.219923839434084e-12,23.334316856387066
LOC150622,2.173577835553441,4.198467263514341e-05,28.799882022006322
HES1,2.542892711771806,16.443175892713203,1.484511461090348
SNORD80,5.437268050716479,12.922593469695862,9.845267031588179
SLC25A27,0.14201851476178945,12.281593942600082,6.70906451259934
B3GNT7,6.017875240771745,6.881434980848902,13.495324345824368
SNORA70G,13.748703266035609,2.7671046404629425,15.614946650700475
SLCO4A1,1.9047494185022655,8.978225885640512,11.947185251188081
DDX12P,0.005566869061823852,7.778673654922401,16.792763095258106
ACOX2,0.622227851727644,15.984677558612821,0.0016535458195259655
GPR98,8.930315353976823e-07,12.196877748571193,4.548798643761583
PEG3-AS1,4.251994061406204,12.618861049139289,11.373829695645878
PCDH8,1.7003366734885854,10.380074917732594,4.855083462126622
BHLHE41,46.05392642865412,7.5416769712566465,2.0495097780250577
GALNT18,6.59025707083957,11.669010983579357,2.399009306492958
PRKAR2B,16.490105319495825,4.574140153579733,17.969604406551756
ZNF385D,1.0081870437072571e-10,10.084389466820625,8.070376683261207
PDE1C,0.015091672248161216,8.875067113000158,20.653241084778525
ACSF2,32.442250856167945,10.839760194015192,3.446702208100144e-09
GABRB3,1.8806840226090082,2.7783675308691653,19.851045797768506
RORB,2.920260350842815,11.192898088736769,9.751223798309855
CERKL,10.787181659275962,12.788262537535175,5.369769660191247
MYLIP,15.6216587670535,10.80281630332753,9.436311911842523
BEST1,35.55122404658782,1.2608774659534416,21.14418138790484
CYP2J2,1.3237099901651926e-08,2.686254186892384,22.487845766204266
LHPP,9.563939673336124,7.316905428982349,20.56109073910844
LFNG,3.4619722715656827,15.906197311194028,1.9139552406820126
JAK2,48.46603519517654,6.357595251159661,9.933981318600724
SPEG,0.0898659861137844,15.931974614167377,8.286646696605276
HIST1H3I,9.298409532134659e-12,10.139634585688537,20.19187790028457
GRB14,9.674485958510701e-13,0.039819712738062646,19.91210941219933
TMEM108,1.7872459960745673e-12,12.054393398031193,12.722118458448175
PPARGC1A,0.00010336783179312356,11.605297566494771,4.874218944496801
PRSS23,2.6769549678538493,13.044715065548104,5.553036720794356
KIAA0040,18.81551001963839,16.792657592823478,1.5026547493879416
DNAJC12,5.110977664562262,7.178599729411971,20.093784574956423
PARP10,25.142681957793158,15.307793223272045,0.06061170679052159
MICA,27.156864107956366,12.78278444922043,0.27871902207450655
HOXB7,0.26486157239354385,6.31450002906374,12.90796760865953
DDR2,1.602735979708768e-05,13.564392963481387,2.559943575692681
ZNF518B,11.137486169274831,8.487291805685015,16.097882932360086
HSD17B14,7.870287774376529,14.412374415795352,6.108228948545494
CSRNP3,4.734352365295149,5.064470746977822,23.943136392462264
MED12L,3.9044813836789225,17.39614773103048,0.8947821284556927
PLA2G4C,6.123800135225231,8.507464810273854,15.742774101454165
RAB32,39.353666347188955,8.861526760307994,1.9543004959289349e-07
IDO1,11.32794275749471,11.203008553286859,10.381330160789775
RUNDC3A,3.946941429742199,4.05553277037364,24.700375644300795
HIST1H2AE,13.324943204373618,10.310993663406292,9.642104472602668
HDAC11,2.890679003247725,4.920221278857221,25.758158787735876
CEP135,6.730893365076366,7.990396417979602,19.263966517302368
ZIC1,0.0012135245704732306,9.424746376359595,9.027252889713777
KCNT2,5.267363492351619e-08,8.805197127096633,11.992037702132182
B3GNT2,28.85184361472758,10.255969050727055,10.975582593834869
PHKG1,1.4858699072518695,18.40006712843175,1.707864369147569
RHBDL2,4.798953307083331,2.202937176524527,22.117023716061823
PTCHD4,4.172240925316844,7.442790067281853,21.911590092384937
KCNJ16,7.094849301511315e-05,11.00940197141599,6.656861968598009
ASAH2B,2.012685674337181,6.0220523287033005,24.841751312117914
KIF21B,12.298270077639863,1.4846636249719268e-05,23.40662516807021
IFIH1,12.602577828873224,14.90898733546497,3.8221694820490044
MAPK12,1.2583224626158288e-12,14.188149661634522,6.814388004463899
SNAI2,1.3455726682753043e-07,13.543896501443419,3.3655335497672714
HERC5,10.839218475778296,16.155018839945672,5.449978972362108
ZNF516,10.133668983781602,11.367919872684432,10.369293585579683
MAN2A1,25.04249009686841,7.367795251086075,16.897337295875175
MKI67,8.919743836384547e-10,8.222838377919727,22.52632199368526
CCDC85B,6.364504009942613,16.76110243024246,7.821948021093996
FGF14-IT1,0.04762101955251692,7.570098092328427,18.710039961865675
BCR,5.694928218161614,9.838869456014187,13.285036357731869
FRMD4B,33.34653299277,2.246891552887982,19.792720535222205
STRIP2,4.2021754718438125,6.71432783766745,22.05269655305506
ZC3H12A,35.15436564169157,9.868591112553599,0.968580643846669
FGFRL1,1.8658990789869546e-07,18.052182223950165,1.160190402603505
GGT8P,0.3519739198704637,15.040288134792867,12.106845868189142
SLC37A1,13.770145465601805,0.002110416258067389,22.749328225325687
POLE,0.5972749091005367,11.99356519613888,17.770909184632952
SYNC,14.220571025839108,14.082771990034457,3.439975788431902
AFF3,13.699528058628303,0.8725686016640476,19.382674767204506
LOC653513,11.575570691842039,10.136315380120447,13.854991506275546
NT5DC1,25.597734456369658,0.9925257619478906,17.96941755529059
DUSP22,43.290892902150254,10.663897806026062,3.6240799098041956
ATRNL1,2.6646585922266977,1.745186113528178,24.097522590378397
LAMC1,2.0020808439718313e-10,19.49042642525819,2.328214957037304
CADM3,3.1670689532982434,4.785205512220321,17.25380452776099
CSMD1,0.19107154594606793,6.290220993379768,24.205131133558794
IL33,0.0002450817512333093,12.19278382337254,8.326538081601754
STAMBPL1,38.629175280281885,3.760641378419572,8.354130023072468
KIAA0408,9.508453313364651,4.603412360581458,25.230086650491586
POC1A,0.00012333441879839333,12.211273324502292,18.197237649310424
ANK3,0.0050660702194251245,3.0851987572231647,26.953084163512685
NGFR,1.966604045910067,10.27413539157723,8.641362522196243
DEPDC7,16.35468598245895,3.9560131709111865,25.71493887220926
EVA1C,0.00010069755166755748,17.103051436576692,0.5932315724774383
LOC100132707,19.193718247027334,17.196849649587953,0.03662948233709897
ZNF395,1.3152912410657567,18.344666970154766,4.730857193897844
ARRB2,48.89506435166354,6.605959519225305,7.252622316049552
H2BFXP,3.7298581842432865e-07,2.757840363665795,23.44461293188332
SERINC2,1.502875630664043e-09,10.023060023050228,16.385243694855838
P4HA2,12.125267073817723,12.10850204775124,8.394515979294216
ATG16L2,46.22375175153769,5.572717663107868,3.201654602054801
FKBP1B,0.44506367095349514,10.569410675276393,9.211628163827344
RUNX1,42.050119909419635,11.050489992857678,0.13688814711315148
KDELR3,0.0003113332632558227,14.734916509374404,2.7920680480422764
THBS4,0.051485022103682526,13.331249608933588,10.69270039095976
EML1,15.0449249310516,10.144609133370809,12.288289493347495
SHC3,3.3914806885663725e-13,8.024020156090751,17.46317208914828
KCNMB3,2.1786814148085942,6.355371739349188,16.80890292007115
C2orf66,0.0168531922094996,11.978291920104065,12.441003327908888
HERC2P3,6.064816582291824,12.327211842240331,14.721596302138186
RGS20,1.9401569150060738,17.11157332375762,0.02188867828690772
NCOA7,29.465421783606985,4.630724626397848,14.345775354977338
MARCH2,33.603273668034916,13.590726087252461,3.8172565188033176
LIMD2,29.537771570045614,8.657741354896359,13.575804644577548
PPP1R14B,0.0031477291557385927,17.135664735961054,11.13787438866895
MAF,43.2045341315234,9.790069304854327,1.8748260935667629
FAM115C,11.012875331667779,17.467230209126168,5.334208558504827
KCNH2,5.398869326153639,6.046386355775682,22.648332527303012
TTN-AS1,20.70918986826275,7.26902843892885,14.977705023543427
TGFB3,1.0075040834952884e-05,16.936269279136052,0.27925950076729045
LHX2,2.4257604244560665e-07,7.525896177750664,17.694215459413662
EXO1,0.002449076666369326,6.7964147446127905,23.4420735503241
PPM1M,40.6821008846507,9.17527799979706,0.39124863097604284
DKFZP586I1420,30.829775570244607,5.436224309034107,17.437389659485213
SSH2,44.39658620202261,4.622399595417561,14.42014556347999
KCNMB4,5.304096637219261,8.172512090539357,17.68606498875729
ROM1,4.2267564551912535,12.966661512775268,12.373501690922426
L3MBTL1,4.510738096607762,14.632554438665544,7.709677289649015
ADC,34.927153794975624,10.563233221561836,5.024161953801959
KIF20A,1.2899003864970616e-05,10.026651684019514,21.035395907147954
CIT,3.9792879537665558,7.715869254172657,17.094385030568287
MIDN,2.2560485164845416,13.725540630780277,11.335570870945956
RPS6KA5,22.820634026073343,5.954268499573134,17.634123108189428
XYLT1,0.22835545023046652,7.896298012511766,18.01249463022991
MEX3A,1.1484336140332203,5.641017298195466,25.508584651425785
DIP2C,0.18510336386386253,10.890375986250943,19.285216184718006
KALRN,8.14160437120552,13.37330694546102,11.929269939327774
STK10,38.209629314551016,9.016604846256461,5.822221365259269
ABCC4,41.85705570391329,7.828562932399506,5.443343816599889
ADRBK1,43.54538353325896,8.12672611424773,3.211914128550073
ZNF442,0.8804079379952453,16.297711357746394,12.664527943103025
SKA3,1.9866965526910458e-07,7.125758868670451,22.405295928946988
ENOX1,2.0513175726449986e-06,3.643139509367597,22.80520342383916
CELSR3,6.4400421787066975,5.163265945356201,21.80653241596631
DNM1,0.0002925390080654612,15.381638178717177,9.343356742167309
GAS6,36.25611517964375,6.895809321996981,5.722584988185313
ITPKB,8.3377824835382,13.167163577929305,9.91071988120477
FBXL15,15.160735952685647,9.194648374740893,15.907599561709304
CACNB3,0.11853528550618918,8.130465890935888,21.819470140674294
HYDIN,2.292007734700253,10.512194106555304,19.67522095947994
ATP8A1,13.821318636222987,2.7530941631852035,20.960471505375743
TTLL7,2.667960331903753,6.846969174333492,22.16569816094755
PLD6,2.4034754242797103,9.517866084419616,21.841347011613195
RIN1,2.768443861186642,17.903240961001842,0.051532424702620816
THNSL1,8.858551191772607,11.003353040178624,16.473534354223332
DLGAP5,8.194347550544768e-07,12.07812942660163,17.618674199946877
STX1A,13.038128091219212,6.4774660074245585,18.468787742461203
ENOSF1,5.550343405455449,11.384089867206503,15.579266230181846
C18orf56,8.152722137268558e-08,8.058682727977693,18.103093221575318
EFS,6.195292076218391,6.601380100823563,25.2319707244112
TRIM47,6.934658665235552,18.020908476025685,4.9161101780126755
DPY19L2,2.7120151534471364,8.484048015496432,15.665503273156776
RECK,9.4214411809084,14.872827728375887,6.803232666606088
ASPM,8.492807428023831e-06,7.197495472303384,21.154373082214928
USP32P2,21.784803119111235,8.976552656518358,11.867352877835046
ARHGAP11B,1.8181645339774042,7.248334796050635,22.77430601828505
EHD4,33.69930633020266,11.283373568228162,7.907382932089692
LOC100506668,6.996338882276604e-09,18.49092847356327,7.439890557806873
C11orf82,5.449772752741829e-05,9.300168661366213,19.247936864272905
NRIP3,14.212869319108206,6.926472586490494,15.434992898178045
FNDC4,2.266412489321421,12.26446421883594,16.086875958026287
CKAP2L,0.10453475960407896,9.052963773622679,23.122239304891224
GPR161,1.1584872399773298,7.620968085182446,23.02781360750274
FAM83D,0.00908688084323435,10.545065591564772,19.57864119779804
FAF1,8.967510332384437,9.933213718157875,14.487213509022268
FGD4,37.66950898267326,5.269923727422283,8.505268661544918
MYO1E,11.611196026827743,18.36773724028273,4.120916251255652
PRRX1,1.2488462429329128,14.532009684703526,6.844520642464636
KIAA1549,0.7436397950343109,5.206569555649982,22.405215837516252
TMEM132A,0.7292467920407062,16.616189512946683,5.152009924568106
HOMER1,1.3403145127053329,14.275159982465093,7.579553855382585
ERMAP,33.11962601288696,11.823588967852382,0.26085375086014384
ASIC1,6.318732536891191,8.029913241502955,23.280291660991974
RBMS1,18.27004990414109,18.849590862546687,3.8885050406141985
KGFLP2,9.440329151192987,12.828282537477067,15.169482266740607
RAB36,0.028258973787887307,17.433438364662123,7.422860351334119
C7orf61,11.666352516205011,12.298000522838038,10.326995333768108
ZNF718,6.624647573909501,12.041479844374397,16.43945415835852
NPAS3,1.061106506858512e-06,18.858311446756005,9.246942461073901
MFSD6,11.711139097138675,2.951050564762714,25.17602243627625
SNORA81,17.47540112277561,13.35107731391833,10.637340657213073
FOXO3B,6.691821261993832,7.624830808189586,22.432324121449955
ARRDC4,8.830602991371617,12.776165170942706,6.405511056102661
H1FX,1.8058554155160216,6.818738070626213,20.574946013898348
HIST2H4A,13.928746423615774,8.002633766173773,15.02360466709015
HIST2H4B,13.928746423615774,8.002633766173773,15.02360466709015
SCARNA17,29.99406469877205,11.508408245456309,2.750832315153608
RARB,0.013833783075163319,9.234318220293682,15.124180343375297
SP1,7.611187516207733,15.926282105189568,12.24897532700616
SH3PXD2B,0.8439194080885225,20.056068369586658,7.282936823464571
CHEK2,14.503334376686677,8.365540397743095,15.819582558838352
MAST3,29.073235652540703,3.31607510551153,16.036054487369807
PMEPA1,13.979072762811779,13.173637409827561,8.536464603130185
MPP2,4.2021218403181955,7.9994981957814195,24.88460689430419
C18orf54,0.5872680544584812,12.171098393921568,19.145780256689765
LOC100289230,17.20696253459565,17.813589992843102,4.840957373348804
KIF15,0.0041390714163352,7.48084986495057,20.32816479054136
IL17RC,9.319073876147327,20.678865909713245,2.2238505193109592
PHLDA3,0.016019211843872245,13.059582358585441,9.47018674336578
FAM215A,12.945035357075916,12.834934994056907,13.716453089874484
LOC286467,15.990195068273922,8.354806950896457,12.691318144744208
IQCC,3.0896196828634235,14.035937635306787,14.878668993566558
FAM171A1,4.444844747906247,7.104155547195485,25.595215866479055
CDKN2D,10.513943156159975,8.227859896406173,20.28410183825531
SPHAR,6.17575422501134,14.705306332402147,8.398045880939437
FICD,5.353241932662333,15.322370773372239,13.231896103305766
TRIM8,17.009812426539877,13.276918024627653,8.59887862327232
LOC253039,9.816903242898402,11.331104318410967,14.110097022192278
TYW1B,14.163111809569282,12.042459746168916,15.48635893162986
CCNG2,12.916253100655469,4.898291480958013,23.93128798554387
CBX2,0.23803443336037608,5.34778795501401,21.90889010520511
SND1-IT1,16.392243389193627,5.5045786351871175,22.78150560711164
NLK,9.184975004997575,15.576242203841943,10.995252752650925
TVP23A,8.580177058644415,8.193324597327699,13.609346064320842
TMEM79,5.202094978050576,12.687334869904522,14.6568199817236
LURAP1,12.119560260270612,9.989930840270068,16.4662337243066
CHDH,4.568054178105346,13.569131875667745,13.101813479650323
ANTXR2,12.476678151479625,9.678158913099459,18.42043188308914
ZNF613,2.745956361079097,14.822256216128991,13.529251582375815
RELT,37.528969869868796,8.200060933492923,12.072052933040347
FAM195A,19.701330728652056,17.93373651791205,1.077165191850692
DCBLD2,6.605676437192807,14.61400652917869,11.141217166068051
MAPK8,3.5153168213044435,10.576709903673835,20.05531732792369
ASAP2,0.20385593324452395,16.667999124563536,11.241922162815127
SAMD4A,0.5691278801196,16.479684095641097,7.745098464953395
ZNF491,6.63704608836217,6.4770786811463035,17.575358129857843
SBF2-AS1,7.798201807930866,14.273276206570328,14.653218856969016
DPY19L1P1,3.3852910234491005,12.328182086254916,11.176708546884896
HYLS1,0.8455791555860653,4.278961486416921,22.36404807631861
RNU6-28,11.736192977194673,12.260612431770797,9.396960357215443
MCC,2.6932341857444286,21.063424315255386,5.5180682791235265
NEO1,7.926179810772894e-13,12.27175499402691,13.511844990225258
TBC1D16,6.914622066700765,9.20606439257949,20.19640852868106
ZNF311,3.4167747836953866,11.616053390772338,12.926418477995117
FAM66C,4.607067416668634,10.072054868748259,16.954640877295613
CREB3L4,17.622776735388157,9.239893646174052,17.731786675524404
ZNF114,2.929673117825786,11.853881094096728,16.303463106837324
OXSR1,9.058054311497347,13.689073956845842,15.31143334317316
CERS6-AS1,12.437074818743831,5.216709918135045,20.62820428826301
TRAIP,0.001698098299528613,7.002575370780298,20.822285649066874
CHST3,0.0004212833923851819,12.349278383651294,14.7008880261601
SSH1,33.93451303202528,11.264106242277942,6.482807833249861
TUB,6.694836760296005e-12,8.334327187425954,22.74410671261706
ZNF816,7.790779585955528,15.799718617920895,10.320019889581635
LINC00174,14.4719348597902,10.359347348714639,17.420362683464173
WDR59,6.583581372381825,12.851428529206709,12.969657131516673
RNPEP,16.41489574105,11.11505016236156,17.639972377868986
PRR26,0.0010770515550342103,7.3707812313521694,19.007353914446337
ANKRD28,7.409658902553584,14.794128751261791,12.071502182084279
IRAK2,27.097366131149343,11.726546457654527,5.311464802124735
AMY2B,12.6856967417387,12.811798706688789,8.860473962750413
EPHB2,9.608635825864352,6.79112400198106,19.46245142995394
ESCO2,0.026941143722767794,7.184092211540815,20.109483031302027
SHCBP1,4.815957981035349,12.015954162473722,16.14783026595868
EID2B,3.9683476672140485,14.291706984621355,12.698790946844241
PRKD1,4.103080692050889e-05,17.648834839534356,8.49585516023406
ST6GALNAC6,15.33903778214656,15.322787928700961,8.786966912372385
C6orf57,11.285663369140496,12.444928290332646,9.799118436536425
MIB1,0.044364074498264724,11.078206451882068,17.816108205128685
PPP2R3A,1.762985067961818,8.128589234456113,22.511758511267043
LRRC23,5.657057520678985,14.67933305829281,12.92946458193221
CHST10,3.4027761623443467,16.314505673039424,12.121260987737653
CCDC34,1.4965603316178995,14.152560331706143,16.728838711319156
C5orf34,2.4546340842855106,11.836158304789773,18.2974077501
NEK11,9.526618512424074,15.777979705773323,6.087613310233495
SPSB4,2.465548864494755e-11,8.767599582300079,20.836993381950208
AMT,24.430675503370814,15.014605607427653,8.79153635898611
ACSS1,17.067974904959495,13.85226289028806,4.978114447491074
ZFP28,0.005987039541316592,15.45087419430921,8.582787435466093
ADIPOR2,5.186725106530813,9.306150298068218,14.34124337395448
PCTP,38.133507928021636,8.444548880371755,7.892622889467631
MOB3C,38.132813826376506,9.94613955406586,8.530452351411597
KIRREL,2.2269384184446707e-09,12.743127878151677,14.033897186532329
FAM86DP,0.8404899440694908,16.38516598886765,14.059395081638291
CLIP4,13.945169978574434,11.989368142478552,16.955646865612174
PLEKHA2,17.537336469264275,14.49530913935014,7.949991516429391
ASB13,4.657688342125112,11.313420709721424,19.207520590003867
TAP2,20.830572052807593,13.73549843081923,3.8216514916859343
ZNF765,4.729074059597284,15.505534879415539,11.74937249929775
PAXIP1,6.295462372732606,9.861075632138137,19.143130910936062
SRD5A3,12.569292887172606,7.680976305759618,18.64535252183258
MGAT4B,12.55791145102404,14.808125599252374,13.22496807122858
C9orf9,2.8814186985656174,14.664530242844352,15.872690010637477
TTC23,0.6111442320037012,19.036188432341092,7.446829692519497
B4GALT5,5.222327932752202,18.94001710278138,6.510191641665215
IDI2-AS1,8.916509992867939,8.242439826285107,14.953482013581322
PPAPDC2,6.2858700037178865,11.087332227359196,19.085932930706868
FAM131B,0.026072608168650122,11.242486733906206,18.973187045452104
HSD17B7P2,10.084008440075864,13.508485737638305,11.11602170212845
UBE2S,0.38165861424975767,11.208965626614505,14.21244050854214
SYS1-DBNDD2,0.3305691539661717,18.250834690798463,8.631225776650377
ZNF665,5.11736934892398,14.969666193359568,8.284459227486966
RALGPS1,2.7984896840614635,7.472944039560297,20.817898497216333
PLEC,27.574391783425096,15.554976458894302,5.1754566398868445
OCEL1,29.65706305761345,12.77107070074939,2.905357546946671
GAREML,0.030853219980413477,7.430637742302414,20.920476245223696
ZNF382,6.846949556974357,9.305133700493755,18.90515780388013
GTF2IRD2B,4.351985004866842,11.311247450931381,17.813226231013743
ATXN7L2,0.6994913831786262,12.723248867189707,20.36809418903962
PI4KAP1,4.753910124334828,14.599181659246023,14.806249694320645
SGOL2,2.125572540561525,8.873128918017523,21.052874764638776
ARL6,10.028432386210694,15.009025683696896,13.239569279220488
CCDC136,6.777530776816602,7.189964559093289,17.25024394295665
RCN3,20.08861871958067,10.94403535885887,7.624923985272478
KIAA1958,5.805914012892801e-07,15.652859202823223,16.942957538107947
TMEM55B,18.90264604000501,13.41880773560429,9.879083371085732
RMDN2,20.022176281760476,14.0700427896417,11.107881727492495
MPDZ,0.010915512904623278,14.157108221642654,18.6364607272113
LIN9,0.0841388717907728,8.680593044393497,22.793731538240547
ZNF252P,13.425171209463768,14.233855884065129,12.788463239339329
PPM1L,2.6778121540591675,8.692916174562017,19.273269798063428
ZNF597,8.216268573784799,12.801146333714309,16.936468825017542
TBC1D10A,22.70562051731921,13.384814033393535,2.926007390103318
SASH1,6.495309995259122e-05,16.800163042039557,11.602020280492516
LOC100134868,0.05515743170368092,12.534374397921539,16.600042775334135
PLA2G6,6.724829501318111,14.046706937306329,13.765214478837622
ZNF225,1.1544757202863007e-07,13.842029859611776,11.72519161549243
KLRG1,15.713917825666538,8.527656773883061,14.21892579071302
BRD7P3,10.65265271643195,13.742971180655244,12.497215109312718
GREB1,4.342723290817909,8.663292689048639,24.00441148639787
BMP1,7.646062861485603,15.12423992219494,13.167840834701915
MYCBP2,20.46756538902711,8.804306754124841,18.705113498400294
VAV2,9.196361654925597e-05,14.842545150559525,13.516081260996316
MTHFS,17.41377100688851,13.802076351882508,5.207816719834284
DCLRE1A,0.8522453979392237,11.173880891542357,15.028933681143616
TMEM87B,29.046150348143392,14.339724212384487,6.7286738293683745
PARP16,10.155446292778418,12.913114865294311,17.87095193502892
LOC100132273,4.605938709275812,11.95924968659785,17.832954231547916
TMEM201,1.3464664714758183e-05,14.516019595754903,15.668579322613807
C1orf186,21.384938001515344,1.4595519010569425e-15,3.206127477085406e-19
FLJ42875,5.637856118479696e-14,3.720847015755975,3.239588853149046e-13
P2RX1,24.871319841817055,2.87475164380364e-15,3.877699371815819e-13
HOXB5,0.18876442223187692,2.0611915216829045e-11,5.844650628972729
NDST4,4.818607915581447,2.1063656598174787e-12,5.150174485033931
PCBP3,1.2741189056907616,1.7433962623949177,2.9138153423999897
CPXM2,1.6904598211298934e-24,3.1641484813951,7.476025650884789e-17
ZNF208,3.7804606517817834,4.2218648710470397e-11,5.047395142605725
DKK1,2.3385379154322963e-14,1.175396410448726,3.4574865126922427
IGFBP1,5.531648632448431e-11,3.1840418259601972,6.008364927041943e-16
SCN7A,1.147866391363881,4.958669664337064,6.486099097776955e-08
SIRPB1,22.764353634026925,6.119783801005561e-13,4.401994247311461e-13
TMEM200A,2.310293451911559,3.470691532158769,1.4798510180195577
CYYR1,4.4515646422768233e-14,3.490430115092131,0.628758175601826
BATF,20.54324030154815,1.2847364359195916,1.240780511691899e-11
PARP15,9.795250601683717,2.3200711553191993,1.8216945628373264e-14
RNF212,0.39911778123685643,1.3620921779983571e-09,3.632462800775482
FCRL6,7.652424056201876,2.061354829978153,5.971775685863382e-17
AGPAT9,23.972778550475063,0.9457045775675583,7.929535147676961e-05
GYLTL1B,3.117136493430375e-22,2.957950328984238,2.151591182656114e-19
GDF3,5.090114539645497e-17,1.928544681855202,0.6564605927030419
DHRS2,0.4932806695775916,3.2635404864924604e-12,6.369357579783782
ANKUB1,8.152131865844237e-14,0.48837486941389224,3.0347447327958426
CCL8,21.649475003380076,0.6038236612709718,2.752244631313348e-14
KCNA5,3.1288016507786253e-12,1.293685929956707,2.893773295933244
FLJ41350,2.060985377853903e-12,1.6959609370885661e-10,8.508498560916037
IL2RB,8.882611625253714,1.939111117307325,1.79663755793148e-13
SLAMF1,5.667623488962879,2.020331036724626,3.3678994662596073e-12
ANPEP,13.578135168767583,2.697045808985488,8.746479971138248e-09
CD1C,20.506413471314527,2.0499285198165738e-14,8.613751737251251e-18
CD300E,23.05977655061003,1.3404706496044652,1.0593828649190463e-08
SPI1,25.154704372510867,0.008352019169709719,9.837700850396856e-13
CXCL5,3.2721767479057626,1.3069002899693387,1.1556584766513467
FLRT2,2.41357270850983,2.7732714861712404,3.596508675443971
MAP4K1,21.03441220597152,1.3119733506955813,0.0002992981390230611
CCL7,7.601085641255679,0.8601926280674995,1.7260768560649314e-13
DNAH11,2.0438987093846008e-10,5.325134269016838,1.060353805000482
ULK4P3,9.87996365505518,2.925073924953184,0.80401132310931
SRL,2.3548538332913415e-05,1.6193065569804037,5.37864840037344
CDH5,1.539198516095349e-14,6.353796443609388,7.519816590306853e-08
RIPK4,3.8489214758944287e-28,1.5408462726378633e-08,2.549686790504395
MLPH,10.27617221739993,1.2058467916770845,0.0009750117484953857
SGCD,3.870612556413595e-12,0.888271692661946,8.231782536135063
GSTM5,1.4281180433032705,4.541420342945974,1.8112310253290407
LOC100505795,0.009864714869373568,0.014136333869445931,9.28275867730012
DPRXP4,21.911943498944765,0.5878514241524562,9.084975073246476e-05
FRAS1,0.003896510274011286,0.4594089589955583,8.222811051451208
XCL1,6.195659309486685,2.3480076479740024,2.075501113418428e-06
ABCB4,3.2696984462630714,2.3614227811189195,5.375762103905849
SCARNA22,6.442316032663932e-12,0.1789872458300594,6.836758506846443
TFEC,24.731700624328017,9.380116097148822e-05,8.528209989181698e-11
SLAMF8,23.771438959729277,0.0003799515392565536,1.6146069089123405
PLVAP,20.76736132979864,2.0200706171361746,2.2049411662865937e-11
DPRX,2.2781137013140337e-18,1.8513718552674674,0.4232738685085925
HOXB-AS5,1.6466452922575627e-18,2.6069057978165895,1.5712413307501343
SOCS2-AS1,2.6506693940448926e-12,7.290442453638844,7.924763491712627e-06
AKR1C1,2.709137333473014e-08,1.452983304564128,5.297782941085208
IL2RA,17.779710555422064,0.44181994614988745,1.9350593318488085
KCNK2,0.15103056166707957,1.2133209941564654e-06,10.09613879609966
STEAP4,1.654162288858307,1.887374044744237,6.489020504620123
IL18R1,12.162019080577036,1.7650920561620773,8.123119865410102e-14
FOXD2-AS1,0.05583856112823967,2.375278649804749,5.742917490053823
HAPLN2,1.4921739331978348,1.780766635839576e-05,10.034423374955182
SNORA42,6.078578617125429,3.6630436878922765,2.3617357856591537
MS4A14,23.294757655047178,0.8187609630181569,7.084638267148397e-08
SNAR-B1,2.8471837143321204e-14,2.4224526876371337,1.9134170003930722
SNAR-B2,2.8471837143321204e-14,2.4224526876371337,1.9134170003930722
KCNH1,0.12897798755894432,1.6095793278821238e-07,6.883986130283786
SOHLH2,2.3533936937667175e-11,3.2309523787622085,1.5813540135811224
HLA-DOB,18.972468291432502,0.9925019243442516,0.028754640189016037
TSPAN8,1.061607691066329e-05,2.1804875599760916,1.8940033932809284
KCTD16,1.2476434742441178,1.4166406761085819e-12,6.530136214242238
MSL3P1,5.388622546880593,1.5570138262320226,5.039003717022374
TPBG,5.35386585839567e-05,2.4764301302516745,3.471681405010628
VEPH1,7.058379555842593e-12,3.951881861383442,0.43094170202931564
TIGIT,6.106779576644027,3.9825244793469032,0.6173705516272725
ZIC4,0.08456178231507483,3.2946977499213044,5.315479551299029
RERG,0.392418255350034,3.211165036105792,0.001949965806837185
PDYN,0.26557047875993034,2.1922622615921585,1.0918037937201928
GGT5,9.99172944852589e-13,3.993071316929359,3.751209737982367e-05
PGF,2.024778797531709e-11,2.5130000911996433,5.124768777083215
NHLH2,4.2221443893932005,3.1530512428138174e-10,4.255799540785739
PPP1R1B,0.8635162474847332,5.067603537851607,0.0025998988073567416
GZMM,13.994309136459881,1.3943454199707075,1.0952294470062909e-14
ANXA2P1,0.034624686402456285,3.23365356602428,4.866728651695085
ADAM33,1.3213439085247484e-12,5.4531635166329515,0.41253573309770647
SLC18A3,1.1370538073814489e-18,1.4268303571390397,2.9499301224136865
C14orf39,3.598371141496585e-18,5.882454989921823e-10,4.944820101467791
ST8SIA2,0.03061613893544833,2.1640549569117864,6.6826339151507765
DTHD1,9.006298751449486e-08,3.6760506026286275,1.4035860691286837
TPH1,2.154925548885249e-12,3.3350962258111325,1.411822257888642e-12
ZNF826P,2.5841346041723416,8.775430601608251e-08,8.094869508193563
HMSD,1.6903797338866004e-05,7.270129283995397e-10,7.962129751431484
FBN2,2.0228665887433966e-11,3.851187288891416,3.0470865225733283
BMP5,4.4585933856512797e-13,2.3201828151713157,1.1907811774880936
TWIST1,2.955062988003708e-12,4.476539708955597,1.9109328667427105e-06
NUDT16P1,24.309851788988233,0.44033173865301695,0.030608366919732358
CPS1,3.5126746081670696e-05,3.1093688486952744,4.346249326787992
DDIT4L,4.214413238621134,5.595102485752091,0.0034865596032705726
MATN4,0.00043433303981164277,3.143368444111254,2.8992734767416315
CRHBP,4.267985084201492,1.2872156663409538e-12,7.471909769444351
CD34,6.68290388262073e-12,5.818168012326539,0.4110764876078865
IL17RA,23.266554340190623,1.6728820162699027,1.6469141293129834
GLRA3,6.4907059409453955,1.2054475538152297e-12,6.114448719949412
MYOF,16.230420901125616,4.815207002271069,2.0393166309091005e-11
SEMA3D,1.264756769840132,2.694528604707147,0.832178320881916
SYT13,0.2774614513426927,2.1881998555571133e-08,9.25893237923957
ZDHHC23,1.1454055075239245e-12,6.135277503729457,0.0004030027265533683
HCG23,1.1786103702129958,1.460110272505413,6.604416520720369
ELOVL7,3.892021843587626,0.7334831013165508,7.1322064226176005
HCAR2,18.75733444715525,0.0003746873628695652,2.2514881363631534
NEXN,0.6666150030574195,5.962970679263482,0.15879191468590192
CES4A,9.493461764872364,5.6864542490440844e-08,6.638848754801415
AQP9,14.324608212217946,0.00011675590741947806,3.1060381942424717
JAKMIP2-AS1,0.3337413523548417,5.105322386123545,3.784970989377457
RAB11FIP1,21.375550046085547,1.7082456432771067,0.2601300546344747
CCDC170,6.869708035254287,3.983038969555735e-11,3.2385162810703556
NPR1,0.00032377423924545004,3.9348532446325635,5.399056403664831e-14
KLF2,21.744971741378865,0.9551944936976936,0.049008891311289965
EN2,4.537677100089186,0.08826752644707411,7.640779176809379
PCED1B-AS1,21.701694666442243,1.304116023893684,0.2534458436968074
SPINT1,22.119836588463027,0.1145186680605129,8.688280775972902e-08
ANKRD20A5P,3.5422581350515543,8.820894994742889e-05,7.722632631487918
FOLR1,0.00855406713602887,3.686693330248878,2.051172906617424
GPC5,6.070516603018607,2.1267030429506506,2.3792282936073548
KCTD4,0.08425729312455153,0.6264126272860292,6.386245083238174
TMEM132C,0.0005990004754412935,1.6756726485463336,4.524599821542981
TFAP2A,5.6987931645270615,0.000722793647540469,9.918949247720926
ALOX15B,11.784357672885681,8.605901471368439e-11,3.292559315209262
SYNGR3,0.643609376230168,0.13523934772729918,7.116794595323339
C1QL1,3.734538386454886e-12,3.475327564034827,6.054163608670783
THNSL2,5.087286203575335,1.6511432589363433,5.939294948912037
TMEM235,3.2602234994479563e-12,4.45908447730037e-10,6.895606569149976
DLGAP1-AS5,5.60765851505992e-05,1.156675404665205e-10,7.349479050274736
GABRD,2.7777800360635916,1.769583897138672,5.164074949215051
CMYA5,4.44616852982009,7.154013681335851,0.08931237133306971
UNC93B1,22.39754659111459,3.6299207181968356,0.010603834319781277
UNC13D,21.238002156069804,2.769479122150031,0.7529479349915235
TMEM37,17.80589018572558,2.45888253942022,1.6059231850509736
MAN1A1,20.47490918886498,1.4546686113150205,2.655451103405957e-13
LAMB3,1.7753003299907733e-12,5.228448491562292,0.055482110540043664
FMO5,19.56113236193113,0.965439016392398,4.291310030303892
SNAI3,20.73644914876132,1.192718239165995,5.680554944628933e-12
WNT5B,3.2153617359269395,3.2786206547542345,4.135939455719243
MN1,3.750739548040293e-08,4.00694556547563,6.310042792951073
C9orf66,20.47899834165332,0.46524688079326504,0.05018906402625467
TMEM14E,15.965279210528765,3.3737098887218657,0.34439174592443106
FAM46C,6.000926182347842,3.0774268580901816,1.3268978374245817
CELF5,2.6247489606522523,2.5758807693214696e-08,10.824301900197655
KCNN3,0.07212809888145533,6.476025213072783,2.618486959915281
LRRC3B,0.4787439230727943,4.343795029511237,2.4544971105630498
HIST1H3G,2.5216483536459013,4.191644626693378,0.2938297255952481
PCDHB17,3.7422382810374173,2.883914390630738,5.728492353750208
OGFRL1,22.24632359865279,3.6063226199586826,0.19987716150927254
NOX4,0.09216607441388527,1.4676498797669049,4.832379778490306
IZUMO4,0.5390109461500795,5.928624479072956,1.2492154042633606e-11
HIST1H4H,4.444509393930031,4.944724634775039,2.380755057983663
ADORA2A,5.298713472413853,2.9553169778268065,5.834993479370053
NEFH,2.6174517207808496,0.448232999377869,5.614227297845426
GNA14,0.7893758671484351,5.134956989877909,0.032454806358207876
CKMT2,0.7954253510143701,4.8814169207921045,0.012770364017870446
ZMYND10,0.2662819566354796,4.220957304272071,3.011378966698609
SLC44A3,3.1114918209063e-11,6.0779539992944365,0.016474070045497415
RTN4R,7.173841431464885e-12,3.7841157804287744,2.7030584443238683
NCRNA00185,2.8187464498109516,1.5546573463425224,6.998296546955083
TMEM229B,1.5967764790673675,2.6604910419237,6.375002490073615
ABCC8,4.853135818901752,2.1155352404592636,6.242372657845003
LGI3,0.03998291112761006,1.0338912292039135e-06,7.976413261815725
LRRC4B,3.362433936290577e-13,4.527681802855876,1.5226271162083567
FREM1,2.3444172366696384e-15,3.056745825373984,2.974978175571929
CCDC69,19.44428893470198,2.662907958566704,1.2456172366534635
PLAG1,19.74250105591672,2.2336191068084505,0.17678663692888216
NKAIN1,0.26091452866795584,5.994700008194302e-10,11.833484551279058
EREG,15.026981121628479,1.6188293542614651,1.161856457552481
AMIGO2,5.247850681126773,2.8963663831650606,1.805374769576749
RAB38,10.854452831281774,3.0341219649354345,1.6429934084627782
TMEM254-AS1,1.2972818899471366,3.3331007853303904,6.530397651780015
GRIK1-AS2,1.8388709558228706,5.565847386786141,1.865678215495614
SORCS3,1.9877906195982716e-09,3.754256145410161,7.336791880764423
LDHD,20.851674951253617,2.222852558619243,0.500237905178895
HCG26,13.905991324280686,1.999582122255805,0.004686815589187603
HRH2,13.739753768131267,2.7464618938312744,1.1433043506038416
GPR87,5.012108331026251e-09,7.811587038501079,0.2084015684277277
DMBX1,0.519132294764787,4.453021843231699,4.037509543541669
PLXND1,21.56648164770124,2.721148130150051,2.3570083910439865
TMEM27,4.913680466404334e-12,5.112907841399263,3.5351414659858382
MYRIP,0.12676995352856218,2.570078888601861,4.847909970921643
KIAA1377,0.6533953727559363,3.453490731418899,4.2418533898747395
SYN3,3.391897659583727e-07,1.9244791253621514,8.18671362215186
C11orf70,2.0442606113446837,3.2542732107224293,7.003478108516806
SIPA1,21.432471739260446,2.0475566069360562,1.066270246494478
LINC00609,5.041832543088478,2.494974694745533e-08,7.2156959183805744
MIR3671,0.726082514614441,1.7591926947517609,7.046388910759172
TTC12,3.444913021912127,5.0313560783317754,2.4623909232947843
DAPK2,1.1110608078689514e-10,1.4281639016438827,8.574883960196482
RRAS,6.166060519984768,5.575347770485797,0.017280143977118367
FAM167A,2.783243669193229,3.0310707558377534,3.7891550949379886
FAM149A,16.687991528037582,1.668020582391404,4.693580324686613
PCDHA7,8.109449443908872e-14,1.9287086679085241,7.028839830887887
CCDC8,2.124217485323021,5.725157656301717,2.5036148319066256
HHAT,3.287627875872542,5.189372582396307,3.493640301636257
ETV7,5.600298256602942,4.652603282400254,0.4415670586536087
ABHD12B,2.2012194782391137,5.815227934300872,1.992237712119158
KCNA3,1.7414215559698663,1.9305249315316837,5.817777058220285
ITPR1,14.4158211528742,5.187365546480305,0.09504509517199754
GRHL1,0.8178600344096674,1.73089373777072,10.322253284053359
MAML3,18.654316641907922,2.7282365304823286,1.7745255341245754
TMEM139,1.3045277779199515e-07,2.9491699775191265,7.030161125294907
SLC8A3,3.8590495878803024,0.006417761286779024,8.532280863882185
GSC,4.9050632738891575e-06,6.407786207655462,1.5428006339038198
NEURL1B,0.045267810635534735,1.8151233745173947,7.182576305683055
STARD5,19.905568198340536,0.8027370005873701,2.4513802237774764
TRIM67,1.7827355950207935,2.7736353371839947e-08,7.9194595632487985
MAP3K5,13.302590967267507,4.026248950894012,8.059662073880242e-12
SYT14,1.8653792118335777,1.858374692136937,5.7626885071706795
TPRG1,7.946454933441488,2.2616207149367797,2.743852508576395
TAS2R10,3.362445724490159,4.235056055807002,3.9953334176513695
GDF9,6.074986470140168e-06,3.1599156510163993,6.324679395166822
PCDHA13,2.7467195724834945,1.7294020065827262,7.0247124753732875
LOC100128239,0.08210531615625076,2.469724603396378,9.866055373997206
PLEKHA4,2.012080555835063e-07,8.38675595866608,0.01715852578312233
CARD6,17.0870613712496,4.163224290204323,0.6029972095096074
CHRFAM7A,11.575846157603966,1.6098550695535414,2.9283850971816174
C5orf27,13.230321650921148,3.13767750059546,3.468739618259823
RTKN2,3.306551928635854e-09,2.0899474992232476,9.42130662709109
PRH1,0.45450423344171265,3.0208366779298874,5.788576655525524
MLLT10P1,6.8245088149728,1.957110197511605,7.467894559681676
TAS2R31,5.75436657819065,4.670139918968865,4.53827089850115
C8orf42,3.8676472871808936,5.6247125999650525,3.5629085971233434
PCDHA5,1.4256615970880485e-06,1.6242624411406865,7.905359692601435
RNU4ATAC,11.452003053939553,2.6530325895307407,1.6851033005646905
LOC286297,7.393150403840478e-08,4.213216034480824,3.563851042551998
NKX3-1,7.229403960717432,1.820229745929918,4.659403185668056
LRRC6,3.4758029225234615,5.470533357073875,0.2474584461972391
DLEU7,19.57424051756081,0.002038894381006381,3.3361431515073527
MB21D1,10.931839830559799,2.3946808885187774,5.791545039678359
TAS2R5,4.933678364101308,5.197246160262369,3.6963959625491376
RAPGEF3,1.7150367706362275,1.7788107101798418,8.769098616446396
F2RL1,6.6146310402017345,4.217677519844285,2.1413202791076897
TSHZ2,1.2238021446335046,4.500062159823363,4.404360835483741
TMEM257,1.254022897181643e-05,1.9239712216920375,8.40950243176723
LOC150381,7.627639014201232,3.672629979824798,5.445179941814057
KLF11,1.9573281536247045,2.9310601539264516,6.152200308033451
P2RX6,1.4928689132868862,4.77767590113179,2.125876633763355
LOC100288911,1.9945718693932228,5.358642308021724,2.7315041969748393
NAV3,11.491165401927546,0.03146040646220335,6.441128765865253
HIST1H2BH,2.19832602916355,4.492338878063511,4.676347402185567
RUNX1T1,3.3817393442983232,4.168172070742625,4.840445562222766
TMPO-AS1,4.050809711881489,4.538573271719807,4.519513279602053
LEF1,3.0932399041744834,6.147928892317669,1.0507358486859621
SCUBE2,1.3779171298688962e-12,3.478346236425929,4.708131453265513
C4orf47,3.9723510132088746,6.816478392158073,0.3988646376077204
DNM1P46,5.417253671821077,2.4749055000732363,4.3450368054847335
FAM222A-AS1,4.331382084397229e-12,3.0515308688850946,6.574428556992605
AJUBA,2.411851266462454,6.643843145090487,1.3098466800545032
ABCC6P2,1.089707430376485,8.144003943323773,0.2544281878327662
COBLL1,3.24308792393153,3.9492773432488457,2.5838420346816826
SYT3,3.5973290277042564,2.4181618771683207,6.6284138105630355
EMILIN2,9.197231886761697,4.394970069399677,2.060491991744458
HOXD4,2.849862295706758,1.8834626543872222,6.146857773905461
GPR146,3.1697134130918676,2.455965832628259,6.753093677060347
ZNF492,0.5141103541851123,3.343934310931182,6.707317665068059
DPY19L2P3,3.532959521865031,6.149101594039333,3.0514869211246287
MIR941-4,0.8921142912201527,2.2680551493397956,7.182869408877919
MCM8,0.738474627469095,3.7025956354673175,7.274304267270561
CCDC89,3.0302031572383763,4.807489330027797,2.2190908254919077
TEAD3,1.845755593291609e-11,6.334671797192101,4.42455511214407
FAM196A,8.88299154569714e-10,7.439920744111182,1.1710361135805303
HIST1H2AG,1.843094151691928,6.307553975641233,2.7904928290916886
MIR210HG,4.311614019540252,6.889262953066185,2.4215581129666397
LOC100289361,3.4218201979394616,4.513040379927743,3.441223523109713
PLCXD2,2.2466574049279875,1.2855528833016443,8.53170007851067
ZNRF2,17.930401922413797,2.1083846971668696,4.683892993437365
MTMR7,4.430610611569056,1.5142374389237845,8.184472118224368
GAL3ST3,0.0016672004168364555,4.3560109881906275,7.769923509247948
TBC1D4,18.150649809805138,1.8984593064696784,2.2744021607638323
STAT5A,18.879757741608564,3.4087159035265264,0.29169311651791086
BCL2L12,1.8625659382911577,8.068760050391584,0.09671882517937348
HIST1H2AK,1.0037000790334945,3.3793868402902327,7.763510662983282
HCG11,7.655908105214451,3.4424712586217447,2.9390820555765256
ASPRV1,1.8484262647643848,2.1363407865651833,10.397792923700734
IL15,16.857828908817492,2.5862676630647403,0.7178272463235382
HIST2H2BC,1.470388920613362,4.542836662796946,4.887964209633002
HOXA3,5.216453989007976,2.0810952762155717,5.153556485374785
BMI1,1.8000507095499805,4.575397515422075,7.029346354520777
ACOT11,9.507348856503176,4.779399278478982,3.0146982282472234
BACE2,4.87121454533412,5.6681498089234275,2.823623734647819
YPEL2,7.232027314303501,2.020315318510611,8.867602523450659
KCNK10,0.0035672364734293,1.5445728906871603,7.726384914925372
MMP24,4.471565803530722,3.345771706557845,8.074230140929032
BCL2,8.634122680150337,3.708946884692002,2.7429596373453236
MFSD4,2.053846036192106,4.897802630991335,5.743747855980104
NFATC2,11.309005328472686,5.36164341526643,0.0011863093550005714
TESK2,9.522432538344207,1.1126356118906606,6.1382319512237125
B3GALT4,15.092664030492108,2.6385019812568324,4.048778157302139
CLSTN2,1.875405686968673,1.3047766221878445,8.320821592611301
HOXD-AS1,2.8301636111674746,0.9034638245249386,8.732233748917524
CD274,12.654760981748206,5.63898893068784,0.16444439018091309
TSNAXIP1,1.7654131931041797,7.2482126585663,2.9057099250857874
ZNF878,1.5854298480273117,3.9853007948553296,6.536173184055568
KCNJ2-AS1,9.819867233856303e-13,3.448240568365957,6.273843873483804
SYNM,0.005727567769288233,7.497583051714279,0.6009445139878405
PRORSD1P,14.057318886810972,4.146394005765214,3.8202265826211264
SLC43A1,4.3106237301394685,4.5873668707440665,2.398839925297655
CIDEB,13.326063317803245,3.595197491068858,1.9806214884817206
OPLAH,9.571792071895645,5.766079282092209,0.01922867165666819
CYP2D7P1,2.9574957815913967,2.775422013690703,8.86529417067682
RALGPS2,3.8901420679226675,2.200406374165998,8.913396904075231
PLCD4,2.2993084729852193,4.557079852505002,4.2511372009320505
TSHZ3,6.350094050080925,3.9837960602770397,6.337248240466341
MSX1,1.4917527992727608,7.603418274601045,2.235705218200166
ITGB5,6.301450917360448,4.51986928679859,2.9850504569180676
AIM2,10.360107791643287,1.9738178782262015,4.731368248433986
COMTD1,3.9847250266168146,4.680502973798426,3.831392564381135
TTC39B,7.607596727607679,5.602420391382754,2.21033949415946
MSRB2,4.551889754989369,4.2237857913807,5.116429435664054
HNF4G,2.595286403088141e-10,6.36980284169562,1.9314357765198469
HFE,13.587274639496927,4.010708834744681,1.395670826174231
LOC285540,5.577315597155093,2.956148278745735,7.22412148656808
KIAA1522,4.311049568442933,4.750857222915253,5.245831894455995
NTN1,0.034481687679434686,5.582670698800254,5.050702294877367
LINC00092,1.0158191716422684,6.650184583663435,1.9310616373673777
RASGRP4,17.774597864365198,1.4798874526938768,2.823980602318698
TAS2R14,2.193380819588021,4.617383559430722,5.330507987075365
SLC13A3,1.9801469155758506e-06,3.7457478890423377,7.128851580437539
EPN2-IT1,1.0110381591364004,5.3727535067995476,6.264741662052251
LIPE,1.0134365872936375,2.758539729153511,8.843237936682845
GPR35,18.45301694766614,2.2044528247061304,1.8966778930287886
SNORA33,6.36656686757162,5.497314316833016,4.512882085537543
FBXL8,8.201749649381096,4.9364109749700305,1.5958903421791264
BEND6,0.7516688600027545,4.796958007320665,7.0318837228107185
KIAA0930,13.796207182148995,1.6203392220861899,7.755055258108356
JPH4,2.7077757275522774,2.221040571723297,7.132964237137276
PUS10,14.155265582394833,3.6575130407651013,4.329751026321742
ARHGEF17,0.002283075191529019,7.42369889034196,1.993083838195716
PRR7,0.06353691109262913,6.2566516354478985,3.6996616494293044
MYCN,4.0260858837289835,0.8144738105250906,9.319116861028505
CGREF1,1.3399476918382467,4.103739488987803,7.587410336402332
PARP12,11.267815998267915,4.719780208437434,3.3584904811689493
WNT7B,0.792359233983575,2.5922020328985567,7.668172008288736
LOC440040,1.705595134007664e-28,7.101220653902704e-09,23.647919079191205
NKG7,32.37127986950003,15.692848719859336,4.492812621048721e-13
GIMAP7,127.84049669698989,3.6767928406984263,9.532261424854919e-16
NCF1,165.74548984123348,3.4639416856766144e-13,5.913390239283824e-13
VSTM2A,10.813165223726577,19.777731683272485,9.720514930416325
ADRB2,161.8458900019354,1.8940513840320084e-09,2.68861016402794e-12
NCF2,169.02719310423234,6.834381786307193e-13,6.877154770170135e-08
NCKAP1L,170.46376099672764,9.000359058318758e-10,2.7706626945330365e-11
GAPT,141.5414376022149,6.7406822514703816e-15,5.33922502194261e-15
TARP,16.1087219715986,14.611898550973827,9.674158077104784e-19
CACNG5,5.187538925701867e-06,16.907529064852245,8.23147937577226
SUSD3,148.71074032599256,1.7665784101830643e-08,7.886942353993283e-15
ETNK2,1.8241588329105523e-13,5.474914572494853,33.023136368362216
IFI27,14.245903885907923,24.349703741314983,5.844072335992693e-11
CSF3R,158.78266827719276,0.0027322668406958668,4.276385927247517e-13
CD33,151.82866547059214,1.0688524573778406e-11,1.2299221467689679e-13
NEFM,0.24555898661969724,14.316426410154865,20.07463502683388
GZMK,68.6341297226052,10.464990313836113,2.143712733952551e-15
FAM95B1,7.571717182300767e-16,9.34265679796393,27.673132112959742
EMB,109.58359306634986,11.100611520264527,4.715907594479164e-06
FCGR1C,157.98125513654188,4.8577576136665855e-11,2.4711268953716955e-12
STAB1,168.5517651196956,0.00018068897350245047,1.3650535281195108e-05
RNASE2,156.44497783557821,3.103437848054764,3.419997310778956e-06
ANKRD20A8P,8.530957472899033e-15,12.350875750865596,27.85604613147833
HGF,35.17939374364925,24.340756619268255,5.282159007206321e-11
PLCB2,147.19317958480968,1.427783496749717e-12,5.241200092683241e-13
ITGAX,156.16330132476813,5.59941708912435e-07,1.3286205218980264e-11
GZMH,9.648446483517503,13.738219961015044,4.4475782984566604e-18
PTPLAD2,139.69056091420978,3.956721220862813e-07,1.4038968172655747e-13
LZTS1,3.64784276958699,38.7150527771538,4.67251794840081
HOXA9,1.352823449017366,8.820331308915195e-13,59.589351988099175
CNTN2,0.001261686050424476,1.868941479402084e-10,64.77314533270048
FBLN2,1.1077180898977375,15.855181671805838,2.53018846743668
THBD,89.62384530995796,0.004376943417463738,18.655584990205554
PITX2,9.543572851814003e-12,2.3336036987116495,30.16450814713314
C10orf35,2.605737116882507e-10,16.313187630270455,44.77826153286682
FCN1,132.14961361139183,1.58807421804672e-13,3.2280707554187706e-14
RAPGEF5,0.4810595856687757,6.51107051653147e-08,58.17024088069077
ITGAM,142.46633576681214,4.3743761274336567e-13,1.988182762314498e-13
IGDCC3,1.084267869532719e-16,20.24823002826012,1.6725230880166315e-13
CYGB,2.2625426643802483e-21,16.358132547646818,7.115504670703957e-20
AKR1C3,0.0022833688422985213,19.47070586705689,6.59819921716793e-10
PCOLCE,0.535581420977629,40.51323259142221,0.0027808631405046445
NABP1,140.6133811768822,8.14426738030507,10.219012205353158
NR4A3,110.02693352688246,0.00031350606508364314,11.650297627156727
BLNK,131.77669663468643,1.4229078221038688e-10,1.2096061149928238e-14
PCDHGB6,0.4400746993868994,21.698700171238464,28.171234313966632
FERMT3,150.97097794534898,4.043441508159049,2.628656619535996e-08
NPL,142.68967561002466,12.904438917472561,5.966304002752723
SDC4,26.144783439155734,46.00846975539934,3.620541774590665e-10
ALDH1L1,15.857427509438226,42.880532535549115,2.194310065512466e-12
MKNK1,160.4512300973511,11.557503428118821,4.585148020039618
QPCT,38.43144162376478,12.919941599373342,5.664263563693907
CCL20,51.32211140185097,14.583268195443539,0.19161023398488508
LTF,29.21542395362088,15.460262282904818,0.002492794314311188
INA,0.6511546844445154,8.503865384778515e-11,59.81644674062932
FRZB,7.280981631355533,18.629434539438584,6.61795451931377
SLC1A1,0.9261503597670881,1.9783275207699254e-10,62.629780757892476
FGF12,33.38193396758016,0.03942416950346257,45.140368218982914
LOC646329,17.762543946073784,27.7165155708164,6.323828168154605
DIO2,0.0003173649603707579,28.777794217017536,0.5747796637332316
LTBR,141.32164939119238,6.289879022247506,0.2394418401693121
ST6GAL2,54.01202317401097,2.773258440403974,39.75754921349946
SQRDL,130.67486821790456,13.38883099834907,6.804041127926859e-11
CAV1,26.5712517306351,23.61703224928734,22.704233169334472
CNN2,55.51272890588765,22.210272592718834,0.1269387334938287
APBB1IP,136.25356296759819,0.0015342716192112403,9.481553658711255e-13
TMEM125,6.5969743486056926e-12,7.337117397717988e-14,49.01442655277579
GBP2,81.89196972161679,31.78754006032073,8.372438538455776e-08
MYO1F,142.26350400212604,0.14365524635659274,2.0385132712231756e-12
GSX1,9.253418143557149e-14,5.7135111964454905,54.83282512212612
PCDHGA9,18.326957495163853,21.082164266277626,23.177465788379923
CLEC2B,81.31409464724521,19.26015601546177,14.004300004068455
SEMA3B,9.417301606328765,12.607141418617884,50.94690800279025
H2AFY2,2.5280131412714117e-12,10.343995193200406,56.630626004196145
EYA1,0.0003311146287974796,1.3279900789827626e-11,46.917674433634
RPS6KA1,144.68915064231913,0.8376373261194713,0.003955521345414548
ACSBG1,8.68795752218572e-09,48.22143363903136,5.719891402598105e-08
ADAMTS4,24.288228371594705,4.093201557372173,57.23564653472399
ANKRD20A4,1.048775994930007e-13,11.724334730181175,26.911326454235486
PCDHGA11,5.293308621769909e-13,16.556204681014027,22.49334840552354
IPO13,18.485216632160952,27.952900112726418,9.014977401341337
SYTL2,16.289097123849857,41.35392190185008,1.9792520310957757
SLN,4.126985557412907,34.138241406381184,0.299911397374585
RPL39L,2.043335469585,9.708417997230175,43.59507500286988
ACHE,11.009491397696817,26.331469590157813,26.93752497128853
GPX3,72.4600814874642,31.93952484796142,5.4409279375179604
CLEC5A,139.72629082668945,1.1462979357777185,2.249319884943568e-06
PCDHB8,10.153843151487155,14.288511177068147,48.403873633726135
LUZP2,9.282998310226667e-11,2.4224154970688634,61.87507217643555
TRPM3,1.2383665471384092e-14,34.84601298211766,4.837852792908012e-08
LINC00340,0.804640843922344,8.804584756496384,49.727078930837045
LAMA4,3.893297405626967e-13,34.668071474413246,19.388077429019344
ACTL6B,14.027902153503293,7.586898811400648e-06,50.435496580979226
RGS6,0.11432105040823988,41.67288646248786,4.807773406618904e-07
MERTK,122.9331272468024,18.92044061725565,11.108853330440313
HIST3H2A,1.221439677588776e-07,16.21789084989652,39.101224377808954
BASP1,28.956624595440815,4.5363713309680056e-11,55.4627882518803
MFAP2,1.0880978927159383e-14,11.03847619019868,30.87429547825728
B4GALT1,120.77631868788733,11.677389118887644,4.423040436350219
SYT1,15.038257877343371,1.7786627993455742e-09,49.81820807014851
PTPRF,2.465469301361439e-05,36.31323384463818,11.371802184132505
FGF1,6.474027667218163,27.907547079607205,24.16697751775175
NINJ2,36.21289678546302,8.08685208560287e-11,48.832245865796445
SNTG1,12.137348943966467,27.740793248275597,36.3298103288803
KCTD12,135.057270900776,14.048311723785583,0.44468205519171733
ENG,133.01436772480636,10.7634419208843,4.2319585313568355
HOXA10,0.0003038583563093781,3.118355779417947,45.21277136723048
VIPR2,29.324096441752566,1.7955524355522508e-08,47.076262633347426
RAB40B,9.183827690424598,0.00026273244649643906,60.318970695438644
ZDHHC11,7.706813892565909,10.087112295836597,48.986154061746376
RNF220,2.542773789840267,28.020449122113543,39.07179667011562
GPR19,0.0008100132539684175,18.389722645715764,49.66013767533627
LRRC61,3.47512569199492,11.65896391978963,32.33375676525761
HAS2,4.798220782354079e-05,33.028023356849644,24.270087481679997
AHR,23.07312644433029,18.844307522976116,16.506028259135064
PTGS1,94.34785328150018,17.251932593407265,0.006182778626265059
MYT1,2.8123598479740393,2.1698652105945184,65.42504585996728
RILPL2,130.8701764465881,11.503013945916786,9.567041156210905
IRS2,27.979229752805942,45.70018855519865,1.3930087722826723
TMTC4,9.028185301796423,19.609571261694896,52.18107803311913
REEP1,14.80869837859229,5.39475542169553e-06,64.89927423106191
DGKB,16.14560685830686,3.132980355644896,62.67130735395199
ZDHHC22,7.629364274430809,6.350824825001465,71.88051020054625
PQLC3,120.79661117653048,29.136420210434796,0.29130254184788973
MGAT4A,133.1804061143652,7.25500924371164,8.49129818687701
PEG3,8.733102231509418,31.52265590245504,34.52782811128342
DNAJA4,49.26053426329636,17.901827945682427,14.1324945618545
PDGFC,1.4892319291694294,54.74454793423588,1.475536685858371
HS3ST1,28.18229475565863,31.100399451102643,18.316983459516543
REEP4,127.51459164308896,22.821131430520527,8.197576058551482
MVP,96.28632861868114,33.57389353084519,4.880711858444029
ZNF404,8.85979959806175e-13,38.22663312594783,3.9665302090997105
HEPACAM,0.018117198397951225,38.58972824078977,22.944886768510322
C5orf4,8.075543522100618,27.731647845542746,30.552335464247186
FOXP1,42.14596826275841,24.43841910000668,10.186068849878847
SLC4A4,2.990063942345644e-07,44.952882223562916,4.6915369731060046e-06
TNFAIP8L2,116.41718331007039,11.883056062396403,17.663504910083258
ETS2,114.67906832808886,4.546550200976343,23.25152707008575
ZNF521,1.4042383854471204e-05,37.527227346262165,26.043739143681762
COL6A1,6.1076872083880085,43.89537930678414,5.537252909031968
HOTAIRM1,47.62360003405315,15.135376688433674,40.96438569582004
TSKU,1.8342911854411546e-07,34.399607523213206,14.669165209708197
FOXG1,0.00025373754830901936,39.16577183484256,21.63748791037516
LOC441204,29.91114687707247,22.348581995889162,36.236255556201876
KIAA0247,129.05706059203777,25.07407530732996,11.180890261041071
TIMP3,4.6394841371668925,50.17942229270727,0.007488536103693877
MELK,2.294460474780276e-05,27.82674672148854,49.196633384378465
RNASE4,77.31631247544121,31.51906041901167,11.686022246172707
METRN,1.1166642564988029e-10,33.479349130100196,27.229736833979544
SULT1C4,0.0723182323222181,14.385234722902958,41.3403006503157
GLT25D2,0.003770223427674696,36.29709824747192,23.809470364454263
C19orf66,52.51102725573292,45.669769912038475,1.5000736765876468
FAM5B,12.370223715096323,12.108692996119743,47.023120627917905
PTGFRN,4.363589062018637,50.81602674194829,10.237992822161504
RAMP2,2.1143862891646666e-11,30.913610216259677,25.03908648641319
ISYNA1,3.706579367281068,37.429664712838424,31.625909953321457
RNF135,119.4319783031388,20.132008236884293,3.8850585822291586
CENPW,7.843196338495647,19.347781587838302,53.47129677518688
ZNF135,1.1119724152480246,24.388289423622066,40.18407345355182
CERCAM,8.702998657074149,14.01738660064341,51.34184381054902
BCAT2,14.636908880211344,34.495999945856546,11.820370113776988
C21orf62,14.090038647754973,42.0249273239668,12.234564288176168
ST8SIA4,108.96579022295698,12.858313620524648,14.740339731447593
LINC00152,26.78197678415936,47.85793594968552,0.028748059190213716
SMIM18,22.55586983881927,0.0002758703116820579,56.474036903416675
CASP9,57.00794996536317,18.53936260861871,22.612911692119713
KIAA1683,27.138764148605077,36.321739405950595,14.55096925583288
LOC285758,92.26189992558356,16.898257529823027,12.158401688197669
INPP5F,7.3713266854166815,22.26077670066674,44.18223581271191
PPIC,1.0944763946849964e-10,43.89716944253207,13.982774379482624
SLC1A5,79.9528604912198,26.28474591386296,12.840317458846172
BMPR1A,0.2305381528665119,35.88973002314257,25.104745660103802
SLITRK3,2.059527421835063,27.739751138111398,40.04618173580809
PTPRG,3.869266091650196,26.901768068018303,30.47670585962716
CHPT1,12.476485081007656,42.14965201917527,3.3439750816092286
ATP1A3,10.610241601763088,11.459802938981255,56.988480222601204
GADD45G,3.1182604642455156,11.539301166848995,50.28203271443509
RUSC1,8.079741340192623,35.42179729713018,34.50770492635238
DRAXIN,9.323698409583914,19.524173957161466,36.640242338287834
FAM212B,0.002183863643811984,32.25475534614446,44.280292626770574
HIST1H2AC,26.600049362439982,34.91343456732201,15.842762535732268
NCAPD2,0.3726241018804786,20.533115093095535,32.44177866209893
IL17RB,18.704511167742,27.515809528589653,45.258372053021134
MXD1,58.77018743584805,19.298575574681312,30.61326802718875
FANCI,6.052034589902025e-05,23.850509980080727,52.36342629756393
SLIT1,1.1228517239859195e-11,21.43782761897927,41.04834461837986
DHCR24,0.28575438849749524,25.796156597815404,51.04002740726859
HOXA7,4.993559047277517,10.203128854916487,48.86988442929033
MEF2A,119.59911217878414,19.8046393237721,9.009902258184864
SOX5,1.5034392003302773e-08,24.930096273276337,50.80267313302603
TNS3,44.01122876099886,0.1010080669589216,46.673168912314765
KLF4,88.56099556218412,18.071265130564235,15.447098268302616
LINC00263,13.747765540674095,23.20371390115258,34.236472268536374
ITGA5,67.34140894716053,32.344736531665816,0.00038165517152418543
TPST2,66.66445583126703,42.04632093377184,7.307853517300795
DPF3,0.00013691388201795263,40.358328012127274,7.8573581189812645
TP53I11,32.16889284736894,28.221783104713847,22.12654211852531
FAM84A,0.20318407938967806,41.136290876424304,11.118960485970705
PODXL2,0.5022165818588609,10.885230504179708,54.43323685341745
NOL3,36.196153406996615,36.51227042876372,18.73334246546265
COL16A1,12.641007266050108,34.82195557086645,14.281010511773204
ANXA4,107.15993543503367,27.688049719987028,11.317682727006604
MASP1,0.03168785992002002,21.84082921963666,39.10834086558434
PCDHB9,12.7966670468477,19.747867787034515,47.93754199056291
NCAM2,9.396354958073102,21.511550125009492,55.90277702029468
MIR3064,74.21247628885712,22.59226384799571,18.552407882380972
PRKCZ,2.860185369527386,0.000130651759127208,65.53359715084817
CENPM,0.00011007202541432211,23.857951648241457,48.94865048937724
DUSP26,24.860858319508058,0.03497375309895497,59.30298200481636
GM2A,111.5094769312976,13.840004253524315,16.90639717820021
TAPBPL,76.85807756316497,28.140513282155833,5.315115389940241
KLHDC8B,24.62105761338107,26.561457865630896,31.221169175427022
PTPRD,0.15917258021513436,14.903312866699945,52.32787927509295
CTNNA2,27.755967048416416,20.871676338899725,41.69376175723494
MON2,25.685416468124583,25.079925006260783,36.69506180735214
SP110,95.2264249698968,24.82535821812777,2.551128276475827
KCTD13,15.511918458034017,33.26344763953412,33.52645789971178
PBXIP1,28.331436875213694,38.95732387970475,5.687774580297466
C12orf4,14.60341130128311,32.23258365489222,33.54619832072835
POLE4,11.943958340306597,32.86860385727957,29.448132177028416
PIK3R3,10.171997045907773,16.482259055963073,58.31748803137381
RBFOX2,14.506907169203163,19.731632080366317,60.64870089750006
CYBRD1,44.52237190471343,38.09641198167601,0.24880701910531497
SLC25A19,105.54406121835582,22.754959036274446,25.30696203783624
HMGCS1,0.012421409285384072,42.02518944615489,32.618498231836554
PER1,33.20173177755527,39.55562928558762,18.30650548237441
NUF2,0.00010381254933983304,24.243868708029098,52.969134552764594
ST3GAL6,88.18010802167109,12.944904009998316,24.00717560478669
INPP1,7.075702752238369,16.204966581693473,57.45248304193863
PTPRO,49.6855395774427,7.223635789062053,51.563582732359535
KIAA0226L,50.993844646335724,20.48637124562201,27.762166132782333
KCNQ2,1.0184345692260262,30.630085370923624,31.64489363109394
ADD2,5.713863877954282,19.79632420944929,55.4607814904658
PXDN,5.928782742340959,18.921846992417247,44.807609615803536
SEPT3,8.830261758026264,2.1278364451804332,60.62634568006867
BLM,4.289262614515103,37.78844291294308,29.88681621489752
ACN9,39.80995990471256,28.626719721606676,34.35046717526863
IQGAP1,57.63024255624364,45.01467464172122,0.9816201119096545
ROGDI,29.535647582649233,12.324290258648062,57.82249993886382
MVB12B,14.784133401448962,12.30184696555498,62.01655036010692
ARNTL,24.037530527154416,45.11896526763006,7.338149540373225
BTN3A1,44.27134786367405,31.773976189658054,9.799308176939014
SH3BGR,25.69628786141153,24.111337564951203,33.46649844779656
PTP4A3,2.227134189838629,38.85905104828874,28.420143094424947
PTPRN2,24.54509257171449,22.09106515712037,56.40520700962356
CYP27A1,17.69693180998963,28.40859563973448,42.87122851665084
ZDHHC13,19.949177398276852,12.68371275767781,48.083633858660626
NMI,58.9321523455635,37.85528624708882,8.151471958478322
SPATA20,72.96148682542395,35.37190133201274,9.304953343744298
CCNA2,1.725047982200256e-08,21.044560388456844,49.54123541411267
AFMID,33.28986691975666,15.279124331931161,56.24136143346423
TMEM254,21.828573209528983,40.665911491986,21.08098800690009
SLC22A17,5.8011730069692184,31.407378119803855,41.859932067919644
MAP1A,7.989139187901051,21.59638091688466,59.25155617008947
PNP,98.47292762050516,29.816360646889557,22.772913321557127
SEMA5B,3.8012712778167894e-12,22.109023484942714,40.76259483600932
KHDC1,0.001979298965432657,17.699385976269358,50.858452629335716
SRGAP1,41.0829903900496,30.067810339065907,35.563685116665525
FBXW7,17.20664464309819,25.972423843303098,32.28223647012588
LPHN3,0.09787574380722765,27.324068538242685,50.88388838036677
ECT2,0.10797845995417348,26.494115797937976,55.94471035161159
MORC2-AS1,20.358917075264507,21.275524150084916,43.99990034645859
ZFP37,3.66299766238329,24.70832033356301,59.676094802621044
GALNT2,56.978042078665965,43.64045479047044,13.340883269363935
HEBP1,65.96070988114326,21.757174192193617,40.83155417141687
RAD52,18.600645571549226,33.98788191202454,28.829462302263497
FNDC3B,17.001582394146027,43.27216911900263,9.884360056380771
ECE1,8.147472051781126,38.12014644442736,14.637450462879515
NES,8.51186449318911e-10,48.79288475845047,16.4024627799549
MIER1,48.30459683152832,39.068258042183366,14.339352271400582
TUBGCP3,25.125954133209337,36.07685432787203,32.50899005393392
PLK1,1.1295405682325762e-07,25.61938825427092,43.460901316147364
PPP1R9A,15.067752021758311,14.331929995580127,47.33328232311938
FRYL,23.398934496699713,19.62776840662001,45.62806035164002
MAPT,11.620847301775578,19.290309996494884,53.817657297357826
C14orf37,29.406446339250667,21.5183598145989,48.8610025859028
CSPG5,0.0003878202949113772,21.914159909496433,41.75046658215274
GOLGA8B,6.599594860623643,42.18602774562604,10.059141571586082
C6orf226,16.1844722703504,41.59514459828165,13.836820279112496
SLC27A1,20.553808248373805,45.145587766937474,15.472268584191703
STK38L,37.31337449221204,26.970251453390414,32.11039484895912
SREBF2,2.1437908951241584,30.135520743995365,44.0168033735862
CTBS,91.55223400945704,24.898547402591998,9.232224851500048
PAR5,14.639638869612789,25.160115978180297,54.07683849405049
ZNF26,18.611530442380584,37.25604927945108,36.743705055500854
SIPA1L1,25.23694556582303,39.61258703363675,9.528167916777653
MMD,72.01208581496518,11.318496835357355,37.86499591409992
VAMP1,39.697603557972116,25.86990642872665,22.202181892845413
LINC00478,20.075824247430713,23.523295370151743,43.50549738573963
TRIO,2.1422789486096323,36.394725451746126,30.090527671139412
PREX1,47.124023768965735,38.13658803884388,20.3337960503761
DSN1,10.639413205568355,31.10898058999846,43.151950154448485
CSRNP1,63.18151600154028,29.40218918240944,13.804830400614934
ZFP3,13.601479764100809,35.2718412097525,40.23175908710725
SYNE2,14.537580939766869,30.584601733467316,41.431991725489254
TMCC1,6.81287730813134,20.444966757520113,50.91093358551758
NCAPG2,1.2156585155936723,26.803456809624667,55.384537531340555
ZNF571,6.486086705412859,36.21144303539421,35.93549701299623
C5orf30,4.360313926600901,21.96843666081248,53.512812874558264
ZNF30,26.87159185653776,24.457124080139646,41.29224061325859
ADAM15,30.312079899654382,41.02296523757578,27.140476412459094
HNRNPL,30.430700371662855,36.04772744940147,22.43410806346343
LOC100506233,20.53163196878296,38.66004532888175,29.691084288498423
LRP4,8.209990478793982,29.374705900342338,27.71544277230839
PLXNB1,3.8161676958032698,15.254540407499322,66.89393967249205
BAIAP2,16.5755719029869,46.597380665495685,12.361713112511232
PIM1,51.29708833785552,21.81370370985412,25.742571836261845
ZNF585A,9.003806398002201,31.108655630493466,39.84975916190073
CUTC,27.959601089630848,28.82259231074803,47.260196277280876
STON2,6.079390789393769,37.72720929231002,16.5006506069652
ZNF682,3.721182361919146,23.972787648077404,54.899666581724226
CPT1C,4.557689972774887,34.11004961443551,41.3669937284557
NOTCH1,0.0028690099013483693,28.05659580113907,47.289633003395245
ALAD,36.17454031528116,27.059648458047782,28.08534510742362
GLRB,5.205437286194933,29.43691441866164,39.10218124926002
POU3F2,0.0018026650509210028,35.02908916603558,29.690760766959556
SOAT1,96.19434250094056,24.522120792281076,16.46814182759624
ARL15,16.01956906999297,18.216810010806544,60.853226330459094
SEC14L2,7.802529122257201,40.394364668305485,15.72915432158453
KDM5B,8.437094607644612,25.591104493437335,42.44902106962384
USP54,8.270755946297728,32.38273272920398,36.51829944440091
MTFP1,7.117061705176203,38.183174315432666,15.98355245725752
MICAL1,75.0849162013373,15.333676774296208,48.93357286128016
TMEM107,66.31492702000902,33.03476255292128,13.77887262540736
EPDR1,0.4316793278081435,39.081093721511195,20.37755725416041
SYBU,6.868010991573039,30.48572233236071,37.0409730805819
YES1,3.382977618695711,39.51751573359215,28.726695784782954
ZNF436,3.276463085783169,32.59285189876683,29.016201301063848
HDHD1,37.45307504069803,30.69978850428349,30.884237568207283
LOC728554,0.005891577416333604,33.48565169272261,35.776298941516735
ACER3,46.21181407389082,21.099594031541614,47.60145933423387
SESN2,25.102826030874905,34.89475990076216,20.510515586315332
KIAA1467,20.240963823968304,32.296807279380054,25.636511778193427
CSTF2T,20.751528419587764,25.112361158496764,56.823452541752644
PSMC3IP,0.8333616922195699,26.919712680417074,45.697321135709124
HAUS4,80.77944523493761,34.64741219275352,22.61705183226241
ZNF595,19.617607949752774,30.81163031710984,46.427046608299236
MAP4K4,22.323036701986176,25.32639427332895,56.51297489432386
LNPEP,57.04144153969277,42.530368237830835,16.889258935115922
HS2ST1,8.538856802952134,46.768945611130995,9.000272730967223
LYSMD2,74.52070934357052,23.808916431657096,25.613989260689497
BRMS1L,20.842946425281045,27.457146607873458,50.802826477994316
OSBPL1A,27.261256433824904,24.47727746246285,35.42783982999212
ZNF25,25.729720455350144,31.49145251688838,33.056937419522846
RNASEH2B,31.374382790956425,22.693237504820186,57.929390475037124
RWDD2B,9.080380226518576,30.477483627753433,29.76533268496328
LOC100129034,15.160494425554939,40.17247152996631,14.191379607199828
ZFYVE27,26.142180981812125,32.340652997488746,43.92488919598142
TMEM216,16.585310465746065,40.90615205598581,18.96542483363382
TTC8,19.433776609587206,37.93920734652229,33.174203045783116
XPO6,31.12603206228437,40.53415359720232,21.04712374062459
LOC100506548,9.35935049068495,17.76012304174385,51.7815445991889
TOM1,55.64015316156919,33.726890484802254,30.409076670222323
ABCB6,0.3084367575107565,38.68795991108533,43.22789509740591
LPIN1,41.7694684650666,23.1090583279095,39.02236468639886
AKAP9,48.33938729629384,24.476441870663688,49.17003926265996
SHKBP1,83.23258260794606,27.870235464942734,20.530691415773695
SPDYE2L,16.10665469560717,27.55669967152848,35.430895988148485
SPDYE2,16.10665469560717,27.55669967152848,35.430895988148485
CACUL1,57.35094254329723,35.21003497377225,24.65970627814346
LEAP2,50.44451479707076,24.17730738464031,45.640143243852165
HYAL2,1.9895130791271325,31.76002699287019,33.01139816539569
PHF19,2.510925812142136,38.64028877992309,20.080051690122964
MTERF,16.68403196627034,28.84694260339416,47.91817821020049
LSMD1,17.418364510927123,44.569302642300336,25.352261851974017
FAM49A,39.76045603967498,27.608869357447098,44.82656893142485
ZNF441,17.927592312854475,33.65302026022836,38.268695734129516
ZNF567,24.82963203510815,27.189107188831642,38.06605000240199
PAQR4,7.650125633944426,15.590053005388746,57.28601754837839
AEBP2,18.75029999134538,36.29826955624779,18.91899366816302
HAUS5,19.608088057850228,31.057473910606866,28.500869509302063
MYO10,0.0002126484710198658,25.78600937705646,46.94210663220475
ZNF544,1.3127669408974916,37.83540361377998,33.34893538205682
ANO6,26.54026559285534,43.04764539431318,9.116980311208948
FAM131A,5.667967370742985,34.70656158337024,41.56319804125114
PALLD,7.487578492281815,39.79892846531745,35.665790002066856
TRMU,12.065593522013938,36.558400189492566,38.32380633775505
ST5,2.8375737280829214,42.32560441201244,13.748525471245609
ATG4C,60.17694495316142,17.523499368037463,42.040099231259646
ARHGEF1,66.53952245064316,36.05223023322571,17.763813859602475
YAF2,32.553267747925524,29.64682953075893,41.063364211609965
CDC7,2.389013621376134,23.54586867855198,44.56049554368093
LOC100216545,40.448132225529115,30.569642819436254,36.82166401918258
SLC25A40,22.694493800346027,29.93537197485741,39.33092271270454
SFXN4,17.55482801735625,36.31140099063768,37.413003425994376
GCFC2,14.663981699600889,24.04856393472934,48.97177419340156
ZNF256,5.718997514921937,35.013780243942804,35.483115127731814
MAVS,21.0035223658291,41.281124700513445,25.996882968450908
KLF7,30.30849466822518,18.095375659551745,47.09699509288672
SOGA1,11.813416732255774,37.620364359746894,36.609083077525696
BET1L,39.84578448894718,39.28384710532758,23.47807793000091
LOC202781,10.961049946284877,42.156821027412626,24.277120124550912
FAM200A,23.764869974317463,25.992398127541986,47.348058241470554
LOC646762,12.835217891229371,24.616935913559757,41.47397556988695
RP9P,0.01001282672729664,32.933407048621916,30.836708238821373
C1orf85,47.11774666129746,38.91049762700112,15.359129117748108
TFB2M,7.30438541190279,32.47481338180333,51.7583527675972
CASP6,25.98082963617593,38.433479607469046,17.211781751766154
EXOC6B,19.17278465158568,21.641301149034017,53.88029283524046
MAP4K5,22.710211963681488,28.189960910955385,51.846235072989515
DPY19L3,14.075418979428868,41.881616810801724,26.44348850477801
ARHGAP5,13.92625966817889,43.84545264944977,25.126621184836807
EFCAB2,9.473478719541347,33.26501418522204,31.54718207999877
ZSCAN9,17.536214230302114,21.12657459124189,50.927953735446515
SLC30A7,42.017437613910936,35.63758642500512,12.33942790285315
GABPB1-AS1,24.71072061140017,30.920644017569746,45.26547464882197
RHBDD3,18.259021541506232,38.18917621694433,34.742074566633846
NADKD1,4.626119569980848,42.41587590752343,12.058080317663538
SPTSSA,38.958648802506396,44.89142769869671,19.27908529501617
ANKRD54,6.980221682499366,34.73767717414802,36.134386442767536
STAM,22.86186814820332,24.88923459364934,57.83445400127052
MMS19,21.759299643965893,24.891107460935846,34.65640055415514
PUS3,13.824900799285533,23.526955133820827,59.54487547549788
PIGO,23.950950726153895,41.402642961359724,29.87845739663028
SECISBP2L,4.999520913682987,24.25702702745899,52.53462504855399
MAP2K3,59.24759039082488,31.51668835074984,29.1387135508367
FOXN2,35.10881079110594,19.381025239984965,51.99111446011755
FRG1B,35.733257114338215,26.863253344972385,37.077752500661724
CLIP2,12.252547932854508,30.097794931002365,43.59099342334674
MAGI2,10.532971385459557,19.90573701006245,51.20727384419266
DNAJC15,14.865931580437561,25.72248290496831,37.01722488596174
INTS7,5.917002046149599,24.77996235983731,52.85188934667234
COPG2,16.821682696588365,27.697967832719154,54.599523566947944
PITPNA-AS1,12.126331481818898,33.15477061070893,35.26684413975305
XPR1,8.138063839018612,24.57921385868424,41.43537992603605
MTMR6,39.47210317728961,15.152761650098615,46.250142789946736
ZNF334,7.437657577000839,32.858757404198094,35.635617617887085
METTL21D,33.91469866226632,21.31726681333935,40.141510702754246
SH3YL1,31.219450816266768,30.200991290692645,41.14091332986878
DLEU1,11.338949364764725,28.890723741261652,38.412921287916966
SLC35E2,17.886394908967038,29.8464466474484,42.61038844845164
ARHGAP33,6.3163687727740125,19.5212122990801,53.22712533308466
AKAP13,81.43211838802841,38.26695105351516,19.569665389369263
ZNF766,29.363183472129723,33.40922310141855,31.190364820144016
CCNDBP1,70.77460885632237,30.105569686400056,35.04251133744194
LOC100294145,14.004927313826315,22.41864624696138,51.81554592974024
IRF3,33.89469017483243,44.60905008044397,16.455791279428293
YPEL3,46.967053004320604,23.790712541154992,30.670001224157414
ZNF583,8.311224513221264,31.853864992661766,31.051582540705347
TSEN34,1.243358082349686,41.00642047054139,29.113318039335443
PPT2,3.2904035731936,37.57210230706831,37.50614072143915
PCED1A,28.820060340894525,45.57383429015529,23.91750924306807
ARHGEF3,35.88163188753013,29.751107747288636,30.978076165384223
SNN,29.05728387937884,24.662148978175686,49.623386607706884
HRAS,2.4983318406786448,31.050442034795797,41.33962742930967
CMTM3,39.51345503682295,35.18018999233986,19.211731497521107
CEP78,3.0097045771353286,30.68095880790529,52.01765986490174
CCDC132,38.01369032619213,25.46136296060366,41.44796794556313
ZNF419,8.107378558463504,42.44623804851724,26.27410588373782
PLEKHF2,46.66663841651971,29.53191721487338,20.986516788839726
FAM45A,8.340242431511559,29.267694906590897,43.62658642839238
ZNF433,19.490277863610775,30.569649623298332,35.79177325470308
EFHC1,11.921011582486308,39.49139970341191,18.483610675578582
CIDECP,18.207652753564652,42.15925055572965,25.98820916656904
RABGEF1,32.13362506637788,27.139429665620753,43.933096411662476
PLAA,17.07459577003671,20.12091429336713,46.30772151453639
LOC100132247,54.704548216221916,33.763469658540345,18.82985288473514
ZNF542,15.132640837456346,25.867015385787216,39.45168263245911
ZFP62,21.08084301779098,28.14871104823996,42.04498113172834
LOC100506123,9.183693712941011,30.866455672117,30.218972475773672
C1orf122,11.869081628042306,40.508568029804714,30.45429409075964
SRPK1,4.93843416109657,31.57169323387961,50.779079973844176
TTC32,31.437401384402648,37.16113465217788,38.34629688330075
LIG1,1.0515715452687726,34.08338230895776,40.51882202604032
C9orf89,37.858515445304455,37.27568396615918,27.991924444267124
LRRC47,7.512452337010182,36.66798792890719,26.134542587104427
MUTYH,25.400402955994313,34.49551459206449,39.23914101302393
ZNF675,25.3653360653498,28.397077414691683,50.25422221962717
FLJ45340,25.524733735140593,30.6682619318662,45.56628629301996
MPV17L2,12.606238223739572,37.967919015639744,29.457696864934615
FNIP1,35.80652525181143,39.50913979453264,23.118587507128684
TIMP2,26.501971331010306,25.689595571012344,33.40211377051564
PIAS2,11.809511372050494,40.841872078985645,30.465597368085437
MVD,17.00261613871803,41.60957042701405,34.7484130089648
ZNF776,26.064743799440812,37.71060927401208,32.15949845308709
THOC5,18.980498522145016,25.60997352408173,49.264321359467004
CCDC23,73.61789073453792,27.594838350513637,19.728536630612282
ARNT2,5.11630995380602e-08,36.51944565945481,47.335362995555016
ZNF584,6.478441305341759,39.5067183800476,24.131898902412253
GPR75-ASB3,16.368500878111327,23.567718192061832,41.38512653938031
ZNF117,16.3398328970746,24.557350522564104,39.77826382418184
SRM,0.9233672636278812,36.4823543682026,31.056121265889967
FAM126A,20.407291696101552,35.60411723273187,29.44174375471842
RMND5A,32.38412762208104,29.272139513375556,44.031097779507725
OXSM,24.458144177250677,38.79666134123042,27.529905016402196
MGC57346,4.84795285521264,28.621733660421906,53.52752721569701
SPRYD3,40.66093597104365,39.32432035172549,14.259731415756633
C16orf88,2.742160831942973,29.582384177823645,50.88354582466756
LPCAT3,38.29943729035724,37.13022267991821,35.318213097354565
PI4KA,18.4447633495231,26.783662283837447,44.933205064921886
WDR60,30.659279267985408,31.49178399625614,42.30394274181733
SURF1,27.29762287155714,34.11088746133304,34.89536280908228
NR3C1,69.33633342599106,31.88698365687193,28.52209227469894
RUFY2,7.945603994534341,25.175281074913592,46.555074388897374
BAZ1B,18.528551676622122,27.81791074309509,41.20010490706771
CHCHD1,32.51113206152038,33.758746338690365,27.052211117195487
UNC119,41.21866553012849,28.21966585301506,31.22108267337211
KIAA1586,17.891402103651384,21.29974279417926,53.24413402024788
ZNF8,0.20534836060900624,32.92436774039498,42.3511042592775
TUBE1,13.824194906128954,40.527657874439235,38.490347988678366
GEMIN7,17.245738887504668,40.85374556081915,31.12274386121004
ATP5S,26.922703945389344,40.848183411176805,31.681376905737864
AP1S1,10.998968658467307,30.16579470611537,36.913597276729945
FBXW5,29.598336543361064,41.20491133623165,31.543951356107947
GNAI2,60.4658439538399,32.2512629944515,24.740504861866196
ZSCAN21,20.262138722296132,24.569503517932258,46.20884052395711
PEAK1,1.2305590729163924,32.92517945085554,36.54642195559014
KLHL22,9.485366734265918,26.51242852546636,41.6988179991263
SEPHS2,38.04565725924595,37.16351528610824,19.402718014754385
FAM13B,27.720780083686513,31.19200162934097,46.59425424020428
GTF2H2,18.37623087350406,35.18468917245349,35.94210448145594
NIT1,28.60283270414662,38.50905948006938,37.51629165991876
ZHX1,30.58314317193897,37.6152561518115,31.593684981512776
ZNF222,1.1589801021521435,26.23679545026718,43.58464897947501
TRIM13,38.467802911064965,29.873050630094674,48.29129925313666
SYT8,1.3191823066482044e-30,57.30064137593983,2.017992471819481e-32
IBSP,225.77670145087365,4.3292241364081165e-15,38.44323730981772
PTCH1,1.2187270735111768e-15,34.32084636654326,51.183536377566725
CD69,504.7467979094142,1.1865740284389934,6.168707151867719
CD37,492.2853132751642,0.004210809074348211,6.279193871546742e-13
NFASC,7.217826727533716e-10,15.000669534848855,128.34704302276842
CFI,2.3824692925634058e-07,94.26537766069931,2.450779054978987e-12
KLK6,3.41374295173301e-07,1.5187277329798486e-13,186.6181148104454
TRIM48,1.8438056229000084e-36,1.4673785659701566e-08,48.5578371673875
LY86,492.86849577049543,1.0773959076684862e-09,3.6859110991273776e-12
COL9A1,2.834054734270754e-13,1.150997198133957e-08,128.2893477528002
AXL,329.5899537212565,48.31595416138686,9.295483447500218e-13
PLD4,447.59632927205433,1.3682287292884717e-13,9.390553931008594e-14
HCLS1,512.4026781612264,7.037635131008587,2.7370576603932922e-05
MS4A7,495.29078809682653,0.0002906780490654838,0.6456519485414247
IGSF6,435.8749082411192,9.249542900083324e-11,2.368389332775409e-13
ATP2B4,0.014386543276991532,18.657310415837696,119.8321708170922
SOCS2,3.783307558941685e-12,144.3323973448522,0.002279085964807432
CLDN11,14.378097887091966,4.343465924615445e-11,201.15366338216046
LNX1,1.3925416200857052e-10,2.9091329373721484e-15,158.43174018716624
RNASE6,477.8921845232245,0.0001315098267180096,2.5863186750568235e-11
CCL3L1,431.72674211823687,9.014450167250981,1.1100971100815131e-09
ASIC4,28.265079229010823,72.44597518083934,38.406793447007004
RARRES2,0.002466856984061761,48.79397829792391,86.32452722437944
RASL11B,1.5623080113862833,3.093063220718768e-15,120.01091380480572
LMO3,3.880154351483572,74.67821172560566,78.21294428134163
ADAM28,458.1569003671231,1.0611000650947252e-08,2.7212607187219454e-06
G0S2,305.68093920460785,46.97578037852858,67.75604521250686
ATP1B2,61.8581809287983,149.36662544176107,0.05766169471577669
LPL,60.98776272376758,137.66844249135895,9.307701153255747
LSP1,364.9776975665304,13.934192643679504,4.709466544420805e-14
TGFBI,399.5055305690274,30.27611253301062,5.738508782156761
ADORA3,444.98691479505874,0.01131974980006867,0.00014100987533222607
C10orf10,54.22987797697364,104.49689144207287,1.8227567577558144e-09
S100A9,413.43133486918356,0.0005400490776638254,12.47047695932981
FXYD5,338.5553016695235,39.79015985017246,11.74859163173477
NNMT,23.089923503197525,112.20099513040206,3.993324946906162e-15
SLAIN1,17.484153231677546,0.17781217890031403,224.9366073622143
TPPP3,0.0062132710275496295,45.20894732971044,159.31416898651426
ELAVL4,23.781966200770484,2.0797728225177572e-05,206.49868585776173
HSPA2,39.80125821940389,18.79741925769132,150.00431284259642
APLP1,25.66427812104442,0.0005529705924375712,204.380626703033
HAVCR2,441.24610561435384,2.742604035119053,10.289744184986397
SAMSN1,419.6146810944167,2.7671974934229797,11.571726872289288
IFITM1,89.19135598005971,92.09692914627827,2.4480545790452763e-13
EVI2A,263.3298272486886,2.753218894152264e-10,126.28072712927536
GPNMB,331.2493739662519,4.277297342106675,62.589250387857085
KLRC2,61.39674188072698,5.962794685630933e-09,162.54969717018045
UBE2T,5.951404290719787e-11,61.56357003908066,175.38675108133646
EGR2,348.86680246345367,52.55061958454131,62.61591727970976
IGFBP2,1.3394260313720627e-12,118.07527799577325,12.350424020405505
C1R,41.233337329697044,127.59403669480123,2.3079982532365995e-12
FOSB,161.51816940356906,95.68357132963567,45.71238089666498
SNX10,105.76702121855168,57.73954102179931,79.82273542242538
TIMP4,2.6959283680151016e-06,111.65409737222625,60.492378211930635
IFITM2,313.5507121482559,84.53537017427954,3.703280680507584e-08
PEG10,2.4602197175347325,55.69531880485017,96.67209561483664
NRN1,0.0023040968545873165,122.61460253723747,54.23987945971308
MIR568,46.833167744612105,72.4652388216381,123.25529048838635
CD44,192.49506454247683,109.43065459926464,4.412330727696975e-11
RHOG,383.340550823709,27.625291003853786,59.14853402509673
MT1E,53.27557241569719,149.10020872873923,0.011342641373068547
ZNF331,310.28189556296314,46.83571878132472,40.9906447702487
ELMO1,50.486196656881226,2.794583594215453e-06,191.64307237559666
RP1-177G6.2,4.570984614849423,0.07154000930510013,163.89959069761875
WDR34,2.001998644904691e-08,80.14013575188383,105.43522492515395
TMEM176A,152.08927897374605,89.92201430524146,7.214219756775289
IFI44,178.13439252306742,85.66333282815341,70.06717963585984
CXXC5,0.2969725559721296,114.64657615156786,28.27172073731976
ALCAM,127.2747431033344,2.6116716696982656,208.67877629218532
CDCA7L,0.38576128956601935,116.15330222610189,105.57936846674181
SMA4,14.844654711421448,62.75021397679231,150.89708761178846
STMN4,47.54893182639719,0.0021573842683128668,201.2601082151551
SMIM3,74.34048719729977,141.29360063617244,2.8239580022944706
TMEM161B-AS1,36.38925628030264,26.283147845432353,153.26284641265448
GRIA2,5.449887240153329,47.947143929251105,192.68293503638424
UGDH,6.624520502626149,63.592554483543985,146.80461693773438
TAP1,67.52880327358125,132.29504244171693,27.315429199838352
RASSF4,298.4223491000728,98.06194517117667,35.71862116305162
SLC2A3,185.0043709891136,84.80278265438747,39.990106412384854
SMA5,67.4957016925789,51.71373820756005,144.1514520795842
UBE2C,9.587208532161202e-07,85.75543513043051,166.01677881979123
EMP3,153.13042237632885,125.55047435019127,9.796599805171274e-08
CPXM1,3.916426238014431,98.83700723299555,126.21218096144575
PLA2G16,61.517843795911105,59.212339941669995,119.03851707042782
SEZ6L,9.361464565609737,72.79367217566806,135.08571420064507
GRAMD3,29.067605455584165,118.42727253328354,22.897940601950115
TMEM165,119.69929494189343,76.69749821654499,142.20286795511075
CNPY3,375.0124133134947,53.54180942257494,70.61980641307358
C9orf72,320.27989041490525,48.21670772049816,91.73507842092428
CASP3,34.01125556610993,126.10280008713212,81.44710871797378
NEAT1,214.82750861779934,110.73547615821097,8.046348379561731
PLIN3,82.24158243236103,144.40692862620946,18.909692305790706
ACOT7,7.560459508548739,38.01100221907959,175.80995237584958
LGMN,333.0369333837664,62.81753332767299,39.57728391176917
RFTN2,23.003805335499468,64.20716209194099,152.38267037095162
PSPH,1.2531316764906828,84.26501148484681,105.67190398782924
GNG2,62.78114412302094,49.71517986798794,182.1962054320523
LITAF,319.3445692652962,46.88046998946104,106.77188031585163
PCBP4,4.037074690674214,72.39750307742945,176.2618185568478
DPYSL3,41.15873798117914,71.0128729286941,145.1744741426698
DPP6,3.6715694689159584,107.12142064056256,108.07683613414143
HEY1,16.786007729561003,122.12914563074655,112.07855772455089
HRSP12,70.12556242245005,125.45061291191514,74.02951605482352
EPN2,0.0015453403837603049,103.93588423147266,92.69758969242656
CD58,276.18854559863667,106.49509296422555,10.403587729881735
CRMP1,23.139459542765483,48.505609869647536,188.30484720618406
FAM162A,95.52155147795315,121.52968297594856,55.5888580611753
RFC2,39.91752221551796,93.59340018737863,148.7397472951441
CAMK2D,29.648668615708935,153.88066801344962,19.147475192448294
PDE4DIP,74.76917375096471,88.35703579805407,86.77607874063087
UHRF1,0.00011827207916902963,88.03645169566718,101.42866714526598
NPDC1,4.792087901415538e-07,139.37970514791613,83.09615005650726
NDUFA3,49.35504072037072,139.43066693705723,48.02764424582353
RAB13,38.63853248409631,144.67848294749803,29.406312732785082
SERF1B,0.07180561121995038,127.00669852293662,111.43861127986389
AIF1L,3.4141561326737803e-10,109.30536623279568,131.3578487094805
C3orf14,61.537776266801636,75.3242004260055,126.47868383295052
CXADR,69.25070702656558,66.96356385928783,163.52089840018593
NDRG4,25.773047902236513,71.13612481542182,150.28095833123905
PLK2,85.63094093829493,53.98829398018337,131.10263971085084
MGST3,74.58079712745798,100.38310414969573,118.6326784009564
P4HA1,108.72790147359521,133.1056094992075,48.36496366036476
LINC00461,10.70667614079343,77.59677969457564,129.5318127759884
SCRN1,6.988945385231672,145.82340205844966,77.38302743313724
HSD17B11,257.04097743588414,61.41064630244796,80.71604032917537
ITGB1,191.22208698762105,123.31739172147108,58.50497426476529
SERINC5,32.593001166966154,74.73735566133223,135.77953374181462
ZNF92,63.96402347379527,54.531212366546306,174.76405838117293
COPS7A,52.54932595324032,121.9054451387928,102.75927990019326
NFIB,36.454626957462196,56.63758201376332,151.1183156034203
PET100,57.39660266450778,131.83226315830672,87.61420270684802
LOC100128252,20.63412778603413,141.92798521247815,82.01353411813355
PDLIM5,14.15036766887736,131.66884253651762,88.33594737120468
HEXA,302.4555817065517,100.72006194527869,47.18231258382007
CKS1B,0.40638574442376635,107.09927677305416,155.74236355195498
CFL2,29.79904722385942,90.97823261836002,152.39471301936194
ARL2,48.7629426429154,100.27182932049446,90.8475453885222
SLC16A1,27.319879520974776,125.7550236166298,79.87886105176828
PPP2R2B,0.00020254622126338257,106.00021750455477,126.22365269277765
TFRC,109.424786913343,132.07768211019726,60.81594399416844
ACTR1A,45.281223220430505,77.2832701328593,174.44114958337943
CIB1,203.926751375039,124.0650857052796,8.764349491858184
CAPN2,69.55842512516098,133.74277453288832,37.65579526064522
ASPH,48.910628858170966,136.00648888481854,65.96548261956588
KIFAP3,35.70778185223626,96.68857189754074,145.61338473527147
DDAH1,0.0004683767311093279,124.93127208285586,59.180093731610775
TMPO,23.53123979792141,73.5326486529215,184.09380536896208
ZNF3,38.52194580235436,73.89046273857333,174.3423969340276
PFDN2,35.568764725089615,90.43976332782395,162.90119914805712
VAMP3,220.41998305046442,109.15023967895165,82.06089866829515
MOB1A,293.36206465260085,77.50330343708747,55.292666401175936
EMC2,57.25256579466714,118.32314636851247,112.87787166104481
C17orf49,61.278780957906555,124.5211737093435,106.16955449198218
RNASEH2A,5.069498784250349e-05,97.23359686792871,109.763302748395
POLR1D,98.97958110047753,88.01777796270459,144.68213930285276
LDLRAD3,0.101973962916884,94.04954135759738,107.48247523077949
CMTM6,275.2756448347891,73.74639549003022,75.71391362341778
ZFAND2A,98.68104957032624,80.57204206379821,103.63461679402147
QTRT1,37.307631651197326,153.71580208719078,61.13454309051396
C19orf48,0.8596257292917846,128.49015148309203,122.23246059928147
DNPH1,64.7264174638994,127.7245466769932,43.02016846510031
BBS2,88.66602183712195,142.88206231748987,79.812903107716
SRGAP2C,167.22884080956467,103.99655238632491,80.8928229011163
NCOA4,251.49526348050279,83.9944196978028,108.39686788657716
DFNA5,111.7210805104446,75.5738026984059,115.3261854831013
PSMG3,70.17293717446054,105.9126573354851,88.0220398500278
PHPT1,1.1737404526562163,129.83222812672537,96.79070012850919
TMEM123,167.39665221527986,92.20308396616055,127.28054134727304
CAMLG,37.47957033166766,108.76362058027223,153.8310907487088
APRT,169.76613319637147,108.71250228698172,64.76448372928874
ZNF302,46.718103480311974,131.38642912125601,94.42460662647689
AKR1A1,265.01803600173906,89.39314885330462,80.40924188165121
GSTO1,191.9392029573244,74.9562435883764,98.83162488410287
PLK1S1,41.9120662838805,75.70624089805212,136.58459287820358
IARS,41.37614895524494,134.1902266583401,100.42064693914888
MRPL14,26.84892712380915,140.120892793725,107.23172226560825
SLC35F6,106.86438496048183,103.32518885825726,70.28932330153569
GADD45GIP1,8.039750257942131,146.7076793868196,75.2038389942104
FAM127B,26.669717708180432,121.64822349295761,91.94256453998497
MRPL43,37.64848934283364,101.87133987927035,127.33281019120462
FAM3C,35.61631601191546,111.59537247632207,109.86993906083745
PCBP2,60.98330320486665,116.75730157155694,123.75692646396186
ING3,69.00707494324075,94.19632614068263,157.62282967472
MAT2B,234.09405934103606,112.83916310696065,70.98497765517993
POP7,20.24957343714369,91.24935176837249,151.0144297984453
KDELR1,17.55868962208383,152.80949230715564,72.30650836384797
GTF2F2,40.372216386304004,102.96797882239582,142.64925328415612
PYGB,80.04362961897154,118.7345386545534,80.32197047605386
JAM3,0.0025838527730514186,99.07524256735722,125.69443068525229
HSPA13,78.59783227009987,97.57562252326916,146.439695765732
PKIG,6.6423212644429075,136.59695807567098,63.82611426124424
ANP32B,88.84710498495781,89.49673541773424,151.4163074329195
CAMTA1,46.66281300414326,111.90115814230852,90.82430035254724
CRKL,32.48164610906942,96.78609393328365,140.67580196881485
TAOK3,83.82643574190466,86.65166977774395,122.87340042395878
CCNG1,112.29785330531479,107.37306539313494,125.56729846363571
TPGS2,11.236753416026247,83.66504528403047,142.15385983087754
PRKACB,109.96628594001429,94.29466269189493,134.4384126413729
CASP2,65.57384046891264,82.24266247989652,113.62743068966206
SFXN1,4.776689463392771,106.39424270908768,156.46981075757446
GNPTG,144.65681452412522,127.25884443850731,66.95304848889496
TRAPPC2L,56.28055566146997,110.27570294310574,112.17479217601546
SBDSP1,36.01993829390426,107.76606565154061,102.84743362596605
CHMP1B,224.8902930909968,62.064934360433234,118.24178886264525
ZNF32,17.507693877328723,92.16117104499935,145.02543742085217
SLBP,45.72386426422955,105.96444321432932,141.0162036065914
G6PC3,28.22745908793295,122.55028848226098,99.04602700632782
LINC00493,54.79163692812865,149.4002372886938,78.5531816008531
PRR13,246.58919321353628,95.41265416942494,62.668531921499614
ACBD6,38.32640913282803,97.3007758179995,121.7483289679286
PEMT,13.433454856956208,113.3743308936587,99.31908277380616
CYB5R3,67.16263206698642,90.43659534128456,107.90927226343311
TIMM23,38.17004141047105,105.2678112528008,135.2791444036724
CRIPT,47.05515198339805,69.18367418274455,143.64782509089045
NUCB1,98.44122964926767,141.5152166165293,43.3694129029106
EXOSC10,54.14873216234345,120.92352593066465,96.31825136153113
C1orf63,188.841860140669,88.70543116680285,67.99302531327444
MTX2,80.41761384868474,87.91450326097103,162.9391641083618
AZIN1,121.99992453529653,87.5786459751463,153.93696691986324
PTS,21.396867828752768,93.98285258246423,152.81835377228794
ECI2,39.88080470650917,122.21871928604331,66.45322746115603
NDUFA7,39.739079225460046,141.99554997328204,77.66436413254172
LUC7L,69.88888454216695,104.82774127003773,138.08585611460452
NDUFC1,86.52448567870782,145.43497779332532,82.63376671698194
ARL6IP6,44.682823111652375,95.16002594901494,142.3745835272549
ECHS1,86.2699723424427,113.01347842731403,105.54967270310156
POLR2H,3.2144950300411144,84.22232994404749,133.07466834772185
GLRX3,58.123669961214574,106.41920373632554,136.18721533156813
TIA1,63.19892170755104,70.07242867071686,144.7079050584101
CSTB,186.67703018293986,110.32902925504371,49.71177917514072
SIGMAR1,11.693230623769432,103.1654288763396,149.07503225273643
RTN1,0.0065413823181782555,99.0289876753953,74.40357473562844
COL1A2,2.0847891928137147e-13,173.0365996174961,1.3507822818816523e-05
PLXNB2,9.244779572280212e-05,173.37133057100704,2.768298289430076e-10
CX3CR1,913.5560933691612,8.998830346642127e-15,9.542515420532795e-16
POSTN,3.796985218799824e-16,221.8071481320345,1.9387561287427284e-08
MSMP,4.097196902009085e-19,127.35952666888237,1.4228886372314975e-17
HLA-DPB1,949.9836325529977,1.9468610880253715e-13,1.7708083519318282e-13
OLR1,974.2649815436915,3.363707369707586e-05,2.587752382176881e-07
CSF1R,1036.9979779528044,7.506583387624432e-09,7.019070788403649e-11
AIF1,990.2563624060033,0.002547522150594119,5.747870896878748e-13
DLX6-AS1,311.1740503876084,1.9522520059568217e-13,219.49400516582037
CCL3L3,959.835843348288,12.160586061702029,5.578908663895223e-10
TPSB2,703.8816189539451,7.287279659970382e-19,1.0814259519434946e-23
APOC1,967.4394457110809,0.7672617930052701,3.223305450535143e-07
TPSAB1,693.9427138376193,6.144082498699664e-19,7.858501307665766e-24
CCND1,0.04024942437677715,93.43692915043331,230.84725570933352
CPVL,917.7320930316087,84.58581446248559,0.001786324993040361
CD53,955.4216372888493,4.583923116282859,2.8620805628596367e-11
CSPG4,8.035727550484367e-14,172.59973743306296,19.492342387004786
TMEM144,21.188465659524095,5.639791908213298e-14,302.4437409183394
CNTN1,3.471146964686666e-13,58.37245832005788,326.48249255751716
RGS16,38.00187873241352,74.00729643906692,148.16875205243204
DLX5,178.0220992544866,3.701352433860925e-13,223.83388918158653
IER3,827.3782073159042,2.147218034861764,8.614803893212002
ADM,91.35254338924673,217.1678786080215,61.74664084482985
CD68,893.1511305390462,9.35092595333823,2.098676084115601e-05
CYR61,0.013449960273664557,243.69245647044175,0.0001618045744954479
PLAUR,673.3851983874806,46.27917282600095,44.32725126861419
GAD1,4.13035875974932e-13,3.719350608018794,242.28723574982416
LIPA,847.2378337530947,14.17037442370581,76.49758839133412
CD83,695.5775645131877,1.709285156379675e-05,109.46355150316006
TUBB4A,0.16870903743177615,7.636939689201282e-13,371.9672217610591
CA2,18.454449517654464,76.73070365401222,279.5547568961488
SOD2,491.61438600684545,227.4742306724515,4.988783817502594
LPPR1,4.946804577811136e-07,1.2823820991045002e-11,381.24165630393264
AQP4,7.676567751293238e-14,262.3541024896882,3.7702253418158984e-07
CD82,0.3053435286509489,217.71956831301574,140.99104748287274
GPR37L1,0.13870794968584219,231.41746730921642,39.94031645926198
RCAN1,57.258911386138685,252.87840346536223,0.0010155606295964167
COTL1,456.6275635195691,172.47624455631714,131.78671361557087
RND3,256.2748315148625,23.352547223487093,239.45038716620283
BST2,302.806404466656,190.34347724147725,1.0866789657215411e-06
CSRP2,0.0016391800085207029,348.1967861889011,8.705103778170745
SGCB,58.19969140304116,86.82324295513472,333.57046407966413
MYL12A,445.92775487912957,227.0046026016386,44.51588159186754
ETV1,0.00012446867418398414,118.60776955242152,320.765912888005
S100A10,308.556677750368,297.8323558037226,1.2789340842664316
ZFP36L1,469.1075899271854,179.55711634825636,15.587735268571473
OCIAD2,123.44624452975616,257.3331289243982,7.783170328619014
F3,19.714700018032403,298.8318825925782,2.4155503961301183e-05
RAMP1,147.6389515002785,255.8920036301051,86.57461140980338
MRPL51,23.554307107253475,209.206888634633,225.2603697673016
NDUFA9,74.9302804037311,184.64844351307926,214.10634464520516
RAB31,128.89784622022816,207.4817626155887,223.79423412287883
TSPO,633.6368579512654,155.57975524532216,128.48387597539696
ATF3,331.55682242686953,185.1374682932782,68.93453633351143
GSTA4,21.16112744154769,95.100237756394,382.52965324206497
NREP,100.66404951730284,146.00215904350625,283.94962926232523
ITGB8,83.2497813215253,279.79073367103007,102.87396266914935
NEK6,24.04367779860219,276.9766551731023,66.54872463729626
MARCKSL1,19.770377526009813,116.60935395176152,398.5916105435548
CLIC4,153.55103478599946,280.47556916910594,129.33887900728502
MAP1B,119.82205776268911,125.72336598531149,300.0763055127278
DUSP6,181.86304168262419,247.72811634537513,139.2214497266204
PAFAH1B3,0.610501659022228,183.612223667624,310.9731296814939
NCAM1,23.531345033685316,84.87289782439349,347.4209882310563
CUEDC2,45.63191531601711,172.84346164564676,285.8770616927188
MARCKS,180.53036927624598,143.18344325624042,219.33144004160644
TOMM20,101.76118175717977,185.41145622460854,270.599015766094
DHRS7,534.0729502566678,119.07947548980727,184.37874485500782
TRIM9,0.010967398645315896,250.23962879236623,148.95985701851578
UBE2E3,48.452230600948766,130.0897499116891,333.6367944027882
TOMM7,230.6930697028912,281.1453036427637,102.71963601387904
BTG3,88.49353502612585,171.79870699837448,309.25598693859536
HMGB2,78.62908044058808,166.28798629499425,312.7245988785456
PRDX6,119.88020815903664,321.9527747096054,91.92287478930831
LAP3,232.2696778968622,209.24296696774144,112.85646641138038
MPC1,147.15372016773668,270.0907898843692,186.52806570698203
APP,34.50110225003619,280.22792585233117,213.87942462046644
IDH3B,154.47991316569312,264.5397252134233,184.13944009702286
ARL6IP5,477.8149390745721,182.08726427749156,225.22956411469417
ARL2BP,48.5820519968394,209.4116325486434,258.6034367040004
CD164,423.3211750747814,249.5621943787456,79.64884486431603
ANKRD36BP1,256.8087572683928,124.99740012914556,249.91773583409716
RCN1,58.263215667288705,265.40387243331094,199.79600017355204
RHBDD2,96.48814694720772,244.77561428509526,239.53810605503259
TPM4,164.97079017414262,228.39264911362298,164.14870333335045
PRCP,190.43451958461384,251.99863358599785,218.34391718460517
NAP1L1,141.2029096105703,175.7500669560767,256.32101693832755
NPIP,110.53156835921976,217.76533864006248,245.33821507923807
SCHIP1,1.2624553301594852,200.54953161388875,292.5424250241221
NDUFA12,176.69502003651462,232.8198071909345,225.85719469565615
LIMA1,0.4303534135711064,166.08444790026573,265.85229530089833
H2AFV,51.154072486750486,170.456124304285,284.2085745634497
TBCA,65.81713797260238,246.50683510867242,208.6839569487432
GDI2,310.08693508062254,171.34817997537203,248.16617138935544
SELK,256.27266235421143,213.83080742752847,261.54624268460344
NOVA1,24.39302650380125,215.98968442647106,200.06569881317853
CXCR2P1,8.589337673008458,1.5110532524453217e-13,7.097035853622206e-15
LINC00426,0.9444992387182415,1.1293497700329511,4.855309032994006e-15
DNASE1L3,8.329987203644388,5.990848164947166e-19,2.851059175998394e-23
CYP39A1,3.1936204482007153e-16,1.7563152920822782,7.285889391189262e-14
UBASH3A,3.68779787016953,0.8494731054170662,5.750675801839678e-12
ANKRD18DP,1.8012097532318018e-09,0.7805347174160521,1.4290622342535024
OR51A4,0.6498968718656944,2.688888019856535e-13,1.2978036197034324
TAC1,0.18005177977552944,4.1778119174944145e-17,2.2553178381344443
NEUROD6,1.835085561081908,5.959385319634546e-13,1.8737811888773395
NTF3,1.2779398407218359e-21,0.6179860501790602,0.579849866131428
CLIC5,2.2073468175682645,0.9150062203060004,3.287039568662633e-21
ELTD1,1.0208060942897082e-13,1.5749720247206729,0.0003609184301713454
ACTR3BP5,3.301329925643365,0.00046921900629979683,1.2676937218733768
KIAA1462,6.58480830822969e-16,3.470858470574408e-08,2.4867593444284735
SOST,1.1159711493223719e-12,1.2234154939607014,6.037882821888637e-18
PTGER1,1.398414064327102e-19,1.246681851121141,1.5255146163553592e-17
LOC90246,4.1461682964143274e-13,1.746731033178845,0.01376987291502472
PNLDC1,5.991157834613801e-09,0.40877856482458164,2.1438391649796325
CDK15,8.648397811365848,0.2158283614282402,0.0003291015509306685
HABP2,0.018792609336682187,1.8314151213787258,4.950257859768769e-18
TP63,4.172295747172632e-16,0.32461352033077967,1.304172330653466
METTL21C,0.5466003865044909,0.7118133234277642,1.0973059303679855
SGCZ,3.321870163419607e-19,1.3140408072394895e-09,2.602086924619112
FAM92B,1.5178499737320112,0.3957685948987344,1.1304734823787668
OR52I1,2.104799578492623,0.8812984784039916,1.2423454786480535e-15
MIR4800,3.585990461850669,3.622020458516022e-14,1.1230254573636775
NTSR1,2.4802331419220904e-10,0.569406755474467,1.2595573391651633
NALCN-AS1,1.1518597780535265e-14,1.0923988561815046,0.3295794292182646
LOC286189,4.5096569186193745e-14,0.6638440611669667,1.9096464593354483
CHST13,7.71393480507957,0.22995707725316528,6.8765877592298805e-15
LOC100132111,0.6194822771845724,0.5802141730014877,1.7062857642233302
GJB6,7.554297058288414e-16,0.6198891267540088,0.5275654045767225
REG1A,5.7887215082935974e-24,1.4461983718633176,5.422014704530371e-10
ANO2,1.1848616711858153e-15,0.727325997786724,0.6199820395025057
GABRG2,1.138773209010875,6.929584792408029e-12,1.6119318240683
SUCNR1,9.903637946777899,0.06902957406540992,3.1364244238021786e-11
SLC14A1,0.00501377419570769,1.4072740488746716,1.1792479881800855
SNX31,5.889167077980154e-14,1.5599828731730498,0.7565731419985117
MGAT4C,3.749444253738366,0.279330817563378,1.268617518257506
FOLH1B,0.7786883980597928,0.008620230815881846,2.7869719241243724
SNAR-G1,3.8164632258771593e-20,0.0001556429457707318,1.597549983950527
WBSCR28,4.842014874314913e-16,0.2633176055733335,1.1783740887119998
CD79A,0.9431345613820888,1.001302652810144,0.6815830137415565
MIR21,0.08121263618166895,1.9262594217536355,0.6978654251622208
GALNT14,4.356162685305842e-15,3.3662021952122464e-07,3.4333733169910214
SFTPC,0.40470484180868865,1.5890783520238793e-06,3.540248980348424
GABRB2,1.5240467301526974,0.5325585354244325,1.803018984252283
KCNQ1,10.622687890768798,0.04032342497355618,7.64169692536922e-12
SYT9,0.3871017194567736,0.19935790565779865,2.9797541652142803
ALS2CR11,0.25478118578483827,0.014177069168454973,2.8845100198681046
TPSD1,7.362785751280803,2.3407831525350384e-15,1.979982831805156e-18
TMEM233,3.157656212183041,0.6183573981947932,0.0038012591790891137
LOC100128881,0.8385678471283712,0.5814512557412999,2.0705059832276396
ADARB2,0.4640957116968762,1.9074710679988e-06,3.864389866829798
MRVI1,8.858188162676479,1.7709777575404478e-06,1.6730940753786645e-06
IRF4,4.4842471479622565,0.6832560419635395,1.5812832805158158e-13
KIF26A,0.18595079810361562,1.3064160838128323,0.3622750829172804
TBX5-AS1,8.198590549964301e-15,4.4174991455378743e-16,3.0387289676310716
AHNAK2,4.600158485526228,1.3561619247595593,0.01314628365034627
PCK1,0.8707266102831103,0.2602463410267626,2.0088110139470463
GAS6-AS1,9.079282326712287,0.00013623353785674453,4.3856314876211264e-12
HKDC1,1.8293644541110136e-05,1.9181667510987328,0.7455929612313466
LOC285484,5.797348689305991e-14,1.6376714071453888e-13,2.554350210021738
OR52K2,7.109902696985448,0.18638971346540428,5.733815000515718e-13
FLJ16779,3.318757382219186e-12,1.92243839582254e-09,4.294345139121978
LOC100128420,3.5028464843738667,0.8868197106176204,2.9271881257475468e-15
NTS,1.732936727075338e-21,0.013920793644750648,1.6266085836108588
LOC100506895,2.518175551078106e-12,0.4937937194541883,3.018602034995535
ACTG2,0.609433741566668,5.3432821730017505e-09,2.768515708656082
GJA4,5.30696774624773e-14,2.0915913015668814,0.001223999236321733
SYT7,0.00462718302979837,0.7320935465481159,2.209251004778492
SPHKAP,4.9378533185471994e-06,1.6593322839893059,1.431609426579303
TEKT1,0.07390678684897077,1.965862969507466,0.18646156236879244
TMEM114,1.5199851494779074e-19,0.8450570723650248,0.6398805738111888
KRT19,7.075118861286094,8.975482150072117e-08,2.2021690588850874e-11
MIR3689B,0.7182032396554408,0.45466113143497555,0.7556259416742841
MGC12916,1.5876245726730253e-09,2.503241814840109,0.03931445065607211
CLEC1A,6.9087314001752675,0.01628197546078478,0.8600553935294328
VSTM1,8.512072659241408,8.830958733326019e-15,1.0787204131217931e-13
SALL4,1.1796295120259666e-12,2.5546476973256294,0.015890035990539404
WDR16,0.35154653446581735,1.5229143447743514,1.2712161402757511
ATP1A4,0.48467603208011767,1.5442731338251732,1.0781270056325076e-11
CALN1,1.068275733024182,1.163674819242193,1.482073861273963
C11orf21,7.482867099579276,5.257164499094616e-13,3.732913828846724e-05
AOC2,2.207184862902894,1.495858133151256,0.2460522466176585
ZNF474,0.7426791568017745,1.4985442418313553,1.4364180157047621
GALNT5,0.05308217575359458,1.7936791876846536,1.9811848631232128e-11
VWA3A,1.9377299810770048e-17,1.5010521431498862,2.2916704425191787e-08
MIRLET7B,3.202583918039157,0.00020375289159802962,2.9287738767690548
GPR139,9.138459888436247e-12,1.6060243986799563,1.1569326210431763
TMEM221,0.49485686118368677,2.244678226588204,0.6371495223209995
GPR128,1.3171301070221098,1.8809070907971595,2.4741386161501565e-14
COL6A3,1.0498412167280112e-11,1.158153284437911,0.12017452987954999
BNC2,6.808759518731516,0.4648742756801497,0.48039587050130883
FAM196B,3.3784258823620683,0.0005634834043877871,3.016215190052808
TCEB3CL2,0.04302979840214245,1.3583349444929351,1.2724934939066535
TNFRSF18,4.2951385085940865,0.7946848543153476,0.7199514238842438
LOC201651,1.0040929366579148e-14,1.2793932604580893,5.103052498535672e-19
M1AP,7.345797493838688,0.9555382840661925,3.645539878895885e-05
GDPD5,2.169559710322171,1.6416002514947674,0.7259150613362602
SNORD88B,2.085341221330737e-07,0.013075059801380283,2.7214971492532474
C9orf171,0.7012023227813914,1.5289081604018822,1.0488313613023144
NKAPL,3.6718983713213773,0.7058924160237664,1.4592536799645597
PNPLA7,1.2526656837837782,2.284935028623033,0.4961889211836969
LRRC18,4.285164133180727,0.3072944976507051,0.3274890244452811
INHBA,3.8661190886722685,1.1454459970070585,1.3119915201443646
COL4A4,1.564126349564281,5.148561514009325e-05,3.4173512789575784
DOK6,3.287393713561879e-05,0.0004379911447530872,3.607376210803863
LOC100506795,2.667580065979819e-13,2.023106953242588,0.3673466424824893
UOX,0.3319576908483598,1.9470443341169112,8.032870293475215e-07
CTAGE6P,0.032894642088779964,2.0110299658408977,4.049802840176875e-10
RUNX3,4.6775427465479344,0.8502468136135909,1.0739691520333117e-11
KIAA0319,7.032294808443839e-12,0.7507013445476038,1.9671669393251918
CD7,1.8581803627739497,0.8768222002318378,2.826910775284064e-12
SLAMF9,4.524550939422242,0.28896037152894244,1.299727274389573
REM1,2.3278124887390095,0.37969824196138424,1.4518180564289973
DACT2,0.030477017246600974,1.2452297538435637,0.3658663453801441
MMP15,0.0002811358061744459,1.121549745036378,2.7985465592442647
ATP6V0A4,0.0010680022348892643,6.52163294831858e-11,2.1557834360481523
VTRNA2-1,0.001077497948835289,2.670638981764953,8.067372715718056e-13
LIN28B,1.0534909713250103e-13,3.162904650674314e-05,1.8968666340084073
CYP4F12,2.348633703957013e-14,2.25823235716832,0.08159735835936548
ASB5,0.7336467704662185,0.0005128916697935924,4.068505484592347
PDE1B,8.537019620735975,0.0015189468669588055,0.8673143776472115
CCR4,4.663894811791461,6.215920657028136e-13,1.164803484728919
THEGL,0.1167577780162546,0.685683992261335,2.052801088617834
CAMK1G,1.9077550169758814e-15,1.9565268270224896,0.2978828625108178
FOXJ1,1.0009879583679164e-05,2.798525564366346,0.13768411604980604
SLED1,4.851827527862907,0.10179516871025336,0.9023497205411039
SRG7,2.3174052606346297e-11,0.607166315444406,2.683527633964612
GABBR2,1.1408233124144092,1.057252771866377,2.689073206479988
TIPARP-AS1,0.6960990583195079,1.9606402963124914,0.21054338848328907
ATP8A2,0.8536191444408276,2.254938171933851e-11,2.2665776690669017
CCDC88B,8.914728586013142,0.537616890466914,0.012493265038529667
LRAT,3.4445712523818868,0.7486498649816002,1.845083680057744
CHRNE,1.6310533596191807,0.8286419953894034,2.311812647037726
CCDC141,0.0008619456097584362,0.8720271016601887,1.0588639713887549
PRR18,1.4546066810637943e-06,0.2674167182192387,3.689734420157499
C20orf118,8.092871902081328,0.8461959969084033,0.11732294925468625
SLC45A3,2.596504286861177,1.8004459357050315e-05,3.878237215418329
SNORD97,2.765531438486072,1.287118217899832,0.8152711901495554
SNORD58B,1.1665476862679077e-13,0.9474045083414543,0.9120541622686716
ISLR2,0.5694605973312519,1.3230622631375597,0.700838068995843
CHIT1,2.907535405774464,0.9148920400303865,0.21090914422151702
PRKCB,6.280194501964402,1.265372704909033,0.19951051079271961
SLC22A3,0.8102444632425695,0.25034060046886164,3.0185158184824705
PTPRR,1.3661513438403863,0.9051537552685863,1.8324211099619137
ASGR2,8.54358431741931,0.3014030619302163,1.5605644184995566e-06
KCTD8,1.3102406506319948,0.4629746250964121,2.701151516883166
SCARNA10,3.8168023232596506,1.7036564377335603,0.6857851420843752
LOC100507140,2.0900884370607113,0.0027015673328831947,2.6115631109059136
LOC100132891,0.9549101175378121,1.5640737802490594,0.022947592947575732
GRM5-AS1,0.07641644538896111,7.156438349025288e-12,3.137040636361434
ENPP3,4.672033172336767,1.2977913907058856,1.2020081270729204e-14
LOC100505875,1.099404392085609,1.1128038611222428,0.6432029880361976
SLC9A7P1,7.928611341818556,0.009713395202637774,1.5407063404841779
POU4F1-AS1,0.8908433027243093,1.0375665379571768,1.6189606810752233
HIST1H2BB,2.275274608433733,1.8082409873902252,0.7179471096993268
CDH15,1.1707419011118338,1.2661962155688657,1.6515352883375527
VNN1,8.347365591266037,2.6482006860235804e-05,0.22980935266980626
TOX2,1.8759318662007818,0.9797301437251508,1.5341520881392474
IL20RA,1.9373641783934092e-12,1.631703164316684,0.7546464759103839
SNORD113-4,0.0016617945933546212,1.7658117808594536,0.03847616114964305
CDH12,1.7929676583758192,0.00021136779656941407,2.4117093068700695
EMX2,1.7414509515542107,2.534020226368307,0.34221827690289364
FAM159B,1.4835493257721582e-07,0.0021786244034951627,2.3815688188467408
HIST1H4A,5.925452909950552,1.0768105382216953,0.2926494568620541
HEXA-AS1,2.3869103341125295,2.355562459737419,0.39164287282171883
RBP4,4.222227085005493,1.2026756523800324,2.7680109281446586e-10
COL15A1,4.889532250925304,1.0839167881147165,0.12987850480891847
CYSLTR2,3.79536989153059,1.2935202189319273,8.334723391122099e-15
CAPNS2,8.074143896106523,1.6402786641699494e-07,3.5617897313132976e-06
WFDC1,0.7500191315163159,0.7929391233780555,1.6823593688320415
MOCOS,1.8351834785269505,2.1624523223712817,2.188236138478166e-05
LOC339524,5.32401396800435,0.9808370159822115,0.13936651468004396
SNORD31,5.080186322975758,1.069529557375101,0.7883841038104219
EEF1DP3,1.37951691071275,0.5479135653508567,3.402059702938209
UBE2QL1,0.5108935914329458,0.4084287755693126,2.7459687147494654
CUBN,1.3753372260497284e-06,2.666115981866167,0.09512968354141052
RNF217,4.848813019246942,1.4134717032522515,0.9497151689319954
HIST1H4F,5.524944401260223,0.8028366180241964,1.0285760102469301
ANP32C,1.6921309096368902,3.228632055728304e-11,2.7768150942634415
SNORA52,6.749694180242781e-13,0.823447114336741,2.9183262635531126
TNFSF9,4.591036540457818,2.1866639480385058e-07,1.8966121251074355
BTLA,6.016381336318208,0.17540805278195182,0.5956162093143003
TCAM1P,0.8745460095491039,0.7944289740434479,2.2361049139369427
PRDM8,2.5702347197529782,1.7509583024199874e-11,3.1476901701230395
C1QTNF4,1.6511859937091613e-11,0.8724267437409887,2.4481530247228145
ATF7IP2,5.585442274882142,0.7766298435326584,1.4356481478770082
TNFRSF10A,2.833952121018765,1.34692059971803,0.20072138710109946
RASGRF1,0.6445043477986394,5.67184100987786e-13,2.9466212589984995
MYO3B,0.003422918181749948,0.8184237834711781,2.3633629854980858
TNFSF18,3.4360725460296373,0.5139449925218328,0.9264647340844118
CENPVP1,0.11091530402671713,0.0008663875868381921,2.4748033302838306
CENPVP2,0.11091530402671713,0.0008663875868381921,2.4748033302838306
GPT,1.1695800016275386,1.6982371178722429,0.12037362593207426
FLJ31485,2.345069638442912,7.697010586747028e-07,2.854827249528567
LINC00856,1.2822532141655187,1.4855384160021792,0.8212896939629564
SHISA6,1.3542226989136985e-05,1.1484267775786372,1.5873289323761188
EDARADD,0.015671134928860433,1.3703625628777099,0.9831111413466245
ANKRD53,0.20527358625472483,0.6357829531579631,3.343740784242481
PI15,1.6672245464509679e-12,1.0536488857320874,2.0688198412602485
MCTP2,2.871797172463152,1.983805623762768,0.3773698158591538
AGPHD1,3.032965579410131e-11,2.8886110731181427,0.34217113717433784
S100A3,1.9634529321359516e-06,2.0745127367808536,6.433302407137431e-08
COL27A1,1.60067628512371e-13,2.460545172824892,0.30067102850699606
SERHL2,2.541907079079782,1.9430306199331577,0.8355506584147678
BAIAP2L1,4.153720807376323,1.445548338717645,1.109218225299548
ZNF33BP1,0.9884411867089913,1.0875929823867234,2.4782563405400855
PRRG2,1.0722196001339799,1.6437267242170803,0.05278508652262025
CELSR1,4.1685659246815495e-12,2.01229218044927,1.1257020129680935
MATN1-AS1,2.9006090313618675,1.8235841372845678,1.4227062557935708
TERC,0.7033017719794596,1.3846788457123864,1.3046448984702648
C7orf57,0.0012149274219346413,2.101249034333543,0.0652312205436277
CXCR2,7.978100486380652,0.26478205362437446,0.5957306451925474
FAM178B,0.12831130677645602,0.2099864670603392,2.8893399817155196
HLF,0.37304820346466994,1.8628601004627567,1.8213280721815275
PABPC3,2.7387632216846383,1.6461461531257209,0.1870208611868932
FAM124B,3.7239699689870207,0.6478307748062392,1.314627349574517
SNORD34,0.01064813071069397,0.9174195474040652,1.8240406177837811
LOC100506178,1.6444754086172282,1.4380589689191021,0.2682799341712874
OR2AE1,0.8859752288606803,1.3098016106703552,1.9988800501805994
ATP13A5,0.769066165525441,1.8366270253748422,1.9875579852053797
CHRNA3,0.6377547238993899,0.41553729608911805,2.7725115354429013
C6orf165,1.0121059267503685e-11,1.6306759576281238,0.9816013994826513
GPR45,0.0010390162123211748,0.15654550243348034,4.144887760309089
TTC9,0.34346057906316385,1.2430971493859355,1.3994002786101667
ZNF556,0.22424608301669122,0.7652755410678458,2.8557648136851106
OR6W1P,0.46174681142318486,0.43710726647276804,3.6334412346813294
SNORD58C,3.6802464373881665,1.7753668831197684,0.7349098763670038
LOC100506497,6.471824827509921,1.0695804147912202,0.9730432239160137
FOXF1,2.767410733488553e-10,1.9913480484291224,1.005926313450155
SLC22A15,2.979114622218351,0.37837717064936643,3.755469107385941
TP53AIP1,0.18347640138687057,1.9977324594673092,1.8067033913814516
ZNF534,1.7923974899657426e-05,1.6335623654701317,2.2990510892235037
SLC35G1,1.1900339080289973e-12,2.3570210630204627,1.1270646431811582
SOX1,6.76508106201326e-05,0.9458017868722021,1.9161255993789217
STON1-GTF2A1L,1.961593000342378e-12,1.4159155181632748,2.1839600305876443
EHBP1L1,8.279259352679917,0.5489724015572419,1.5468894098138026
SNORD28,0.6190527140539158,1.6823522061298033,2.50801536997123
PALM3,0.060741436148180346,1.5820150805118214,1.5043177912046197
ENDOU,0.3185898658611809,1.2209262186549619,1.7473307695257123
C9orf170,2.0876362761947167e-07,1.1707532572172883,1.4524447738060147
FAM117A,4.879379954117697,1.5386594765622097,0.9278341522060762
SLC6A13,2.3552158017339217e-13,2.2507085257423998,0.738893915462444
GPR160,5.861456478276626,1.2577487035040573,1.3181320561935992
VSTM5,0.2743964575682136,6.078127305618696e-08,2.9409414896110175
ZNF658B,4.600166376343056e-12,1.3930492975370294,3.1071394349132846
MAPK11,1.1345323263855436,2.3055506479919865,1.2601427410166244
LEFTY1,1.1390213965111851e-05,2.5169565727975183,0.6233657918420576
HECW2,1.0109881730705592,3.428856246329589e-05,3.6323779808659657
PLN,2.113258848180344,1.1578780750489928,1.8899377280631773
RPS6KA4,7.609557260760954,1.2093767954645032,0.7331530780270213
JAKMIP3,0.6209412546666778,0.0052879743888573525,3.5585601399992473
SCARNA5,2.2075590857992594e-06,2.0151888935248308,1.1475071487268074
SNORA14B,0.0001625015796165698,1.2228862971589396,2.810363854874402
CDH1,0.18054224013727488,0.7386677235784782,2.877558762927133
PA2G4P4,5.74791746978167,1.0505791357548413,1.1988061042666378
IL1B,1017.7559785202805,2.5000961990703355e-08,147.63722335250426
ATP1A2,5.836759547468183e-13,318.2608391239197,3.226450985933545e-09
HLA-DMA,1270.60721165029,4.666567638894407e-05,1.165418069835013e-12
MS4A6A,1285.2927388133796,7.344335690421261e-07,3.5605929643073125e-12
GPR183,1095.3863480914063,1.2608988813250968,122.80145785471157
RNASE1,351.4019683909612,8.118752270239853e-06,410.92307918177283
FIGNL1,7.972322774912124e-17,9.222546864174194e-15,299.6920509458947
TREM2,1223.1132655971194,1.0916655481395299e-06,4.947619783907115e-12
MGP,7.3933509026054e-13,155.67823422416265,6.290991353743617e-15
CCL4L2,1049.8950849473674,0.005103399309654606,103.93980457517833
CCL4L1,1048.4058173611593,0.007193055789391662,100.69406486457939
MEG3,141.07389949929714,137.23040803642908,190.72133749927926
PLIN2,679.3569078411058,111.73868200389748,56.96838455105436
EFEMP1,1.048386283350317e-06,180.51550825518356,162.12722795784882
IFNGR1,1166.0959079891195,75.66733884432402,46.443895437930806
ISG15,73.51665776789733,216.73926380744066,106.50005866012035
METTL7B,7.141070119394341,339.0423254919755,5.653990739292545e-13
HILPDA,44.78324010413219,251.743477593701,108.82616657126098
PLTP,561.3750724740419,247.68589587884966,40.301036500950936
CSRP1,25.712726218715122,83.69907562281605,333.4288992719707
SOX4,52.81819858294721,125.00346775925118,477.88885669246383
TOB1,304.42063761221925,284.43795166273554,77.93236686555854
ENO2,52.55906421609358,234.53697823832792,321.9906718300333
GAP43,37.74499667731874,315.6472777970373,176.42370758041014
LHFPL3,5.76731697615811,5.9660893046199215,484.0022660718504
NAMPT,535.8895832434148,200.04252491498244,48.225608670843805
CLIC1,545.2409346320327,302.52320238398215,12.113200178916925
NFKBIA,686.8844025090714,197.1539811577763,133.41238140548361
SIRT2,87.32978407260039,83.12098255857626,398.12482480863173
ASAH1,849.4555037004811,150.75232564192473,188.0373366819651
MAP2,3.6228898021905316,158.18374026075477,486.3459784405999
SH3BGRL3,651.4837584006973,255.52883932444362,73.65962215895973
GPRC5B,1.3629507955095381,230.85059894259211,301.2273780203579
GBAS,95.07330346924344,280.31830249682156,234.5223757730217
TRIB2,2.1325453010240684e-09,253.38185386477724,257.5998776752517
PPT1,841.5106949410017,185.97619630853802,164.80700850245097
VMP1,410.8355936872403,286.23004953269503,91.14010620099869
C12orf57,0.007438436289288132,225.48628050412876,314.8988031469152
MCM7,4.244091809130092,161.40866399195735,412.87847451700713
BNIP3,29.45713013944626,287.40250241606367,240.67137952930457
LGALS3BP,198.0062581720465,287.6618319890985,176.8056166773035
HIF1A,461.43395721632584,273.5258279685095,212.03828416374233
SERPINE2,86.85440138094982,259.9803170306463,312.6396678841753
ARGLU1,220.24808507806878,300.350584855355,178.56735926783978
RHOC,88.94160945906594,362.1358917467454,80.59557958905604
PHB2,46.87340727065876,251.7414171500104,304.3611452678279
GPI,104.82115792495446,341.95816949104545,134.39301127055393
RBM39,241.4384286633932,370.73640556053067,158.4466936101784
SUB1,133.70001337083386,256.54529581125195,353.04144054024607
CBR1,167.438236016086,188.7238896425189,357.30907948528454
TRA2A,145.59178322111157,259.25914636206886,234.71339551674336
KPNA2,52.17867817471488,154.41669267995795,428.4010510598575
TCP1,115.9571764912653,232.3169301282173,411.3914353440213
RABAC1,114.68911804408647,379.70016010409165,181.86088311325437
SYPL1,251.57533255108615,285.3885381638181,148.1271756190356
OST4,221.91322156984666,310.200068605685,168.15416020861605
PSAT1,1.3400155237033846,217.59516574138556,306.14990398883594
PFN1,478.4033130411869,290.49606361194265,151.5462126928949
RPL32,232.30466708705754,260.4608802252015,284.336462468059
PDCD5,75.6570040006514,323.30874678994724,276.940103895088
PSME1,436.69513009174045,299.079895571957,108.36444846397413
COX7A2,102.7461008239234,239.87696770469913,328.1334206502521
CAPZA1,543.4416068019232,257.19570951710733,133.52467020185853
ZNF460,109.91501734063392,305.4666066330906,208.70582554945273
HSPA9,208.3122442528608,331.3181868164813,219.68328374091428
CHMP2A,205.7185308606354,345.1690343080078,209.0819388679187
SNHG1,119.6164349437433,233.34835960782246,323.3826833974807
ARPC5,548.4695654929892,189.88582145202955,283.63831287782523
IDH1,40.23189154889288,256.9795709805225,245.86165726488196
UBL5,118.50384124766059,353.55021641759566,203.53888446361444
AKR1B1,386.31725224198505,154.48604924550222,318.67062725398165
GPR56,35.583787248692325,227.48946219220124,345.62225474171584
RPL13,323.7606675105705,238.63300281076067,238.3051121137956
ATP6V0E2,1.171433028268524,250.42369440614132,299.50525006731215
COX6B1,123.8808819846737,328.48143467792505,183.47728156576915
EIF1B,235.60866535030337,226.21405201405364,424.55771251023594
HM13,232.0864458205296,301.1994010287898,141.29957178901742
RHEB,192.34421381733915,242.01844252693252,260.51581398865943
DYNLRB1,54.07235255277909,334.5891486850524,257.7236723890239
SYT11,7.480972728455691,217.01907397095817,346.72948945566935
ARPC1A,116.97840106715257,302.9941958049176,337.37357943451474
YWHAB,364.71643544683303,285.6814094979189,288.31807084547097
CDK2AP1,37.853224182941396,285.3704259598268,280.7888998155067
HNRNPF,192.94012777068096,219.13328888511057,279.64167094666897
FCGR3A,2655.4759348941034,2.276564092120129e-12,8.147740538495423e-12
MDM2,0.0001321527424081763,1.6330518965313795e-14,807.6473964368447
NNAT,485.42444932233064,7.364449143333873e-06,524.6201585146873
CHIC2,3.915479446555519e-12,1.1697880406901585e-13,670.5031511733745
MT1X,499.2211270054095,584.0450174766986,8.03202480636631e-10
DBNDD2,76.51437504048641,0.003936998861798841,926.5968768748361
MBP,61.88406622476363,2.8963661986557372e-09,854.8652101716901
PTGDS,7.044778316062428,8.000847024280636e-08,840.532995981081
CTSB,2061.701827040374,299.96932629473696,74.1775052454967
PDGFRA,1.8096917799231493e-15,4.025565548916539e-13,801.1522252915356
C1QC,2115.081122419001,1.4750873292570594,0.0005349740737903414
IFI30,1961.1833248503012,48.54477927639759,0.0029550027646337335
ANXA1,712.8247401938768,620.3473037391964,0.0011504456412544776
CXCR4,1439.661614873331,179.99888452007323,112.48339938346562
TSFM,1.215688831480086e-12,1.4701829206085833e-14,576.2231240563765
C1QA,1953.8353643497574,0.1513756450129743,6.844222513205942e-11
NPC2,2009.3026332259858,82.20839394855628,20.082291276039935
SPARCL1,118.78735302897398,756.0874202707629,7.3289009772789955
C3,1782.9361515573619,5.790268191091101e-10,1.8802509579988287e-10
NUP107,40.85138549962175,1.3697338871477995e-11,451.72969966001995
SLC1A3,214.30786750463426,780.8448485551371,91.61123742786877
AGT,117.67340907325946,482.43175585113886,16.464694849746078
CD24,219.00501576773053,1.8599396407113158e-11,726.8193241438585
SCRG1,26.609914243774107,304.0967341939047,816.7753993487972
HEPN1,248.56096298739678,626.4931257810906,107.83153414612792
TF,0.20011421302994672,1.3358860022402437e-13,621.722262696502
ANXA2,637.1814911923094,642.6764846713147,4.634289575421593
IFITM3,202.74383663351787,564.2072281824103,0.002335021613830715
MT3,381.58467252574195,572.8398572674128,0.0021238263147039613
RGS2,1653.1966412871511,70.24395265904857,168.24218159985074
MLF2,23.86574259337468,537.5257161480754,470.54976187423824
HSPB1,177.47818477772103,415.56770125457496,57.41291986038705
HLA-E,1617.3134226686404,172.34712092543282,4.252943621981008
CCND2,6.490632886105547,239.96498492548776,597.2686039824903
GAS5,282.64388074947294,424.7278833443178,449.7181880609743
UCHL1,166.1009745420579,226.60575164333903,886.9146745823921
GNAS,132.70475766689754,688.8560923956107,128.89524510246437
MLLT11,82.40728444409115,152.21762425988064,771.5663453169932
JUN,305.07810192897654,393.2711682465081,127.55322968703192
GPX1,1603.8760342446712,294.242518152652,167.0071983152636
SPARC,0.028734111925527314,698.8941859056154,7.235648981804169
IER2,840.4137633556226,309.7900597392765,646.641389936688
GLUL,820.0417070986538,424.2630702261995,312.8046520193267
FEZ1,1.4862951313983879,338.64065132345837,739.6146657316013
SDCBP,1075.3351232414184,479.4076675939032,393.43613576953976
NME1,0.3167635610589067,475.17399940194724,648.3181870617103
ATF4,266.1571061217983,478.8344473605192,508.7304045562636
CCT6A,129.680293235716,428.12990554519575,670.5258240382209
WSB1,581.982408619259,322.7823339646882,494.77601237622395
SRSF6,375.09904918600466,368.8735647506467,286.67361669062103
RPL24,403.9852670999261,540.0687229391799,611.516068013391
CTSD,1200.4550015259226,273.82390932703584,214.98008034122705
PGAM1,255.6551447174403,526.9864077910379,635.0829480152436
STRAP,100.09024726665966,431.79397814739076,566.2397068940276
TAGLN2,282.6609786652205,509.67580726714476,170.4871465749425
NME2,326.4939040024473,620.0878933161382,501.3914387230603
NGFRAP1,25.23170344670757,514.0860109340698,581.86489169506
SCD5,263.8468603613898,192.73373523635414,713.1432813231552
SEPW1,71.16507910980539,494.20169550055135,477.29826082322495
CLK1,633.2732032282889,241.42011754398555,634.215402951818
HSPA5,284.44215015226655,584.9713219953306,288.3282040434378
RPS17,514.067876923194,464.88373300511273,508.06347011686995
RPS17L,513.9396531543504,464.90050700822286,507.98873809897356
SNRPB,84.88783957596586,398.6713173731346,374.49559379721876
TCF12,0.04256519826267349,349.93178835386567,488.67383874428276
DSTN,107.74263002829711,654.9435718850862,435.7374316671818
CALR,382.44438516591936,748.014973312001,317.8196107214978
PPIB,236.7617357129133,689.3312999593303,389.40804139529695
RPL36,341.6333529720534,635.0281031805113,350.3937596898718
PABPC1,973.0838429498924,305.6888485286068,384.78620446862305
RPL35,445.752416235491,467.25472159534837,484.89177033355895
ARPC3,1170.3547009031988,430.0030493505458,321.8475572324558
